-564.502,1.8326259e-05
-564.463,2.0669897999999998e-05
-564.424,2.2834251e-05
-564.385,1.5290379e-05
-564.346,1.4234195999999999e-05
-564.307,1.3177113e-05
-564.268,1.7108064e-05
-564.229,1.2645408e-05
-564.19,1.8607953e-05
-564.152,7.331708999999998e-06
-564.113,1.7224581e-05
-564.074,1.54283709e-05
-564.035,2.351406e-05
-563.996,1.7655783e-05
-563.957,1.34534874e-05
-563.918,1.4455527e-05
-563.879,1.0308350999999999e-05
-563.84,2.0694996e-05
-563.801,1.8302136e-05
-563.762,2.1370857e-05
-563.724,2.0566005e-05
-563.685,1.5003912e-05
-563.646,1.66807122e-05
-563.607,1.5798657e-05
-563.568,1.30347e-05
-563.529,1.5639513e-05
-563.49,1.4547780000000002e-05
-563.451,1.228443e-05
-563.412,9.817368000000001e-06
-563.373,1.4622801e-05
-563.334,1.426161e-05
-563.296,1.8736289999999998e-05
-563.257,2.3018223e-05
-563.218,2.65242e-05
-563.179,2.1926159999999997e-05
-563.14,1.4225556e-05
-563.101,6.837510000000001e-06
-563.062,2.182452e-05
-563.023,1.5530669999999998e-05
-562.984,1.9760789999999998e-05
-562.945,2.143722e-05
-562.906,5.144130000000001e-06
-562.867,1.3538909999999992e-06
-562.829,1.7629308e-05
-562.79,1.550826e-05
-562.751,1.1073585e-05
-562.712,1.2595431e-05
-562.673,2.0559690599999998e-05
-562.634,2.4892667999999995e-05
-562.595,1.633329e-05
-562.556,1.146153e-05
-562.517,1.5694563000000003e-05
-562.478,1.9101657e-05
-562.439,1.7361426e-05
-562.401,1.7798922e-05
-562.362,1.97367984e-05
-562.323,1.4800938e-05
-562.284,2.3274714e-05
-562.245,1.6181463e-05
-562.206,2.6430495e-05
-562.167,8.98242e-06
-562.128,1.827201e-05
-562.089,1.365192e-05
-562.05,1.846698e-05
-562.011,6.677403e-06
-561.972,1.4996244000000001e-05
-561.934,1.3622853e-05
-561.895,2.4189929999999996e-05
-561.856,1.880829e-05
-561.817,1.4514522000000002e-05
-561.778,1.87827e-05
-561.739,1.6145835e-05
-561.7,1.6914762e-05
-561.661,6.970212e-06
-561.622,7.784730000000002e-06
-561.583,1.584972e-05
-561.544,2.2932219e-05
-561.506,1.1555442e-05
-561.467,1.5260652000000003e-05
-561.428,1.779276e-05
-561.389,1.33023852e-05
-561.35,1.3998564e-05
-561.311,1.3830819e-05
-561.272,1.9997178e-05
-561.233,1.7035791e-05
-561.194,1.5248319e-05
-561.155,1.4651792999999998e-05
-561.116,1.13997e-05
-561.078,9.983202e-06
-561.039,2.1675000000000005e-05
-561.0,1.7151756e-05
-560.961,1.314465e-05
-560.922,1.6454166000000003e-05
-560.883,1.0437260999999999e-05
-560.844,1.889136e-05
-560.805,1.3839900000000001e-05
-560.766,1.7759247e-05
-560.727,1.1227632e-05
-560.688,1.0652337e-05
-560.649,5.560491e-06
-560.611,3.33456e-06
-560.572,2.3007021e-05
-560.533,1.70189133e-05
-560.494,2.0584116000000002e-05
-560.455,9.6807e-06
-560.416,1.0381338e-05
-560.377,1.3260393e-05
-560.338,1.57397025e-05
-560.299,1.4826e-05
-560.26,1.344147e-05
-560.221,1.7729667e-05
-560.183,1.911933e-05
-560.144,1.64853e-05
-560.105,1.91985e-05
-560.066,2.2341209999999996e-05
-560.027,1.3812705e-05
-559.988,2.322507e-05
-559.949,1.4717040000000001e-05
-559.91,2.1574949999999996e-05
-559.871,2.1678660000000004e-05
-559.832,1.554927e-05
-559.793,1.4479386e-05
-559.755,1.7984955e-05
-559.716,2.4295737e-05
-559.677,6.582297e-06
-559.638,1.805787e-05
-559.599,1.2334596e-05
-559.56,1.076973e-05
-559.521,1.767084e-05
-559.482,1.5914382e-05
-559.443,1.5482622e-05
-559.404,6.118587e-06
-559.365,1.6008375e-05
-559.326,1.5409296e-05
-559.288,1.6660986e-05
-559.249,1.7623263e-05
-559.21,2.0912478e-05
-559.171,1.879134e-05
-559.132,1.6804361999999997e-05
-559.093,2.2411863e-05
-559.054,1.4854021799999999e-05
-559.015,1.7162931e-05
-558.976,1.4398074e-05
-558.937,1.6443837e-05
-558.898,2.0704544999999998e-05
-558.859,1.5773283e-05
-558.821,1.0731833999999999e-05
-558.782,1.089141e-05
-558.743,1.4776626e-05
-558.704,2.202234e-05
-558.665,1.54161015e-05
-558.626,2.4695538e-05
-558.587,1.9336362000000003e-05
-558.548,1.272102e-05
-558.509,1.19061e-05
-558.47,1.3091961e-05
-558.431,1.8384372000000003e-05
-558.393,1.5966179999999998e-05
-558.354,1.9694400000000002e-05
-558.315,1.2627657e-05
-558.276,1.8391035e-05
-558.237,2.1608391e-05
-558.198,2.25400122e-05
-558.159,1.3429986e-05
-558.12,1.0276365e-05
-558.081,1.0604189999999999e-05
-558.042,8.32698e-06
-558.003,9.420534000000002e-06
-557.965,2.1080253e-05
-557.926,2.0745374999999998e-05
-557.887,8.695919999999999e-06
-557.848,2.494575e-05
-557.809,1.7807118e-05
-557.77,1.6669776000000002e-05
-557.731,1.8308396700000003e-05
-557.692,1.21454043e-05
-557.653,1.1319575999999998e-05
-557.614,1.533252e-05
-557.575,1.3638273e-05
-557.536,1.5481499999999997e-05
-557.498,2.2621505999999997e-05
-557.459,2.2970013e-05
-557.42,1.4686877999999998e-05
-557.381,2.2506042e-05
-557.342,9.96189e-06
-557.303,1.6953393e-05
-557.264,2.052255e-05
-557.225,1.4677488e-05
-557.186,2.5483679999999997e-05
-557.147,2.06516895e-05
-557.108,1.1516210999999998e-05
-557.07,1.30745526e-05
-557.031,2.3945595e-05
-556.992,2.2162873500000002e-05
-556.953,1.7727629999999998e-05
-556.914,1.892427e-05
-556.875,1.4516220000000003e-05
-556.836,2.49663e-05
-556.797,7.1980500000000005e-06
-556.758,1.8477702e-05
-556.719,1.68745113e-05
-556.68,1.4268195e-05
-556.641,1.4771766299999998e-05
-556.603,1.5746673e-05
-556.564,2.6007960000000003e-05
-556.525,2.021037e-05
-556.486,1.935948e-06
-556.447,1.8481791e-05
-556.408,1.8879076740000002e-05
-556.369,1.34542323e-05
-556.33,1.377357e-05
-556.291,1.689447e-05
-556.252,1.3594158e-05
-556.213,2.0613792e-05
-556.175,1.4551430999999999e-05
-556.136,2.9870970000000004e-05
-556.097,2.2957197e-05
-556.058,1.845567e-05
-556.019,1.9749102e-05
-555.98,1.5184983e-05
-555.941,1.7992224e-05
-555.902,1.223211e-05
-555.863,1.693347e-05
-555.824,1.4182518e-05
-555.785,2.0283821999999997e-05
-555.747,9.47787e-06
-555.708,1.965876e-05
-555.669,2.0587841999999998e-05
-555.63,1.60093479e-05
-555.591,1.9683546e-05
-555.552,2.0287932e-05
-555.513,2.8584533999999997e-05
-555.474,2.6336853e-05
-555.435,1.712502e-05
-555.396,1.255878e-05
-555.357,9.152940000000001e-06
-555.318,1.02108801e-05
-555.28,1.9764111e-05
-555.241,1.9468425000000003e-05
-555.202,2.1810426e-05
-555.163,6.2711189999999994e-06
-555.124,1.8045093e-05
-555.085,1.1668174439999999e-05
-555.046,1.1062842e-05
-555.007,2.2966350000000004e-05
-554.968,1.8279912e-05
-554.929,1.77364062e-05
-554.89,9.406605000000001e-06
-554.852,1.9428357e-05
-554.813,2.013666e-05
-554.774,2.0441334e-05
-554.735,1.7622696e-05
-554.696,1.6869543000000003e-05
-554.657,1.2518952000000002e-05
-554.618,1.263036e-05
-554.579,2.281866e-05
-554.54,1.8578253000000003e-05
-554.501,1.0692743999999999e-05
-554.462,2.5689210000000002e-05
-554.424,1.5687285e-05
-554.385,1.8548565e-05
-554.346,2.3801444700000004e-05
-554.307,2.2664205e-05
-554.268,2.750772e-05
-554.229,1.5743160000000003e-05
-554.19,2.8900319999999995e-06
-554.151,1.3430372999999999e-05
-554.112,1.7982984e-05
-554.073,7.650426000000002e-06
-554.034,1.2332148000000001e-05
-553.995,2.696925e-05
-553.957,2.2050234e-05
-553.918,1.2159137999999999e-05
-553.879,1.0238883000000001e-05
-553.84,1.4717262e-05
-553.801,1.6693917e-05
-553.762,1.4082648000000001e-05
-553.723,1.763058e-05
-553.684,2.3043399e-05
-553.645,1.3927563e-05
-553.606,1.1734109999999999e-05
-553.567,2.0439978e-05
-553.529,2.0926434e-05
-553.49,1.95451194e-05
-553.451,1.9421921999999998e-05
-553.412,1.5271515000000002e-05
-553.373,5.730989999999999e-06
-553.334,1.39041e-05
-553.295,2.4252510000000003e-05
-553.256,9.664110000000002e-06
-553.217,1.6124382000000002e-05
-553.178,1.7002761e-05
-553.139,1.8599493e-05
-553.1,1.9985406e-05
-553.062,1.6041165000000002e-05
-553.023,7.97838e-06
-552.984,1.137162e-05
-552.945,2.2628853e-05
-552.906,2.6325552e-05
-552.867,1.923633e-05
-552.828,1.3298352000000002e-05
-552.789,1.5385113e-05
-552.75,1.1912715e-05
-552.711,1.8968856e-05
-552.672,2.768586e-05
-552.634,1.1197739999999999e-05
-552.595,1.12536e-05
-552.556,1.2744959999999998e-05
-552.517,6.7162896e-06
-552.478,1.545033e-05
-552.439,1.9283478000000002e-05
-552.4,1.7831217e-05
-552.361,1.3976196000000001e-05
-552.322,1.726998e-05
-552.283,1.3516236e-05
-552.244,1.7249130000000003e-05
-552.206,1.4120456999999999e-05
-552.167,1.8927110999999997e-05
-552.128,2.2211031000000003e-05
-552.089,1.5704793e-05
-552.05,1.1028659999999999e-05
-552.011,1.933059e-05
-551.972,1.0443627e-05
-551.933,1.7173173e-05
-551.894,1.4635596000000002e-05
-551.855,1.9821114e-05
-551.816,2.3657702999999997e-05
-551.777,1.5567105e-05
-551.739,1.5925731e-05
-551.7,2.3179419000000002e-05
-551.661,1.681767e-05
-551.622,2.679099e-06
-551.583,1.7552187e-05
-551.544,1.179237e-05
-551.505,1.645203e-05
-551.466,2.140035e-05
-551.427,1.2151713000000001e-05
-551.388,1.951479e-05
-551.349,1.4890739999999999e-05
-551.31,1.918104e-05
-551.272,2.1602745e-05
-551.233,1.4346539999999998e-05
-551.194,1.6227503999999998e-05
-551.155,1.844325e-05
-551.116,2.0222583e-05
-551.077,5.4850800000000005e-06
-551.038,9.68802498e-06
-550.999,2.3313150000000002e-05
-550.96,2.1558179999999998e-05
-550.921,1.3895541e-05
-550.882,9.556926000000001e-06
-550.844,1.7968209e-05
-550.805,1.4536278e-05
-550.766,2.238495e-05
-550.727,1.926066e-05
-550.688,1.4648700000000001e-05
-550.649,1.8659946e-05
-550.61,1.3280427e-05
-550.571,1.8300939e-05
-550.532,1.635102e-05
-550.493,1.734255e-05
-550.454,1.8669984e-05
-550.416,1.2673434e-05
-550.377,2.3053323000000005e-05
-550.338,1.1249525999999999e-05
-550.299,2.1655446000000002e-05
-550.26,9.946466999999998e-06
-550.221,1.4260877999999999e-05
-550.182,1.681242e-05
-550.143,2.69916e-05
-550.104,1.4155230000000002e-05
-550.065,2.2375887e-05
-550.026,1.82967813e-05
-549.987,1.4430582000000001e-05
-549.949,2.1497709e-05
-549.91,1.5637314000000002e-05
-549.871,1.3566636000000002e-05
-549.832,1.2384489e-05
-549.793,1.7442081e-05
-549.754,1.9270928999999998e-05
-549.715,2.170608e-05
-549.676,1.7966800289999997e-05
-549.637,1.8018236999999998e-05
-549.598,1.0578222000000002e-05
-549.559,1.2748649999999999e-05
-549.521,1.9005971999999997e-05
-549.482,1.1134679999999999e-05
-549.443,1.2423520799999998e-05
-549.404,1.5120099000000002e-05
-549.365,2.6451239999999998e-05
-549.326,2.1842517e-05
-549.287,1.50888e-05
-549.248,2.2988274e-05
-549.209,2.024733e-05
-549.17,1.7627919e-05
-549.131,1.6575297e-05
-549.093,1.1093214e-05
-549.054,1.6480839e-05
-549.015,1.4873190000000001e-05
-548.976,1.540128e-05
-548.937,1.5631335e-05
-548.898,1.9685148e-05
-548.859,2.2305150000000004e-05
-548.82,1.975605e-05
-548.781,1.1150601e-05
-548.742,8.113740000000001e-06
-548.703,6.1486200000000004e-06
-548.664,1.4499573e-05
-548.626,2.1527988000000002e-05
-548.587,9.6861105e-06
-548.548,1.1622e-05
-548.509,1.861407e-05
-548.47,2.3443050000000002e-05
-548.431,1.3426020000000001e-05
-548.392,1.0692087000000002e-05
-548.353,1.5134523e-05
-548.314,2.0739390000000003e-05
-548.275,2.00049684e-05
-548.236,1.080783e-05
-548.198,1.8951319199999998e-05
-548.159,1.725591e-05
-548.12,2.2031639999999997e-05
-548.081,1.112187e-05
-548.042,1.7532879000000002e-05
-548.003,2.3304741e-05
-547.964,1.8537246e-05
-547.925,1.212888e-05
-547.886,2.0955102e-05
-547.847,1.5914118e-05
-547.808,1.9661337e-05
-547.769,2.4037287e-05
-547.731,1.7975613e-05
-547.692,1.4317155000000001e-05
-547.653,1.8538946999999998e-05
-547.614,2.2593243e-05
-547.575,1.409985e-05
-547.536,1.5022827e-05
-547.497,1.5177246e-05
-547.458,2.3064750000000003e-05
-547.419,1.3561131000000003e-05
-547.38,1.465725e-05
-547.341,1.6594725e-05
-547.303,1.12296e-05
-547.264,1.8178923e-05
-547.225,2.6275713e-05
-547.186,1.4435511000000001e-05
-547.147,1.9338267e-05
-547.108,1.859847e-05
-547.069,1.8133068e-05
-547.03,1.7685674999999997e-05
-546.991,2.0445296999999997e-05
-546.952,2.05995e-05
-546.913,2.0713155e-05
-546.875,2.038545e-05
-546.836,1.3617959999999998e-05
-546.797,1.2919397999999998e-05
-546.758,1.6663136999999998e-05
-546.719,7.39353e-06
-546.68,2.0562302999999996e-05
-546.641,1.5522243e-05
-546.602,1.8920925e-05
-546.563,1.5855716999999998e-05
-546.524,1.084254e-05
-546.485,1.9228199999999997e-05
-546.446,1.8467169e-05
-546.408,2.709027e-05
-546.369,2.2077959999999998e-05
-546.33,1.478868e-05
-546.291,3.354225e-05
-546.252,1.3992456e-05
-546.213,1.6101828e-05
-546.174,1.7017628999999997e-05
-546.135,1.4029409999999999e-05
-546.096,1.8653775e-05
-546.057,1.1468609999999998e-05
-546.018,1.9689438e-05
-545.979,1.8637584000000002e-05
-545.941,1.0725960000000001e-05
-545.902,1.664763e-05
-545.863,1.8922727999999997e-05
-545.824,8.390906999999999e-06
-545.785,5.33205e-06
-545.746,1.7165340000000003e-05
-545.707,1.2141948e-05
-545.668,1.2775005000000001e-05
-545.629,2.780355e-05
-545.59,1.96275201e-05
-545.551,1.0175844e-05
-545.513,1.3295508e-05
-545.474,1.4343954000000001e-05
-545.435,2.3815478400000002e-05
-545.396,1.3822170000000001e-05
-545.357,1.9248644999999997e-05
-545.318,2.0429064e-05
-545.279,6.367839e-06
-545.24,7.82631e-06
-545.201,2.6790870000000006e-06
-545.162,2.3927439e-05
-545.123,1.7440929e-05
-545.085,1.8307428e-05
-545.046,2.45535738e-05
-545.007,1.9506963e-05
-544.968,1.9097655000000002e-05
-544.929,1.861425e-05
-544.89,1.3679478e-05
-544.851,1.5887496000000002e-05
-544.812,1.4277434999999999e-05
-544.773,1.705497e-05
-544.734,1.3678563e-05
-544.695,1.4244594e-05
-544.656,8.35077e-06
-544.618,1.5473487e-05
-544.579,2.0040942000000005e-05
-544.54,1.2485291999999999e-05
-544.501,1.9749248999999998e-05
-544.462,1.4573895299999999e-05
-544.423,1.255227e-05
-544.384,1.5620009999999997e-05
-544.345,1.9158228e-05
-544.306,1.2664509000000002e-05
-544.267,1.298658e-05
-544.228,2.3667299999999996e-05
-544.19,2.228475e-05
-544.151,1.127292e-05
-544.112,1.3414484999999999e-05
-544.073,9.702020999999999e-06
-544.034,4.37229e-06
-543.995,1.4154060000000001e-05
-543.956,1.525062e-05
-543.917,1.8511539e-05
-543.878,2.1897828000000002e-05
-543.839,2.0539383000000002e-05
-543.8,1.2038033999999999e-05
-543.761,1.761894e-05
-543.723,2.053021887e-05
-543.684,1.4201046000000001e-05
-543.645,2.0594352e-05
-543.606,1.0780439999999999e-05
-543.567,2.1987329999999997e-05
-543.528,1.1303436e-05
-543.489,1.4075606939999998e-05
-543.45,1.2541914000000001e-05
-543.411,1.4470062000000002e-05
-543.372,1.8098078999999998e-05
-543.333,1.7195310000000002e-05
-543.295,2.6014560000000004e-05
-543.256,1.869096e-05
-543.217,1.6262478e-05
-543.178,1.8125130000000002e-05
-543.139,2.540421e-05
-543.1,1.214127e-05
-543.061,1.3154298000000002e-05
-543.022,1.6918584e-05
-542.983,8.781429e-06
-542.944,8.14368e-06
-542.905,1.686528e-05
-542.867,1.5430335000000003e-05
-542.828,2.300847e-05
-542.789,1.6940148e-05
-542.75,1.69638e-05
-542.711,1.6079283e-05
-542.672,6.400107e-06
-542.633,2.2520400000000002e-05
-542.594,1.2460980000000002e-05
-542.555,1.4868258000000001e-05
-542.516,2.421648e-05
-542.477,3.105732e-05
-542.438,1.9031805e-05
-542.4,1.5248643000000001e-05
-542.361,2.0780643e-05
-542.322,1.2020112000000002e-05
-542.283,2.3036747999999997e-05
-542.244,1.5796265999999997e-05
-542.205,1.6881507e-05
-542.166,2.0045127000000003e-05
-542.127,2.340648e-05
-542.088,1.5136127999999999e-05
-542.049,1.3002999e-05
-542.01,1.4446578000000001e-05
-541.972,2.187801e-05
-541.933,1.524234e-05
-541.894,1.5339804e-05
-541.855,1.498878e-05
-541.816,1.5784128e-05
-541.777,2.276655e-05
-541.738,2.0093238e-05
-541.699,1.7186187e-05
-541.66,1.3622931e-05
-541.621,2.93715e-05
-541.582,1.5413616e-05
-541.544,2.2669869e-05
-541.505,1.8497211e-05
-541.466,1.31085822e-05
-541.427,2.4983871000000004e-05
-541.388,1.79657496e-05
-541.349,2.4450942e-05
-541.31,1.704666e-05
-541.271,1.3140363000000001e-05
-541.232,2.5975056e-05
-541.193,2.435673e-05
-541.154,1.5553145399999998e-05
-541.115,1.9892727e-05
-541.077,9.16053e-06
-541.038,1.9691895000000003e-05
-540.999,2.4755681999999998e-05
-540.96,1.4173248e-05
-540.921,1.6442439e-05
-540.882,1.733301e-05
-540.843,1.6098141e-05
-540.804,1.1877762000000001e-05
-540.765,2.1539640000000002e-05
-540.726,2.0429823000000002e-05
-540.687,1.9267251e-05
-540.648,2.0234886e-05
-540.61,2.0054568e-05
-540.571,5.165082e-06
-540.532,1.7062047e-05
-540.493,1.1592831e-05
-540.454,1.8846047999999997e-05
-540.415,1.3500810000000002e-05
-540.376,2.3385642000000003e-05
-540.337,2.5880898000000003e-05
-540.298,2.1719847e-05
-540.259,1.6175649000000002e-05
-540.22,2.0685870000000003e-05
-540.182,1.7461122e-05
-540.143,1.9901664e-05
-540.104,2.0198127e-05
-540.065,2.1407688e-05
-540.026,1.079766e-05
-539.987,1.5947061e-05
-539.948,1.9176929999999998e-05
-539.909,1.5252975e-05
-539.87,1.1867400000000001e-05
-539.831,1.6085622e-05
-539.792,1.5881796e-05
-539.754,2.3039553e-05
-539.715,2.154936e-05
-539.676,1.0611327e-05
-539.637,1.54968e-05
-539.598,1.997877e-05
-539.559,1.0095470999999999e-05
-539.52,6.9924864e-06
-539.481,1.6171467000000002e-05
-539.442,1.4088831e-05
-539.403,2.0773536000000002e-05
-539.364,1.621311e-05
-539.326,2.2223091000000003e-05
-539.287,1.9561884e-05
-539.248,1.21664424e-05
-539.209,1.7792964e-05
-539.17,1.5049134e-05
-539.131,1.9034425499999998e-05
-539.092,1.4954892e-05
-539.053,1.5077631000000001e-05
-539.014,1.6580529e-05
-538.975,2.3217959999999998e-05
-538.936,5.830980000000001e-06
-538.897,2.1704319e-05
-538.859,2.6864486999999998e-05
-538.82,2.2789191000000004e-05
-538.781,9.421230000000001e-06
-538.742,2.020446e-05
-538.703,2.1141090000000003e-05
-538.664,2.6171486999999996e-05
-538.625,1.9814859e-05
-538.586,1.9681805999999998e-05
-538.547,1.6433032500000002e-05
-538.508,2.4128943000000003e-05
-538.469,1.5507669e-05
-538.43,1.8084651e-05
-538.392,2.278299e-05
-538.353,1.8464369999999997e-05
-538.314,1.9315158e-05
-538.275,1.852941e-05
-538.236,1.2111027e-05
-538.197,1.5532938e-05
-538.158,2.023356e-05
-538.119,1.5101733000000002e-05
-538.08,2.3032896e-05
-538.041,2.3782653e-05
-538.002,1.4518860000000001e-05
-537.964,2.13154077e-05
-537.925,1.335942e-05
-537.886,2.1833939999999997e-05
-537.847,1.8501813e-05
-537.808,1.7981562e-05
-537.769,1.3620890999999999e-05
-537.73,1.12819902e-05
-537.691,1.5931020000000002e-05
-537.652,2.4500724e-05
-537.613,2.1557142e-05
-537.574,9.677466e-06
-537.536,8.505710999999999e-06
-537.497,2.0642339999999997e-05
-537.458,1.812897e-05
-537.419,1.48973181e-05
-537.38,2.0620563e-05
-537.341,1.7606574e-05
-537.302,1.4570004000000002e-05
-537.263,1.0120190400000001e-05
-537.224,1.9176678000000002e-05
-537.185,1.8409809e-05
-537.146,9.87972e-06
-537.107,1.4451027000000002e-05
-537.069,2.0147610000000004e-05
-537.03,1.698537618e-05
-536.991,1.8074715e-05
-536.952,1.5329973e-05
-536.913,1.5920178e-05
-536.874,1.7301495e-05
-536.835,1.3056192e-05
-536.796,1.871223e-05
-536.757,2.347671e-05
-536.718,1.743564e-05
-536.679,1.9110749999999997e-05
-536.641,2.072769e-05
-536.602,1.1054981999999999e-05
-536.563,2.6350628999999997e-05
-536.524,1.2573005999999998e-05
-536.485,9.540344999999997e-06
-536.446,2.3016654e-05
-536.407,1.7422934999999998e-05
-536.368,1.5321171e-05
-536.329,1.0251891000000001e-05
-536.29,4.5566699999999995e-06
-536.251,1.10958e-05
-536.213,2.299143e-05
-536.174,1.5293399999999998e-05
-536.135,2.464098e-05
-536.096,2.6564037e-05
-536.057,1.5362097e-05
-536.018,1.2007380000000002e-05
-535.979,1.4962902e-05
-535.94,1.5173885999999997e-05
-535.901,1.4648958e-05
-535.862,1.7916558e-05
-535.823,1.63547319e-05
-535.784,2.624649e-05
-535.746,1.9092501e-05
-535.707,1.5087507e-05
-535.668,2.0664861e-05
-535.629,2.6457900000000003e-05
-535.59,1.5031938000000001e-05
-535.551,2.0443229430000003e-05
-535.512,1.9508772000000002e-05
-535.473,2.3602529999999995e-05
-535.434,1.9015053e-05
-535.395,1.3081499999999998e-05
-535.356,2.1964158000000004e-05
-535.318,2.1529779000000004e-05
-535.279,1.8091448999999998e-05
-535.24,1.6903169999999996e-05
-535.201,1.7600189999999997e-05
-535.162,2.4366476999999998e-05
-535.123,2.8374195e-05
-535.084,1.131909e-05
-535.045,1.2934953e-05
-535.006,1.7980284e-05
-534.967,1.3573389000000001e-05
-534.928,1.773189e-05
-534.889,1.9619399999999997e-05
-534.851,2.4334356e-05
-534.812,2.0522819999999997e-05
-534.773,2.0322636e-05
-534.734,1.4627817e-05
-534.695,1.8287673000000004e-05
-534.656,2.039076e-05
-534.617,1.944909e-05
-534.578,1.61688e-05
-534.539,2.7076623e-05
-534.5,1.2317760000000001e-05
-534.461,1.896375e-05
-534.423,1.8348663e-05
-534.384,1.378767e-05
-534.345,1.920067524e-05
-534.306,1.9779161999999998e-05
-534.267,2.6523597e-05
-534.228,2.0117181e-05
-534.189,1.7493423e-05
-534.15,1.88154e-05
-534.111,1.7162352e-05
-534.072,1.2467049e-05
-534.033,1.39061532e-05
-533.995,1.9448600999999998e-05
-533.956,1.7843223000000002e-05
-533.917,1.7648325e-05
-533.878,2.2407861e-05
-533.839,2.6728653e-05
-533.8,2.07215778e-05
-533.761,2.258313e-05
-533.722,2.8841325e-05
-533.683,1.7325888e-05
-533.644,1.9304322e-05
-533.605,1.2276489e-05
-533.566,1.6063500000000003e-05
-533.528,1.6851335999999998e-05
-533.489,2.515347e-05
-533.45,1.8592050000000004e-05
-533.411,5.652075e-06
-533.372,2.341998e-05
-533.333,1.2545688000000001e-05
-533.294,1.8591632999999997e-05
-533.255,2.2843679999999998e-05
-533.216,1.8386787e-05
-533.177,2.0074830000000002e-05
-533.138,1.055193e-05
-533.099,1.9318811999999998e-05
-533.061,2.3745552000000004e-05
-533.022,2.36301e-05
-532.983,2.5202892000000004e-05
-532.944,1.6390191e-05
-532.905,1.2524400000000002e-05
-532.866,2.074977e-05
-532.827,1.1503869e-05
-532.788,1.8470817000000003e-05
-532.749,1.958397e-05
-532.71,2.289474e-05
-532.671,1.6955475000000002e-05
-532.633,1.6797636000000002e-05
-532.594,1.8054957e-05
-532.555,2.1840639000000002e-05
-532.516,1.341642e-05
-532.477,9.511143000000002e-06
-532.438,2.0219595e-05
-532.399,1.3762172999999998e-05
-532.36,2.40228e-05
-532.321,1.6333953e-05
-532.282,1.1788836e-05
-532.243,1.3769022e-05
-532.205,1.6151646000000002e-05
-532.166,2.0997809999999998e-05
-532.127,1.7182908e-05
-532.088,1.5245969999999997e-05
-532.049,1.853124e-05
-532.01,1.87779096e-05
-531.971,2.5534944e-05
-531.932,2.168979e-05
-531.893,1.928091e-05
-531.854,2.6536796999999998e-05
-531.815,9.649365e-06
-531.776,2.0114145e-05
-531.738,2.3981745e-05
-531.699,1.8204449999999998e-05
-531.66,1.4216061e-05
-531.621,1.9339812e-05
-531.582,1.2382256999999999e-05
-531.543,2.8824900000000002e-05
-531.504,2.1780317999999998e-05
-531.465,1.3826546999999999e-05
-531.426,1.8077598e-05
-531.387,1.8290568e-05
-531.348,1.772937e-05
-531.31,2.06100939e-05
-531.271,1.2960864e-05
-531.232,2.1543810000000003e-05
-531.193,1.9311513e-05
-531.154,6.915768000000001e-06
-531.115,1.9902027e-05
-531.076,2.4279042e-05
-531.037,1.9770327e-05
-530.998,2.072418e-05
-530.959,1.3999022999999999e-05
-530.92,2.4823269e-05
-530.881,2.1608526e-05
-530.843,1.7345202e-05
-530.804,2.3754474e-05
-530.765,1.852209e-05
-530.726,1.7856324000000003e-05
-530.687,1.999983e-05
-530.648,2.0276651999999997e-05
-530.609,1.8760959e-05
-530.57,2.3763120000000004e-05
-530.531,1.1545649999999998e-05
-530.492,1.6937292e-05
-530.453,1.3733582999999999e-05
-530.415,1.3996410000000001e-05
-530.376,2.0319870000000003e-05
-530.337,2.2604538e-05
-530.298,1.4217420000000002e-05
-530.259,2.0999019000000002e-05
-530.22,2.2374102000000002e-05
-530.181,1.704804e-05
-530.142,2.8890869999999996e-05
-530.103,2.439966e-05
-530.064,2.292993e-05
-530.025,1.433988e-05
-529.987,1.3196409000000001e-05
-529.948,1.3858752e-05
-529.909,1.8817341e-05
-529.87,2.1772160999999998e-05
-529.831,1.569192e-05
-529.792,2.02893003e-05
-529.753,3.1752780000000004e-05
-529.714,1.7306939999999998e-05
-529.675,1.9558125e-05
-529.636,1.8289383e-05
-529.597,9.217866e-06
-529.558,6.405096e-06
-529.52,2.0566302e-05
-529.481,1.5995823e-05
-529.442,1.8634494e-05
-529.403,2.1955896e-05
-529.364,1.6126575e-05
-529.325,1.4820330000000003e-05
-529.286,1.4992839e-05
-529.247,2.4380055e-05
-529.208,2.540511e-05
-529.169,6.46686e-06
-529.13,2.7258119999999997e-05
-529.092,1.057251834e-05
-529.053,2.419797e-05
-529.014,1.5480116999999998e-05
-528.975,2.09511e-05
-528.936,2.3606055e-05
-528.897,1.8053526e-05
-528.858,2.0264313000000004e-05
-528.819,2.2480461e-05
-528.78,1.9280208e-05
-528.741,1.532967e-05
-528.702,1.5253584e-05
-528.664,2.8051272e-05
-528.625,2.2519821e-05
-528.586,1.2069159e-05
-528.547,9.5918418e-06
-528.508,2.1710106e-05
-528.469,1.825188e-05
-528.43,2.4808041000000003e-05
-528.391,1.6326057000000002e-05
-528.352,2.230569e-05
-528.313,2.5108944e-05
-528.274,1.2878982e-05
-528.235,1.9510782e-05
-528.197,1.4462436e-05
-528.158,1.8295071e-05
-528.119,5.432310000000008e-07
-528.08,1.9088511e-05
-528.041,2.2811003999999997e-05
-528.002,2.331792e-05
-527.963,2.0953059000000002e-05
-527.924,3.413155500000001e-05
-527.885,2.8785903e-05
-527.846,2.481237e-05
-527.807,1.3032651900000002e-05
-527.768,1.295920806e-05
-527.73,2.3230937400000002e-05
-527.691,1.7325804e-05
-527.652,1.5535434e-05
-527.613,1.2322154999999999e-05
-527.574,1.5876945e-05
-527.535,1.380639e-05
-527.496,1.37289813e-05
-527.457,2.4196416000000005e-05
-527.418,1.3461879e-05
-527.379,8.91036e-06
-527.34,1.7597397e-05
-527.302,1.594392e-05
-527.263,1.8714519e-05
-527.224,2.5270152000000003e-05
-527.185,2.2135971e-05
-527.146,1.6557171000000002e-05
-527.107,2.2608977999999996e-05
-527.068,1.8520479e-05
-527.029,2.7397454999999997e-05
-526.99,5.461725000000001e-06
-526.951,1.8501954e-05
-526.912,2.4360366e-05
-526.874,2.3321382e-05
-526.835,1.9687518e-05
-526.796,1.6621644e-05
-526.757,2.0743023e-05
-526.718,1.935705e-05
-526.679,1.690406415e-05
-526.64,1.5056219999999998e-05
-526.601,2.3565897000000003e-05
-526.562,8.205690000000001e-06
-526.523,1.8035364000000002e-05
-526.484,2.3305919999999998e-05
-526.445,2.2167216e-05
-526.407,2.4486135e-05
-526.368,1.989918e-05
-526.329,1.9683951000000003e-05
-526.29,1.245102e-05
-526.251,8.24067e-06
-526.212,2.5129676999999998e-05
-526.173,2.028033e-05
-526.134,1.4554860000000002e-05
-526.095,1.577712e-05
-526.056,2.1640628999999997e-05
-526.017,1.6596852e-05
-525.979,1.6666802999999996e-05
-525.94,1.044588e-05
-525.901,1.26363e-05
-525.862,1.424622e-05
-525.823,1.7887695e-05
-525.784,1.2755607e-05
-525.745,2.0912448e-05
-525.706,2.2875711e-05
-525.667,1.9626011700000003e-05
-525.628,1.2059579999999997e-05
-525.589,1.9653117e-05
-525.55,1.8740616000000002e-05
-525.512,1.2306285e-05
-525.473,1.2592599000000001e-05
-525.434,2.2867401e-05
-525.395,1.7146365e-05
-525.356,2.0199465000000003e-05
-525.317,2.0579376e-05
-525.278,1.7745929999999998e-05
-525.239,2.1135072e-05
-525.2,1.0381589999999998e-05
-525.161,2.0871354e-05
-525.122,1.6201641e-05
-525.084,1.92615e-05
-525.045,1.918272e-05
-525.006,2.224812e-05
-524.967,2.2007429999999997e-05
-524.928,2.761374e-05
-524.889,1.77337515e-05
-524.85,1.7756904e-05
-524.811,1.594368e-05
-524.772,2.071407e-05
-524.733,2.6208660000000003e-05
-524.694,1.3801364999999999e-05
-524.656,4.8301169999999995e-06
-524.617,1.6972788e-05
-524.578,7.0054200000000004e-06
-524.539,1.39519452e-05
-524.5,2.0584392000000004e-05
-524.461,2.2425315e-05
-524.422,1.892697e-05
-524.383,2.6137080000000003e-05
-524.344,2.2699824e-05
-524.305,2.047818e-05
-524.266,2.1530673e-05
-524.227,1.9501268999999998e-05
-524.189,1.5079146e-05
-524.15,2.0149860000000002e-05
-524.111,2.0654904e-05
-524.072,1.61033607e-05
-524.033,2.643111e-05
-523.994,2.2997535e-05
-523.955,2.2753629e-05
-523.916,1.4684442000000001e-05
-523.877,1.7946869999999997e-05
-523.838,2.0472297000000002e-05
-523.799,1.956387e-05
-523.76,1.9094130000000003e-05
-523.722,2.1982173e-05
-523.683,1.6946658e-05
-523.644,1.2316293e-05
-523.605,1.8400889999999998e-05
-523.566,2.0317031999999996e-05
-523.527,1.509123e-05
-523.488,2.4281753999999996e-05
-523.449,7.593209999999999e-06
-523.41,1.99668813e-05
-523.371,2.3775390000000002e-05
-523.333,1.455951e-05
-523.294,2.6621331e-05
-523.255,1.5536331e-05
-523.216,2.0542887e-05
-523.177,2.0908188e-05
-523.138,2.5542180000000003e-05
-523.099,1.3884174e-05
-523.06,2.1011331e-05
-523.021,1.0551873e-05
-522.982,1.614831e-05
-522.943,2.351136e-05
-522.904,1.312203e-05
-522.866,2.3745336000000003e-05
-522.827,1.7819982e-05
-522.788,2.013447e-05
-522.749,2.1148314e-05
-522.71,3.0666879e-05
-522.671,2.6431334999999998e-05
-522.632,2.3684913000000003e-05
-522.593,2.0294730000000003e-05
-522.554,1.942521e-05
-522.515,1.8656820000000002e-05
-522.476,2.4012240000000003e-05
-522.438,1.538655e-05
-522.399,1.6465754999999998e-05
-522.36,1.7872917000000003e-05
-522.321,2.0817924000000002e-05
-522.282,1.4461245e-05
-522.243,2.200455e-05
-522.204,2.3891508000000002e-05
-522.165,2.1116253e-05
-522.126,1.4424666000000001e-05
-522.087,1.542606e-05
-522.048,2.5694163e-05
-522.009,1.8813411e-05
-521.971,1.706472e-05
-521.932,1.374483e-05
-521.893,2.749455e-05
-521.854,2.1077361e-05
-521.815,1.8414945000000002e-05
-521.776,1.1164911000000002e-05
-521.737,1.7765111999999996e-05
-521.698,1.9057076999999998e-05
-521.659,2.2702494000000005e-05
-521.62,1.671774e-05
-521.581,1.23225015e-05
-521.543,1.2622536e-05
-521.504,1.9437672000000002e-05
-521.465,1.9416801e-05
-521.426,2.39836977e-05
-521.387,1.6633389e-05
-521.348,1.6579953e-05
-521.309,1.9712237999999998e-05
-521.27,2.3738229e-05
-521.231,2.4757016999999993e-05
-521.192,2.3999196e-05
-521.153,1.9469322e-05
-521.115,1.5239403e-05
-521.076,1.8016079999999997e-05
-521.037,1.4717610000000002e-05
-520.998,1.2829467e-05
-520.959,1.4430380999999998e-05
-520.92,1.813956e-05
-520.881,1.9956024e-05
-520.842,2.71686e-05
-520.803,2.6834694000000003e-05
-520.764,2.093346e-05
-520.725,1.3689012e-05
-520.686,2.2530440999999996e-05
-520.648,8.204724e-06
-520.609,1.4641326e-05
-520.57,2.5152747000000003e-05
-520.531,1.72967067e-05
-520.492,1.3986995999999999e-05
-520.453,2.18794749e-05
-520.414,1.7645589e-05
-520.375,2.0901849e-05
-520.336,2.6642249999999997e-05
-520.297,1.6432713e-05
-520.258,2.5392149999999994e-05
-520.219,1.6822688999999997e-05
-520.181,1.9789677000000002e-05
-520.142,2.0889975000000003e-05
-520.103,2.479689e-05
-520.064,2.331897e-05
-520.025,2.0683805999999996e-05
-519.986,6.009018e-06
-519.947,1.476357e-05
-519.908,1.8980411999999998e-05
-519.869,1.6883982e-05
-519.83,2.1860895000000002e-05
-519.791,1.758708e-05
-519.753,1.4147856e-05
-519.714,2.0614335e-05
-519.675,8.44161e-06
-519.636,2.053908e-05
-519.597,2.4130968000000002e-05
-519.558,1.5085455e-05
-519.519,1.8265848e-05
-519.48,1.51284e-05
-519.441,2.784762e-05
-519.402,2.31169608e-05
-519.363,2.1960264000000002e-05
-519.325,1.3767389999999999e-05
-519.286,1.9153347e-05
-519.247,2.898981e-05
-519.208,1.9384854e-05
-519.169,2.114052e-05
-519.13,1.3860683999999999e-05
-519.091,2.0679470999999998e-05
-519.052,1.7765961e-05
-519.013,1.9564077e-05
-518.974,2.893668e-05
-518.935,2.4796018199999997e-05
-518.896,1.6683624e-05
-518.858,2.1593118e-05
-518.819,1.4081366999999998e-05
-518.78,1.5016896000000001e-05
-518.741,2.260272e-05
-518.702,1.9561488e-05
-518.663,1.9878783e-05
-518.624,1.4518371e-05
-518.585,1.5461088e-05
-518.546,1.863711e-05
-518.507,1.3799163e-05
-518.468,1.3362065999999999e-05
-518.43,1.8223011e-05
-518.391,2.6915910000000005e-05
-518.352,2.571033e-05
-518.313,1.8215142e-05
-518.274,1.946784e-05
-518.235,1.83363189e-05
-518.196,1.829595e-05
-518.157,1.4512382999999999e-05
-518.118,2.00345991e-05
-518.079,1.0028919e-05
-518.04,2.434449e-05
-518.001,1.8446549999999997e-05
-517.963,1.7515503e-05
-517.924,2.392722e-05
-517.885,2.3833074000000003e-05
-517.846,1.6042533900000002e-05
-517.807,2.0249100000000002e-05
-517.768,2.80977e-05
-517.729,1.1297069999999999e-05
-517.69,1.9733538e-05
-517.651,1.4184383999999999e-05
-517.612,2.215116e-05
-517.573,1.5928445999999997e-05
-517.535,2.0875037999999996e-05
-517.496,2.3038605e-05
-517.457,1.9842459e-05
-517.418,2.2384923e-05
-517.379,1.600764e-05
-517.34,2.549829e-05
-517.301,1.6958568e-05
-517.262,2.2300329299999998e-05
-517.223,2.522367e-05
-517.184,2.2412453999999997e-05
-517.145,1.8508140000000003e-05
-517.107,1.6567656e-05
-517.068,1.6248297000000003e-05
-517.029,2.2538694e-05
-516.99,1.6655661e-05
-516.951,2.0856933e-05
-516.912,2.3250591000000003e-05
-516.873,2.1287625e-05
-516.834,1.870956e-05
-516.795,2.1341306999999998e-05
-516.756,1.8081228e-05
-516.717,1.4778819e-05
-516.678,1.3543737e-05
-516.64,2.15553e-05
-516.601,1.234779e-05
-516.562,1.9739082e-05
-516.523,1.6793247e-05
-516.484,1.7442270000000002e-05
-516.445,2.47238253e-05
-516.406,2.1656831999999997e-05
-516.367,1.6796847e-05
-516.328,2.3403027e-05
-516.289,1.502592e-05
-516.25,1.8754995e-05
-516.212,1.9581948e-05
-516.173,1.1888618999999999e-05
-516.134,1.9816572000000003e-05
-516.095,2.828844e-05
-516.056,2.0728377e-05
-516.017,1.7354028e-05
-515.978,1.6337391e-05
-515.939,2.3094702e-05
-515.9,2.4143529e-05
-515.861,1.1460405e-05
-515.822,2.554185e-05
-515.784,2.1311061e-05
-515.745,1.9343067e-05
-515.706,2.1699599999999998e-05
-515.667,2.6063692499999995e-05
-515.628,1.4712456e-05
-515.589,2.5767570000000002e-05
-515.55,1.0280265e-05
-515.511,2.221533e-05
-515.472,2.1009747000000002e-05
-515.433,3.3082169999999998e-06
-515.394,1.9362141e-05
-515.355,1.776072e-05
-515.317,2.1718098e-05
-515.278,2.243109e-05
-515.239,1.8989513999999997e-05
-515.2,2.324463e-05
-515.161,1.5585042e-05
-515.122,2.5674954000000005e-05
-515.083,2.3115698189999997e-05
-515.044,1.0359599999999998e-05
-515.005,1.4786124899999999e-05
-514.966,1.3942053e-05
-514.927,1.944171e-05
-514.888,1.8337887e-05
-514.85,2.0846906999999998e-05
-514.811,1.63952595e-05
-514.772,1.842351e-05
-514.733,2.905095e-05
-514.694,1.701513e-05
-514.655,1.6510760999999998e-05
-514.616,1.8772899000000002e-05
-514.577,2.3954424e-05
-514.538,2.4102003000000002e-05
-514.499,1.611864e-05
-514.46,2.0113227e-05
-514.422,2.0058912750000002e-05
-514.383,1.2130388999999998e-05
-514.344,3.1636440000000004e-05
-514.305,2.6927946000000003e-05
-514.266,1.6642806e-05
-514.227,8.92263e-06
-514.188,1.859847e-05
-514.149,1.9629315e-05
-514.11,2.3747229e-05
-514.071,1.1732339999999999e-05
-514.032,1.7804214e-05
-513.994,2.033814e-05
-513.955,2.277813e-05
-513.916,2.8938894000000005e-06
-513.877,2.5435319999999998e-05
-513.838,1.3163696700000001e-05
-513.799,2.1276549e-05
-513.76,2.315691e-05
-513.721,2.0820585e-05
-513.682,2.2714334099999998e-05
-513.643,1.7271433049999998e-05
-513.604,1.4391869999999998e-05
-513.565,1.1376660000000001e-05
-513.527,1.377093e-05
-513.488,1.0016040000000001e-05
-513.449,1.76240484e-05
-513.41,2.3282850000000004e-05
-513.371,2.4348915e-05
-513.332,1.9144869900000003e-05
-513.293,3.0783948e-05
-513.254,2.7627813000000002e-05
-513.215,1.944831e-05
-513.176,1.7551418999999998e-05
-513.137,1.5904380000000002e-05
-513.099,1.531593e-05
-513.06,2.0649139799999995e-05
-513.021,1.9197443999999997e-05
-512.982,2.412678e-05
-512.943,1.6613150999999998e-05
-512.904,1.4518851e-05
-512.865,1.9229753999999998e-05
-512.826,1.7141337000000003e-05
-512.787,1.9189746e-05
-512.748,1.860786e-05
-512.709,2.4909080999999996e-05
-512.67,1.5222306e-05
-512.632,1.7266437e-05
-512.593,1.892472e-05
-512.554,2.0459243999999996e-05
-512.515,2.5140855e-05
-512.476,1.102533e-05
-512.437,2.4353921700000003e-05
-512.398,2.0581047e-05
-512.359,1.9519986e-05
-512.32,1.1479052999999998e-05
-512.281,1.6364106e-05
-512.242,1.841127e-05
-512.204,1.7062779e-05
-512.165,1.6247376e-05
-512.126,1.196322e-05
-512.087,1.170072e-05
-512.048,1.8809631000000002e-05
-512.009,2.35404e-05
-511.97,1.2782520000000001e-05
-511.931,1.7161872e-05
-511.892,1.6200165e-05
-511.853,2.5664718e-05
-511.814,2.1350247e-05
-511.776,1.3700204999999998e-05
-511.737,1.6547397000000002e-05
-511.698,2.516802e-05
-511.659,2.0879313e-05
-511.62,2.4274236e-05
-511.581,1.4331000000000002e-05
-511.542,1.7682456e-05
-511.503,2.5107336e-05
-511.464,2.287281e-05
-511.425,1.7794620000000002e-05
-511.386,1.4575395e-05
-511.347,1.7950319999999998e-05
-511.309,2.56209e-05
-511.27,2.4712770000000003e-05
-511.231,2.0516189999999998e-05
-511.192,1.75029714e-05
-511.153,2.2579173000000002e-05
-511.114,8.690076000000001e-06
-511.075,2.030298e-05
-511.036,2.4138879600000002e-05
-510.997,2.2301841000000003e-05
-510.958,2.38332e-05
-510.919,1.9238459999999996e-05
-510.881,2.1050034000000003e-05
-510.842,2.7737480999999998e-05
-510.803,1.926984e-05
-510.764,1.9013811e-05
-510.725,2.8970802000000003e-05
-510.686,2.1868679999999998e-05
-510.647,2.585304e-05
-510.608,2.1831414e-05
-510.569,1.9311266999999996e-05
-510.53,2.449626e-05
-510.491,1.6923712199999998e-05
-510.453,2.2434747e-05
-510.414,1.6053525e-05
-510.375,1.4489754e-05
-510.336,1.48016559e-05
-510.297,2.5489380000000002e-05
-510.258,1.9448768999999998e-05
-510.219,2.332614e-05
-510.18,2.6141670000000002e-05
-510.141,2.4421493999999993e-05
-510.102,2.46093e-05
-510.063,1.8161247e-05
-510.024,2.49571413e-05
-509.986,2.3716437000000003e-05
-509.947,2.420466e-05
-509.908,1.4350851e-05
-509.869,1.6494752999999998e-05
-509.83,2.229927e-05
-509.791,2.12261514e-05
-509.752,2.05938768e-05
-509.713,2.0844453e-05
-509.674,2.0717292e-05
-509.635,2.624559e-05
-509.596,2.7328620000000003e-05
-509.557,2.1645486000000003e-05
-509.519,2.0218026e-05
-509.48,2.2024473000000002e-05
-509.441,1.611786e-05
-509.402,9.860432999999998e-06
-509.363,1.5546879e-05
-509.324,9.769596000000001e-06
-509.285,2.0275185e-05
-509.246,1.750701e-05
-509.207,2.37228e-05
-509.168,2.6574855e-05
-509.129,2.3955714e-05
-509.091,1.2536607e-05
-509.052,2.619408e-05
-509.013,2.19764316e-05
-508.974,1.7270334000000003e-05
-508.935,1.069431e-05
-508.896,1.9379547e-05
-508.857,2.4171741e-05
-508.818,1.4857248e-05
-508.779,1.7416359000000003e-05
-508.74,7.961966999999999e-06
-508.701,1.639314e-05
-508.663,2.8687347e-05
-508.624,2.089563e-05
-508.585,1.9604001e-05
-508.546,2.3875316999999998e-05
-508.507,2.458089e-05
-508.468,1.9457268000000003e-05
-508.429,2.6203349999999997e-05
-508.39,2.3189070000000003e-05
-508.351,1.4299284e-05
-508.312,1.7352314999999998e-05
-508.273,1.8863025e-05
-508.234,3.89052e-06
-508.196,2.4252453000000003e-05
-508.157,1.643745e-05
-508.118,1.7034651e-05
-508.079,1.675308e-05
-508.04,2.6000880000000002e-05
-508.001,1.0401150000000001e-05
-507.962,1.717525236e-05
-507.923,2.0137020000000002e-05
-507.884,3.2582910000000003e-05
-507.845,1.8159510000000002e-05
-507.806,3.2080593e-05
-507.768,1.2399348e-05
-507.729,1.7070750000000003e-05
-507.69,1.9055697e-05
-507.651,2.4722003999999996e-05
-507.612,1.570026e-05
-507.573,1.9245089999999996e-05
-507.534,1.181349e-05
-507.495,1.8859335e-05
-507.456,3.0978720000000003e-05
-507.417,9.810903e-06
-507.378,2.8904370000000005e-05
-507.339,2.1853157999999998e-05
-507.301,1.9863834e-05
-507.262,2.027202e-05
-507.223,2.189163e-05
-507.184,3.1438506000000004e-05
-507.145,1.948059e-05
-507.106,2.6647931999999997e-05
-507.067,2.2936989e-05
-507.028,2.0031698999999997e-05
-506.989,1.855179e-05
-506.95,2.4268574999999998e-05
-506.911,2.1215676e-05
-506.873,1.7867772e-05
-506.834,2.2678500000000003e-05
-506.795,1.7327208e-05
-506.756,9.869037000000001e-06
-506.717,1.8874599e-05
-506.678,1.8975225e-05
-506.639,2.1032400000000002e-05
-506.6,1.9137168e-05
-506.561,2.0542536e-05
-506.522,2.2034121e-05
-506.483,2.552916e-05
-506.445,2.2785456e-05
-506.406,2.7125504999999997e-05
-506.367,1.9063077e-05
-506.328,2.694636e-05
-506.289,1.808406e-05
-506.25,1.4964935999999998e-05
-506.211,2.3342184e-05
-506.172,2.5177542e-05
-506.133,2.126045334e-05
-506.094,1.9457004e-05
-506.055,7.282769999999999e-06
-506.016,2.5477248000000002e-05
-505.978,7.3613609999999995e-06
-505.939,2.2313339999999998e-05
-505.9,1.5773297999999998e-05
-505.861,1.680645e-05
-505.822,1.77702189e-05
-505.783,2.175537e-05
-505.744,2.37408816e-05
-505.705,3.0574677e-05
-505.666,1.7738091e-05
-505.627,1.641852e-05
-505.588,1.7740728e-05
-505.549,1.7795412e-05
-505.511,2.0576145e-05
-505.472,2.7235064999999997e-05
-505.433,1.846518e-05
-505.394,2.6995549859999995e-05
-505.355,2.4359832e-05
-505.316,3.0037002000000003e-05
-505.277,1.983531501e-05
-505.238,2.30132676e-05
-505.199,6.418320000000001e-06
-505.16,2.2305726e-05
-505.121,2.0917296e-05
-505.083,2.18517e-05
-505.044,2.1715086000000003e-05
-505.005,3.34062e-05
-504.966,1.4767065e-05
-504.927,1.658424e-05
-504.888,9.724374e-06
-504.849,2.4302790000000003e-05
-504.81,1.9399071e-05
-504.771,1.80067836e-05
-504.732,1.1232e-05
-504.693,2.3485559999999998e-05
-504.655,1.7207541e-05
-504.616,2.2137645e-05
-504.577,2.34952983e-05
-504.538,2.2796598e-05
-504.499,2.1934818e-05
-504.46,2.716008069e-05
-504.421,1.5557445e-05
-504.382,2.1387927e-05
-504.343,1.9660440000000002e-05
-504.304,2.6237609999999995e-05
-504.265,1.6588626e-05
-504.227,1.9973388e-05
-504.188,2.3177571e-05
-504.149,2.3489784e-05
-504.11,2.799741e-05
-504.071,1.55515512e-05
-504.032,1.8698121e-05
-503.993,2.5153404e-05
-503.954,2.2296531e-05
-503.915,2.8052901e-05
-503.876,1.9488648000000003e-05
-503.837,2.0796870000000002e-05
-503.798,2.1446010000000002e-05
-503.76,2.1675825000000002e-05
-503.721,1.5526698e-05
-503.682,2.4800849999999998e-05
-503.643,1.47782328e-05
-503.604,1.220997e-05
-503.565,2.1479859e-05
-503.526,3.139542e-05
-503.487,2.467746e-05
-503.448,1.000275e-05
-503.409,2.082774e-05
-503.37,1.7331014999999998e-05
-503.332,1.4928426000000002e-05
-503.293,2.3914239e-05
-503.254,2.155191e-05
-503.215,1.4984129999999996e-05
-503.176,1.4771940000000003e-05
-503.137,1.7945346e-05
-503.098,1.6595601e-05
-503.059,2.7999830999999997e-05
-503.02,1.64097267e-05
-502.981,2.3024949e-05
-502.942,1.7360928e-05
-502.904,2.9667279000000002e-05
-502.865,1.5551288999999998e-05
-502.826,2.0250588e-05
-502.787,1.554906e-05
-502.748,2.0597178e-05
-502.709,2.9457330000000002e-05
-502.67,1.589937e-05
-502.631,2.1322859999999996e-05
-502.592,1.9394205e-05
-502.553,1.8741455999999996e-05
-502.514,2.126187e-05
-502.475,2.2045109999999997e-05
-502.437,2.849493e-05
-502.398,2.6494709999999996e-05
-502.359,1.7154639000000003e-05
-502.32,2.9807220000000003e-05
-502.281,2.601234e-05
-502.242,3.233214e-05
-502.203,2.642763e-05
-502.164,2.4455218500000003e-05
-502.125,2.2054302000000002e-05
-502.086,2.5186602e-05
-502.047,1.312383e-05
-502.008,1.4663535000000002e-05
-501.97,3.3125639999999996e-05
-501.931,2.2267851e-05
-501.892,2.1232644e-05
-501.853,1.9821771e-05
-501.814,2.4118545e-05
-501.775,1.952058e-05
-501.736,1.6984293e-05
-501.697,2.1184662e-05
-501.658,2.5939649999999998e-05
-501.619,2.6423181000000003e-05
-501.58,1.226631e-05
-501.542,2.4121590000000002e-05
-501.503,2.6780160000000002e-05
-501.464,2.0750286e-05
-501.425,1.2302895e-05
-501.386,2.5259277e-05
-501.347,1.585137e-05
-501.308,1.9413684e-05
-501.269,1.4291787e-05
-501.23,1.73232156e-05
-501.191,1.6808730000000003e-05
-501.152,2.944803e-05
-501.114,2.3597250000000002e-05
-501.075,2.29431e-05
-501.036,2.096304e-05
-500.997,2.1643770000000002e-05
-500.958,2.401824e-05
-500.919,2.0159250000000002e-05
-500.88,2.2189268999999996e-05
-500.841,2.182656e-05
-500.802,2.390775e-05
-500.763,3.2036571e-05
-500.724,1.9598748e-05
-500.685,2.0610402e-05
-500.647,2.25255972e-05
-500.608,1.940931e-05
-500.569,1.9394436e-05
-500.53,1.5479100000000002e-05
-500.491,1.116129e-05
-500.452,1.1124534e-05
-500.413,1.85259e-05
-500.374,1.1314845e-05
-500.335,1.663503e-05
-500.296,1.9995729e-05
-500.257,2.4428502000000004e-05
-500.219,1.8608613000000002e-05
-500.18,1.754706e-05
-500.141,2.5758170399999994e-05
-500.102,2.8956438e-05
-500.063,1.6858349999999998e-05
-500.024,1.101492e-05
-499.985,2.0561712e-05
-499.946,1.4634341999999998e-05
-499.907,2.5663401000000002e-05
-499.868,1.457148e-05
-499.829,1.8219051000000002e-05
-499.79,2.342094e-05
-499.752,2.117559e-05
-499.713,2.6020607999999998e-05
-499.674,1.002177e-05
-499.635,2.31516402e-05
-499.596,2.21165445e-05
-499.557,1.7489217000000002e-05
-499.518,2.0675114999999996e-05
-499.479,2.217594e-05
-499.44,2.79102e-05
-499.401,3.8801759999999996e-05
-499.362,1.6420791e-05
-499.324,2.8070736e-05
-499.285,2.8365570000000003e-05
-499.246,1.497933e-05
-499.207,2.4203860799999997e-05
-499.168,1.91670504e-05
-499.129,2.349825e-05
-499.09,1.5058707000000001e-05
-499.051,1.9097070000000002e-05
-499.012,1.696809e-05
-498.973,1.8983784e-05
-498.934,2.1839991e-05
-498.896,1.4785128000000002e-05
-498.857,1.8491265e-05
-498.818,2.4098241e-05
-498.779,1.430679e-05
-498.74,2.172507e-05
-498.701,2.7106043999999998e-05
-498.662,2.1857193e-05
-498.623,2.2756953e-05
-498.584,2.7913200000000002e-05
-498.545,1.4495721000000002e-05
-498.506,2.57580696e-05
-498.467,2.5790970000000002e-05
-498.429,2.197227e-05
-498.39,1.833213e-05
-498.351,1.5191256e-05
-498.312,1.7060789700000002e-05
-498.273,1.7732472e-05
-498.234,2.266707e-05
-498.195,2.365437e-05
-498.156,2.386743e-05
-498.117,1.9682022e-05
-498.078,2.1685191e-05
-498.039,1.2099768000000001e-05
-498.001,1.6132131e-05
-497.962,2.5484691000000006e-05
-497.923,2.2582500000000003e-05
-497.884,2.4744999000000002e-05
-497.845,3.230313e-05
-497.806,1.0454344799999999e-05
-497.767,1.87011e-05
-497.728,2.6145662999999998e-05
-497.689,1.6811252999999998e-05
-497.65,2.3402505000000002e-05
-497.611,1.3345848e-05
-497.573,1.7180037e-05
-497.534,1.842915e-05
-497.495,1.3435853999999999e-05
-497.456,2.7727986000000005e-05
-497.417,1.882416402e-05
-497.378,1.695552e-05
-497.339,1.0143689999999998e-05
-497.3,2.228949e-05
-497.261,8.724581999999999e-06
-497.222,1.8005651999999998e-05
-497.183,1.7653290000000002e-05
-497.144,2.0828367e-05
-497.106,2.2828839e-05
-497.067,2.5219767000000002e-05
-497.028,2.3856912e-05
-496.989,2.1230892e-05
-496.95,1.821348e-05
-496.911,9.80445e-06
-496.872,1.721577e-05
-496.833,3.690366e-05
-496.794,2.0477877e-05
-496.755,2.7079827000000005e-05
-496.716,2.4214512e-05
-496.677,1.8437943e-05
-496.639,2.7497631e-05
-496.6,1.4208858000000002e-05
-496.561,2.3125413000000003e-05
-496.522,2.5788045e-05
-496.483,2.3315498999999998e-05
-496.444,1.7128419e-05
-496.405,2.045355e-05
-496.366,1.6533788999999997e-05
-496.327,1.729161e-05
-496.288,1.7421392999999996e-05
-496.249,1.7586422999999998e-05
-496.211,2.4526359e-05
-496.172,1.9073688e-05
-496.133,1.492599e-05
-496.094,2.2469261999999998e-05
-496.055,2.1321998999999997e-05
-496.016,3.2359170000000005e-05
-495.977,3.0054167999999997e-05
-495.938,2.1412773000000006e-05
-495.899,1.4474931e-05
-495.86,1.619718e-05
-495.821,1.589328e-05
-495.783,2.1826878e-05
-495.744,2.0527743e-05
-495.705,1.897068e-05
-495.666,9.44094e-06
-495.627,1.9253672999999998e-05
-495.588,2.4306479999999997e-05
-495.549,2.3971686000000005e-05
-495.51,2.672307e-05
-495.471,2.6138455499999995e-05
-495.432,2.0010437999999998e-05
-495.393,1.44375054e-05
-495.354,2.6673000000000004e-05
-495.316,1.8444963000000003e-05
-495.277,1.65467358e-05
-495.238,1.4363631e-05
-495.199,1.6196519999999998e-05
-495.16,2.1170802e-05
-495.121,2.5499760000000003e-05
-495.082,2.2870893e-05
-495.043,2.1062757000000003e-05
-495.004,1.5219390000000001e-05
-494.965,2.4790695e-05
-494.926,2.10276612e-05
-494.888,7.671954000000001e-06
-494.849,2.2954652999999997e-05
-494.81,1.522023e-05
-494.771,1.979556e-05
-494.732,2.0598481799999997e-05
-494.693,2.744946e-05
-494.654,1.7258888999999998e-05
-494.615,1.4746782e-05
-494.576,2.6858804999999998e-05
-494.537,2.3196678e-05
-494.498,2.2501578e-05
-494.459,2.9898783e-05
-494.421,2.2951749000000003e-05
-494.382,1.5887732999999997e-05
-494.343,2.5310030999999998e-05
-494.304,1.7273519999999998e-05
-494.265,2.0270015999999998e-05
-494.226,2.5141229999999998e-05
-494.187,1.9344243e-05
-494.148,2.3782680000000004e-05
-494.109,1.982256e-05
-494.07,2.0483685e-05
-494.031,1.9139877e-05
-493.993,1.076607e-05
-493.954,3.0936300000000004e-05
-493.915,2.5019970000000002e-05
-493.876,2.4778215e-05
-493.837,2.3833791e-05
-493.798,1.7580447e-05
-493.759,2.1880478999999997e-05
-493.72,1.9477601999999997e-05
-493.681,1.0210038e-05
-493.642,1.2853410000000002e-05
-493.603,1.8219792e-05
-493.565,3.105735e-05
-493.526,2.6525121e-05
-493.487,3.137694e-05
-493.448,2.834907e-05
-493.409,2.4122613e-05
-493.37,1.709037e-05
-493.331,2.2391414999999998e-05
-493.292,1.8773745e-05
-493.253,2.3392650000000004e-05
-493.214,2.1374409e-05
-493.175,1.726302e-05
-493.136,2.3345292e-05
-493.098,1.7279997e-05
-493.059,2.442912e-05
-493.02,2.2114497e-05
-492.981,1.8802859999999996e-05
-492.942,1.576215e-05
-492.903,1.9938674999999998e-05
-492.864,2.7925482e-05
-492.825,1.219047e-05
-492.786,1.68586917e-05
-492.747,7.092689999999999e-06
-492.708,2.2834943999999998e-05
-492.669,1.6175670000000003e-05
-492.631,3.0282195e-05
-492.592,1.7310693e-05
-492.553,2.9300820000000004e-05
-492.514,2.0887251e-05
-492.475,1.4030733000000001e-05
-492.436,2.7265187999999998e-05
-492.397,1.6300574519999998e-05
-492.358,1.8261756e-05
-492.319,1.9460093999999997e-05
-492.28,1.8815369999999997e-05
-492.242,2.0886291e-05
-492.203,2.1990801e-05
-492.164,2.5929149999999996e-05
-492.125,1.9513281e-05
-492.086,1.9297779000000003e-05
-492.047,2.40216e-05
-492.008,2.0126082e-05
-491.969,1.2424199999999999e-05
-491.93,1.7173896e-05
-491.891,1.5616628999999998e-05
-491.852,1.9332629999999997e-05
-491.813,3.147072e-05
-491.775,2.367162e-05
-491.736,1.462764e-05
-491.697,1.38723687e-05
-491.658,3.0029640000000004e-05
-491.619,2.626728e-05
-491.58,2.3056899000000003e-05
-491.541,2.1563249999999997e-05
-491.502,2.3935635000000004e-05
-491.463,2.5987679999999997e-05
-491.424,1.7310207e-05
-491.385,2.2872149999999998e-05
-491.346,1.508586e-05
-491.308,1.82238e-05
-491.269,2.8102731000000003e-05
-491.23,1.5274521e-05
-491.191,2.4990381000000005e-05
-491.152,2.3306976e-05
-491.113,1.9960440000000002e-05
-491.074,2.431443e-05
-491.035,1.905249e-05
-490.996,2.4788967e-05
-490.957,2.1045285e-05
-490.918,2.156739e-05
-490.88,1.236993e-05
-490.841,1.679922e-05
-490.802,2.2522764e-05
-490.763,2.9224170000000002e-05
-490.724,2.4490317e-05
-490.685,1.791684e-05
-490.646,2.2194198e-05
-490.607,1.7152662e-05
-490.568,2.6131455e-05
-490.529,2.169429e-05
-490.49,3.379017e-05
-490.452,1.5188019000000001e-05
-490.413,2.6242115999999998e-05
-490.374,1.9481446499999997e-05
-490.335,2.070973908e-05
-490.296,2.5327464e-05
-490.257,1.6479060000000003e-05
-490.218,2.3277251999999997e-05
-490.179,3.079209e-05
-490.14,2.2438785e-05
-490.101,1.8340278e-05
-490.062,2.4329902860000003e-05
-490.023,2.3214608999999998e-05
-489.985,2.6090377500000002e-05
-489.946,2.63835e-05
-489.907,2.3624457e-05
-489.868,2.4753557999999998e-05
-489.829,1.1116110000000001e-05
-489.79,2.0276421000000002e-05
-489.751,1.4800236000000001e-05
-489.712,1.7914617e-05
-489.673,1.56279e-05
-489.634,2.653746e-05
-489.595,1.781679e-05
-489.557,2.1777686999999998e-05
-489.518,2.1158085000000002e-05
-489.479,2.4702438e-05
-489.44,1.91168739e-05
-489.401,2.6268929999999997e-05
-489.362,2.696259e-05
-489.323,5.591621999999999e-06
-489.284,2.9560884e-05
-489.245,1.1703150000000002e-05
-489.206,2.870919e-05
-489.167,2.0041140000000003e-05
-489.128,2.1526673999999997e-05
-489.09,2.18105109e-05
-489.051,2.3773524000000004e-05
-489.012,1.967067e-05
-488.973,1.8647232e-05
-488.934,2.2497635999999998e-05
-488.895,1.8895371e-05
-488.856,1.7739747e-05
-488.817,1.7346587999999998e-05
-488.778,2.383785e-05
-488.739,1.9960830000000002e-05
-488.7,1.6108346999999998e-05
-488.662,2.2745346e-05
-488.623,2.2283835e-05
-488.584,1.9394892e-05
-488.545,9.4026e-06
-488.506,2.1915843000000002e-05
-488.467,2.3685772770000003e-05
-488.428,2.05047e-05
-488.389,1.8210348000000002e-05
-488.35,1.8249129e-05
-488.311,2.8629384000000004e-05
-488.272,2.5468853999999997e-05
-488.234,2.5504586999999997e-05
-488.195,1.2772284000000001e-05
-488.156,2.4465734999999998e-05
-488.117,1.2640338e-05
-488.078,2.3072279999999998e-05
-488.039,2.211765e-05
-488.0,2.2449209999999996e-05
-487.961,1.275864e-05
-487.922,1.7431530000000003e-05
-487.883,2.1413778e-05
-487.844,1.3114773e-05
-487.805,1.578648e-05
-487.767,1.4095935e-05
-487.728,1.5711381e-05
-487.689,2.091657e-05
-487.65,2.255322e-05
-487.611,1.8926781e-05
-487.572,2.3340618e-05
-487.533,2.0844528e-05
-487.494,2.262606e-05
-487.455,1.4646387e-05
-487.416,1.7329319999999998e-05
-487.377,2.5494570000000003e-05
-487.339,1.7874447e-05
-487.3,1.970814e-05
-487.261,2.4028571999999996e-05
-487.222,2.851764e-05
-487.183,2.4781182e-05
-487.144,3.302478e-05
-487.105,2.3151678e-05
-487.066,2.065068e-05
-487.027,1.7445216e-05
-486.988,2.8469546999999998e-05
-486.949,2.3297748e-05
-486.91,2.48436e-05
-486.872,2.2273611000000003e-05
-486.833,2.11191483e-05
-486.794,2.751699e-05
-486.755,2.1771300000000003e-05
-486.716,2.520693e-05
-486.677,2.2193733e-05
-486.638,2.4166251000000002e-05
-486.599,2.5027516200000004e-05
-486.56,1.291443e-05
-486.521,2.7156120000000004e-05
-486.482,2.1474483e-05
-486.444,1.3777620000000001e-05
-486.405,2.655204e-05
-486.366,2.09063307e-05
-486.327,1.3845677999999998e-05
-486.288,1.6128807e-05
-486.249,1.3901369999999998e-05
-486.21,2.9054073e-05
-486.171,2.0134578000000002e-05
-486.132,1.9876023e-05
-486.093,1.71336768e-05
-486.054,1.5970383e-05
-486.016,2.5728315e-05
-485.977,1.3646853000000001e-05
-485.938,2.0889224999999998e-05
-485.899,2.1824031e-05
-485.86,1.6096725e-05
-485.821,1.8820401e-05
-485.782,1.5264426e-05
-485.743,3.0063566999999998e-05
-485.704,1.897266e-05
-485.665,1.6959218999999997e-05
-485.626,2.0692839000000003e-05
-485.587,3.121167e-05
-485.549,2.6689170000000003e-05
-485.51,2.3163806999999996e-05
-485.471,3.035058e-05
-485.432,2.7721074000000004e-05
-485.393,2.5574426999999997e-05
-485.354,3.112281e-05
-485.315,2.4084245999999998e-05
-485.276,3.185151e-05
-485.237,2.592135e-05
-485.198,1.847628e-05
-485.159,2.37602424e-05
-485.121,1.3337039999999999e-05
-485.082,1.3925928e-05
-485.043,2.4747927e-05
-485.004,2.8293035999999997e-05
-484.965,2.4234236999999997e-05
-484.926,2.258238e-05
-484.887,2.0691713700000004e-05
-484.848,1.9534940999999997e-05
-484.809,3.0472512000000003e-05
-484.77,2.5269389999999998e-05
-484.731,2.1059219999999998e-05
-484.693,1.85334e-05
-484.654,1.7631465e-05
-484.615,2.923188e-05
-484.576,3.2476139999999995e-05
-484.537,1.8586575e-05
-484.498,2.0328901500000002e-05
-484.459,2.8924139999999996e-05
-484.42,3.1163223e-05
-484.381,1.8107640000000002e-05
-484.342,1.952907e-05
-484.303,2.7288332999999998e-05
-484.264,3.384078e-05
-484.226,1.0606979999999997e-05
-484.187,2.1096525e-05
-484.148,1.677549e-05
-484.109,1.6163781e-05
-484.07,2.0747301e-05
-484.031,1.7191469999999998e-05
-483.992,2.316276e-05
-483.953,1.709868e-05
-483.914,2.0187012e-05
-483.875,2.1038211e-05
-483.836,2.5064562e-05
-483.797,3.0391092e-05
-483.759,2.4955020000000002e-05
-483.72,1.8285156e-05
-483.681,1.1875239e-05
-483.642,2.3809494e-05
-483.603,2.3038332e-05
-483.564,1.1032059e-05
-483.525,2.1841839e-05
-483.486,1.675884e-05
-483.447,2.3422761000000002e-05
-483.408,2.3394228e-05
-483.369,2.051004e-05
-483.331,2.4182364e-05
-483.292,2.5344407999999996e-05
-483.253,2.42383881e-05
-483.214,1.6661714999999998e-05
-483.175,2.313237e-05
-483.136,2.3407131e-05
-483.097,2.4693990000000004e-05
-483.058,2.2838187e-05
-483.019,2.3690826e-05
-482.98,2.8513259999999997e-05
-482.941,2.975109e-05
-482.903,2.0288526e-05
-482.864,1.8364403999999997e-05
-482.825,1.9016142e-05
-482.786,1.681392e-05
-482.747,1.5782178e-05
-482.708,1.913268e-05
-482.669,2.0286630000000005e-05
-482.63,2.2337198999999997e-05
-482.591,2.6574059999999997e-05
-482.552,3.2350995e-05
-482.513,2.2599393899999998e-05
-482.474,1.3975179e-05
-482.436,2.3540129999999997e-05
-482.397,1.657575e-05
-482.358,1.6199538e-05
-482.319,3.470388e-05
-482.28,2.5441506000000003e-05
-482.241,1.0022879999999999e-05
-482.202,2.8461849e-05
-482.163,1.8787566e-05
-482.124,1.6709118e-05
-482.085,1.684749e-05
-482.046,2.0265969e-05
-482.008,2.3783249999999996e-05
-481.969,1.09761e-05
-481.93,2.6314713000000003e-05
-481.891,2.5346504999999996e-05
-481.852,2.90174271e-05
-481.813,2.7994970999999996e-05
-481.774,1.8035379299999997e-05
-481.735,3.0307713e-05
-481.696,1.8952287000000003e-05
-481.657,1.7679396e-05
-481.618,2.4626145000000004e-05
-481.579,2.3652414000000002e-05
-481.541,2.4723657e-05
-481.502,2.6045175e-05
-481.463,1.80111708e-05
-481.424,1.730793e-05
-481.385,1.7358744e-05
-481.346,2.1506709e-05
-481.307,2.0620581e-05
-481.268,2.8956137999999996e-05
-481.229,2.036301e-05
-481.19,2.5832361e-05
-481.151,1.355547e-05
-481.113,3.159987e-05
-481.074,2.173278e-05
-481.035,1.5203178e-05
-480.996,2.7483680999999997e-05
-480.957,2.4979319999999998e-05
-480.918,2.9671475999999996e-05
-480.879,1.5623009999999997e-05
-480.84,2.0462490000000002e-05
-480.801,2.0858796e-05
-480.762,2.2599642e-05
-480.723,2.2138094999999997e-05
-480.685,1.7981414999999998e-05
-480.646,2.4330983999999998e-05
-480.607,1.258605e-05
-480.568,2.5785177e-05
-480.529,2.2307792999999998e-05
-480.49,2.27016e-05
-480.451,1.9288541999999998e-05
-480.412,2.5671953999999995e-05
-480.373,3.5805329999999996e-05
-480.334,2.6186106e-05
-480.295,1.7534952000000003e-05
-480.256,2.1170412e-05
-480.218,1.35819e-05
-480.179,2.675865e-05
-480.14,2.1771e-05
-480.101,2.8248930000000002e-05
-480.062,2.5837407e-05
-480.023,1.8726885000000004e-05
-479.984,2.0239989e-05
-479.945,1.990071e-05
-479.906,2.4049002e-05
-479.867,1.8410390999999998e-05
-479.828,2.7714113999999998e-05
-479.789,1.238271e-05
-479.751,2.1883815000000003e-05
-479.712,2.145462e-05
-479.673,2.425506e-05
-479.634,1.6943316e-05
-479.595,2.3022594e-05
-479.556,3.1330580999999996e-05
-479.517,1.69236e-05
-479.478,2.4321894000000002e-05
-479.439,2.623908e-05
-479.4,2.28467358e-05
-479.362,1.27749e-05
-479.323,2.2129346999999997e-05
-479.284,2.7373800000000002e-05
-479.245,1.8710304e-05
-479.206,2.3225477999999996e-05
-479.167,2.2265759999999997e-05
-479.128,2.9727509999999997e-05
-479.089,1.8219e-05
-479.05,1.550784e-05
-479.011,1.4347509000000002e-05
-478.972,3.3019902000000004e-05
-478.933,2.4109935e-05
-478.895,3.0245451e-05
-478.856,2.8233519000000002e-05
-478.817,2.0305916999999998e-05
-478.778,1.7633676e-05
-478.739,9.001431e-06
-478.7,2.27977872e-05
-478.661,1.8647135999999998e-05
-478.622,2.191365e-05
-478.583,2.2636476e-05
-478.544,1.2074759999999999e-05
-478.505,1.730532e-05
-478.466,1.4383170000000001e-05
-478.428,1.3660074e-05
-478.389,2.4976949999999998e-05
-478.35,2.6790540000000003e-05
-478.311,2.671338e-05
-478.272,1.6727091e-05
-478.233,2.3130243000000002e-05
-478.194,2.9665863000000002e-05
-478.155,2.3250975000000003e-05
-478.116,2.5805513999999997e-05
-478.077,1.4738520000000003e-05
-478.038,2.591037e-05
-478.0,3.1141829999999996e-05
-477.961,2.7855393000000002e-05
-477.922,2.1518184e-05
-477.883,1.7566755e-05
-477.844,2.0826242999999998e-05
-477.805,3.0235848000000004e-05
-477.766,1.8425220000000002e-05
-477.727,2.651823e-05
-477.688,1.8627267e-05
-477.649,9.923640000000002e-06
-477.61,2.5210275e-05
-477.572,1.9470438e-05
-477.533,1.974078e-05
-477.494,3.25563e-05
-477.455,1.79079e-05
-477.416,2.399583e-05
-477.377,1.844565e-05
-477.338,3.0247593e-05
-477.299,2.1903675e-05
-477.26,2.0445162e-05
-477.221,2.3410244999999998e-05
-477.182,1.93026492e-05
-477.143,1.1181419999999999e-05
-477.105,2.3615291999999995e-05
-477.066,3.437823e-05
-477.027,1.6405131e-05
-476.988,3.0340592999999996e-05
-476.949,2.1084086999999998e-05
-476.91,2.5345631999999998e-05
-476.871,1.9341299999999997e-05
-476.832,2.5949925e-05
-476.793,2.3971713000000002e-05
-476.754,1.5964944e-05
-476.715,1.4529569999999999e-05
-476.677,1.3502672999999998e-05
-476.638,2.6442203999999997e-05
-476.599,1.6137e-05
-476.56,3.0459195e-05
-476.521,2.2566020999999998e-05
-476.482,2.5516188000000002e-05
-476.443,1.7840873999999996e-05
-476.404,1.93305e-05
-476.365,2.1639840000000005e-05
-476.326,2.0305527e-05
-476.287,2.2652057399999998e-05
-476.248,1.6918356000000004e-05
-476.21,1.685034e-05
-476.171,2.0176665e-05
-476.132,2.141868e-05
-476.093,1.6297554e-05
-476.054,2.0770215e-05
-476.015,1.9439556000000002e-05
-475.976,2.6699552999999996e-05
-475.937,2.7281552999999998e-05
-475.898,5.858241e-06
-475.859,2.6750304e-05
-475.82,2.4105546e-05
-475.782,3.0399365999999996e-05
-475.743,2.692899e-05
-475.704,2.1299814e-05
-475.665,3.294303e-05
-475.626,1.8704493e-05
-475.587,2.2564008e-05
-475.548,1.54437357e-05
-475.509,1.1905839e-05
-475.47,1.7646057e-05
-475.431,1.2810054e-05
-475.392,1.9792428e-05
-475.354,2.5461065999999996e-05
-475.315,2.616189e-05
-475.276,2.9169107999999997e-05
-475.237,3.5592348e-05
-475.198,2.4585327000000004e-05
-475.159,2.7561273e-05
-475.12,2.298903e-05
-475.081,9.666899999999999e-06
-475.042,1.4397325500000002e-05
-475.003,2.1706064999999996e-05
-474.964,1.988511e-05
-474.925,1.5766305e-05
-474.887,3.162519e-05
-474.848,1.7481864e-05
-474.809,2.90319e-05
-474.77,2.4922370999999998e-05
-474.731,2.501211e-05
-474.692,1.7041812e-05
-474.653,1.8713604e-05
-474.614,2.012616e-05
-474.575,2.5861338000000003e-05
-474.536,1.8450213e-05
-474.497,1.596348e-05
-474.458,2.4917259e-05
-474.42,2.0982287399999998e-05
-474.381,2.0829336e-05
-474.342,1.8443549999999997e-05
-474.303,1.1174639999999999e-05
-474.264,1.3956840000000001e-05
-474.225,1.9449702e-05
-474.186,1.7605134e-05
-474.147,2.4843809999999998e-05
-474.108,3.0211674000000003e-05
-474.069,2.3682083999999998e-05
-474.03,2.9162592e-05
-473.992,2.5467507e-05
-473.953,2.696232e-05
-473.914,2.604396e-05
-473.875,2.2629522e-05
-473.836,2.5333983000000002e-05
-473.797,1.8168066e-05
-473.758,2.603439e-05
-473.719,2.9394209999999998e-05
-473.68,1.402054638e-05
-473.641,2.0022770999999998e-05
-473.602,2.294154e-05
-473.564,2.7704858999999997e-05
-473.525,3.9064980000000005e-05
-473.486,3.0478217999999998e-05
-473.447,3.285138e-05
-473.408,2.6451069e-05
-473.369,2.276799e-05
-473.33,2.9421786000000002e-05
-473.291,2.5151877e-05
-473.252,2.2122597e-05
-473.213,3.457359e-05
-473.174,1.923651e-05
-473.135,3.187977e-05
-473.097,2.5620171e-05
-473.058,2.1559026000000003e-05
-473.019,2.2886399999999998e-05
-472.98,1.766535e-05
-472.941,2.3955063000000003e-05
-472.902,2.7775550999999998e-05
-472.863,1.0723773000000002e-05
-472.824,1.7187375e-05
-472.785,3.6346463999999997e-05
-472.746,1.7714538e-05
-472.707,3.1437459e-05
-472.669,2.5047000000000003e-05
-472.63,2.7770652e-05
-472.591,2.44277337e-05
-472.552,1.5428007e-05
-472.513,2.3424090000000004e-05
-472.474,2.4221718e-05
-472.435,2.1442374e-05
-472.396,1.73993502e-05
-472.357,3.0370302000000002e-05
-472.318,3.442593e-05
-472.279,2.7267360000000003e-05
-472.241,2.0765004e-05
-472.202,1.2661638e-05
-472.163,2.6662371e-05
-472.124,2.0837834999999998e-05
-472.085,2.730921e-05
-472.046,2.2660827e-05
-472.007,2.2127937e-05
-471.968,3.466035e-05
-471.929,2.0265593999999998e-05
-471.89,1.6125588e-05
-471.851,2.5758195e-05
-471.812,2.25194088e-05
-471.774,2.9831202000000002e-05
-471.735,1.6737876e-05
-471.696,3.387669e-05
-471.657,2.6273563680000006e-05
-471.618,2.2158033e-05
-471.579,3.347376e-05
-471.54,3.2565000000000004e-05
-471.501,2.2150317e-05
-471.462,2.3099937e-05
-471.423,2.134782e-05
-471.384,1.9914819e-05
-471.346,2.70849e-05
-471.307,1.4449500000000001e-05
-471.268,2.3295798e-05
-471.229,2.623911e-05
-471.19,1.596792e-05
-471.151,2.1502062e-05
-471.112,2.6029071e-05
-471.073,1.8617103e-05
-471.034,2.1314568e-05
-470.995,1.73070501e-05
-470.956,1.7443143e-05
-470.917,2.9062394999999998e-05
-470.879,2.700828e-05
-470.84,1.911807e-05
-470.801,1.2105831e-05
-470.762,1.598538e-05
-470.723,7.72641e-06
-470.684,1.6179066e-05
-470.645,2.903031e-05
-470.606,2.3589090000000004e-05
-470.567,2.859558e-05
-470.528,2.4298689e-05
-470.489,1.7040008999999997e-05
-470.451,2.8456844999999998e-05
-470.412,2.3530242e-05
-470.373,1.8983538e-05
-470.334,1.977477e-05
-470.295,2.6670216000000005e-05
-470.256,1.3879707000000001e-05
-470.217,2.8662915899999995e-05
-470.178,2.8381220999999996e-05
-470.139,2.5503324000000003e-05
-470.1,2.5953219e-05
-470.061,2.1640361999999996e-05
-470.023,2.4361169999999998e-05
-469.984,2.0223414000000002e-05
-469.945,2.09326164e-05
-469.906,1.948176e-05
-469.867,1.4918189999999998e-05
-469.828,1.708197e-05
-469.789,2.8927397999999998e-05
-469.75,2.595936e-05
-469.711,1.9756452000000002e-05
-469.672,2.620716e-05
-469.633,2.457483e-05
-469.594,1.9524819000000002e-05
-469.556,1.1317709999999999e-05
-469.517,1.8200010000000003e-05
-469.478,2.3289683999999998e-05
-469.439,1.61345973e-05
-469.4,2.2552925999999997e-05
-469.361,2.58911154e-05
-469.322,1.7866842e-05
-469.283,1.3071462000000001e-05
-469.244,1.606026e-05
-469.205,2.29113e-05
-469.166,3.227454e-05
-469.128,2.0758350000000004e-05
-469.089,2.4776394000000002e-05
-469.05,2.0059572e-05
-469.011,1.95953937e-05
-468.972,2.773617e-05
-468.933,2.5187565000000004e-05
-468.894,2.046933e-05
-468.855,2.7264933e-05
-468.816,2.31571218e-05
-468.777,2.7721478999999995e-05
-468.738,2.5288298999999997e-05
-468.699,2.0034306000000002e-05
-468.661,2.1491103e-05
-468.622,1.4450781e-05
-468.583,5.551950000000001e-06
-468.544,1.6638015e-05
-468.505,1.2854369999999998e-05
-468.466,2.960487e-05
-468.427,2.5831769999999997e-05
-468.388,2.41798086e-05
-468.349,2.121096e-05
-468.31,3.168177e-05
-468.271,2.4277725e-05
-468.233,2.235591e-05
-468.194,1.5981282e-05
-468.155,2.3185595399999996e-05
-468.116,1.7293881000000002e-05
-468.077,1.808829e-05
-468.038,1.7580018000000004e-05
-467.999,1.3474694999999998e-05
-467.96,2.7757842000000002e-05
-467.921,2.33502e-05
-467.882,1.582503e-05
-467.843,2.1819825e-05
-467.805,1.610769e-05
-467.766,2.8596366e-05
-467.727,2.3283840000000005e-05
-467.688,2.4726740999999997e-05
-467.649,2.7054777e-05
-467.61,2.7693666000000003e-05
-467.571,3.0017625e-05
-467.532,1.998144e-05
-467.493,1.765326e-05
-467.454,2.1933216e-05
-467.415,2.2361493000000004e-05
-467.376,2.2362777e-05
-467.338,2.5190400000000002e-05
-467.299,1.9529373000000003e-05
-467.26,1.729068e-05
-467.221,1.060284e-05
-467.182,2.6545179e-05
-467.143,2.017953e-05
-467.104,3.1074330000000004e-05
-467.065,2.6364629999999997e-05
-467.026,1.953744e-05
-466.987,1.4393819999999999e-05
-466.948,2.128176e-05
-466.91,2.2689447000000002e-05
-466.871,1.0564079999999998e-05
-466.832,2.581053e-05
-466.793,2.2675842e-05
-466.754,2.3338272e-05
-466.715,2.6503334999999997e-05
-466.676,1.5917850000000002e-05
-466.637,1.9656420000000002e-05
-466.598,2.015364e-05
-466.559,1.4730693e-05
-466.52,2.3714037e-05
-466.482,2.9515503e-05
-466.443,2.3111130000000005e-05
-466.404,3.0869838000000004e-05
-466.365,2.3621598000000002e-05
-466.326,3.1179930000000005e-05
-466.287,2.6815013999999998e-05
-466.248,3.1510299e-05
-466.209,1.7594811e-05
-466.17,2.0978505e-05
-466.131,3.6034791e-05
-466.092,2.9470239e-05
-466.053,2.7069990000000003e-05
-466.015,2.0471055e-05
-465.976,3.230304e-05
-465.937,2.853618e-05
-465.898,8.027039999999999e-06
-465.859,2.956467e-05
-465.82,1.6584690000000003e-05
-465.781,1.9523391e-05
-465.742,2.9481288e-05
-465.703,1.9777566000000002e-05
-465.664,1.0794764999999998e-05
-465.625,2.6675031e-05
-465.586,2.6915973000000004e-05
-465.548,9.265623e-06
-465.509,1.5517929000000002e-05
-465.47,1.9663118999999997e-05
-465.431,2.1234447e-05
-465.392,2.3924133e-05
-465.353,1.8270503999999998e-05
-465.314,2.7710262e-05
-465.275,2.2061889000000003e-05
-465.236,2.8130574e-05
-465.197,3.51891e-05
-465.158,3.0047288999999996e-05
-465.12,2.26065e-05
-465.081,2.0273979e-05
-465.042,2.7645447e-05
-465.003,2.3131173e-05
-464.964,2.4912216000000002e-05
-464.925,3.2541426e-05
-464.886,2.7246879e-05
-464.847,2.4633671999999998e-05
-464.808,2.3129495099999997e-05
-464.769,2.6762820000000002e-05
-464.73,2.9636937000000005e-05
-464.692,2.629539e-05
-464.653,2.8206720000000004e-05
-464.614,2.6889593999999998e-05
-464.575,1.956012e-05
-464.536,1.9256586e-05
-464.497,2.4254592e-05
-464.458,2.0722846251000003e-05
-464.419,4.1559060000000004e-05
-464.38,1.9090680000000002e-05
-464.341,3.6153707999999994e-05
-464.302,3.3111299999999996e-05
-464.263,1.8911745e-05
-464.225,2.5939482000000002e-05
-464.186,1.8911922e-05
-464.147,1.5883332e-05
-464.108,2.3139240000000003e-05
-464.069,2.7205884000000003e-05
-464.03,2.3251032e-05
-463.991,2.9311644000000006e-05
-463.952,2.9247699000000002e-05
-463.913,2.86104e-05
-463.874,2.0627232e-05
-463.835,2.1788217000000002e-05
-463.797,3.2114459999999996e-05
-463.758,2.2124054999999997e-05
-463.719,2.5394072999999997e-05
-463.68,2.2709129999999998e-05
-463.641,2.4122652e-05
-463.602,2.770596e-05
-463.563,1.5394442999999997e-05
-463.524,1.945254e-05
-463.485,2.8205610000000004e-05
-463.446,2.8991819999999997e-05
-463.407,2.378139e-05
-463.368,1.6433172e-05
-463.33,3.025218e-05
-463.291,2.5295573999999998e-05
-463.252,1.704615e-05
-463.213,1.5042795e-05
-463.174,2.3079668999999997e-05
-463.135,3.2984403e-05
-463.096,2.6357657999999995e-05
-463.057,3.459885e-05
-463.018,2.78466e-05
-462.979,2.41566e-05
-462.94,2.1247758000000002e-05
-462.902,2.5833368999999998e-05
-462.863,2.3067170999999996e-05
-462.824,2.0475464999999998e-05
-462.785,1.24095e-05
-462.746,3.060951e-05
-462.707,3.0993075e-05
-462.668,2.4125114999999998e-05
-462.629,2.3199285e-05
-462.59,1.4283462e-05
-462.551,3.2983842e-05
-462.512,1.56845028e-05
-462.474,1.74228e-05
-462.435,2.9444799e-05
-462.396,2.6777784000000003e-05
-462.357,2.6307357e-05
-462.318,1.5694629e-05
-462.279,2.8537755e-05
-462.24,1.8597516e-05
-462.201,2.1869919e-05
-462.162,2.1415209000000003e-05
-462.123,1.2958077000000001e-05
-462.084,1.7878334999999997e-05
-462.045,2.07054585e-05
-462.007,2.5966290000000002e-05
-461.968,1.6307781e-05
-461.929,2.9061489e-05
-461.89,2.241249e-05
-461.851,2.192496e-05
-461.812,2.6722977000000002e-05
-461.773,4.810229999999999e-06
-461.734,3.4220820000000004e-05
-461.695,1.5208493999999999e-05
-461.656,2.0725665599999998e-05
-461.617,1.9088547e-05
-461.578,1.381155e-05
-461.54,2.6837226e-05
-461.501,2.415477e-05
-461.462,1.834854e-05
-461.423,1.9691256e-05
-461.384,2.222631e-05
-461.345,7.891572000000001e-06
-461.306,1.360326e-05
-461.267,2.11031901e-05
-461.228,2.3271743100000002e-05
-461.189,2.303091e-05
-461.15,1.898571e-05
-461.112,2.4296766000000005e-05
-461.073,3.210702e-05
-461.034,5.48178e-06
-460.995,2.4981485999999996e-05
-460.956,1.778925e-05
-460.917,1.932699e-05
-460.878,2.0610705e-05
-460.839,2.316474e-05
-460.8,1.113792e-05
-460.761,2.9043599999999998e-05
-460.722,2.4188106000000003e-05
-460.684,2.610606e-05
-460.645,3.3451719e-05
-460.606,2.2647144e-05
-460.567,2.5295339999999998e-05
-460.528,3.0614934e-05
-460.489,3.53218164e-05
-460.45,1.891842e-05
-460.411,2.2389114e-05
-460.372,2.2357332000000004e-05
-460.333,1.5067878000000002e-05
-460.294,2.729073e-05
-460.255,2.8916373e-05
-460.217,2.31421335e-05
-460.178,2.9683199999999997e-05
-460.139,9.457982999999998e-06
-460.1,2.5397819999999997e-05
-460.061,2.7449940000000006e-05
-460.022,2.986521e-05
-459.983,3.3908297999999996e-05
-459.944,3.2520599999999995e-06
-459.905,3.0025922999999996e-05
-459.866,3.2178954e-05
-459.827,4.345968e-05
-459.789,1.6383165e-05
-459.75,2.1758691e-05
-459.711,1.7218878000000002e-05
-459.672,2.419416e-05
-459.633,1.8209534999999998e-05
-459.594,3.021177e-05
-459.555,2.4988557000000002e-05
-459.516,1.8028041e-05
-459.477,1.7369694e-05
-459.438,2.6595768600000003e-05
-459.399,2.0933607e-05
-459.361,3.754353e-05
-459.322,2.901603e-05
-459.283,1.0928349e-05
-459.244,2.6087853000000003e-05
-459.205,2.2492662e-05
-459.166,1.0231200000000001e-05
-459.127,2.3787480000000004e-05
-459.088,2.2856172e-05
-459.049,2.9125671e-05
-459.01,2.078613e-05
-458.971,1.823154e-05
-458.932,2.1024774e-05
-458.894,3.5769978e-05
-458.855,2.472384e-05
-458.816,3.596966999999999e-05
-458.777,1.0131537e-05
-458.738,2.216091e-05
-458.699,2.6008980000000003e-05
-458.66,2.32700955e-05
-458.621,2.1921e-05
-458.582,2.1176516999999996e-05
-458.543,3.111273e-05
-458.504,2.673549e-05
-458.466,2.2750317e-05
-458.427,2.1362871e-05
-458.388,2.1773190000000003e-05
-458.349,2.6443380000000004e-05
-458.31,3.3096048e-05
-458.271,1.9027230000000002e-05
-458.232,1.5861269999999998e-05
-458.193,2.9139105e-05
-458.154,2.9675277000000004e-05
-458.115,2.388819e-05
-458.076,2.4860214e-05
-458.037,2.4805790999999998e-05
-457.999,1.880256e-05
-457.96,2.8763745e-05
-457.921,1.4102517599999999e-05
-457.882,2.1877131000000002e-05
-457.843,2.7521189999999996e-05
-457.804,1.7969369999999996e-05
-457.765,1.4953506e-05
-457.726,2.9730540000000002e-05
-457.687,2.263413e-05
-457.648,1.067001e-05
-457.609,2.4365306999999998e-05
-457.571,3.057825e-05
-457.532,2.394216e-05
-457.493,2.2377090000000002e-05
-457.454,3.41407269e-05
-457.415,1.5496557e-05
-457.376,3.733158e-05
-457.337,2.7086400000000002e-05
-457.298,2.3675085000000002e-05
-457.259,3.0592019999999996e-05
-457.22,3.44582586e-05
-457.181,3.127149e-05
-457.143,1.5924477e-05
-457.104,1.4434022999999997e-05
-457.065,2.5856760000000003e-05
-457.026,1.7527589999999997e-05
-456.987,2.092179e-05
-456.948,1.809099e-05
-456.909,3.0384504e-05
-456.87,1.9918182e-05
-456.831,2.081703e-05
-456.792,2.6549907e-05
-456.753,1.736064e-05
-456.714,1.6608645e-05
-456.676,1.4012339999999999e-05
-456.637,3.199956e-05
-456.598,3.2073210000000004e-05
-456.559,2.928228e-05
-456.52,3.0876954000000004e-05
-456.481,3.0338535e-05
-456.442,2.9384954999999994e-05
-456.403,2.0637648e-05
-456.364,1.7378190000000002e-05
-456.325,2.8398060000000002e-05
-456.286,1.0017330000000002e-05
-456.247,2.713344e-05
-456.209,2.786133e-05
-456.17,1.300569e-05
-456.131,3.3618087e-05
-456.092,2.834832e-05
-456.053,1.7341848e-05
-456.014,3.4901721e-05
-455.975,2.1132182999999998e-05
-455.936,1.9936386e-05
-455.897,2.0471211e-05
-455.858,2.3269473000000004e-05
-455.819,1.0867169999999998e-05
-455.781,2.4104394000000003e-05
-455.742,3.0243e-05
-455.703,3.231705e-05
-455.664,1.6131378e-05
-455.625,2.4134001000000002e-05
-455.586,1.971348e-05
-455.547,2.3767521000000003e-05
-455.508,2.039184e-05
-455.469,1.787358e-05
-455.43,2.1606060000000004e-05
-455.391,2.349855e-06
-455.353,3.25287792e-05
-455.314,2.3968914e-05
-455.275,2.4332939999999995e-05
-455.236,3.023808e-05
-455.197,1.503441e-05
-455.158,3.1091807999999994e-05
-455.119,2.927412e-05
-455.08,3.05502582e-05
-455.041,2.775681e-05
-455.002,1.0583408999999999e-05
-454.963,4.100349e-05
-454.924,3.0848640000000004e-05
-454.886,2.8620705000000002e-05
-454.847,3.7751985e-05
-454.808,3.0240432e-05
-454.769,2.5020771000000003e-05
-454.73,1.2415089e-05
-454.691,2.7443980799999998e-05
-454.652,1.7474301e-05
-454.613,1.89043338e-05
-454.574,3.6291810000000004e-05
-454.535,2.30172e-05
-454.496,2.3362209000000003e-05
-454.458,2.2902282e-05
-454.419,2.92702953e-05
-454.38,2.5528589999999997e-05
-454.341,2.8148753999999998e-05
-454.302,3.7171619999999996e-05
-454.263,1.2026258999999998e-05
-454.224,1.9421379e-05
-454.185,3.2397740999999995e-05
-454.146,2.4552831e-05
-454.107,1.0070010000000001e-05
-454.068,1.939587e-05
-454.03,3.6622809e-05
-453.991,4.640664e-05
-453.952,2.3275460999999998e-05
-453.913,2.462517e-05
-453.874,3.0508629e-05
-453.835,3.3254115e-05
-453.796,2.628552e-05
-453.757,2.9680620000000003e-05
-453.718,2.9175387000000003e-05
-453.679,1.5423105e-05
-453.64,1.993272e-05
-453.602,2.521152e-05
-453.563,3.0462e-05
-453.524,2.49933819e-05
-453.485,1.724256e-05
-453.446,2.175318e-05
-453.407,1.6449537e-05
-453.368,2.2353123e-05
-453.329,3.619293e-05
-453.29,2.1111345e-05
-453.251,2.2285334999999997e-05
-453.212,2.3653068e-05
-453.173,2.55079944e-05
-453.135,1.5095550000000002e-05
-453.096,3.031755e-05
-453.057,3.2721735e-05
-453.018,2.8038777e-05
-452.979,1.9108587e-05
-452.94,1.2414216000000001e-05
-452.901,1.7477205e-05
-452.862,3.153189e-05
-452.823,3.53211e-05
-452.784,2.139348e-05
-452.745,2.7574995e-05
-452.706,2.9766360000000004e-05
-452.668,1.612326e-05
-452.629,3.3541221e-05
-452.59,2.3583699e-05
-452.551,2.329131e-05
-452.512,2.89696332e-05
-452.473,1.7478504e-05
-452.434,2.547711e-05
-452.395,3.490041e-05
-452.356,2.8537572e-05
-452.317,1.58436e-05
-452.278,3.188244e-05
-452.24,2.3555429999999997e-05
-452.201,3.1123104e-05
-452.162,3.0221133000000005e-05
-452.123,2.2106421e-05
-452.084,3.661341e-05
-452.045,2.0179962e-05
-452.006,2.3447859e-05
-451.967,2.0436300000000003e-05
-451.928,1.5998189999999998e-05
-451.889,4.0314165e-05
-451.85,3.56973e-05
-451.812,2.7829650000000002e-05
-451.773,3.0893552999999997e-05
-451.734,3.56967e-05
-451.695,2.3641530000000003e-05
-451.656,2.3556165300000002e-05
-451.617,1.82296833e-05
-451.578,1.880325e-05
-451.539,2.4366986999999997e-05
-451.5,1.768446e-05
-451.461,1.949799e-05
-451.422,3.1433073e-05
-451.383,3.7780319999999996e-05
-451.345,3.509109e-05
-451.306,2.6782170000000004e-05
-451.267,3.5261421e-05
-451.228,1.0040189999999998e-05
-451.189,2.5697256000000002e-05
-451.15,3.205698000000001e-05
-451.111,3.5580533999999996e-05
-451.072,2.7147582e-05
-451.033,2.3626542e-05
-450.994,2.0984451e-05
-450.955,2.6373123e-05
-450.917,3.5247674999999996e-05
-450.878,1.4064201000000001e-05
-450.839,2.8214135999999997e-05
-450.8,3.182481e-05
-450.761,1.438401e-05
-450.722,3.4735298999999997e-05
-450.683,1.87933281e-05
-450.644,1.7815437e-05
-450.605,3.196623e-05
-450.566,2.5769009999999997e-05
-450.527,1.4612546999999998e-05
-450.488,2.2734359999999998e-05
-450.45,2.5093892999999998e-05
-450.411,1.4242731e-05
-450.372,2.039778e-05
-450.333,3.191469e-05
-450.294,3.558528e-05
-450.255,1.6678881e-05
-450.216,3.4373142e-05
-450.177,3.9471599999999997e-05
-450.138,1.9667349e-05
-450.099,2.5250873999999998e-05
-450.06,3.3337379999999996e-05
-450.022,3.1501710000000004e-05
-449.983,1.8145420800000002e-05
-449.944,1.85613e-05
-449.905,2.5199103e-05
-449.866,3.6665814e-05
-449.827,3.2394482999999996e-05
-449.788,1.3709100000000001e-06
-449.749,1.765575e-05
-449.71,1.979775e-05
-449.671,2.2112840099999997e-05
-449.632,3.3482052e-05
-449.594,1.837332e-05
-449.555,2.5957020000000007e-05
-449.516,2.8085699999999998e-05
-449.477,2.170395e-05
-449.438,1.908927e-05
-449.399,2.4059468999999997e-05
-449.36,1.8400581000000003e-05
-449.321,1.4978820000000001e-05
-449.282,3.3910257e-05
-449.243,1.6597311e-05
-449.204,1.9538526e-05
-449.165,2.3617628999999998e-05
-449.127,2.4314069999999996e-05
-449.088,3.135545999999999e-05
-449.049,2.4592794e-05
-449.01,1.34955e-05
-448.971,4.33476e-05
-448.932,2.6689440000000005e-05
-448.893,2.5169249999999996e-05
-448.854,3.151653e-05
-448.815,3.2817192e-05
-448.776,3.3671189999999996e-05
-448.737,2.4208728e-05
-448.698,3.593394e-05
-448.66,3.2159613e-05
-448.621,1.940292e-05
-448.582,1.62464529e-05
-448.543,3.9896994e-05
-448.504,1.3964219999999999e-05
-448.465,2.625861e-05
-448.426,2.3020392000000002e-05
-448.387,1.326603e-05
-448.348,2.5391516999999996e-05
-448.309,1.7103240000000002e-05
-448.27,2.4292455000000002e-05
-448.232,2.3281554e-05
-448.193,2.814378e-05
-448.154,1.3645829999999998e-05
-448.115,2.7727769999999997e-05
-448.076,2.1976404e-05
-448.037,2.8293021e-05
-447.998,2.297382e-05
-447.959,2.8876101000000002e-05
-447.92,1.4938156800000001e-05
-447.881,1.7540947049999998e-05
-447.842,2.0897580000000003e-05
-447.804,2.8616112e-05
-447.765,2.7066119999999996e-05
-447.726,2.0932077e-05
-447.687,1.7786772e-05
-447.648,2.3518392e-05
-447.609,2.1729509999999997e-05
-447.57,3.608469e-05
-447.531,3.532881e-05
-447.492,2.8535337e-05
-447.453,1.3560513e-05
-447.414,2.6777691e-05
-447.375,2.072121e-05
-447.337,4.856708999999999e-05
-447.298,2.134935e-05
-447.259,1.6808508000000002e-05
-447.22,2.257938e-05
-447.181,2.4446511e-05
-447.142,1.9856832e-05
-447.103,4.699518e-05
-447.064,3.4472069999999996e-05
-447.025,1.074993e-05
-446.986,2.658015e-05
-446.947,1.7215284e-05
-446.909,1.2447516e-05
-446.87,3.79503e-05
-446.831,1.883187e-05
-446.792,2.6026020000000003e-05
-446.753,4.006893e-05
-446.714,2.8779569999999996e-05
-446.675,1.74665169e-05
-446.636,3.0561509999999996e-05
-446.597,2.8391001000000003e-05
-446.558,3.6600771e-05
-446.519,2.776437e-05
-446.481,1.755162e-05
-446.442,2.095959e-05
-446.403,1.473816e-05
-446.364,-9.155640000000002e-06
-446.325,5.79228e-06
-446.286,1.7401050000000002e-05
-446.247,2.3892329999999997e-05
-446.208,1.520793e-05
-446.169,1.249533e-05
-446.13,2.880993e-05
-446.091,2.9326058999999998e-05
-446.052,1.1228211e-05
-446.014,1.405263e-05
-445.975,3.1532340000000006e-05
-445.936,2.388552e-05
-445.897,1.632201e-05
-445.858,2.02611e-05
-445.819,2.4661583999999997e-05
-445.78,7.547264999999999e-06
-445.741,3.5792460000000004e-05
-445.702,2.90641587e-05
-445.663,3.612075e-05
-445.624,3.7746989999999996e-05
-445.586,2.2691069999999998e-05
-445.547,8.769029999999997e-06
-445.508,2.4628422e-05
-445.469,3.4348188e-05
-445.43,3.090312e-05
-445.391,3.7366289999999994e-05
-445.352,2.594394e-05
-445.313,3.585117e-05
-445.274,1.9740354e-05
-445.235,2.204202e-05
-445.196,2.387613e-05
-445.157,1.7073963e-05
-445.119,1.3443725999999997e-05
-445.08,2.1921444e-05
-445.041,2.7008130000000002e-05
-445.002,2.2255158000000002e-05
-444.963,3.5403927e-05
-444.924,2.370972e-05
-444.885,3.3539850000000004e-05
-444.846,2.7968969999999997e-05
-444.807,1.643199e-05
-444.768,1.4690582999999998e-05
-444.729,1.2288851999999999e-05
-444.691,1.8829086e-05
-444.652,3.093024e-05
-444.613,2.8136868000000004e-05
-444.574,1.1711181e-05
-444.535,3.956658e-05
-444.496,2.121012e-05
-444.457,2.8009767e-05
-444.418,3.4948374e-05
-444.379,2.1223427999999997e-05
-444.34,2.8847562e-05
-444.301,1.6501467e-05
-444.263,2.99202e-05
-444.224,2.4325109999999996e-05
-444.185,3.135507e-05
-444.146,1.4662317e-05
-444.107,1.485642e-05
-444.068,2.0249433e-05
-444.029,2.4750474000000002e-05
-443.99,2.8286145000000003e-05
-443.951,-1.9878000000000083e-07
-443.912,-7.300643999999999e-06
-443.873,4.0948623e-05
-443.834,2.511828e-05
-443.796,3.2478294e-05
-443.757,2.311662e-05
-443.718,2.7578369999999998e-05
-443.679,3.7994099999999996e-05
-443.64,2.7937191e-05
-443.601,1.5797442e-05
-443.562,2.7548556e-05
-443.523,1.546416e-05
-443.484,1.345056e-05
-443.445,3.8455469999999996e-05
-443.406,1.7805843000000003e-05
-443.367,1.95618e-05
-443.329,4.1441580000000005e-05
-443.29,2.1540213e-05
-443.251,8.646869999999998e-06
-443.212,1.0946514e-05
-443.173,3.035244e-05
-443.134,4.8958620000000004e-05
-443.095,2.2625169e-05
-443.056,2.96897703e-05
-443.017,1.1675928000000001e-05
-442.978,2.9844801000000005e-05
-442.939,2.8679724e-05
-442.901,2.1027900000000002e-05
-442.862,2.727762e-05
-442.823,3.2030798999999996e-05
-442.784,1.980156e-05
-442.745,3.16467e-05
-442.706,2.269839e-05
-442.667,-1.0596750000000001e-06
-442.628,-5.106099e-06
-442.589,1.180161e-05
-442.55,2.4498866999999997e-05
-442.511,3.0566064e-05
-442.473,1.1371469999999999e-05
-442.434,1.1967096000000002e-05
-442.395,1.8600420000000007e-05
-442.356,3.1684365e-05
-442.317,2.6344080000000003e-05
-442.278,1.9380591e-05
-442.239,2.243706e-05
-442.2,2.965272e-05
-442.161,7.9859949e-06
-442.122,3.7764870000000006e-05
-442.083,1.7592209999999998e-05
-442.044,3.2434827000000004e-05
-442.006,2.4952248e-05
-441.967,3.0463808999999996e-05
-441.928,3.846444e-05
-441.889,2.9168580000000003e-05
-441.85,3.2767935e-05
-441.811,1.663422e-05
-441.772,3.3113781e-05
-441.733,1.6829349000000002e-05
-441.694,3.65886e-05
-441.655,2.16024102e-05
-441.616,1.828005e-05
-441.578,3.6189494999999996e-05
-441.539,1.450653e-05
-441.5,1.7472087600000002e-05
-441.461,1.7515979999999998e-05
-441.422,2.0794950000000003e-05
-441.383,2.8501332e-05
-441.344,3.3366882e-05
-441.305,-2.0630399999999994e-06
-441.266,2.8215389999999997e-05
-441.227,2.3985936e-05
-441.188,1.0882259999999998e-05
-441.15,2.0337513e-05
-441.111,3.614862e-05
-441.072,2.9591292e-05
-441.033,1.5466043999999998e-05
-440.994,1.9564338e-05
-440.955,3.030483e-05
-440.916,1.631256e-05
-440.877,3.01512e-05
-440.838,3.523019999999999e-06
-440.799,1.8788055e-05
-440.76,2.7269511e-05
-440.721,2.736072e-05
-440.683,2.2124552999999996e-05
-440.644,3.3796229999999995e-05
-440.605,2.3625624000000002e-05
-440.566,3.501519e-05
-440.527,1.665948e-05
-440.488,4.1448770999999996e-05
-440.449,4.629477000000001e-05
-440.41,4.196309999999999e-06
-440.371,1.35635364e-05
-440.332,1.3038659999999998e-05
-440.293,2.4910349999999998e-05
-440.255,3.6286377e-05
-440.216,1.710336e-05
-440.177,2.1638385e-05
-440.138,4.1284149e-05
-440.099,2.471538e-05
-440.06,9.794144999999998e-06
-440.021,2.8737630000000003e-05
-439.982,7.326327e-06
-439.943,5.0553279e-05
-439.904,2.0858178000000003e-05
-439.865,1.0421925e-05
-439.826,9.933792e-06
-439.788,3.3154632000000004e-05
-439.749,4.009326e-05
-439.71,3.978639e-05
-439.671,1.8871905e-05
-439.632,3.6703606799999995e-05
-439.593,3.4238667000000004e-05
-439.554,2.7886139999999997e-05
-439.515,3.7943880000000006e-05
-439.476,3.341823822e-05
-439.437,3.8290830000000005e-05
-439.398,1.016076e-05
-439.36,3.046626e-05
-439.321,2.4545355000000004e-05
-439.282,2.907033e-05
-439.243,3.512724000000001e-05
-439.204,2.5713900000000005e-05
-439.165,4.746648e-05
-439.126,2.0803659e-05
-439.087,2.4573807e-05
-439.048,2.556423e-05
-439.009,2.412861e-05
-438.97,1.705368e-05
-438.931,2.6653260000000002e-05
-438.893,2.5585626000000002e-05
-438.854,4.627254e-05
-438.815,3.679275e-05
-438.776,3.132078e-05
-438.737,1.8617909999999997e-05
-438.698,2.0893041e-05
-438.659,9.257688e-06
-438.62,7.3995e-06
-438.581,1.4297105999999999e-05
-438.542,2.427582e-05
-438.503,3.4882875e-05
-438.465,2.328927e-05
-438.426,1.5023670000000001e-05
-438.387,3.7011072e-05
-438.348,1.926345e-05
-438.309,2.6807949e-05
-438.27,4.2449952e-05
-438.231,2.0870496000000002e-05
-438.192,3.097665e-05
-438.153,2.2601073000000002e-05
-438.114,1.621836e-05
-438.075,1.7922933e-05
-438.037,1.718433e-05
-437.998,3.7097460000000006e-05
-437.959,2.7086769e-05
-437.92,3.2572997999999996e-05
-437.881,1.9717980000000002e-05
-437.842,3.1063199999999965e-07
-437.803,1.4050620000000002e-05
-437.764,7.99224e-06
-437.725,1.8146598e-05
-437.686,2.3010072000000002e-05
-437.647,1.8544422e-05
-437.608,2.5537251e-05
-437.57,3.612066e-05
-437.531,3.242415e-05
-437.492,3.3521541e-05
-437.453,3.088608e-05
-437.414,3.689703e-05
-437.375,2.0721003000000002e-05
-437.336,2.469864e-05
-437.297,2.4326286e-05
-437.258,4.523313e-05
-437.219,2.4769226999999997e-05
-437.18,3.1625006999999995e-05
-437.142,1.631802e-05
-437.103,2.672268e-05
-437.064,1.5202587e-05
-437.025,2.6548143e-05
-436.986,4.0207383000000004e-05
-436.947,2.3087580000000004e-05
-436.908,4.47879e-05
-436.869,2.11605e-05
-436.83,7.30587e-06
-436.791,1.95507957e-05
-436.752,1.34801376e-05
-436.714,2.3700900000000002e-05
-436.675,5.6462547e-05
-436.636,1.9380210000000002e-05
-436.597,3.0660825e-05
-436.558,3.3153524999999995e-05
-436.519,1.9660656e-05
-436.48,2.400915e-05
-436.441,2.6986740000000003e-05
-436.402,4.000032e-05
-436.363,2.098491e-05
-436.324,3.938499e-05
-436.285,4.091898e-05
-436.247,1.959336e-05
-436.208,3.094419e-05
-436.169,1.4726919000000002e-05
-436.13,4.7778777e-05
-436.091,1.5027989999999998e-05
-436.052,2.073465e-05
-436.013,2.940627e-05
-435.974,2.029162356e-05
-435.935,3.619095e-05
-435.896,3.8115476999999995e-05
-435.857,4.6939080000000005e-05
-435.819,2.3585885999999996e-05
-435.78,1.5363719999999998e-05
-435.741,3.559302e-05
-435.702,3.422358e-05
-435.663,4.4342790000000004e-05
-435.624,4.39323e-05
-435.585,2.0273622e-05
-435.546,3.3179328000000006e-05
-435.507,2.8905093e-05
-435.468,3.8196114e-05
-435.429,3.793839474e-05
-435.39,1.0276020000000001e-05
-435.352,2.7967200000000002e-05
-435.313,2.446428e-05
-435.274,2.6277261e-05
-435.235,1.4930601e-05
-435.196,3.273291e-05
-435.157,2.0000669999999998e-05
-435.118,2.2830603e-05
-435.079,2.0926319999999998e-05
-435.04,2.143356e-05
-435.001,1.8417e-05
-434.962,1.1450997e-05
-434.924,2.537139e-05
-434.885,1.194933e-05
-434.846,2.3228390999999998e-05
-434.807,3.802719e-05
-434.768,7.54233e-06
-434.729,3.770676e-05
-434.69,4.258829999999999e-06
-434.651,4.229601000000001e-05
-434.612,3.404193e-05
-434.573,1.4212617e-05
-434.534,3.7822266e-05
-434.495,1.959174e-05
-434.457,3.3387834e-05
-434.418,3.8755200000000005e-05
-434.379,4.709576700000001e-05
-434.34,5.2089030000000004e-05
-434.301,3.0235677000000003e-05
-434.262,3.4389225e-05
-434.223,3.137808e-05
-434.184,3.2326107e-05
-434.145,2.3530229999999996e-05
-434.106,5.7703997999999996e-05
-434.067,1.96794e-05
-434.029,1.0328369999999999e-05
-433.99,2.9438850000000004e-05
-433.951,1.2360168e-05
-433.912,2.4527864999999997e-05
-433.873,3.5320785e-05
-433.834,3.5180202e-05
-433.795,4.3187652e-05
-433.756,3.1034988000000004e-05
-433.717,3.2220774e-05
-433.678,1.575597e-05
-433.639,5.6796810000000006e-05
-433.6,4.4341224e-05
-433.562,1.8343715999999996e-05
-433.523,9.308838e-06
-433.484,3.02169e-05
-433.445,1.3530281999999999e-05
-433.406,3.0042116999999998e-05
-433.367,3.3772884e-05
-433.328,2.016807e-05
-433.289,2.4751316399999998e-05
-433.25,3.5285835e-05
-433.211,4.00782e-05
-433.172,1.970661e-05
-433.134,4.6200000000000005e-05
-433.095,3.62613e-05
-433.056,1.5529872000000002e-05
-433.017,2.1785250000000003e-05
-432.978,1.7804639999999996e-06
-432.939,4.1276400000000003e-05
-432.9,8.669192999999999e-06
-432.861,2.922021e-05
-432.822,1.7391320100000004e-05
-432.783,1.2096138000000002e-05
-432.744,2.5331700000000003e-05
-432.706,4.653296999999999e-06
-432.667,3.0432054e-05
-432.628,2.284929e-05
-432.589,4.94922e-05
-432.55,4.2373530000000006e-05
-432.511,1.1538960000000001e-05
-432.472,5.100039e-06
-432.433,3.880815e-05
-432.394,2.4624849000000003e-05
-432.355,3.922515e-05
-432.316,2.01096e-05
-432.277,1.5094199999999999e-05
-432.239,2.2317549e-05
-432.2,4.024281e-05
-432.161,3.6517020000000004e-05
-432.122,6.047099999999998e-07
-432.083,2.5228799999999995e-06
-432.044,1.2777945e-05
-432.005,1.8768705e-05
-431.966,4.123647e-05
-431.927,3.0449874e-05
-431.888,5.731539e-05
-431.849,2.4772134e-05
-431.811,1.2697440000000003e-05
-431.772,1.679628e-05
-431.733,2.7932316900000002e-05
-431.694,2.5310568e-05
-431.655,2.9122563000000003e-05
-431.616,2.375691e-05
-431.577,1.8309899999999984e-06
-431.538,4.9432262999999996e-05
-431.499,2.54424e-05
-431.46,2.1504449999999997e-05
-431.421,3.1754028e-05
-431.383,1.807638e-05
-431.344,2.27724e-05
-431.305,6.293186999999999e-05
-431.266,2.4896922000000002e-05
-431.227,1.8696627e-05
-431.188,2.4970116e-05
-431.149,1.953174e-05
-431.11,1.4107703999999998e-05
-431.071,2.9982840000000003e-05
-431.032,3.7821600000000004e-05
-430.993,2.721228e-05
-430.954,1.9460649000000002e-05
-430.916,3.0213678e-05
-430.877,3.671388e-05
-430.838,3.7732869e-05
-430.799,2.9462069999999998e-05
-430.76,1.690887e-05
-430.721,4.418094e-05
-430.682,-1.2424500000000011e-06
-430.643,7.389975e-06
-430.604,1.5609375e-05
-430.565,3.4489979999999994e-06
-430.526,6.423507e-05
-430.488,3.7434396e-05
-430.449,3.033675e-05
-430.41,4.9153589999999996e-05
-430.371,3.0752238000000004e-05
-430.332,3.95166e-05
-430.293,2.4151290000000003e-05
-430.254,2.6801367e-05
-430.215,7.012155000000001e-06
-430.176,1.3734108000000001e-05
-430.137,2.5610159999999998e-05
-430.098,1.5074730000000002e-05
-430.059,3.454953e-05
-430.021,2.078706e-05
-429.982,2.3824986e-05
-429.943,4.396071000000001e-06
-429.904,2.5756463999999998e-05
-429.865,1.2124758e-05
-429.826,3.58922181e-05
-429.787,2.51742e-05
-429.748,1.4860895700000001e-05
-429.709,1.306218e-05
-429.67,2.7943169999999998e-05
-429.631,1.2811197e-05
-429.593,2.721132e-05
-429.554,6.566669339999999e-05
-429.515,2.6418662999999997e-05
-429.476,1.2234818100000001e-05
-429.437,3.7242240000000003e-05
-429.398,2.9183100000000002e-05
-429.359,6.030371999999999e-06
-429.32,2.6373359999999998e-05
-429.281,2.2062839999999998e-05
-429.242,2.894286e-05
-429.203,-1.3780319999999999e-05
-429.164,3.2214798e-05
-429.126,7.096815000000001e-06
-429.087,3.550077e-05
-429.048,4.57701e-06
-429.009,1.4103389999999999e-05
-428.97,2.51913e-05
-428.931,3.473484e-05
-428.892,1.547616e-05
-428.853,2.63997e-06
-428.814,1.1173080000000002e-05
-428.775,2.0505899999999996e-05
-428.736,2.5416930000000006e-05
-428.698,2.9176017e-05
-428.659,2.6292299999999997e-06
-428.62,3.4018560000000004e-05
-428.581,1.9657539e-05
-428.542,1.6975698000000002e-05
-428.503,2.3430419999999996e-05
-428.464,1.278717e-05
-428.425,5.7715667399999996e-05
-428.386,3.1522071e-05
-428.347,1.4696460000000001e-05
-428.308,1.855209e-05
-428.27,1.749768e-05
-428.231,2.955315e-05
-428.192,1.5642393000000002e-05
-428.153,1.735881e-05
-428.114,3.1012008e-05
-428.075,4.450905e-05
-428.036,3.749235e-05
-427.997,2.4413384999999998e-05
-427.958,1.5724388999999998e-05
-427.919,2.9562749999999997e-05
-427.88,1.4522679e-05
-427.841,2.238108e-05
-427.803,2.7832080000000003e-05
-427.764,4.563411e-05
-427.725,8.063631e-06
-427.686,2.6425578e-05
-427.647,3.1721163e-05
-427.608,2.8472040000000004e-05
-427.569,2.8493013e-05
-427.53,2.5893300000000003e-06
-427.491,3.1515129e-05
-427.452,4.9821432e-05
-427.413,3.575484e-05
-427.375,4.0628069999999996e-05
-427.336,3.115944e-05
-427.297,2.4987560999999998e-05
-427.258,1.6998749999999995e-06
-427.219,1.537596e-05
-427.18,1.8292209000000002e-05
-427.141,4.8284519999999996e-05
-427.102,2.00471664e-05
-427.063,4.056639e-06
-427.024,2.21181e-06
-426.985,2.8786169999999997e-05
-426.946,3.039e-05
-426.908,3.0311574000000002e-05
-426.869,3.331827000000001e-05
-426.83,3.1630638000000006e-05
-426.791,3.333075e-05
-426.752,4.3410029999999995e-05
-426.713,4.129119e-05
-426.674,1.588068e-05
-426.635,9.16854e-06
-426.596,3.0952244999999995e-05
-426.557,1.3054488000000002e-05
-426.518,1.3797720000000001e-05
-426.48,2.9262450000000003e-05
-426.441,2.060931e-05
-426.402,-1.5753672000000002e-06
-426.363,3.814851e-05
-426.324,1.4517606e-05
-426.285,1.9958328e-05
-426.246,6.091665e-05
-426.207,2.7820206e-05
-426.168,3.4001669999999995e-05
-426.129,1.2138822e-05
-426.09,-1.9745610000000005e-06
-426.051,1.3825440000000001e-05
-426.013,2.5940535e-05
-425.974,7.65927e-06
-425.935,2.9290674e-05
-425.896,1.26109452e-05
-425.857,2.0566296e-05
-425.818,2.2975347e-05
-425.779,-3.091701e-06
-425.74,3.09470082e-05
-425.701,9.5940219e-06
-425.662,2.1037308e-05
-425.623,3.880053e-05
-425.585,2.1108000000000002e-05
-425.546,1.9765566e-05
-425.507,2.0548919999999997e-05
-425.468,3.829887600000001e-05
-425.429,9.14538e-06
-425.39,3.100773e-05
-425.351,2.0225309999999998e-05
-425.312,2.3269650000000002e-05
-425.273,3.353043e-05
-425.234,3.3905789999999996e-05
-425.195,3.0010469999999998e-05
-425.157,1.746213e-05
-425.118,1.5112410000000002e-05
-425.079,2.4325323000000002e-05
-425.04,3.0332670000000004e-06
-425.001,5.661330000000002e-06
-424.962,2.0002437e-05
-424.923,1.0630599e-05
-424.884,8.929860000000001e-06
-424.845,2.8973610000000004e-05
-424.806,1.8234899999999997e-05
-424.767,3.332685e-05
-424.728,1.2387660000000002e-05
-424.69,1.2861594e-05
-424.651,2.4065475e-05
-424.612,6.970791000000001e-06
-424.573,3.4764714e-05
-424.534,2.6125560000000003e-05
-424.495,3.2658660000000004e-05
-424.456,3.7820328e-05
-424.417,5.5824414e-05
-424.378,3.6108660000000006e-05
-424.339,3.65497251e-05
-424.3,2.9672124e-05
-424.262,5.6227890000000004e-05
-424.223,-2.796420000000001e-06
-424.184,2.89205658e-05
-424.145,1.68573111e-05
-424.106,3.5874804e-05
-424.067,3.0385742999999997e-05
-424.028,1.15167e-06
-423.989,-2.3205479999999997e-06
-423.95,2.961669e-05
-423.911,7.432056000000001e-06
-423.872,4.066533000000001e-05
-423.833,2.0283867e-05
-423.795,3.5216999999999992e-06
-423.756,3.4893018e-05
-423.717,5.1524310000000005e-05
-423.678,1.279569e-05
-423.639,3.5819154e-05
-423.6,5.39763063e-05
-423.561,6.185094e-05
-423.522,2.2880159999999995e-05
-423.483,3.0364949999999998e-05
-423.444,2.6395371000000002e-05
-423.405,1.1540489999999998e-05
-423.367,1.2865658999999999e-05
-423.328,3.843213e-05
-423.289,2.245644e-05
-423.25,3.2491979999999997e-06
-423.211,2.7424398000000002e-05
-423.172,9.30273e-06
-423.133,5.2770269999999996e-05
-423.094,9.74706e-06
-423.055,2.2949406000000004e-05
-423.016,3.588984e-05
-422.977,3.085986e-05
-422.939,4.050702e-05
-422.9,-6.5065199999999975e-06
-422.861,4.3227480000000004e-05
-422.822,4.3666197e-05
-422.783,2.7214589999999998e-05
-422.744,4.8683250000000005e-05
-422.705,2.6882849999999996e-05
-422.666,-9.827399999999998e-07
-422.627,1.547613e-05
-422.588,7.45914e-06
-422.549,9.988349999999997e-06
-422.51,4.4376908999999997e-05
-422.472,2.3506679999999995e-05
-422.433,2.236953e-05
-422.394,2.234244e-05
-422.355,2.315808e-05
-422.316,3.9484079999999996e-05
-422.277,2.025981e-05
-422.238,4.033653e-05
-422.199,2.219484e-05
-422.16,2.3208447e-05
-422.121,2.0838714e-05
-422.082,2.8454249999999996e-05
-422.044,4.5965211e-05
-422.005,3.2879789999999996e-05
-421.966,1.1033009999999998e-05
-421.927,1.8154787999999998e-05
-421.888,2.757849e-05
-421.849,9.060315e-06
-421.81,2.2116102000000002e-05
-421.771,3.364314e-05
-421.732,2.7179549999999996e-05
-421.693,2.6251019999999998e-05
-421.654,9.75969e-06
-421.615,3.9978089999999995e-05
-421.577,4.056498e-05
-421.538,1.8853692e-05
-421.499,1.6940259e-05
-421.46,1.4973905999999999e-05
-421.421,1.5092774999999995e-05
-421.382,2.7863838e-05
-421.343,7.438779900000001e-05
-421.304,2.957625e-05
-421.265,-4.424280000000001e-06
-421.226,4.4980229999999995e-05
-421.187,4.39386e-05
-421.149,1.9069590000000004e-05
-421.11,1.566345e-05
-421.071,2.6060985e-05
-421.032,-2.6194170000000005e-06
-420.993,5.704847999999999e-06
-420.954,5.4452699999999995e-05
-420.915,4.053903e-05
-420.876,2.9671530000000004e-05
-420.837,3.48228e-06
-420.798,3.8565935999999995e-05
-420.759,3.69546144e-05
-420.72,5.964414000000001e-06
-420.682,-2.774789999999997e-06
-420.643,6.6594300000000005e-06
-420.604,2.3998766999999994e-05
-420.565,1.8782469e-05
-420.526,4.545972e-05
-420.487,2.067543e-05
-420.448,2.182962e-05
-420.409,4.586259e-05
-420.37,6.990098999999999e-05
-420.331,3.887961e-05
-420.292,3.954015e-05
-420.254,3.316176e-05
-420.215,3.829866e-05
-420.176,1.6356600000000076e-07
-420.137,1.472217e-05
-420.098,4.521333e-05
-420.059,2.8858542000000003e-05
-420.02,9.141515999999996e-06
-419.981,5.2749836999999995e-05
-419.942,4.930005e-05
-419.903,8.505039e-06
-419.864,1.5233943000000001e-05
-419.826,7.309002e-05
-419.787,4.062479099999999e-05
-419.748,6.268919999999999e-06
-419.709,3.772329e-05
-419.67,2.215833e-05
-419.631,3.5120346e-05
-419.592,1.9684296e-05
-419.553,2.0444982000000002e-05
-419.514,9.09078e-06
-419.475,1.083450000000001e-06
-419.436,2.4559169999999998e-05
-419.397,1.151748e-05
-419.359,3.033402e-05
-419.32,2.9337270000000002e-05
-419.281,2.33883e-05
-419.242,7.449242999999999e-06
-419.203,5.5878678000000004e-05
-419.164,3.54220098e-05
-419.125,2.2455779999999998e-05
-419.086,1.28897079e-05
-419.047,1.126182e-05
-419.008,3.8861358e-05
-418.969,4.4598359999999994e-05
-418.931,1.6711500000000004e-05
-418.892,3.1390410000000004e-05
-418.853,4.1826415499999996e-05
-418.814,1.42798173e-05
-418.775,-4.3701600000000015e-06
-418.736,3.901895099999999e-05
-418.697,6.0289980000000006e-05
-418.658,2.7695046000000004e-05
-418.619,1.2609119999999999e-05
-418.58,2.75892e-05
-418.541,7.3410000000000005e-06
-418.503,1.394496e-05
-418.464,4.2974370000000004e-05
-418.425,8.094600000000002e-06
-418.386,1.5916499999999994e-06
-418.347,6.695436000000001e-05
-418.308,4.4090616e-05
-418.269,2.527146e-05
-418.23,-5.748929999999997e-06
-418.191,3.7194441e-05
-418.152,3.9864059999999994e-05
-418.113,1.468422e-05
-418.074,4.111185e-05
-418.036,6.744887999999999e-05
-417.997,2.84082e-05
-417.958,5.485242e-05
-417.919,2.4584100000000004e-05
-417.88,5.541444e-05
-417.841,5.9815979999999996e-05
-417.802,7.25958e-05
-417.763,5.819069999999999e-05
-417.724,-1.0479870000000002e-06
-417.685,1.8712529999999996e-05
-417.646,4.405763999999999e-05
-417.608,4.1871660000000005e-05
-417.569,2.5555016999999998e-05
-417.53,4.6288199999999995e-05
-417.491,5.7765183e-05
-417.452,-8.329401000000001e-06
-417.413,7.2134400000000005e-06
-417.374,1.434123e-05
-417.335,1.1370299999999999e-06
-417.296,1.8626703e-05
-417.257,5.646699e-05
-417.218,1.2114732e-05
-417.179,2.70102e-05
-417.141,1.1066459999999997e-05
-417.102,3.873153e-05
-417.063,1.3195896000000003e-05
-417.024,6.585809999999999e-06
-416.985,4.2901199999999995e-05
-416.946,5.350135499999999e-05
-416.907,5.4582540000000004e-05
-416.868,-2.660610000000003e-06
-416.829,-6.525e-06
-416.79,6.665964e-05
-416.751,1.06343091e-05
-416.713,-5.557200000000006e-07
-416.674,4.1919749999999995e-05
-416.635,3.6219434999999997e-05
-416.596,5.035671e-05
-416.557,1.1391836999999998e-05
-416.518,6.380451e-05
-416.479,1.2786000000000003e-05
-416.44,2.7862290000000005e-05
-416.401,4.169859e-05
-416.362,3.7750250999999996e-05
-416.323,-1.3120401000000003e-05
-416.284,-4.566360000000001e-06
-416.246,4.0982529e-05
-416.207,1.9221990000000003e-05
-416.168,3.3017106e-05
-416.129,3.0526110000000006e-05
-416.09,1.8592686e-05
-416.051,5.13756e-05
-416.012,5.2392330000000005e-05
-415.973,-1.9593689999999994e-05
-415.934,2.319978e-05
-415.895,3.5448783000000005e-05
-415.856,2.5065089999999998e-05
-415.818,3.627e-05
-415.779,1.62054e-05
-415.74,1.5017067e-05
-415.701,4.1630409000000005e-05
-415.662,-2.1965187000000002e-05
-415.623,4.4258142e-05
-415.584,7.022346000000001e-06
-415.545,2.661177e-05
-415.506,3.0268083e-05
-415.467,1.5368382e-05
-415.428,1.900869e-05
-415.389,3.5912178e-05
-415.351,-8.706179999999998e-07
-415.312,6.435645e-05
-415.273,-1.065411e-05
-415.234,2.7965948999999997e-05
-415.195,3.507827999999999e-05
-415.156,1.0320360000000001e-05
-415.117,2.65587e-05
-415.078,2.3607411e-05
-415.039,1.8956387999999997e-05
-415.0,1.819083e-05
-414.961,1.985025e-05
-414.923,1.388217e-05
-414.884,3.834477e-05
-414.845,8.011674e-05
-414.806,3.137805e-05
-414.767,2.4412019999999997e-05
-414.728,-1.7489751000000002e-05
-414.689,5.339819999999999e-05
-414.65,2.73465e-05
-414.611,2.2863149999999998e-05
-414.572,6.5208e-06
-414.533,3.0121806000000003e-05
-414.495,-4.4186999999999997e-07
-414.456,1.2224181e-05
-414.417,1.877634e-05
-414.378,2.91267e-05
-414.339,2.638095e-05
-414.3,1.873014e-05
-414.261,8.055629999999998e-06
-414.222,-4.2759000000000093e-07
-414.183,-1.0454292e-05
-414.144,5.913654000000001e-05
-414.105,3.4367429999999994e-05
-414.066,2.592381e-06
-414.028,2.3856749999999998e-05
-413.989,1.0427399999999992e-06
-413.95,1.747491e-05
-413.911,-1.3419149999999998e-05
-413.872,2.0013405e-05
-413.833,1.1834580000000002e-05
-413.794,3.466878e-05
-413.755,2.493987e-05
-413.716,3.9957600000000005e-05
-413.677,6.034032e-05
-413.638,2.085057e-05
-413.6,1.178196e-05
-413.561,8.360472e-05
-413.522,1.6220807999999997e-05
-413.483,5.2544609999999985e-06
-413.444,1.2868979999999999e-05
-413.405,2.96201088e-05
-413.366,-1.5207308999999999e-05
-413.327,2.4102024e-05
-413.288,-8.49432e-06
-413.249,1.4894246999999999e-05
-413.21,3.722424e-05
-413.172,2.8781640000000002e-05
-413.133,4.135593e-05
-413.094,4.9997250000000007e-05
-413.055,3.244286999999999e-05
-413.016,1.8419793e-05
-412.977,2.3959941000000003e-05
-412.938,-1.0406580000000002e-06
-412.899,6.877985999999999e-05
-412.86,2.10742665e-05
-412.821,5.075532300000001e-05
-412.782,-7.539869999999993e-07
-412.743,2.759739e-05
-412.705,2.6246189999999995e-05
-412.666,3.5697027e-05
-412.627,2.096946e-05
-412.588,2.584926e-05
-412.549,2.4534909000000003e-05
-412.51,3.922485e-05
-412.471,1.4106000000000081e-07
-412.432,2.5489733999999997e-05
-412.393,5.39974479e-05
-412.354,3.219654e-05
-412.315,1.3834499999999998e-05
-412.277,1.2222300000000002e-05
-412.238,2.513814e-05
-412.199,-2.466480000000003e-06
-412.16,3.2646816e-05
-412.121,2.3687655000000004e-05
-412.082,3.037917e-05
-412.043,-1.0894530000000001e-05
-412.004,3.65964e-05
-411.965,5.021577e-05
-411.926,3.127167e-05
-411.887,1.8484049999999998e-05
-411.848,-3.1473959999999975e-06
-411.81,4.540788e-05
-411.771,2.6025299999999988e-06
-411.732,7.367973000000001e-05
-411.693,3.795459e-06
-411.654,-4.20183e-06
-411.615,4.581009e-05
-411.576,3.6665400000000006e-06
-411.537,4.065116999999999e-05
-411.498,3.250305000000001e-05
-411.459,3.86944599e-05
-411.42,1.95222e-05
-411.382,-7.381356000000011e-07
-411.343,2.8137479999999998e-05
-411.304,6.350358e-05
-411.265,2.6782428e-05
-411.226,7.170035999999999e-05
-411.187,2.041869e-05
-411.148,3.2418630000000004e-05
-411.109,5.105109e-05
-411.07,2.3175840000000002e-05
-411.031,4.9969920000000006e-05
-410.992,2.8091549999999997e-05
-410.953,6.5799e-05
-410.915,4.8235109999999996e-05
-410.876,-1.4754377999999999e-05
-410.837,-1.8364647300000004e-05
-410.798,7.153965e-05
-410.759,5.3443118999999995e-05
-410.72,1.1982329999999997e-05
-410.681,-1.3247924999999999e-05
-410.642,2.5769850000000002e-05
-410.603,2.2831914e-05
-410.564,-1.2308609999999998e-05
-410.525,2.2858374e-05
-410.487,1.73395449e-05
-410.448,5.196927e-05
-410.409,2.7724349999999998e-05
-410.37,5.3014008e-05
-410.331,5.9738400000000006e-06
-410.292,4.5340755e-05
-410.253,2.046144e-05
-410.214,6.059319e-05
-410.175,-5.600490000000001e-06
-410.136,2.829009e-05
-410.097,9.727166999999999e-05
-410.059,3.229512e-05
-410.02,4.8316859999999995e-05
-409.981,3.9110523e-05
-409.942,-3.3610349999999996e-06
-409.903,-5.900819999999998e-06
-409.864,4.12656e-05
-409.825,6.82182e-06
-409.786,1.4693649e-05
-409.747,5.6832060000000005e-05
-409.708,3.662592e-05
-409.669,2.7637164000000002e-05
-409.63,6.0509729999999996e-05
-409.592,1.8580440000000005e-05
-409.553,-2.5510410000000006e-05
-409.514,2.7882681e-05
-409.475,4.181406e-05
-409.436,3.1448991e-05
-409.397,3.261762e-05
-409.358,1.745547e-05
-409.319,2.35584e-05
-409.28,1.4854139999999998e-05
-409.241,1.40841e-05
-409.202,5.292354e-05
-409.164,8.522817e-05
-409.125,5.8025217e-05
-409.086,1.206297e-05
-409.047,-3.1898280000000005e-05
-409.008,1.4987769000000001e-05
-408.969,3.0635699999999994e-06
-408.93,4.804317e-05
-408.891,-5.517000000000002e-07
-408.852,1.516407e-05
-408.813,1.5022881e-05
-408.774,7.036101e-05
-408.735,3.959436e-05
-408.697,3.116889e-05
-408.658,2.915814e-05
-408.619,-2.5605000000000003e-06
-408.58,2.6540141999999995e-05
-408.541,4.4152409999999995e-05
-408.502,6.874800000000001e-07
-408.463,2.780913e-05
-408.424,3.460398e-05
-408.385,8.012817e-05
-408.346,1.5115740000000001e-05
-408.307,1.3564817999999999e-05
-408.269,2.078835e-05
-408.23,3.0964905e-05
-408.191,2.6009283e-05
-408.152,2.310561e-05
-408.113,2.1254934e-05
-408.074,8.800983000000001e-05
-408.035,6.703581e-05
-407.996,6.420192e-05
-407.957,2.1726780000000002e-05
-407.918,3.158031e-05
-407.879,2.0176101e-05
-407.84,2.0023799999999966e-06
-407.802,5.4973079999999996e-05
-407.763,9.551999999999955e-07
-407.724,2.72529e-05
-407.685,1.8836823e-05
-407.646,1.9362933e-05
-407.607,8.091534e-05
-407.568,-9.413151000000001e-06
-407.529,1.391043e-05
-407.49,5.9728740000000006e-06
-407.451,2.44114197e-05
-407.412,3.13479e-05
-407.374,2.1715068e-05
-407.335,-4.2873294e-05
-407.296,5.295033e-05
-407.257,3.345018e-05
-407.218,-3.941690999999999e-06
-407.179,6.029799e-05
-407.14,2.163333e-05
-407.101,2.962113e-05
-407.062,4.7926038e-05
-407.023,4.9914815999999996e-05
-406.984,5.5715039999999994e-05
-406.946,3.718302e-05
-406.907,3.070374e-05
-406.868,2.243769e-05
-406.829,-3.0588450000000004e-05
-406.79,1.320247518e-05
-406.751,1.882488e-05
-406.712,2.8954259999999995e-05
-406.673,2.7309594000000004e-05
-406.634,4.884360000000001e-06
-406.595,7.160578500000001e-05
-406.556,7.581809999999999e-05
-406.517,8.797077e-05
-406.479,7.2446399999999995e-06
-406.44,5.598747e-05
-406.401,7.86849e-06
-406.362,6.053529e-05
-406.323,5.665785e-05
-406.284,1.2504779999999998e-05
-406.245,5.2587960000000016e-05
-406.206,7.12314e-06
-406.167,-1.0860720000000004e-05
-406.128,2.997162e-05
-406.089,2.7535529999999996e-05
-406.051,6.917999999999999e-07
-406.012,2.9007119999999997e-05
-405.973,4.472418e-05
-405.934,5.123481000000001e-05
-405.895,1.6473558e-05
-405.856,4.206383099999999e-05
-405.817,1.6530357e-05
-405.778,-1.7322875999999997e-05
-405.739,1.330197e-05
-405.7,4.658877e-06
-405.661,5.1363624e-05
-405.622,5.272539e-05
-405.584,3.705687e-05
-405.545,2.1770631000000003e-05
-405.506,4.057176000000001e-05
-405.467,4.3634060999999996e-05
-405.428,3.609749999999997e-06
-405.389,-7.66986e-06
-405.35,6.540861e-05
-405.311,3.97575e-06
-405.272,2.9458049999999998e-05
-405.233,2.460558e-05
-405.194,5.412669e-05
-405.156,2.760237e-05
-405.117,6.0119580000000005e-05
-405.078,1.6903089e-05
-405.039,2.9476917e-05
-405.0,-2.168220000000001e-06
-404.961,2.7032051999999997e-05
-404.922,-1.826793e-05
-404.883,7.355958e-05
-404.844,7.100904000000001e-05
-404.805,-2.049297e-05
-404.766,5.802482999999999e-05
-404.728,2.5491270000000002e-05
-404.689,-2.681577e-05
-404.65,6.889572e-05
-404.611,2.6861847000000003e-05
-404.572,4.755957e-05
-404.533,5.901239999999999e-06
-404.494,5.43033e-05
-404.455,5.333637e-05
-404.416,-3.7627200000000005e-05
-404.377,-2.457132e-05
-404.338,2.4984530999999996e-05
-404.299,1.7050794e-05
-404.261,4.590945e-05
-404.222,3.08199e-05
-404.183,2.898366e-05
-404.144,6.504470999999999e-05
-404.105,7.528409999999997e-06
-404.066,-3.166206e-05
-404.027,-1.004163e-05
-403.988,1.381713000000003e-06
-403.949,-1.9573554e-05
-403.91,5.9942552999999996e-05
-403.871,1.918953e-05
-403.833,4.491303e-05
-403.794,6.862935e-05
-403.755,8.331089999999998e-06
-403.716,3.160296e-06
-403.677,2.258934e-05
-403.638,2.469444e-05
-403.599,5.8693199999999996e-06
-403.56,5.700507000000001e-06
-403.521,6.600656999999999e-05
-403.482,2.338407e-05
-403.443,2.8175700000000002e-05
-403.404,7.688040000000001e-06
-403.366,5.187753e-05
-403.327,1.0952429999999999e-05
-403.288,4.2690119999999994e-05
-403.249,2.65893e-05
-403.21,2.558259e-05
-403.171,-9.349860000000002e-06
-403.132,-4.8513000000000005e-06
-403.093,-4.5127259999999995e-05
-403.054,-2.5926119999999997e-05
-403.015,1.3511190000000001e-05
-402.976,4.111452e-05
-402.938,1.1844135e-05
-402.899,8.630991e-06
-402.86,5.2637789999999985e-05
-402.821,3.2412834e-05
-402.782,4.383792e-05
-402.743,-1.2277860000000004e-05
-402.704,-2.2098809999999997e-05
-402.665,-3.5427599999999982e-06
-402.626,2.0445659999999997e-05
-402.587,4.9768559999999994e-05
-402.548,8.739627000000001e-05
-402.509,2.55231e-05
-402.471,6.488595e-05
-402.432,4.1335188000000004e-05
-402.393,-9.542609999999993e-06
-402.354,0.00012907587
-402.315,1.1843280000000001e-05
-402.276,7.535073e-05
-402.237,2.6304828000000003e-05
-402.198,0.000103068
-402.159,-1.8762869999999997e-05
-402.12,4.562249999999997e-06
-402.081,6.225045e-05
-402.043,2.2095147e-05
-402.004,3.3334749000000005e-05
-401.965,-2.538507e-05
-401.926,5.254230000000002e-06
-401.887,-4.235043e-05
-401.848,8.771460000000001e-05
-401.809,8.627069999999999e-06
-401.77,5.9897219999999994e-05
-401.731,5.6614856999999995e-05
-401.692,7.653714e-05
-401.653,-1.3122000000000008e-06
-401.615,-2.8412640000000002e-05
-401.576,9.13665e-05
-401.537,4.9590045e-05
-401.498,8.161550999999999e-05
-401.459,7.398791999999999e-05
-401.42,4.604553000000001e-06
-401.381,2.1778800000000002e-06
-401.342,5.725050000000002e-06
-401.303,2.5029731999999996e-05
-401.264,-2.7614429999999996e-05
-401.225,3.617124e-05
-401.186,5.4440400000000035e-06
-401.148,4.504332e-05
-401.109,-9.702269999999998e-06
-401.07,-7.107185999999999e-06
-401.031,5.121705e-05
-400.992,5.727976199999999e-05
-400.953,-2.179051500000001e-05
-400.914,2.9599620000000002e-05
-400.875,1.3364354999999997e-05
-400.836,4.219035e-05
-400.797,2.586099e-05
-400.758,7.99023e-06
-400.72,2.7578820000000002e-05
-400.681,5.297406000000001e-05
-400.642,2.4663779999999998e-05
-400.603,-1.5263040000000002e-05
-400.564,-1.999656e-05
-400.525,1.327998e-05
-400.486,7.244541e-05
-400.447,4.687685099999999e-05
-400.408,3.61038e-05
-400.369,1.4005979999999998e-05
-400.33,1.4847149999999999e-05
-400.292,-2.459853e-05
-400.253,5.9411909999999993e-05
-400.214,8.930975999999999e-06
-400.175,2.2351599000000002e-05
-400.136,-5.1249690000000004e-05
-400.097,2.209638e-05
-400.058,3.816750000000001e-05
-400.019,-3.1184100000000004e-06
-399.98,-6.301079999999997e-06
-399.941,7.48935069e-06
-399.902,8.216492999999999e-05
-399.863,5.5662294e-05
-399.825,3.1567119e-05
-399.786,1.941396e-05
-399.747,-5.774709000000001e-05
-399.708,9.503220000000002e-06
-399.669,3.4720529999999996e-05
-399.63,3.8524518e-05
-399.591,1.6122720000000005e-05
-399.552,1.0225889999999999e-05
-399.513,1.1651819999999999e-05
-399.474,2.2378109999999997e-06
-399.435,2.4443100000000016e-06
-399.397,4.393659e-05
-399.358,-5.434200000000003e-07
-399.319,5.5163789999999995e-05
-399.28,8.440194e-05
-399.241,6.299874e-05
-399.202,2.8258520999999998e-05
-399.163,2.7410919e-05
-399.124,5.2768409999999995e-05
-399.085,1.2305963999999999e-05
-399.046,3.431247e-05
-399.007,-3.155217e-05
-398.968,1.749651e-05
-398.93,3.627165e-05
-398.891,-2.9521713e-05
-398.852,1.4838450000000004e-05
-398.813,1.2638565e-05
-398.774,1.662921e-05
-398.735,1.7214147e-05
-398.696,1.887168e-05
-398.657,3.43029e-06
-398.618,4.390626e-05
-398.579,2.8914027000000002e-05
-398.54,7.119324e-05
-398.502,1.576047e-05
-398.463,3.4662140400000004e-05
-398.424,2.5539912e-05
-398.385,2.5381473e-05
-398.346,7.311228000000002e-05
-398.307,-3.563300999999999e-05
-398.268,8.330850000000002e-06
-398.229,8.700423e-05
-398.19,-1.915992e-05
-398.151,1.1170799999999968e-06
-398.112,-2.3887349999999998e-05
-398.073,8.103861e-05
-398.035,9.777582e-05
-397.996,0.0001149507
-397.957,3.537141e-05
-397.918,5.6770964999999986e-05
-397.879,-1.5461729999999997e-05
-397.84,4.1432394000000004e-05
-397.801,1.0555830000000004e-05
-397.762,6.36552e-05
-397.723,5.653134000000001e-05
-397.684,3.2957688000000005e-05
-397.645,-8.776650000000004e-07
-397.607,7.19325e-05
-397.568,4.1145270000000005e-05
-397.529,6.268214999999999e-05
-397.49,4.5943169999999995e-05
-397.451,5.014602e-05
-397.412,5.403906e-05
-397.373,-2.1745448999999998e-05
-397.334,2.367462e-05
-397.295,-2.1251789999999998e-05
-397.256,-1.2576360000000004e-05
-397.217,-2.036025e-05
-397.178,2.229636e-05
-397.14,5.944253699999999e-05
-397.101,3.200286e-05
-397.062,-2.311668e-05
-397.023,-2.7600059999999997e-05
-396.984,3.5364281999999994e-05
-396.945,4.0234830000000005e-05
-396.906,4.0362629999999994e-05
-396.867,-1.5111119999999998e-05
-396.828,3.5540238e-05
-396.789,3.5341229999999995e-05
-396.75,3.2842326299999995e-05
-396.712,-4.371951e-05
-396.673,4.956615e-05
-396.634,-3.829626996000001e-05
-396.595,1.8659001e-05
-396.556,-2.2117583999999996e-05
-396.517,7.960290000000001e-05
-396.478,5.8661160000000004e-05
-396.439,3.218364e-05
-396.4,3.048180000000001e-06
-396.361,2.0406237e-05
-396.322,5.795429999999999e-06
-396.284,4.358076e-05
-396.245,4.6651559999999996e-05
-396.206,8.345719499999999e-05
-396.167,-8.324189999999998e-06
-396.128,6.11199e-05
-396.089,1.6952445e-05
-396.05,1.4415e-05
-396.011,5.339699999999999e-06
-395.972,-9.325460999999999e-05
-395.933,6.43716e-05
-395.894,1.5920520000000003e-05
-395.855,4.634249999999999e-05
-395.817,2.626674e-05
-395.778,3.0652761e-05
-395.739,5.843732999999999e-05
-395.7,8.376359999999995e-06
-395.661,7.1103159e-05
-395.622,1.4383260000000002e-05
-395.583,7.918152e-05
-395.544,2.7687360000000003e-05
-395.505,5.128322999999999e-05
-395.466,2.4105479999999993e-05
-395.427,-2.689356e-05
-395.389,7.3014363e-05
-395.35,-1.149816e-05
-395.311,-9.987933e-06
-395.272,4.098018e-05
-395.233,-3.512664e-05
-395.194,2.2877429999999998e-05
-395.155,7.9512339e-06
-395.116,4.1248710000000004e-05
-395.077,4.043595e-05
-395.038,4.7073114e-05
-394.999,-1.6198110000000004e-05
-394.96,5.6792250000000005e-05
-394.922,-3.999561e-05
-394.883,3.666363e-05
-394.844,5.537301e-05
-394.805,6.479768280000001e-05
-394.766,1.222326e-05
-394.727,-4.2750000000000226e-07
-394.688,5.8810650000000006e-05
-394.649,6.468855e-05
-394.61,1.895406e-05
-394.571,1.297113e-05
-394.532,2.352045e-05
-394.494,3.933612e-05
-394.455,6.651045e-05
-394.416,3.9942090000000004e-05
-394.377,4.220976e-05
-394.338,-1.395087e-05
-394.299,5.2388129999999996e-05
-394.26,-3.797099999999999e-05
-394.221,3.3660660000000005e-05
-394.182,-5.2453650000000006e-05
-394.143,7.59933e-06
-394.104,-6.956399999999999e-06
-394.066,-7.496099999999998e-06
-394.027,3.800091e-05
-393.988,5.129526e-05
-393.949,-1.9184214000000003e-05
-393.91,-1.5806040000000004e-05
-393.871,8.20419e-06
-393.832,4.642910999999999e-05
-393.793,3.642230999999999e-05
-393.754,2.8641269999999998e-05
-393.715,1.819272e-05
-393.676,8.6271255e-05
-393.637,-4.135833e-06
-393.599,0.00011498037000000001
-393.56,-2.2894866000000004e-05
-393.521,5.080488e-05
-393.482,1.6104618e-05
-393.443,-1.7878020000000002e-05
-393.404,-1.2092699999999966e-07
-393.365,1.834992e-05
-393.326,5.55159e-05
-393.287,3.3574748999999996e-05
-393.248,6.671871e-05
-393.209,4.7982510000000004e-05
-393.171,-1.3712940000000005e-05
-393.132,7.356369e-05
-393.093,-3.598305e-05
-393.054,-6.474468e-05
-393.015,1.5240780000000004e-05
-392.976,-3.6952799999999996e-05
-392.937,1.1085360000000004e-06
-392.898,1.220472e-05
-392.859,0.00011264315999999998
-392.82,3.2505060000000006e-05
-392.781,1.5684467999999998e-05
-392.742,2.29938e-05
-392.704,1.378092e-05
-392.665,-1.2367293599999998e-05
-392.626,4.982477999999999e-05
-392.587,4.738649999999998e-06
-392.548,2.61099e-05
-392.509,0.00010355511
-392.47,6.153729e-06
-392.431,3.3894501e-05
-392.392,3.4211367e-05
-392.353,-2.2248120000000003e-05
-392.314,3.4819499999999994e-05
-392.276,2.2023419999999998e-05
-392.237,2.1146568000000004e-05
-392.198,-1.0318238999999997e-05
-392.159,2.7171299999999985e-06
-392.12,-1.3191522000000001e-05
-392.081,7.588455e-05
-392.042,7.39491885e-05
-392.003,1.7633880000000003e-05
-391.964,4.5471629999999995e-05
-391.925,5.837414999999999e-05
-391.886,8.083535999999999e-05
-391.848,1.5699030000000002e-05
-391.809,9.866798999999998e-05
-391.77,2.034963e-05
-391.731,-3.4508130000000005e-05
-391.692,5.858138999999999e-05
-391.653,5.628564e-05
-391.614,-7.0686300000000025e-06
-391.575,-2.4316590000000003e-05
-391.536,2.8371209999999998e-05
-391.497,6.274602899999999e-05
-391.458,-1.9045619999999997e-05
-391.419,-1.3960017000000002e-05
-391.381,3.5204699999999975e-06
-391.342,4.8181415999999996e-05
-391.303,-6.392907e-05
-391.264,4.9759337999999994e-05
-391.225,-6.744485999999998e-06
-391.186,2.1263910000000002e-05
-391.147,2.602728e-05
-391.108,9.465449999999948e-07
-391.069,6.813702e-05
-391.03,3.9209580000000003e-05
-390.991,0.00010253946000000001
-390.953,-1.7919960000000002e-05
-390.914,3.4762917000000005e-05
-390.875,4.8269789999999996e-05
-390.836,-1.9418849999999998e-05
-390.797,5.059973999999999e-05
-390.758,3.870825e-05
-390.719,4.732527e-05
-390.68,9.548604e-05
-390.641,6.059679e-05
-390.602,5.582919e-05
-390.563,-4.1711789999999995e-05
-390.524,9.384747e-05
-390.486,8.412828e-05
-390.447,5.5548870000000004e-05
-390.408,2.916612e-05
-390.369,0.00014899439999999998
-390.33,4.8952260000000006e-05
-390.291,6.531507e-05
-390.252,5.865740999999999e-05
-390.213,-3.0873183e-05
-390.174,-1.1327490000000007e-05
-390.135,3.2274899999999993e-06
-390.096,-7.5035337e-05
-390.058,-2.296992e-06
-390.019,-8.648849999999998e-06
-389.98,-1.1399160000000001e-05
-389.941,2.047281e-05
-389.902,1.666002e-05
-389.863,-8.428650000000001e-06
-389.824,7.134819e-05
-389.785,3.2218199999999996e-05
-389.746,4.621994999999994e-06
-389.707,2.35716e-05
-389.668,4.633275000000001e-05
-389.629,6.986295e-05
-389.591,3.400662e-05
-389.552,1.0957139999999998e-05
-389.513,-5.831100000000004e-06
-389.474,4.2908130000000006e-05
-389.435,3.5278500000000013e-06
-389.396,5.885349e-05
-389.357,5.2331790000000005e-05
-389.318,4.0962426e-05
-389.279,-7.943526000000002e-06
-389.24,0.00012742533
-389.201,0.00010680312000000001
-389.163,-5.8231650000000003e-05
-389.124,8.430387e-05
-389.085,1.9946445e-05
-389.046,-3.413706e-05
-389.007,-7.468497000000003e-06
-388.968,3.778589999999995e-06
-388.929,8.078394e-05
-388.89,-2.4348e-05
-388.851,1.389105e-05
-388.812,6.873081e-05
-388.773,4.087854e-05
-388.734,8.52372e-06
-388.696,1.321371000000001e-05
-388.657,5.173143e-05
-388.618,1.1907741e-05
-388.579,6.203511e-05
-388.54,4.469148e-05
-388.501,-2.2423950000000004e-05
-388.462,1.1584043999999993e-05
-388.423,3.662187e-05
-388.384,3.007242e-05
-388.345,2.8980660000000002e-05
-388.306,2.831142e-05
-388.268,4.4262000000000004e-05
-388.229,1.955004e-05
-388.19,3.6374499e-05
-388.151,1.7019149999999998e-05
-388.112,2.798436e-05
-388.073,-8.26743e-06
-388.034,-6.041802e-05
-387.995,0.0001227135
-387.956,5.862900000000059e-07
-387.917,5.149526999999999e-06
-387.878,1.905891e-05
-387.84,-2.0092859999999996e-05
-387.801,7.511433e-05
-387.762,6.107532e-05
-387.723,-3.9292980000000003e-05
-387.684,3.2345852999999996e-05
-387.645,5.1534299999999975e-06
-387.606,2.642154e-05
-387.567,2.0369580000000008e-05
-387.528,3.346449e-05
-387.489,2.8753529999999997e-05
-387.45,1.995237e-05
-387.411,-1.5523619999999996e-05
-387.373,-3.133194e-05
-387.334,8.26065e-05
-387.295,3.9492345e-05
-387.256,3.1040168999999997e-05
-387.217,5.7304545e-05
-387.178,7.42746e-06
-387.139,-1.136841e-05
-387.1,3.625005e-05
-387.061,-4.70097e-05
-387.022,0.00011944356
-386.983,0.00011933497799999999
-386.945,7.674321e-05
-386.906,1.0525439999999999e-05
-386.867,4.6570799999999984e-06
-386.828,8.120020499999999e-05
-386.789,-4.4007209999999995e-05
-386.75,6.418851e-05
-386.711,3.236447999999999e-05
-386.672,2.288304e-05
-386.633,3.062700000000002e-06
-386.594,4.5496950000000005e-05
-386.555,5.1069534e-05
-386.517,6.770022000000001e-05
-386.478,9.694463999999999e-05
-386.439,2.931201e-05
-386.4,2.8585680000000002e-05
-386.361,-5.368052999999999e-05
-386.322,-4.1258159999999995e-05
-386.283,-1.907469e-05
-386.244,1.9605909000000003e-05
-386.205,0.00011699648999999998
-386.166,6.763692e-05
-386.127,4.210821000000001e-05
-386.088,1.2779220000000001e-05
-386.05,5.1319230000000004e-05
-386.011,8.535678e-05
-385.972,3.08810922e-05
-385.933,1.8163095000000002e-05
-385.894,-8.5887e-07
-385.855,-2.1151140000000004e-05
-385.816,-1.3537919999999998e-05
-385.777,4.8189990000000004e-05
-385.738,5.863278e-05
-385.699,-2.2693556999999998e-05
-385.66,4.530834e-05
-385.622,-6.15933e-05
-385.583,6.190224000000001e-05
-385.544,6.7755144e-05
-385.505,-2.0485182000000002e-05
-385.466,3.6423900000000027e-06
-385.427,5.829299999999997e-06
-385.388,8.840846999999999e-05
-385.349,3.9324102e-05
-385.31,-8.604291e-05
-385.271,4.367688e-05
-385.232,7.788957e-05
-385.193,5.511878999999999e-05
-385.155,1.680096e-05
-385.116,9.524933999999999e-05
-385.077,-1.0187999999999998e-05
-385.038,4.403046e-05
-384.999,5.763383100000001e-05
-384.96,9.047796000000001e-05
-384.921,0.00010821894
-384.882,4.5861240000000003e-05
-384.843,9.696633e-05
-384.804,3.2512200000000004e-05
-384.765,-5.166147e-05
-384.727,4.688658e-05
-384.688,-1.954794e-05
-384.649,9.876852000000001e-05
-384.61,7.839999000000001e-05
-384.571,7.307699999999999e-07
-384.532,5.720403e-05
-384.493,-8.944041e-06
-384.454,-1.6058331e-05
-384.415,-1.365195e-05
-384.376,5.469858e-05
-384.337,0.00013020759
-384.298,-1.1951400000000005e-06
-384.26,9.706620000000008e-06
-384.221,3.337200000000003e-07
-384.182,8.835195e-05
-384.143,1.481999999999997e-06
-384.104,-2.7780540000000002e-05
-384.065,-5.199600000000007e-07
-384.026,5.1606599999999995e-05
-383.987,3.1043910000000003e-05
-383.948,4.260399e-05
-383.909,6.931152e-05
-383.87,4.9484511e-05
-383.832,7.150296000000001e-05
-383.793,1.043856e-05
-383.754,-2.8297289999999997e-05
-383.715,-1.2778761e-05
-383.676,6.863469e-05
-383.637,1.3345176000000002e-05
-383.598,0.00012174057000000001
-383.559,8.174442e-06
-383.52,6.0454319999999996e-05
-383.481,2.5403250000000008e-05
-383.442,1.622619e-05
-383.404,1.2796950000000001e-05
-383.365,-8.306874e-05
-383.326,7.05711e-05
-383.287,3.9773219999999995e-05
-383.248,-3.065115e-05
-383.209,-6.097385999999999e-05
-383.17,-1.5532200000000058e-07
-383.131,5.493120000000001e-05
-383.092,2.1094179e-05
-383.053,8.28735e-05
-383.014,5.956218000000001e-05
-382.975,7.977367649999999e-05
-382.937,2.7540261e-05
-382.898,4.8068279999999994e-05
-382.859,-1.3780949999999999e-05
-382.82,0.00011001807000000001
-382.781,1.0474394999999999e-05
-382.742,-2.1902639999999992e-05
-382.703,-8.756489999999998e-06
-382.664,-3.2109002999999995e-05
-382.625,-5.6110409999999984e-05
-382.586,7.699887e-05
-382.547,7.917926999999999e-05
-382.509,3.728157e-05
-382.47,-6.675900000000012e-07
-382.431,7.146867000000001e-05
-382.392,8.756619000000002e-05
-382.353,-1.9957079999999998e-05
-382.314,0.00012657315
-382.275,7.024968e-05
-382.236,-2.0632890000000006e-05
-382.197,1.6246499999999998e-06
-382.158,7.739220000000001e-05
-382.119,3.4510050000000003e-05
-382.08,2.229285e-05
-382.042,8.894697e-05
-382.003,7.6583271e-05
-381.964,5.506731e-05
-381.925,6.982479e-06
-381.886,-3.788395949999999e-05
-381.847,-1.0510199999999986e-06
-381.808,3.356055e-05
-381.769,-5.6003346e-05
-381.73,7.3006479e-05
-381.691,9.827172e-05
-381.652,4.486809e-05
-381.614,9.548699999999999e-06
-381.575,0.00010169028
-381.536,-1.3980299999999999e-05
-381.497,1.6353831e-05
-381.458,0.00011975819999999999
-381.419,-4.162209000000001e-05
-381.38,7.134693000000002e-05
-381.341,4.3133087999999996e-05
-381.302,3.3831057000000004e-05
-381.263,8.908407e-05
-381.224,-1.060221e-05
-381.186,2.1433710000000005e-05
-381.147,-2.489511e-05
-381.108,2.8508070000000004e-05
-381.069,9.083934e-05
-381.03,6.349155e-05
-380.991,-5.663196900000001e-05
-380.952,0.00018266835
-380.913,-6.465567e-05
-380.874,2.92396191e-05
-380.835,3.549737999999999e-05
-380.796,0.00019365270000000002
-380.757,0.0001096266
-380.719,2.938872e-05
-380.68,9.280329e-05
-380.641,1.5116579999999997e-05
-380.602,-6.673809e-05
-380.563,0.000133122
-380.524,8.56809e-06
-380.485,5.884509e-05
-380.446,-7.799964e-05
-380.407,-3.8876193e-05
-380.368,5.5997280000000016e-06
-380.329,-4.2909570000000005e-05
-380.291,-1.337679e-05
-380.252,0.00012594203999999998
-380.213,0.00011825103
-380.174,1.2734900999999995e-05
-380.135,-1.2824220000000003e-05
-380.096,-4.5495900000000006e-05
-380.057,-3.7189349999999997e-05
-380.018,-2.8695780000000006e-05
-379.979,4.27206e-06
-379.94,0.00012217667999999998
-379.901,8.598291000000001e-05
-379.862,6.218121000000001e-05
-379.824,-5.229420000000001e-05
-379.785,-1.2306e-06
-379.746,2.9786879999999996e-05
-379.707,-4.561158e-05
-379.668,-4.878192e-05
-379.629,-6.738894e-05
-379.59,0.00010872991800000001
-379.551,0.00011304135
-379.512,7.512282e-05
-379.473,-6.736938000000001e-05
-379.434,2.987151e-05
-379.396,8.818378500000001e-05
-379.357,-1.204668e-05
-379.318,-7.873802999999999e-05
-379.279,1.0868022e-05
-379.24,8.663421e-05
-379.201,8.474433e-05
-379.162,5.417592e-05
-379.123,-3.5338439999999996e-05
-379.084,8.2413696e-05
-379.045,7.899119999999999e-05
-379.006,-4.5024299999999995e-05
-378.967,8.828856e-05
-378.929,1.6618155e-05
-378.89,4.256853e-05
-378.851,-4.233639e-05
-378.812,-7.955043e-05
-378.773,2.4878337000000003e-05
-378.734,2.999751e-05
-378.695,3.7485246000000004e-05
-378.656,6.511458e-05
-378.617,1.3184309999999996e-05
-378.578,-4.9323e-06
-378.539,-7.34409e-05
-378.501,2.543991e-05
-378.462,0.00011026827000000001
-378.423,7.436876999999999e-05
-378.384,5.4822749999999996e-05
-378.345,7.000185e-05
-378.306,6.3010608e-05
-378.267,4.393272e-05
-378.228,3.813501e-05
-378.189,3.10242e-05
-378.15,-4.638756e-05
-378.111,3.8055869999999994e-05
-378.073,7.195734e-05
-378.034,9.752265000000001e-05
-377.995,6.125409e-05
-377.956,0.00017066601000000002
-377.917,0.00010902149999999999
-377.878,-4.4828129999999994e-05
-377.839,-0.00010963454999999999
-377.8,-8.051519999999997e-06
-377.761,-2.8177740000000002e-05
-377.722,-6.210954000000001e-05
-377.683,6.3012135e-05
-377.644,-2.7898800000000106e-06
-377.606,-1.3735109999999999e-05
-377.567,4.625341199999999e-05
-377.528,7.823316e-05
-377.489,2.1931979999999998e-05
-377.45,2.9459060999999994e-05
-377.411,-1.0923630000000002e-05
-377.372,-4.64346e-05
-377.333,0.00017561189999999998
-377.294,9.172683e-05
-377.255,0.00010801671000000001
-377.216,3.2827710000000005e-05
-377.178,9.096458999999999e-05
-377.139,6.822003000000005e-06
-377.1,-4.1912879999999995e-05
-377.061,7.216985100000001e-05
-377.022,0.00010140846000000002
-376.983,3.6931410000000004e-05
-376.944,8.761800000000022e-07
-376.905,-5.5818300000000034e-06
-376.866,5.4210045e-05
-376.827,4.629342e-05
-376.788,-3.727938e-05
-376.749,2.7639419999999996e-05
-376.711,-4.0098360000000006e-05
-376.672,6.288687e-05
-376.633,-6.224783999999999e-05
-376.594,0.00013855389
-376.555,0.00010853220000000001
-376.516,-1.392204000000001e-05
-376.477,8.18142e-06
-376.438,5.495712e-05
-376.399,5.3734169999999996e-05
-376.36,1.01673585e-05
-376.321,3.355547999999999e-05
-376.283,7.809200999999998e-05
-376.244,4.349226e-05
-376.205,5.4195059999999996e-05
-376.166,9.045003e-05
-376.127,5.862297e-05
-376.088,7.976718e-05
-376.049,3.0973410000000005e-05
-376.01,0.0001719777
-375.971,-5.0775779999999994e-05
-375.932,0.00010749459
-375.893,-4.5965399999999985e-06
-375.854,1.5949199999999986e-06
-375.816,-4.2950370000000006e-05
-375.777,3.457743e-05
-375.738,9.699363e-05
-375.699,1.1570460000000001e-05
-375.66,7.265103e-05
-375.621,4.9511640000000005e-05
-375.582,-3.5990370000000005e-05
-375.543,-2.2710591e-05
-375.504,6.668874e-05
-375.465,6.573119999999998e-06
-375.426,7.567914e-05
-375.388,-0.00011521242000000001
-375.349,5.3599919999999996e-05
-375.31,5.117406e-05
-375.271,-3.204030000000004e-06
-375.232,7.552155e-05
-375.193,6.751293000000001e-05
-375.154,7.1216547e-05
-375.115,-9.59478e-06
-375.076,5.9740799999999996e-06
-375.037,0.0001213026
-374.998,7.819680000000001e-06
-374.96,2.3849667e-05
-374.921,-3.622734e-05
-374.882,3.060432e-05
-374.843,3.327243e-05
-374.804,0.00012003030000000002
-374.765,6.505401e-05
-374.726,-1.522014e-05
-374.687,5.974566e-05
-374.648,0.000113531838
-374.609,-1.1096220000000002e-05
-374.57,-4.726929e-05
-374.531,0.00011125755
-374.493,-1.2383609999999997e-05
-374.454,-1.2779724000000003e-05
-374.415,5.0569559999999995e-05
-374.376,5.429361000000001e-05
-374.337,-3.417024e-05
-374.298,-1.1009901e-05
-374.259,-9.106230000000001e-06
-374.22,-3.464727e-05
-374.181,-6.731850000000001e-06
-374.142,-3.790068e-05
-374.103,3.3412290000000005e-05
-374.065,0.00011007057
-374.026,7.512468000000001e-05
-373.987,2.9896620000000002e-05
-373.948,0.00013383633
-373.909,-2.1906989999999995e-05
-373.87,8.643420390000001e-05
-373.831,8.109089999999999e-05
-373.792,-1.45894935e-05
-373.753,3.0180899999999994e-05
-373.714,6.0191742e-05
-373.675,7.822886999999999e-05
-373.637,6.152879999999998e-06
-373.598,0.00011404737
-373.559,-9.413142000000001e-06
-373.52,2.579235e-05
-373.481,-2.030472e-05
-373.442,5.31858e-05
-373.403,1.5026849999999997e-05
-373.364,-8.190861000000002e-05
-373.325,5.2721129999999994e-05
-373.286,1.564773e-05
-373.247,8.292066e-05
-373.208,-1.4837100000000004e-05
-373.17,0.00011765978999999998
-373.131,4.20168e-05
-373.092,-4.751268e-05
-373.053,-4.350600000000005e-06
-373.014,1.5164189999999999e-05
-372.975,-7.763699999999986e-07
-372.936,5.596983e-05
-372.897,4.0189497e-05
-372.858,1.9611900000000004e-05
-372.819,-8.11587e-05
-372.78,0.00011230944000000002
-372.742,8.403510000000002e-06
-372.703,7.693782000000002e-05
-372.664,6.12723e-05
-372.625,3.703626e-05
-372.586,5.4478890000000004e-05
-372.547,-1.3774889999999998e-05
-372.508,6.298439999999999e-05
-372.469,-1.9405590000000002e-05
-372.43,-5.112429e-05
-372.391,4.972554e-05
-372.352,-2.6104850999999994e-05
-372.313,1.968843e-05
-372.275,8.999406000000001e-05
-372.236,6.3559005e-05
-372.197,2.027907e-05
-372.158,8.279046e-05
-372.119,3.68874e-05
-372.08,5.443110000000001e-05
-372.041,-1.2498480000000003e-05
-372.002,-5.221019999999999e-05
-371.963,0.00011894088
-371.924,0.00010478526000000001
-371.885,5.004059999999999e-06
-371.847,8.477823000000001e-05
-371.808,5.7051483e-05
-371.769,0.00012216339
-371.73,4.8410970000000006e-05
-371.691,-6.771822e-05
-371.652,5.0902431e-05
-371.613,5.26077e-05
-371.574,4.528368000000001e-05
-371.535,1.1534640000000004e-05
-371.496,-8.052423e-05
-371.457,5.4108003000000006e-05
-371.418,-1.2679797000000002e-05
-371.38,-2.4664199999999987e-06
-371.341,-2.6610044999999997e-05
-371.302,-7.535795999999999e-05
-371.263,8.756517e-05
-371.224,0.0001446624
-371.185,0.000169942107
-371.146,2.23521e-05
-371.107,-2.6443349999999998e-05
-371.068,-0.0001886055
-371.029,2.2965599999999982e-06
-370.99,-3.8926529999999996e-05
-370.952,9.789828000000001e-05
-370.913,6.0355080000000006e-05
-370.874,-6.518228699999999e-05
-370.835,0.00018290070000000002
-370.796,5.0829615e-05
-370.757,-1.954770000000001e-06
-370.718,-1.8176931e-05
-370.679,4.755945000000001e-05
-370.64,0.00014665224
-370.601,0.0001807387799999
-370.562,6.377394e-05
-370.523,0.00011462006999999999
-370.485,3.974229e-05
-370.446,2.200224e-05
-370.407,8.030370000000002e-05
-370.368,6.975243e-05
-370.329,1.854756e-05
-370.29,4.026561e-05
-370.251,-3.621171e-05
-370.212,0.00021598859999999998
-370.173,4.402215e-05
-370.134,5.264430000000001e-05
-370.095,0.00014899101
-370.057,-5.000159999999999e-06
-370.018,2.9584019999999998e-05
-369.979,0.00012157670999999998
-369.94,6.093570000000003e-06
-369.901,1.9131930000000008e-05
-369.862,8.104919999999997e-06
-369.823,-3.4315500000000023e-06
-369.784,0.00011601521699999999
-369.745,-0.00012364287
-369.706,0.00010913969999999998
-369.667,3.8073270000000005e-05
-369.629,1.5686760000000008e-05
-369.59,4.911594e-05
-369.551,0.00015069378
-369.512,-2.8329899999999995e-05
-369.473,2.20998e-05
-369.434,3.2903460000000005e-05
-369.395,0.00012826074000000002
-369.356,-8.325396000000001e-05
-369.317,0.00013983036
-369.278,-4.915757999999999e-05
-369.239,1.8809259000000004e-05
-369.201,2.7676530000000012e-06
-369.162,-8.659656000000001e-05
-369.123,0.00011650172999999998
-369.084,5.4966480000000015e-05
-369.045,0.00013593798
-369.006,6.271385999999999e-05
-368.967,9.17115e-05
-368.928,-0.00012171315
-368.889,1.2396600000000001e-05
-368.85,2.153265e-05
-368.811,4.997016e-05
-368.772,3.1604088e-05
-368.734,4.0338653999999995e-05
-368.695,-4.0614e-05
-368.656,0.00017650655999999998
-368.617,-2.429781e-05
-368.578,6.0016242000000005e-05
-368.539,4.915134e-05
-368.5,7.112282999999999e-05
-368.461,7.397889e-05
-368.422,-2.254104e-05
-368.383,0.00010137936
-368.344,-2.192988e-05
-368.306,7.872146999999999e-05
-368.267,-6.76005e-05
-368.228,3.452595e-05
-368.189,-1.604489999999999e-06
-368.15,2.625903e-05
-368.111,-1.753569e-05
-368.072,-4.1825399999999994e-05
-368.033,4.7574060000000006e-05
-367.994,3.6175380000000005e-05
-367.955,-1.5883500000000061e-06
-367.916,7.138722e-05
-367.877,6.8071083e-05
-367.839,1.3055399999999999e-05
-367.8,0.00010877154
-367.761,7.246269e-05
-367.722,-7.472559000000005e-06
-367.683,-7.064208e-05
-367.644,5.156214e-05
-367.605,-4.947360000000001e-05
-367.566,0.00011995146000000001
-367.527,-9.711504e-05
-367.488,9.630128999999999e-05
-367.449,7.085385e-05
-367.411,0.00013511631
-367.372,5.506017e-05
-367.333,2.2208999999999997e-05
-367.294,0.00018347495999999997
-367.255,0.00012377331
-367.216,-2.22310800000001e-06
-367.177,2.802447e-05
-367.138,0.00018464825999989998
-367.099,3.0264683999999998e-05
-367.06,-7.645499999999993e-07
-367.021,7.398351e-05
-366.982,-6.111633e-05
-366.944,-9.466172999999999e-06
-366.905,2.884734e-05
-366.866,3.2465292e-05
-366.827,-5.037318e-05
-366.788,0.00011406843000000001
-366.749,-1.1309999999999998e-05
-366.71,6.058728000000001e-05
-366.671,0.00014885475
-366.632,2.470302e-05
-366.593,4.582125e-05
-366.554,7.489707e-05
-366.516,-4.501524e-05
-366.477,-1.3981799999999995e-05
-366.438,5.585385e-05
-366.399,-4.4342166000000004e-05
-366.36,1.9900320000000015e-05
-366.321,-1.475472e-05
-366.282,-2.968194e-05
-366.243,-2.0016350699999998e-05
-366.204,1.7923082999999995e-05
-366.165,8.5227e-06
-366.126,-1.68055977e-05
-366.087,-3.331422000000001e-05
-366.049,-4.794261e-05
-366.01,8.374949999999997e-06
-365.971,5.5527e-05
-365.932,7.984794e-05
-365.893,-6.9735e-06
-365.854,-4.9116479999999985e-06
-365.815,5.483505e-05
-365.776,0.00010924154999999999
-365.737,-5.620944000000001e-05
-365.698,3.7940999999999947e-06
-365.659,3.5624490000000004e-05
-365.621,-0.00010372538099999998
-365.582,0.00016582092
-365.543,0.00020507301000000002
-365.504,3.6404271e-05
-365.465,-2.890296e-05
-365.426,6.153576000000001e-06
-365.387,-4.61955e-05
-365.348,9.902024999999999e-05
-365.309,-0.00012012744
-365.27,0.00013064550000000001
-365.231,-5.691624000000002e-05
-365.193,6.152709e-05
-365.154,5.906322e-05
-365.115,0.000118239612
-365.076,-1.0542779999999995e-05
-365.037,-2.045994e-05
-364.998,4.74138e-05
-364.959,-4.6621200000000054e-06
-364.92,-3.0107640000000006e-05
-364.881,-3.2292959999999994e-05
-364.842,9.38247e-05
-364.803,2.987898e-05
-364.764,-3.179460000000003e-06
-364.726,4.7828430000000007e-05
-364.687,0.00011544123
-364.648,0.00010621740000000002
-364.609,2.6093079000000002e-05
-364.57,7.804445999999999e-05
-364.531,4.722060000000001e-05
-364.492,0.00014499629999999999
-364.453,-6.766878e-05
-364.414,0.0001222026
-364.375,0.00013112772
-364.336,2.1927594e-05
-364.298,-8.01882e-05
-364.259,-1.5225000000000004e-05
-364.22,-1.7966999999999637e-07
-364.181,9.659760000000001e-05
-364.142,-9.503252999999999e-05
-364.103,3.1830719999999995e-05
-364.064,0.00015041045099999998
-364.025,0.00011784333
-363.986,0.00013113899999999998
-363.947,-1.3757759999999994e-05
-363.908,9.042492000000001e-05
-363.869,2.6624663999999998e-05
-363.831,8.890149e-05
-363.792,5.281047e-05
-363.753,-1.2043499999999999e-05
-363.714,-2.4586139999999998e-05
-363.675,9.676782e-05
-363.636,0.00014983758
-363.597,-0.0001009893
-363.558,0.0001224141
-363.519,3.2423193e-05
-363.48,-6.765768e-05
-363.441,6.16767e-05
-363.403,-5.524226999999999e-05
-363.364,-2.3275499999999994e-05
-363.325,-4.1508959999999996e-05
-363.286,0.0001202571
-363.247,-1.4746799999999997e-05
-363.208,0.00012589863
-363.169,3.0964422000000005e-05
-363.13,2.3196293999999997e-05
-363.091,-2.731083e-05
-363.052,4.006776000000001e-05
-363.013,8.991009e-05
-362.974,0.00012687378
-362.936,4.884509999999991e-06
-362.897,0.00013431747000000003
-362.858,8.35293e-05
-362.819,0.00011172801
-362.78,3.5480609999999994e-05
-362.741,7.645368e-05
-362.702,9.582420000000001e-05
-362.663,-5.451903e-05
-362.624,2.4710100000000047e-06
-362.585,-6.168762000000001e-05
-362.546,2.785500000000009e-07
-362.508,-5.759142e-05
-362.469,4.4803154999999995e-05
-362.43,7.699458e-05
-362.391,0.00017544628800000002
-362.352,7.999095000000001e-05
-362.313,6.181037999999999e-05
-362.274,-2.176221e-05
-362.235,-0.00011112126899999999
-362.196,0.00017926166999999998
-362.157,1.9232112e-05
-362.118,4.235031000000001e-05
-362.08,4.5043740000000007e-05
-362.041,0.00013037643
-362.002,8.848328999999999e-05
-361.963,-3.273084e-05
-361.924,8.458227e-05
-361.885,-3.762648e-05
-361.846,2.884893e-05
-361.807,-7.356585000000001e-05
-361.768,6.278639999999999e-05
-361.729,-0.000129404844
-361.69,5.66787e-05
-361.651,5.107109999999992e-06
-361.613,2.5712879999999957e-06
-361.574,-4.79151e-05
-361.535,1.4112389999999995e-05
-361.496,8.234837999999999e-05
-361.457,-3.56493141e-05
-361.418,-0.0002374827
-361.379,8.393034e-05
-361.34,7.600583999999999e-05
-361.301,6.998521800000001e-05
-361.262,8.731551e-05
-361.223,6.122877e-05
-361.185,3.655185e-05
-361.146,-0.00012968601000000002
-361.107,0.00012027789
-361.068,-9.632991e-05
-361.029,1.899480000000001e-05
-360.99,1.354257e-05
-360.951,-5.94522429e-05
-360.912,5.0186700000000005e-05
-360.873,-9.326399999999797e-08
-360.834,-0.00012440889
-360.795,0.00013837629
-360.757,-1.273002e-05
-360.718,7.456713e-05
-360.679,0.00013241139
-360.64,3.7634561999999996e-05
-360.601,-3.707832e-05
-360.562,-0.00010764027000000001
-360.523,2.6695133999999998e-05
-360.484,0.00015392094
-360.445,0.0001800516
-360.406,2.8727138999999998e-05
-360.367,5.3983199999999995e-05
-360.328,5.7174390000000005e-05
-360.29,3.5312970000000004e-05
-360.251,-0.00010969067699999997
-360.212,-5.6697089999999996e-05
-360.173,0.00019148070000000002
-360.134,-0.00011123784
-360.095,-9.858621000000001e-05
-360.056,6.855945e-05
-360.017,-9.446054999999998e-05
-359.978,0.00010721076000000001
-359.939,0.00010418453999999999
-359.9,-3.4786530000000005e-05
-359.862,0.00010880822999999998
-359.823,5.129217e-05
-359.784,-3.733911e-05
-359.745,-7.164686999999999e-05
-359.706,5.762490000000001e-05
-359.667,0.0002481027
-359.628,0.00010185603000000001
-359.589,-1.1662499999999999e-05
-359.55,7.84212e-05
-359.511,5.7749999999999574e-08
-359.472,-3.330816e-05
-359.433,0.00012086597999999999
-359.395,-3.0775199999999996e-05
-359.356,-9.398811000000002e-05
-359.317,-6.68067e-05
-359.278,0.0001332111
-359.239,1.1492280000000004e-05
-359.2,0.000162188889
-359.161,-6.075986999999999e-05
-359.122,-7.79217e-05
-359.083,7.815393e-05
-359.044,3.872060999999999e-05
-359.005,2.274141e-05
-358.967,1.1785739999999997e-05
-358.928,-0.00010693992
-358.889,4.5464699999999985e-05
-358.85,0.00013807828799999996
-358.811,3.455331e-05
-358.772,-6.2850582e-05
-358.733,-5.955555e-05
-358.694,-6.31707e-05
-358.655,4.686906e-05
-358.616,-6.9794999999999964e-06
-358.577,0.00010948325999999997
-358.538,9.156126e-05
-358.5,8.470700999999999e-05
-358.461,0.00020945325
-358.422,0.0001002237
-358.383,0.00015696599999999997
-358.344,-6.934919999999999e-05
-358.305,-4.636709999999998e-06
-358.266,-3.5677919999999994e-05
-358.227,-7.874669999999998e-05
-358.188,0.0001051419
-358.149,-4.373562e-05
-358.11,2.077674000000001e-05
-358.072,0.0001938466799999
-358.033,6.118811999999998e-05
-357.994,-5.2177739999999996e-05
-357.955,0.00010033494
-357.916,3.107024999999998e-06
-357.877,-6.1722e-05
-357.838,4.7315400000000004e-05
-357.799,-0.0001160307
-357.76,-1.2127349999999998e-05
-357.721,7.929179999999995e-06
-357.682,6.73542e-05
-357.643,-1.4832195e-05
-357.605,1.565999999999978e-07
-357.566,4.6159410000000005e-05
-357.527,-8.0904375e-05
-357.488,0.0001258626
-357.449,-1.8353999999999943e-07
-357.41,4.1648670000000005e-05
-357.371,-5.359472999999999e-05
-357.332,8.607333e-05
-357.293,3.074979e-05
-357.254,0.00014247102
-357.215,-3.1619130000000006e-05
-357.177,8.806500000000002e-07
-357.138,-9.514386e-05
-357.099,0.00030985926
-357.06,7.899033e-05
-357.021,-0.00010229388000000001
-356.982,6.333751800000001e-05
-356.943,0.000174338541
-356.904,0.0002547668999999
-356.865,2.8586999999999992e-05
-356.826,-2.4186599999999996e-05
-356.787,1.1019299999999998e-05
-356.749,2.3126370000000007e-05
-356.71,6.439713e-05
-356.671,2.6336103000000002e-05
-356.632,-3.694329e-05
-356.593,0.00011241284999999999
-356.554,-8.368407e-05
-356.515,7.631700000000001e-05
-356.476,2.8956251999999995e-05
-356.437,-3.1671510000000004e-05
-356.398,8.274959999999999e-05
-356.359,-7.066416e-05
-356.32,1.699506e-05
-356.282,4.644966000000001e-05
-356.243,0.00015003237
-356.204,8.4515151e-05
-356.165,-0.0001116726
-356.126,-0.00013385499
-356.087,0.00017726439000000002
-356.048,-8.734557000000001e-05
-356.009,-6.947447999999999e-05
-355.97,-2.5476120000000006e-05
-355.931,-8.553979799999999e-05
-355.892,8.003909999999997e-06
-355.854,-7.791678e-05
-355.815,-8.845626e-05
-355.776,2.628252e-05
-355.737,1.7752230000000005e-05
-355.698,0.00010009223699999999
-355.659,-3.10187082e-05
-355.62,-4.141230000000001e-05
-355.581,-0.00015394527
-355.542,0.00017921922
-355.503,0.00023526822
-355.464,0.00014308848000000002
-355.426,8.335289999999997e-06
-355.387,0.000106300278
-355.348,0.00014857257000000003
-355.309,-0.00013751946
-355.27,-0.0001991914799999
-355.231,4.3652640000000006e-05
-355.192,4.4071152e-05
-355.153,3.819333e-05
-355.114,-8.956980000000001e-05
-355.075,-0.00012138126000000001
-355.036,-3.761016e-05
-354.997,-5.934480000000004e-06
-354.959,0.0001433547
-354.92,1.5344190000000012e-06
-354.881,0.00020137584
-354.842,4.4488464e-05
-354.803,-7.85394e-05
-354.764,0.00012522614999999998
-354.725,3.478860000000001e-05
-354.686,1.660437e-05
-354.647,-1.4003100000000008e-05
-354.608,0.00018978741
-354.569,-0.0001000566
-354.531,1.6458750000000002e-05
-354.492,1.1392710000000003e-05
-354.453,1.922133e-05
-354.414,2.136717e-05
-354.375,-4.116834e-05
-354.336,0.00010981194000000001
-354.297,0.00010496287199999999
-354.258,-1.9834919999999993e-05
-354.219,0.00017136114
-354.18,0.00014266350000000002
-354.141,-1.791297e-05
-354.102,9.561899999999989e-06
-354.064,-4.817789999999999e-05
-354.025,2.119076999999999e-05
-353.986,-4.602781500000001e-05
-353.947,6.522621e-05
-353.908,7.898396999999999e-05
-353.869,4.151382e-05
-353.83,0.00016546680000000002
-353.791,2.925012e-05
-353.752,-6.221160000000005e-06
-353.713,-0.00016854891
-353.674,9.662012999999999e-05
-353.636,2.688089999999999e-05
-353.597,9.383819999999999e-05
-353.558,6.3198e-05
-353.519,2.7535638300000003e-05
-353.48,-6.349305e-05
-353.441,0.00011464788
-353.402,0.00025099529999990004
-353.363,-4.5256950000000014e-05
-353.324,0.00034927259999999996
-353.285,0.00013123020000000002
-353.246,-6.695532e-05
-353.207,2.654826e-05
-353.169,8.554968e-05
-353.13,-0.00013791646499999998
-353.091,0.0001310271
-353.052,7.280658e-05
-353.013,-5.492100000000008e-06
-352.974,-7.970940000000001e-06
-352.935,1.6725900000000005e-05
-352.896,0.00020237682
-352.857,1.914828e-05
-352.818,-1.2643329e-05
-352.779,4.541934000000001e-05
-352.741,0.000112917852
-352.702,6.258282000000001e-05
-352.663,0.00014887788
-352.624,0.0002874554999999
-352.585,0.00011576247
-352.546,-9.332602799999999e-05
-352.507,-5.295000000000023e-07
-352.468,-0.0002348583
-352.429,0.00014877543000000001
-352.39,2.3633436000000005e-05
-352.351,3.6622289999999996e-05
-352.312,-3.993779999999998e-06
-352.274,0.00015920879999999999
-352.235,-2.717175e-05
-352.196,0.00011109359999999998
-352.157,-0.00025682446499990003
-352.118,-0.00011883120000000003
-352.079,-6.329552999999999e-05
-352.04,3.4474695e-05
-352.001,-6.523940999999999e-05
-351.962,2.7578904000000002e-05
-351.923,-3.264057e-05
-351.884,6.216957e-05
-351.846,5.55546e-05
-351.807,-3.1810248e-05
-351.768,-2.7305550000000005e-05
-351.729,0.00011080484999999998
-351.69,5.488263e-05
-351.651,3.6841800000000004e-05
-351.612,2.3004899999999997e-05
-351.573,-5.874545099999999e-05
-351.534,0.00011422143
-351.495,0.000128106
-351.456,8.47125e-05
-351.418,-3.655698e-05
-351.379,0.00012876771
-351.34,-1.039829999999995e-06
-351.301,-5.292129000000001e-05
-351.262,5.74452e-06
-351.223,6.309330000000001e-05
-351.184,1.9318050000000004e-05
-351.145,-5.73501e-05
-351.106,5.9593110000000004e-05
-351.067,-6.368645999999998e-05
-351.028,-4.3241079e-05
-350.989,-3.946299e-05
-350.951,0.0001513959899999
-350.912,2.180697e-05
-350.873,0.0001605962999999
-350.834,4.4823840000000006e-05
-350.795,2.85996e-05
-350.756,1.9829219999999998e-05
-350.717,-2.090339999999999e-05
-350.678,0.00010135632
-350.639,-3.3828720000000005e-05
-350.6,9.732291e-05
-350.561,9.0484611e-05
-350.523,5.5612114500000005e-05
-350.484,9.92646e-05
-350.445,-8.9558145e-05
-350.406,5.487015000000001e-05
-350.367,5.793827999999999e-05
-350.328,3.147492e-05
-350.289,-3.807881999999999e-05
-350.25,9.758639999999998e-05
-350.211,0.00019125507
-350.172,-5.413683000000003e-05
-350.133,5.46711e-05
-350.095,0.00013161381000000003
-350.056,0.00018831150000000001
-350.017,7.308300000000001e-06
-349.978,9.225948e-05
-349.939,-1.397496000000001e-05
-349.9,4.3411499999999965e-06
-349.861,4.9952820000000015e-05
-349.822,-8.442539999999998e-05
-349.783,6.208668e-05
-349.744,-3.0104700000000007e-05
-349.705,0.00022471086
-349.666,4.820496e-05
-349.628,7.978929e-05
-349.589,7.415400000000001e-05
-349.55,2.448057e-05
-349.511,-1.8199500000000008e-05
-349.472,-3.600771000000001e-05
-349.433,1.6770450000000005e-05
-349.394,-0.00010765263000000002
-349.355,2.435549999999999e-05
-349.316,-5.877021e-05
-349.277,1.4804699999999997e-05
-349.238,3.727248e-05
-349.2,-2.8919400000000006e-05
-349.161,0.00013537043999999998
-349.122,6.67815e-05
-349.083,1.8191309999999997e-05
-349.044,8.2370523e-05
-349.005,-0.00021963
-348.966,3.181275e-05
-348.927,8.013693e-05
-348.888,-0.00011475509999999997
-348.849,-3.7917120000000005e-05
-348.81,-1.1975999999999832e-06
-348.771,-8.277774000000001e-05
-348.733,-3.0908099999999996e-05
-348.694,-0.00012401415
-348.655,4.5156599999999994e-05
-348.616,0.00012354621000000001
-348.577,0.00030691094999999997
-348.538,-5.380749e-05
-348.499,0.00012685293
-348.46,-3.097919999999999e-05
-348.421,0.00021668841
-348.382,0.00011363729999999999
-348.343,0.00018375837
-348.305,0.0001545303
-348.266,0.0002817399
-348.227,1.7934899999999993e-05
-348.188,0.00013694441999999998
-348.149,-5.6863530000000004e-05
-348.11,-3.175068e-05
-348.071,-6.657702000000001e-05
-348.032,-3.6386699999999995e-05
-347.993,-9.347399999999974e-07
-347.954,2.2993500000000003e-05
-347.915,7.027829999999999e-05
-347.876,0.0002261865
-347.838,-6.683732999999999e-05
-347.799,-9.901313999999999e-05
-347.76,-0.0001017228
-347.721,4.29531e-05
-347.682,-2.1109794e-05
-347.643,-4.41378e-05
-347.604,1.3857599999999994e-05
-347.565,-0.0002092621359
-347.526,-0.00010788786
-347.487,7.256694e-05
-347.448,-0.00012144053999999999
-347.41,-0.000100676511
-347.371,-0.0001500596999999
-347.332,6.5648232e-05
-347.293,7.856729999999999e-05
-347.254,-0.000156838317
-347.215,9.658071000000001e-05
-347.176,0.00014239443899999999
-347.137,0.000127708005
-347.098,0.00015724251
-347.059,0.0001904505
-347.02,-8.4929895e-05
-346.982,-0.00010602290999999999
-346.943,5.844479999999999e-05
-346.904,1.081611e-05
-346.865,0.0001752252
-346.826,9.09279e-05
-346.787,9.104148000000002e-05
-346.748,-7.553622e-05
-346.709,0.0003503037
-346.67,0.0001492047
-346.631,4.040786999999999e-05
-346.592,0.00011813844
-346.553,-3.108306e-05
-346.515,0.000130475649
-346.476,-4.684647e-05
-346.437,-5.06274e-05
-346.398,0.00015629484
-346.359,-0.00020101578000000003
-346.32,-2.5065630000000005e-05
-346.281,0.00013566795
-346.242,-6.0055799999999995e-05
-346.203,-0.00010419594000000001
-346.164,-1.6889999999999427e-07
-346.125,4.7404800000000004e-05
-346.087,0.000136945779
-346.048,-9.194579999999999e-05
-346.009,5.7149999999999995e-06
-345.97,0.0002780058
-345.931,5.214710399999999e-05
-345.892,-1.5228900000000013e-05
-345.853,0.00017458405859999997
-345.814,0.00010684824
-345.775,4.755456e-05
-345.736,-2.8043400000000013e-05
-345.697,0.0001233522
-345.658,-0.0001605419999999
-345.62,8.853420000000007e-06
-345.581,0.0001088943
-345.542,-0.0001721527499999
-345.503,-0.00010750601999999998
-345.464,-2.0722079999999998e-05
-345.425,3.301796999999999e-05
-345.386,-0.0003367442999999999
-345.347,-8.277449999999986e-06
-345.308,-4.953689999999998e-05
-345.269,8.07318e-05
-345.23,-0.0001239063
-345.192,7.3141146e-05
-345.153,0.00010987425000000002
-345.114,9.679349999999999e-05
-345.075,6.1521831e-05
-345.036,-4.71345e-05
-344.997,9.665399999999999e-05
-344.958,5.353662000000001e-05
-344.919,4.0418795999999996e-05
-344.88,0.00010263773999999998
-344.841,0.00021087270000000002
-344.802,-9.552471e-05
-344.763,-0.00011374799999999998
-344.725,-6.321839999999999e-05
-344.686,1.4533739999999989e-05
-344.647,-7.195199999999999e-05
-344.608,0.00012212189999999997
-344.569,9.430658999999999e-05
-344.53,-0.00016995669
-344.491,1.756542e-05
-344.452,0.00018407739
-344.413,6.291357e-05
-344.374,-9.501885000000001e-05
-344.335,-0.00013836108000000002
-344.297,3.782763e-05
-344.258,8.3545596e-05
-344.219,-7.583969999999998e-05
-344.18,0.00014990553
-344.141,-5.50161e-05
-344.102,-6.272196000000004e-05
-344.063,-0.0001396938
-344.024,-1.9967700000000005e-05
-343.985,4.817909999999997e-06
-343.946,0.0001044219
-343.907,-5.613753e-05
-343.868,0.00015678443999999999
-343.83,-0.0001036869
-343.791,3.9738048300000004e-05
-343.752,0.0001748985
-343.713,0.00011451
-343.674,-0.00013937541
-343.635,-9.62820000000001e-06
-343.596,0.00011973981
-343.557,0.0001665353999999
-343.518,-0.0001122459
-343.479,-2.4046710000000002e-05
-343.44,7.070238000000001e-06
-343.402,1.6777200000000013e-05
-343.363,6.0055199999999994e-05
-343.324,-7.304729999999996e-05
-343.285,-0.00012338100000000002
-343.246,-0.00013002672
-343.207,-3.35556e-05
-343.168,-2.3419800000000043e-06
-343.129,0.00022857327
-343.09,0.00028791750000000006
-343.051,5.7777e-05
-343.012,-0.0001055133
-342.974,-2.3058723e-05
-342.935,-0.00019861161000000002
-342.896,0.000135543
-342.857,4.621683000000001e-05
-342.818,0.00010634255999999999
-342.779,0.0001678611
-342.74,-0.0001460616
-342.701,-7.602359999999999e-05
-342.662,-4.1057159999999994e-05
-342.623,0.00013067154
-342.584,8.91066e-05
-342.546,0.00011364729000000001
-342.507,-0.00014546838
-342.468,2.7341010000000005e-05
-342.429,-8.023125e-05
-342.39,7.600910999999999e-05
-342.351,7.664069999999999e-05
-342.312,9.877332e-05
-342.273,4.502375999999999e-05
-342.234,-0.00011463047999999998
-342.195,-5.474159999999999e-05
-342.156,-7.849146e-05
-342.117,0.00011141939999999996
-342.079,2.5849500000000004e-05
-342.04,0.000118738182
-342.001,0.00018047004
-341.962,0.0002303364599999
-341.923,-4.480346999999999e-05
-341.884,0.000144942
-341.845,0.00014343777000000002
-341.806,-4.25346e-05
-341.767,-0.00019596159
-341.728,-1.86162e-05
-341.689,-9.842817e-05
-341.651,0.00011248104
-341.612,0.00010950771
-341.573,2.1857826e-05
-341.534,7.400250000000002e-06
-341.495,-0.00020171787
-341.456,-5.210411999999998e-05
-341.417,-0.00011655788999999998
-341.378,-8.089311000000001e-05
-341.339,-6.892278000000001e-06
-341.3,0.000124318113
-341.261,-5.1010499999999996e-05
-341.222,6.880919999999998e-05
-341.184,9.99033e-05
-341.145,-0.000331155
-341.106,-6.32301e-05
-341.067,-1.5980819999999992e-05
-341.028,0.0002262123
-340.989,-5.48046e-05
-340.95,2.850645e-05
-340.911,-6.863592e-05
-340.872,0.00014398905
-340.833,-2.12685e-05
-340.794,0.0001505499
-340.756,0.0001656201599999
-340.717,2.8786634999999995e-05
-340.678,-6.932519999999999e-05
-340.639,0.00010140242999999999
-340.6,3.698516999999999e-05
-340.561,3.9918e-05
-340.522,-4.2097110000000015e-05
-340.483,0.00014333548799999997
-340.444,1.7555579999999997e-05
-340.405,-4.978434000000001e-05
-340.366,0.0002800092
-340.327,0.00036763367999999996
-340.289,0.00014769132
-340.25,0.0002618556
-340.211,7.389959999999998e-05
-340.172,-0.00018047334
-340.133,2.1905430000000004e-05
-340.094,-0.00022758509999989997
-340.055,-0.00016063533
-340.016,0.00020250882000000004
-339.977,0.00015472616999989998
-339.938,-7.003899e-05
-339.899,0.000188883
-339.861,8.174418000000001e-05
-339.822,0.00013842101999999998
-339.783,0.00017039082
-339.744,4.713273e-05
-339.705,-0.00019005195
-339.666,0.00014237619
-339.627,8.849580000000001e-05
-339.588,3.0176339999999997e-05
-339.549,-1.0390679999999997e-05
-339.51,-2.5397760000000003e-05
-339.471,-0.00011627801999999999
-339.432,0.0001171791
-339.394,0.0001556096967
-339.355,0.0003094814999999
-339.316,3.9284400000000006e-05
-339.277,0.0001819521
-339.238,-0.00021089958
-339.199,2.54391e-05
-339.16,-4.390425e-05
-339.121,0.00013445208
-339.082,5.2142700000000005e-05
-339.043,-9.517851000000001e-05
-339.004,3.4680450000000004e-05
-338.966,-0.00011449530000000001
-338.927,0.0001921646999999
-338.888,4.344177e-05
-338.849,3.521699999999997e-06
-338.81,9.2583e-05
-338.771,-0.00018616550999999999
-338.732,-0.00019766009999999998
-338.693,1.6183799999999982e-06
-338.654,4.2123600000000004e-05
-338.615,2.081660999999999e-06
-338.576,-9.596822999999999e-05
-338.538,-9.691592999999999e-05
-338.499,-6.493236e-05
-338.46,3.439497e-05
-338.421,7.625789999999998e-05
-338.382,-0.00019274991
-338.343,0.00011020572000000002
-338.304,-0.0001432224
-338.265,1.9722000000000005e-05
-338.226,0.0002934786
-338.187,-2.6813043000000003e-05
-338.148,6.491859000000002e-05
-338.109,0.00020086410000000001
-338.071,-0.00010143539999999998
-338.032,0.0001068366
-337.993,3.9216309000000004e-05
-337.954,0.00010123949999999999
-337.915,0.0001136613
-337.876,0.00012235761
-337.837,7.672854e-05
-337.798,0.0001736202
-337.759,0.0001270254
-337.72,0.0001580184
-337.681,5.058690000000001e-05
-337.643,0.00017608938
-337.604,-6.876090000000002e-05
-337.565,0.00015464622
-337.526,0.00025486179
-337.487,-6.808799999999988e-06
-337.448,0.00014588082
-337.409,1.899249e-05
-337.37,2.6211000000000014e-05
-337.331,0.00016467246
-337.292,8.017158e-05
-337.253,0.00023362887000000004
-337.215,-3.169142999999999e-05
-337.176,0.0004143498
-337.137,3.180285e-05
-337.098,-5.2724339999999995e-05
-337.059,-9.492060000000001e-05
-337.02,-0.00010482086999999998
-336.981,0.00013131117000000003
-336.942,-1.4943599999999997e-05
-336.903,0.000100308
-336.864,0.00010769895000000001
-336.825,0.00022525691999999997
-336.786,2.1745818e-05
-336.748,1.0642740000000005e-05
-336.709,-0.00012935268
-336.67,-0.00021713879999999997
-336.631,-7.69368e-05
-336.592,8.96919e-05
-336.553,-4.9550648999999993e-05
-336.514,0.0002770518
-336.475,5.3830619999999994e-05
-336.436,-2.8026051e-05
-336.397,9.998328e-05
-336.358,7.84863e-05
-336.32,7.932237000000001e-05
-336.281,-7.386303000000001e-05
-336.242,-6.4203e-06
-336.203,0.00036707309999999997
-336.164,-0.0002137962
-336.125,2.003358e-05
-336.086,0.00019088241
-336.047,-6.0190686e-05
-336.008,3.1612143e-05
-335.969,-0.0002254581
-335.93,0.00010504698
-335.891,2.2526999999999996e-05
-335.853,-0.00020010638999999998
-335.814,0.0001350534
-335.775,2.106054e-05
-335.736,1.0253399999999999e-05
-335.697,4.78611e-05
-335.658,1.3620900000000044e-06
-335.619,6.126119999999998e-05
-335.58,-0.00010382256
-335.541,0.00013354602
-335.502,-0.00015194661
-335.463,4.986690000000001e-05
-335.425,2.168999999999999e-05
-335.386,0.00014383032
-335.347,0.00025317119999999997
-335.308,7.562967e-05
-335.269,1.074936000000001e-05
-335.23,-5.921369999999997e-05
-335.191,-3.61137e-05
-335.152,5.358099000000001e-05
-335.113,-0.00020829264299999996
-335.074,-0.00022786859999999998
-335.035,7.478856e-05
-334.996,-0.0001875795
-334.958,6.12003e-05
-334.919,2.7310529999999994e-05
-334.88,-8.500338e-05
-334.841,6.493175999999999e-05
-334.802,-0.00019968324
-334.763,0.00010096215
-334.724,-0.000225819
-334.685,-4.294097999999999e-05
-334.646,9.132144e-05
-334.607,0.0002014881
-334.568,8.3483028e-05
-334.53,-2.7708899999999998e-05
-334.491,-0.00013218593999999998
-334.452,0.00028239945
-334.413,-0.00020785170000000002
-334.374,0.00019129863000000001
-334.335,0.000197137428
-334.296,-8.414145e-05
-334.257,-0.0002623098
-334.218,7.744635e-05
-334.179,-4.841834999999998e-05
-334.14,0.00014980739999999998
-334.102,-7.54404e-05
-334.063,-9.785310000000003e-06
-334.024,-0.0002439249
-333.985,-0.00015511974
-333.946,4.746408000000001e-05
-333.907,-7.199690100000001e-05
-333.868,-0.00033342944999999993
-333.829,-1.557233999999999e-05
-333.79,3.197904000000001e-05
-333.751,-1.715577e-05
-333.712,0.00023841749999999997
-333.673,0.0002344035
-333.635,0.00019126215
-333.596,-3.5144099999999994e-05
-333.557,3.3582000000000005e-05
-333.518,-7.538757e-05
-333.479,0.00019646690999999998
-333.44,-0.00016284644999999998
-333.401,0.00014592035999999998
-333.362,0.0002936981999999
-333.323,-3.361199999999999e-05
-333.284,0.00011433362999999998
-333.245,5.726669999999992e-06
-333.207,8.903280000000002e-06
-333.168,-3.0457769999999996e-05
-333.129,0.0002551515
-333.09,-0.0001115394
-333.051,-5.0568e-05
-333.012,-4.915668000000001e-05
-332.973,8.615903999999999e-05
-332.934,-8.077050000000001e-05
-332.895,0.0002663701499999
-332.856,-4.9254009e-05
-332.817,2.7719399999999998e-05
-332.778,-6.277587e-05
-332.74,5.82234e-05
-332.701,6.550956000000001e-05
-332.662,0.0002228303189999
-332.623,0.0001908108
-332.584,-0.000134833245
-332.545,-7.488405e-05
-332.506,0.0001753109999999
-332.467,-0.0002096859
-332.428,-0.00021466079999999998
-332.389,6.299337000000001e-05
-332.35,1.942800000000001e-06
-332.312,4.7864238e-05
-332.273,-5.7951599999999955e-06
-332.234,-8.46929999999999e-06
-332.195,-4.4864459999999994e-05
-332.156,-4.511334000000001e-05
-332.117,0.0001078257
-332.078,-0.00014362635
-332.039,-0.00014006295000000001
-332.0,0.0002278218
-331.961,0.0001445067
-331.922,3.2258880000000016e-05
-331.883,2.679603e-05
-331.845,-0.00023430629999999998
-331.806,0.00021349653
-331.767,-2.7461279999999993e-05
-331.728,0.00020617710000000002
-331.689,-7.19424e-05
-331.65,0.00010055184
-331.611,7.125419999999999e-05
-331.572,5.142869999999999e-05
-331.533,0.00019325067
-331.494,-0.00010180829999999999
-331.455,0.00017594537999990003
-331.417,-0.00010435820999999998
-331.378,-9.686969999999999e-05
-331.339,-9.026118000000001e-05
-331.3,3.429327000000001e-05
-331.261,-0.00018016395
-331.222,6.576822000000001e-05
-331.183,2.022900000000004e-06
-331.144,0.00013036389
-331.105,-0.0001652628
-331.066,-0.0001000512
-331.027,-4.982205e-05
-330.989,8.495234999999999e-05
-330.95,0.0001183011
-330.911,8.872524e-05
-330.872,-2.051121e-05
-330.833,-0.00011345640000000001
-330.794,-0.0001016517
-330.755,0.00016174785
-330.716,-0.0002777396999999
-330.677,0.00013674675
-330.638,-4.6019099999999994e-05
-330.599,4.477502999999999e-05
-330.56,0.0003213783
-330.522,-8.410106999999999e-05
-330.483,3.1646739e-05
-330.444,5.4777876000000004e-05
-330.405,-6.801776999999998e-06
-330.366,5.658965999999999e-05
-330.327,0.00017256159
-330.288,6.9142686e-05
-330.249,-2.234571e-05
-330.21,0.0001399011
-330.171,0.0003189363899999
-330.132,0.000169584
-330.094,-0.0001339365
-330.055,4.6236540000000006e-05
-330.016,0.0001119543
-329.977,0.0001919172
-329.938,-0.00024561471
-329.899,3.16083e-05
-329.86,-0.00015645269999990002
-329.821,0.00010492440000000003
-329.782,-5.698820999999999e-05
-329.743,0.0001950042
-329.704,-2.1275229000000005e-05
-329.665,-0.00016625442479999998
-329.627,9.124698000000001e-05
-329.588,1.2506909999999994e-05
-329.549,8.553123000000001e-05
-329.51,0.00021473759999989997
-329.471,-0.00028801149
-329.432,-0.00021816411
-329.393,2.85414e-05
-329.354,4.6206539999999995e-05
-329.315,-2.2448399999999987e-06
-329.276,-0.00019958009999990003
-329.237,0.00011177733000000003
-329.199,-0.00011619660000000004
-329.16,-0.00011843042999999998
-329.121,-0.00011995203000000001
-329.082,0.00014309805
-329.043,6.0967499999999995e-05
-329.004,3.2331029999999995e-05
-328.965,-9.372920999999998e-05
-328.926,0.0001540967999999
-328.887,-0.00026584593
-328.848,-3.5441999999999956e-06
-328.809,1.422492e-05
-328.771,-8.388180000000002e-05
-328.732,0.00012372059999999998
-328.693,0.0001730064
-328.654,0.00010046759999999999
-328.615,-0.00020654991
-328.576,2.8504859999999996e-05
-328.537,-3.8345999999999446e-07
-328.498,0.0003777318
-328.459,5.9772030000000005e-05
-328.42,0.0002243652
-328.381,-8.342628e-05
-328.342,1.5095310000000007e-05
-328.304,0.0002617109999999
-328.265,0.00016412877
-328.226,0.0002851026
-328.187,0.0002692914
-328.148,3.5696400000000006e-05
-328.109,-8.13768e-05
-328.07,0.00020213193
-328.031,-4.2989549999999996e-05
-327.992,2.8032000000000005e-05
-327.953,1.0223639999999996e-05
-327.914,-0.0001912293
-327.876,-3.2841e-05
-327.837,3.1826700000000005e-05
-327.798,-4.633889999999999e-05
-327.759,-3.583079999999999e-05
-327.72,0.0001111485
-327.681,0.0004142118
-327.642,6.548859000000001e-05
-327.603,-7.455144e-05
-327.564,0.0003517125
-327.525,0.000116160435
-327.486,0.00017363480999989998
-327.447,-1.1682479999999992e-05
-327.409,-0.000161313396
-327.37,0.00028027710000000003
-327.331,-3.325229999999999e-05
-327.292,-2.2839629999999993e-06
-327.253,9.802680000000003e-05
-327.214,0.0003306870599999
-327.175,0.0002492293499999
-327.136,0.0002952201
-327.097,5.7819828e-05
-327.058,8.89383e-06
-327.019,9.832740000000001e-05
-326.981,8.032719000000002e-05
-326.942,-1.5759599999999997e-05
-326.903,6.246774000000001e-05
-326.864,-7.566119999999999e-05
-326.825,0.0003910221
-326.786,0.00011368394999999999
-326.747,-0.000140472078
-326.708,3.34686e-05
-326.669,-7.699200000000001e-05
-326.63,4.980627e-05
-326.591,-1.4091599999999985e-05
-326.552,0.000169497
-326.514,2.3454449999999997e-05
-326.475,0.0002845344
-326.436,0.00011838933000000002
-326.397,8.957850000000001e-05
-326.358,0.00013583166
-326.319,0.0003927189
-326.28,0.0001424865
-326.241,0.00017117463000000001
-326.202,-2.096729999999999e-05
-326.163,-0.00010736844
-326.124,0.00018221640000000002
-326.086,-1.981023e-05
-326.047,0.00017705075999990003
-326.008,-2.2010700000000003e-05
-325.969,-0.00011139597
-325.93,4.725930000000001e-05
-325.891,4.768031999999998e-06
-325.852,6.38898e-05
-325.813,0.000174184605
-325.774,-0.0002653224
-325.735,-0.000170364
-325.696,0.00027497082
-325.658,0.0001209714
-325.619,0.0001418175
-325.58,-4.411434e-05
-325.541,7.175634299999998e-05
-325.502,0.00014237309999999998
-325.463,-1.6278599999999997e-05
-325.424,-2.5456680000000002e-05
-325.385,3.0619200000000135e-06
-325.346,0.0002214189
-325.307,-3.335280000000001e-05
-325.268,-0.0002360517
-325.229,-3.9561899999999985e-05
-325.191,-8.365113e-05
-325.152,3.5458739999999996e-05
-325.113,2.8449539999999995e-05
-325.074,-8.205933e-05
-325.035,0.0001527588
-324.996,0.00010576860000000002
-324.957,-9.48471e-05
-324.918,-3.7137849e-05
-324.879,0.00017236836000000003
-324.84,0.00018267320999999998
-324.801,0.0004111677
-324.763,2.2334279999999992e-05
-324.724,-3.9046970100000004e-05
-324.685,-9.02445e-05
-324.646,0.000382248666
-324.607,-5.12367e-05
-324.568,0.00010977599999999999
-324.529,-0.00011100374999999999
-324.49,9.32637e-05
-324.451,-6.614829e-05
-324.412,0.00013326021
-324.373,0.0002230946999999
-324.335,7.851899999999997e-06
-324.296,0.0002741559
-324.257,0.0002483787
-324.218,-0.00012599912999999998
-324.179,-0.00017732729999999999
-324.14,-0.00013933692
-324.101,1.8492300000000004e-06
-324.062,4.51764e-05
-324.023,-6.75669e-05
-323.984,-7.779792000000001e-05
-323.945,8.185179e-05
-323.906,-1.5489000000000014e-06
-323.868,-0.00010917348000000001
-323.829,-0.000215601585
-323.79,0.0002714471999999
-323.751,-0.0001503435
-323.712,4.506329999999999e-05
-323.673,0.00014888420999999998
-323.634,0.00014898456000000002
-323.595,-0.00020074505999999998
-323.556,-8.792400000000001e-05
-323.517,-6.190973999999999e-05
-323.478,-7.914509999999998e-05
-323.44,-8.6127e-06
-323.401,-0.0001453521
-323.362,-8.216580000000007e-06
-323.323,2.346771e-05
-323.284,1.688598e-05
-323.245,0.0001138644
-323.206,8.152749e-05
-323.167,8.422956000000001e-05
-323.128,3.3424500000000005e-05
-323.089,-4.552931999999999e-05
-323.05,6.141198990000001e-05
-323.011,-2.185650000000005e-06
-322.973,2.2500299999999992e-05
-322.934,8.74374e-05
-322.895,0.0002546390999999
-322.856,0.00017171367000000002
-322.817,-5.555115e-05
-322.778,0.0002650431
-322.739,-0.0002986803
-322.7,0.00013767720000000002
-322.661,-0.0001714691999999
-322.622,0.0001058859
-322.583,-0.00025680989999999997
-322.545,0.00026766029999999996
-322.506,6.40983e-05
-322.467,0.0003242042999999
-322.428,0.0004674024
-322.389,6.465330000000001e-05
-322.35,9.325739999999998e-05
-322.311,0.00036446549999999997
-322.272,5.480829e-05
-322.233,-0.00012258201
-322.194,-7.138890000000001e-05
-322.155,-1.3465110000000002e-05
-322.116,2.0934030000000002e-05
-322.078,6.656175e-05
-322.039,2.3546999999999997e-05
-322.0,-0.00016340159999989997
-321.961,1.7442000000000434e-07
-321.922,0.00012147179999999998
-321.883,0.0002176159199999
-321.844,6.180813e-05
-321.805,0.000362796
-321.766,-0.00010856640000000002
-321.727,3.97815e-05
-321.688,6.785999999999999e-05
-321.65,0.000261875946
-321.611,-0.00029674409999989995
-321.572,-3.22731e-05
-321.533,0.0001815536999999
-321.494,6.657665999999999e-05
-321.455,0.000362781
-321.416,-0.0002932920299999
-321.377,0.0001500348
-321.338,4.236327e-05
-321.299,-0.0001361793
-321.26,0.00014810898000000003
-321.221,0.00020627700000000002
-321.183,-7.874658000000001e-05
-321.144,0.0002564763
-321.105,4.049199e-05
-321.066,-1.4462099999999985e-05
-321.027,-6.97905e-05
-320.988,-1.2709800000000003e-05
-320.949,-0.00014518695
-320.91,3.270239999999999e-05
-320.871,5.0267100000000005e-05
-320.832,-3.028320000000001e-05
-320.793,0.00016895976000000002
-320.755,8.767431e-05
-320.716,-4.413299999999999e-05
-320.677,-0.0002831600999999
-320.638,-0.0003081117
-320.599,0.00020344035
-320.56,-9.002040000000001e-05
-320.521,-0.00014424597
-320.482,5.1328799999999996e-05
-320.443,0.00019202429999999997
-320.404,7.904088e-05
-320.365,-0.00022414859999999996
-320.327,0.0001631868
-320.288,0.0005003652
-320.249,0.00022493378999999998
-320.21,-0.00015607461000000003
-320.171,0.00021271961999999998
-320.132,0.0003173157
-320.093,3.51114e-05
-320.054,0.0003052044
-320.015,6.239919e-05
-319.976,0.00039085680000000003
-319.937,-4.955970000000001e-05
-319.898,0.00013911510000000002
-319.86,-0.000335188884
-319.821,0.00012906833999999997
-319.782,0.00010972677
-319.743,5.90202e-05
-319.704,6.00654e-05
-319.665,-0.000126065298
-319.626,-0.000262332
-319.587,-0.00010428462
-319.548,6.371339999999999e-05
-319.509,0.00012589269
-319.47,0.00018910439999999997
-319.432,0.00023540847
-319.393,0.000241107
-319.354,-0.00016629359999989997
-319.315,-0.00010359101999999999
-319.276,-0.00013831707
-319.237,9.862983e-05
-319.198,-8.892897000000001e-05
-319.159,-0.0001215549
-319.12,-0.00017021517
-319.081,1.8792599999999987e-05
-319.042,0.00015943530000000003
-319.003,0.0001454328
-318.965,-2.3358899999999998e-05
-318.926,-0.00016524336
-318.887,1.4934869999999998e-05
-318.848,-7.480290000000003e-06
-318.809,-8.573295e-05
-318.77,5.4052500000000005e-05
-318.731,6.725358000000001e-05
-318.692,0.00023407139999999998
-318.653,-0.00031346550000000003
-318.614,4.142517e-05
-318.575,2.3345280000000014e-05
-318.537,0.00010930302000000002
-318.498,-0.0001607586
-318.459,9.514497e-05
-318.42,-0.00022110843
-318.381,-1.8418499999999997e-05
-318.342,-0.00017692797
-318.303,9.162299999999995e-06
-318.264,0.0002285838
-318.225,-0.00010492419000000001
-318.186,7.08852e-05
-318.147,-0.000181398972
-318.109,5.656904999999999e-05
-318.07,-0.00021214620000000004
-318.031,0.00015915399000000001
-317.992,0.00012982215
-317.953,6.993299999999966e-06
-317.914,0.00015277179
-317.875,-2.67693e-05
-317.836,-0.0003331268999999
-317.797,6.198522e-05
-317.758,-1.631058e-05
-317.719,8.914854e-05
-317.68,0.00026258532
-317.642,0.00046247279999989994
-317.603,-0.00034385477400000004
-317.564,0.00038067719999999996
-317.525,-6.096030000000003e-06
-317.486,0.0002998836
-317.447,-0.00031245699
-317.408,4.201230000000001e-05
-317.369,0.0003052251
-317.33,-5.2889160000000006e-05
-317.291,-0.00020230410000000003
-317.252,6.368258999999999e-05
-317.214,0.00013970439
-317.175,-5.374560000000002e-05
-317.136,0.00013250855699999998
-317.097,-9.344946e-05
-317.058,9.372269999999999e-05
-317.019,0.0001746201
-316.98,6.985284e-05
-316.941,-0.00036631005
-316.902,0.00013990176
-316.863,-0.0003003432
-316.824,-0.0001526609999999
-316.785,0.00023353541999989998
-316.747,1.7136449999999998e-06
-316.708,0.00020708259
-316.669,3.7927140000000014e-05
-316.63,0.0003184319999999
-316.591,-1.305093599999999e-05
-316.552,9.448440000000001e-05
-316.513,-7.007526000000001e-05
-316.474,0.0001267617
-316.435,0.00011971848
-316.396,-9.89361e-05
-316.357,7.15848e-05
-316.319,0.0001895034
-316.28,9.373884e-05
-316.241,0.0001417452
-316.202,-8.304e-05
-316.163,-9.228059999999999e-05
-316.124,0.00024942089999999996
-316.085,0.00017929492800000001
-316.046,-0.00012474123
-316.007,6.519143999999998e-05
-315.968,-3.91329e-05
-315.929,0.0001383234
-315.891,6.227730000000001e-05
-315.852,-6.634527e-05
-315.813,0.0001105098
-315.774,0.00014190600000000002
-315.735,0.00012618317999999997
-315.696,7.894163999999999e-05
-315.657,0.0003927192
-315.618,0.0001633014899999
-315.579,-3.63906e-05
-315.54,-0.0004146966
-315.501,-7.653531e-05
-315.462,6.664415999999999e-05
-315.424,-2.4839330999999986e-05
-315.385,-2.6615099999999995e-05
-315.346,-0.00013012590000000001
-315.307,-3.273660000000001e-06
-315.268,-5.436630000000001e-05
-315.229,9.75978e-05
-315.19,-0.00013723548000000002
-315.151,-0.00036873293999999996
-315.112,0.00022982108999999997
-315.073,0.00023939258999989998
-315.034,0.00022140083999990003
-314.996,-4.0374e-06
-314.957,0.00018023213999989997
-314.918,9.734940000000002e-06
-314.879,-4.2789299999999994e-05
-314.84,-0.00011865650999999998
-314.801,-0.00011220345000000001
-314.762,0.00038886300000000003
-314.723,1.694729999999999e-05
-314.684,0.00035795339999999997
-314.645,0.00018571083
-314.606,-3.111216e-05
-314.567,0.00011692350000000001
-314.529,3.117899999999986e-06
-314.49,0.00011679929999999998
-314.451,-0.0002590836
-314.412,0.0001947738
-314.373,0.00016046625
-314.334,0.00011754987
-314.295,0.00028701732
-314.256,0.00017617590000000002
-314.217,0.0004741269
-314.178,-6.314142e-05
-314.139,1.4715300000000008e-05
-314.101,0.0001219587
-314.062,0.00013341749999999997
-314.023,0.000343455
-313.984,1.2945000000000039e-06
-313.945,-4.87236e-05
-313.906,3.0483e-05
-313.867,-0.0001868775
-313.828,7.55712e-05
-313.789,-3.4920599999999985e-05
-313.75,0.0002839031999999
-313.711,-7.789848e-05
-313.672,-6.706619999999999e-06
-313.634,-0.0001657040999999
-313.595,-0.0003745608
-313.556,-0.0002888673
-313.517,0.00011834819999999999
-313.478,-0.00011119379999999999
-313.439,-0.00023993510999999998
-313.4,-0.0001471014
-313.361,-1.4934600000000004e-05
-313.322,-0.00016775552999999998
-313.283,3.45252e-05
-313.244,0.00021456737999999998
-313.206,-0.0002319333
-313.167,-0.0001585404
-313.128,6.601335e-05
-313.089,-6.763439999999998e-05
-313.05,-6.465579000000001e-05
-313.011,0.00014726699999999997
-312.972,0.00013580985
-312.933,1.628460000000001e-05
-312.894,6.8064e-05
-312.855,0.0004650288
-312.816,-4.171055999999999e-06
-312.777,-0.00019470006
-312.739,-0.00026641079999999997
-312.7,9.73047e-05
-312.661,-9.069420000000001e-05
-312.622,-4.2574251e-05
-312.583,0.0005310791999999999
-312.544,0.0001366584
-312.505,0.0003138201
-312.466,-0.0001403898
-312.427,0.00017641467000000001
-312.388,-0.0003793893
-312.349,0.00021776565
-312.311,-0.00011046216000000001
-312.272,7.792859999999995e-06
-312.233,7.284777000000002e-05
-312.194,3.13806e-05
-312.155,0.000250326
-312.116,0.00042228419999999994
-312.077,-2.4056340000000005e-05
-312.038,0.0002526455999999
-311.999,8.641259999999999e-05
-311.96,0.00011817540000000001
-311.921,0.0003538821
-311.883,9.19218e-05
-311.844,-4.781789999999999e-05
-311.805,-0.0003406767
-311.766,-0.00014355059999999998
-311.727,0.0002720453999999
-311.688,-0.00012459869999999998
-311.649,0.0004251910799999
-311.61,0.0003476576999998
-311.571,0.00022059729
-311.532,0.00024710808
-311.493,4.449336000000001e-05
-311.454,-0.0002061012
-311.416,9.470970000000001e-05
-311.377,-0.00014306556
-311.338,0.00032170002
-311.299,-0.0003641613899999
-311.26,7.39974e-05
-311.221,-0.00013453392
-311.182,-0.0003118341
-311.143,0.00021910950000000003
-311.104,8.738039999999998e-05
-311.065,-0.0002939886
-311.026,0.00018385440000000003
-310.988,-8.086056000000001e-05
-310.949,0.00014746115999999997
-310.91,5.43381e-05
-310.871,-7.311330000000001e-05
-310.832,0.00024464310000000004
-310.793,0.0001540089
-310.754,-0.00010905
-310.715,9.932039999999999e-05
-310.676,0.0002201061
-310.637,-8.92059e-05
-310.598,0.00025410912
-310.56,-0.0002329284
-310.521,0.00018883491
-310.482,0.00010209591
-310.443,0.000552318
-310.404,0.0003181396799999
-310.365,0.00014459120999999999
-310.326,-1.935477000000001e-05
-310.287,-0.00028537049999999997
-310.248,0.0004897337999999
-310.209,0.00017947649999999998
-310.17,0.00027047379
-310.131,-0.00013561868999999998
-310.093,0.0001913904
-310.054,-2.721375e-05
-310.015,0.0006278303999999999
-309.976,2.546700000000014e-06
-309.937,-5.9935200000000015e-05
-309.898,7.62387e-05
-309.859,0.00022488486000000002
-309.82,0.00020800806
-309.781,0.0005036117399999999
-309.742,0.00018037776
-309.703,-0.00012741450000000002
-309.665,6.862400999999997e-05
-309.626,7.61406819e-05
-309.587,-4.8850799999999997e-05
-309.548,0.000156651594
-309.509,-0.0004910139
-309.47,-0.0001561327199999
-309.431,2.7781499999999988e-05
-309.392,0.0001319766
-309.353,0.0003626375999999
-309.314,0.0001000509
-309.275,1.6114260000000007e-05
-309.236,5.6954250000000015e-05
-309.198,7.5312e-05
-309.159,-2.6014500000000006e-05
-309.12,0.00030411279
-309.081,0.00022763040000000004
-309.042,-3.5989331399999996e-05
-309.003,-0.0002445327
-308.964,-2.9081100000000002e-05
-308.925,0.0002755602
-308.886,0.0002353257
-308.847,-1.1086509e-05
-308.808,-0.00023803380000000002
-308.77,-8.259210000000001e-06
-308.731,0.00031950960000000004
-308.692,-5.931360000000002e-05
-308.653,-0.0003659559
-308.614,-2.7363000000000002e-05
-308.575,0.0001058718
-308.536,3.40218e-05
-308.497,0.00036460644
-308.458,-7.865430000000015e-07
-308.419,-1.8117810000000016e-05
-308.38,-1.2081780000000002e-05
-308.341,0.0004981362
-308.303,-0.0003144843
-308.264,-0.00043513290000000006
-308.225,0.000307569
-308.186,8.127099e-05
-308.147,-0.00013005741
-308.108,-7.941300000000006e-06
-308.069,0.0007624239
-308.03,0.0003029592779999
-307.991,0.00034475094
-307.952,0.00013300701
-307.913,7.479921e-05
-307.875,-0.0005683745999999
-307.836,-0.00015095418
-307.797,-5.2230899999999975e-05
-307.758,0.0002204235
-307.719,-5.020140000000001e-05
-307.68,0.00035697587999990003
-307.641,0.00049304988
-307.602,9.607023e-05
-307.563,0.000100033665
-307.524,0.00020831534999999997
-307.485,0.0001494888
-307.447,-5.8782174e-05
-307.408,-0.00016840469999999998
-307.369,4.567314300000001e-05
-307.33,0.00010479471600000003
-307.291,-0.0002520567
-307.252,-0.0002020515599999
-307.213,-0.00017758971
-307.174,1.0679999999999938e-06
-307.135,-0.00044469720000000004
-307.096,0.0001369482
-307.057,-0.0002518704
-307.018,0.00010599411
-306.98,0.00026244549
-306.941,0.0001874994
-306.902,5.386569e-05
-306.863,2.250030000000001e-05
-306.824,7.101270000000001e-05
-306.785,2.866122e-05
-306.746,-0.00018466626
-306.707,0.0001368054
-306.668,-1.0878492000000002e-05
-306.629,-0.00019108583399989997
-306.59,-0.00014013708
-306.552,0.00029326440000000003
-306.513,0.0001872825
-306.474,0.00028135095000000003
-306.435,-0.00023164878000000002
-306.396,0.0001369233
-306.357,0.0002498529
-306.318,0.0002596122
-306.279,-0.00012494787000000003
-306.24,0.0003175109999999999
-306.201,0.0001862411999999
-306.162,-0.0003327089999999
-306.123,-8.469479999999999e-05
-306.085,6.224040000000001e-05
-306.046,0.0006317766
-306.007,-0.0003829377
-305.968,0.00027092739
-305.929,0.00015929171999999999
-305.89,8.74449e-05
-305.851,-0.0001913316
-305.812,-0.0001521054
-305.773,-0.00010547922599999999
-305.734,0.00047097999000000006
-305.695,0.00010019958000000001
-305.657,-0.00010625940000000003
-305.618,-0.0002924523
-305.579,0.00015573840000000002
-305.54,0.0001488252
-305.501,-0.00020725020000000004
-305.462,-5.452929e-05
-305.423,0.00012695949000000002
-305.384,0.00030370299
-305.345,7.243995e-05
-305.306,0.0004246562999999
-305.267,0.0003730506
-305.229,0.00011203110000000002
-305.19,-9.938736e-05
-305.151,0.00022977006
-305.112,5.561586000000001e-05
-305.073,0.0003263207999999
-305.034,0.0003983742
-304.995,0.00047682659999990004
-304.956,-5.483910000000001e-05
-304.917,-0.00011243279999999999
-304.878,-0.0002565506999999
-304.839,8.357039999999997e-05
-304.8,9.496799999999999e-05
-304.762,0.00019259162999999996
-304.723,0.0003600800999999
-304.684,-0.00010567932000000001
-304.645,0.00037693169999999997
-304.606,0.0001539851699999
-304.567,-0.0001535106
-304.528,0.00010809342
-304.489,-0.00011969558999999999
-304.45,0.0006120552
-304.411,-4.285740000000001e-05
-304.372,-0.0004679702999999
-304.334,-0.00014711145
-304.295,-0.000174034485
-304.256,0.0001886508
-304.217,-0.00026460618
-304.178,0.0001577281499999
-304.139,-6.243819e-05
-304.1,-0.00020147805
-304.061,-0.0002838408
-304.022,-0.0004108185
-303.983,-0.00033139199999989994
-303.944,-0.0006060414
-303.905,4.026285e-05
-303.867,-0.00039911549999999997
-303.828,-9.198303e-05
-303.789,0.00030029928000000004
-303.75,8.265411e-05
-303.711,0.0003584913
-303.672,-0.0002782438799999
-303.633,-4.8798810000000005e-05
-303.594,-0.00011468550000000001
-303.555,-0.0001071813
-303.516,-1.4561400000000013e-05
-303.477,-0.0003734967
-303.439,0.00010290149999999999
-303.4,8.181759e-05
-303.361,0.0001737609
-303.322,0.000271689
-303.283,-0.0001615403999999
-303.244,0.0003329823
-303.205,8.075700000000001e-06
-303.166,7.44135e-05
-303.127,0.00016810995000000003
-303.088,7.695540000000001e-05
-303.049,2.0123580000000004e-05
-303.01,1.6807499999999998e-05
-302.972,-6.643203e-05
-302.933,-0.00013163276099999998
-302.894,2.4981299999999984e-05
-302.855,-5.827500000000018e-06
-302.816,0.00015588027
-302.777,-0.00013168824
-302.738,-0.0002662392
-302.699,-0.0001584005999999
-302.66,-0.0001322958
-302.621,-0.0001747700999999
-302.582,9.696876000000001e-05
-302.544,7.162409999999998e-06
-302.505,0.00012989586000000002
-302.466,0.0002748777
-302.427,4.154759999999999e-05
-302.388,0.00055352448
-302.349,-0.0003376737
-302.31,0.00026904099
-302.271,-0.0001397826
-302.232,0.0005216799299999999
-302.193,5.427819e-05
-302.154,0.00019346099999999997
-302.116,2.510718000000001e-05
-302.077,5.1942900000000116e-06
-302.038,0.00010617119999999998
-301.999,0.0002854061999999
-301.96,0.0004669155
-301.921,0.0001433625
-301.882,0.0001425435
-301.843,0.00010728900000000001
-301.804,0.00013829775
-301.765,6.626099999999994e-06
-301.726,6.908226e-05
-301.687,-2.3608469999999987e-05
-301.649,0.0004581789
-301.61,0.00019158348
-301.571,-0.00010727742
-301.532,5.7847769999999997e-05
-301.493,0.0002571765599999
-301.454,0.00022633619999999998
-301.415,5.822052000000002e-05
-301.376,-0.00011901239999999999
-301.337,7.908570000000003e-05
-301.298,8.368302e-05
-301.259,0.0004948757999999999
-301.221,0.00012106409999999998
-301.182,-0.0004104239999999
-301.143,0.00017847029999989997
-301.104,-0.0001831034999999
-301.065,-0.00043973790000000003
-301.026,-0.0001280952
-300.987,-0.00034234464
-300.948,-5.233922999999999e-05
-300.909,0.00031795289999980004
-300.87,7.083792000000001e-05
-300.831,0.0005538261
-300.792,0.00012287985000000005
-300.754,-3.872099999999993e-07
-300.715,-3.2586389999999996e-05
-300.676,-3.683399999999999e-05
-300.637,-0.00016658648999999997
-300.598,0.00028195911
-300.559,0.0002745294
-300.52,-0.00027557307000000003
-300.481,0.0003190596
-300.442,0.0002276907
-300.403,0.00045400779
-300.364,0.00017808312
-300.326,-4.496729999999999e-05
-300.287,1.7153699999999995e-05
-300.248,-2.2938300000000105e-06
-300.209,-3.97098e-05
-300.17,-8.370615000000003e-05
-300.131,-0.0003877254
-300.092,-8.799210000000001e-05
-300.053,-0.0003922248
-300.014,-4.115360999999999e-05
-299.975,0.00034177877999999997
-299.936,0.0005199771
-299.897,-0.0002877555
-299.859,1.3197480000000002e-05
-299.82,-0.0004091586
-299.781,-0.00022414086
-299.742,0.0002113452
-299.703,0.0001679859
-299.664,-6.919281e-05
-299.625,-0.00023963879999999997
-299.586,0.0003331098
-299.547,0.00038334291
-299.508,0.00013179179999999997
-299.469,0.0003102743999999
-299.431,-8.771249999999998e-06
-299.392,0.00010064726999999999
-299.353,2.7765599999999997e-05
-299.314,0.0008986589999999999
-299.275,0.00010787624999999999
-299.236,0.00023625110999999998
-299.197,-0.00013310039999999998
-299.158,-0.0004009203
-299.119,-0.00012714056999999998
-299.08,0.00016840167
-299.041,-0.0001992432299999
-299.003,-4.166339999999999e-05
-298.964,-0.00012673098
-298.925,-0.00032420939999999997
-298.886,-5.7220739999999995e-05
-298.847,0.000577728
-298.808,-0.0001702482899999
-298.769,-2.0292840000000013e-05
-298.73,-0.0005256341999999999
-298.691,2.6467080000000005e-05
-298.652,-0.00012757167
-298.613,0.0001348446
-298.574,0.0002703490799999
-298.536,-0.000176435322
-298.497,0.00045517383
-298.458,-0.0003603796499999
-298.419,9.20841e-05
-298.38,-0.00036556859999999997
-298.341,0.00041771670000000007
-298.302,-3.437820000000001e-06
-298.263,-0.00028167444
-298.224,-0.00021443667
-298.185,0.00039648120000000003
-298.146,0.0002155902
-298.108,-0.0001377555
-298.069,4.92951e-05
-298.03,-0.00035608976999989997
-297.991,0.0005280453
-297.952,-5.719829999999998e-05
-297.913,0.00020387250000000002
-297.874,0.0001199922
-297.835,-0.00011036220000000001
-297.796,0.0002775911999999
-297.757,-7.33245e-05
-297.718,0.0003686646
-297.68,-5.1765899999999985e-05
-297.641,-0.00016965060000000002
-297.602,-0.00017769059999989998
-297.563,-0.00028889115
-297.524,4.507944e-05
-297.485,0.0001285971
-297.446,-0.0001922752199999
-297.407,0.000743067
-297.368,0.0002306808
-297.329,-1.9612289999999984e-05
-297.29,-0.00013363589999999999
-297.251,4.865550000000001e-05
-297.213,-0.000134112
-297.174,-5.3521799999999986e-05
-297.135,-0.00044380586999999996
-297.096,-9.03273e-05
-297.057,0.00042300149999999995
-297.018,0.0002107728
-296.979,0.0001058022
-296.94,0.00018707130000000002
-296.901,0.0004748075999999
-296.862,0.00022013940000000003
-296.823,0.0002791995
-296.785,-0.0004485801
-296.746,-4.161255e-05
-296.707,0.0002584182
-296.668,-9.972209999999998e-05
-296.629,0.00028039224000000004
-296.59,0.00012548939999999998
-296.551,0.00038658591000000005
-296.512,0.0002396391
-296.473,8.803290000000002e-05
-296.434,0.0003524718
-296.395,-1.71645e-05
-296.356,8.385522e-05
-296.318,0.00023274960000000002
-296.279,-8.984883e-05
-296.24,0.0002750067
-296.201,0.00024882
-296.162,-0.0002929683
-296.123,-0.0005973509999999
-296.084,4.732499999999999e-06
-296.045,0.0003115621799999
-296.006,4.584930000000001e-05
-295.967,-8.293974000000001e-05
-295.928,-0.00028217190000000004
-295.89,8.567850000000001e-05
-295.851,0.00029171234999999997
-295.812,-0.00012423396
-295.773,-9.02274e-06
-295.734,-0.00011721498000000001
-295.695,-0.00019232846999999998
-295.656,0.00030082350000000004
-295.617,0.00055256244
-295.578,-5.4159300000000015e-05
-295.539,-0.00029732909999999997
-295.5,-0.0003172308
-295.461,-9.673896e-05
-295.423,0.0002497734
-295.384,4.48809e-05
-295.345,0.00035445921000000003
-295.306,-0.0003738162
-295.267,-7.074153e-05
-295.228,0.00013512978
-295.189,0.00021561873
-295.15,0.00024399749999999998
-295.111,0.0002141814
-295.072,0.00016448880000000002
-295.033,-0.00032176650000000003
-294.995,-8.590761e-05
-294.956,0.0002049543
-294.917,4.138122000000001e-05
-294.878,-2.9446770000000002e-05
-294.839,0.0001695558
-294.8,-0.00021299736
-294.761,0.00018514392
-294.722,-0.0004471641
-294.683,0.00032757930000000004
-294.644,-4.024979999999999e-05
-294.605,0.0003120074999999
-294.566,-0.0002462289
-294.528,-4.466700000000002e-05
-294.489,9.118830000000002e-05
-294.45,-0.00010860828000000001
-294.411,0.00047483948999990004
-294.372,-5.9375999999999995e-05
-294.333,0.00020802494999989997
-294.294,0.00054869064
-294.255,-7.742640000000004e-05
-294.216,-0.00029462790000000003
-294.177,0.00059881221
-294.138,1.5139932e-05
-294.1,0.00031281989999989995
-294.061,9.537704999999998e-05
-294.022,8.932890000000002e-05
-293.983,-0.0002134169999999
-293.944,0.00011864037900000002
-293.905,2.3209740000000005e-05
-293.866,-0.0005248760999999
-293.827,0.00018699315
-293.788,-0.0004538409
-293.749,-0.0005584263
-293.71,0.0001589084999999
-293.672,0.0003566498999999
-293.633,-0.000257395104
-293.594,0.00029280276
-293.555,0.0003363429
-293.516,0.0003524652
-293.477,-2.4996900000000015e-05
-293.438,0.00018521586
-293.399,-9.31056e-05
-293.36,0.00032831040000000003
-293.321,0.000208103421
-293.282,0.00017925767999989997
-293.243,7.39206e-05
-293.205,0.00016420899
-293.166,0.0002740866
-293.127,9.497190000000002e-05
-293.088,-0.00050663199
-293.049,-0.0004000167
-293.01,0.000104721
-292.971,0.0002129531999999
-292.932,-0.0002607105
-292.893,-0.0001901463
-292.854,-0.00016603139999999997
-292.815,0.0003096416999999
-292.777,6.865229999999997e-05
-292.738,0.00022611479999999997
-292.699,0.0002775129
-292.66,0.0001285392
-292.621,-9.4809e-05
-292.582,0.0003524711999999
-292.543,3.6845700000000005e-05
-292.504,-3.964169999999998e-05
-292.465,0.0002620863
-292.426,0.0005461122
-292.387,-1.918229999999999e-05
-292.349,-0.00022979076
-292.31,-4.446333e-05
-292.271,0.0005872338
-292.232,-0.00038060160000000004
-292.193,0.00044459429999999997
-292.154,-0.00015057390000000002
-292.115,-4.975760999999999e-05
-292.076,-8.0973e-05
-292.037,-0.000313881
-291.998,-2.6081999999999995e-05
-291.959,0.00027657438
-291.92,0.0001550463
-291.882,-0.00028960442999999996
-291.843,-0.00021433343999999999
-291.804,0.0003083897999999
-291.765,-0.00022246799999999997
-291.726,8.488506000000002e-05
-291.687,-7.648754999999997e-05
-291.648,-5.96781e-05
-291.609,0.00012299223
-291.57,0.0002458569
-291.531,0.0006503418
-291.492,7.136400000000003e-05
-291.454,-2.807699999999956e-06
-291.415,-0.00031695089999980003
-291.376,9.339659999999997e-05
-291.337,0.00011876084999999999
-291.298,8.531991000000001e-05
-291.259,6.784739999999998e-05
-291.22,1.955670000000001e-05
-291.181,-9.715470000000001e-05
-291.142,-4.964496e-05
-291.103,-1.423979999999999e-05
-291.064,0.0002648655
-291.025,0.0003072189
-290.987,-0.00023424329999999997
-290.948,-0.0001884393
-290.909,0.0004951929000000001
-290.87,-0.00018097889999989998
-290.831,0.0001365696
-290.792,0.00023114697
-290.753,-0.0004155225
-290.714,0.00022881762
-290.675,-0.00024837240000000004
-290.636,0.00014491167000000002
-290.597,0.0003145164
-290.559,0.0006184787999999999
-290.52,-0.00030359441999999997
-290.481,0.000473946
-290.442,6.296670000000002e-06
-290.403,-0.00011554919999999999
-290.364,0.00028493729999999997
-290.325,0.0004360928999999
-290.286,-7.326737999999999e-05
-290.247,-0.00014464695
-290.208,-1.0798769999999994e-05
-290.169,-0.0003350585999998
-290.13,0.00040384289999999994
-290.092,-0.0002845407
-290.053,0.00024935640000000003
-290.014,0.00011475959999999996
-289.975,0.0004905528
-289.936,0.00039292200000000003
-289.897,-2.8671600000000012e-05
-289.858,0.0002328080999999
-289.819,0.0001697204999999
-289.78,-0.0001453083
-289.741,-0.00014917622999999997
-289.702,0.0004754427
-289.664,-9.558660000000025e-06
-289.625,0.0003992523
-289.586,0.000230784555
-289.547,-0.0002001912
-289.508,-1.3400699999999975e-05
-289.469,0.00023024820000000002
-289.43,0.0003051753
-289.391,-6.400170000000005e-06
-289.352,2.6503200000000035e-05
-289.313,-0.00017300910000000002
-289.274,8.558700000000003e-06
-289.236,-0.00010525376999999998
-289.197,-0.00018261149999999998
-289.158,-4.491996000000001e-05
-289.119,0.00023592269999999998
-289.08,0.0001496454
-289.041,0.000205569
-289.002,0.00023500062
-288.963,-0.00034312169999989995
-288.924,-8.849999999999991e-06
-288.885,-0.00012012723000000001
-288.846,-0.0005954013000000001
-288.807,-0.000234620619
-288.769,3.149999999999999e-05
-288.73,0.0003632930999999
-288.691,0.0001929438
-288.652,-0.00023601479999989998
-288.613,-6.8222139e-05
-288.574,0.00012399299999999998
-288.535,-0.0005483192999999999
-288.496,0.0003556676999999
-288.457,-0.00011418368999999998
-288.418,0.00023928839999999996
-288.379,-0.00013233330000000002
-288.341,-0.00011873423999999998
-288.302,-0.0001304745
-288.263,0.00015431729999999997
-288.224,-0.0002472528
-288.185,-0.00012251160000000002
-288.146,0.00013929948000000002
-288.107,-0.0001571934
-288.068,-7.335390000000001e-05
-288.029,-9.033075e-05
-287.99,0.0002280405
-287.951,5.8293000000000006e-05
-287.912,-0.0001591989
-287.874,0.00011337899999999999
-287.835,-0.0002318133
-287.796,5.168667e-05
-287.757,6.843339e-05
-287.718,0.00040466609999999996
-287.679,-0.00012292029
-287.64,-9.96231e-05
-287.601,0.000148158
-287.562,-7.90320000000001e-06
-287.523,-0.00017977319999989998
-287.484,0.00021142967700000002
-287.446,0.00015514266
-287.407,0.0001262499
-287.368,2.8289010000000004e-05
-287.329,-7.962096e-05
-287.29,0.0003898698
-287.251,-0.00052604136
-287.212,0.0002392872
-287.173,-9.499854000000001e-05
-287.134,-0.00038661570000000006
-287.095,0.0006035405999999
-287.056,-0.0005470830000000001
-287.017,0.000427990827
-286.979,0.00019340058
-286.94,0.0001107294
-286.901,0.00028371075
-286.862,0.00024953082
-286.823,9.413460000000002e-05
-286.784,2.6236200000000083e-06
-286.745,8.46627e-05
-286.706,-6.758181e-05
-286.667,0.00038548559999999996
-286.628,0.00012500009999999996
-286.589,0.0005238848700000001
-286.551,0.0006239147399999
-286.512,-0.00015618617999989997
-286.473,-0.0006368979000000001
-286.434,-0.0002721807
-286.395,0.00012265074000000002
-286.356,-1.7079180000000006e-05
-286.317,-0.0006257217
-286.278,0.0005179788
-286.239,0.0006111429
-286.2,9.685199999999993e-06
-286.161,-0.00038359889999999995
-286.123,9.294857999999999e-05
-286.084,9.21882e-05
-286.045,0.0004366035
-286.006,-0.0003369572579998
-285.967,0.00010463420640000001
-285.928,-0.0003370208999999
-285.889,0.00011089890000000002
-285.85,0.0001567134
-285.811,0.0006414566999999999
-285.772,-0.00013201020000000002
-285.733,-9.380909999999996e-05
-285.694,0.000295823535
-285.656,-0.0005527599
-285.617,0.00011697060000000006
-285.578,0.0003932706
-285.539,0.00026255009999990003
-285.5,0.00010614986999999998
-285.461,-8.215752000000004e-05
-285.422,7.21164e-05
-285.383,0.00015602417999999998
-285.344,-4.932210000000002e-05
-285.305,6.915719999999999e-05
-285.266,0.000112211184
-285.228,0.0001947378
-285.189,0.00020954772
-285.15,-0.0002647814999999
-285.111,0.00025427249999999995
-285.072,0.0004621182
-285.033,0.0007223748
-284.994,7.815810000000003e-05
-284.955,0.00029874948
-284.916,0.0006585815999999
-284.877,-0.0004583123999999999
-284.838,0.00018599250000000004
-284.799,-0.00014409975
-284.761,0.0001328571
-284.722,-4.345259999999999e-05
-284.683,9.168090000000001e-05
-284.644,0.00033343770000000003
-284.605,5.4840599999999984e-05
-284.566,-0.0005195460000000001
-284.527,-3.4501589999999974e-05
-284.488,-5.131850999999998e-05
-284.449,0.0005949105
-284.41,3.8061600000000015e-05
-284.371,-0.0011855001
-284.333,-6.2526000000000085e-06
-284.294,-2.119509000000001e-05
-284.255,0.00012040254000000001
-284.216,-0.0002700888
-284.177,-0.0004292832
-284.138,-6.360719999999998e-05
-284.099,-0.00010038869999999998
-284.06,0.0002593919999999
-284.021,-0.0002588349
-283.982,0.0005195537999999999
-283.943,0.0004990028099999999
-283.905,0.0003230126999999
-283.866,-0.0006531716999999999
-283.827,-0.00025290227999990005
-283.788,0.00021355920000000003
-283.749,5.8197000000000026e-05
-283.71,0.0007703138999999999
-283.671,0.00029548431
-283.632,0.0006989870999998999
-283.593,-0.0003664817100000001
-283.554,-0.00035907110999999997
-283.515,-2.5670699999999998e-05
-283.476,-0.00037909079999979997
-283.438,0.00010751375999999998
-283.399,-0.00010240662
-283.36,-0.0002123463
-283.321,-0.00037547009999999996
-283.282,0.00046586550000000005
-283.243,-1.079609999999999e-05
-283.204,-0.0001272135
-283.165,2.842289999999998e-05
-283.126,-0.00026970768
-283.087,0.0004546548
-283.048,0.00042238649999999997
-283.01,-0.00033875910000000003
-282.971,-0.0003453071999999
-282.932,0.00024465960000000003
-282.893,-9.856890000000002e-05
-282.854,-9.35469e-05
-282.815,0.0005184345
-282.776,0.00032688281999999994
-282.737,0.0002717406
-282.698,0.00024993222
-282.659,0.0002357031
-282.62,-2.9311199999999927e-06
-282.581,-4.233570000000003e-05
-282.543,7.779299999999995e-06
-282.504,-4.0992929999999994e-05
-282.465,8.4132e-05
-282.426,-0.00027971100000000003
-282.387,-0.00012918105
-282.348,0.00010440698099999999
-282.309,-0.0006377132999999999
-282.27,-0.00027520523999999995
-282.231,-0.00072754485
-282.192,-0.00045358379999999997
-282.153,-0.00028501920000000003
-282.115,0.0004211499
-282.076,-0.0001637877
-282.037,0.000305703
-281.998,0.0004325712
-281.959,0.00026645820000000003
-281.92,-0.0002405262
-281.881,0.0003141669
-281.842,-0.0009974844
-281.803,0.0006614316300000001
-281.764,0.0003464424
-281.725,-0.00033362147999989994
-281.686,7.534289999999979e-06
-281.648,-0.000122916291
-281.609,-0.0003110108999998
-281.57,-0.00010764420000000002
-281.531,-3.69375e-05
-281.492,0.0006194382
-281.453,-3.507839999999999e-05
-281.414,-0.0003356937
-281.375,-0.00017755455
-281.336,0.0006813941999999
-281.297,-0.00012087549000000002
-281.258,0.0005236236
-281.22,0.0002941377
-281.181,-0.00023343474000000003
-281.142,0.0007317888
-281.103,0.00048579630000000003
-281.064,-0.000112558113
-281.025,0.0003154239
-280.986,-4.7890893e-05
-280.947,0.00030569999999999995
-280.908,-8.34756e-05
-280.869,-8.038800000000022e-06
-280.83,-0.00041837726999999995
-280.792,0.0003463623
-280.753,0.0004489862999999
-280.714,0.00039616499999989995
-280.675,-0.0006224403
-280.636,-0.00022710029999989997
-280.597,0.0001744905
-280.558,0.0002510316
-280.519,-0.0002458245
-280.48,-0.0008010603
-280.441,-7.369896000000001e-05
-280.402,0.00027595499999989997
-280.363,-0.0006264207
-280.325,0.00034576769999990003
-280.286,0.0004139037
-280.247,1.9573199999999984e-05
-280.208,0.0003912786
-280.169,0.00020518800000000003
-280.13,0.0001790606999999
-280.091,-0.00038452530000000003
-280.052,-0.0005217036000000001
-280.013,-0.0004802157
-279.974,-7.680030000000002e-05
-279.935,-0.00018859438200000004
-279.897,-0.0007182885
-279.858,3.136349999999999e-05
-279.819,0.00015507
-279.78,0.0008067309
-279.741,-0.00036901740000000005
-279.702,-0.0004870955999999001
-279.663,-0.0003094881299999
-279.624,0.0001530869999999
-279.585,-0.00016085159999999998
-279.546,-0.00014209335
-279.507,0.0007787406
-279.469,4.424100000000004e-06
-279.43,0.0001004826
-279.391,-0.0008158437
-279.352,0.0003917769
-279.313,0.0004553274
-279.274,0.00030999269999990004
-279.235,-0.00054754317
-279.196,3.1731899999999993e-05
-279.157,-0.00037416387
-279.118,0.0006321132300000001
-279.079,-0.00016360329
-279.04,-0.0005755643999999
-279.002,0.00014377824000000002
-278.963,-0.000456474135
-278.924,-0.0001556409
-278.885,-0.00035193359999999995
-278.846,0.00044105129999999997
-278.807,-7.32714e-05
-278.768,-0.00015154319999999998
-278.729,-0.000328548
-278.69,0.0005052734999999
-278.651,-0.0002871471
-278.612,-0.0004412868
-278.574,0.00027982044000000005
-278.535,-0.0005215731
-278.496,-8.9613e-05
-278.457,0.0002274321
-278.418,0.0004792769999998
-278.379,8.98500000000001e-06
-278.34,0.0002461767
-278.301,-3.420975000000001e-05
-278.262,0.0002917776
-278.223,0.00036066888000000003
-278.184,3.884459999999997e-05
-278.145,0.0004184988
-278.107,-0.0003283343999999
-278.068,0.0003761331
-278.029,-0.00043333710000000004
-277.99,0.00046948509000000003
-277.951,-2.5265700000000025e-05
-277.912,-0.0002944949999999
-277.873,7.005692999999999e-05
-277.834,0.0001454595
-277.795,4.6192170000000006e-05
-277.756,0.0006981897000000001
-277.717,0.00027883808999989995
-277.679,0.00034405329
-277.64,-0.0001114539
-277.601,-0.00020352600000000002
-277.562,-4.9042769999999975e-05
-277.523,0.0001472475
-277.484,0.00019583112
-277.445,-0.00040155449999999994
-277.406,-0.0003346379999999
-277.367,0.00029376599999990003
-277.328,0.0001943349
-277.289,0.0001501251
-277.25,0.00027036210000000005
-277.212,0.00040050540000000003
-277.173,0.00011200319999999996
-277.134,0.00027105456
-277.095,-0.0002437698
-277.056,0.00045086970000000003
-277.017,-0.0002267745
-276.978,0.00030294990000000004
-276.939,0.0002983268999999
-276.9,0.00034020930000000006
-276.861,0.0007706897999999999
-276.822,6.873509999999999e-05
-276.784,-0.0008257515
-276.745,0.0002532287999999
-276.706,0.00046912470000000004
-276.667,0.00021077633999989995
-276.628,0.00036994860000000003
-276.589,-0.00027273876
-276.55,9.79695e-05
-276.511,5.645405999999999e-05
-276.472,-0.00043235361
-276.433,-0.00031437569999989993
-276.394,-0.0002249301
-276.355,-0.00038164113
-276.317,0.00017466236999999997
-276.278,-0.00037342769999979995
-276.239,0.0004962207
-276.2,0.0003414504
-276.161,-0.00029632920000000003
-276.122,0.00011292239999999997
-276.083,0.00037138050000000005
-276.044,-0.0005173644
-276.005,0.0005097665999999999
-275.966,-0.000267264
-275.927,-7.847099999999999e-05
-275.889,-3.2821889999999984e-05
-275.85,-0.00032519639999990005
-275.811,2.6927999999999685e-06
-275.772,0.0002718246
-275.733,0.0004953459
-275.694,0.0010483286999999999
-275.655,-0.00026034762
-275.616,-0.0002809538999999
-275.577,0.0004983889499999999
-275.538,0.0002552399999999
-275.499,0.00021239849999989997
-275.461,-0.00053488923
-275.422,0.0003387594
-275.383,0.0001424403
-275.344,-0.0004364265
-275.305,-0.0005555718
-275.266,0.0001905435
-275.227,-0.00014044439999999999
-275.188,-3.491411999999987e-06
-275.149,-0.000644577063
-275.11,0.00030743796
-275.071,-1.802100000000001e-05
-275.032,0.00021254460000000002
-274.994,-1.5282299999999987e-05
-274.955,-0.00046286459999990003
-274.916,-0.00013379946
-274.877,-7.983540000000001e-05
-274.838,0.00012908820000000004
-274.799,0.0004144008
-274.76,0.0004031949
-274.721,0.00032943870000000006
-274.682,-0.0001496349
-274.643,-0.0006203106
-274.604,0.0006853760999999
-274.566,-0.0003436346999998
-274.527,9.180419999999996e-05
-274.488,0.0003992844
-274.449,0.00019814339999990003
-274.41,8.933849999999998e-05
-274.371,-0.00039347070000000006
-274.332,0.00016975079999999998
-274.293,-0.0003930531
-274.254,7.347779999999999e-05
-274.215,-0.00017665980000000002
-274.176,0.000415437
-274.138,-0.0002747655
-274.099,-0.0003412884899999
-274.06,-3.2535450000000004e-05
-274.021,0.00047761470000000003
-273.982,0.00026856209999990004
-273.943,5.241663e-05
-273.904,0.0004377386999999
-273.865,-0.0009853833
-273.826,0.00015144173999999999
-273.787,9.379470000000004e-05
-273.748,-0.0005046621
-273.709,-0.00025238850000000005
-273.671,0.0005768222999999999
-273.632,-5.3310600000000004e-05
-273.593,-0.00041344679999989997
-273.554,0.00016749510000000002
-273.515,-0.0003674088
-273.476,-0.0002494896
-273.437,0.0006572874
-273.398,-5.547809999999998e-05
-273.359,0.0003833738099999999
-273.32,0.00029922882
-273.281,4.2435900000000005e-05
-273.243,-0.00020349233999989997
-273.204,-0.0005930037299999999
-273.165,-0.0006571446000000001
-273.126,-0.0006667155
-273.087,-0.0005346389180999999
-273.048,-0.00014181749999999993
-273.009,0.00031794390000000004
-272.97,-0.00031292129999999996
-272.931,0.0007482735
-272.892,0.0004991712
-272.853,-0.0002569863
-272.814,0.0003325394999999999
-272.776,-0.0004848594899999999
-272.737,0.0003470301599998
-272.698,0.0007458552000000001
-272.659,0.00024444630000000005
-272.62,4.981740000000001e-05
-272.581,0.0003715548
-272.542,-0.00024778107
-272.503,0.00015987960000000002
-272.464,0.00017217795
-272.425,0.0003477443099999
-272.386,-0.00010605779999999997
-272.348,0.0003969969
-272.309,0.0002544039
-272.27,0.00025178565
-272.231,-0.0006115872
-272.192,0.0006826094999997998
-272.153,0.0006982664999998999
-272.114,-0.0003098801999999
-272.075,8.473499999999998e-06
-272.036,-0.0002036468999999
-271.997,0.00024099599999989998
-271.958,0.00032674205999999996
-271.919,-0.0004900026
-271.881,-0.00012660912
-271.842,-0.0002062764
-271.803,-0.0004626665999999999
-271.764,0.00015425729999999998
-271.725,0.00013798440000000004
-271.686,0.00031460519999979995
-271.647,-1.8342899999999997e-05
-271.608,-0.00013074119999999996
-271.569,0.0006093579
-271.53,0.0009754287
-271.491,0.0001578129
-271.453,0.00033446052000000006
-271.414,-0.00011260752000000001
-271.375,-0.0007527526800000001
-271.336,0.000312555
-271.297,-0.00021142859999999998
-271.258,-0.0007361630999999999
-271.219,0.00010036191
-271.18,0.00039378539999989997
-271.141,-0.0002280608999999
-271.102,-0.0006438416999999
-271.063,0.0001527713699999
-271.025,0.00036316829999999997
-270.986,0.0004939317
-270.947,-0.0002085024
-270.908,-0.00015871739999990002
-270.869,0.0003331692
-270.83,0.00016568409
-270.791,2.910959999999999e-05
-270.752,-0.0001884546
-270.713,-2.984009999999999e-05
-270.674,-0.0001648956
-270.635,-0.0008904564
-270.596,-0.0006018080999999999
-270.558,-0.0003086946
-270.519,1.1369400000000007e-05
-270.48,-0.0002572074
-270.441,-3.120450000000001e-05
-270.402,-8.12907e-05
-270.363,-9.46659e-05
-270.324,0.00019784292
-270.285,0.0002671815
-270.246,-0.0002522697
-270.207,-0.0002007885
-270.168,-4.163858999999999e-05
-270.13,0.00021623954999999999
-270.091,0.0002713497
-270.052,4.5429900000000024e-05
-270.013,-0.00011122284
-269.974,0.0005236619999999999
-269.935,6.242766000000001e-05
-269.896,0.0007620365399999
-269.857,-0.0005249819999998999
-269.818,0.0006384806999997999
-269.779,-4.094040000000004e-05
-269.74,-0.0003355365
-269.701,0.0004429539
-269.663,-0.0009463902
-269.624,-0.00038012880000000003
-269.585,-0.0004686018
-269.546,-4.602029999999998e-05
-269.507,9.36405e-05
-269.468,-0.0007142253
-269.429,0.00024613289999999996
-269.39,-0.0001923345
-269.351,0.00010377420000000001
-269.312,9.1356e-05
-269.273,-0.0005079620999999
-269.235,-0.0003854085
-269.196,-0.00036205110000000004
-269.157,1.7068140000000006e-05
-269.118,0.0007612588199999999
-269.079,0.0005273825999998
-269.04,-2.622270000000003e-05
-269.001,-0.00016171800000000004
-268.962,-0.00012090870000000002
-268.923,-0.0006906773999999
-268.884,-0.00020874647999999998
-268.845,0.00015146970000000002
-268.806,-0.00040384169999999997
-268.768,0.00047157953399999995
-268.729,0.00048978
-268.69,-0.00017734797
-268.651,0.0004230497999999
-268.612,0.0004900362
-268.573,-0.00014806050000000002
-268.534,0.0007135955999999999
-268.495,0.00020237166
-268.456,0.0008160363000000001
-268.417,0.00034970903999999997
-268.378,-0.0005238339
-268.34,-0.0002758781699999
-268.301,-0.0007306773
-268.262,-0.00031518989999979995
-268.223,0.00059589
-268.184,0.00032067801
-268.145,0.00014479935
-268.106,0.0006244803
-268.067,-0.0003866808
-268.028,0.0001871721
-267.989,1.980864e-05
-267.95,0.00018844409999999997
-267.912,0.0004446474
-267.873,-0.00015673694999999998
-267.834,0.00031274364000000003
-267.795,-0.0001779156
-267.756,-0.0007750424999999999
-267.717,0.00044900568
-267.678,-0.0007025981999999999
-267.639,-0.00026922639000000003
-267.6,1.2211500000000037e-05
-267.561,0.0006926897399999
-267.522,-0.00033531573
-267.483,0.0002159511
-267.445,8.092019999999996e-05
-267.406,-0.0002607227999999
-267.367,0.0005947656
-267.328,-0.0009685179300000001
-267.289,0.0007454957999999999
-267.25,0.00024950337
-267.211,0.0002533032
-267.172,0.00016960335
-267.133,0.0007168637999999
-267.094,0.00036424659
-267.055,0.0011935443
-267.017,0.0003449616
-266.978,-0.00023842289999999997
-266.939,0.0006400499999997999
-266.9,-0.0001801977
-266.861,-1.96356e-06
-266.822,0.0005011376999998
-266.783,-0.0003786888
-266.744,0.00044245563
-266.705,-0.00048315479999999996
-266.666,0.00011951220000000002
-266.627,-0.00026919012
-266.589,7.973427e-05
-266.55,0.00034639830000000003
-266.511,0.0003843513
-266.472,0.0006537921
-266.433,-0.00017751300000000002
-266.394,0.0008037468
-266.355,0.00036696570000000004
-266.316,0.0002302719
-266.277,-0.00038036550000000003
-266.238,0.00044895899999999997
-266.199,0.00033526578
-266.16,2.439600000000003e-06
-266.122,0.0008993072999999999
-266.083,0.00031396500000000003
-266.044,9.741510000000001e-05
-266.005,0.00013919940000000003
-265.966,-0.0002286855
-265.927,-0.0008771766
-265.888,0.0008812317
-265.849,-0.0006590946
-265.81,0.00035284496999989995
-265.771,0.0011487165
-265.732,0.0002450973
-265.694,7.51428e-05
-265.655,-0.00013124540999999998
-265.616,0.0004393365
-265.577,-0.000400038
-265.538,-0.0001815063
-265.499,-9.37101e-05
-265.46,-0.00031350209999989997
-265.421,0.0001952154
-265.382,0.00019897439999999998
-265.343,0.0003137649
-265.304,0.0008793062999999999
-265.265,0.0008029212
-265.227,-1.0068030000000005e-05
-265.188,8.249519999999999e-05
-265.149,-0.0002443085999999
-265.11,-0.0005269523999999999
-265.071,-0.00024248099999999998
-265.032,-0.0003640307999999
-264.993,-2.9904000000000112e-06
-264.954,0.0005301837000000001
-264.915,0.0001191138
-264.876,0.0006090650399999999
-264.837,-0.0003535877999999
-264.799,4.510188e-05
-264.76,-0.0005588313
-264.721,0.00022084544999989998
-264.682,-0.00039638879999999996
-264.643,-0.0007835157000000001
-264.604,-0.00014271198
-264.565,0.0003071745
-264.526,0.00013559939999999995
-264.487,-0.0001100637
-264.448,-0.0002500086
-264.409,-0.0005648660999998999
-264.37,0.00046766580000000003
-264.332,-0.00016076999999989998
-264.293,0.000258573
-264.254,0.0004002002999999
-264.215,0.00021981749999999998
-264.176,0.00016647332999989998
-264.137,-0.000135438105
-264.098,1.1201400000000004e-05
-264.059,-0.0003449172
-264.02,-0.00026750369999999996
-263.981,0.0007179374100000001
-263.942,-0.00019228337999989997
-263.904,-0.000321762
-263.865,0.0005210616
-263.826,0.0002953062
-263.787,0.0007374206999999999
-263.748,-0.00040827839999990005
-263.709,-2.415300000000004e-06
-263.67,-0.0002041941
-263.631,1.938059999999999e-05
-263.592,-0.00014447844
-263.553,0.0007912125
-263.514,0.00010247369999999999
-263.475,0.0004696101
-263.437,0.00041182320000000003
-263.398,-0.0004212753
-263.359,-6.030840000000001e-05
-263.32,0.00015174972000000004
-263.281,-0.0009657071999998999
-263.242,-0.00020891039999999998
-263.203,-1.906650000000001e-05
-263.164,-0.00020388449999989998
-263.125,0.0001573902
-263.086,1.4160900000000009e-05
-263.047,0.00030715019999999997
-263.009,-0.00029361588
-262.97,-6.620909999999997e-05
-262.931,-0.0004546479
-262.892,0.0001672346999999
-262.853,0.0007030035000000001
-262.814,-9.174000000000194e-07
-262.775,-0.00022167960000000003
-262.736,-6.345689999999999e-05
-262.697,0.0005990574
-262.658,0.00059031795
-262.619,-0.0002619834
-262.581,-0.00029287499999999995
-262.542,-0.0005178603
-262.503,0.00013159830000000007
-262.464,-0.00028503663
-262.425,0.0003178590299999
-262.386,-0.0014150939999999998
-262.347,0.0002071833
-262.308,0.00018663360000000006
-262.269,0.00038032347000000003
-262.23,-0.0007045935
-262.191,0.000394371639
-262.152,-0.00036788808
-262.114,0.0002744619
-262.075,8.871839999999997e-05
-262.036,0.0007513694700000001
-261.997,0.00025857660000000004
-261.958,-1.5457800000000027e-05
-261.919,0.00012448347
-261.88,0.00047883779999999997
-261.841,0.0006761466000000001
-261.802,-0.00012074159999999996
-261.763,0.0010579248
-261.724,0.00020638829999989998
-261.686,1.5947100000000022e-05
-261.647,0.00043571190000000007
-261.608,0.0002701718999999
-261.569,0.0002884827
-261.53,1.2862800000000029e-05
-261.491,-8.604449999999995e-05
-261.452,0.0005545701
-261.413,-4.159380000000001e-05
-261.374,0.0006705807000000001
-261.335,0.0005540862
-261.296,-0.0002472882
-261.258,-0.0001801286999999
-261.219,0.00010332408000000005
-261.18,0.0002757392999999
-261.141,0.0005085729
-261.102,5.0144699999999994e-05
-261.063,0.000440952
-261.024,0.00023200260000000002
-260.985,0.0005427712019998999
-260.946,0.0010498652999999
-260.907,0.0002550957
-260.868,-7.830870000000005e-05
-260.829,-0.0006125655
-260.791,0.0007540712999999999
-260.752,0.0002568756
-260.713,-0.0006029408999999001
-260.674,0.0003197172
-260.635,-0.00022596389999999999
-260.596,-4.14705e-05
-260.557,5.1252600000000045e-05
-260.518,0.0001502500799999
-260.479,0.0005157437699999
-260.44,-0.00034593629999989995
-260.401,-0.00021370095000000002
-260.363,0.0003076373999999
-260.324,0.00013598997000000002
-260.285,-0.0005550435599999
-260.246,0.000114765
-260.207,1.3246650000000003e-05
-260.168,0.0005891892
-260.129,0.0004658559
-260.09,0.0005943267000000001
-260.051,-0.00013914540000000005
-260.012,-0.00036555509999990006
-259.973,0.00056758347
-259.934,0.0002891720999999
-259.896,-0.0003053931
-259.857,-0.00023830884
-259.818,0.0006907158899999999
-259.779,-4.0952399999999984e-05
-259.74,-0.00018125187
-259.701,-0.0004393488
-259.662,-5.1361799999999715e-06
-259.623,-0.0005237886
-259.584,0.0001595046
-259.545,0.0002897934
-259.506,0.0003038061
-259.468,-0.0002312159699999
-259.429,0.0006505361999999
-259.39,6.225900000000003e-05
-259.351,-0.0003537206999998
-259.312,0.00042234290999999997
-259.273,0.0010282499999999
-259.234,-9.757289999999999e-05
-259.195,-2.8468500000000014e-05
-259.156,0.00055821756
-259.117,-0.0005846769
-259.078,-0.0005692407000000001
-259.039,-0.0005791853999999999
-259.001,-0.00031492769999999997
-258.962,-0.0004373325
-258.923,0.00011960100000000001
-258.884,0.00010379429999999996
-258.845,0.0005374412999999
-258.806,-0.0005264043
-258.767,0.0002873171999999
-258.728,0.0008648039999997999
-258.689,-0.000455807292
-258.65,0.0005133735
-258.611,-3.951389999999999e-05
-258.573,-0.0005438142299999
-258.534,-0.0002169132
-258.495,-0.0006353084999999
-258.456,0.000290442
-258.417,6.587592e-05
-258.378,0.0007028798999999999
-258.339,-0.0007974228
-258.3,-0.00033831959999979996
-258.261,-0.0005466275999999
-258.222,9.71676e-05
-258.183,-0.0005860998
-258.145,0.00028298159999999995
-258.106,0.0009655641000000001
-258.067,0.00014539212
-258.028,0.0002780480999999
-257.989,-5.141909999999999e-05
-257.95,-9.710781000000002e-05
-257.911,0.00014525400000000002
-257.872,-0.0005533659
-257.833,-0.00111091215
-257.794,-0.00015066063
-257.755,-0.00017291454
-257.716,0.0003705849
-257.678,0.0010976073000000001
-257.639,-0.0004278315
-257.6,0.0003214421999999
-257.561,-0.0001337343
-257.522,0.0012334275
-257.483,0.00011116356
-257.444,-0.00047649116999990006
-257.405,-0.0003147072
-257.366,0.00058150476
-257.327,1.787039999999999e-05
-257.288,-0.0004797945
-257.25,-2.523060000000001e-05
-257.211,0.0001655090999999
-257.172,0.0007226318999999
-257.133,-0.00056620947
-257.094,0.0007030617
-257.055,0.00023977565999990002
-257.016,0.000301227
-256.977,-9.829229999999997e-05
-256.938,-9.852462e-05
-256.899,-0.0003580829999998
-256.86,-6.923430000000002e-05
-256.821,0.00021876260999989996
-256.783,-0.00037073579999999997
-256.744,-0.0005686586999999
-256.705,-0.0002062494
-256.666,0.00023276367000000001
-256.627,0.00033277842
-256.588,0.0004805450999999
-256.549,9.447119999999996e-05
-256.51,0.000763059
-256.471,0.00020673510000000003
-256.432,-0.0005013906
-256.393,-0.0003848664
-256.355,0.00031065869999980005
-256.316,0.00047886675
-256.277,0.0005437773000000001
-256.238,0.00023229480000000005
-256.199,8.242529999999995e-05
-256.16,0.00014782035
-256.121,0.0002864634
-256.082,-0.00024022460999999998
-256.043,-0.0001811793
-256.004,0.0007417818
-255.965,0.0008775383999999999
-255.926,6.54543e-05
-255.888,-0.00013038809999999998
-255.849,-6.295830000000004e-05
-255.81,6.668849999999999e-05
-255.771,-0.0007079807999999
-255.732,0.0004528986
-255.693,0.0002819376
-255.654,-0.0007930322999999999
-255.615,-0.0006967029
-255.576,0.0003942644999998
-255.537,-0.00014792579999999998
-255.498,0.0007859421
-255.46,7.75095e-05
-255.421,-9.317010000000001e-05
-255.382,0.0005246999999998999
-255.343,-9.133229999999999e-05
-255.304,0.00026670303900000003
-255.265,0.0007227026999999
-255.226,-0.0005054718
-255.187,-0.0009680748
-255.148,0.0006815990999999999
-255.109,0.00012866009999999998
-255.07,0.0006562146
-255.032,0.000599109
-254.993,4.818501e-05
-254.954,0.0002004275999999
-254.915,-0.0004095495
-254.876,0.00031686960000000005
-254.837,0.0007389078000000001
-254.798,0.00024000758999999998
-254.759,0.0003696425999999
-254.72,0.00020329289999989998
-254.681,-0.0007674045
-254.642,0.00011381549999999995
-254.603,0.000508008387
-254.565,4.949459999999999e-05
-254.526,-0.000189648
-254.487,0.0005728568999999
-254.448,0.0007671846
-254.409,5.5708199999999996e-05
-254.37,7.130910000000001e-05
-254.331,0.0005778498
-254.292,-0.00038734169999999994
-254.253,-0.00033998249999999997
-254.214,-1.6035599999999952e-05
-254.175,0.0005216136
-254.137,0.00038416889999989996
-254.098,-0.0008995394999999999
-254.059,-0.0001476456
-254.02,0.0010838033999999001
-253.981,-0.00044808036
-253.942,0.0011147564999999
-253.903,-0.00019841129999989998
-253.864,1.0342410000000005e-05
-253.825,-0.0005377755
-253.786,-0.00036999990000000007
-253.747,-0.0005661798
-253.708,-0.0005936523000000001
-253.67,-0.00046336569
-253.631,-0.00026150789999990003
-253.592,0.00030591449999999997
-253.553,0.00022564502999989998
-253.514,-0.0004778486999999999
-253.475,-0.00018964838999999998
-253.436,0.0004233200999999
-253.397,0.000613834686
-253.358,0.0002301258
-253.319,4.3029449999999975e-05
-253.28,-0.0004932564
-253.242,0.00019812150000000006
-253.203,0.00024251009999989997
-253.164,-0.0007610396999999
-253.125,-0.0005958768
-253.086,-0.0007998804
-253.047,-0.000296541
-253.008,7.940849999999998e-05
-252.969,0.000526839
-252.93,0.0006489855593999
-252.891,0.0004722575999999999
-252.852,-0.00048744432
-252.814,0.0005531501999999999
-252.775,-0.00026616612
-252.736,-0.00017389170000000001
-252.697,0.0005995356
-252.658,0.0005353974
-252.619,0.00013742639999999998
-252.58,0.000161259
-252.541,0.0002502567
-252.502,0.00015659909999999998
-252.463,-7.955820000000003e-05
-252.424,0.0003281909999999
-252.385,-0.00037148805
-252.347,-1.632150000000001e-05
-252.308,2.083799999999975e-06
-252.269,-0.00021230609999989996
-252.23,0.000334971
-252.191,8.505993000000004e-05
-252.152,-0.0005005730099999
-252.113,-2.2069500000000016e-05
-252.074,-0.0001607473499999
-252.035,0.00047277414
-251.996,-3.864702e-05
-251.957,0.0001945731
-251.919,0.00072398709
-251.88,-0.0004685475
-251.841,-0.00016750830000000002
-251.802,0.00043088069999989997
-251.763,-0.00029832210000000004
-251.724,0.0007160582999998
-251.685,0.0009858576
-251.646,-0.0003133008
-251.607,4.842420000000002e-05
-251.568,-0.000751404
-251.529,-0.0004930091999999
-251.49,-0.0001240146
-251.452,0.00011118089999999998
-251.413,0.0005087982
-251.374,0.00034422063000000004
-251.335,0.00024057029999989999
-251.296,0.0001909824
-251.257,0.0001812947999999
-251.218,-2.1395699999999975e-05
-251.179,7.110129e-05
-251.14,-0.0003752268
-251.101,-0.0003943442999999999
-251.062,-0.00013279950000000002
-251.024,-0.0007619346
-250.985,-0.00010649153999999999
-250.946,0.00028342980000000003
-250.907,0.0016077449999999998
-250.868,-0.00056296425
-250.829,-0.0003393576
-250.79,-0.00021128667000000002
-250.751,0.0001632879
-250.712,-0.000123015
-250.673,0.0012230682
-250.634,-4.43424e-05
-250.595,-0.00013178303999999998
-250.557,0.000279873
-250.518,-0.0010529864999998
-250.479,-0.00023548356
-250.44,0.0004281663
-250.401,-0.00024620802
-250.362,-0.0002789553
-250.323,-0.00039557901
-250.284,-3.375450000000001e-05
-250.245,4.55766e-05
-250.206,0.00014660694
-250.167,0.0004770974999999
-250.129,-8.227530000000002e-05
-250.09,0.0008609378999999
-250.051,0.00033343272000000004
-250.012,5.755200000000009e-06
-249.973,-0.00018699509999989998
-249.934,0.0010724456999999
-249.895,-0.0007976241000000001
-249.856,0.0002733357
-249.817,0.0007988793
-249.778,3.8167800000000004e-05
-249.739,-0.0004356948
-249.701,0.0001989066
-249.662,0.0007926558000000001
-249.623,-0.00023259606
-249.584,0.0004362771
-249.545,-0.0006366372000000001
-249.506,-0.00015461700000000001
-249.467,5.991630000000001e-05
-249.428,0.0004203663
-249.389,0.0006430521
-249.35,9.81321e-05
-249.311,0.000565251843
-249.272,-2.2202700000000003e-05
-249.234,0.0007895637
-249.195,-0.0008041071
-249.156,0.0003249327
-249.117,0.00037474709999999996
-249.078,-0.000422265
-249.039,-0.0004112337
-249.0,-0.0007092930000000001
-248.961,0.0010807116
-248.922,-0.0013765821
-248.883,0.0012286901999999
-248.844,-0.00136611339
-248.806,-0.0004538553
-248.767,0.0010582818000000002
-248.728,-0.00040399319999999997
-248.689,0.00035358959999999995
-248.65,0.00027846479999999997
-248.611,-0.0002034440999999
-248.572,-1.2597299999999995e-05
-248.533,0.000794973
-248.494,-0.0009644780999998999
-248.455,0.00029601
-248.416,0.00010997189999999998
-248.378,0.00021395189999989995
-248.339,-0.00047556
-248.3,-0.0005799914999999
-248.261,0.0007231749
-248.222,0.0010080552
-248.183,0.0002881335
-248.144,-0.00025592942999999997
-248.105,0.0003849062999999
-248.066,-5.6676000000000065e-06
-248.027,0.0005786804999999
-247.988,-0.00036894723000000006
-247.949,0.00078061155
-247.911,0.0009952514999999
-247.872,-0.0008529716999999999
-247.833,5.205330000000001e-05
-247.794,1.4316479999999955e-05
-247.755,-0.0001518123
-247.716,0.0014507565
-247.677,-0.0004964484
-247.638,0.0004998050999998
-247.599,0.0008356142999999999
-247.56,-0.0006482864999999
-247.521,-0.0009771797999999
-247.483,-0.00035567849999999996
-247.444,-0.00054487389
-247.405,-5.5463040000000004e-05
-247.366,0.00048916692
-247.327,0.00021589079999989995
-247.288,-0.00041963165999999997
-247.249,0.0007669548000000001
-247.21,-0.001785891
-247.171,0.001140150585
-247.132,0.0001711731
-247.093,3.984299999999948e-06
-247.054,-0.00014356499999999996
-247.016,0.0005911125
-246.977,-0.0008162324999999001
-246.938,0.00033146129999999996
-246.899,0.00082286847
-246.86,4.933440000000003e-05
-246.821,0.0004569867
-246.782,0.0006665988000000001
-246.743,-0.0010163235
-246.704,0.00041301930000000003
-246.665,0.0001892622
-246.626,-0.0006340326
-246.588,-0.00072366057
-246.549,0.0006450488999999999
-246.51,-0.0013600307999999998
-246.471,0.0002495989799999
-246.432,-0.00013627318439999998
-246.393,-0.0003506816999998
-246.354,0.00032287050000000007
-246.315,-0.0003182809799999
-246.276,-0.000787325565
-246.237,0.000395316
-246.198,2.7891900000000017e-05
-246.159,-0.0008313945
-246.121,0.0006923232
-246.082,0.0004709979
-246.043,-0.00045622199999979996
-246.004,-0.0004081759199999
-245.965,0.0009522774
-245.926,3.2267892899999986e-05
-245.887,0.0004157823
-245.848,0.0001339008
-245.809,-0.00016544400000000002
-245.77,0.0010855932
-245.731,-0.00044555610000000004
-245.693,0.0007521677999999999
-245.654,0.0010109676
-245.615,-0.0012442289999999002
-245.576,0.00040042349999999997
-245.537,0.00016572300000000003
-245.498,0.00013564410000000007
-245.459,-0.0005232621
-245.42,0.00015735119999999998
-245.381,0.0002734536
-245.342,-0.00017230499999990002
-245.303,0.0005948012399999
-245.264,0.0006000035999999
-245.226,1.3876050000000004e-05
-245.187,0.0003445671
-245.148,-7.908156000000001e-05
-245.109,0.0002767661999999
-245.07,0.0002663579999999
-245.031,-0.0006014968499999999
-244.992,0.0004367651999999
-244.953,0.0005012142
-244.914,-0.0001770276
-244.875,-5.946570000000002e-05
-244.836,0.00019108409999999998
-244.798,-0.0004937681999997999
-244.759,0.00025497104999999996
-244.72,0.0008796062999999999
-244.681,-0.0010635
-244.642,-0.00044764254
-244.603,0.0002742545999999
-244.564,-0.0007807752
-244.525,0.00029495969999989997
-244.486,-0.0007751037
-244.447,0.000561345
-244.408,0.00011539492799999998
-244.37,0.0007150919999999
-244.331,-0.00014924571000000003
-244.292,-0.0007686161999999999
-244.253,-0.00020487
-244.214,-0.000778389
-244.175,-0.0005475620999999
-244.136,-3.965598e-05
-244.097,-0.0002305491
-244.058,0.0007559361
-244.019,-0.0003214527
-243.98,-0.0010956848999999999
-243.941,0.0010263552000000001
-243.903,0.001926537
-243.864,9.449459999999997e-05
-243.825,3.211830000000001e-05
-243.786,0.0009973449000000001
-243.747,0.0002874501
-243.708,8.36838e-05
-243.669,-0.0008395112999999999
-243.63,0.0003069204
-243.591,0.0003735282300000001
-243.552,0.0005613272999998
-243.513,-0.0003630527999999
-243.475,0.0007619087999999999
-243.436,0.0005060921999999999
-243.397,-0.00037036259999999994
-243.358,-7.29723e-05
-243.319,0.00040906199999999997
-243.28,0.00034351979999989996
-243.241,0.000643548
-243.202,-0.000428101857
-243.163,-0.00028723169999989994
-243.124,3.720387e-05
-243.085,0.0004177248
-243.046,0.0002913227999999
-243.008,-4.255799999999997e-05
-242.969,0.0001172091
-242.93,0.0004896627
-242.891,-0.0007358666999999
-242.852,-0.0009969135
-242.813,-0.0009358637999999999
-242.774,-0.00014227800000000002
-242.735,-0.0007991745
-242.696,-0.0006114956999999999
-242.657,0.0001739676
-242.618,-0.0002617682999999
-242.58,0.0007899113999999999
-242.541,0.0013200555
-242.502,1.4911499999999998e-05
-242.463,8.775899999999998e-06
-242.424,0.0008760177
-242.385,-5.143289999999997e-05
-242.346,0.0007533557999999999
-242.307,0.0006419259
-242.268,-0.0003260093999999
-242.229,8.109269999999994e-05
-242.19,-0.0006787949699999
-242.152,0.0008628573000000001
-242.113,0.0013844778000000001
-242.074,-0.0003369545699999
-242.035,-0.00010780889999999999
-241.996,0.0005137415999999
-241.957,0.0002538557999999
-241.918,-0.00039947400000000003
-241.879,0.00017218514999989997
-241.84,0.00015971490000000002
-241.801,-0.00048510299999999997
-241.762,-0.0008095062
-241.723,0.00035549789999999996
-241.685,-0.00088299
-241.646,0.0004436646
-241.607,-0.00037834113
-241.568,-0.0006027293999999
-241.529,-0.0005540688
-241.49,0.00048574619999999997
-241.451,-5.1747899999999986e-05
-241.412,0.0009247511999998999
-241.373,-0.0006933750000000001
-241.334,0.00014978069999999993
-241.295,-0.0004308519
-241.257,-5.400720000000003e-05
-241.218,-0.0009611507999999
-241.179,-0.0001309239
-241.14,1.176000000000001e-05
-241.101,0.0011356819199998
-241.062,0.00034739069999999996
-241.023,0.0002899509
-240.984,-0.00011530770000000001
-240.945,0.0002874879
-240.906,0.00044513820000000005
-240.867,0.0004726109999998
-240.828,-0.0005266941000000001
-240.79,0.00037284299999979995
-240.751,-0.0006360956999999
-240.712,-0.00046957902
-240.673,-0.000559869
-240.634,-0.0005513256000000001
-240.595,0.0012228417
-240.556,-0.000567471
-240.517,-0.0009190938900000001
-240.478,-0.0004679847
-240.439,6.413699999999996e-05
-240.4,0.00037317204
-240.362,-4.8027000000000006e-05
-240.323,-0.0011232165000000002
-240.284,-3.4978649999999974e-05
-240.245,7.9907079e-05
-240.206,-0.00046292910000000003
-240.167,-0.0002913222299999
-240.128,-0.00011666220000000002
-240.089,-0.0003398231999998
-240.05,0.0002876786999999
-240.011,0.0001547409
-239.972,-4.715009999999999e-05
-239.934,0.00010605929999999999
-239.895,-0.000467735613
-239.856,-0.0007839402000000001
-239.817,-0.00039522120000000003
-239.778,-0.0002158707
-239.739,0.0008746706999999999
-239.7,0.00046930499999999994
-239.661,3.04941e-05
-239.622,-0.00010354079999999998
-239.583,0.0005228162999999001
-239.544,0.0008176113
-239.505,-0.00069351135
-239.467,0.000799932
-239.428,-0.0002267038799999
-239.389,-0.0001338987
-239.35,0.0003224016
-239.311,0.00031729589999999997
-239.272,-0.0003901668
-239.233,-0.0004718487
-239.194,0.0011768069999999
-239.155,0.0005042198999998999
-239.116,0.00038256870000000004
-239.077,1.3105199999999964e-05
-239.039,0.0007752213
-239.0,8.576858999999998e-05
-238.961,-0.00014158259999999997
-238.922,-0.00013287716999999997
-238.883,-5.048820000000001e-05
-238.844,-0.001491222
-238.805,0.00043785
-238.766,-0.0005437979999999
-238.727,-8.275980000000004e-05
-238.688,3.107031e-05
-238.649,0.0003536022
-238.61,2.1102600000000004e-05
-238.572,9.900479999999998e-05
-238.533,-0.00059842422
-238.494,-3.07806e-05
-238.455,0.00032477889
-238.416,0.00046144800000000004
-238.377,1.5985800000000005e-05
-238.338,-3.306054e-05
-238.299,-0.0004359549
-238.26,0.0002626979999999
-238.221,-0.00048558779999999995
-238.182,-0.0004299749999999
-238.144,0.0004315509
-238.105,-0.00016901879999989998
-238.066,-0.0003967053
-238.027,-0.0002179881
-237.988,-0.0005914979999999
-237.949,-0.00018915059999990001
-237.91,-0.0007486155000000001
-237.871,-1.4891399999999994e-05
-237.832,-0.0011979857999999
-237.793,-0.0007560971999999999
-237.754,-0.0009199424999999001
-237.715,2.3379900000000016e-05
-237.677,-0.0001555932599999
-237.638,-0.000500562
-237.599,-0.00024600029999999996
-237.56,-6.91887006e-05
-237.521,0.0001839879
-237.482,-0.00015178868999999996
-237.443,-0.0008107742099999999
-237.404,-0.00027788069999999996
-237.365,-0.0001513796999999
-237.326,0.00031522440000000004
-237.287,0.000121578
-237.249,0.0008196773999999999
-237.21,-0.0008416739999999999
-237.171,0.0013654946999999999
-237.132,0.00033603059999999995
-237.093,4.9444500000000004e-05
-237.054,0.0004688616000000001
-237.015,-0.0003670335899999
-236.976,1.3799939999999996e-05
-236.937,0.0006063975
-236.898,-0.0004990592999999
-236.859,0.0013160370000000002
-236.82,0.0001874016
-236.782,-0.0004766187
-236.743,-0.0007983390000000001
-236.704,-0.0009023439000000001
-236.665,-0.0003284237999999
-236.626,-0.0006340913999998999
-236.587,0.0007637672999999999
-236.548,-7.153665000000003e-05
-236.509,0.0008919886499999999
-236.47,-0.000572793
-236.431,-0.00015468210000000001
-236.392,-0.0001695261
-236.354,-0.0009225794999999999
-236.315,0.000515405127
-236.276,-0.00013995659999999993
-236.237,0.0001922009999999
-236.198,0.00039705539999999997
-236.159,0.0017793189
-236.12,-0.0006724391999998001
-236.081,-0.00025342530000000004
-236.042,0.0001277904
-236.003,0.0007880166000000001
-235.964,-0.00043079399999999997
-235.926,-0.00068274879
-235.887,0.0006067152
-235.848,0.0005700591
-235.809,0.0003969147
-235.77,-0.0010228941
-235.731,-0.0005818441799999
-235.692,-0.00035125769999989995
-235.653,-0.00108117831
-235.614,-0.0007052253000000001
-235.575,-0.00036224879999979993
-235.536,-0.0007378896
-235.497,0.0001896869999999
-235.459,0.0011067855899999
-235.42,0.0005183073000000001
-235.381,-0.00034790820000000003
-235.342,-0.0006734229
-235.303,-0.0005471901000000001
-235.264,-1.9230599999999985e-05
-235.225,-8.26224e-05
-235.186,0.0007728222
-235.147,0.0005748597
-235.108,-0.00029844719999999993
-235.069,-0.0002227796999999
-235.031,0.0002288747999999
-234.992,0.0007724223
-234.953,0.0004191779999999
-234.914,-0.0002322906
-234.875,0.00033749622000000005
-234.836,-0.0010992951
-234.797,0.00110728341
-234.758,-0.00021009209999999995
-234.719,0.0004974735
-234.68,0.0006261534
-234.641,0.0005094192
-234.603,-0.0008183901
-234.564,0.0005448174
-234.525,-0.0005924256
-234.486,0.0003644309999999
-234.447,0.0011269299000000001
-234.408,-0.00015186869999999996
-234.369,-4.563689999999995e-05
-234.33,-0.00010099259999999996
-234.291,6.787892939999998e-05
-234.252,0.0002214606
-234.213,0.00052736391
-234.174,0.0002986194
-234.136,-0.00013938510000000004
-234.097,0.0004136526
-234.058,-0.0004330880999999
-234.019,0.0013634189999998999
-233.98,-1.9986099000000006e-05
-233.941,0.00012071520000000001
-233.902,0.0008436197999999999
-233.863,-0.0005116214999998
-233.824,0.0009608043
-233.785,0.0003347901
-233.746,0.0001052622
-233.708,0.0006736448999999
-233.669,-0.0004572704999999
-233.63,0.0002081745
-233.591,-0.0003602840699998
-233.552,-0.00040396499999999994
-233.513,-0.0006664112999999999
-233.474,0.0003340932
-233.435,-0.00010234859999999998
-233.396,-0.0006018992999999001
-233.357,-0.0002119133999999
-233.318,0.0001869380999999
-233.279,-0.00011902170000000007
-233.241,0.0014175144
-233.202,0.0009954899999999
-233.163,-0.0007432616999997999
-233.124,-0.0005621618999997999
-233.085,8.928270000000003e-05
-233.046,-0.00022837019999989998
-233.007,0.0004244766
-232.968,0.0008441867099999999
-232.929,0.0002602056
-232.89,0.00014716049999999992
-232.851,-0.0005395193999999999
-232.813,-0.00020677439999999998
-232.774,1.835652000000001e-05
-232.735,0.00011679839999999996
-232.696,-0.0005100974999998999
-232.657,-0.0003536454
-232.618,0.0013447377
-232.579,0.00012356399999999997
-232.54,-0.0008228526
-232.501,0.00060639408
-232.462,-0.0005351832
-232.423,0.0001378371
-232.384,-2.5507499999999925e-05
-232.346,0.00013103658000000005
-232.307,0.0005419979999999001
-232.268,-0.00034268487
-232.229,-3.302184000000002e-05
-232.19,5.978999999999978e-06
-232.151,-0.0011457671999999
-232.112,-0.0010806174
-232.073,0.00050439987
-232.034,0.00042924390000000003
-231.995,-0.0005634851999999999
-231.956,0.0006890352
-231.918,0.0005363618999999999
-231.879,0.0009291803999999
-231.84,-0.0004113504000000001
-231.801,-0.0004888574999999999
-231.762,-0.0006029171999998999
-231.723,-0.0004397619
-231.684,0.0004023279
-231.645,-0.0013137290999998999
-231.606,-3.1289999999993393e-08
-231.567,0.0011181899099998
-231.528,0.00021797009999999998
-231.49,0.0007765319999999999
-231.451,0.0009891330000000001
-231.412,0.0004822895999999
-231.373,0.0018095309999999999
-231.334,0.000544038
-231.295,-3.269823e-05
-231.256,-0.001267173
-231.217,-0.00019721130000000003
-231.178,-0.0001559202
-231.139,0.000215991
-231.1,-2.3802899999999995e-05
-231.061,0.00018385979999999998
-231.023,-0.0012829025999999003
-230.984,0.0011120994
-230.945,-7.12926e-05
-230.906,-0.0002372228999999
-230.867,0.0007650416099999999
-230.828,-0.0007014312
-230.789,-0.00021179340000000002
-230.75,0.00012897899999999996
-230.711,-0.00024240791999999997
-230.672,0.00018986850000000005
-230.633,-0.000493809
-230.595,-0.00020391839999999998
-230.556,-0.0005945925
-230.517,0.0003943407
-230.478,0.00059739705
-230.439,-0.000812841
-230.4,-0.0008861900699999
-230.361,-0.0005410965
-230.322,-0.0010471164
-230.283,0.0005365115999999
-230.244,-0.0004822035
-230.205,0.000872418
-230.167,-0.0004958930699998999
-230.128,0.0003074087999999
-230.089,-0.0010961373000000002
-230.05,-0.0003510235499999
-230.011,-0.0003387671999998
-229.972,-8.424689999999999e-05
-229.933,0.000638273445
-229.894,-0.0008181645
-229.855,0.00038955899999979995
-229.816,4.64943e-05
-229.777,0.0004752672
-229.738,0.0003871197
-229.7,-3.745260000000002e-05
-229.661,0.00015743310000000002
-229.622,0.00019612286999999998
-229.583,-0.0001502763
-229.544,3.900270000000001e-05
-229.505,-0.00015930419999989997
-229.466,-6.986550000000002e-05
-229.427,0.0013173845999999
-229.388,0.000585483
-229.349,-0.00070957125
-229.31,-0.00017011199999989997
-229.272,-0.00079480317
-229.233,-0.00012826769999999996
-229.194,0.00021223230000000002
-229.155,-5.881752000000002e-05
-229.116,0.0001384239
-229.077,0.0005406373800000001
-229.038,-0.0007783821
-228.999,0.000378036
-228.96,-1.0823099999999968e-05
-228.921,0.00010790519999999998
-228.882,-0.0006462318
-228.843,0.0005692566000000001
-228.805,-0.0006546762
-228.766,-0.0001568199
-228.727,-6.416285999999999e-05
-228.688,0.0005090967
-228.649,0.0007736730000000001
-228.61,-0.0012656484899999999
-228.571,-0.0001684283999999
-228.532,-0.000653133
-228.493,-0.000912741
-228.454,0.00020486399999999997
-228.415,0.00034105439999979997
-228.377,-0.0003949269
-228.338,-0.0005206911
-228.299,-0.0002302335
-228.26,0.0003654911999999
-228.221,-0.0002291186999999
-228.182,0.00016867622999989997
-228.143,-0.0002694147
-228.104,-0.00035043270000000004
-228.065,7.314248999999998e-05
-228.026,-0.00012246075
-227.987,0.00037373969999999996
-227.948,-0.0012345521999999
-227.91,-0.00037565735999999997
-227.871,-0.0001351809
-227.832,-0.0003156283499999
-227.793,-0.0005324724000000001
-227.754,0.0002610165
-227.715,0.0005933556
-227.676,-0.0011850744
-227.637,0.001433571
-227.598,0.00032064720000000004
-227.559,-0.0005316723000000001
-227.52,-0.0011173932
-227.482,8.979840000000001e-05
-227.443,0.0011847108
-227.404,-0.0014042132999998
-227.365,-0.00039629039999990005
-227.326,0.0007449141000000001
-227.287,-0.00077530161
-227.248,0.00025826169
-227.209,-0.00025502580000000003
-227.17,0.0004765706999999
-227.131,0.0002208575999999
-227.092,-0.0009572523
-227.053,2.299500000000075e-06
-227.015,-0.0004178163
-226.976,0.00026999789999999994
-226.937,0.0003124247999999
-226.898,-2.9747400000000013e-05
-226.859,0.0006424416
-226.82,4.300559999999993e-05
-226.781,0.0008662380000000001
-226.742,-0.00023941677
-226.703,-0.0010319376
-226.664,0.0017534157
-226.625,0.0002100135
-226.587,1.153290000000002e-05
-226.548,0.00023467623000000002
-226.509,0.0004908329999999
-226.47,-0.0007096439999999999
-226.431,-0.0002913
-226.392,-0.0005814657
-226.353,2.2191000000000073e-06
-226.314,0.00018536069999989998
-226.275,0.00013125540000000002
-226.236,8.419752e-05
-226.197,0.0014471039999998001
-226.159,-0.0005000607
-226.12,-0.0003354071999998
-226.081,-0.000439572
-226.042,0.0006414254999999999
-226.003,0.0008265282
-225.964,-0.0005977983000000001
-225.925,0.0005883239999998999
-225.886,-9.696000000000001e-05
-225.847,0.000270069
-225.808,0.0010937019000000002
-225.769,-0.00069917835
-225.73,0.0014918907
-225.692,0.0008505383754
-225.653,0.0005670048
-225.614,-0.0001554681
-225.575,0.000566373
-225.536,0.0007341831
-225.497,-0.0008826144
-225.458,0.00049354287
-225.419,0.0003301548
-225.38,3.6501288000000044e-05
-225.341,0.00080307495
-225.302,0.0007156665
-225.264,-0.00033721065
-225.225,-0.00043020761999999996
-225.186,-9.797256e-05
-225.147,0.0008362136999999
-225.108,0.00086776542
-225.069,0.0009230031
-225.03,0.0007720949999999
-224.991,0.000141039
-224.952,0.0003887445
-224.913,-0.0001619988
-224.874,-0.0003085593
-224.835,0.0001741743
-224.797,-0.00039376800000000007
-224.758,-0.0002182521
-224.719,0.0009019551
-224.68,-0.000348339
-224.641,-0.0002877018
-224.602,0.000611019
-224.563,0.0003942869999998
-224.524,-0.0012426033
-224.485,0.0015519413999999997
-224.446,0.0009143451
-224.407,-0.00049161105
-224.369,0.00036842819999989996
-224.33,0.0007939506
-224.291,0.0005183045999999001
-224.252,-0.0005837100000000001
-224.213,-0.0006065139
-224.174,0.00015598799999989998
-224.135,3.12978e-05
-224.096,0.0009074174999999998
-224.057,0.0008662101
-224.018,-0.0002469260999999
-223.979,7.654980000000003e-05
-223.94,-0.0010767119999997997
-223.902,0.00013261769999999996
-223.863,0.0003985953
-223.824,3.200040000000001e-05
-223.785,-0.00028786589999989996
-223.746,-0.0008272824000000001
-223.707,-0.0007737288
-223.668,0.0001351809
-223.629,0.0018344604
-223.59,0.0005905143
-223.551,-0.00015111228
-223.512,0.0006275549999999
-223.474,0.0006398832
-223.435,0.0008975061
-223.396,0.0008063247
-223.357,0.0004365816
-223.318,0.00023476560000000002
-223.279,0.0014580747
-223.24,0.00040244670000000006
-223.201,0.0004366248
-223.162,-0.0004919882999999
-223.123,-0.0005092611299999001
-223.084,0.0005160869999999
-223.046,0.0019404908999999999
-223.007,0.0006588734999999999
-222.968,0.00030300870000000003
-222.929,0.0009002669999998999
-222.89,0.0004974158999999
-222.851,0.00027822899999989994
-222.812,0.0008699297999999001
-222.773,0.0007569183000000001
-222.734,0.000998013
-222.695,0.0003432950999999
-222.656,-0.0006904160999999999
-222.617,-6.541289999999994e-05
-222.579,0.0006267053999999999
-222.54,0.00077725482
-222.501,-0.00039326699999989997
-222.462,-0.00011967960000000002
-222.423,-0.000844881
-222.384,-0.0009110819999998999
-222.345,-0.00029679299999999995
-222.306,0.0012143937
-222.267,8.744670000000002e-05
-222.228,0.0003765702
-222.189,-0.0007805124
-222.151,0.001691166
-222.112,-0.0008716809
-222.073,0.0016843679999999999
-222.034,-0.0009753209999999
-221.995,-0.0001090848
-221.956,0.0002906826
-221.917,0.0008095149
-221.878,0.000616049847
-221.839,-0.0005224311
-221.8,0.00047596109999999993
-221.761,0.0007368582
-221.723,-0.00082310184
-221.684,-0.0002317353
-221.645,-0.00019283580000000004
-221.606,-0.0002634375
-221.567,-0.000737775
-221.528,-0.0001873101
-221.489,0.0007099913999998999
-221.45,-0.00030740663999999997
-221.411,-0.0002472372
-221.372,-0.0006230463
-221.333,0.0007284236999998999
-221.294,0.0012750495
-221.256,-0.0009833819999999
-221.217,-0.0006549870000000001
-221.178,0.00065604003
-221.139,-0.0010445052000000001
-221.1,-0.0001857492
-221.061,0.0001828739999999
-221.022,-0.00049741272
-220.983,-0.0007442549999999999
-220.944,-0.001003363563
-220.905,0.0016061060999999998
-220.866,0.0007908845999999999
-220.828,0.00020275925999990003
-220.789,0.0013892508
-220.75,3.185039999999995e-05
-220.711,7.271040000000001e-05
-220.672,0.00014912519999999997
-220.633,-0.0005406791999999999
-220.594,-0.00015568367999989997
-220.555,0.0004537229999999
-220.516,-0.0006994094999999
-220.477,-0.0008830100999999999
-220.438,-1.180799999999987e-06
-220.399,0.0001348182
-220.361,0.0007432878
-220.322,0.0004751862
-220.283,-0.00030878460000000003
-220.244,0.0010637628
-220.205,0.00011885717999999999
-220.166,0.00068918214
-220.127,-0.0003127748999998
-220.088,0.0011962131
-220.049,0.0001982507999999
-220.01,-0.0009202230000000002
-219.971,-0.0002935878
-219.933,0.0008024010000000001
-219.894,-0.0007358897999999999
-219.855,0.00016290449999989997
-219.816,-5.842800000000002e-05
-219.777,0.00010552649999999999
-219.738,7.454400000000015e-05
-219.699,-0.0006943031099999998
-219.66,-0.000376473
-219.621,0.00011167200000000004
-219.582,0.0015601217999999
-219.543,0.0002861787
-219.504,0.0004807053
-219.466,0.0004921965
-219.427,0.0006806159999999
-219.388,0.0005585970000000001
-219.349,-0.0019403619
-219.31,0.0006655448999999
-219.271,-0.0004708320000000001
-219.232,0.0011828984999999
-219.193,-0.0010369167
-219.154,0.0012475529999999
-219.115,0.0003353961
-219.076,0.000318003
-219.038,-0.00024772350000000005
-218.999,0.00017471549999989997
-218.96,-0.0016837743
-218.921,1.2742320000000399e-06
-218.882,0.00012539244
-218.843,0.0002779152
-218.804,0.0008886255
-218.765,-0.0007793733
-218.726,5.075268e-05
-218.687,-0.0004558149
-218.648,-0.0013509053999999
-218.609,0.0009832176
-218.571,-0.0013199910000000002
-218.532,-0.00012184799999999998
-218.493,0.0008142233999999999
-218.454,-0.0004948152
-218.415,-0.0005097710999999999
-218.376,1.8677699999999992e-05
-218.337,-0.0006183053999999002
-218.298,0.0008810171999999
-218.259,-0.0012981063000000001
-218.22,-0.00098219895
-218.181,-0.0003206751
-218.143,0.0014447847
-218.104,0.0017028749999999997
-218.065,0.0007004466000000001
-218.026,-0.0006395252100000001
-217.987,0.0007008767999999999
-217.948,0.000121194
-217.909,-5.628794999999999e-05
-217.87,-0.0003024239999998
-217.831,-0.00036110219999989997
-217.792,-0.0008636487
-217.753,-0.0001418754
-217.715,0.0006823119
-217.676,-0.0005360648999999
-217.637,-0.00024333749999999997
-217.598,0.0012332444999999998
-217.559,0.0010378001999999
-217.52,-0.0013438463999999998
-217.481,0.0002015937
-217.442,-0.001560591
-217.403,0.0005172804
-217.364,-0.0002893382999999
-217.325,0.0012821616
-217.286,0.0018786252
-217.248,0.00017575259999999998
-217.209,-0.0009545259
-217.17,1.7210400000000048e-05
-217.131,-0.00014178719999999995
-217.092,-0.0001849079999999
-217.053,-0.0005776649999999
-217.014,0.0012996762
-216.975,0.00010330032
-216.936,0.00046831019999990004
-216.897,-0.00010478700000000001
-216.858,-0.0006915837
-216.82,0.00011860755000000001
-216.781,-0.0014700119999999
-216.742,0.0005146557
-216.703,-0.0005630841
-216.664,0.00011604540000000002
-216.625,-0.0014908893000000001
-216.586,-0.00022195668000000003
-216.547,-0.001996065
-216.508,-0.00016974216000000003
-216.469,0.0004467840000000001
-216.43,0.0010307415
-216.392,0.00035107799999979997
-216.353,0.0002877839999999
-216.314,-0.0007503312
-216.275,-0.0006311489999998
-216.236,-0.0008271359999998999
-216.197,-0.00060558159
-216.158,-0.00045729462
-216.119,0.0002280098999999
-216.08,0.0008119799999999999
-216.041,-0.0006081899999999
-216.002,-0.002101071
-215.963,0.0004112673
-215.925,0.0008864355
-215.886,0.0011636301000000002
-215.847,-0.0012622619999999001
-215.808,-0.0014226012
-215.769,-0.00019385849999989998
-215.73,0.0014284859999999
-215.691,-0.00015534900000000002
-215.652,0.00026594250000000003
-215.613,0.0004324791
-215.574,0.00031140510000000004
-215.535,0.0002636420999999
-215.497,-0.0010640127
-215.458,-0.0014790456
-215.419,0.0006758919
-215.38,-0.0017978667
-215.341,-0.00042045869999989997
-215.302,0.0001387914
-215.263,0.0001877964
-215.224,0.000385488
-215.185,-0.0003920256
-215.146,0.0009219119999999999
-215.107,-0.001734477
-215.068,-0.0010352582999999
-215.03,-0.00018907110000000003
-214.991,-0.0008949179999999
-214.952,0.0006560957999999999
-214.913,-0.00010554693000000003
-214.874,-0.00011953739999999998
-214.835,-0.00011329199999999997
-214.796,-4.5616200000000006e-05
-214.757,0.001493181
-214.718,-0.0012505571999999999
-214.679,0.0004012986
-214.64,0.0003323175
-214.602,-0.00074805066
-214.563,0.0017003267999997997
-214.524,-0.0001564686
-214.485,0.0014967185999999997
-214.446,-0.0004461720000000001
-214.407,0.00024101309999999997
-214.368,-0.0003393513
-214.329,0.0002206755
-214.29,-3.844800000000006e-05
-214.251,-0.00029358330000000003
-214.212,0.0008024057999998999
-214.173,-0.0006823889999999001
-214.135,-0.00037875570000000006
-214.096,0.0008747424
-214.057,0.00020358690000000002
-214.018,0.00012004695000000002
-213.979,0.0004105584
-213.94,-3.580439999999996e-05
-213.901,0.00010837560000000003
-213.862,-0.0010154727
-213.823,-0.0004797371099998
-213.784,-0.0001825715999999
-213.745,-0.0001937553
-213.707,0.000873105
-213.668,-0.00010824150000000004
-213.629,0.0002073914999999
-213.59,-5.970749999999994e-05
-213.551,0.0001780059
-213.512,0.0012701372999999
-213.473,-0.0009349584
-213.434,-0.0006094745999999001
-213.395,-0.0004294494
-213.356,-0.0009773556
-213.317,0.0001807736999999
-213.279,-0.0006466016999999999
-213.24,-0.0006989916
-213.201,-0.0003336123
-213.162,-0.0017303730000000001
-213.123,-0.0004674428999999999
-213.084,0.0008741322000000001
-213.045,0.0010388148
-213.006,-0.0004885212000000001
-212.967,0.001031136
-212.928,-0.00113679
-212.889,0.00016242213
-212.85,-0.000775347
-212.812,-0.0006951179999999999
-212.773,-0.0006347318999998999
-212.734,0.0005727927
-212.695,0.0002637939
-212.656,0.000261849
-212.617,-0.0010968261
-212.578,0.000240003
-212.539,0.0005854439999998999
-212.5,-0.0006612689999999
-212.461,0.0007049498999999999
-212.422,-0.00015553499999989998
-212.384,0.000424764
-212.345,0.00012718559999999997
-212.306,0.00030864449999980003
-212.267,0.0005373878999999
-212.228,-0.00044422740000000003
-212.189,0.0007965879000000002
-212.15,-0.0001673748
-212.111,-0.0002990190000000001
-212.072,0.0007661145000000001
-212.033,-0.0016154358
-211.994,0.00016477409999989998
-211.955,0.0002611802099999
-211.917,-0.0006086484
-211.878,0.0013808537999999999
-211.839,0.0010009299
-211.8,0.0005901099
-211.761,0.000258645
-211.722,0.0013177902
-211.683,0.0004954919999999
-211.644,0.00024235109999999998
-211.605,0.0012488895
-211.566,7.561952999999999e-05
-211.527,6.918629999999999e-05
-211.489,-0.0008057348999999999
-211.45,-0.0007762116000000001
-211.411,-0.0004730417999999
-211.372,-0.000559764
-211.333,0.0018038349
-211.294,0.00074770302
-211.255,-0.000926889
-211.216,0.0007774935
-211.177,-0.00010289477999999994
-211.138,-0.00046999799999980003
-211.099,0.00026963129999989997
-211.061,0.0002648747999999
-211.022,-0.00049174737
-210.983,6.844500000000004e-05
-210.944,-0.00021358211999999998
-210.905,0.0003806774999998
-210.866,0.00032846969999989997
-210.827,0.0008434507200000001
-210.788,-5.121989999999998e-05
-210.749,-0.0004020414
-210.71,-0.0003028473
-210.671,-0.000704826
-210.632,-0.0005088458999997999
-210.594,-0.00024370950000000003
-210.555,0.0007088786999999999
-210.516,0.0001363368
-210.477,0.0008388531
-210.438,-0.00043033110000000003
-210.399,-0.000364029
-210.36,-0.000438852
-210.321,0.0008522807999999999
-210.282,0.0011378726999999999
-210.243,-0.0002885727
-210.204,-0.0005699432999999999
-210.166,-0.00010863444000000003
-210.127,0.0010192049999999
-210.088,-0.0006010316999999999
-210.049,-0.0010640511
-210.01,-0.0010624199999999002
-209.971,0.001978353
-209.932,-0.00013921488000000003
-209.893,0.0007996723499999999
-209.854,0.00093909693
-209.815,-0.00015670199999989997
-209.776,0.0003253488
-209.737,0.00038193711
-209.699,0.0004576469999999
-209.66,0.0005426792999998999
-209.621,-0.0001983119999999
-209.582,-0.0002049054
-209.543,-0.00032575409999999996
-209.504,-0.0013891019999998997
-209.465,0.0002536959
-209.426,0.00022448481000000002
-209.387,0.0008354517
-209.348,0.0003624997799999
-209.309,0.0005106959999999
-209.271,0.00044667179999990003
-209.232,0.0006109968
-209.193,0.0016570929
-209.154,0.00044962356000000005
-209.115,0.0002279103
-209.076,-0.0007838277
-209.037,0.00038411309999989996
-208.998,-0.0003430563
-208.959,-0.0004699454999998
-208.92,-0.0002349959999999
-208.881,-0.0008286359999999
-208.842,-0.001023486
-208.804,0.0007100940000000001
-208.765,-0.0002837871
-208.726,-0.00014221739999999993
-208.687,-0.00041715269999989996
-208.648,-0.0011564909999999
-208.609,0.00040184400000000005
-208.57,0.0005004800999999
-208.531,-0.00076893
-208.492,-0.0003583142999999
-208.453,-0.0011088318
-208.414,-0.0013940316
-208.376,-0.0009176571
-208.337,0.0008167217999999
-208.298,0.00021958379999999998
-208.259,-0.00025171349999989997
-208.22,-0.0003571596
-208.181,-0.0006196766999999
-208.142,-0.0012860316
-208.103,-0.0005626002
-208.064,-0.0019852199999999998
-208.025,0.000419658
-207.986,-0.00030709529999999995
-207.948,0.0002257668
-207.909,-0.00014306009999999998
-207.87,0.00064429674
-207.831,0.001701561
-207.792,0.0016274648699999
-207.753,0.0011683623000000001
-207.714,0.00029075685
-207.675,-0.00026744729999989995
-207.636,-0.0003778809
-207.597,6.836670000000001e-05
-207.558,8.020679999999999e-05
-207.519,-0.0004839981
-207.481,0.0008131056
-207.442,-0.0015372531
-207.403,-0.0005005460999997999
-207.364,0.0014445117000000001
-207.325,-0.0006538245
-207.286,-0.0013140837
-207.247,0.0001639395
-207.208,-0.0001542777
-207.169,-0.00093261
-207.13,-0.0006017671710000001
-207.091,0.00023731350000000002
-207.053,0.0001733728499999
-207.014,0.0001853615999999
-206.975,9.656759999999999e-05
-206.936,0.0013962107999999
-206.897,0.00038903099999999997
-206.858,-0.0004078083
-206.819,-0.0003637427999998
-206.78,-0.0003539142
-206.741,-0.0014587169999999
-206.702,-0.0007076832
-206.663,-0.0006716437199999001
-206.624,-0.0011505851999999998
-206.586,0.0020276120999999
-206.547,0.00042095129999999997
-206.508,-0.0005854419
-206.469,3.005091000000002e-05
-206.43,0.0006557157
-206.391,9.409230000000003e-05
-206.352,-0.00013470509999999997
-206.313,0.0018374490000000001
-206.274,0.0008616153539999999
-206.235,0.0005398505999999
-206.196,0.0005664294
-206.158,-0.00109387707
-206.119,0.000833394
-206.08,0.0009312305999999
-206.041,0.00020050500000000002
-206.002,-0.00036913629
-205.963,-7.187429999999999e-05
-205.924,-0.0005976076499998999
-205.885,-0.0003025371
-205.846,-0.00042936749999989993
-205.807,0.0012666335999999999
-205.768,0.00032693069999989997
-205.729,-5.4571500000000025e-05
-205.691,-0.002489685
-205.652,0.0005452025999999
-205.613,-0.0005912067000000001
-205.574,-0.00022025639999999995
-205.535,-0.0002082777
-205.496,-0.0019071434999999998
-205.457,-0.0004962038999999
-205.418,-0.00016686269999989997
-205.379,9.847950000000001e-05
-205.34,0.0003389151
-205.301,0.00034069170000000003
-205.263,-0.0004176108
-205.224,-0.0005294519999999
-205.185,0.0006141882000000001
-205.146,0.000252726
-205.107,-0.000963537
-205.068,0.0014200594800000002
-205.029,-0.00012202320000000003
-204.99,0.001875021
-204.951,0.00040258350000000004
-204.912,0.0004384190999998
-204.873,-0.0009924882
-204.835,0.00052214643
-204.796,0.00019090950000000002
-204.757,6.890699999999996e-05
-204.718,-2.975070000000004e-05
-204.679,0.0009541301999999999
-204.64,-0.0002462778
-204.601,-0.000337932
-204.562,0.00020593499999989998
-204.523,-0.00045603300000000006
-204.484,0.0026137019999999
-204.445,0.0019180589999999997
-204.406,6.273029999999994e-05
-204.368,-0.0002159045999999
-204.329,0.000955317
-204.29,0.0003187178999999
-204.251,0.0016857465
-204.212,-0.00020714129999999998
-204.173,-0.0002911869
-204.134,0.0006837363
-204.095,0.0003226068
-204.056,-0.00045421739999979997
-204.017,-0.0006414120000000001
-203.978,0.00025775010000000004
-203.94,0.0004899932999999
-203.901,-0.000753363
-203.862,-0.0017121638999998997
-203.823,-0.0023259917999999997
-203.784,0.0002634899999999
-203.745,-0.0003388572
-203.706,0.00044058659999990005
-203.667,0.0011215409999999
-203.628,0.0009702701999998999
-203.589,-0.0009064047
-203.55,-0.00038671500000000004
-203.512,0.00054003264
-203.473,-0.001826454
-203.434,1.703039999999995e-05
-203.395,-0.0016553409
-203.356,-0.0026231889
-203.317,-0.0009448473000000001
-203.278,-0.0011768049299999998
-203.239,-0.0014996985
-203.2,-0.0003128870999998
-203.161,-0.000942591
-203.122,-0.0006842027999999
-203.083,0.00041524829999979996
-203.045,-0.00100095738
-203.006,-0.0017642549999997998
-202.967,0.0009179376000000001
-202.928,-0.00017439779999990003
-202.889,-0.0008361335100000001
-202.85,-0.00014391269999999997
-202.811,4.410200999999995e-05
-202.772,-0.00011024670000000001
-202.733,0.0005348663999999
-202.694,3.450270000000005e-05
-202.655,-4.034099999999986e-05
-202.617,-0.0005640222
-202.578,0.00035600574000000003
-202.539,-0.0014936982000000002
-202.5,0.0012067278
-202.461,0.0011410011
-202.422,0.0013495685999999
-202.383,9.092685e-05
-202.344,7.524419999999996e-05
-202.305,0.0003899279999999
-202.266,0.00010655250000000001
-202.227,5.7594000000000154e-05
-202.188,0.00028799429999999996
-202.15,0.0008597399999999999
-202.111,0.0010373445
-202.072,-0.0005160386999999999
-202.033,-0.0008018306999999999
-201.994,0.0007505039999999999
-201.955,0.00067083669
-201.916,-0.00032032499999979996
-201.877,0.0013616036999999999
-201.838,3.3609600000000025e-05
-201.799,-0.000346434
-201.76,0.0007898097
-201.722,0.000344733
-201.683,0.0008833049999999999
-201.644,-9.10707e-05
-201.605,0.0006646652999999999
-201.566,7.06458e-05
-201.527,-1.5059999999999683e-06
-201.488,6.968069999999994e-05
-201.449,-0.001380099
-201.41,0.0013203419999999
-201.371,0.0002689804799999
-201.332,-0.0019362899999999998
-201.293,0.0001796024999999
-201.255,0.0001550549999999
-201.216,0.0003211134
-201.177,0.0008646321
-201.138,-0.0002807838
-201.099,-0.0003740277
-201.06,-5.602890000000005e-05
-201.021,0.0004919996999999999
-200.982,0.0005958108000000002
-200.943,0.0003142589999999
-200.904,-0.000255822
-200.865,0.0009076389
-200.827,0.00115470249
-200.788,0.0001646523
-200.749,-0.0006570152999999999
-200.71,-0.0005321382
-200.671,0.0002430055199999
-200.632,0.001259028
-200.593,-0.001304514
-200.554,-0.00040520909999999994
-200.515,0.00043936740000000005
-200.476,-2.1529140000000013e-05
-200.437,-0.0009877419000000002
-200.398,0.0013798409999999
-200.36,-0.0002608643999999
-200.321,0.00045052199999999997
-200.282,0.0002670785999999
-200.243,0.0010450452
-200.204,0.0008490312
-200.165,0.00052860732
-200.126,-0.0002014022999999
-200.087,-0.0006489834
-200.048,0.0002966205
-200.009,0.000862995
-199.97,-0.0014011382999998998
-199.932,0.001269423
-199.893,-0.0008989598999999999
-199.854,-0.0007077179999998
-199.815,-6.180989999999995e-05
-199.776,-0.0009677729999999999
-199.737,0.0006150017999997999
-199.698,-0.0009334415999999
-199.659,0.00036282899999990004
-199.62,0.00026781870000000004
-199.581,7.74858e-05
-199.542,0.0016276802699999998
-199.504,-0.0004581609000000001
-199.465,-0.0015539039999998999
-199.426,0.002624787
-199.387,0.001591455
-199.348,-0.00013333979999999998
-199.309,-0.0006222011999999
-199.27,0.0003512030999998
-199.231,-0.0007075469999999
-199.192,0.0010702188
-199.153,-0.0014394149999999
-199.114,-0.00010181624999999999
-199.075,-0.0002964413999999
-199.037,-0.00021068759999999997
-198.998,0.0014219489999999998
-198.959,-0.0005946624
-198.92,-0.000435933
-198.881,-0.0008621334
-198.842,-0.0008965965000000001
-198.803,-0.000588936
-198.764,0.0004765158600000001
-198.725,0.00148638
-198.686,-0.0003419425499999
-198.647,0.00010960109999999998
-198.609,9.095670000000008e-05
-198.57,-0.001495638
-198.531,-0.0010726101
-198.492,-0.000458088
-198.453,0.0008923878
-198.414,0.0010602507
-198.375,0.00027332969999989995
-198.336,0.0006830403
-198.297,0.0017676396
-198.258,-0.0002765619
-198.219,-0.0004964357999999
-198.181,-0.0010812738
-198.142,-0.0008156057999998999
-198.103,-0.00022497929999990002
-198.064,0.00014593974
-198.025,-0.0013959456
-197.986,0.0002774451
-197.947,0.00010001562000000001
-197.908,0.0006419718
-197.869,0.0008951111999999999
-197.83,0.00122511336
-197.791,0.00041101859399989997
-197.752,-3.6467999999999597e-06
-197.714,-7.256340000000002e-05
-197.675,-0.001233741
-197.636,0.00028396679999999997
-197.597,-0.0007410432000000001
-197.558,0.00046103699999999997
-197.519,-0.0010159520099999998
-197.48,0.00033723630000000003
-197.441,0.0005940323999998
-197.402,0.0009764172000000001
-197.363,-0.0012689453999999
-197.324,-0.0017530674
-197.286,-0.0009129863999999999
-197.247,-0.0006222315
-197.208,0.0015018722999999
-197.169,0.0006455307599999001
-197.13,-0.0013408056
-197.091,7.39104e-05
-197.052,0.0008948331000000001
-197.013,0.0006260877
-196.974,0.0019083479999999
-196.935,-0.0018187160999999998
-196.896,0.0002760945
-196.857,0.000882441
-196.819,-0.00032861805
-196.78,0.0005673179999999999
-196.741,-0.001174497
-196.702,-0.0004679733
-196.663,-0.0002487
-196.624,0.0002407985999999
-196.585,-0.0015047886
-196.546,0.0014299589999999
-196.507,0.0008994008999999001
-196.468,0.00029688720000000003
-196.429,0.0014251244999999998
-196.391,0.00023636850000000002
-196.352,0.0002366011799999
-196.313,0.0004427442000000001
-196.274,-0.0005060579999999
-196.235,-0.0006687494399999
-196.196,0.00013091399999999996
-196.157,0.0017429736
-196.118,0.0019587329999999
-196.079,-0.0005921813999998998
-196.04,0.0009061601399999999
-196.001,0.0004902239999999
-195.962,-0.0011763
-195.924,-0.002338674
-195.885,-0.0015369681
-195.846,-0.0012202425
-195.807,-0.0006331401000000001
-195.768,-0.0007805929199999999
-195.729,-0.0011448161999999
-195.69,-0.0004932555
-195.651,-0.0005665653
-195.612,0.00014245199999999994
-195.573,-0.0020648669999999997
-195.534,-0.0003227007
-195.496,0.0005640186
-195.457,-0.00096225699
-195.418,0.0014250530999998
-195.379,-9.102420000000003e-05
-195.34,0.00043168068000000003
-195.301,0.0008547848999999999
-195.262,0.0015850620000000001
-195.223,-0.00017889509999990003
-195.184,-0.00120031863
-195.145,1.955970000000001e-05
-195.106,-0.001962819
-195.068,0.000370236
-195.029,0.00077663265
-194.99,-0.001991454
-194.951,-0.0001574808
-194.912,-0.0017120112000000001
-194.873,-0.0007479861000000001
-194.834,0.000377409
-194.795,-0.0006720320999998
-194.756,-0.0011740776000000001
-194.717,0.0006236127
-194.678,-6.31439999999999e-05
-194.639,-0.0007497378
-194.601,-0.0005188725
-194.562,0.0006803493
-194.523,-0.00046440809999999996
-194.484,-0.0010924254
-194.445,0.0012545853
-194.406,0.0005353884000000001
-194.367,0.0014255819999999
-194.328,0.0012372132
-194.289,-0.0006164049
-194.25,0.00188400828
-194.211,-0.000816048
-194.173,0.0028347599999999
-194.134,-7.002458999999999e-05
-194.095,0.0002311946999999
-194.056,0.0003404786999999
-194.017,0.00030638151
-193.978,0.001281117
-193.939,0.0013867964999999
-193.9,-0.00027235080000000004
-193.861,0.0012542189999999
-193.822,-0.0011658228
-193.783,0.0009300024
-193.744,0.0011398371
-193.706,0.001374267
-193.667,0.00010837679999999995
-193.628,-0.00166611
-193.589,0.0009337118999998998
-193.55,0.0017650619999998
-193.511,-0.0003349866
-193.472,0.000829239
-193.433,0.0014401169999999999
-193.394,0.001565484
-193.355,0.0012626477999998999
-193.316,0.0010499052
-193.278,0.00047603460000000006
-193.239,-0.00018908099999990002
-193.2,0.0005721929999999999
-193.161,0.0001684284
-193.122,-0.0004768622999999
-193.083,0.0005316443999999
-193.044,0.0017853726000000001
-193.005,0.0007722939
-192.966,0.0011889432
-192.927,-0.0009611597999999
-192.888,0.00128014698
-192.849,-0.0010536929999999
-192.811,-0.0018808680000000002
-192.772,0.0009105839999998999
-192.733,4.578660000000001e-05
-192.694,-0.00115965
-192.655,0.0006251015999999
-192.616,0.0024884879999999996
-192.577,-0.0001391637
-192.538,-0.0005289692999999999
-192.499,-0.0007821951000000001
-192.46,0.0013219343999999
-192.421,0.0013983329999999001
-192.383,-0.0010804065
-192.344,4.10694e-05
-192.305,0.0005693343
-192.266,0.0010987829999999999
-192.227,0.0004206017999999
-192.188,0.00019274310000000003
-192.149,0.00043239929999999997
-192.11,0.000762813
-192.071,0.003153528
-192.032,0.0006573419999999999
-191.993,0.0010010354999999
-191.955,-0.0016000569
-191.916,-0.0023307869999999
-191.877,-4.4453400000000004e-05
-191.838,0.0003166113
-191.799,0.001167432
-191.76,1.1830200000000041e-05
-191.721,-0.00019852589999989998
-191.682,0.0020798475
-191.643,-0.0013964943
-191.604,0.0010478262
-191.565,0.001885845
-191.526,0.0011659364999999
-191.488,-0.0011881727999999
-191.449,0.0005231508000000001
-191.41,0.001655649
-191.371,0.0015273567
-191.332,0.0008541087
-191.293,0.0010566
-191.254,-0.00048682650000000005
-191.215,-0.0011172449999999
-191.176,-0.0006015743399999
-191.137,0.00047819910000000004
-191.098,0.000460677
-191.06,0.00013662110999999999
-191.021,-0.0002712939
-190.982,0.0010154339999999
-190.943,-0.0001608822
-190.904,-0.00047231970000000004
-190.865,0.0012139665
-190.826,0.0002352500999999
-190.787,-0.0004936901400000001
-190.748,0.0014543691
-190.709,-0.0019332350999997998
-190.67,-0.00074757771
-190.632,-0.00031357979999979994
-190.593,0.00022245390000000001
-190.554,-0.002191484334
-190.515,-0.0017975657999998998
-190.476,0.0016427490000000002
-190.437,-0.0012987618000000001
-190.398,-0.00117438048
-190.359,0.00062491434
-190.32,-0.0006505806
-190.281,0.0006396150000000001
-190.242,0.0003944541029999
-190.203,-0.00039115170000000003
-190.165,-0.0006900425999999999
-190.126,-0.00039876
-190.087,-0.0003790347
-190.048,-0.0008960241000000001
-190.009,0.0006199544999999
-189.97,0.000565908
-189.931,-0.002253261
-189.892,-0.000423531
-189.853,0.0008740659000000001
-189.814,0.0010212074999998999
-189.775,0.00016367892000000004
-189.737,-0.0005682234
-189.698,7.440120000000002e-05
-189.659,0.000150567
-189.62,-0.0015035348999999
-189.581,7.708199999999996e-05
-189.542,0.0016740231000000002
-189.503,-0.00031219170000000004
-189.464,0.0006135969
-189.425,0.0004409061
-189.386,0.00124601712
-189.347,-0.0017891973
-189.308,-0.0013704341999999999
-189.27,0.0011382900000000001
-189.231,0.0016256808
-189.192,-0.0009716229
-189.153,0.0009542111999998999
-189.114,-0.000644148
-189.075,0.0007068509999999999
-189.036,-0.001057833
-188.997,-0.0006958761000000001
-188.958,-0.0002773338
-188.919,0.0003117073199998
-188.88,0.0016150727999998998
-188.842,-5.92341e-05
-188.803,0.00017811809999989994
-188.764,0.00018015389999989997
-188.725,0.0007797024
-188.686,0.00016937970000000001
-188.647,0.0008213097
-188.608,0.00059311728
-188.569,0.0007453619999998999
-188.53,0.000146676
-188.491,-0.0002467914
-188.452,-0.0018472259999999998
-188.413,-0.0014791536
-188.375,0.0012635493
-188.336,0.0021707261999999996
-188.297,0.0003221752799998
-188.258,0.0004439823
-188.219,-0.0001797675
-188.18,-0.0007480619999998999
-188.141,-0.0003376452
-188.102,0.000328719
-188.063,-0.0010801263
-188.024,0.00042214560000000006
-187.985,-0.00013961250000000007
-187.947,-0.0015097851
-187.908,-0.0009978447
-187.869,-0.0009035945999999
-187.83,0.001518222
-187.791,-0.0021605708999999002
-187.752,0.0016911129599999999
-187.713,-4.411470000000007e-05
-187.674,0.0005937497999998
-187.635,-0.0013336191000000001
-187.596,0.0003707005500000001
-187.557,-0.0002882183999999
-187.518,-1.3529700000000034e-05
-187.48,0.0004673915999999
-187.441,-0.0012167078999999
-187.402,0.0005407799999999001
-187.363,0.0002347632
-187.324,0.0018592265699999997
-187.285,5.156699999999992e-05
-187.246,0.001137309
-187.207,-0.0008084939999998999
-187.168,-0.0003283761000000001
-187.129,-0.0001788617999999
-187.09,0.0004245501
-187.052,0.00074961
-187.013,0.0013358510999999002
-186.974,-0.00023518679999989998
-186.935,-0.0002808573
-186.896,0.0012269955
-186.857,2.1002399999999987e-05
-186.818,0.0002207283
-186.779,0.0002969847
-186.74,-0.0012767009999998997
-186.701,7.981440000000002e-05
-186.662,-0.0003897405
-186.624,0.0013611104999999
-186.585,-0.000365418
-186.546,-0.001793328
-186.507,0.00015457734
-186.468,0.002325723
-186.429,-0.000839955
-186.39,0.0014300652
-186.351,-8.21901e-05
-186.312,0.0010893033
-186.273,-0.001422252
-186.234,-0.0005069486999999999
-186.195,-0.000143901
-186.157,0.000759255
-186.118,8.046e-06
-186.079,0.00015045
-186.04,-0.0017168226
-186.001,-0.0008762742299997999
-185.962,0.0022758089999999
-185.923,-0.0003694434
-185.884,0.0012547059333
-185.845,0.0006620961
-185.806,0.000193476
-185.767,0.0010808994000000003
-185.729,0.00040419629999999994
-185.69,1.3845000000000068e-05
-185.651,-4.573409999999997e-05
-185.612,-0.0006238740000000001
-185.573,0.000820449
-185.534,-0.0005389617
-185.495,0.0007356876
-185.456,-0.00043944753
-185.417,0.0022778765999998
-185.378,-0.0005858609999999
-185.339,4.947000000000002e-05
-185.301,0.00011438705999999996
-185.262,-0.00017906069999989996
-185.223,0.0014099738999999998
-185.184,0.0004625517
-185.145,-3.23358e-05
-185.106,-0.0014352056999999
-185.067,-0.001783044
-185.028,-5.7459000000000074e-05
-184.989,0.0004866228
-184.95,0.0010424532
-184.911,0.0002466114
-184.872,0.0009301871999999999
-184.834,0.0002628863999999
-184.795,-0.0014456856000000001
-184.756,-0.0005987808000000001
-184.717,-0.0003545538
-184.678,-0.0023050799999999
-184.639,0.0005112146489999
-184.6,0.0010049667
-184.561,-0.00102825
-184.522,0.001291569
-184.483,0.0012329579999999
-184.444,0.0008802059999999999
-184.406,-0.001195773
-184.367,0.00142007559
-184.328,-0.0019492097999997998
-184.289,-1.5034800000000034e-05
-184.25,0.0007490358000000001
-184.211,-0.00029387148
-184.172,0.00018793140000000004
-184.133,0.001632207
-184.094,0.00014094335999999995
-184.055,-0.0021684078
-184.016,-0.002109108
-183.977,0.0020380949999999
-183.939,-0.0011913695999998999
-183.9,0.0016582608
-183.861,-0.002014062
-183.822,-0.0010764534
-183.783,-0.0006412875
-183.744,-0.00011190690000000003
-183.705,0.0014178626999998998
-183.666,-0.0013915919999999
-183.627,0.0015651467999999997
-183.588,-0.000638619
-183.549,-0.00017468970000000003
-183.511,0.00154822533
-183.472,-0.0007045611599999
-183.433,-0.00036323939999999993
-183.394,-0.0010356
-183.355,-0.0007285514999999001
-183.316,-2.8055100000000022e-05
-183.277,0.0009543797999997999
-183.238,0.0028525380000000004
-183.199,-0.0011287638000000001
-183.16,0.0008958045000000001
-183.121,-0.000571041
-183.082,0.0013950732
-183.044,0.0011630129999998999
-183.005,0.0016749987
-182.966,0.0018166031999999
-182.927,0.0015915624
-182.888,0.000945195
-182.849,0.0004454280000000001
-182.81,-0.0011380169999998
-182.771,-9.272630999999996e-05
-182.732,0.0004168005
-182.693,-0.0011979138
-182.654,-6.255540000000003e-05
-182.616,0.001091883
-182.577,0.0008400059999999999
-182.538,0.00046859531399980005
-182.499,-0.00010948530000000001
-182.46,0.000415131
-182.421,0.0014657030999999999
-182.382,-4.511939999999999e-05
-182.343,-0.00152211372
-182.304,0.00042598500000000004
-182.265,0.0001103376
-182.226,-0.0005766220499998999
-182.188,-0.0010863359999998998
-182.149,-0.00122601
-182.11,0.0018652154999999999
-182.071,0.0012021554999999
-182.032,-0.0003932283
-181.993,0.00010188210000000006
-181.954,0.003503559
-181.915,0.002128095
-181.876,0.0008922483
-181.837,-0.000194570049
-181.798,0.00011812620000000001
-181.759,0.0013450157999998998
-181.721,-0.0001854243
-181.682,-0.00016150739999989998
-181.643,-0.00137175
-181.604,0.0007633800000000001
-181.565,-0.0008529891
-181.526,-0.00046039199999999995
-181.487,0.00066068841
-181.448,-0.00023856360000000003
-181.409,0.00018512310000000002
-181.37,0.0008212319999999999
-181.331,-0.0008061621
-181.293,0.00020747249999989999
-181.254,0.000559611
-181.215,-1.1491499999999929e-05
-181.176,-0.00012491669999999992
-181.137,0.00041438609999989995
-181.098,-0.0005520479999997999
-181.059,-0.0003693902999999
-181.02,4.3869299999999977e-05
-180.981,-0.0013935777
-180.942,-0.00031653960000000006
-180.903,-0.000897312
-180.864,0.00012523110000000001
-180.826,0.0021737381999999998
-180.787,1.4643000000000002e-05
-180.748,0.00018259725
-180.709,0.0012053838000000002
-180.67,0.0006891719999999999
-180.631,-0.00013373048999999998
-180.592,0.0013271166000000001
-180.553,-0.0016315040999999998
-180.514,-0.003289998
-180.475,-7.6099500000000016e-06
-180.436,0.00010048800000000006
-180.398,-0.0010538954999998
-180.359,-0.0022357641
-180.32,0.0032434698000000004
-180.281,-0.001602909
-180.242,0.00037685400000000003
-180.203,-0.0015197661000000001
-180.164,0.00010091429999999998
-180.125,-0.0030758214
-180.086,-0.0004510238999998
-180.047,-0.00298614
-180.008,-0.0007937169
-179.969,0.001217826
-179.931,0.00045387
-179.892,-0.0015238314000000002
-179.853,-0.0025743059999999
-179.814,-0.0010772103
-179.775,0.0025182959999999997
-179.736,-4.442100000000011e-05
-179.697,0.001426791
-179.658,0.0014041220999999001
-179.619,0.0017677079999998
-179.58,-0.0008182629
-179.541,-0.00016774530000000004
-179.503,-8.312070000000001e-05
-179.464,0.00022172700000000007
-179.425,-0.0007233404999999
-179.386,0.0006668609999999999
-179.347,-0.0010135400999999001
-179.308,0.0012220715999999002
-179.269,0.0001721343
-179.23,0.00018522899999999997
-179.191,-0.00153501
-179.152,-0.0008248194
-179.113,0.000692496
-179.075,0.00097338957
-179.036,-0.0009577468799999
-178.997,0.0005082174
-178.958,0.0025302882
-178.919,0.00022046999999989994
-178.88,-0.0005761952999999001
-178.841,0.0016521335999999998
-178.802,0.0009077696999999999
-178.763,-0.0008616984000000001
-178.724,-0.0019135044000000003
-178.685,9.965999999999979e-06
-178.646,0.0007606620000000001
-178.608,-0.0012254339999999999
-178.569,-0.0015793086000000002
-178.53,-0.0005260394699999999
-178.491,0.0013263599999999
-178.452,-0.0011004329999999998
-178.413,-0.0012796091999999
-178.374,0.0014235075000000002
-178.335,0.00120216897
-178.296,-0.0011650755
-178.257,-0.0012080271
-178.218,0.0004484163
-178.18,0.0014584679999999
-178.141,0.0009485145
-178.102,0.0003918753
-178.063,0.0005267009999999
-178.024,5.651069999999999e-05
-177.985,-0.0010628939999999
-177.946,0.0017374290000000002
-177.907,-0.0014010263100000002
-177.868,-0.00021691889999999998
-177.829,-0.00145914
-177.79,-0.0013137573000000001
-177.751,0.00044805965999999997
-177.713,-0.0009493182000000001
-177.674,0.00038599274999999997
-177.635,0.0022113
-177.596,0.000848853
-177.557,-0.0010267097999999998
-177.518,9.839351999999999e-05
-177.479,0.000722142
-177.44,0.0012253773
-177.401,0.0006229971
-177.362,0.0005456207400000001
-177.323,-0.000667569
-177.285,-0.0011710916999999998
-177.246,0.0020674974
-177.207,0.00018529860000000002
-177.168,4.779419999999997e-05
-177.129,-0.001288842
-177.09,0.0004086366
-177.051,0.0012862815
-177.012,0.0018637514999999
-176.973,-0.0010392491999999
-176.934,-0.0007446272999999999
-176.895,-0.0023637666
-176.857,-0.0002064587999999
-176.818,-0.0008116733999999999
-176.779,0.0004010459999998
-176.74,0.00039876209999999997
-176.701,-0.0008015225999999998
-176.662,-0.00041842379999999996
-176.623,0.0019551150000000003
-176.584,0.0005517645000000001
-176.545,-0.00037090809000000005
-176.506,-0.0024216419999998997
-176.467,0.0003750269999999
-176.428,-0.0012820554
-176.39,-0.000557544
-176.351,0.0022111748999999997
-176.312,-0.0007005765000000001
-176.273,0.0012861306
-176.234,-0.000674205
-176.195,0.0006268938000000001
-176.156,-0.0008232599999999999
-176.117,0.0013009856999999998
-176.078,-0.002974575
-176.039,-0.001970313
-176.0,0.00150987
-175.962,-0.0010708692599999
-175.923,4.1444099999999985e-05
-175.884,-0.00016981799999989997
-175.845,0.0023392637999999997
-175.806,-0.0011402129999997998
-175.767,-0.0008454606900000001
-175.728,-0.0003967545000000001
-175.689,-0.0007466835899998999
-175.65,-0.0007438109999999999
-175.611,-0.0010244310000000001
-175.572,0.0007541249999999
-175.533,-0.000365646
-175.495,0.0007711439999999
-175.456,-0.00010080419999999997
-175.417,0.0011534937
-175.378,-0.0002820317999999
-175.339,0.00169485
-175.3,0.00030785130000000004
-175.261,0.0006275897999999
-175.222,0.0008496894000000001
-175.183,0.0008413152000000001
-175.144,-0.00011753970000000002
-175.105,0.00041559180000000004
-175.067,-0.00028438799999989993
-175.028,0.00030116969999999997
-174.989,0.000211155
-174.95,0.0005253971999999
-174.911,0.0009611678999998999
-174.872,-0.00022472429999999998
-174.833,0.0009667614
-174.794,0.0005628468299999
-174.755,-0.0012527268
-174.716,0.0010811669999999
-174.677,-0.0002168364
-174.639,-0.0006993143999997999
-174.6,0.0019495038
-174.561,-0.0010826556
-174.522,0.0025786649999999
-174.483,0.0016776657
-174.444,0.0005631389999999
-174.405,0.0005887409999999
-174.366,0.0010807982999999
-174.327,0.0023567409
-174.288,-0.0019672559999999
-174.249,-0.00029404617000000004
-174.21,0.0027077430000000003
-174.172,-0.0004312101
-174.133,0.0008543846999999999
-174.094,0.0020353937999998
-174.055,0.0013017149999997998
-174.016,-0.0009524579999998998
-173.977,-0.0015536244000000001
-173.938,-0.00038673899999989997
-173.899,-0.00042287100000000006
-173.86,0.0002550015
-173.821,0.00103487451
-173.782,0.0007932036
-173.744,-0.0006283319999998999
-173.705,0.00029659559999999996
-173.666,9.359129999999996e-05
-173.627,-0.0001965779999999
-173.588,0.0025354559999999997
-173.549,0.0006135359999999001
-173.51,-0.0009157709999998999
-173.471,0.00080154216
-173.432,-0.0009293543999999
-173.393,-0.0011457689999998
-173.354,-0.0025511489999997996
-173.315,-0.001950438
-173.277,-0.0011933516999998
-173.238,-3.709799999999999e-05
-173.199,-0.0004855449
-173.16,0.0003856314
-173.121,0.00111751905
-173.082,0.0007532106
-173.043,0.0008810673
-173.004,-0.0003766593
-172.965,0.0012460239
-172.926,0.00076905495
-172.887,0.0002579969999999
-172.849,-0.0024003741
-172.81,0.0011773347
-172.771,-0.000770751
-172.732,-0.00048244589999999995
-172.693,-0.001684683
-172.654,0.000217608
-172.615,0.0010083771
-172.576,0.0025378109999999996
-172.537,-0.0014924304
-172.498,0.0011956068
-172.459,0.0004445190000000001
-172.42,-0.0007590359999999001
-172.382,0.0007786805999998
-172.343,0.0008736966000000001
-172.304,0.0011765429999998
-172.265,-0.0013207409999998
-172.226,-0.0011369634
-172.187,-0.0014316347999999998
-172.148,-0.0005734074
-172.109,0.002254803
-172.07,0.0002617455
-172.031,0.0006940128
-171.992,-0.0014704848
-171.954,0.00044382600000000003
-171.915,-0.0005538285
-171.876,0.0005079560999999
-171.837,0.0010793324999999999
-171.798,0.0003266904
-171.759,0.0005075142
-171.72,0.0001114953
-171.681,0.0019482102
-171.642,0.0017865855
-171.603,0.0019464420000000003
-171.564,-0.00025852289999999994
-171.526,0.0004916097000000001
-171.487,-0.0007950930300000001
-171.448,-0.0028523369999998997
-171.409,-0.00065280579
-171.37,0.000695751
-171.331,0.00017819399999989996
-171.292,0.0013358831999998998
-171.253,-0.00017687699999999993
-171.214,-0.0010741799999999999
-171.175,0.0009292874700000001
-171.136,-0.0007290149999998
-171.097,-0.00022309797
-171.059,0.0010294298999998998
-171.02,-0.00027759059999999996
-170.981,-0.003011817
-170.942,0.0020157171
-170.903,-0.00019964999999989998
-170.864,0.0007457255999999001
-170.825,-0.0020833407
-170.786,0.0008601633
-170.747,-0.0012533894999999
-170.708,0.004008297
-170.669,0.0003531462
-170.631,-0.0012014909999999998
-170.592,-0.0005126483999998999
-170.553,0.0008730419999999999
-170.514,0.0020040751199999
-170.475,0.0009535380000000001
-170.436,-9.918210000000007e-05
-170.397,-0.000695946
-170.358,-0.0007133109
-170.319,0.0001314599999999999
-170.28,0.0007486853999999999
-170.241,0.0017677650000000001
-170.202,-0.0021711825
-170.164,0.004437453
-170.125,-0.0008840004
-170.086,-0.0019578558
-170.047,0.0008881323
-170.008,0.0002848185
-169.969,0.0017414730000000001
-169.93,-0.00038960279999989994
-169.891,0.002323221
-169.852,0.0009912764999999999
-169.813,0.00012664739999999997
-169.774,-0.00010325010000000005
-169.736,0.0021458867999999
-169.697,0.0014711783999999
-169.658,0.003182841
-169.619,0.003111669
-169.58,0.0020947199999999
-169.541,0.002209968
-169.502,-0.0019272501
-169.463,-0.0033131579999999996
-169.424,-0.0009777029999999
-169.385,-0.0013689339
-169.346,0.0002610882
-169.307,0.00033716160000000003
-169.269,0.0023284734000000003
-169.23,0.0007812222
-169.191,0.00018620429999999997
-169.152,0.0011040137999999999
-169.113,0.0008392349999998998
-169.074,0.0017585648999999999
-169.035,-0.0023274899999998
-168.996,-0.0001835424
-168.957,0.0006342024
-168.918,-0.00015053699999989994
-168.879,-0.0013423259999999998
-168.841,-0.0013145463
-168.802,0.0005518469999999
-168.763,0.00174109287
-168.724,-0.00011477819999999998
-168.685,0.0008875962
-168.646,0.00044337599999980006
-168.607,0.000461655
-168.568,-0.00046886369999990003
-168.529,0.0012967349999998999
-168.49,-0.0021186509999999
-168.451,0.0005533821
-168.413,0.0004628067
-168.374,0.0009882239999997999
-168.335,0.00131517429
-168.296,0.0004663070999999
-168.257,0.001690746
-168.218,0.0025098300000000002
-168.179,8.686109999999931e-06
-168.14,0.0013847021999999999
-168.101,-0.0003977469
-168.062,0.0029678007000000003
-168.023,0.0018694388999999998
-167.984,0.00089224458
-167.946,0.0006127104
-167.907,-0.0007212179999999
-167.868,9.067830000000008e-05
-167.829,-0.0007061099999999999
-167.79,0.0025915671
-167.751,-0.0012810048
-167.712,0.00016981379999999997
-167.673,-0.0005895624
-167.634,3.9918600000000015e-05
-167.595,0.0006658004999998001
-167.556,-0.0012949643999999
-167.518,0.0011834003999998
-167.479,0.0008201997000000001
-167.44,0.0013175219999999
-167.401,0.00027470099999989995
-167.362,-0.0006686009999999
-167.323,0.0010273124999998998
-167.284,-0.0024966899999999998
-167.245,-0.0004615263
-167.206,-0.0028283819999999
-167.167,0.0003776541
-167.128,-0.0004900970699999001
-167.089,-0.0020198819999999998
-167.051,-0.0003611741999999
-167.012,0.000990435
-166.973,0.0009645606
-166.934,1.073040000000009e-05
-166.895,-0.00105078
-166.856,0.0006765517199999
-166.817,0.0018578078999999998
-166.778,-0.00024294329999989997
-166.739,0.00142325997
-166.7,-0.0002166119999999
-166.661,0.000714198
-166.623,-0.00040020570000000007
-166.584,0.00047181209999979995
-166.545,0.0001497012
-166.506,0.0007892874
-166.467,0.0007625217
-166.428,0.0013402875
-166.389,0.00043292100000000007
-166.35,0.0021423876
-166.311,0.0002903949
-166.272,-0.0018707904
-166.233,-0.0009416849999999999
-166.195,0.0005502051
-166.156,0.00021211410000000004
-166.117,0.00037577013
-166.078,-0.0013596840000000003
-166.039,0.000942258
-166.0,0.0012347789999999999
-165.961,-0.0025735979999999
-165.922,-0.00021779069999989996
-165.883,0.00119403471
-165.844,0.00044872200000000003
-165.805,-0.0004734651
-165.766,0.0014699837999999998
-165.728,-0.001798317
-165.689,0.0008147729999998999
-165.65,0.0033264210000000004
-165.611,0.0017976858
-165.572,0.0004599498
-165.533,0.0014542907999999998
-165.494,-0.00011795699999999998
-165.455,0.000179841
-165.416,0.001048212
-165.377,-0.0019548413999999
-165.338,-0.00015605999999989998
-165.3,0.00012372990000000006
-165.261,3.5297846999999995e-05
-165.222,0.0014640059999999002
-165.183,0.001889859
-165.144,0.0025527788999999998
-165.105,-0.00015598499999990001
-165.066,0.0019795278000000003
-165.027,0.00043345320000000005
-164.988,-0.0002153612999999
-164.949,-0.002882469
-164.91,-0.0017140685999998998
-164.871,-0.0003231869999999
-164.833,0.00274405122
-164.794,0.00023108009999999997
-164.755,-0.00029209289999999996
-164.716,-0.0009206538
-164.677,0.00022926216000000003
-164.638,0.00013810470000000003
-164.599,0.0010577079
-164.56,0.000252978858
-164.521,-0.0017389867799998998
-164.482,0.00023564700000000002
-164.443,0.0023205419999999
-164.405,0.00023312400000000003
-164.366,0.00019079226
-164.327,-0.0022731171
-164.288,-0.00022565699999989997
-164.249,0.0006367758000000001
-164.21,0.0008457789
-164.171,0.0015351297000000001
-164.132,-0.00096969
-164.093,-0.0006287267999999
-164.054,0.0014388419999997997
-164.015,-0.0005735745
-163.977,0.0007632629999999999
-163.938,0.00023749979999999999
-163.899,-0.0026300669999998996
-163.86,-0.0013299081
-163.821,-0.0015807207
-163.782,0.0018102683999999998
-163.743,0.0005517719999999
-163.704,-0.0006932913000000001
-163.665,-0.00045585029999999993
-163.626,0.0007281488999999
-163.587,-0.0026315189999999997
-163.548,0.00141348
-163.51,-0.002477052
-163.471,-0.00169393185
-163.432,-0.0004596381
-163.393,-0.0006826734
-163.354,0.0022393383
-163.315,-0.0007401059999998
-163.276,5.893049999999999e-05
-163.237,-0.00019590779999999997
-163.198,-0.0024185514000000003
-163.159,0.0004651043999999
-163.12,0.0025477019999999
-163.082,-0.001377537
-163.043,-0.00092128215
-163.004,0.00015698400000000004
-162.965,0.0010061502
-162.926,-0.0040528349999999005
-162.887,-0.0008735772
-162.848,-0.0007486821
-162.809,0.0005266988999999
-162.77,-0.0015997802640000001
-162.731,-0.0006371978999999001
-162.692,0.0010243626
-162.653,-0.0025839945
-162.615,0.000947451
-162.576,-0.0012478830000000002
-162.537,0.0011256659999999998
-162.498,-0.00042183300000000004
-162.459,0.0015425338440000001
-162.42,-0.0008099598
-162.381,0.001576878
-162.342,-0.0010027959
-162.303,-0.0021483273
-162.264,0.002342373
-162.225,0.0012226559999999
-162.187,0.0013085733
-162.148,0.0009421703999999999
-162.109,-0.0003154898999999
-162.07,0.0021415011
-162.031,-0.0021208881
-161.992,0.00044933819999989997
-161.953,0.0023955900000000004
-161.914,-5.729280000000002e-05
-161.875,-0.0003682113
-161.836,-0.00045428910000000006
-161.797,0.000693141
-161.758,0.0012347489999999998
-161.72,0.0011580194999999999
-161.681,0.0010237154999999
-161.642,-0.0004333492199999
-161.603,-0.0011512677
-161.564,-0.00042358559999979993
-161.525,-0.002388849
-161.486,8.797199999999994e-05
-161.447,0.00045847440000000003
-161.408,-0.0001063782
-161.369,-0.0019135530000000001
-161.33,0.0008722371
-161.292,0.00084458934
-161.253,0.0008343989999999
-161.214,0.001094871
-161.175,0.0018068423999999
-161.136,0.0005132952
-161.097,-0.00085947
-161.058,0.00116219829
-161.019,-0.0019586054999999997
-160.98,0.0008525327999998999
-160.941,0.0004801308
-160.902,-0.000563427
-160.864,0.0017179650000000001
-160.825,0.00042710739
-160.786,0.0007963308000000001
-160.747,-0.0021926033999999997
-160.708,-0.00044570579999999996
-160.669,0.0019992
-160.63,-0.0003267453
-160.591,-0.00013944300000000005
-160.552,0.00037592912999999997
-160.513,0.0005547588000000001
-160.474,-0.00033149819999980004
-160.435,0.0011179589999998
-160.397,-0.00029507282999999995
-160.358,-0.002324214
-160.319,0.0009431429999999001
-160.28,0.0015203780999997999
-160.241,0.0028133729999999997
-160.202,-0.0023510577000000004
-160.163,0.001336365
-160.124,0.000995466
-160.085,0.00021196920000000002
-160.046,0.0004963329
-160.007,0.002175957
-159.969,-0.0012247769999999998
-159.93,-0.0016955969999999999
-159.891,0.0021326490000000003
-159.852,-0.0009489839999997999
-159.813,0.0005912520000000001
-159.774,0.0010479600000000001
-159.735,-0.003143178
-159.696,0.000618546
-159.657,-0.0014161109999998999
-159.618,0.00041045970000000003
-159.579,-0.00012693870000000002
-159.54,0.001939494
-159.502,0.0007060229999998999
-159.463,0.00034718190000000004
-159.424,-0.0009982479
-159.385,0.0005218188
-159.346,-0.00015926999999990002
-159.307,-0.0013734654
-159.268,9.01323e-05
-159.229,0.0010817670000000002
-159.19,0.0002379717000000001
-159.151,-0.0010223580000000001
-159.112,-0.0005003540999999
-159.074,-0.00046349553
-159.035,-0.0009005733
-158.996,-0.00039186600000000005
-158.957,-0.0025376445
-158.918,0.0014500157999999999
-158.879,-0.001605972
-158.84,0.0012386099999999
-158.801,0.0011236472999999999
-158.762,0.0004741763999998
-158.723,0.00033240630000000004
-158.684,-0.0002617955999999
-158.646,-0.0020456582999999998
-158.607,0.0013186001099998
-158.568,0.002924424
-158.529,-0.0014615690999999998
-158.49,0.002437044
-158.451,0.0031324955999999997
-158.412,0.0008577725999999
-158.373,0.0006224819999999
-158.334,-0.0016543467000000001
-158.295,-0.00037382184
-158.256,9.951000000000003e-05
-158.217,0.0003499680000000001
-158.179,-0.00017980919999989998
-158.14,0.0012278340000000001
-158.101,0.0005930553
-158.062,-0.000376956
-158.023,0.0002528579999999
-157.984,-0.000411237
-157.945,0.0030688737
-157.906,0.0012887550000000002
-157.867,-0.0027853835999999
-157.828,-0.0009126960000000002
-157.789,0.001544514
-157.751,0.002318067
-157.712,0.00141902562
-157.673,-0.0005925126000000001
-157.634,-0.0025362659999999997
-157.595,-0.0014642309999999
-157.556,-0.0005187722999999999
-157.517,-0.0010381236
-157.478,-0.0001128359999999999
-157.439,-0.00030982107000000005
-157.4,0.0001148907
-157.361,-0.00034953
-157.322,0.00082707
-157.284,0.0014408984999999001
-157.245,0.0012616614
-157.206,-0.0013677854999999
-157.167,0.0017305689000000001
-157.128,-0.0016432977
-157.089,0.0004622130000000001
-157.05,0.00026538839999990004
-157.011,-0.0017520198
-156.972,0.0007864859999999999
-156.933,-0.0005203439999999
-156.894,-0.0009101700000000001
-156.856,-3.5231100000000036e-05
-156.817,0.00039384570000000006
-156.778,-0.0007148798999998
-156.739,0.0024440897999999
-156.7,-0.002824512
-156.661,-0.0006736064999997999
-156.622,0.0016902576
-156.583,0.004274795999999899
-156.544,-0.00016658219999999999
-156.505,0.0014508906
-156.466,8.287200000000022e-05
-156.427,-0.0007734762
-156.389,-0.0006053459999998
-156.35,0.0007662521999999999
-156.311,0.0020456969999998
-156.272,-0.0001686174
-156.233,0.0008330010000000001
-156.194,0.00014933039999999998
-156.155,0.0010325730000000002
-156.116,-0.001046853
-156.077,-0.00128876214
-156.038,-0.0005657381999999999
-155.999,-0.0009629160000000001
-155.961,0.002569656
-155.922,-0.00044018999999999997
-155.883,-0.0005428118999998
-155.844,0.0009483858000000001
-155.805,0.0025371783
-155.766,0.0009483896999999998
-155.727,-0.00193506
-155.688,-0.0014775927
-155.649,0.0010457993999999
-155.61,-0.0010664829
-155.571,0.0028490069999999
-155.533,0.0020449506
-155.494,-0.0003378200999999
-155.455,0.0002229822
-155.416,-0.0009548300999999
-155.377,-0.0005514701999999
-155.338,-0.0007426789499998999
-155.299,-0.0016612454999997998
-155.26,0.0003222242999999
-155.221,8.485290000000007e-05
-155.182,-0.0009451572
-155.143,-0.0013899485999998998
-155.104,0.0009870768
-155.066,0.0004981368
-155.027,-0.0013709999999999
-154.988,0.0015182646
-154.949,0.000325344
-154.91,-0.00016404059999989998
-154.871,0.0012419406000000002
-154.832,-0.0010699986
-154.793,0.0009575009999999999
-154.754,-0.001263846
-154.715,-0.0007252973999998999
-154.676,0.0020332049999999997
-154.638,0.0013291109999999
-154.599,0.0007310175
-154.56,-1.3524000000000056e-05
-154.521,-0.0011885249999998998
-154.482,-0.000228171
-154.443,0.0019302723
-154.404,-0.0005819472
-154.365,-0.0014138922
-154.326,0.0002459444999999
-154.287,-7.090379999999996e-05
-154.248,-0.0008947554
-154.209,-0.0023564168999998998
-154.171,6.776814e-05
-154.132,0.000368001
-154.093,-0.001383795
-154.054,0.0012669311999999999
-154.015,6.0203730000000017e-05
-153.976,-0.0017215229999999998
-153.937,-0.00021111389999990001
-153.898,-0.00118312938
-153.859,-0.001144233
-153.82,0.0025135680000000003
-153.781,-0.0018951820799999997
-153.743,0.0017382033000000001
-153.704,0.0012872526
-153.665,-0.0015217002
-153.626,0.0005051070000000001
-153.587,-0.0003788004
-153.548,-8.72313e-05
-153.509,-0.0011984972999999
-153.47,0.00165673422
-153.431,-0.0013287431999999
-153.392,0.0002518803
-153.353,0.0015418827
-153.314,-0.00032597850000000005
-153.276,-0.0005244951000000001
-153.237,0.0016628988000000002
-153.198,-0.000866454
-153.159,0.0021805098
-153.12,-0.0009226260000000001
-153.081,-0.0017000700000000001
-153.042,0.0009059189999999999
-153.003,-0.0002196411
-152.964,-0.00102407217
-152.925,-0.00039817289999999995
-152.886,9.673350000000006e-05
-152.848,0.0006770073
-152.809,0.0031684224
-152.77,-0.002464008
-152.731,0.0009499733999999999
-152.692,-0.0005477381999999
-152.653,0.0026524499999999998
-152.614,-0.00020855991090000002
-152.575,0.0013845989999999998
-152.536,-0.0016397579999999998
-152.497,-0.0011179047
-152.458,-0.0013596969
-152.42,0.00039215699999979993
-152.381,-0.0003379280999997999
-152.342,0.001537884
-152.303,0.0015187407
-152.264,-0.00036363599999999997
-152.225,0.0015874424999999998
-152.186,-0.0014219075999999998
-152.147,-9.408719999999998e-05
-152.108,0.00036028919999989996
-152.069,0.002701302
-152.03,0.0007813649999999
-151.991,0.0014157719999999
-151.953,-0.0002453909999999
-151.914,0.0010771499999999
-151.875,-0.00036539999999990003
-151.836,0.0005176413
-151.797,0.0005321099999999999
-151.758,-0.0003295749
-151.719,-7.237800000000006e-05
-151.68,-0.004750764
-151.641,-0.0025536839999999
-151.602,0.0004629381
-151.563,0.0025862279999999
-151.525,0.00203892
-151.486,-0.0013461713999999001
-151.447,0.0002126343
-151.408,0.0021766134
-151.369,0.0006694619999997999
-151.33,0.0007570932000000001
-151.291,-0.0015074564999999999
-151.252,-0.0026544119999999003
-151.213,-0.0008297655
-151.174,0.0002480864999999
-151.135,-0.0003858638999999
-151.096,0.00018240389999989995
-151.058,-0.0014712972
-151.019,-0.0004805088000000001
-150.98,-0.0031923687
-150.941,0.0010292597999999999
-150.902,-0.0028109240999999
-150.863,0.003545364
-150.824,0.0026158919999998
-150.785,0.00041887049999999996
-150.746,0.0002481372
-150.707,0.0003257039999998
-150.668,-0.0016010129999999
-150.63,0.0024179066999999
-150.591,0.00404613
-150.552,0.0007343862
-150.513,-0.0009025859999999
-150.474,-0.0007074750000000002
-150.435,0.001335801
-150.396,0.0010951227
-150.357,-0.0006099395999997999
-150.318,0.0011437589999999
-150.279,0.0005096022
-150.24,0.000734574
-150.202,-0.00080239374
-150.163,0.0005510639999998
-150.124,0.0026055960000000004
-150.085,0.000684576
-150.046,-0.0015252299999998999
-150.007,0.0019176740999999999
-149.968,-0.001530954
-149.929,-0.0009223799999999
-149.89,0.0012345462
-149.851,-0.0004980206999997999
-149.812,0.000871344
-149.773,-0.0023532185999999
-149.735,0.0010499753999999
-149.696,0.000753078
-149.657,-0.0007132919999999
-149.618,-0.00032642190000000006
-149.579,0.0023209092
-149.54,-0.0014727774
-149.501,0.0004724034
-149.462,0.0002036640000000001
-149.423,0.0018608323199999998
-149.384,-0.0028570869000000003
-149.345,-0.0006649646999999
-149.307,-0.0005386539
-149.268,0.0001437009
-149.229,-0.0005517352499998
-149.19,-0.0010614062999999999
-149.151,0.0005698952999999999
-149.112,-0.0008442399
-149.073,0.0020945478
-149.034,-9.429450000000004e-05
-148.995,0.0016978485
-148.956,-0.00046715532
-148.917,-0.0010159563
-148.878,-0.0011950209
-148.84,-0.0008313420000000002
-148.801,0.00035978940000000004
-148.762,-0.0008086099799999999
-148.723,0.0009437547
-148.684,-0.0010261452
-148.645,-0.002365539
-148.606,-0.0013248198
-148.567,0.000917616
-148.528,-0.001237392
-148.489,-0.0012067502999999
-148.45,0.001514622
-148.412,0.0028739670000000003
-148.373,0.0018358539
-148.334,1.4138999999999818e-05
-148.295,-0.0017556846000000002
-148.256,0.0024692309999999997
-148.217,0.000585873
-148.178,0.0025172883000000004
-148.139,-0.00080765205
-148.1,0.0001716825
-148.061,0.0016530809999998996
-148.022,0.000673404
-147.984,1.8715229999999934e-05
-147.945,0.0013841438999999
-147.906,-0.000338172
-147.867,-2.3220000000000066e-05
-147.828,-0.0020854565999999996
-147.789,0.0012608007
-147.75,0.0019379142
-147.711,7.950899999999996e-05
-147.672,-4.2306899999999966e-05
-147.633,0.0012423879
-147.594,0.0009601848
-147.555,0.0006831584399999001
-147.517,-0.00033918899999979996
-147.478,0.00033607619999979996
-147.439,0.0009462017999998999
-147.4,0.0002676384
-147.361,0.0006524279999999
-147.322,-0.00045252510000000004
-147.283,-0.00026172869999999994
-147.244,-0.002090607
-147.205,-0.0014118899999999998
-147.166,0.0007481160000000001
-147.127,-0.002448756
-147.089,0.0012354048000000001
-147.05,-0.0014308992
-147.011,-0.000509004
-146.972,-0.0007295342399998999
-146.933,0.0002470095
-146.894,0.0009339941999999999
-146.855,-7.822680000000004e-05
-146.816,-0.00011079899999999986
-146.777,-1.7353139999999994e-05
-146.738,1.6292999999999798e-05
-146.699,-0.0003539847
-146.66,0.00010639224000000001
-146.622,0.0013172352
-146.583,8.487330000000003e-05
-146.544,0.0022719539999999
-146.505,0.00058192866
-146.466,0.00045844980000000004
-146.427,-0.000310671
-146.388,0.0037539839999999997
-146.349,-0.0016886976
-146.31,-0.0036811589999998996
-146.271,-0.0007651860000000001
-146.232,0.0007003841999999999
-146.194,0.0029641152
-146.155,-0.0010062815999999
-146.116,0.00011781030000000009
-146.077,-0.002041872
-146.038,-0.000273594
-145.999,-0.00040875210000000005
-145.96,-0.0010024764
-145.921,0.0006837179999998999
-145.882,0.0010598427
-145.843,-0.00018717089999990003
-145.804,-0.0022812837
-145.766,6.11433000000001e-05
-145.727,0.000819156
-145.688,-0.002048355
-145.649,0.00012000930000000013
-145.61,0.0002816916
-145.571,-0.0012372957
-145.532,-0.0016719989999999998
-145.493,0.00151465044
-145.454,5.990114999999999e-05
-145.415,0.0021156423
-145.376,-0.0028177709999999997
-145.337,0.0020716053
-145.299,0.0012989364
-145.26,0.0009458729999999999
-145.221,0.0003432827999998
-145.182,0.003671757
-145.143,-8.21955e-05
-145.104,-0.000525108
-145.065,-0.0022139958
-145.026,-0.0015691679999999
-144.987,-0.0013328515199999
-144.948,-0.00042476700000000005
-144.909,-0.00029463599999989996
-144.871,0.00044610899999989996
-144.832,-0.0006184125
-144.793,-0.0007410879000000001
-144.754,-0.0018598272
-144.715,0.0007544892000000001
-144.676,0.0031332752999999997
-144.637,-0.0006482850000000001
-144.598,-5.983409999999999e-05
-144.559,-0.0012014819999999998
-144.52,-0.0008580609
-144.481,-0.0010033199999999998
-144.442,0.000347733
-144.404,0.0018873721320000003
-144.365,-0.0028819169999999
-144.326,0.00117522
-144.287,0.0009754856999999999
-144.248,-5.4326099999999974e-05
-144.209,-0.0007191732
-144.17,-0.0006624390000000001
-144.131,-0.00041078339999999993
-144.092,-0.0026983376999999004
-144.053,-0.0012117561
-144.014,0.0037383449999999997
-143.976,-0.001843527
-143.937,-0.00019497899999999996
-143.898,0.000832284
-143.859,0.0026945928000000003
-143.82,0.0032753922
-143.781,0.001415031
-143.742,-0.0008228493
-143.703,-0.00109604664
-143.664,2.7902999999999912e-05
-143.625,-3.073529999999996e-05
-143.586,0.001170861
-143.547,-0.0014293619999998998
-143.509,0.0009722254200000001
-143.47,-0.0020600934
-143.431,-0.000560463
-143.392,-0.00010414800000000003
-143.353,5.217599999999975e-06
-143.314,0.0007809941999998999
-143.275,-5.998499999999992e-05
-143.236,-0.0008472
-143.197,-0.0004789739999999
-143.158,0.0006365904
-143.119,-0.00207276
-143.081,0.000934203
-143.042,0.0005057859
-143.003,-0.0027184773
-142.964,-0.00048749999999979994
-142.925,0.0014781048
-142.886,0.0006678119999997999
-142.847,0.0006244716
-142.808,-0.0022974450000000004
-142.769,0.0015672945
-142.73,-0.0018454530000000002
-142.691,-0.0016159220999999997
-142.653,-0.0002217066
-142.614,-0.0013270516199997999
-142.575,0.0016139565000000001
-142.536,-5.823540000000015e-05
-142.497,-0.0016857600000000001
-142.458,0.0017644857
-142.419,-0.0012913859999998999
-142.38,-0.0006825873
-142.341,-0.0023813130000000004
-142.302,0.0020116817999999
-142.263,-0.001020768
-142.224,-0.0020065710000000004
-142.186,-0.0005012129999999
-142.147,-0.0002445132
-142.108,0.0019359687
-142.069,-0.0010035672
-142.03,0.0006966986999998
-141.991,0.0007304510999999001
-141.952,-0.0014809533000000002
-141.913,0.002208369
-141.874,-0.00018146675999999997
-141.835,-0.000659334
-141.796,-0.0007781288999998999
-141.758,0.00037763099999999996
-141.719,-0.0013653239999999
-141.68,0.0012228258
-141.641,0.0006669780000000001
-141.602,0.0013383059999999998
-141.563,-0.0002701524
-141.524,0.0017206718999998
-141.485,0.0013231262999999997
-141.446,-0.0004412871
-141.407,0.0010400612999999
-141.368,-0.000588702
-141.329,0.0013500456
-141.291,0.00023502569999999997
-141.252,0.0013623375
-141.213,-0.0003456777
-141.174,-0.0017855412
-141.135,-0.0002922143999999
-141.096,-0.001373733
-141.057,0.0017295027
-141.018,0.0017032052999999998
-140.979,-0.0014683179
-140.94,0.0004139343
-140.901,-0.000910899
-140.863,0.0008674364999999001
-140.824,-0.002042406
-140.785,-0.0004976952
-140.746,0.00099003045
-140.707,-0.0004787879999999
-140.668,-0.0029907503999999
-140.629,0.0015954087
-140.59,0.001124358
-140.551,-0.0023726169
-140.512,-0.00034405679999979994
-140.473,0.0034495419
-140.434,0.0010208534999999002
-140.396,0.0014567010000000001
-140.357,-9.290999999999995e-05
-140.318,-0.000565794
-140.279,-0.000535689
-140.24,0.000609585
-140.201,-0.0006601650000000001
-140.162,0.0017382989999997999
-140.123,-0.00028599509999999997
-140.084,0.0013751939999999
-140.045,-0.0004706339999998
-140.006,0.00012467999999999984
-139.968,0.0021390513
-139.929,0.001648416
-139.89,0.002543274
-139.851,-0.001478073
-139.812,0.0029069429999998998
-139.773,-0.0006637268999999
-139.734,-0.003604827
-139.695,0.004267401
-139.656,-0.0017992493999999999
-139.617,-0.0007963227
-139.578,0.0016095029999999998
-139.54,0.002709216
-139.501,0.001049814
-139.462,-8.302500000000051e-06
-139.423,0.002528103
-139.384,-0.0010132638
-139.345,-0.003495288
-139.306,0.0001640069999998999
-139.267,-0.0042922809
-139.228,0.002932953
-139.189,-0.00020005890000000004
-139.15,0.002569089
-139.111,-0.000853641
-139.073,-0.0043535363999999
-139.034,-0.0006892290000000001
-138.995,-0.00111999
-138.956,-0.0013380912
-138.917,0.0029914152
-138.878,-0.0026590649999999
-138.839,0.001632852
-138.8,0.0015261066000000002
-138.761,-0.0012194135999998
-138.722,0.0018256991999999
-138.683,-0.0011087216999999
-138.645,-0.0010779569999999998
-138.606,-0.00015059999999989998
-138.567,0.00037765521
-138.528,0.0038543550000000003
-138.489,-0.0007946519999997999
-138.45,0.0008450337
-138.411,0.00019493778
-138.372,-0.00017513399999989995
-138.333,0.0004897589999999
-138.294,0.0008467539
-138.255,-0.0007996953
-138.216,-0.00031193700000000003
-138.178,-0.000246558
-138.139,-0.0019217759999998999
-138.1,0.0003015903
-138.061,-0.0023910111000000006
-138.022,0.0017888291999999999
-137.983,0.0015594053999997998
-137.944,0.003451131
-137.905,0.002673444
-137.866,-0.0026592989999999995
-137.827,0.00042142199999999996
-137.788,0.002265276
-137.75,0.0011066217000000001
-137.711,-0.003754065
-137.672,0.0008923016999999999
-137.633,-0.0006267585
-137.594,-0.0012024684
-137.555,-0.0010356353999999
-137.516,0.00013479300000000002
-137.477,-0.0016865253
-137.438,-0.00023485713000000001
-137.399,0.0027471329999999
-137.36,0.00149487
-137.322,0.0028058549999999
-137.283,0.0003676974
-137.244,0.0007435722000000001
-137.205,0.00014495850000000005
-137.166,0.002679234
-137.127,-0.0015296028000000002
-137.088,0.0010573829999998999
-137.049,4.835999999999992e-06
-137.01,0.0018151368
-136.971,0.00040076159999990005
-136.932,9.672420000000003e-05
-136.893,-0.0018714486000000002
-136.855,0.0009278950199999999
-136.816,-0.003908715
-136.777,0.000881295
-136.738,0.0013868417999999998
-136.699,-0.00037048200000000005
-136.66,-0.0027447888
-136.621,0.0010120883999999
-136.582,-0.0019944243
-136.543,0.00042138840000000005
-136.504,0.0015641949
-136.465,-0.002253975
-136.427,-0.0013514945999999997
-136.388,-0.0026475749999999
-136.349,0.000600447
-136.31,-0.0025593585
-136.271,-0.00025713
-136.232,-0.0015330546
-136.193,-0.00045342335999999997
-136.154,0.0023915309999999
-136.115,0.001602168
-136.076,0.0002109065999999
-136.037,-0.0004285325999999
-135.998,0.0029281065000000004
-135.96,0.000894981
-135.921,0.0008480954999998999
-135.882,-0.001778547
-135.843,-0.0004772316
-135.804,0.0010820607
-135.765,-0.00031307669999979996
-135.726,0.0005830205999999999
-135.687,0.0008553959999999001
-135.648,0.0010093104
-135.609,-8.144100000000013e-05
-135.57,0.001058808
-135.532,-0.0002989647
-135.493,-0.002110857
-135.454,-0.0003648761999999
-135.415,0.000173367
-135.376,0.0008368893
-135.337,-5.62224e-05
-135.298,-0.0023466570000000003
-135.259,0.0003026226
-135.22,0.0022439804999999
-135.181,-0.0003514344
-135.142,0.00161013
-135.104,0.0024372852
-135.065,0.0027020063999999002
-135.026,-0.0004252905
-134.987,-0.0026771160000000002
-134.948,0.0012280623
-134.909,-0.0033454409999999998
-134.87,-0.0014153193
-134.831,4.148147999999998e-05
-134.792,0.0008619560999999
-134.753,0.002500668
-134.714,0.0009043740000000001
-134.675,0.0010700820000000002
-134.637,-0.0005460749999998
-134.598,0.000925308
-134.559,-0.00079725
-134.52,0.0032686589999998995
-134.481,0.0022090379999999002
-134.442,-0.001680426
-134.403,-0.0022558889999997997
-134.364,-0.0011220389999998998
-134.325,-0.0004925570999999
-134.286,0.00037972320000000006
-134.247,-0.0019198251
-134.209,-0.0004344269999999
-134.17,-4.063199999999978e-06
-134.131,-0.00020689590000000003
-134.092,-0.00044006399999979996
-134.053,-0.0002687892000000001
-134.014,0.0031612317
-133.975,0.0023619929999999997
-133.936,0.0017388119999999997
-133.897,-0.0007610219999999
-133.858,-0.0034786829999999993
-133.819,-0.0013126751999999998
-133.78,-1.8350999999999987e-05
-133.742,-0.001339365711
-133.703,0.00011036490000000015
-133.664,0.00092991771
-133.625,-0.0018938226
-133.586,6.201000000000654e-07
-133.547,0.0013815351000000002
-133.508,0.0025251501
-133.469,0.0009446793
-133.43,0.0021661980000000003
-133.391,0.00012687660000000004
-133.352,0.001228425
-133.314,-0.0003781224000000001
-133.275,-0.001986243
-133.236,0.0029806088999999
-133.197,-0.0001777257
-133.158,-0.0015642569999999999
-133.119,0.00041611829999989997
-133.08,-0.00029747789999999997
-133.041,0.0023591862
-133.002,-0.0004901429999997999
-132.963,0.0008323058999999001
-132.924,-0.00306296139
-132.885,-0.00075412203
-132.847,0.0023155665
-132.808,-0.0007692922500000001
-132.769,0.00024023699999989995
-132.73,-0.0013390829999999
-132.691,-0.002986959
-132.652,0.0019071749999999997
-132.613,-0.0009720099000000001
-132.574,0.0037622657999999997
-132.535,0.0003227955
-132.496,0.0006463440000000001
-132.457,-0.0006062106
-132.419,-0.0010101023999998
-132.38,0.0006702246
-132.341,0.0012048968999999
-132.302,-0.0016046160000000001
-132.263,3.919830000000002e-05
-132.224,0.0019137929999999
-132.185,0.0015591087
-132.146,-0.0004827689999999
-132.107,-0.00043929629999989997
-132.068,0.001005978
-132.029,-0.002234346
-131.991,-0.0008852739
-131.952,-0.0023761323
-131.913,0.00137505828
-131.874,-0.0004897151999998999
-131.835,-0.0006160698
-131.796,0.000217236
-131.757,-0.0006861318
-131.718,0.002365818
-131.679,0.0004777041
-131.64,0.0021025163999998002
-131.601,-2.148060000000079e-06
-131.562,-0.000685851
-131.524,-0.002998164
-131.485,-0.0014332079999998999
-131.446,-0.0010667222999999999
-131.407,0.0033865704000000003
-131.368,-0.000479175
-131.329,0.000711843
-131.29,-0.0008691117000000001
-131.251,0.0008931422999998999
-131.212,-0.0025252650000000005
-131.173,-0.0016905147000000002
-131.134,0.000266679
-131.096,0.0021198624000000003
-131.057,-0.0004593629999999
-131.018,-0.0001220277000000001
-130.979,0.0009940796999999002
-130.94,-9.769799999999996e-05
-130.901,-0.0023869049999999
-130.862,0.0011086835999999998
-130.823,0.000252783
-130.784,-0.0011737943999998
-130.745,-0.0009706589999999
-130.706,-0.0008788289999999001
-130.667,-0.0016884393
-130.629,0.0002675826599999
-130.59,0.0014952602999999999
-130.551,-7.09326000000001e-05
-130.512,-0.0005045709
-130.473,0.00037182899999979997
-130.434,-0.0013753860000000001
-130.395,0.0012906593999999
-130.356,0.0014694209999999998
-130.317,-0.000908694
-130.278,-0.0007756673999998999
-130.239,4.360410000000002e-05
-130.201,0.00084117
-130.162,-0.0020669142
-130.123,0.0017426981999998999
-130.084,-0.001279731
-130.045,0.0011099069999999998
-130.006,-0.0002185044
-129.967,0.0025290560999999996
-129.928,0.0005771009999999
-129.889,0.001406994
-129.85,-0.000307455
-129.811,-0.00046561799999979996
-129.773,0.0017818962000000001
-129.734,0.0028714587
-129.695,-0.0056756129999999
-129.656,-0.0006369512999999
-129.617,-0.0022048734599998
-129.578,0.001442301
-129.539,0.002965863
-129.5,0.0005690094
-129.461,-0.001335975
-129.422,-0.00010231530000000006
-129.383,-0.0015530219999999998
-129.344,-0.0002414222999999
-129.306,0.00014603849999999998
-129.267,-0.00041810579999999994
-129.228,0.0011022891
-129.189,0.0012686519999999999
-129.15,-0.0013253375999999
-129.111,0.00146361
-129.072,-0.003724065
-129.033,-0.000312654
-128.994,0.0001757339999999
-128.955,-0.0023340426
-128.916,0.0014224169999999
-128.878,-0.00262197
-128.839,-0.003879564
-128.8,0.0011905922999998
-128.761,0.001971894
-128.722,0.0023133654
-128.683,0.0027956070000000003
-128.644,0.002974809
-128.605,-0.0016731263999999002
-128.566,-0.0028531043999999997
-128.527,0.0001222731
-128.488,0.001285613325
-128.449,0.0009765533999999999
-128.411,-0.0035947559999999997
-128.372,-0.0013294734
-128.333,0.0015363269999999999
-128.294,-0.00034304009999999995
-128.255,-0.0013558259999999999
-128.216,0.0010759686
-128.177,-0.0007918169999998999
-128.138,-0.0036356099999999
-128.099,0.0012648285
-128.06,-0.00014834160000000006
-128.021,0.001396614
-127.983,0.0018202647
-127.944,0.0004830543
-127.905,-0.001942263
-127.866,0.0013182060000000002
-127.827,0.0006402395999998999
-127.788,0.0027546809999999997
-127.749,-0.0022128299999999005
-127.71,-0.0005282108999998999
-127.671,0.001637247
-127.632,-5.518500000000001e-05
-127.593,0.00039009539999999994
-127.555,5.35698e-05
-127.516,0.0014570780999999
-127.477,0.0025598733
-127.438,0.0015648269999997998
-127.399,0.0017877029999997997
-127.36,-8.387609999999996e-05
-127.321,0.0003185999999999
-127.282,0.0006648993299999999
-127.243,0.00013954808999999997
-127.204,-0.0006522111
-127.165,0.0009558542999999999
-127.126,0.000873015
-127.088,-0.0002772749999999
-127.049,-0.0009190949999999
-127.01,-0.001159113
-126.971,0.0014754725999999
-126.932,0.006220029
-126.893,-0.000351981
-126.854,0.0013696811999999998
-126.815,-0.003256389
-126.776,-0.0006367199999998999
-126.737,0.003236772
-126.698,0.0022957529999999998
-126.66,0.0010988397
-126.621,0.0012739520999999
-126.582,-0.0006351239999998999
-126.543,0.001347603
-126.504,-0.0014618069999999
-126.465,0.0005880920999999
-126.426,-0.0018487679999997998
-126.387,0.00400029
-126.348,-0.0015451374
-126.309,0.0023476829999999997
-126.27,0.0003576008999999
-126.231,0.00018867599999999998
-126.193,-0.000457866
-126.154,1.958100000000045e-06
-126.115,0.0006943643999999
-126.076,-0.0015759632999999998
-126.037,-0.00097671108
-125.998,0.0027789093
-125.959,5.3361000000000006e-05
-125.92,0.0018330869999999
-125.881,0.001169859
-125.842,0.0007162191
-125.803,-0.00099540315
-125.765,0.001773471
-125.726,-0.00260093988
-125.687,0.0009192092999999999
-125.648,-0.0037978229999998995
-125.609,-0.0018785939999999002
-125.57,-0.0020362485
-125.531,0.000751548
-125.492,0.00143251458
-125.453,0.002810535
-125.414,0.0015339174
-125.375,0.00225689343
-125.336,-0.0027342708
-125.298,-0.000543537
-125.259,-0.001192866
-125.22,-0.0004119374999999
-125.181,0.0011420048999999
-125.142,0.0002697302999999
-125.103,-0.0009885089999999998
-125.064,-0.0012946913999999
-125.025,-0.0032072430000000002
-124.986,-0.0030265716
-124.947,0.0012690719999999002
-124.908,-0.00023728200000000004
-124.87,-0.0019430106
-124.831,0.0029265780000000004
-124.792,0.001626909
-124.753,-0.001238016
-124.714,0.0009702597
-124.675,-0.004399023
-124.636,-0.0017259149999998
-124.597,0.0015168996000000001
-124.558,0.00021036659999999996
-124.519,-0.0007981893
-124.48,0.0019334598
-124.441,0.001829061
-124.403,0.0013717202999998998
-124.364,0.0020243840999999998
-124.325,0.0020419769999999
-124.286,0.0012620001
-124.247,-0.0011860334999999
-124.208,0.0018408487799999001
-124.169,0.0020909493
-124.13,-6.550620000000005e-05
-124.091,0.0002365847999999
-124.052,0.0007833450000000001
-124.013,-0.0016286658000000001
-123.975,-0.0007464474
-123.936,0.001493454
-123.897,0.00013904580000000008
-123.858,0.001510887
-123.819,0.001231797
-123.78,0.001214676
-123.741,0.0027206342099999003
-123.702,-8.377800000000001e-05
-123.663,-0.0005706849
-123.624,0.000779103
-123.585,-0.001745004
-123.547,-0.001357002
-123.508,-0.0026811041999999998
-123.469,-0.0022209366
-123.43,0.000309411
-123.391,-0.0011142930000000001
-123.352,0.0021446699999999002
-123.313,0.0020475483000000003
-123.274,-0.00033440189999979996
-123.235,-0.001087944
-123.196,-0.0016491674999999997
-123.157,-0.0018905651999999
-123.118,-0.000632289
-123.08,-0.0003416969999999
-123.041,-0.0028135469999999
-123.002,0.00049640742
-122.963,0.0018626822999999
-122.924,0.0011640398999999
-122.885,0.0015466913999999997
-122.846,0.0018548220000000001
-122.807,0.0002596953
-122.768,-0.0012503241
-122.729,-0.0015773046
-122.69,0.0021896909999999997
-122.652,-0.0005801744999998
-122.613,-0.0005955200999997999
-122.574,0.0013259625
-122.535,-2.194176000000004e-05
-122.496,-0.00030703949999999995
-122.457,-0.0009972419999998
-122.418,-0.0004691234999999001
-122.379,-0.0008832777
-122.34,0.003580995
-122.301,0.0017978206199999998
-122.262,0.002113827
-122.223,0.0006501719999997999
-122.185,-0.0002342793
-122.146,-0.00034139070000000003
-122.107,0.004201797
-122.068,-0.001683939
-122.029,-0.0011588699999998998
-121.99,0.0028024944
-121.951,0.00035144309999989997
-121.912,0.00019984889999989994
-121.873,0.0013384091999999999
-121.834,0.0027936372000000004
-121.795,-0.0008429738999998999
-121.757,0.0014470589999999
-121.718,-0.0002877519
-121.679,0.0009266211000000001
-121.64,-0.000761562
-121.601,0.001063335
-121.562,-0.0002436758099999
-121.523,-0.0036279779999999996
-121.484,0.0006239154
-121.445,-0.0008982426
-121.406,0.0026748377999999996
-121.367,5.045999999999989e-05
-121.329,-0.0012632313
-121.29,0.0006797556
-121.251,0.000933807
-121.212,-0.0011063610000000001
-121.173,0.0020153810999999997
-121.134,0.0010727339999999001
-121.095,0.0013110438
-121.056,7.739400000000016e-06
-121.017,1.620000000001926e-07
-120.978,0.0006643299
-120.939,-0.00041588430000000004
-120.9,0.001010496
-120.862,-0.00013595940000000003
-120.823,-0.0049851240000000005
-120.784,0.000722376
-120.745,-0.0013124322
-120.706,0.0028543559999999997
-120.667,-0.00037807259999989994
-120.628,-0.0021847304999998997
-120.589,-0.001332663
-120.55,-0.000380415
-120.511,0.0009898524
-120.472,0.0012967229999998999
-120.434,0.00012495300000000005
-120.395,-0.0008476979999998
-120.356,-0.0014278019999999
-120.317,0.0007941284999998998
-120.278,0.002025768
-120.239,0.0026387340000000002
-120.2,-0.0021874799999999995
-120.161,-0.0006050969999998
-120.122,-0.0025300212
-120.083,0.0009032549999999999
-120.044,0.0012438087
-120.005,-0.0031996725000000004
-119.967,-0.0015159573
-119.928,-0.0016036619999999998
-119.889,0.0017328788999999999
-119.85,-0.0005342589
-119.811,-0.0010822947
-119.772,-0.0007713869999999999
-119.733,-0.0013358564999999
-119.694,0.0005536091999998999
-119.655,-0.0011273460000000002
-119.616,3.2153400000000105e-05
-119.577,0.0005372789999998
-119.539,0.0010295009099999999
-119.5,0.0028695368999999997
-119.461,0.001471509
-119.422,-0.00016996308
-119.383,9.118379999999992e-05
-119.344,-0.0008154684
-119.305,0.0009104189999999
-119.266,0.000752871
-119.227,0.001150674
-119.188,0.0023347986
-119.149,-0.0003512228999999
-119.111,0.00118596
-119.072,0.00013455600000000003
-119.033,0.0013249616999998
-118.994,0.00013695599999999993
-118.955,-0.0006311699999998999
-118.916,0.001890081
-118.877,0.001976379
-118.838,-0.0006287337
-118.799,-0.0012265146
-118.76,-0.0004670999999999
-118.721,0.0017182173000000003
-118.682,0.0014637105000000002
-118.644,-0.0034005599999998998
-118.605,0.0022496976
-118.566,0.00151341
-118.527,0.0002012249999999
-118.488,-0.0006455443199998999
-118.449,0.00047543106000000004
-118.41,0.0012897239999997998
-118.371,0.000737397
-118.332,0.0014440289999999
-118.293,-0.00042941189999980004
-118.254,0.0002300249999999
-118.216,-0.0007796369999998999
-118.177,0.0001987422
-118.138,0.0028558602
-118.099,-0.003606891
-118.06,0.00020726249999989993
-118.021,-0.0013064159999998
-117.982,0.0010166976
-117.943,-0.0018946409999999999
-117.904,0.0002641049999999
-117.865,0.0021782009999999
-117.826,-3.324900000000017e-05
-117.787,0.0008905451999999998
-117.749,0.002451123
-117.71,-0.0027029144999999
-117.671,0.0029373990000000003
-117.632,0.0004178099999999
-117.593,0.0015636819
-117.554,-0.0030918654
-117.515,0.0007664039999999
-117.476,-0.0018932595
-117.437,-0.00017610438000000003
-117.398,0.0010674015
-117.359,0.0006212216999999
-117.321,0.0012457889999999
-117.282,-0.00031557840000000003
-117.243,-0.0005147544
-117.204,-0.00044439930000000005
-117.165,0.00038555400000000003
-117.126,-0.00211098
-117.087,-0.0004317539999998
-117.048,-0.0027844890000000002
-117.009,-0.0014710281000000001
-116.97,0.00033453300000000003
-116.931,0.0017844690000000003
-116.893,-0.0026219549999999996
-116.854,0.0030841634999999997
-116.815,-0.0002512053
-116.776,-0.0006353397
-116.737,0.0026441906999999996
-116.698,-0.00249894
-116.659,0.0019321662
-116.62,-0.0009239877
-116.581,-6.0131519999999986e-05
-116.542,-0.0010677749999999
-116.503,0.0016850429999999998
-116.464,-0.000318582
-116.426,-3.029399999999983e-05
-116.387,0.0026444879999999995
-116.348,0.00014635500000000003
-116.309,-0.00021678809999989995
-116.27,0.0026147160000000004
-116.231,0.0015175460999999999
-116.192,0.0012475191000000001
-116.153,-0.001970229
-116.114,-0.0007459285499997999
-116.075,0.0022869747
-116.036,-0.00223231086
-115.998,-0.0015291197999999998
-115.959,-0.00016647599999999998
-115.92,0.0016910760000000001
-115.881,0.003948138
-115.842,-0.0014451600000000002
-115.803,-0.0030012255
-115.764,-0.0011365379999999999
-115.725,0.0020760269999998996
-115.686,0.0028800779999998997
-115.647,0.0009214290000000001
-115.608,-0.000770193
-115.569,0.0038967306
-115.531,0.0019354772999999998
-115.492,-0.0017435762999998999
-115.453,-0.0005114070000000001
-115.414,0.0015276936
-115.375,-0.0034833005999998995
-115.336,0.0013592367
-115.297,-0.0014103329999999
-115.258,-0.00203067
-115.219,-0.001468866
-115.18,0.0008492976
-115.141,-0.0036262770000000002
-115.103,0.0005507604
-115.064,0.00011888999999999991
-115.025,-7.302510000000003e-05
-114.986,0.0013215225
-114.947,0.00055614
-114.908,0.0010017141000000002
-114.869,-0.0012955799999999
-114.83,0.0020256239999999997
-114.791,0.0015916175999999998
-114.752,0.0017229149999999998
-114.713,-0.004354895999999899
-114.674,0.0007471649999999998
-114.636,0.0008736800999999999
-114.597,-0.0031029329999999996
-114.558,0.0032860101000000003
-114.519,-5.3524799999999945e-05
-114.48,0.0009873570000000001
-114.441,0.0007200389999999
-114.402,-0.00011382000000000009
-114.363,0.001904448
-114.324,-0.002184093
-114.285,0.0002795811
-114.246,0.0007768859999997999
-114.208,0.0009504347999997999
-114.169,0.0005294904
-114.13,-0.00046529099999979997
-114.091,0.000910602
-114.052,0.0012611699999998999
-114.013,0.002356731
-113.974,-0.001726443
-113.935,0.0015529739999998998
-113.896,-0.0012769649999998997
-113.857,0.00293307
-113.818,0.0012799161000000001
-113.78,0.0010378178999999
-113.741,-0.0006457469999999
-113.702,0.001176936
-113.663,-0.00019440899999989997
-113.624,-0.0012387040199999
-113.585,0.0036633779999999997
-113.546,0.0024896579999999996
-113.507,0.0015005888700000002
-113.468,-5.8818000000000005e-05
-113.429,-0.00016214699999999996
-113.39,-0.0012827039999999
-113.351,-3.3670799999999996e-05
-113.313,0.0021498615
-113.274,-0.0018135054
-113.235,-5.287289999999996e-05
-113.196,-0.0014758949999998999
-113.157,-0.0009592277999999
-113.118,7.852110000000002e-05
-113.079,-4.6681500000000004e-05
-113.04,-0.001499424
-113.001,-0.004347813
-112.962,0.0010313469
-112.923,-0.0004888769999999
-112.885,0.0014538179999998
-112.846,0.0019856829
-112.807,0.0020300565
-112.768,-0.00036359300999990005
-112.729,0.0015871551
-112.69,-0.0008574090000000001
-112.651,0.0014911679999999
-112.612,-0.0005001419999997999
-112.573,0.0005142839999998
-112.534,0.001168839
-112.495,0.002587374
-112.456,-0.00025162992
-112.418,0.0015948174
-112.379,-0.0014707713000000002
-112.34,-0.0008591232000000001
-112.301,-0.0009869330999999
-112.262,-0.002217918
-112.223,0.0005328230999998999
-112.184,-0.0026543585999999997
-112.145,0.0006368699999999999
-112.106,-0.0033228581999999998
-112.067,0.001252137
-112.028,0.0036605786999998995
-111.99,0.0005330132999999999
-111.951,-0.0011243415
-111.912,0.0007586073000000001
-111.873,0.00204441585
-111.834,-0.0017104229999997998
-111.795,0.00045815099999999996
-111.756,-0.0016766934
-111.717,-0.0007059738000000002
-111.678,-0.0024647669999999997
-111.639,-5.22704699999999e-05
-111.6,-0.001192884
-111.562,0.0024225659999999997
-111.523,0.0018446574599999999
-111.484,0.0034310639999999997
-111.445,0.0005345660999999
-111.406,0.0047357369999999
-111.367,-0.0036719580000000003
-111.328,-0.0032788925999999996
-111.289,0.001621422
-111.25,-0.0002738232
-111.211,-0.0025835091
-111.172,0.002035899
-111.133,0.0001309695000000002
-111.095,0.0012428819999998001
-111.056,0.00145105566
-111.017,-0.00014910000000000005
-110.978,-0.0016230050999999999
-110.939,0.0025877811
-110.9,0.0011049029999998998
-110.861,-0.0024453409799999
-110.822,-0.001665096
-110.783,-0.0003096569999998001
-110.744,0.00012843252000000003
-110.705,-0.0001279655999999999
-110.667,0.0011509692
-110.628,0.0022186656
-110.589,0.0009843423000000001
-110.55,0.001274688
-110.511,-0.00014897759999999994
-110.472,-0.0030467838000000002
-110.433,-2.3508000000000318e-06
-110.394,0.0041679189
-110.355,-0.0016658220000000002
-110.316,0.0013770674999998998
-110.277,0.0015679335000000003
-110.238,0.000973245
-110.2,-0.001982889
-110.161,-7.038450000000003e-05
-110.122,0.0007343220000000001
-110.083,-0.0033300269999999997
-110.044,0.00130206
-110.005,0.0012202229999999999
-109.966,0.0025455929999999996
-109.927,0.0016007897999999999
-109.888,-0.000237801
-109.849,-0.0004890269999999
-109.81,-0.0022358238
-109.772,-0.0006609989999999
-109.733,0.000979617
-109.694,-0.0010325778
-109.655,-0.0022257309000000003
-109.616,-0.00020610120000000005
-109.577,-0.00047245109999999996
-109.538,0.0006697050000000001
-109.499,0.0028349459999998
-109.46,-0.0011521991999999999
-109.421,0.0014931837
-109.382,0.0033296489999999
-109.343,-0.002381145
-109.305,-0.0001230960000000001
-109.266,0.0006479912999999
-109.227,0.00199969968
-109.188,0.00179199
-109.149,-0.0013499226000000001
-109.11,0.0032185950000000003
-109.071,-0.0013383629999998
-109.032,-0.0012847274999999
-108.993,0.0002687531999999
-108.954,0.0047846579999999
-108.915,-0.0015471419999999003
-108.877,0.001421769
-108.838,-0.0013636889999998
-108.799,0.0010592669999998
-108.76,3.873900000000004e-05
-108.721,0.001233681
-108.682,-0.0019643250000000003
-108.643,0.000606237
-108.604,0.0015303078000000001
-108.565,0.0017285652000000001
-108.526,-0.0006260570999999
-108.487,-0.0002629452
-108.449,-0.000854922
-108.41,0.001312752
-108.371,-0.003849438
-108.332,-0.0002932079999999
-108.293,-0.0012728783999999
-108.254,8.933276999999999e-05
-108.215,-0.0011649846
-108.176,0.00023399400000000006
-108.137,0.0007946909999999999
-108.098,0.0042024929999999
-108.059,-0.0005254823999998999
-108.02,-0.0013067909999999001
-107.982,0.00046894800000000006
-107.943,0.001647957
-107.904,0.0002899629
-107.865,-0.0013303308
-107.826,0.002348421
-107.787,-0.0008420369999999
-107.748,-0.0015046439999999001
-107.709,-0.0006378479999998999
-107.67,-0.000630351
-107.631,-3.315359999999999e-05
-107.592,0.001773126
-107.554,-0.0055432319999999995
-107.515,0.001642488
-107.476,4.719570000000009e-05
-107.437,0.0027491628
-107.398,0.0008286279000000001
-107.359,0.0015359322
-107.32,0.005081034
-107.281,-0.0002236355999999
-107.242,0.000982857
-107.203,0.00044919000000000003
-107.164,-0.0002129934
-107.125,-0.0023604209999999
-107.087,-0.0010800209999999
-107.048,-0.00044839589999999996
-107.009,0.0020070747
-106.97,-0.0021817179
-106.931,-0.0026609159999999997
-106.892,-0.0023293131000000004
-106.853,0.0031863810000000003
-106.814,-0.003223419
-106.775,0.0033652815
-106.736,-0.003658059
-106.697,0.0021867297
-106.659,0.0005504922
-106.62,-0.0019197329999999999
-106.581,-0.0018074691000000002
-106.542,0.00043307579999999994
-106.503,-0.000574623
-106.464,0.0005267234999999999
-106.425,-0.0005869842
-106.386,-0.0025856339999999
-106.347,-0.0013995
-106.308,-0.0017602559999998998
-106.269,-0.00037888469999989996
-106.23,0.0020437128000000003
-106.192,-0.0038801129999999997
-106.153,0.0003020099999998
-106.114,-0.0006543014999998999
-106.075,-0.0005266829999998
-106.036,-0.0015366509999997998
-105.997,0.0025774747709999
-105.958,-0.0010516499999999001
-105.919,-0.0010400924999999
-105.88,-0.0006108719999999999
-105.841,0.0019495859999998997
-105.802,-0.002609436
-105.764,0.0007830558
-105.725,0.0026456589
-105.686,0.003999758999999999
-105.647,0.0020440046999999004
-105.608,0.0024797405400000003
-105.569,-0.0020460030000000002
-105.53,-0.001091922
-105.491,-0.0014263319999999
-105.452,-0.0021156449999999
-105.413,0.00012668399999999995
-105.374,0.0006381122999997999
-105.336,0.0020187213
-105.297,-0.0032245019999999998
-105.258,-0.0009865854599999998
-105.219,0.0044444069999999
-105.18,-0.00288249
-105.141,0.0009041099999998999
-105.102,-0.0009601103999999999
-105.063,0.0009025470000000001
-105.024,-0.0014778782999998999
-104.985,-0.0008917134000000001
-104.946,-0.00273822
-104.907,0.0020360519999999003
-104.869,-0.0017029235999999998
-104.83,0.004440129
-104.791,0.0030963108
-104.752,0.0008817450000000001
-104.713,-0.0022478639999999996
-104.674,-0.00021102299999990003
-104.635,-0.004127772
-104.596,0.002614878
-104.557,-0.004881057
-104.518,-0.0004898759999999
-104.479,0.0030745169999999997
-104.441,-0.0003806855999999
-104.402,-0.0002041038
-104.363,0.001307883
-104.324,-0.0012744176999999997
-104.285,0.0022520819999999
-104.246,0.0028781562
-104.207,-0.001983552
-104.168,-0.0007292808
-104.129,0.0001678799999999
-104.09,0.0013146573
-104.051,0.0006569211
-104.012,0.003306018
-103.974,-0.0004882827000000001
-103.935,0.0009086484
-103.896,0.0002037929999999
-103.857,0.004009857
-103.818,0.0007576979999998999
-103.779,-0.0017725316999999
-103.74,0.0023815191
-103.701,0.000957681
-103.662,0.001288959
-103.623,0.0005825283000000001
-103.584,-0.0007249479
-103.546,-0.0012367712999999
-103.507,0.0028808999999999996
-103.468,0.003460356
-103.429,0.0013405769999999
-103.39,0.000242102217
-103.351,-0.000733368
-103.312,-0.0010349769
-103.273,0.0015865044
-103.234,-0.0025477055999999
-103.195,0.002267967
-103.156,0.0027882299999999
-103.118,-0.002523498
-103.079,-0.0035303004
-103.04,-0.00020855415
-103.001,0.0007266288
-102.962,0.0005531973299999999
-102.923,0.0011882879999998998
-102.884,-0.0018270131999999
-102.845,-5.9114999999999965e-05
-102.806,-0.0005913894
-102.767,-0.003587424
-102.728,0.00042756509999989994
-102.689,-0.002187207
-102.651,0.0021009209999998998
-102.612,0.0010112580000000001
-102.573,-0.003403818
-102.534,-0.00023587800000000024
-102.495,0.00010441620000000009
-102.456,0.0017317491000000001
-102.417,-0.00188097
-102.378,0.0005264789999998
-102.339,0.0015910289999999999
-102.3,0.0018281879999999
-102.261,0.00012261899999999992
-102.223,0.0012003185999999
-102.184,-0.00271068414
-102.145,0.0002917709999998999
-102.106,0.0034761449999999
-102.067,0.00020555102999999999
-102.028,0.0014451809999999998
-101.989,0.000634879248
-101.95,0.0026711685
-101.911,0.0011004402000000001
-101.872,-0.00016711500000000004
-101.833,0.0001393284
-101.794,-0.0006346262999999
-101.756,0.0002447666999999
-101.717,-0.0023398589999999
-101.678,-0.00022746900000000003
-101.639,0.0022779509999999
-101.6,-0.002648109
-101.561,0.0019899258000000003
-101.522,-0.0013253916
-101.483,-0.000804813
-101.444,0.0014690933999998998
-101.405,0.00015179898
-101.366,-0.0046215959999999
-101.328,-0.0019837469999999
-101.289,0.0026295896999999
-101.25,0.0013942112999999002
-101.211,0.0022785966
-101.172,-0.00135126
-101.133,0.0029996969999998998
-101.094,-0.00042952199999980007
-101.055,0.0021418920000000003
-101.016,0.0011792789999999
-100.977,-0.0016945386
-100.938,-0.0022311888
-100.9,0.0016191800999999
-100.861,-0.0018163919999999
-100.822,0.00101097
-100.783,0.0002741729999999
-100.744,-0.002190849
-100.705,-0.0015567875999999998
-100.666,0.0010700445
-100.627,0.003390621
-100.588,0.0010112039999998
-100.549,-0.001488702
-100.51,-0.0006646622999999
-100.471,-0.0002001579
-100.433,0.0001255020000000001
-100.394,0.002849973
-100.355,-0.001088589
-100.316,-0.001151217
-100.277,-0.0003224025
-100.238,-0.0025290089999999003
-100.199,0.00180573
-100.16,0.0007170419999998
-100.121,0.0017075130000000001
-100.082,-0.002054391
-100.043,-0.00017165999999990006
-100.005,0.0028685654999998002
-99.9656,-0.001495362
-99.9267,0.00042768239999979997
-99.8878,-9.165000000000052e-06
-99.8489,0.0016169879999999002
-99.81,-0.002113965
-99.771,0.002120436
-99.7321,0.0014278469999999999
-99.6932,0.0031597829999998996
-99.6543,-0.0031878555
-99.6154,0.000304908
-99.5765,0.0012857609999998
-99.5376,-0.000369939
-99.4987,0.0029914329
-99.4597,0.0015424193999999
-99.4208,3.4727100000000015e-05
-99.3819,-0.0001874969999999
-99.343,0.0017376144
-99.3041,-0.00036884099999999996
-99.2652,-0.0005400437999998999
-99.2263,0.000691389
-99.1874,0.0018096959999999997
-99.1485,-0.0027268080000000003
-99.1095,0.0007245329999999
-99.0706,-0.002768961
-99.0317,-0.0015899544000000001
-98.9928,0.000423597
-98.9539,0.00010675529999999996
-98.915,-0.0010755696
-98.8761,-0.001096686
-98.8371,0.0005661981
-98.7982,0.001966875
-98.7593,-0.000764481
-98.7204,-0.000554487
-98.6815,0.0037260066
-98.6426,0.0010824893999998998
-98.6037,0.0017675648999997998
-98.5648,-0.0010126625999998997
-98.5258,0.0018902309999998998
-98.4869,-6.082109999999996e-05
-98.448,-0.0003839441999999
-98.4091,-0.0008031749999998
-98.3702,-3.069000000000005e-05
-98.3313,-0.0006856148999999
-98.2924,-3.9204300000000034e-05
-98.2535,-0.0014541038999999999
-98.2146,-0.0007789686
-98.1756,0.003058314
-98.1367,0.002385636
-98.0978,0.0017043132000000001
-98.0589,0.0033770337
-98.02,-0.0007987289999999
-97.9811,0.0020605259999999003
-97.9422,0.0007075889999999
-97.9032,0.0008039610000000001
-97.8643,0.0011136809999998999
-97.8254,-0.0007279709999999
-97.7865,0.00038444129999990004
-97.7476,-0.0021618531599999
-97.7087,-0.00027263219999989997
-97.6698,-0.0007367820000000001
-97.6309,0.00086644659
-97.5919,0.0020126553000000004
-97.553,-0.0009127466999997999
-97.5141,0.00044861400000000007
-97.4752,-0.004887633
-97.4363,0.0019243355999999999
-97.3974,0.0021829410000000003
-97.3585,-0.00010423139999999996
-97.3196,-0.0019098869999999999
-97.2807,-0.0022916940000000004
-97.2417,0.0032482218
-97.2028,0.000235137
-97.1639,0.001437315
-97.125,-0.0016913378999997995
-97.0861,-0.0016230918
-97.0472,-0.0032580606
-97.0083,0.0005739132000000001
-96.9693,0.0010514679
-96.9304,-0.0028889099999999997
-96.8915,0.00203322
-96.8526,-0.0005246249999998
-96.8137,0.002473551
-96.7748,-0.0022510970999999
-96.7359,-0.0039372329999999
-96.697,-0.0005118753000000001
-96.6581,-0.0004372919999998999
-96.6191,-0.000578433
-96.5802,0.0024251429999999
-96.5413,0.0023009222999999
-96.5024,0.00034942499999979996
-96.4635,-0.0018019352999998999
-96.4246,-0.0009770277000000001
-96.3857,0.0012887399999999
-96.3468,0.0017455179000000001
-96.3078,0.0034912769999999
-96.2689,-0.0003470205000000001
-96.23,-0.0012496037999999
-96.1911,0.0010301061
-96.1522,-0.0002192297999999
-96.1133,-0.0006996179999998
-96.0744,-0.002138769
-96.0355,0.00011485620000000005
-95.9965,0.0008839478999998999
-95.9576,0.0005686667999999
-95.9187,-0.0030107700000000003
-95.8798,0.000135550845
-95.8409,0.00014640629999999993
-95.802,0.0034277379
-95.7631,0.0027616025999998997
-95.7242,0.0013513500000000003
-95.6852,-0.0028418265
-95.6463,0.0016213971
-95.6074,-0.0038149259999998996
-95.5685,-0.0034350948
-95.5296,0.0017700539999999999
-95.4907,-0.003138633
-95.4518,0.0008029256999999999
-95.4129,0.0023141100000000003
-95.3739,-0.0013414440000000002
-95.335,0.0031549890000000004
-95.2961,-0.0027229788000000003
-95.2572,-0.0036066509999999998
-95.2183,0.00044873429999999994
-95.1794,0.001844373
-95.1405,0.0016349288999999998
-95.1016,-0.0009008330399999999
-95.0626,-0.0013748849999999
-95.0237,0.0043551339000000005
-94.9848,-0.0035629902
-94.9459,0.001355148
-94.907,0.001452642
-94.8681,-0.004577943
-94.8292,-0.0021117239999999
-94.7903,0.003239874
-94.7513,-0.0014547231
-94.7124,-0.0020329752
-94.6735,0.0028745579999999997
-94.6346,-0.0006451919999999999
-94.5957,-0.0018666909000000001
-94.5568,-0.004674099
-94.5179,0.0022510871999999998
-94.479,0.0017603703
-94.44,-5.711100000000004e-05
-94.4011,-0.00046052999999980003
-94.3622,-0.00047400900000000006
-94.3233,-0.0004298729999999
-94.2844,0.0028482684
-94.2455,-0.0005874917999999999
-94.2066,0.0025207209000000005
-94.1677,-0.0012018525
-94.1288,0.00177026013
-94.0898,0.00018290399999989996
-94.0509,0.000383037
-94.012,0.0002740079999999
-93.9731,0.001169931
-93.9342,-0.0002522010000000001
-93.8953,-0.00034109249999979995
-93.8564,0.0029826467999999003
-93.8174,0.001260603
-93.7785,-0.00043717199999990003
-93.7396,-0.000789018
-93.7007,0.0037933813439999997
-93.6618,-0.0016263959999999998
-93.6229,0.0006349779
-93.584,0.0037117349999998997
-93.5451,-0.000637128
-93.5061,0.0025599693
-93.4672,0.0025807737
-93.4283,-0.0031740774
-93.3894,-0.00040403699999979996
-93.3505,-0.000331893
-93.3116,0.0013585451999999
-93.2727,-0.002114322
-93.2338,-0.00060732393
-93.1949,0.00011942700000000005
-93.1559,0.002578017
-93.117,0.00024618948
-93.0781,0.0024961349999999996
-93.0392,0.002970414
-93.0003,0.00038256059999979995
-92.9614,0.0017887860000000001
-92.9225,0.0014819811
-92.8835,-0.00013391100000000012
-92.8446,0.00014767559999999999
-92.8057,-0.0013861260000000003
-92.7668,-0.005014018800000001
-92.7279,-0.0038602368
-92.689,0.0011897747999999998
-92.6501,-0.00035478599999990004
-92.6112,0.0016291635
-92.5723,-0.0012562979999999999
-92.5333,-0.00017624099999999997
-92.4944,0.002696538
-92.4555,-0.0033896430000000003
-92.4166,-0.00038032530000000004
-92.3777,0.00021688049999999998
-92.3388,-0.0008124917999999999
-92.2999,0.00036790499999979993
-92.261,0.00017623200000000002
-92.222,-0.000902295
-92.1831,-0.0004718055
-92.1442,0.002654004
-92.1053,0.0029811057
-92.0664,0.0006639854999998997
-92.0275,0.003067239
-91.9886,0.0032265105299999998
-91.9496,-0.0012636029999999999
-91.9107,0.00015279690000000003
-91.8718,0.000472074
-91.8329,-0.0012652395
-91.794,-0.0026858879999999
-91.7551,-0.0016324101
-91.7162,0.0019523373
-91.6773,-0.0014396009999998998
-91.6384,-0.0028967798999998
-91.5994,-0.001127772
-91.5605,0.0016316664
-91.5216,-0.0033343623
-91.4827,0.0018608390999998998
-91.4438,-0.0003575699999998
-91.4049,0.004074951
-91.366,-0.0018162306
-91.3271,0.0018254300999999999
-91.2881,0.0015352019999999998
-91.2492,0.0014538932999998
-91.2103,-8.997000000000009e-06
-91.1714,0.00013068
-91.1325,-0.00026795399999989997
-91.0936,-0.0008003129999998999
-91.0547,0.00032915160000000006
-91.0158,0.00033381569999989995
-90.9768,-0.001105326
-90.9379,-0.0036511704
-90.899,-0.0019881873
-90.8601,-0.0008423879999999999
-90.8212,0.0005549859
-90.7823,0.0010921260000000001
-90.7434,0.001906893
-90.7045,0.0008807466
-90.6655,-0.0006425525999997999
-90.6266,0.0019985043
-90.5877,-0.0012754739999998998
-90.5488,-0.000527484
-90.5099,0.0031467288000000004
-90.471,0.005512437
-90.4321,0.000932394
-90.3932,-0.0055251929999999005
-90.3542,0.002133156
-90.3153,-0.0042420546000000005
-90.2764,-0.001740198
-90.2375,0.0005189480999998999
-90.1986,0.0021551765999999997
-90.1597,-0.0007459068
-90.1208,0.0002936451
-90.0819,-0.0005634324
-90.0429,0.0005350331999999999
-90.004,0.0020676869999999
-89.9651,-0.0028215059999999997
-89.9262,-0.0008792643
-89.8873,-0.001194405
-89.8484,0.000536907
-89.8095,0.0009470730000000001
-89.7706,0.0023830289999999
-89.7316,0.00044822400000000005
-89.6927,-0.0007496247000000001
-89.6538,-0.004127733
-89.6149,-0.0005016269999999
-89.576,-0.0004768881
-89.5371,-0.001246668
-89.4982,-0.0002784299999999
-89.4593,-0.0008611731
-89.4203,-0.0013917869999999
-89.3814,-0.0012234614999999999
-89.3425,0.00213609
-89.3036,0.001166631
-89.2647,8.8853999999999e-06
-89.2258,-0.0042786510000000005
-89.1869,-8.164244999999987e-05
-89.148,-0.0029547059999999997
-89.1091,0.0011636853
-89.0701,0.0018534633
-89.0312,0.00021235440000000002
-88.9923,8.317200000000014e-05
-88.9534,-0.0013431338999999
-88.9145,0.00496245
-88.8756,0.0007906637999999
-88.8367,0.0013557960000000003
-88.7977,-0.0006014579999999999
-88.7588,0.0010768365
-88.7199,-0.001638039
-88.681,0.002489709
-88.6421,0.00133178595
-88.6032,0.0011728554
-88.5643,0.0033032261999998997
-88.5254,-0.0024113669999999998
-88.4865,0.001570533
-88.4475,-0.00018388320000000002
-88.4086,-0.002442195
-88.3697,-0.0015408870000000001
-88.3308,0.0017623548
-88.2919,-0.00040711199999989993
-88.253,0.00041122800000000003
-88.2141,6.607727999999994e-05
-88.1752,0.00010723200000000013
-88.1362,-0.002551752
-88.0973,-0.0019728447000000003
-88.0584,-0.0015620909999999998
-88.0195,-0.0009308650859999999
-87.9806,-0.0002126346
-87.9417,-0.0040137285
-87.9028,-0.0028453155000000003
-87.8638,-0.00149553
-87.8249,0.001911771
-87.786,0.0022180409999999996
-87.7471,0.0025588899
-87.7082,0.006703889999999799
-87.6693,0.002382912
-87.6304,-0.0016128090000000002
-87.5915,0.003135765
-87.5526,3.509699999999999e-05
-87.5136,-0.000730473
-87.4747,-0.001572189
-87.4358,-0.006251022
-87.3969,-0.0006994210199998999
-87.358,0.0021485379
-87.3191,0.003770223
-87.2802,-0.0009957228
-87.2413,-0.0006298632
-87.2023,-0.0005814599999998
-87.1634,-0.00021705576000000004
-87.1245,0.0008063534999997999
-87.0856,-0.0037859153999999
-87.0467,-0.001265652
-87.0078,-0.002564304
-86.9689,0.0024161259
-86.9299,0.001534386
-86.891,0.0006288500999999
-86.8521,0.002084898
-86.8132,0.00022712099999999997
-86.7743,-0.0009980480999999
-86.7354,-0.0023932709999999998
-86.6965,0.0037916789999999
-86.6576,-0.003141708
-86.6187,-0.0005770559999999999
-86.5797,0.004159229999999899
-86.5408,0.004118217
-86.5019,-0.00037033529999990004
-86.463,-0.000994839
-86.4241,0.0020375729999999996
-86.3852,-0.0015042309
-86.3463,0.004818937200000001
-86.3074,-0.0017165924999997997
-86.2684,0.001203486
-86.2295,0.0014170848000000002
-86.1906,0.0015894330000000001
-86.1517,-2.5789500000000055e-05
-86.1128,-0.003750195
-86.0739,0.000789189
-86.035,0.00257475
-85.9961,-0.0003602922
-85.9571,0.00012719400000000002
-85.9182,-0.0015299190000000002
-85.8793,-0.0009891359999999
-85.8404,0.0010026021
-85.8015,-0.002539755
-85.7626,-0.0023708888999999997
-85.7237,0.0014359272
-85.6848,-0.001296939
-85.6458,-0.0013728929999998998
-85.6069,0.0004773839999998999
-85.568,0.0023413950000000005
-85.5291,-0.0024576479999999998
-85.4902,0.0007638809999998999
-85.4513,-0.0011286182999999
-85.4124,0.0025838639999999
-85.3735,0.0013380840000000002
-85.3345,-0.0022068891
-85.2956,0.0005361029999998999
-85.2567,-0.00030155759999989996
-85.2178,0.001983846
-85.1789,0.0036325710000000002
-85.14,-0.0017237577
-85.1011,-0.0007647344999999999
-85.0622,-0.0040562804999999995
-85.0232,-0.0003582879000000001
-84.9843,0.0005942250000000002
-84.9454,0.0011655462000000002
-84.9065,-0.000576219
-84.8676,0.00058491
-84.8287,-9.843300000000001e-05
-84.7898,0.0006233696999999
-84.7509,0.00025450200000000004
-84.7119,0.0010043756999999001
-84.673,0.0047950203
-84.6341,-0.0006456539999999001
-84.5952,6.616620000000004e-05
-84.5563,-0.0012433739999999
-84.5174,0.001563555
-84.4785,-0.0025623480000000003
-84.4396,-0.0035942598
-84.4007,0.0015212733
-84.3617,0.0029921429999999003
-84.3228,0.0003411464999998
-84.2839,-0.00014707080000000007
-84.245,0.0010849611
-84.2061,0.00022195709999999996
-84.1672,0.00026994359999989994
-84.1283,0.001599687
-84.0894,0.0004979999999998999
-84.0504,0.0010220795999999002
-84.0115,0.00012841500000000008
-83.9726,-0.00209486268
-83.9337,0.00129787578
-83.8948,-0.0013182
-83.8559,-0.004696023
-83.817,-0.0014114459999999
-83.778,0.0027238767
-83.7391,-0.00037739999999990005
-83.7002,0.0005112689999998
-83.6613,0.0013885986
-83.6224,0.0038473409999999998
-83.5835,-0.0011197559999999
-83.5446,-0.0014977917
-83.5057,-0.0020064698999998
-83.4668,0.0050729825999999995
-83.4278,0.0003259673999998
-83.3889,-0.002256393
-83.35,0.0021589145999999
-83.3111,0.001555917
-83.2722,-0.0017355086999999002
-83.2333,-0.006172914000000001
-83.1944,-5.4162000000000014e-05
-83.1555,-0.0008641322999999999
-83.1165,-0.0028491345
-83.0776,-0.003474189
-83.0387,-0.002215359
-82.9998,-0.0026008592999999997
-82.9609,-0.0020957439
-82.922,0.0019444769999998996
-82.8831,0.0013234853999999998
-82.8441,-8.439929999999996e-05
-82.8052,-0.000476286
-82.7663,-0.002199381
-82.7274,0.0026189969999999996
-82.6885,0.001204794
-82.6496,-0.0016611212999999
-82.6107,-0.0026725559999999002
-82.5718,0.001611468
-82.5329,0.0043438109999999
-82.4939,0.0021289440599999002
-82.455,-0.0020763719999999
-82.4161,0.0023411429999999995
-82.3772,-0.0016572144
-82.3383,-0.0015926367000000002
-82.2994,-0.0008338289999999999
-82.2605,0.004633533
-82.2216,0.0024204501
-82.1826,-0.0034073900999999998
-82.1437,-6.979499999999991e-05
-82.1048,-0.0008446656000000001
-82.0659,-0.0004109442
-82.027,0.0012891306000000003
-81.9881,-6.460499999999997e-05
-81.9492,0.0026268543000000006
-81.9102,0.00026318909999999997
-81.8713,-0.0033546929999999997
-81.8324,-0.0025422269999998
-81.7935,-0.0013540590000000001
-81.7546,0.0007796789999999999
-81.7157,0.001291398
-81.6768,-0.0011268570000000002
-81.6379,0.0014626847999998
-81.599,3.568800000000019e-06
-81.56,-0.001220685
-81.5211,0.0010035477
-81.4822,0.0008928960000000001
-81.4433,0.000486807
-81.4044,-0.0021021713999999
-81.3655,0.00345318
-81.3266,-0.0010764738000000002
-81.2877,-0.0022357068
-81.2487,0.0062209974
-81.2098,-0.0005182380000000001
-81.1709,-0.0023531610000000003
-81.132,-0.0007160639999999
-81.0931,-0.0018653652
-81.0542,0.0013365791999999
-81.0153,0.00021331499999989998
-80.9764,0.0018594329999999997
-80.9374,-0.0016643154
-80.8985,0.0015730193999999999
-80.8596,0.0027248697000000002
-80.8207,0.0016967856
-80.7818,0.0007672788
-80.7429,-0.0011396465999998998
-80.704,0.0015788100000000002
-80.6651,-0.0007102175999999
-80.6261,-0.0039609869999999
-80.5872,-0.0023844195
-80.5483,0.0004069299000000001
-80.5094,0.003676698
-80.4705,-8.609699999999988e-05
-80.4316,-0.00048355589999999997
-80.3927,0.0030263729999999997
-80.3538,-0.001032081
-80.3148,-0.00154579944
-80.2759,-0.0010734812999998
-80.237,0.0013270110000000001
-80.1981,-0.0007038119999999001
-80.1592,-0.005018181
-80.1203,0.002431746
-80.0814,0.0032074794
-80.0425,0.004238372399999999
-80.0035,0.0026549339999999
-79.9646,-0.0013442670000000001
-79.9257,0.0031500170999999998
-79.8868,0.0002832552
-79.8479,0.0012445272
-79.809,-1.1889900000000003e-05
-79.7701,-0.00020811929999999998
-79.7312,-0.0016878989999999
-79.6922,0.0030345959999999
-79.6533,-0.003144606
-79.6144,-0.00013910699999999997
-79.5755,0.0009374574
-79.5366,-0.0028982282999999998
-79.4977,-0.0019331966999999
-79.4588,0.004350729
-79.4199,-0.0015255389999998996
-79.381,-0.0020959979999998998
-79.342,-0.0008946449999999999
-79.3031,0.000704064
-79.2642,-0.0003038490000000001
-79.2253,0.00313455
-79.1864,0.0023290242000000004
-79.1475,-0.00022100820000000004
-79.1086,-0.00048744
-79.0697,-0.004480898999999899
-79.0307,-0.0010718360999999
-78.9918,0.003086826
-78.9529,0.0013558530000000002
-78.914,0.0006212439
-78.8751,-0.0013498490999999
-78.8362,0.0021222990000000002
-78.7973,0.003863061
-78.7583,0.002167596402
-78.7194,-0.0046791624
-78.6805,0.00117765
-78.6416,0.0014251349999999
-78.6027,-0.0007413912000000001
-78.5638,0.0004195794
-78.5249,0.00020956499999989992
-78.486,-0.001261323
-78.4471,0.00136464
-78.4081,-0.00295671735
-78.3692,0.0035518781999999997
-78.3303,-0.0010292069999998997
-78.2914,0.00032163480000000006
-78.2525,-0.0033746639999998997
-78.2136,0.001527684
-78.1747,0.004379394
-78.1358,0.004270270199999999
-78.0968,0.0032308082999999996
-78.0579,-0.0006042434999999
-78.019,3.1365000000000375e-05
-77.9801,0.0034416119999999997
-77.9412,0.0014003078999998996
-77.9023,0.003277347
-77.8634,-0.0036360491999999998
-77.8244,0.004717263000000001
-77.7855,0.0013461059999999
-77.7466,-0.000484266
-77.7077,0.0007535279999999998
-77.6688,0.00022031010000000002
-77.6299,0.00160509
-77.591,-0.0011402909999999999
-77.5521,0.00196227
-77.5132,-0.0009854994
-77.4742,-0.00446913
-77.4353,0.0036912699
-77.3964,0.0024115332
-77.3575,-0.0013884809999999
-77.3186,-0.004782684000000001
-77.2797,-0.0038993969999999998
-77.2408,0.001149972
-77.2019,-0.0006539309999999
-77.1629,0.002221239
-77.124,-0.0007885829999999999
-77.0851,-0.005294241
-77.0462,0.003070482
-77.0073,0.002013918
-76.9684,-0.00028468379999989997
-76.9295,0.0005946749999999999
-76.8905,0.00460553001
-76.8516,-0.0012622412999997998
-76.8127,-0.002936994
-76.7738,0.0005570610000000001
-76.7349,0.00020842200000000007
-76.696,0.002199495
-76.6571,0.0017259411
-76.6182,-0.0014362469999999
-76.5793,-0.0059024249999999005
-76.5403,-0.003593127
-76.5014,0.0018242879999999999
-76.4625,-0.002463471
-76.4236,0.000330603
-76.3847,-0.004642872
-76.3458,-0.00026415792
-76.3069,-0.004252130099999999
-76.268,-0.0011454599999999998
-76.229,-0.0024469739999998
-76.1901,0.0035315930999999
-76.1512,-0.0049189865999999995
-76.1123,0.0007553181000000001
-76.0734,-0.0010795799999998002
-76.0345,0.00012480869999999987
-75.9956,0.001475943
-75.9567,0.002377155
-75.9177,-0.00404685
-75.8788,-0.0010304703
-75.8399,0.0011666126999998999
-75.801,0.0007070675999999
-75.7621,0.00044049981000000003
-75.7232,-0.0005703021
-75.6843,0.0008133737999998998
-75.6454,0.0011500148999999999
-75.6064,0.001002036
-75.5675,-0.0040929150899999996
-75.5286,-0.0005054139
-75.4897,-0.0007894859999997999
-75.4508,-0.000589419
-75.4119,-0.00254131827
-75.373,0.000689781
-75.3341,-0.000138603
-75.2952,-0.0011454845999999998
-75.2562,-0.0018869664
-75.2173,-0.00017333009999989998
-75.1784,-0.000202236
-75.1395,-0.000599982
-75.1006,0.0010716441
-75.0617,-0.0012326580000000002
-75.0228,-0.0007600602
-74.9838,0.0015462779999998
-74.9449,-0.003441549
-74.906,7.717199999999927e-06
-74.8671,0.0021739106999999996
-74.8282,0.001154457
-74.7893,0.005479071
-74.7504,-0.000805074
-74.7115,0.0026974499999999
-74.6725,-0.0032816849999999995
-74.6336,-0.00022229030999989998
-74.5947,0.00020639099999989992
-74.5558,0.0006278309999999001
-74.5169,0.0024233099999999997
-74.478,-0.0018335999999999002
-74.4391,-0.004697262
-74.4002,0.00435234
-74.3613,-0.004177088999999999
-74.3223,-0.0017341443
-74.2834,-0.0012565409999999
-74.2445,-0.00035147399999979997
-74.2056,-0.00039380700000000003
-74.1667,-0.0009813959999998
-74.1278,0.00021797400000000012
-74.0889,-0.0030206760000000004
-74.05,0.0011847960000000001
-74.011,-0.002912988
-73.9721,0.00027513599999989997
-73.9332,0.000629256
-73.8943,0.0018747855
-73.8554,-0.006981581999999999
-73.8165,-6.521639999999994e-05
-73.7776,0.0010851179999998
-73.7386,0.0004989084
-73.6997,0.0018645347999999002
-73.6608,0.003530547
-73.6219,-0.002307375
-73.583,-0.0006222119999997999
-73.5441,-0.00010902300000000003
-73.5052,0.00026453100000000003
-73.4663,0.0006340880999999
-73.4274,-0.0016078919999999
-73.3884,-0.0009844031999999999
-73.3495,0.0007661687999999001
-73.3106,-0.001752306
-73.2717,0.0020984004
-73.2328,-0.0036386309999998996
-73.1939,0.001141254
-73.155,0.002847579
-73.1161,0.0013937879999999002
-73.0771,-0.000616158
-73.0382,-0.0006330342
-72.9993,0.0030082950000000002
-72.9604,0.0011153519999997996
-72.9215,-0.003930996
-72.8826,-0.0006536399999997999
-72.8437,-0.0021348704999999
-72.8047,0.0028770516
-72.7658,-0.0007561178999999
-72.7269,0.0026780052
-72.688,0.0018565499999999998
-72.6491,0.002569503
-72.6102,0.0013592165999999999
-72.5713,-0.0023229780000000003
-72.5324,0.0006630038999999
-72.4935,-0.0020921790000000004
-72.4545,-0.001508736
-72.4156,0.000712719
-72.3767,-0.001276524
-72.3378,-0.002210214
-72.2989,-0.0003377727
-72.26,0.0027566969999999
-72.2211,-0.00018975479999989997
-72.1822,0.0022458870000000002
-72.1432,-0.000550062
-72.1043,0.0029134679999998996
-72.0654,0.001657767
-72.0265,0.002152527
-71.9876,0.0004318605
-71.9487,-7.210499999999983e-05
-71.9098,-0.00016034099999989997
-71.8708,-0.0060883740000000006
-71.8319,-0.00336208272
-71.793,0.0021000209999999997
-71.7541,-0.0008920482000000002
-71.7152,0.00020278619999989993
-71.6763,0.0024417749999999998
-71.6374,-0.003152784
-71.5985,0.0007402829999998998
-71.5596,-0.0016784838
-71.5206,-0.0051846060000000005
-71.4817,0.0013403639999997998
-71.4428,1.4287799999999982e-05
-71.4039,0.0012619859999999999
-71.365,-0.0019556598
-71.3261,-0.0027195195
-71.2872,0.0028534799999998996
-71.2483,0.002065215
-71.2094,-0.002919876
-71.1704,-0.0044348493
-71.1315,-0.0010123530000000001
-71.0926,-0.0017603085
-71.0537,-9.260609999999998e-05
-71.0148,-0.0012078270000000003
-70.9759,-0.0020332859999999
-70.937,0.0012573605999999999
-70.898,-0.0005501190000000002
-70.8591,-0.0014154105
-70.8202,-0.0011293949999999998
-70.7813,-0.0006785423999999
-70.7424,-0.002275389
-70.7035,0.0001319489999999998
-70.6646,0.0007128483
-70.6257,0.001722084
-70.5867,-0.0054941819999999
-70.5478,0.0009081611999999001
-70.5089,-0.002776794
-70.47,-0.0025661669999999
-70.4311,-0.00010456380000000001
-70.3922,-0.0026790501
-70.3533,0.0031737204
-70.3144,-0.0040820429999999
-70.2755,0.00029399100000000007
-70.2365,-0.0009020819999999
-70.1976,0.0003935559
-70.1587,0.001687488
-70.1198,-0.00102548916
-70.0809,0.000735483
-70.042,0.0009854819999998998
-70.0031,0.0003366193199998
-69.9641,-0.0006689849999998999
-69.9252,0.002921931
-69.8863,-0.0040351409999999
-69.8474,-0.0009233759999999998
-69.8085,0.0045357989999999
-69.7696,0.0036530180999999997
-69.7307,-0.0058117949999999
-69.6918,-0.0029233194000000003
-69.6528,0.0023084261999999998
-69.6139,0.00037420650000000004
-69.575,-0.0017670180000000002
-69.5361,-0.002426391
-69.4972,0.0014742504
-69.4583,-0.0003582720000000001
-69.4194,0.003497913
-69.3805,0.0021566051849999
-69.3416,0.0033722757
-69.3026,0.001992543
-69.2637,-0.0027563910000000004
-69.2248,0.001338597
-69.1859,0.0010564770000000001
-69.147,0.0024606419999999
-69.1081,-0.0029243639999999
-69.0692,-0.0047558639999999
-69.0303,0.0003197339999999
-68.9913,0.0035886762
-68.9524,0.0007483367999999999
-68.9135,0.005245347
-68.8746,-0.0018568433999999999
-68.8357,-0.005311590000000001
-68.7968,0.0026592689999999997
-68.7579,-0.002319192
-68.7189,-0.0006049409999998
-68.68,-0.0011835959999999999
-68.6411,-0.0006318212999997999
-68.6022,0.0037274307
-68.5633,-0.00021979800000000003
-68.5244,-0.0015748139999999
-68.4855,0.002163234
-68.4466,-0.0011745809999998
-68.4077,-0.0009770249999999999
-68.3687,-0.001573416
-68.3298,0.0014235390000000001
-68.2909,0.003120177
-68.252,0.000868887
-68.2131,0.00087606
-68.1742,0.0011520732
-68.1353,-0.0007321409999999001
-68.0964,-0.00046374299999999997
-68.0574,-0.0011552502899999
-68.0185,0.0056578515
-67.9796,0.00104772
-67.9407,0.0024501839999998996
-67.9018,-0.0015625146
-67.8629,0.0004528688999999
-67.824,0.002484261
-67.785,0.00015262739999989997
-67.7461,0.0005209094999998998
-67.7072,-0.00260075571
-67.6683,0.001429761
-67.6294,8.669280000000009e-05
-67.5905,-0.001055373
-67.5516,-0.0024872480999999997
-67.5127,0.0031675649999998996
-67.4738,-0.002316756
-67.4348,-0.0012340218
-67.3959,-0.0013128705
-67.357,0.0015280689000000001
-67.3181,0.005112576
-67.2792,0.00595617
-67.2403,0.0001468062
-67.2014,0.001469847
-67.1625,-0.0006868049999997999
-67.1236,0.0017654586
-67.0846,0.0013158996
-67.0457,0.0014346138
-67.0068,0.0006259874999998
-66.9679,0.001526988
-66.929,0.0039257999999999
-66.8901,0.004055385
-66.8512,0.0006579354
-66.8122,-0.0025598640000000002
-66.7733,0.003420996
-66.7344,0.0003113309999999
-66.6955,-0.000336171
-66.6566,-0.002123184
-66.6177,-0.0032067666
-66.5788,0.00280725
-66.5399,0.0029107379999998
-66.5009,0.002590188
-66.462,0.004418633999999999
-66.4231,0.0004030619999998
-66.3842,0.0028832598000000003
-66.3453,-0.001970856
-66.3064,-0.001452081
-66.2675,-0.00182912262
-66.2286,0.0009921809999998
-66.1897,-0.0014975610000000001
-66.1507,0.000602508
-66.1118,0.000652611
-66.0729,-0.0030219599999999998
-66.034,-0.0019033319999999998
-65.9951,-0.0025685172
-65.9562,-0.002552148
-65.9173,-0.00036328529999989995
-65.8783,-0.002324013
-65.8394,0.002901615
-65.8005,0.00010914180000000006
-65.7616,0.0009217109999999
-65.7227,-0.003042021
-65.6838,-0.0008037615
-65.6449,0.0014136929999997998
-65.606,-1.6663199999999946e-05
-65.567,0.0029645951999999996
-65.5281,0.003728922
-65.4892,-0.002340294
-65.4503,0.000771741
-65.4114,0.003702258
-65.3725,-0.00037469399999999996
-65.3336,-0.000604464
-65.2947,-0.0032765186999999998
-65.2558,-0.00041506379999989995
-65.2168,0.0019608365100000002
-65.1779,-0.0007169369999999
-65.139,0.0022705628999998995
-65.1001,-0.001859805
-65.0612,-0.002044242
-65.0223,0.00021172704
-64.9834,-0.0027158069999999
-64.9444,-0.0011938805999997999
-64.9055,0.0032356286999999997
-64.8666,0.0025491722999999005
-64.8277,-0.0012615747
-64.7888,0.0040964040000000005
-64.7499,0.0005020350000000001
-64.711,-0.0001429230000000002
-64.6721,-0.002695104
-64.6331,0.0005749080000000001
-64.5942,-0.0008131349999999999
-64.5553,8.150399999999993e-05
-64.5164,-0.00023135700000000007
-64.4775,-0.000196416
-64.4386,6.530100000000003e-05
-64.3997,0.0029636849999999998
-64.3608,-0.003045696
-64.3219,0.0022332093
-64.2829,-0.004958165999999999
-64.244,-0.0016534110000000002
-64.2051,0.0010482449999997998
-64.1662,0.0024980981999998
-64.1273,0.0003754169999999
-64.0884,0.001104516
-64.0495,-0.001015593
-64.0106,0.0007622547
-63.9716,0.0003515262
-63.9327,-0.0024989235
-63.8938,-0.003612117
-63.8549,-0.001897461
-63.816,0.0016746525600000001
-63.7771,-0.0011386349999998999
-63.7382,0.0007607276999999001
-63.6992,0.001143531
-63.6603,-0.0047169689999999
-63.6214,-0.0038290986
-63.5825,0.003396702
-63.5436,0.0020458529999999
-63.5047,-0.0011581541999998
-63.4658,0.0029437794
-63.4269,0.004060192199999899
-63.388,0.0024464798999999002
-63.349,-0.0016514543999999998
-63.3101,0.002974278
-63.2712,0.0034020480000000004
-63.2323,0.000251559
-63.1934,-0.001116945
-63.1545,0.0044579501999999
-63.1156,0.0009904050000000002
-63.0767,0.00045622799999979995
-63.0377,-0.0022127999999999
-62.9988,0.0013492859999999999
-62.9599,0.0029419470000000003
-62.921,0.0042716838
-62.8821,-0.002197191
-62.8432,0.002311971
-62.8043,-0.0011160089999999998
-62.7654,0.0010554804
-62.7264,0.002785941
-62.6875,0.00026021489999989995
-62.6486,0.0012181238999999999
-62.6097,-0.0003071939999999
-62.5708,0.001029621
-62.5319,-0.002915586
-62.493,-0.001421514
-62.4541,0.0034230545999999
-62.4151,-0.001236033
-62.3762,-0.0008885369999998999
-62.3373,-0.0022167000000000003
-62.2984,-0.001160457
-62.2595,0.004221966
-62.2206,-0.0014737253999999999
-62.1817,0.000603456
-62.1428,0.006263118
-62.1039,0.0021749309999998
-62.0649,-3.4932e-05
-62.026,0.006001782000000001
-61.9871,-0.000149955
-61.9482,-0.0042991958999999995
-61.9093,-0.00010997190000000014
-61.8704,-0.0011092289999999
-61.8315,-0.001156032
-61.7925,-0.0020130246
-61.7536,-0.0002658345
-61.7147,-0.0017451749999999999
-61.6758,0.003054057
-61.6369,0.0033585240000000003
-61.598,9.237599999999992e-05
-61.5591,0.004535058
-61.5202,-0.0014090306999997998
-61.4812,-0.0006358826999998
-61.4423,-0.002834298
-61.4034,0.00018583800000000002
-61.3645,0.004979601
-61.3256,0.0030423864
-61.2867,0.0024563355
-61.2478,0.0019831649999998997
-61.2089,4.23419999999999e-05
-61.17,0.0004696437000000001
-61.131,0.00017243915999989997
-61.0921,-0.002769099
-61.0532,0.002365737
-61.0143,-6.257400000000019e-06
-60.9754,0.00318225417
-60.9365,-0.001391256
-60.8976,0.0008579039999999999
-60.8586,-0.0007748703
-60.8197,-0.0023844209999998
-60.7808,-0.0010384619999998
-60.7419,0.003246027
-60.703,-0.001482993
-60.6641,-0.0052966323
-60.6252,-0.0013971209999999999
-60.5863,0.0004573500000000001
-60.5473,-0.004009032
-60.5084,0.002164323
-60.4695,-0.00022505399999990007
-60.4306,0.0004976924999999
-60.3917,0.001638504
-60.3528,-0.0041406171
-60.3139,0.0031290798
-60.275,0.0021515399999998
-60.2361,0.0002115691799999
-60.1971,-0.0028688738999998998
-60.1582,0.0006406199999999001
-60.1193,0.00026088600000000005
-60.0804,0.003094203
-60.0415,0.00035132100000000003
-60.0026,6.039299999999995e-05
-59.9637,0.003045201
-59.9247,0.004220763000000001
-59.8858,0.0013032444
-59.8469,0.0005888999999998
-59.808,-0.00010345500000000002
-59.7691,-0.0029644949999999997
-59.7302,-0.00032573100000000006
-59.6913,0.0002475363
-59.6524,-0.00152308974
-59.6134,0.0010879709999998
-59.5745,-4.994999999999609e-06
-59.5356,-0.0017489013
-59.4967,0.0023411969999999997
-59.4578,0.0006980849999998
-59.4189,0.0014002695
-59.38,0.003059646
-59.3411,-0.0006040649999997998
-59.3022,0.0006012810000000001
-59.2632,0.0019394457
-59.2243,-0.0007446779999999999
-59.1854,-0.004999974
-59.1465,1.9775999999999832e-05
-59.1076,-0.001700361
-59.0687,-0.0016968843000000002
-59.0298,0.0012795108
-58.9909,0.0053635916999997995
-58.9519,-0.0009988095
-58.913,-0.001664472
-58.8741,-0.0019562574000000004
-58.8352,-0.00018819809999989998
-58.7963,-0.003589968
-58.7574,0.0025714949999999
-58.7185,-0.0036696702
-58.6796,0.002394054
-58.6406,0.006454587
-58.6017,0.003970353
-58.5628,-0.002092353
-58.5239,0.0002219114999999
-58.485,0.0007949354999999998
-58.4461,-0.002191671
-58.4072,0.0005383866000000001
-58.3683,0.00011345400000000008
-58.3293,-0.001705296
-58.2904,-2.5078200000000034e-05
-58.2515,-0.0029552298000000005
-58.2126,-0.001293057
-58.1737,-0.0004498605
-58.1348,-0.0017963751
-58.0959,-0.0019478288999999998
-58.057,-0.0032571690000000003
-58.018,0.0012774492
-57.9791,0.00020862510000000008
-57.9402,0.0008553779999998999
-57.9013,-0.0026993396999999996
-57.8624,-0.0012743019000000001
-57.8235,0.004969404
-57.7846,-0.0025036554
-57.7457,0.0007969200000000002
-57.7067,-0.0045525174
-57.6678,0.003793002
-57.6289,-0.008487498000000001
-57.59,0.002792241
-57.5511,0.0013288649999999998
-57.5122,0.0027931082999999
-57.4733,0.004232019
-57.4344,-0.008590992
-57.3954,0.0007973609999998999
-57.3565,-0.0051724379999998
-57.3176,0.0051659339999999
-57.2787,0.0034020959999998
-57.2398,0.004677000000000001
-57.2009,-0.003553272
-57.162,-0.006385305
-57.1231,-0.000238224
-57.0842,-0.002605944
-57.0452,-0.0020003340000000003
-57.0063,-0.0010577867999998999
-56.9674,-0.0006297029999998
-56.9285,0.004586076
-56.8896,0.002124423
-56.8507,-0.0017800529999999998
-56.8118,-0.0022053659999999
-56.7728,0.005431029
-56.7339,-0.0005175825
-56.695,-0.00382548084
-56.6561,-0.0019487138999998998
-56.6172,-0.002773239
-56.5783,-0.001354029
-56.5394,-0.0009955019999999
-56.5005,0.0002929739999999
-56.4615,0.001139757
-56.4226,0.0007151579999997999
-56.3837,0.0014721899999999002
-56.3448,0.00401169
-56.3059,0.004931780999999901
-56.267,-0.0005796359999999002
-56.2281,-0.000590736
-56.1892,0.0020915013
-56.1503,-0.0035467980000000003
-56.1113,-0.0056104020000000004
-56.0724,-0.006490103999999899
-56.0335,0.002984115
-55.9946,-0.0021767283
-55.9557,-0.004080393
-55.9168,0.004061745
-55.8779,-0.004406655
-55.8389,0.00550764927
-55.8,0.0015344061
-55.7611,-0.00027539640000000005
-55.7222,-0.0011541678
-55.6833,-0.0023901896999999
-55.6444,-0.0006039591
-55.6055,-0.0034466010000000005
-55.5666,-9.927029999999996e-05
-55.5276,0.0042712058999999
-55.4887,-0.001162899
-55.4498,-0.0004716119999999
-55.4109,0.0027995760000000002
-55.372,0.0013230726
-55.3331,0.0031776750000000005
-55.2942,-0.0032587649999999
-55.2553,-0.0042180846
-55.2164,-0.0022895249999999
-55.1774,0.0015546999
-55.1385,0.0022141469999999996
-55.0996,0.00038253000000000007
-55.0607,-0.007852488
-55.0218,-0.0034849169999999997
-54.9829,0.0017467977000000003
-54.944,0.000389103
-54.9051,-0.0024427037999998997
-54.8661,0.0027138989999999997
-54.8272,0.0025748459999999002
-54.7883,0.0020562629999999996
-54.7494,-0.004102059
-54.7105,-0.000674889
-54.6716,-0.0025201273800000003
-54.6327,0.00020372400000000002
-54.5938,0.0004511532
-54.5548,-0.001263342
-54.5159,0.0016785149999999998
-54.477,-0.0029070149999999
-54.4381,0.0010854249
-54.3992,0.005172968999999901
-54.3603,-0.0009486959999997999
-54.3214,0.000346299
-54.2825,0.0014927099999999
-54.2435,0.00011860799999999986
-54.2046,-0.0020066738999999
-54.1657,0.0011985258
-54.1268,0.003263991
-54.0879,0.0010358943
-54.049,-0.0024089397
-54.0101,-0.0050668070999999
-53.9712,-0.0058811670000000005
-53.9322,0.0021146514
-53.8933,-0.0020704586999999997
-53.8544,-0.001118478
-53.8155,-0.0008020890000000002
-53.7766,-0.0022495418999999997
-53.7377,-0.0028725939
-53.6988,0.0008236932000000002
-53.6599,0.002074425
-53.6209,0.0019466861999999998
-53.582,0.0003946724999999
-53.5431,0.00226245
-53.5042,-0.0008335854
-53.4653,-0.0005412179999998999
-53.4264,0.0017880149999998998
-53.3875,0.0022430903999999
-53.3486,-0.0001358211
-53.3096,-0.0027547139999998995
-53.2707,0.001560048
-53.2318,-0.002757627
-53.1929,-0.0015576869999999999
-53.154,-0.0006219419999998999
-53.1151,-0.005751753000000001
-53.0762,-0.0023352269999999003
-53.0373,0.0005408069999999999
-52.9983,-0.005326545
-52.9594,0.004208736
-52.9205,-0.005479218
-52.8816,0.0013499519999999
-52.8427,0.0037078679999999
-52.8038,-9.177000000000008e-05
-52.7649,0.0015323780999999999
-52.726,-0.001722354
-52.687,0.0019033674
-52.6481,-0.0051160641000000005
-52.6092,0.0008002230000000001
-52.5703,-0.004677445199999999
-52.5314,0.0040811219999999995
-52.4925,-0.00180264
-52.4536,0.0019508573999999998
-52.4147,-0.0017112055500000001
-52.3757,0.0053159399999999
-52.3368,0.001818648
-52.2979,0.0009394929
-52.259,-0.0003611181
-52.2201,-0.0006723179999997998
-52.1812,0.0009876569999998
-52.1423,0.0045927
-52.1034,-0.0023430869999999
-52.0644,0.00047453700000000003
-52.0255,-0.002149584
-51.9866,0.0023829989999999
-51.9477,-0.0021751830000000002
-51.9088,0.0007756461000000001
-51.8699,-0.000497766
-51.831,-0.00385728
-51.7921,0.0041131392
-51.7531,0.0018346013999999
-51.7142,-0.0011425259699999
-51.6753,0.005265606000000001
-51.6364,-0.0030134309999999996
-51.5975,-0.0018160709999998997
-51.5586,-0.0031260450000000005
-51.5197,5.398200000000005e-05
-51.4808,0.007527971999999999
-51.4418,0.002869341
-51.4029,0.0012810809999999
-51.364,-0.001471359
-51.3251,0.0053627553
-51.2862,0.0010035453
-51.2473,0.001125183
-51.2084,7.929617999999979e-05
-51.1695,0.001616214
-51.1305,-0.002194761
-51.0916,-0.0002980847999999
-51.0527,0.004344603000000001
-51.0138,0.0049897139999999
-50.9749,-0.00308427
-50.936,0.0016385129999999
-50.8971,-0.001607622
-50.8582,0.001153146
-50.8193,0.006576894000000001
-50.7803,-0.001421742
-50.7414,0.0014541
-50.7025,-0.0010298658
-50.6636,0.0016434899999999998
-50.6247,-0.0007169339999999999
-50.5858,-0.0002800229999999
-50.5469,0.0013323705
-50.5079,-0.0006055109999999
-50.469,0.0028160249999998003
-50.4301,-0.0008669039999998999
-50.3912,-9.192240000000006e-05
-50.3523,0.0021832568999999003
-50.3134,-0.0012872369999999
-50.2745,-0.0034131929999999997
-50.2356,0.0026420661900000003
-50.1966,-0.0006051870000000001
-50.1577,-0.0049731557999999005
-50.1188,0.006225537
-50.0799,6.551100000000037e-05
-50.041,-0.00262311291
-50.0021,-0.002957013
-49.9632,0.0023519493
-49.9243,0.0008459223
-49.8854,0.0028826739000000004
-49.8464,0.00048831
-49.8075,-0.00299172
-49.7686,0.0028646369999999997
-49.7297,-0.0026064060000000003
-49.6908,0.0016186710000000001
-49.6519,0.0010635149999999
-49.613,-0.00044309999999979995
-49.5741,-0.004722651
-49.5351,0.0031945388999999
-49.4962,-0.002343741
-49.4573,-0.0013161840000000002
-49.4184,-0.0009182838000000002
-49.3795,0.004593941999999999
-49.3406,0.0033711479999999003
-49.3017,-0.002568636
-49.2628,0.003819666
-49.2238,-0.0013804793999997998
-49.1849,0.0013475370000000002
-49.146,0.0025750139999998
-49.1071,-0.002383965
-49.0682,0.0018568121999998999
-49.0293,-0.005571915
-48.9904,-0.00013612800000000006
-48.9515,0.004747604999999999
-48.9125,-0.0049502748
-48.8736,0.0033014760000000002
-48.8347,-0.0049162829999999
-48.7958,0.0033649709999999003
-48.7569,0.0029090642999999
-48.718,-0.0026810813999999
-48.6791,-0.0049795416
-48.6402,-0.001668918
-48.6012,-0.001139406
-48.5623,-0.005572979999999999
-48.5234,-0.0002896139999998999
-48.4845,0.0018924054
-48.4456,0.0027261660000000004
-48.4067,-0.0013440330000000001
-48.3678,-0.0020201819999999
-48.3289,-0.000583767
-48.2899,0.0019122650999999
-48.251,-0.004503885
-48.2121,-0.0023642253
-48.1732,0.004829259000000001
-48.1343,0.003449181
-48.0954,-0.0025582169999999
-48.0565,0.001799067
-48.0176,0.0038193669
-47.9786,0.0009259109999998
-47.9397,0.006667302
-47.9008,-0.000470676
-47.8619,0.0037289819999999
-47.823,0.0031886358
-47.7841,0.0033411902699999997
-47.7452,-0.0021088595999999
-47.7063,0.002167068
-47.6673,-0.005809608
-47.6284,-0.0038710679999997993
-47.5895,-0.0014055449999998998
-47.5506,0.001646445
-47.5117,-7.049999999999873e-07
-47.4728,0.0008762549999999999
-47.4339,0.0029705910000000003
-47.395,-0.00013793100000000015
-47.356,-0.0018980609999999
-47.3171,0.0006048675
-47.2782,0.004331016
-47.2393,0.0018490919999999999
-47.2004,-0.0031487489999999997
-47.1615,0.00040556160000000007
-47.1226,0.0027804869999999
-47.0837,-0.005024514
-47.0447,-0.003213117
-47.0058,0.0026356608
-46.9669,0.0029125143900000003
-46.928,-0.0052518899999999
-46.8891,0.0015717630000000001
-46.8502,-0.0024190260000000003
-46.8113,0.0005170862999999999
-46.7724,0.001680723
-46.7334,0.0031228896
-46.6945,0.002080842
-46.6556,0.0014732177999998998
-46.6167,-0.0033455057999999998
-46.5778,0.00020042400000000004
-46.5389,-0.0027306531
-46.5,0.0042647943
-46.4611,-0.0009513977999998999
-46.4221,-0.0049783601999999
-46.3832,0.0013179959999998997
-46.3443,-0.0010953002999999001
-46.3054,0.004720100999999999
-46.2665,0.0018368159999999998
-46.2276,0.0001326480000000004
-46.1887,-0.0045697010999999005
-46.1498,0.004683009
-46.1108,-0.00014732370000000003
-46.0719,0.00279606
-46.033,-2.6018999999999847e-05
-45.9941,-0.0001287329999999999
-45.9552,-0.00015178229999989997
-45.9163,0.0022354733999998995
-45.8774,-0.0019388009999998998
-45.8385,0.002803719
-45.7996,0.0029644296
-45.7606,0.0016694475
-45.7217,0.0008288159999998001
-45.6828,0.0004483409999997999
-45.6439,0.001192617
-45.605,-0.0021522701999998
-45.5661,0.0037628009999997997
-45.5272,0.0009340515000000001
-45.4883,0.000557097
-45.4493,0.006690066
-45.4104,0.0026982186
-45.3715,0.001566024
-45.3326,-0.0011743437
-45.2937,-0.0019573233
-45.2548,0.0022425899999999
-45.2159,-0.0036236549999999995
-45.1769,-0.0016903919999999998
-45.138,0.0008212379999998
-45.0991,-0.004335825
-45.0602,0.005973138
-45.0213,0.0020655960000000003
-44.9824,-0.00017447700000000003
-44.9435,0.0049733001
-44.9046,-0.001848762
-44.8657,-0.0028599825000000002
-44.8267,-0.0011298138000000002
-44.7878,0.0022519889999999
-44.7489,-0.003828168
-44.71,-0.0019988220000000004
-44.6711,-4.631099999999994e-05
-44.6322,0.0005003408999999999
-44.5933,0.0016769549999998998
-44.5544,-0.0029614380000000003
-44.5154,-0.0010644329999999
-44.4765,0.0038451900000000005
-44.4376,0.0038159459999999997
-44.3987,0.0038954193000000003
-44.3598,-0.0013575815999998001
-44.3209,-5.176200000000023e-05
-44.282,-0.0028541502
-44.2431,0.0013978979999999998
-44.2041,0.0008025929999999999
-44.1652,-0.0026999909999999
-44.1263,0.003437613
-44.0874,0.0020566448999999004
-44.0485,-0.002298774
-44.0096,-0.0009790964999999
-43.9707,0.00422857032
-43.9318,0.001779039
-43.8928,0.0016258949999998999
-43.8539,0.003012693
-43.815,-0.0013901489999999
-43.7761,0.0048834513
-43.7372,0.0018545208
-43.6983,0.006244485
-43.6594,0.001694007
-43.6205,0.0013157277
-43.5815,0.004018629
-43.5426,-0.0031332689999999
-43.5037,0.0016449809999998998
-43.4648,-0.0029990339999999
-43.4259,-0.0005624580000000001
-43.387,0.000565629
-43.3481,0.0002879940000000001
-43.3092,0.0016495535999999002
-43.2702,0.0045689159999999
-43.2313,0.0014493563999999999
-43.1924,0.0047286119999998
-43.1535,-0.0017846969999999998
-43.1146,0.0037888739999998996
-43.0757,-0.0021653508
-43.0368,-0.00020963099999989993
-42.9979,0.0015610185000000001
-42.9589,0.002312997
-42.92,0.0010273677
-42.8811,0.004233468000000001
-42.8422,0.0026156519999999996
-42.8033,0.00260959089
-42.7644,0.0021891239999999998
-42.7255,0.0014753459999999998
-42.6866,-0.004065262199999999
-42.6476,-0.00039678899999989997
-42.6087,-0.004022475
-42.5698,0.0007991519999999
-42.5309,0.0018949760399999999
-42.492,0.0015429957000000002
-42.4531,0.0013526189999998998
-42.4142,-0.002772438
-42.3753,-0.0037298160000000004
-42.3363,-0.000553878
-42.2974,-0.0031755690000000005
-42.2585,-0.0005576841
-42.2196,-0.0030318149999999998
-42.1807,-0.0029233592999999003
-42.1418,0.0011970419999997998
-42.1029,0.00044273399999999997
-42.064,0.00015239099999989997
-42.025,-0.0006335429999997999
-41.9861,-0.000874236
-41.9472,0.0007080719999999001
-41.9083,-0.0012167670000000001
-41.8694,-0.0020861874
-41.8305,0.00032172103499989997
-41.7916,0.00046573199999999995
-41.7527,0.00015045449999989994
-41.7137,-0.0007300526999999999
-41.6748,0.00010385370000000002
-41.6359,0.002693313
-41.597,-0.00044075939999989994
-41.5581,0.0023608970999999
-41.5192,0.0016493378999999002
-41.4803,0.003146049
-41.4414,-0.0031737420000000007
-41.4025,-0.0013480409999999
-41.3635,-0.0040344303
-41.3246,0.00030708899999989996
-41.2857,0.00026293370999990004
-41.2468,0.000795153
-41.2079,-0.00244924827
-41.169,0.001810845
-41.1301,-0.002091042
-41.0911,0.0002832569999998999
-41.0522,0.001089762
-41.0133,-0.003672888
-40.9744,0.004069683
-40.9355,0.0037799160000000004
-40.8966,-0.0009353879999998
-40.8577,-0.0013855286999998
-40.8188,-0.0044680968
-40.7799,-0.005033559
-40.7409,-0.0003698370000000001
-40.702,0.0021921476999999003
-40.6631,0.003382263
-40.6242,-0.0010904220000000002
-40.5853,-0.001256157
-40.5464,-0.0042571649999999
-40.5075,-0.001082775
-40.4686,0.0005375421
-40.4296,-0.0027271109999998
-40.3907,-0.007459194
-40.3518,0.0028935267000000002
-40.3129,0.002523819
-40.274,-0.000947382
-40.2351,0.0027137909999997998
-40.1962,-4.422300000000008e-05
-40.1572,0.0034435704000000005
-40.1183,0.0015536339999998997
-40.0794,0.0002325419999999
-40.0405,0.0010413269999999
-40.0016,0.00152433
-39.9627,0.00196281
-39.9238,-0.0061062456
-39.8849,-0.0006816441
-39.846,0.0013590816000000003
-39.807,-0.0017031569999999998
-39.7681,-0.0026843849999999996
-39.7292,-0.0014998109999999998
-39.6903,0.0016751013
-39.6514,-0.0004224713999999999
-39.6125,-0.0011924693999997998
-39.5736,0.0014510480999998
-39.5347,-0.0006209448000000001
-39.4957,0.002713818
-39.4568,-0.0009389160000000001
-39.4179,-0.00154419
-39.379,0.0032589539999999997
-39.3401,-0.002172501
-39.3012,-0.000689529
-39.2623,0.0015031349999999998
-39.2234,-0.0042439769999999995
-39.1844,-0.0027127169999999
-39.1455,0.001715046
-39.1066,-0.0024066231
-39.0677,-0.0010444074749999999
-39.0288,-0.002514594
-38.9899,-0.0031922118
-38.951,0.0017895239999998998
-38.9121,0.0016628459999998998
-38.8731,0.00026036490000000005
-38.8342,-0.000955419
-38.7953,-0.001333239
-38.7564,-0.0007597050000000001
-38.7175,-0.0052552926
-38.6786,0.001585416
-38.6397,0.0015095490000000002
-38.6008,0.0003745409999999001
-38.5618,0.0008207835
-38.5229,0.0012978959999999
-38.484,-0.0007420769999998999
-38.4451,0.003931866
-38.4062,0.0036258945
-38.3673,0.0006745407
-38.3284,-0.0026063523000000003
-38.2895,0.0047059119
-38.2505,-0.003796587
-38.2116,0.0008046869999999
-38.1727,0.0011924519999999
-38.1338,-0.0006294620999999999
-38.0949,-0.0010262999999998
-38.056,-0.0028964927999998997
-38.0171,-0.0005961206999998
-37.9782,0.003479088
-37.9392,0.0006389369999998001
-37.9003,-0.0048583739999999
-37.8614,-0.004681794
-37.8225,-0.00029812619999989995
-37.7836,-0.0037268249999999996
-37.7447,-0.0002482409999999
-37.7058,0.00307728
-37.6669,-0.0031379009999999
-37.6279,0.002332584
-37.589,-0.00025100610000000005
-37.5501,-0.0037074029999999993
-37.5112,0.00365505849
-37.4723,-0.0020379273000000002
-37.4334,0.00026227101
-37.3945,0.002514972
-37.3556,0.0015373169999999999
-37.3167,-0.0048650028000000005
-37.2777,0.0010453292999999
-37.2388,0.0012823319999998
-37.1999,-0.00026581439999989997
-37.161,0.002052747
-37.1221,0.005239248
-37.0832,-0.0054428939999999
-37.0443,0.0035984700000000003
-37.0053,-0.00490092
-36.9664,-0.0004997430000000003
-36.9275,-0.0020621069999999997
-36.8886,8.652900000000007e-05
-36.8497,0.0027226589999999997
-36.8108,9.436613999999998e-05
-36.7719,-0.002059677
-36.733,-0.001139673
-36.694,0.00010169256000000012
-36.6551,0.004690815
-36.6162,0.0016884945000000002
-36.5773,-0.0023033862
-36.5384,-0.0036761399999999
-36.4995,-0.004051476
-36.4606,0.0012968279999999999
-36.4217,0.0023902949999999
-36.3828,-0.002091465
-36.3438,-0.0033276210000000002
-36.3049,-0.002372571
-36.266,-0.0005654463
-36.2271,0.0035490987
-36.1882,-0.004112952
-36.1493,0.0013616652
-36.1104,0.003346335
-36.0714,-0.0020048048999999997
-36.0325,-0.00037822830000000003
-35.9936,-0.004135409999999899
-35.9547,0.0013768116000000001
-35.9158,-0.0029890371029999002
-35.8769,-0.0013771139999997999
-35.838,0.0018562680000000001
-35.7991,-0.0001545797999999
-35.7602,0.0008886684
-35.7212,0.0032884050000000003
-35.6823,0.00013956899999999982
-35.6434,7.578000000000028e-06
-35.6045,-0.0037645350000000003
-35.5656,0.00019597687290000005
-35.5267,0.0020776529999999003
-35.4878,0.007439318999999899
-35.4489,-0.0032521650000000004
-35.4099,0.0015798651
-35.371,0.0017886419999999998
-35.3321,-0.0010748669999999
-35.2932,0.0016879619999999999
-35.2543,-0.0008039791500000001
-35.2154,-0.0002631278999999
-35.1765,-0.0017638305000000003
-35.1376,0.0018153779999999999
-35.0986,0.0010401068999998
-35.0597,0.0031692657
-35.0208,-0.001894533
-34.9819,-0.005663733
-34.943,0.0015432056999997998
-34.9041,0.002538195
-34.8652,0.0024870989999999
-34.8263,0.003374022
-34.7873,-0.006363741
-34.7484,-0.0009816411
-34.7095,-0.0023719019999997996
-34.6706,0.0024409286999999
-34.6317,-0.0036547589999999
-34.5928,0.0015511778999999003
-34.5539,-0.002483865
-34.515,0.002024976
-34.476,0.0031118549999999997
-34.4371,0.003533979
-34.3982,-0.0005056679999999999
-34.3593,-0.0040576310999999
-34.3204,0.0001963107
-34.2815,0.00040949039999999996
-34.2426,-0.001228731
-34.2037,0.0013105769999998999
-34.1647,0.0024752124
-34.1258,0.0003776754
-34.0869,-0.0048143667
-34.048,0.0033578513999999
-34.0091,0.003439449
-33.9702,0.0028548029999998998
-33.9313,-0.0021937169999999
-33.8924,0.001856604
-33.8534,0.0005181741000000001
-33.8145,0.002159016
-33.7756,0.005629407
-33.7367,4.0001999999999974e-05
-33.6978,-0.002180802
-33.6589,0.0008346239999997999
-33.62,-0.0027698849999999997
-33.5811,-0.0037196519999999995
-33.5421,0.0013373309999998998
-33.5032,-0.0021863940000000004
-33.4643,-0.0044493084
-33.4254,0.00032631749999999997
-33.3865,0.0027513044999999997
-33.3476,-0.0015834684
-33.3087,0.004134228
-33.2698,-0.007907853
-33.2308,-0.0050477175
-33.1919,-0.001980075
-33.153,0.0023096123999999997
-33.1141,0.0036941639999999998
-33.0752,0.0061197000000000005
-33.0363,-0.0006373829999997999
-32.9974,-0.0029303639999999995
-32.9585,0.002229087
-32.9195,0.001787793
-32.8806,0.00461301516
-32.8417,0.0021491939999997997
-32.8028,0.0003326663999998
-32.7639,-0.000913206
-32.725,0.0011843249999999
-32.6861,-0.004849376999999999
-32.6472,0.006975873
-32.6082,0.0031205325
-32.5693,0.0041633519999999995
-32.5304,-0.0015690426
-32.4915,-0.0029135249999998
-32.4526,-0.0014452490999999998
-32.4137,0.0012015900000000002
-32.3748,-0.0007582799999999998
-32.3359,-0.0026765310000000002
-32.297,-0.0005622749999998
-32.258,0.000883965
-32.2191,0.0010731096
-32.1802,-0.0002170035
-32.1413,-0.0029034959999999005
-32.1024,0.002365821
-32.0635,-0.0033876449999999
-32.0246,0.0033070586999999997
-31.9856,-0.0037816934999999998
-31.9467,0.00027107328000000006
-31.9078,0.0023134806
-31.8689,-5.838300000000007e-05
-31.83,-0.0017340359999997999
-31.7911,0.0011605697999999
-31.7522,0.0013506779999999
-31.7133,-0.0006782670000000002
-31.6743,-0.0019294709999999999
-31.6354,-0.0009355980000000002
-31.5965,-0.004945122
-31.5576,0.0027492419999999
-31.5187,0.0007052051999999
-31.4798,0.0024648075
-31.4409,-0.0017558799000000004
-31.402,0.0027414029999998997
-31.3631,-0.0031527045000000003
-31.3241,-0.0004303709999999002
-31.2852,0.0024208649999998997
-31.2463,-0.0014849070000000002
-31.2074,0.002832351
-31.1685,-0.000550689
-31.1296,0.003886398
-31.0907,-0.002109843
-31.0518,-0.0017073300000000002
-31.0128,0.0016717709999999998
-30.9739,-0.0060597449999998994
-30.935,0.00419007
-30.8961,-0.0046316631
-30.8572,0.00034904789999999993
-30.8183,-0.0009615339000000001
-30.7794,0.000858468
-30.7404,0.0031783862999999997
-30.7015,0.001699902
-30.6626,0.0051318629999999995
-30.6237,0.0009411179999998999
-30.5848,-0.0033660300000000003
-30.5459,0.007604669999999899
-30.507,0.0044360139
-30.4681,-0.0016620072000000001
-30.4292,-0.004598091
-30.3902,-0.0018946829999999999
-30.3513,-0.004704116999999899
-30.3124,0.0018419711999999
-30.2735,0.0006282327000000001
-30.2346,-0.0015847829999997998
-30.1957,0.0035756958000000005
-30.1568,0.001702818
-30.1179,0.0004552353
-30.0789,3.250950000000007e-05
-30.04,-0.0026137079999999997
-30.0011,0.0026621039999999005
-29.9622,-0.0012104178
-29.9233,0.0017198999999999
-29.8844,0.00022257599999999996
-29.8455,0.0028108380000000004
-29.8066,-5.8785000000000055e-05
-29.7676,0.0005680679999999999
-29.7287,-0.0047021259
-29.6898,0.00157236942
-29.6509,-0.00024017100000000007
-29.612,0.0018729989999999
-29.5731,-0.0028483769999997997
-29.5342,0.0016052399999999997
-29.4953,0.0030220574999999996
-29.4563,0.0025679969999999
-29.4174,-0.0008310806999998999
-29.3785,-0.0015511233
-29.3396,0.00022262583
-29.3007,0.0008557656000000001
-29.2618,0.001043841
-29.2229,-0.0033309000000000004
-29.184,2.3498999999999824e-06
-29.145,-0.0014223627
-29.1061,-0.001219485
-29.0672,-0.00158913501
-29.0283,0.0056787789000000005
-28.9894,3.274011300000005e-05
-28.9505,-0.0034507988999999996
-28.9116,-0.006031392
-28.8727,0.0017654999999998997
-28.8337,-0.002364408
-28.7948,-0.0022966940999999998
-28.7559,0.0019755585000000003
-28.717,0.001871055
-28.6781,-0.0018573707999999997
-28.6392,-0.0009784350000000002
-28.6003,-0.0016794507
-28.5614,0.0030027479999999995
-28.5224,0.0024545702999999
-28.4835,0.0019489110000000002
-28.4446,0.0043361025
-28.4057,0.00010487669999999994
-28.3668,-0.0017278685039999997
-28.3279,-3.906600000000001e-05
-28.289,0.0016938987000000001
-28.2501,-0.00024780179999989984
-28.2111,-0.004811916900000001
-28.1722,0.00040251
-28.1333,0.0016603529999999
-28.0944,-0.0031835550000000002
-28.0555,-0.001641633
-28.0166,0.0009929999999997998
-27.9777,-0.002399799
-27.9388,-0.0031504277999998996
-27.8998,0.003284844
-27.8609,0.0029349045
-27.822,-0.003527319
-27.7831,0.0001604610000000001
-27.7442,-0.003061644
-27.7053,-0.0026385120000000004
-27.6664,0.004960065
-27.6275,-0.005830874999999999
-27.5885,0.0018905849999999
-27.5496,0.0051170550000000006
-27.5107,-0.0005353013999998999
-27.4718,0.001789809
-27.4329,0.0014413799999999
-27.394,0.0008092278255000001
-27.3551,-0.001973454
-27.3162,-0.0022477140000000005
-27.2773,-0.0038124899999999
-27.2383,0.0030534174
-27.1994,-0.0049387769999999
-27.1605,0.0012720549
-27.1216,-0.001201803
-27.0827,-0.00018777900000000011
-27.0438,0.0032424389999999997
-27.0049,0.0017460467999999999
-26.966,-0.00029458200000000016
-26.927,-0.001330581
-26.8881,0.0024962519999999
-26.8492,0.001178097
-26.8103,0.0012019079999999
-26.7714,-0.001659288
-26.7325,0.004490307
-26.6936,-0.0023849009999999
-26.6546,0.0004189707
-26.6157,0.000818772
-26.5768,-0.00030831300000000005
-26.5379,-0.0005084369999999
-26.499,0.00132317448
-26.4601,-0.001522647
-26.4212,0.00225777
-26.3823,-0.002408124
-26.3434,-0.0014858255999999999
-26.3044,0.0034649391000000002
-26.2655,0.000969162
-26.2266,0.0004008971999999
-26.1877,-0.0031098989999999997
-26.1488,0.00013726199999999992
-26.1099,-0.0010429059
-26.071,-0.00015411599999999999
-26.0321,0.00149913
-25.9931,0.00114855
-25.9542,-0.00222252
-25.9153,0.0027461759999999
-25.8764,0.006211701
-25.8375,0.0023894699999999
-25.7986,-0.0025076235
-25.7597,-0.00025783800000000003
-25.7207,-0.002305623
-25.6818,-0.0037037969999999
-25.6429,-0.0007693859999999999
-25.604,-0.0024435269999999
-25.5651,0.006209840999999999
-25.5262,-0.0031849635
-25.4873,-0.0020280929999999
-25.4484,0.003695706
-25.4095,-0.0014117489999998
-25.3705,-0.000509532
-25.3316,-0.0042681659999999995
-25.2927,-0.00033532200000000004
-25.2538,-0.0024720948
-25.2149,-0.0014161349999997999
-25.176,0.0036335404799999003
-25.1371,0.001442862
-25.0982,0.0034108109999999997
-25.0592,0.0012128820000000002
-25.0203,0.0013773825
-24.9814,0.001747542
-24.9425,-0.004838288999999999
-24.9036,-0.0003222744
-24.8647,0.002607912
-24.8258,0.000531732
-24.7869,0.0015429857999999998
-24.7479,0.0034639439999999003
-24.709,-0.0012548039999998998
-24.6701,-0.0046756379999999
-24.6312,0.0015089882999999998
-24.5923,-0.0013871069999999998
-24.5534,-0.0011108009999999
-24.5145,0.0009580649999999
-24.4756,1.5348299999999766e-05
-24.4366,-0.0033966909599999996
-24.3977,-0.002957322
-24.3588,0.0013708623
-24.3199,0.0011031953999999999
-24.281,0.000901995
-24.2421,-0.0052475489999999
-24.2032,-0.001000281
-24.1643,0.0034440719999999
-24.1253,-0.000707787
-24.0864,9.431399999999986e-05
-24.0475,-0.0012193863
-24.0086,0.0032544273
-23.9697,-0.0009742470000000001
-23.9308,-0.0001388681999999999
-23.8919,0.0013797872999998999
-23.853,0.008289351
-23.814,0.0025079580000000002
-23.7751,0.0027302796
-23.7362,-0.0006848099999999
-23.6973,0.0011983679999998998
-23.6584,-0.0034743750000000005
-23.6195,-0.0020175914999998
-23.5806,0.0029362041
-23.5417,-0.0010583990999999
-23.5027,0.0001847547
-23.4638,-0.0025174649999999
-23.4249,0.0029862285000000002
-23.386,-0.0035771459999999
-23.3471,7.256825999999995e-05
-23.3082,0.0033251220000000007
-23.2693,-7.362330000000041e-05
-23.2304,0.0016490520000000002
-23.1914,0.0027231213
-23.1525,0.0013042289999998999
-23.1136,-0.0033622836
-23.0747,-0.001964922
-23.0358,0.0002669637
-22.9969,3.82765200000001e-05
-22.958,0.002562849
-22.9191,-0.001438209
-22.8801,0.0017925329999999998
-22.8412,0.0019887899999998996
-22.8023,-0.0028889805
-22.7634,-0.001089309
-22.7245,0.0029974082999999997
-22.6856,0.0024192998999999996
-22.6467,0.00029021399999989994
-22.6078,-0.003721206
-22.5688,0.001422213
-22.5299,5.972700000000009e-05
-22.491,-0.00031353599999979997
-22.4521,0.004525539
-22.4132,-0.0004916125800000001
-22.3743,-0.0007949640000000001
-22.3354,-0.0030917489999999
-22.2965,0.0016256309999998998
-22.2575,-0.00018467399999999996
-22.2186,-0.0037210769999999997
-22.1797,0.0024429015
-22.1408,0.0017983707000000001
-22.1019,0.0014474822999999998
-22.063,0.002184267
-22.0241,0.0009934329000000001
-21.9852,-0.0018022760999999998
-21.9463,0.0027710651699999
-21.9073,4.03386000000001e-05
-21.8684,-0.00011555129999999976
-21.8295,-0.002598954
-21.7906,0.001188558
-21.7517,-0.001992003
-21.7128,0.0006430421999997998
-21.6739,-0.0004614509999998
-21.6349,-0.0005010029999997999
-21.596,-0.0007952265
-21.5571,-0.00048462269999989993
-21.5182,0.0040170489
-21.4793,0.000756978
-21.4404,-0.00097247481
-21.4015,0.0013773330000000001
-21.3626,0.0010806089999998
-21.3237,-0.0028627355999999004
-21.2847,0.004088592
-21.2458,0.0008183861999999
-21.2069,-0.0025419110999999
-21.168,-0.0022903746
-21.1291,0.0011023110000000001
-21.0902,-0.0018491550000000003
-21.0513,0.0006274619999999
-21.0124,0.003483612
-20.9734,-0.0023392499999999997
-20.9345,-0.000672888
-20.8956,0.0070919205
-20.8567,0.004942767
-20.8178,-0.0014048009999998996
-20.7789,-0.002611236
-20.74,-0.0032633682600000003
-20.701,-0.0021229224000000003
-20.6621,-0.002493594
-20.6232,-0.0021484889999999
-20.5843,-0.000729594
-20.5454,-0.0025943441999999
-20.5065,0.005703288
-20.4676,-0.0003002244
-20.4287,0.0017321922
-20.3898,-0.0011088708
-20.3508,0.003754488
-20.3119,-0.0018848832
-20.273,0.001772787
-20.2341,0.0027503609999999998
-20.1952,0.000625149
-20.1563,-0.0027565488
-20.1174,0.0003245699999999
-20.0785,0.000621669
-20.0395,-0.000995208
-20.0006,-0.0014621586
-19.9617,0.0021133082999999
-19.9228,-0.004913138999999899
-19.8839,0.0044075880000000005
-19.845,-0.006158225099999999
-19.8061,-0.004408700519999999
-19.7672,0.000620208
-19.7282,0.0006380132999998
-19.6893,0.0026724059999999
-19.6504,-0.0045476309999999
-19.6115,0.0019274768999999001
-19.5726,-0.0006536601
-19.5337,0.004220037
-19.4948,-0.0032167380000000002
-19.4559,0.000717333
-19.4169,0.0006247838999999999
-19.378,0.0014818379999999001
-19.3391,0.000725148
-19.3002,-0.0005031848999999
-19.2613,-0.0030371339999999995
-19.2224,0.0001603926
-19.1835,0.002933832
-19.1446,-0.0037927329
-19.1056,0.0023037359999998996
-19.0667,0.003445125
-19.0278,-0.0010832999999997998
-18.9889,-0.0006668703000000001
-18.95,-0.0006498810000000002
-18.9111,-0.0030752810999999996
-18.8722,0.0035745969
-18.8333,-0.0017908478999999
-18.7943,0.0050170109999999
-18.7554,0.001531506
-18.7165,0.0039070079999998
-18.6776,0.0023071704
-18.6387,-0.0013125329999999998
-18.5998,0.0031110689999999997
-18.5609,0.0019077119999998998
-18.522,-0.0004646669999997999
-18.483,0.004723511999999899
-18.4441,0.0024042029999999997
-18.4052,-0.0001628394
-18.3663,-0.0016550354999999997
-18.3274,-0.0017592419999998999
-18.2885,0.0008294466
-18.2496,0.0011890682999999998
-18.2107,0.0013870379999999997
-18.1717,0.006502383
-18.1328,-0.0037254135599999
-18.0939,-0.0008681496
-18.055,0.0020409480000000003
-18.0161,0.002529522
-17.9772,-0.0015315329999999999
-17.9383,0.0011626919999999
-17.8994,-0.0017870752500000003
-17.8605,0.0026506560000000004
-17.8215,-0.006076176
-17.7826,0.0050341205999999
-17.7437,-0.0006261006
-17.7048,0.0024621659999999
-17.6659,0.0004723835999998999
-17.627,0.005583726
-17.5881,-0.0032528109
-17.5491,0.0014015909999999
-17.5102,-0.0020869439999999
-17.4713,-0.0011887494
-17.4324,0.004589583600000001
-17.3935,0.0029376359999999995
-17.3546,0.0017448663
-17.3157,-0.0028178588999999998
-17.2768,0.0019456394999999998
-17.2378,0.0051081449999999
-17.1989,0.0011500425
-17.16,0.000827607
-17.1211,0.00042570300000000004
-17.0822,0.0084316349999999
-17.0433,0.0044014761
-17.0044,0.0005512055999999001
-16.9655,0.002139537
-16.9266,0.0007624499999998998
-16.8876,0.0030314696999999995
-16.8487,0.0024979110000000002
-16.8098,-0.0038316780000000003
-16.7709,0.000770739
-16.732,-0.002689422
-16.6931,-0.0018135509999998999
-16.6542,-0.0014415720000000001
-16.6152,-0.0041372052
-16.5763,-0.0003039408
-16.5374,-0.0011023289999999
-16.4985,-0.00035011079999990003
-16.4596,-0.0005558009999999
-16.4207,-0.0040898466
-16.3818,-0.001882806
-16.3429,-7.720200000000005e-05
-16.304,-0.0042943649999999
-16.265,-0.0022239005999998
-16.2261,-0.0026061050999999997
-16.1872,0.001649283
-16.1483,0.002773254
-16.1094,0.0023811776999999998
-16.0705,0.0009731135999998999
-16.0316,0.0028816923
-15.9927,0.00040451699999980004
-15.9537,0.0033728039999999003
-15.9148,0.0005695919999999
-15.8759,0.000812739
-15.837,0.004532909999999999
-15.7981,0.001979082
-15.7592,0.0023515139999997995
-15.7203,-0.005511015
-15.6814,-0.0029364630000000003
-15.6424,0.005112711
-15.6035,-7.655999999999874e-06
-15.5646,0.0004706699999999
-15.5257,0.000519717
-15.4868,-0.0011667179999997998
-15.4479,-0.003265872
-15.409,0.004551362999999999
-15.3701,0.0011550849
-15.3311,0.006203058
-15.2922,0.004323374999999999
-15.2533,-0.001780179
-15.2144,0.0026324490000000002
-15.1755,-0.0011746349999999998
-15.1366,0.00329751
-15.0977,-0.0031058910000000004
-15.0588,-0.0025532939999998
-15.0198,-0.000950997
-14.9809,-0.00013678499999999984
-14.942,-0.003309906
-14.9031,0.004380741
-14.8642,-0.00041177202000000006
-14.8253,0.002892981
-14.7864,-0.0010143623999999
-14.7475,0.0005998020000000001
-14.7085,0.0047299041
-14.6696,0.001585566
-14.6307,-0.0015185189999999999
-14.5918,-0.0005292548999999999
-14.5529,-0.0032801790000000003
-14.514,0.0005197446
-14.4751,0.0007024890000000002
-14.4362,-0.002196678
-14.3972,0.0032154030000000004
-14.3583,0.001496562
-14.3194,0.00020575590000000002
-14.2805,-0.0018892103999998998
-14.2416,0.008061864
-14.2027,0.0023880867
-14.1638,-0.0026124300000000002
-14.1249,0.0009725775
-14.0859,-0.0003009659999999
-14.047,0.0007987758
-14.0081,-0.0032282516999999995
-13.9692,0.0026687166
-13.9303,-0.0002938152
-13.8914,-0.0064886409
-13.8525,-1.5153089999999995e-05
-13.8136,-0.00018029190000000002
-13.7746,0.004853553
-13.7357,-0.0013329314999999998
-13.6968,-0.004094283
-13.6579,-0.0038780489999999997
-13.619,-0.0025846529999997998
-13.5801,0.0028629227999998
-13.5412,0.0017485349999999998
-13.5023,0.0018300582
-13.4633,0.0031352789999999995
-13.4244,0.003726873
-13.3855,-0.00039794939999989994
-13.3466,-0.0033130620000000003
-13.3077,0.0025858589999998003
-13.2688,-0.00190727478
-13.2299,-0.0013736924999999
-13.191,0.0024082770000000003
-13.152,-0.001612293
-13.1131,-0.0041468111999999
-13.0742,0.003360783
-13.0353,0.0008887259999998
-12.9964,0.002524326
-12.9575,0.0037065704999999
-12.9186,-0.0045797879999999
-12.8797,-0.000495873
-12.8408,-0.0041293499999999995
-12.8018,0.003991668
-12.7629,-0.0005863169999997999
-12.724,-0.0009922623
-12.6851,-0.00037495500000000006
-12.6462,-0.001674798
-12.6073,6.377843999999988e-05
-12.5684,0.0055101180000000005
-12.5294,0.00018030000000000002
-12.4905,-0.0037474500000000003
-12.4516,-0.004594757999999999
-12.4127,0.0020831685
-12.3738,-0.001155282
-12.3349,-0.00027707700000000003
-12.296,0.00506148264
-12.2571,-0.0007130408999997999
-12.2181,-1.409699999999997e-05
-12.1792,0.006515847
-12.1403,0.0040985519999999
-12.1014,0.001150659
-12.0625,0.0027212207999999
-12.0236,0.0054864989999998
-11.9847,0.004192548
-11.9458,0.0011877012
-11.9069,-0.0022125749999999
-11.8679,-0.0012478676999999
-11.829,0.0009815778
-11.7901,0.004064442
-11.7512,0.0004642379999997999
-11.7123,0.0009855899999999
-11.6734,0.0006500220000000001
-11.6345,0.0054958596
-11.5956,-0.00459885
-11.5566,-0.004807931999999899
-11.5177,-0.002251371
-11.4788,-0.0052383408
-11.4399,0.00013813979999999996
-11.401,-0.005317845
-11.3621,0.0021325985999999996
-11.3232,0.004150902
-11.2843,0.004812227099999801
-11.2453,0.0012299910000000002
-11.2064,-0.0026839424999999997
-11.1675,-0.004023531
-11.1286,0.0016212885000000002
-11.0897,0.0039040500000000005
-11.0508,-0.000216834
-11.0119,-0.0011487621
-10.973,-0.0053243189999999
-10.934,-0.0043692699
-10.8951,-0.0044382692999999996
-10.8562,-0.0015615359999999999
-10.8173,-0.0023572169999997996
-10.7784,0.004889932500000001
-10.7395,0.006147089999999999
-10.7006,0.004945176000000001
-10.6617,-0.006689423999999999
-10.6227,-0.0025141050000000004
-10.5838,-0.0023429189999998
-10.5449,0.003566517
-10.506,-0.002357601
-10.4671,-0.0009450659999999999
-10.4282,0.00440505288
-10.3893,0.0016498020000000001
-10.3504,-0.000738069
-10.3114,0.0018330483
-10.2725,0.0006465360000000001
-10.2336,0.0015192876
-10.1947,-0.0007069229999999
-10.1558,-0.0035732369999998998
-10.1169,-0.0005752812
-10.078,0.00206352
-10.0391,0.000742152
-10.0001,0.002759679
-9.96124,0.006390816
-9.92232,0.0032136893999999997
-9.88341,-0.008252424000000001
-9.8445,-0.003719616
-9.80558,3.3060000000003373e-06
-9.76667,0.00035526269999979995
-9.72776,-0.0007116234
-9.68884,0.0053684127
-9.64993,-0.002885424
-9.61102,-0.0003814119
-9.57211,0.011078697
-9.5332,0.0027751161
-9.49429,0.0074903700000000005
-9.45537,-0.0024451388999999
-9.41646,-0.006351347999999799
-9.37755,-0.0005754341999999
-9.33863,-0.0074537579999999996
-9.29972,-0.001388712
-9.26081,-0.0003271616999999
-9.22189,0.00434232
-9.18298,-0.0033479606999998
-9.14407,0.004887984
-9.10516,-0.005279067
-9.06625,0.0005956619999997999
-9.02734,0.0025940664
-8.98842,0.001025625
-8.94951,0.00021530099999989992
-8.9106,-0.0035782139999998995
-8.87168,-0.0044734755
-8.83277,-0.002654043
-8.79386,0.00054678813
-8.75494,0.0004979699999999999
-8.71603,0.00440124654
-8.67712,-0.0014147361000000002
-8.63821,0.005717319
-8.5993,-0.0012384045
-8.56039,-0.0014971164
-8.52147,-2.1937200000000085e-05
-8.48256,0.0040607352
-8.44365,-0.0007050599999997999
-8.40474,0.0037170077999997995
-8.36582,-0.0016885499999998999
-8.32691,0.007409081999999899
-8.288,0.001817607
-8.24908,0.0038279580000000002
-8.21017,-0.005581206
-8.17126,-0.0067881569999999995
-8.13235,-0.001685289
-8.09344,0.0018563568000000003
-8.05453,-0.0021035361
-8.01561,-0.0006933299999998
-7.9767,-0.003884388
-7.93779,0.0021024
-7.89887,-0.0007915221
-7.85996,0.006440721
-7.82105,-0.0025458779999999997
-7.78214,-0.0020339487599999
-7.74323,-0.001219179
-7.70432,0.0054443429999999
-7.6654,0.0003251601
-7.62649,-0.0006244050000000001
-7.58758,-0.0047428359
-7.54866,0.0011005556999998
-7.50975,0.0010401737999999
-7.47084,-0.000549417
-7.43192,0.002787243
-7.39301,0.002098107
-7.3541,-0.0020677169999999
-7.31519,-0.0023670270000000003
-7.27628,-0.00275964537
-7.23737,-0.005254605
-7.19845,-0.003031296
-7.15954,-0.003130713
-7.12063,-0.0023385026999999
-7.08171,-0.0002492340000000001
-7.0428,0.004947460799999999
-7.00389,0.0031174019999999996
-6.96497,-0.0005591135999999
-6.92606,0.0017190239999999996
-6.88715,-0.000542358
-6.84824,0.00226356423
-6.80933,-0.0015177386999998997
-6.77042,0.001796976
-6.7315,0.000942039
-6.69259,0.0018876020999999002
-6.65368,0.0012749669999998997
-6.61477,0.00187665
-6.57585,0.0031342666199999
-6.53694,-0.0012778139999998
-6.49803,-0.00031097700000000015
-6.45911,0.001612332
-6.4202,0.0007792680000000003
-6.38129,0.0007561551000000001
-6.34238,0.0029740680000000003
-6.30347,0.004345236000000001
-6.26456,0.0055122455999999
-6.22564,-0.001160985
-6.18673,0.0022466679
-6.14782,0.0002504699999999
-6.1089,0.0023176026
-6.06999,0.0007721489999997999
-6.03108,0.0011821739999999998
-5.99216,-0.000816588
-5.95325,0.0010949279999998998
-5.91434,0.0022245060000000002
-5.87543,0.005826134100000001
-5.83652,-0.0015418049999999
-5.79761,0.0012579359999999001
-5.75869,-0.0075193829999999
-5.71978,0.0009736619999998998
-5.68087,-0.0029622809999999998
-5.64195,-0.00025308
-5.60304,0.005186232
-5.56413,0.0008968658999999001
-5.52522,-0.0009663510000000002
-5.48631,0.0028235067
-5.4474,0.0008956679999997999
-5.40848,0.0064128779999999995
-5.36957,0.003388032
-5.33066,0.003664974
-5.29174,-0.0008950739999999999
-5.25283,-0.000975402
-5.21392,0.0038212608
-5.175,0.006274910999999999
-5.13609,-0.0007173954000000001
-5.09718,0.0033458519999998997
-5.05827,-0.00438474
-5.01936,-0.0046637562
-4.98045,0.000539208
-4.94154,0.0014708064
-4.90262,-0.006084533999999999
-4.86371,-0.002257002
-4.8248,0.003270498
-4.78588,0.0009338819999997999
-4.74697,-0.0036207209999999995
-4.70806,-0.001130928
-4.66914,0.00035943
-4.63023,0.004379529
-4.59132,-0.000315366
-4.55241,0.0017028359999999999
-4.5135,-0.007805768999999999
-4.47459,-0.0009976110000000002
-4.43567,0.000423477
-4.39676,-0.0046327152
-4.35785,-0.0003569099999998
-4.31893,0.0005977350000000001
-4.28002,-0.0026440187999999996
-4.24111,-0.00018135299999989997
-4.20219,-0.0008659469999999999
-4.16328,0.0025128569999999
-4.12437,-0.0013796489999999
-4.08546,0.004954395
-4.04655,0.0007455534000000001
-4.00764,-0.005566208999999999
-3.96872,-0.0015065697
-3.92981,0.0040375013999999
-3.8909,0.0025431897
-3.85198,-0.001601742
-3.81307,-0.0012736019999999
-3.77416,0.00040613400000000005
-3.73524,-0.0029775780000000003
-3.69633,-0.0024665100000000003
-3.65742,-0.0020439704999999997
-3.61851,-0.00011116350000000007
-3.5796,0.0006616769999997998
-3.54069,0.003787038
-3.50177,-0.008324345999999901
-3.46286,-0.0007096169999999002
-3.42395,-0.002188671
-3.38503,-0.0016992449999999998
-3.34612,0.0003818177999999
-3.30721,0.0009990956999998
-3.2683,0.0033413205
-3.22939,-0.00380685
-3.19048,-0.0007176785999999999
-3.15157,0.0016982225999999999
-3.11265,0.000666747
-3.07374,-0.0027235439999997997
-3.03483,0.0004478150999998999
-2.99591,-0.001096224
-2.957,0.01013817
-2.91809,-0.0020647889999999
-2.87917,-0.0008201145
-2.84026,-0.005807847
-2.80135,-0.00022788600000000006
-2.76244,0.0040708266
-2.72353,0.001677381
-2.68462,0.00044652599999989997
-2.6457,-0.0020751719999999
-2.60679,0.0037965959999999997
-2.56788,-0.0058086966
-2.52896,-0.0002127869999998999
-2.49005,-0.0003486941999999
-2.45114,-0.0017024610000000002
-2.41222,0.0018476700000000003
-2.37331,-0.0003403104
-2.3344,-0.0021804870000000005
-2.29549,-0.00092163
-2.25658,0.003420414
-2.21767,0.001086861
-2.17875,0.002210142
-2.13984,-0.0005147259
-2.10093,-0.0003600209999999
-2.06201,-0.0033419526000000002
-2.0231,-0.006004161900000001
-1.98419,-0.00114520284
-1.94527,0.001186887
-1.90636,-0.0015151680000000003
-1.86745,-0.0024400019999999997
-1.82854,0.002101089
-1.78963,0.0043019489999999
-1.75072,0.0048418209
-1.7118,0.0018003420000000003
-1.67289,0.0015888360000000002
-1.63398,0.0016098450000000002
-1.59506,1.0769999999999953e-05
-1.55615,-0.0018709979999999
-1.51724,-0.002586132
-1.47833,0.0011896109999999002
-1.43941,0.0035065593
-1.40051,0.0059141274
-1.3616,-0.003777726
-1.32268,0.0036511919999999993
-1.28377,0.0007888499999999
-1.24486,0.0011445779999999998
-1.20594,0.0004246380000000001
-1.16703,0.0017031779999999999
-1.12812,0.0006986283000000001
-1.0892,-0.0004467089999998999
-1.05029,0.00174403974
-1.01138,0.0005518359
-0.972466,0.0025518449999999996
-0.933556,-0.0025607099999998
-0.894646,0.0010560149999999
-0.855728,-0.0023029859999999
-0.816818,0.0008405430000000001
-0.777908,0.0005542019999999
-0.738991,0.0014108099999999
-0.700081,0.0030208590000000007
-0.661171,-0.0006131579999999999
-0.622253,0.0009563703
-0.583344,0.0013764570000000002
-0.544434,0.0017110620000000002
-0.505516,0.0032601569999999
-0.466606,-0.0010792287
-0.427696,-0.00499575
-0.388779,0.00479265
-0.349869,0.002147793
-0.310959,0.0007442279999998999
-0.272041,0.0030382226999999995
-0.233131,0.002664189
-0.194221,0.005041467
-0.155304,0.0014615535
-0.116394,-0.010696332000000001
-0.0774841,0.0047865359999998
-0.0385666,-0.0029771906999999
0.000343323,-0.0011566679999999
0.0392532,-0.0004797120000000001
0.0781708,-0.0029592329999999995
0.117081,-0.004359234
0.155991,0.0023079539999999996
0.194901,-0.0027994379999999
0.233818,-0.001777461
0.272728,0.0033059190000000005
0.311638,0.0011172116999998997
0.350555,-0.0025443
0.389465,0.0018773667000000001
0.428375,0.0034904969999999995
0.467293,0.0027581144999999003
0.506203,-0.0054289112999999
0.545113,0.006045884999999999
0.58403,-0.0058541369999999
0.62294,0.002108637
0.66185,0.0066484383
0.700768,-0.007325655
0.739677,0.0025553579999999004
0.778587,-0.0029559090000000005
0.817505,0.0039553769999999995
0.856415,0.00037063320000000005
0.895325,-0.0067840053
0.934242,0.0038967135
0.973152,-0.0020945405999999002
1.01206,-0.0038977097999999
1.05098,0.0015952326
1.08989,-8.499899999999988e-05
1.1288,0.0006522809999998999
1.16772,-0.003271698
1.20663,0.00038094179999989997
1.24554,0.0005493659999999999
1.28445,-0.0018764430000000002
1.32336,0.005596542
1.36227,0.005317121999999901
1.40119,0.0020228339999999
1.4401,0.0033671099999999995
1.47901,0.0020283870000000004
1.51793,0.0002521371
1.55684,0.0027126983999999
1.59575,-0.00014485500000000032
1.63467,-0.0031483127999998996
1.67358,0.000506091
1.71249,-0.0012974729999997998
1.7514,0.002490216
1.79031,-0.0003059579999999
1.82922,-0.004061874
1.86813,0.0016566567
1.90705,0.00047946900000000016
1.94596,-0.0035932409999997997
1.98487,0.0013051695000000003
2.02379,-0.0025255139999999002
2.0627,0.0017620499999998999
2.10161,0.0023344439999999998
2.14053,0.0011329619999997998
2.17944,-0.006033225000000001
2.21835,0.002220123
2.25726,9.241500000000007e-05
2.29617,0.003327375
2.33508,-0.0009716826
2.374,-0.003958212
2.41291,0.002929887
2.45182,0.0010273422
2.49074,-0.0026379809999999997
2.52965,-0.0020199719999999
2.56856,0.00493215
2.60748,-0.0035588430000000003
2.64639,-0.003705099
2.6853,0.000277269
2.72421,0.004394462999999901
2.76312,-0.0006791099999999999
2.80203,-0.0028256640000000003
2.84095,0.0015624089999999998
2.87986,0.0010473239999999999
2.91877,-0.0008361468
2.95769,0.000370764
2.9966,-0.0027346139999999
3.03551,0.0044067839999999
3.07442,-0.0003577259999998
3.11333,-0.003677301
3.15224,0.00039661859999979996
3.19116,-0.0044270723999999
3.23007,0.003049272
3.26898,0.00260991933
3.3079,-0.0027534810000000003
3.34681,-0.0029090129999998996
3.38572,-0.001055076
3.42464,-7.118400000000012e-05
3.46355,0.0035888369999999004
3.50246,-0.007361373
3.54137,0.003919758
3.58028,0.000759711
3.61919,-0.00016778999999999996
3.6581,-0.0010406399999999
3.69702,0.003934659
3.73593,-0.00046262399999989995
3.77484,0.004171062
3.81376,0.0020884146
3.85267,0.0010916819999998999
3.89158,0.00042566489999989993
3.9305,0.002077395
3.96941,-0.0044360925
4.00832,-0.001462161
4.04723,-0.007039272000000001
4.08614,0.0054233879999999
4.12505,0.001537422
4.16397,-0.003626718
4.20288,-0.000873738
4.24179,0.0007309799999998999
4.28071,-0.00023720399999989993
4.31962,0.001394712
4.35853,0.0005328678
4.39745,0.004801716
4.43636,-0.0001681919999999
4.47527,-0.001904709
4.51418,0.0041239829999999995
4.55309,0.001527534
4.592,0.001887006
4.63092,0.0013097831999997998
4.66983,-0.0014366142
4.70874,0.002764608
4.74766,-0.00042399600000000005
4.78657,-0.00032408999999979993
4.82548,-0.0016441169999999998
4.8644,-0.0020109123
4.90331,0.00146487
4.94221,-0.0031650689999999995
4.98113,0.0046125771
5.02004,-0.0020265839999999997
5.05895,0.004370229
5.09787,0.0024389099999998997
5.13678,0.0017479739999999998
5.17569,-0.000551793
5.21461,0.001328697
5.25352,0.001204386
5.29243,-0.0001502751
5.33134,0.001092768
5.37025,-0.0006865707000000001
5.40916,-0.0034362522000000004
5.44807,-0.0014080769999999998
5.48699,0.004029927
5.5259,0.00021204029999999998
5.56481,0.0011536335
5.60373,0.0021490469999998
5.64264,0.0028052294999999
5.68155,-0.005906136
5.72047,-0.0003767817
5.75938,-0.0029636159999999
5.79829,-0.004797194999999899
5.8372,0.0094730909999999
5.87611,-0.0023431979999998997
5.91502,-0.0013148717999999
5.95394,0.0013612916999999
5.99285,-0.0009980100000000001
6.03176,0.0051396359999999
6.07068,-0.0010895748
6.10959,0.0029845046999999
6.1485,-0.0017941409999999
6.18742,-0.00453267252
6.22633,0.0021763503
6.26524,-0.0007634703000000001
6.30415,-0.0014411823
6.34306,0.00214626
6.38197,0.004023594
6.42089,0.0009825300000000001
6.4598,-0.0006466089
6.49871,-0.00037255169999989994
6.53763,0.0023363939999998997
6.57654,0.0018718229999997997
6.61545,-0.002163933
6.65437,0.0020322816
6.69328,0.0018241050000000003
6.73219,-0.0007422456
6.7711,0.0023366105999999
6.81001,0.0002183639999998999
6.84892,-0.0059834250000000005
6.88784,1.494059999999995e-05
6.92675,0.0021862500000000003
6.96566,-0.0016134629999999999
7.00457,0.0008207099999997999
7.04349,0.004701795
7.0824,0.0004994654999998
7.12131,-0.001750908
7.16022,-0.002353839
7.19913,0.00472647
7.23804,0.0007353450000000001
7.27696,-0.0029329302
7.31587,0.003434067
7.35478,0.00028997100000000003
7.3937,0.0025005629999999
7.43261,0.004176798000000001
7.47152,-0.004848254999999999
7.51044,-0.001193055
7.54935,-0.0023478330000000006
7.58826,0.0068529329999999986
7.62717,-0.004211445899999999
7.66608,0.0021732236999998
7.70499,-0.0031964097
7.74391,-0.001772181
7.78282,0.00152494329
7.82173,-0.0009016422
7.86065,-0.0018859559999998999
7.89956,-0.0013626480000000002
7.93847,0.0009236820000000001
7.97739,0.004947897
8.0163,-0.002351928
8.05521,-0.0012827975999999998
8.09412,0.0057842579999999
8.13303,0.0006065310000000001
8.17194,-0.0014422413
8.21086,0.002359206
8.24977,0.0016215345000000002
8.28868,0.0057399419999998
8.3276,-0.0011165579999998
8.36651,0.001642122
8.40542,-0.0012952889999999
8.44434,0.0022524384
8.48325,-0.0020472149999999
8.52216,0.0015048312
8.56107,0.0023040393
8.59998,-0.00040505343
8.63889,-0.0045738720000000005
8.67781,0.0029968530000000003
8.71672,0.0027298199999999996
8.75563,0.0007843889999999999
8.79454,0.0036640047
8.83346,0.0032499939
8.87237,0.0018085763999999998
8.91128,-0.0009503789999998
8.9502,0.0039994289999998
8.98911,0.0025285439999999998
9.02802,-0.0014183369999998
9.06693,-0.0005071289999997999
9.10584,0.001685592
9.14476,0.0030707069999998996
9.18367,0.0061346939999999996
9.22258,-0.0039572526
9.26149,0.0012383280000000003
9.3004,0.0012729326999999999
9.33932,0.0003914189999999
9.37823,0.0040685759999999
9.41714,0.0013996019999998998
9.45605,0.004511928
9.49497,0.0012755249999999
9.53388,0.0033736680000000002
9.57279,0.001382673
9.61171,-0.0031920569999998997
9.65062,0.0022976533466999996
9.68953,-0.0025433699999999997
9.72844,0.0012508530000000003
9.76735,0.005417234999999999
9.80627,0.0021704999999999997
9.84518,0.0016857690000000002
9.88409,0.0022314789899999
9.923,0.0011754899999998
9.96192,0.003834672
10.0008,-0.0016752170999998002
10.0397,-0.005863704
10.0787,0.0036472769999999
10.1176,-0.00033189600000000004
10.1565,0.005434314000000001
10.1954,-0.007533513000000001
10.2343,0.0021976853999999
10.2732,-0.0026409048
10.3121,0.003081702
10.351,-0.004817277
10.39,-0.0029135669999998002
10.4289,-0.0039803939999999
10.4678,-0.0035383650000000003
10.5067,0.003661335
10.5456,-0.0023672159999998995
10.5845,-0.002930223
10.6234,0.0028005054
10.6623,0.005747685
10.7013,-0.004643118
10.7402,-0.0005198003999997999
10.7791,-0.002464662
10.818,-0.003402696
10.8569,0.006751653
10.8958,-0.00015076799999989995
10.9347,0.007887567000000002
10.9736,0.0027573102
11.0126,0.0026374860000000005
11.0515,-0.000986901
11.0904,-0.001899657
11.1293,-0.004415289
11.1682,0.00026089859999999985
11.2071,0.003789669
11.246,0.000886263
11.2849,-0.0012469157999999
11.3238,0.0034824492
11.3628,-0.004049286
11.4017,0.00586359
11.4406,-0.000825126
11.4795,-0.0005001404999998
11.5184,0.0008072279999999999
11.5573,-0.00043498199999980006
11.5962,0.002089632
11.6352,-0.0008612579999999999
11.6741,-0.005545815
11.713,-0.004990082999999999
11.7519,0.000851571
11.7908,0.0023287919999998
11.8297,-0.0005140709999997999
11.8686,0.0018030149999999
11.9075,0.0015481233
11.9464,-0.0016334294999999998
11.9854,0.002854491
12.0243,0.0020199906000000004
12.0632,0.0055885289999998995
12.1021,0.0002074242
12.141,0.001647042
12.1799,0.0011242892999999998
12.2188,-0.0013555304999999
12.2577,-0.000755439
12.2967,0.003910028999999899
12.3356,-0.0008741039999998999
12.3745,0.0007045749
12.4134,-0.0017687811000000001
12.4523,-0.001541775
12.4912,-0.0017637569999998004
12.5301,0.0025552789499999
12.569,0.00062483049
12.608,-0.0032885679
12.6469,-0.00034992177
12.6858,0.004492572
12.7247,-0.001784001
12.7636,-0.0031696007999999997
12.8025,-0.001607361
12.8414,-0.000105501
12.8803,-0.004741818
12.9193,0.001352475
12.9582,-0.004924452
12.9971,0.004920936000000001
13.036,0.00246087
13.0749,0.00157741122
13.1138,0.0036345393
13.1527,0.001178112
13.1916,-0.000188781
13.2306,0.00494064
13.2695,0.0012411809999998001
13.3084,0.003487839
13.3473,3.5456999999999833e-05
13.3862,0.0008601539999999999
13.4251,0.0036290309999999996
13.464,0.0011060459999999999
13.5029,-0.0014722965
13.5419,0.0067798143
13.5808,0.008800676999999901
13.6197,-0.0005988383999999
13.6586,0.001404729
13.6975,-0.001644474
13.7364,0.00352929
13.7753,0.0019382129999999
13.8142,0.004038114
13.8532,-0.004547972999999999
13.8921,-0.0011678949000000001
13.931,-0.0027523409999999
13.9699,0.003800328
14.0088,0.0020775089999998
14.0477,0.004382679600000001
14.0866,0.0036708029999999994
14.1255,0.0043268759999999995
14.1645,0.0024811229999999
14.2034,-0.000487797
14.2423,0.007202649
14.2812,0.0082672139999999
14.3201,-0.0059544
14.359,0.004722711
14.3979,0.00423609429
14.4368,-0.00054972
14.4758,0.0029383350000000003
14.5147,0.0010331288999999
14.5536,-0.0025238399999998
14.5925,0.0011656139999999
14.6314,-0.0038961869999999997
14.6703,0.009073749
14.7092,0.006656394
14.7481,0.00300804
14.7871,0.0023003943
14.826,-0.0009911202
14.8649,-0.000997791
14.9038,0.002931912
14.9427,0.0014455199999998999
14.9816,0.004589589
15.0205,0.0039947729999999
15.0594,-0.002881317
15.0984,-0.00191388828
15.1373,-0.0026537310000000003
15.1762,-0.001496052
15.2151,0.00019392899999990006
15.254,-0.0044062301999998
15.2929,-0.0050252361
15.3318,0.00019843199999989994
15.3707,0.0040700973000000005
15.4097,-0.0025427844000000003
15.4486,-0.0001836179999999
15.4875,0.002901366
15.5264,0.0016571645999999998
15.5653,-0.004156425
15.6042,0.0066628079999998995
15.6431,8.551139999999979e-05
15.682,0.00032340234000000003
15.721,-0.004285182
15.7599,-0.0022409102999997998
15.7988,0.0046104038999999
15.8377,0.0029355239999999997
15.8766,0.0027050339999999
15.9155,-0.003511185
15.9544,0.0050402729999999
15.9933,0.001029786
16.0322,0.003418344
16.0712,-0.003143856
16.1101,0.0009633042
16.149,-0.0007483559999997999
16.1879,0.0012261113999999002
16.2268,0.0028554677999998996
16.2657,-0.0023913599999998004
16.3046,0.0017420969999999997
16.3435,-0.0052220669999999995
16.3825,-0.0007996377
16.4214,0.0019987974
16.4603,0.0038826510000000004
16.4992,-0.0029752275
16.5381,0.0014837249999998
16.577,-0.0019852559999999
16.6159,-0.004703334
16.6549,-0.0008811770999998999
16.6938,-0.0037625079
16.7327,-0.0012333179999999
16.7716,0.001642695
16.8105,-0.00014005500000000023
16.8494,0.0024276930000000003
16.8883,0.002017035
16.9272,-0.0009209249999999
16.9661,0.006780549
17.0051,0.0002278799999998999
17.044,0.0011783370000000002
17.0829,0.0020082089999999995
17.1218,0.0011890529999999998
17.1607,0.0013646886000000002
17.1996,-0.0005282267999999
17.2385,-2.4903899999999984e-05
17.2774,0.0073600403999998995
17.3164,-0.0006988950000000002
17.3553,-0.0025224899999999003
17.3942,0.001951965
17.4331,0.0015002766000000002
17.472,0.0007005389999999
17.5109,0.005902005899999999
17.5498,0.0008522360999999
17.5887,-0.0014107559999998
17.6277,0.006885156000000001
17.6666,0.000614742
17.7055,-0.0009417869999998998
17.7444,-0.000482034
17.7833,2.92529999999997e-06
17.8222,0.0035916959999999997
17.8611,0.00035806499999980004
17.9,0.004569731999999999
17.939,-0.001897902
17.9779,0.005479086
18.0168,0.0032051339999999
18.0557,0.0055890779999999
18.0946,-0.0009589980000000001
18.1335,-0.0006088779
18.1724,0.0026828271
18.2113,-0.007146572999999901
18.2503,0.0024326694000000003
18.2892,0.0006885779999999
18.3281,-0.001976082
18.367,-0.0005358707999999
18.4059,-0.0041255043
18.4448,0.003151986
18.4837,0.0036953159999999997
18.5226,0.0055351409999999995
18.5616,0.007592184
18.6005,0.001571472
18.6394,-0.0002696508
18.6783,-0.0023788739999999
18.7172,0.0053298749999999995
18.7561,-0.0011636742
18.795,-0.0038761662
18.8339,0.003385605
18.8729,-0.0037339889999998994
18.9118,0.0009377664
18.9507,-0.0049799369999999
18.9896,-0.002655321
19.0285,-0.007132353
19.0674,0.0023015501999999
19.1063,-0.0021627138
19.1452,0.003317988
19.1842,0.0011251715999999999
19.2231,0.002331783
19.262,-0.0002806346999999
19.3009,0.000668874
19.3398,0.0022915697999999003
19.3787,0.0007973579999999
19.4176,0.008462418
19.4565,6.446729999999998e-05
19.4955,0.009897867
19.5344,-0.0016996733999999
19.5733,0.0041029464
19.6122,0.0001411005
19.6511,-0.0006984089999998001
19.69,0.00036987300000000006
19.7289,0.0007117289999998
19.7678,0.0012457730999998
19.8068,-0.003459801
19.8457,0.0006534335999998
19.8846,0.002997825
19.9235,0.0018494190000000001
19.9624,-0.0027232697999998996
20.0013,-0.00014874600000000014
20.0402,0.002341794
20.0791,0.0028255560000000003
20.1181,-0.002118546
20.157,0.005818782
20.1959,-0.001032861
20.2348,0.001535862
20.2737,0.0037125749999999996
20.3126,0.0002992347
20.3515,-0.0013401329999999
20.3904,-0.0006260211000000001
20.4294,0.0039869277
20.4683,0.0052525529999998995
20.5072,-0.00033737009999999996
20.5461,-0.0005446563
20.585,0.0016379189999999
20.6239,0.006970248
20.6628,0.0015923909999999999
20.7017,0.0011078969999998999
20.7407,0.001226616
20.7796,0.0005289210000000001
20.8185,0.004794252000000001
20.8574,-0.000439113
20.8963,0.0005250984000000001
20.9352,0.0002890545
20.9741,0.005250219
21.013,0.00167544
21.0519,0.0034937301600000007
21.0909,-0.004572369
21.1298,-0.00091649268
21.1687,0.0013891907999999998
21.2076,0.0028791287999999997
21.2465,0.0018228221999998999
21.2854,-0.0016629149999998999
21.3243,0.0001270920000000001
21.3632,0.00237813
21.4022,-0.001230819
21.4411,0.00012464099999999955
21.48,0.0026427663
21.5189,0.0035524199999999997
21.5578,0.0113554679999999
21.5967,0.002424612
21.6356,0.007482636000000001
21.6745,-0.003045939
21.7135,0.0041703090000000005
21.7524,0.0024316529999999998
21.7913,0.0012416862
21.8302,0.0078760379999999
21.8691,-0.0041225459999999
21.908,0.0028205549999999998
21.9469,-0.0003190418999998
21.9858,0.001699041
22.0248,0.004114818
22.0637,-0.0004997307
22.1026,0.0021826529999999
22.1415,-0.0031873739999998996
22.1804,0.0056658629999999
22.2193,-0.004556262
22.2582,0.0028006590000000005
22.2971,0.0023864039999997996
22.3361,0.0058091819999999995
22.375,-0.001892766
22.4139,-0.00017135369999999998
22.4528,0.0017523918000000001
22.4917,0.00310801932
22.5306,0.0038973801
22.5695,0.000311931
22.6084,-0.00243891
22.6474,-0.0031870500000000003
22.6863,0.0043096319999997995
22.7252,0.0025969229999999
22.7641,0.0030037209
22.803,-0.0026443589999999
22.8419,0.005656494
22.8808,0.0031818059999999997
22.9197,-9.90509999999954e-06
22.9587,0.000348858
22.9976,-0.0030928019999999002
23.0365,0.0009987629999999
23.0754,-0.0012981749999997998
23.1143,-0.00024411599999989993
23.1532,0.001758717
23.1921,0.004980282
23.231,0.00401787
23.27,0.0016197204
23.3089,0.0016594986
23.3478,0.002265756
23.3867,0.0007213566
23.4256,-0.001234035
23.4645,-0.00543414
23.5034,0.0051132929999999
23.5423,0.0015338109
23.5813,0.00050013
23.6202,-0.0039247049999999
23.6591,-0.00041925879000000003
23.698,0.0027165239999999997
23.7369,-0.0009609269999997998
23.7758,8.231399999999992e-05
23.8147,0.00038253899999979996
23.8536,0.0056095949999999005
23.8926,0.002780175
23.9315,-0.0015776982
23.9704,0.000594432
24.0093,-0.0008839380000000001
24.0482,0.0008233139999999999
24.0871,0.0088236654
24.126,-0.0030541829999999
24.1649,0.0013171709999999
24.2039,0.0071283480000000005
24.2428,-0.0012373580999998999
24.2817,0.0016848196199999999
24.3206,0.001748628
24.3595,0.0014742119999999997
24.3984,0.006272498999999999
24.4373,0.0035278152
24.4762,0.0018726512999999998
24.5152,0.00788694
24.5541,0.004273767
24.593,-0.001027131
24.6319,0.008197482
24.6708,0.0038404749000000007
24.7097,0.0035135207999999994
24.7486,0.003017184
24.7875,-0.0019175169
24.8265,0.0009692244000000001
24.8654,-0.0019779384
24.9043,-0.0008362019999999999
24.9432,0.0018358950000000001
24.9821,0.004682133
25.021,-0.0009853829999998999
25.0599,0.0025955541
25.0988,0.004535964
25.1378,0.006505764
25.1767,0.001326387
25.2156,0.000391896
25.2545,-0.003404289
25.2934,0.0047034881999999
25.3323,0.00023161199999990005
25.3712,-0.00447132
25.4101,0.00149901
25.4491,0.0040695999
25.488,0.00029081459999990005
25.5269,0.0014927120999998998
25.5658,0.0031060980000000003
25.6047,-0.0012493761000000004
25.6436,0.006108201
25.6825,4.4511600000000104e-05
25.7214,0.003221124
25.7603,0.005810849999999999
25.7993,0.001674531
25.8382,0.004279929
25.8771,-0.000936786
25.916,0.0027104202
25.9549,0.0016025912999999999
25.9938,0.0055901223
26.0327,0.0017736090000000002
26.0716,0.0016523682
26.1106,0.008153961
26.1495,0.0070293149999999995
26.1884,0.0026853659999999
26.2273,0.0037738859999999997
26.2662,0.002900589
26.3051,0.005480202000000001
26.344,-0.0007309589999999
26.3829,-0.0012332710829998997
26.4219,0.006432612000000001
26.4608,-0.002623215
26.4997,0.0010142609999998
26.5386,0.0040027101
26.5775,0.004878594
26.6164,0.001651413
26.6553,0.006575894999999899
26.6942,0.0030329219999998998
26.7332,5.2946999999999966e-05
26.7721,0.0074350169999999995
26.811,0.0025539614999999997
26.8499,-0.007134141
26.8888,0.001076946
26.9277,0.0030881220000000004
26.9666,0.004446207
27.0055,-0.0025891419000000004
27.0445,0.003737991
27.0834,-0.0018834599999999002
27.1223,0.003876333
27.1612,0.002458362
27.2001,-0.002660295
27.239,-0.002135958
27.2779,-0.0005412269999999
27.3168,0.0023739629999999998
27.3558,0.008503806
27.3947,0.0013364543999998
27.4336,0.00024429240000000004
27.4725,0.001369947
27.5114,0.006628842
27.5503,0.00010757100000000002
27.5892,-0.001567563
27.6281,0.001047624
27.6671,0.002323752
27.706,0.003140577
27.7449,0.002352519
27.7838,0.0032608439999999997
27.8227,-0.0007197599999999
27.8616,0.0021030107999999
27.9005,0.0006199619999997999
27.9394,0.0029319171
27.9784,0.0025610010000000002
28.0173,-0.0005044559999999999
28.0562,-2.5379999999999544e-05
28.0951,0.0018840197999999999
28.134,0.0026936348999999997
28.1729,0.0013801139999998998
28.2118,-0.0024692972999999
28.2507,0.0018306809999999998
28.2897,-0.006712032
28.3286,0.0024609090000000003
28.3675,0.002719335
28.4064,-0.000841653
28.4453,-0.00022246500000000003
28.4842,0.004529162999999999
28.5231,0.003765915
28.562,0.0012514170000000001
28.601,0.0037855349999999
28.6399,-0.0028155774000000002
28.6788,0.000912633
28.7177,-0.000910713
28.7566,0.0049917419999999
28.7955,0.00535041
28.8344,0.00612798
28.8733,0.008456838000000001
28.9123,0.0079631639999999
28.9512,0.00844473
28.9901,0.007673241000000001
29.029,0.001116159
29.0679,0.0024180441
29.1068,0.0008620925999999
29.1457,-0.000600051
29.1846,0.005328582
29.2236,-0.0047595479999999
29.2625,0.00193872
29.3014,0.007061120999999999
29.3403,0.0023487599999999
29.3792,0.00489339
29.4181,0.0035993298000000003
29.457,0.0009064559999999999
29.4959,-0.0016708499999998998
29.5349,0.006707418000000001
29.5738,0.0059844450000000006
29.6127,0.011122862999999998
29.6516,0.000742218
29.6905,0.0081106019999999
29.7294,0.007200342540000001
29.7683,0.0056135565
29.8072,0.002650524
29.8461,0.004658778000000001
29.8851,-0.0009829229999999
29.924,0.006500286900000001
29.9629,0.0026961479999998
30.0018,0.005426111999999999
30.0407,0.0054018839999999
30.0796,0.0037266569999999995
30.1185,0.004382574
30.1575,-0.00014293200000000002
30.1964,0.0030112290000000002
30.2353,0.0007336796999998999
30.2742,0.0052667787
30.3131,0.0043483440000000005
30.352,0.0103108539
30.3909,-0.0019121489999999002
30.4298,0.00090675
30.4688,0.009098216999999801
30.5077,0.0020635890000000002
30.5466,0.01320288
30.5855,0.0034985813999997995
30.6244,0.00487305
30.6633,0.007282173000000001
30.7022,0.0026277899999998
30.7411,0.002060343
30.78,0.004037472
30.819,0.0053333795999999
30.8579,0.006997472999999999
30.8968,0.0072975728999999994
30.9357,0.006855174
30.9746,0.004895477999999899
31.0135,0.008771540999999999
31.0524,0.0098970186
31.0913,0.008399799
31.1303,0.015516444599999998
31.1692,0.011680819200000001
31.2081,0.006063792
31.247,0.0033840929999998997
31.2859,0.0060317999999999
31.3248,0.008523654
31.3637,0.0040436444999998
31.4026,0.011210683769999999
31.4416,0.0087397925999999
31.4805,0.011426717999999999
31.5194,0.015902082
31.5583,0.0110453819999999
31.5972,0.0052522797
31.6361,0.0190375949999999
31.675,0.009100353
31.7139,0.013246248000000002
31.7529,0.010828484999999999
31.7918,0.014769513000000001
31.8307,0.008051881199999899
31.8696,0.0185243609999999
31.9085,0.014979552
31.9474,0.012961100999999899
31.9863,0.007756428000000001
32.0252,0.01064211
32.0642,0.015887127
32.1031,0.01788704913
32.142,0.017535564
32.1809,0.015923091
32.2198,0.0199631459999999
32.2587,0.027595263
32.2976,0.019905918
32.3365,0.0215288879999999
32.3755,0.0220005899999998
32.4144,0.0215956007999999
32.4533,0.027454008
32.4922,0.0320318699999999
32.5311,0.02887485
32.57,0.03459276
32.6089,0.03748962
32.6478,0.044492250000000004
32.6868,0.048101729999999995
32.7257,0.059383439999999996
32.7646,0.07833488999999999
32.8035,0.08907710999999999
32.8424,0.11300510999999999
32.8813,0.13844025
32.9202,-0.09204819
32.9591,-0.22335644999999998
32.9981,-0.15650211
33.037,-0.11631992999999999
33.0759,-0.0837605699999999
33.1148,-0.06504873
33.1537,-0.05401059
33.1926,-0.057557585999999904
33.2315,-0.04834173
33.2704,-0.040956599999999996
33.3094,-0.02959068
33.3483,-0.03176622
33.3872,-0.02480628
33.4261,-0.026897940000000002
33.465,-0.0185305799999999
33.5039,-0.02283993
33.5428,-0.022183794
33.5817,-0.021994071000000004
33.6207,-0.025291881
33.6596,-0.022156131000000003
33.6985,-0.007330695
33.7374,-0.019289709
33.7763,-0.014712492
33.8152,-0.013021176000000002
33.8541,-0.016444152
33.893,-0.013970124
33.932,-0.013175382000000001
33.9709,-0.017293875
34.0098,-0.0057873417
34.0487,-0.017598321
34.0876,-0.012520047
34.1265,-0.005691768
34.1654,-0.012944391000000001
34.2043,-0.010362231
34.2433,-0.007188420000000001
34.2822,-0.013672143
34.3211,-0.0160850069999999
34.36,-0.007893318
34.3989,-0.0067913850000000005
34.4378,-0.010485306
34.4767,-0.011862723
34.5156,-0.0076795709999999
34.5546,-0.011334569999999999
34.5935,-0.008467134000000001
34.6324,-0.006958464000000001
34.6713,-0.008329089
34.7102,-0.008509815
34.7491,-0.00911748
34.788,-0.010539132
34.8269,-0.008680632
34.8658,-0.0095074019999999
34.9048,-0.0084080819999999
34.9437,-0.009214164
34.9826,-0.00429444
35.0215,-0.006946622999999999
35.0604,-0.003169689
35.0993,-0.007151793300000001
35.1382,-0.0083297519999999
35.1772,-0.004102510200000001
35.2161,-0.004400946
35.255,-0.009858849
35.2939,-0.0048618441
35.3328,-0.0072801540000000005
35.3717,-0.005390106
35.4106,-0.005779803
35.4495,-0.0083668829999999
35.4884,-0.007854426
35.5274,7.967999999999907e-06
35.5663,-0.0022569126
35.6052,-0.005049522000000001
35.6441,-0.0072710469000000005
35.683,-0.0073402902
35.7219,-0.0077471519999999005
35.7608,-0.0012980559
35.7997,0.0008317680000000002
35.8387,-6.677399999999948e-05
35.8776,-0.00533613
35.9165,-0.0031002539999999998
35.9554,7.832399999999984e-05
35.9943,-0.005312955
36.0332,-0.0062847807
36.0721,-0.0015690299999998
36.111,-0.006000981000000001
36.15,-0.005865555
36.1889,-0.004618158
36.2278,-0.0003275609999998999
36.2667,-0.0043518959999999
36.3056,-0.0027411249
36.3445,-0.0009676758000000001
36.3834,-0.0040840917000000004
36.4223,0.0018106440000000001
36.4613,0.00229152
36.5002,-0.0073945650000000005
36.5391,-0.006215154
36.578,-0.0015117000000000002
36.6169,-0.0027339366
36.6558,-0.0036609570000000003
36.6947,-0.002148942
36.7336,-0.0017665110000000003
36.7726,-0.005645067
36.8115,-0.00322509
36.8504,0.0034837323
36.8893,-0.004584957
36.9282,-0.0040906726499998994
36.9671,0.0018186209999999001
37.006,-0.002817072
37.0449,-0.003142131
37.0839,-0.0026140559999999003
37.1228,-0.008040906
37.1617,-0.002352786
37.2006,-0.00016244609999989992
37.2395,-0.006127878
37.2784,-0.007503609
37.3173,0.0002918009999999
37.3562,0.0006898769999997998
37.3952,-0.0026943467999999
37.4341,-0.0017478561
37.473,-0.00459264
37.5119,-0.008853495
37.5508,0.0041696405999998
37.5897,-0.0008765957999999
37.6286,0.00022592400000000001
37.6675,-0.0024476759999998
37.7065,-0.006014445
37.7454,-0.0019370264999999003
37.7843,-0.0039525
37.8232,-0.0004970474999997999
37.8621,-6.361199999999978e-05
37.901,-0.0050366789999999
37.9399,-0.003201372
37.9788,-0.0064828692
38.0178,-0.001435491
38.0567,-0.00012838200000000024
38.0956,-0.004460655000000001
38.1345,-0.000160941
38.1734,-0.009135534
38.2123,-0.0035365029
38.2512,-0.003174588
38.2901,-0.0015953073
38.3291,-0.00976374
38.368,0.002488293
38.4069,-0.0059764985999999996
38.4458,-0.008118306
38.4847,-0.002526669
38.5236,0.0027215721000000003
38.5625,-0.003798999
38.6014,3.408990000000035e-05
38.6404,-0.0024327389999999997
38.6793,-0.009513489
38.7182,-0.005363496000000001
38.7571,0.001525773
38.796,-1.7706000000000037e-05
38.8349,0.006227574
38.8738,0.004740110999999899
38.9127,-0.0029928240000000003
38.9517,0.0023094551999998996
38.9906,-0.0038252519999999995
39.0295,-0.0034853460000000003
39.0684,-0.0018654716999999999
39.1073,-0.002225775
39.1462,-0.00296823
39.1851,-0.0007383042
39.224,-0.0011153564999999
39.263,0.0031953911999999998
39.3019,-0.0014968083
39.3408,-0.0034587735000000002
39.3797,0.0046519139999998994
39.4186,-0.005265114
39.4575,-0.006248043
39.4964,-0.0049577951999998
39.5353,0.004002927
39.5742,-0.005577989100000001
39.6132,-0.0010373685
39.6521,-0.006691058999999999
39.691,-0.0006588959999998999
39.7299,-0.0040041953999999
39.7688,0.0021341309999999003
39.8077,-0.0004900499999997999
39.8466,-0.004811136
39.8856,-0.0016924944
39.9245,0.0017578409999999998
39.9634,0.00032483999999979987
40.0023,-0.0023182655999998995
40.0412,-0.000727602
40.0801,0.0024514007999999997
40.119,0.0005333249999998999
40.1579,-0.004216518
40.1969,0.0016382159999998
40.2358,-0.00482931
40.2747,0.0031796669999999997
40.3136,-0.0034126446
40.3525,0.00017456999999999998
40.3914,-0.0066060960000000005
40.4303,0.0007351199999999
40.4692,0.00045699
40.5081,-0.00012459000000000008
40.5471,-0.0034887258
40.586,-0.00058984818
40.6249,-0.0014517509999999
40.6638,0.0026349629999998
40.7027,0.0017050799999999999
40.7416,-0.0040780320000000005
40.7805,-0.007966764
40.8194,-0.0012488310000000002
40.8584,0.0007650990000000001
40.8973,0.0019990259999999
40.9362,-0.0021852659999998998
40.9751,-0.0006656819999998
41.014,0.0022421336999999997
41.0529,-0.0022605047999998996
41.0918,0.0037095039
41.1307,-0.002319234
41.1697,0.0018056789999999004
41.2086,-0.0024446379000000002
41.2475,-0.0019049909999999998
41.2864,-0.0059766179999999995
41.3253,0.0005760269999997999
41.3642,-0.0010626078000000002
41.4031,0.010046904
41.442,-0.004014873
41.481,-0.006848364299999799
41.5199,-0.005187342
41.5588,-0.001962942
41.5977,-0.002486346
41.6366,-0.008349555
41.6755,0.0010062786
41.7144,-0.0013857929999998
41.7533,-0.0008358876000000001
41.7923,0.0023572221
41.8312,-0.0010137837000000001
41.8701,-0.0007383239999997999
41.909,0.0019451730000000001
41.9479,-0.00482115
41.9868,-0.0042372482999999996
42.0257,0.00029465699999989996
42.0646,-0.0010917210000000001
42.1036,-0.0005060730000000001
42.1425,-0.0030343139999999998
42.1814,-0.010306746
42.2203,0.0024672213599999
42.2592,-0.000215418
42.2981,-0.0022748208
42.337,-0.00036136800000000004
42.3759,-0.005743809
42.4149,-0.0026214629999999
42.4538,-0.0034443900000000003
42.4927,0.00021570900000000002
42.5316,-0.0005522756999998
42.5705,-0.0001893539999999
42.6094,0.000985197
42.6483,-0.00012198809999999977
42.6872,0.0006671819999999
42.7262,-0.00044576399999989995
42.7651,-0.000183756
42.804,-0.004922907
42.8429,0.0046501935
42.8818,-0.00047399099999979985
42.9207,0.0065679150000000006
42.9596,0.00353259
42.9985,-0.006879612
43.0375,-0.004555974
43.0764,0.0023720279999999002
43.1153,0.0017200002
43.1542,-0.001009773
43.1931,-0.001331793
43.232,-0.0018105899999999
43.2709,0.0007000889999998001
43.3098,-0.0058489229999999
43.3488,0.003148269
43.3877,0.006821153999999899
43.4266,0.0057379349999999996
43.4655,0.0025445040000000004
43.5044,0.004663782
43.5433,-0.004160508
43.5822,-0.0047321483999999
43.6211,0.0013854869999999
43.66,0.0008072639999998998
43.699,-0.00026818799999999993
43.7379,-0.0016996919999999
43.7768,-0.0021104970000000002
43.8157,0.0027342827999999996
43.8546,-8.23559999999999e-05
43.8935,-0.000803862
43.9324,0.0048138597
43.9714,-0.001130919
44.0103,-0.002898429
44.0492,0.006130437
44.0881,0.0052406399999999995
44.127,-0.0048330000000000005
44.1659,-0.0024981210000000003
44.2048,-0.0022785536999998
44.2437,0.0059406780000000005
44.2827,2.0147400000000064e-05
44.3216,0.0005110227000000001
44.3605,-0.0057192633
44.3994,-0.0015486900000000001
44.4383,-0.0059668882491
44.4772,0.0034104929999999997
44.5161,-0.004769445
44.555,0.00106677
44.5939,0.0034402485
44.6329,-0.0002737757999999
44.6718,0.002953491
44.7107,0.0007148577
44.7496,-0.0026144142000000003
44.7885,-0.004934112
44.8274,0.0014169089999998
44.8663,0.0016436849999999
44.9053,-0.00040169639999989995
44.9442,-0.0032848914
44.9831,0.0008746145999999001
45.022,-0.002450985
45.0609,0.0057729477
45.0998,0.0014815448999999
45.1387,0.0025926194999999
45.1776,0.003510723
45.2166,-0.006764354999999799
45.2555,0.004776990000000001
45.2944,-0.0021867488999998998
45.3333,-0.00355785
45.3722,-0.001472508
45.4111,0.006406341
45.45,0.002382687
45.4889,-0.0012958554
45.5278,0.0001383270000000002
45.5668,0.0033826964999998997
45.6057,0.0031661627999999
45.6446,0.0022917621
45.6835,0.007409846699999999
45.7224,0.000399906
45.7613,0.004592364
45.8002,0.005020704
45.8391,0.0085869959999999
45.8781,0.0066164028
45.917,0.0052861769999999
45.9559,0.0007562828999999
45.9948,0.0020566709999998993
46.0337,0.0028896029999999
46.0726,0.0050841299999999
46.1115,0.0037939001999999
46.1504,0.002003187
46.1894,0.0064249968600000006
46.2283,0.007247706
46.2672,0.0031757670000000003
46.3061,0.012967734
46.345,0.006831810000000001
46.3839,0.010786328999999999
46.4228,0.014981226
46.4617,0.0140800199999999
46.5007,0.0317265
46.5396,0.04046466
46.5785,0.0763551
46.6174,0.09787409999999999
46.6563,0.0005203499999998987
46.6952,-0.0138036899999999
46.7341,-0.00330543
46.773,-0.006927960000000001
46.812,-0.002531865
46.8509,-0.009504119999999802
46.8898,-0.0101652509999999
46.9287,-0.0069428400000000005
46.9676,-0.0094174329
47.0065,-0.0043730489999999995
47.0454,-0.005582496
47.0843,0.0014242529999999999
47.1233,-0.006711972
47.1622,-0.0024458519999999
47.2011,-0.0020935854000000004
47.24,-0.008966052
47.2789,-0.0074007299999999995
47.3178,-0.0050922809999999
47.3567,-0.003928134
47.3956,-0.0051752849999999
47.4346,0.0002576609999999
47.4735,-0.0003085679999998999
47.5124,-0.002830482
47.5513,-0.003786846
47.5902,-0.0005912999999998
47.6291,0.0022774239
47.668,0.0010175786999999
47.7069,-0.000761598
47.7458,-0.006703185
47.7848,-0.004771872
47.8237,-0.00318039
47.8626,-0.002721333
47.9015,-0.0043164128999999
47.9404,-0.0029063459999999998
47.9793,-0.0014137323
48.0182,-0.003911652
48.0572,-0.0057398382
48.0961,-0.004278918300000001
48.135,-0.005259129
48.1739,-0.0029870687999999997
48.2128,-0.0045056872499999005
48.2517,-0.0046226508
48.2906,-0.0025288238999998996
48.3295,-0.002582634
48.3685,-0.0017053409999999002
48.4074,-0.0044196585299999995
48.4463,-0.001993722
48.4852,-0.0023083469999999997
48.5241,0.0006814157999999
48.563,-0.0044906628
48.6019,0.0016178093999999
48.6408,0.0026258279999998
48.6797,-0.001511712
48.7187,-0.00402924
48.7576,-0.002837619
48.7965,0.001246434
48.8354,-0.0008565051000000001
48.8743,-0.0033459119999999995
48.9132,0.0006197159999998999
48.9521,-0.0010746152999999
48.9911,-0.005527146
49.03,-0.0010859789999999
49.0689,-0.001233924
49.1078,-0.0046646154
49.1467,-0.005076776999999999
49.1856,-0.002082234
49.2245,0.001065846
49.2634,-0.0015297509999999
49.3024,-0.0021915479999999998
49.3413,-0.011219934
49.3802,0.001234749
49.4191,0.0007046699999998999
49.458,-0.0022995657
49.4969,0.004224906
49.5358,0.0013576058999999999
49.5747,0.002266164
49.6136,-0.006217749
49.6526,-0.006186441000000001
49.6915,0.0025168169999999004
49.7304,-0.004792146
49.7693,0.0015169431000000002
49.8082,0.0010000919999999
49.8471,-0.0025995972
49.886,-0.0007105259999999
49.9249,-0.003468285
49.9639,0.0045785099999999
50.0028,-0.005921064
50.0417,-0.0004212149999997999
50.0806,-0.003032562
50.1195,-0.0046316099999999995
50.1584,-0.0015789330000000002
50.1973,-0.005690235209999901
50.2363,-0.0041476949999999
50.2752,-0.01366689
50.3141,-0.0029617409999999995
50.353,0.0029113349999998
50.3919,-0.003790245
50.4308,-0.0013142142
50.4697,-0.0009018404999999998
50.5086,-0.003990546
50.5475,-0.0036080040000000006
50.5865,-0.007320774
50.6254,-0.0010140164999999
50.6643,0.00044836949999999996
50.7032,-0.006670934999999999
50.7421,-0.000551043
50.781,-0.0085194809999999
50.8199,-3.806939999999976e-05
50.8588,-0.0064227479999998
50.8978,-0.0018225599999999998
50.9367,-0.0010247123999998998
50.9756,-1.764909e-05
51.0145,-0.0028662999000000004
51.0534,-0.006788951999999999
51.0923,-0.0023245566
51.1312,-0.0035147640000000005
51.1701,-0.004783248
51.2091,0.00037465139999999996
51.248,-0.002115825
51.2869,0.0016460250000000002
51.3258,0.0016693982999999998
51.3647,0.0022616280000000003
51.4036,-0.004783623000000001
51.4425,-0.0025631879999998995
51.4814,-0.004977446999999999
51.5204,-0.00030661499999979996
51.5593,0.0005948430000000001
51.5982,0.0012369872999999998
51.6371,-0.0015197951999999999
51.676,-0.003589779
51.7149,-0.001077006
51.7538,-0.0060993359999999995
51.7927,-0.000718623
51.8317,-0.006512835
51.8706,0.0022667579999999
51.9095,-0.002586135
51.9484,0.006387153
51.9873,0.00027245400000000004
52.0262,0.0003573104999998
52.0651,-0.0017157756
52.104,0.0043509620999999995
52.143,-0.001998375
52.1819,0.0016267289999999997
52.2208,-0.002255658
52.2597,-0.0019523246999999999
52.2986,-0.0021984558
52.3375,0.0006289469999998999
52.3764,0.0048046716
52.4153,0.0020397869999998004
52.4543,-0.006764085
52.4932,0.0013655772
52.5321,0.0038425034999999995
52.571,-0.002153715
52.6099,-0.0031320773999999997
52.6488,-0.0039631104600000005
52.6877,0.0050744909999999996
52.7266,-0.0035302884000000005
52.7655,0.0034393670999999996
52.8045,0.0032124149999999997
52.8434,0.0019978169999999
52.8823,0.00285192
52.9212,-0.0004522679999997999
52.9601,-0.003875148
52.999,-0.005288055
53.0379,-0.00035719499999979995
53.0769,-0.0024601169999998998
53.1158,-0.0025448070000000005
53.1547,-0.0031413899999999002
53.1936,-0.0027215609999999
53.2325,0.0017544837
53.2714,-0.0007901160000000001
53.3103,-0.0026161589999999
53.3492,-0.003939246
53.3882,-0.003376713
53.4271,-0.000857406
53.466,0.0012093149999999999
53.5049,-0.005430981
53.5438,-0.003955605
53.5827,-0.002180421
53.6216,-0.00025768560000000005
53.6605,0.0017552669999998
53.6994,-0.0023461667999998
53.7384,-0.00358158
53.7773,-0.0046516890000000005
53.8162,0.001571499
53.8551,-0.0015861423000000001
53.894,-0.0043111409999998995
53.9329,-0.0045626069999999
53.9718,0.0034536600000000003
54.0107,-0.003763179
54.0497,-0.00034109100000000007
54.0886,-0.0003414749999997999
54.1275,0.0017727180000000002
54.1664,-0.0042596123999999
54.2053,0.0056374619999999005
54.2442,-0.0016881090000000001
54.2831,-0.0033488759999999
54.3221,-0.0005357159999998999
54.361,-0.006013851000000001
54.3999,-0.0020215709999998996
54.4388,-0.005412276
54.4777,0.00109296888
54.5166,-0.0048411647999999
54.5555,0.0010737933
54.5944,-0.0010573428
54.6333,-0.006739947
54.6723,0.0023600898779997997
54.7112,-0.0044167829999998
54.7501,5.1750000000001664e-06
54.789,0.003959646000000001
54.8279,-0.005924724
54.8668,-0.0034774109999998
54.9057,-0.000244182
54.9446,-0.005301953999999999
54.9836,-0.0036799391999998996
55.0225,0.005487705000000001
55.0614,-0.0028101239999999998
55.1003,-0.004501941000000001
55.1392,0.000425016
55.1781,-0.004493808
55.217,-0.0035907960000000003
55.256,-0.0042205799999999
55.2949,-0.001376712
55.3338,-0.0012472799999998997
55.3727,-0.0032001594
55.4116,-0.0006459720000000001
55.4505,-0.005299511999999999
55.4894,0.0010752353999998
55.5283,-0.001640655
55.5672,3.897540000000004e-05
55.6062,0.003930396
55.6451,0.0027702000000000004
55.684,-0.004634424
55.7229,0.002518518
55.7618,-0.004956591
55.8007,-0.004519848000000001
55.8396,-0.0036298469999999
55.8785,-0.002362008
55.9175,-0.000415917
55.9564,-0.0016686869999999001
55.9953,0.0007766279999998
56.0342,0.001788183
56.0731,-0.002290625169
56.112,-0.0015530939999997997
56.1509,-0.001582985079
56.1898,-0.002188356
56.2288,-0.0048168842999998995
56.2677,-0.000525351
56.3066,0.008287203
56.3455,0.005266404
56.3844,-0.006370191
56.4233,-0.0021247740000000003
56.4622,0.003362946
56.5011,0.0007119138000000001
56.5401,-0.00046685699999979985
56.579,0.0064408469999999995
56.6179,-0.0089639459999999
56.6568,-0.0023476049999999996
56.6957,0.0005627025000000001
56.7346,-0.002065872
56.7735,-0.001338828
56.8124,0.0011736569999999998
56.8514,0.0001421730000000001
56.8903,-0.005540394
56.9292,-0.005967237
56.9681,0.0015989490000000001
57.007,-0.000377127
57.0459,0.0062175539999998995
57.0848,-0.0011020140000000001
57.1237,-0.0039254589000000005
57.1627,0.0028256766
57.2016,0.0009888
57.2405,0.001380303
57.2794,0.0011334899999997999
57.3183,0.004790979
57.3572,-0.003331725
57.3961,-0.0013787159999999999
57.435,-0.0028318649999998
57.474,-0.002016534
57.5129,0.0045514220699999
57.5518,-0.004056396
57.5907,-0.0054619133999999
57.6296,0.001321485
57.6685,-0.004626746999999901
57.7074,-0.0099571799999998
57.7463,0.0012352889999999999
57.7853,-0.0017358989999999997
57.8242,-0.0030190427999999
57.8631,-0.0034990526999999997
57.902,0.0022676190000000002
57.9409,0.0023548292999999
57.9798,-0.0058609032
58.0187,0.0008084039999998999
58.0576,-0.0031507139999999998
58.0965,0.0013525469999998998
58.1355,0.0028092389999999
58.1744,0.004603488
58.2133,0.0013285441355998999
58.2522,-0.0022867356
58.2911,-0.0071659289999999
58.33,-0.002180463
58.3689,-0.0009608729999998
58.4079,-0.0014065175999998
58.4468,-0.0017845470000000003
58.4857,-0.005696234099999999
58.5246,-0.0037352729999999
58.5635,7.80615000000001e-05
58.6024,-0.006452241000000001
58.6413,-0.0007128329999999
58.6802,0.0023908389
58.7191,0.00031660799999990005
58.7581,-0.002811432
58.797,-0.0015513081
58.8359,-0.00777057
58.8748,-0.0017027937
58.9137,-0.004435824
58.9526,-0.0030123704999999996
58.9915,-0.0005143169999997999
59.0304,-0.00279021
59.0694,0.0037214429999997997
59.1083,-0.003954345
59.1472,0.0036320048999999997
59.1861,-0.003127662
59.225,0.0008916690000000001
59.2639,-0.0014400989999999
59.3028,-0.0027418125000000003
59.3418,-0.0012403326
59.3807,0.0027385835999999995
59.4196,-0.00022280489999990002
59.4585,-0.006238521
59.4974,-0.004681497
59.5363,-0.0070779599999999995
59.5752,-0.00019144650000000002
59.6141,-0.0053044149
59.653,-0.005706434999999999
59.692,0.0024032069999999997
59.7309,0.0062850944999999995
59.7698,0.0011768013
59.8087,-0.0016042590000000002
59.8476,0.0002955333
59.8865,-0.004930455
59.9254,-0.0034824033
59.9643,0.0035735264999999993
60.0033,0.0033303959999998996
60.0422,-0.006628272
60.0811,-0.0012827879999998998
60.12,-0.002334072
60.1589,0.003377094
60.1978,0.0012870753
60.2367,0.004517856
60.2757,0.004752863699999999
60.3146,-0.001851936
60.3535,-0.0010402359000000001
60.3924,-0.0032157746999999996
60.4313,-0.00023676599999999996
60.4702,-0.003758916
60.5091,-0.0035516249999999
60.548,0.0005378909999998999
60.5869,-0.0001590431999999
60.6259,-0.001811745
60.6648,0.0007462289999997999
60.7037,-0.004202913
60.7426,0.005325344700000001
60.7815,0.0016759799999999999
60.8204,0.0013816889999999
60.8593,0.0041692560000000005
60.8982,-0.0019535249999998996
60.9372,-0.0015798689999998998
60.9761,0.0040903829999999995
61.015,0.0014831196
61.0539,8.532021000000009e-05
61.0928,-0.002646969
61.1317,-0.004901303999999901
61.1706,-0.0029064090000000004
61.2095,0.0021177135
61.2485,0.004483745999999999
61.2874,0.0006157979999998999
61.3263,-0.003514071
61.3652,0.0012583889999998998
61.4041,-0.0022706339999999997
61.443,0.0001578089999998999
61.4819,0.003499014
61.5208,-0.0007215636599998999
61.5598,-2.702999999999999e-05
61.5987,0.006779951699999999
61.6376,-0.0007074899999999001
61.6765,0.003401271
61.7154,0.0009665928000000001
61.7543,0.0037979439
61.7932,0.0052438397999999995
61.8321,-0.000478515
61.8711,0.0022264698000000003
61.91,-0.00037200599999979994
61.9489,0.001897419
61.9878,0.0030746279999997995
62.0267,-0.0002225474999999
62.0656,0.001018983
62.1045,0.0008987151
62.1434,-0.0050630879999999006
62.1824,-0.0002663318699999
62.2213,0.006139701000000001
62.2602,-0.003562038
62.2991,-0.0012159479999997998
62.338,-0.0031165229999998993
62.3769,-0.0025930679999999
62.4158,-0.0044720049
62.4547,-0.005003229
62.4937,-0.0006382079999999999
62.5326,-0.003161961
62.5715,0.002239653
62.6104,-0.002829429
62.6493,-0.0015221939999999
62.6882,0.005337501
62.7271,-0.0057285024
62.766,0.0013328429999999998
62.805,-0.0003702725999999001
62.8439,-0.000990501
62.8828,-0.00523917
62.9217,-0.00021881700000000006
62.9606,0.0008637642
62.9995,-0.0062858046
63.0384,-0.000210543
63.0773,0.00014153069999999998
63.1162,-0.0044455877999999
63.1552,0.0057389091
63.1941,-0.0035398320000000006
63.233,-0.0021906449999999997
63.2719,-0.003355722
63.3108,-0.006593880000000001
63.3497,-0.002970117
63.3886,-0.0029251799999999
63.4276,-0.0009374009999998999
63.4665,-0.0024111158999997996
63.5054,-0.0006181926
63.5443,0.0012425369999999
63.5832,0.001668156
63.6221,0.0022526699999999
63.661,-0.00477891
63.6999,0.0013851209999998
63.7388,0.0023071799999997995
63.7778,-0.0019639100999999
63.8167,-0.0031993808999999
63.8556,0.0015776399999998998
63.8945,0.0005583329999999
63.9334,-0.0045964155
63.9723,-0.003608079
64.0112,-0.0024314960999999996
64.0501,-0.009656742
64.0891,-0.0029129219999999
64.128,0.0049532420999999
64.1669,-0.0045623133
64.2058,-0.0060333420000000006
64.2447,0.006921639
64.2836,0.0009375989999999999
64.3225,0.0037893329999999998
64.3615,0.0014349420000000002
64.4004,-0.0025081889999999996
64.4393,0.00153446289
64.4782,-0.001339488
64.5171,-0.002989101
64.556,-0.005930259
64.5949,0.003075936
64.6338,-0.0064548741
64.6727,0.0038903949
64.7117,-0.0026955449999999997
64.7506,-0.0012945989999999
64.7895,-0.00071151
64.8284,-0.0018738740999999998
64.8673,0.0006891393000000001
64.9062,0.00034460067
64.9451,-0.0031961039999999995
64.984,0.003120345
65.023,-0.00295929
65.0619,-0.0023212079999999
65.1008,0.002915481
65.1397,-0.0003733529999998998
65.1786,-4.574129999999985e-05
65.2175,0.00024231600000000002
65.2564,-0.0032430462
65.2953,-0.006042372
65.3343,-0.0005560757999999
65.3732,0.0015049499999999997
65.4121,-0.0018867839999999999
65.451,-0.00015038609999989998
65.4899,-0.005179083
65.5288,-0.000865827
65.5677,-0.001487343
65.6066,-0.0022120380000000004
65.6456,0.0025336040999999
65.6845,0.0017838225
65.7234,-0.0029496570000000005
65.7623,-0.001291854
65.8012,0.0041956245
65.8401,0.0038073198000000003
65.879,0.00012991499999999987
65.9179,-0.0032594609999999995
65.9569,-0.0023129369999999997
65.9958,-0.0024958169999999996
66.0347,-0.0025661160000000002
66.0736,0.0007954950000000001
66.1125,0.00012113700000000003
66.1514,0.0011391959999999001
66.1903,-0.0008947289999999999
66.2292,0.0008128859999997999
66.2682,-0.0035849849999999997
66.3071,0.00211902
66.346,0.0023412959999999997
66.3849,-0.00715662
66.4238,-0.0031621425
66.4627,0.007989663
66.5016,-0.0040971210000000004
66.5405,0.0005154629999999
66.5795,-0.004776054
66.6184,-0.001942527
66.6573,0.0012581540999999
66.6962,0.00012021300000000004
66.7351,-0.0044173739999999
66.774,0.0004477619999998
66.8129,0.0032594417999999995
66.8518,0.006152724
66.8908,0.0016283706
66.9297,-0.0027410022
66.9686,0.00034734299999999996
67.0075,0.0036906174
67.0464,-0.002893269
67.0853,-0.00010061999999999967
67.1242,0.0027775070999999
67.1631,0.0022720272
67.202,-0.0027803849999998
67.241,-0.003952458
67.2799,0.0017381370000000003
67.3188,4.242000000000015e-05
67.3577,-0.0026120654999999995
67.3966,-0.00022617299999999998
67.4355,-0.0006248219999999001
67.4744,0.0007171079999999
67.5134,-0.004891293
67.5523,-0.0051186719999999995
67.5912,0.0011786969999997999
67.6301,-0.0064166282999999
67.669,-0.0006726239999998
67.7079,-0.0027664704
67.7468,-0.0002437622999999
67.7857,-0.001924449
67.8247,0.001368108
67.8636,-0.005474695409999899
67.9025,-0.00012578879999999994
67.9414,0.001398834
67.9803,-0.0005816879999999999
68.0192,-0.002365227
68.0581,-0.007209711
68.097,-0.0042846299999999005
68.1359,0.00018367800000000005
68.1749,-0.006478199999999899
68.2138,-0.006438417
68.2527,-0.001118652
68.2916,0.0023099043000000003
68.3305,-0.003778563
68.3694,0.0032456544
68.4083,0.0069628589999998994
68.4473,-0.0005545203000000001
68.4862,0.00040336500000000004
68.5251,0.0032139269999999004
68.564,0.0009810618
68.6029,-0.006363705000000001
68.6418,0.0027676409999999
68.6807,0.004158771
68.7196,0.00240348162
68.7585,-0.0011097720000000002
68.7975,0.003071241
68.8364,0.00503066241
68.8753,-0.00030731699999979995
68.9142,-0.002062749
68.9531,0.0018313011
68.992,0.0009175709999998999
69.0309,0.0038441070000000003
69.0698,-0.0060069089999999995
69.1088,8.35080000000001e-05
69.1477,-0.0049017183
69.1866,-0.008013555
69.2255,-0.005041251
69.2644,-0.0024381929999999
69.3033,-0.0032600879999998998
69.3422,-0.001235196
69.3811,0.003711972
69.4201,0.000919656
69.459,-0.0011462189999999
69.4979,-0.008963823
69.5368,-0.0006893685
69.5757,-0.002977434
69.6146,-0.000319473
69.6535,-0.002613279
69.6924,3.9891000000000015e-05
69.7314,0.00065127
69.7703,-0.003951692999999899
69.8092,-0.0005996150999997998
69.8481,0.0023550785999998996
69.887,-0.0016876589999999
69.9259,-0.0047066628
69.9648,0.0009140249999998999
70.0037,0.006422060999999799
70.0427,-0.0009817229999999999
70.0816,0.004378287
70.1205,0.0010867949999999
70.1594,-0.00087093
70.1983,0.0025431471
70.2372,-0.0022746566999999
70.2761,-0.0011932739999998998
70.315,0.0019599554999998998
70.354,-0.001561047
70.3929,-0.0010507949999999998
70.4318,0.004148742
70.4707,0.008052168
70.5096,-0.000298761
70.5485,0.0040465109999999
70.5874,-0.008550756000000001
70.6263,0.0043479530999999995
70.6653,0.0013333319999999998
70.7042,0.001766289
70.7431,-0.000592125
70.782,-0.000437256
70.8209,0.004503
70.8598,0.0008381582999999
70.8987,-0.0053815439999999005
70.9376,-0.003246447
70.9766,-0.0015698310000000003
71.0155,-0.002016954
71.0544,-0.002774592
71.0933,0.0031385925
71.1322,-3.506037299999998e-05
71.1711,0.003777009
71.21,-0.0007080459
71.2489,0.005036484
71.2879,-0.0011197916999999
71.3268,0.0043493325
71.3657,0.0127919999999999
71.4046,0.0005450730000000001
71.4435,0.002700936
71.4824,-0.0034364039999999997
71.5213,0.0027780447000000006
71.5602,0.0009225804000000001
71.5992,-0.0012701072999999
71.6381,-0.00022814700000000005
71.677,0.004440456
71.7159,-0.007693082999999999
71.7548,-0.004172055000000001
71.7937,0.004945425
71.8326,0.0024102269999999
71.8715,-0.001081158
71.9105,-0.007271184
71.9494,-0.0015103319999999999
71.9883,-0.003131799
72.0272,-0.0028889280000000002
72.0661,0.0012708755999999001
72.105,-0.0006887411999999
72.1439,0.0007708169999999998
72.1828,0.004324332
72.2217,-0.0021483479999999
72.2607,0.00031439099999979993
72.2996,0.0010957599
72.3385,0.0010402349999998999
72.3774,-0.005055441
72.4163,-0.0023319599999999997
72.4552,-0.00050174658
72.4941,0.000845766
72.5331,-0.006795972
72.572,0.0023185469999999
72.6109,0.0050604209999999
72.6498,-0.0023177532
72.6887,0.002584527
72.7276,0.0015015465
72.7665,0.0016444251
72.8054,0.008481057
72.8444,-0.006054303
72.8833,-0.0017246619
72.9222,0.0045860886
72.9611,-0.002884533
73.0,0.0010062149999997998
73.0389,0.0095275049999999
73.0778,0.0013304756999999
73.1167,0.0027193352999999
73.1556,0.0012996
73.1946,-0.00596388
73.2335,0.0030720659999999003
73.2724,-0.0042407574
73.3113,0.000536463
73.3502,-0.0047881649999999
73.3891,9.489000000000014e-05
73.428,-0.0039785553
73.4669,0.0002687660999999
73.5059,0.0004848239999999999
73.5448,-0.0009612116999999
73.5837,-0.004634780999999999
73.6226,0.0007951499999998999
73.6615,0.0016017779999999
73.7004,0.002718867
73.7393,-0.00288498597
73.7783,-0.0003031649999999
73.8172,-0.0015085586999998
73.8561,0.002340051
73.895,-0.003085608
73.9339,0.002181552
73.9728,0.0017323955999999996
74.0117,0.0039809639999999
74.0506,0.0009823995
74.0895,-0.002569103793
74.1285,-0.0017553896999999998
74.1674,0.003080307
74.2063,-0.008563653000000001
74.2452,0.0049965398999999005
74.2841,-0.002564721
74.323,0.0004643487
74.3619,0.0010127550000000002
74.4008,0.0068248733999999
74.4398,-0.0022351709999999
74.4787,-0.00042993599999999996
74.5176,0.000728991
74.5565,0.0005960849999998
74.5954,-0.005446212
74.6343,0.0022175730000000005
74.6732,-0.0009065378999998999
74.7121,-0.00410322
74.7511,-0.0017202389999999997
74.79,-0.00202046859
74.8289,-0.003286647
74.8678,-0.00019226189999989999
74.9067,0.00022748999999999998
74.9456,-0.0039407333999999005
74.9845,-0.005170952999999899
75.0234,-0.004119080999999999
75.0624,0.0014436668999997999
75.1013,0.0018663429
75.1402,0.002669571
75.1791,0.00048715536899999996
75.218,-0.001276392
75.2569,-0.005505260999999999
75.2958,0.00050755641
75.3347,0.005882178
75.3737,0.00487524525
75.4126,0.0042011054999999
75.4515,0.000468513
75.4904,-0.0028465529999999
75.5293,0.0010526519999998999
75.5682,0.0023697479999997997
75.6071,0.0057511947
75.646,0.0035945667899999994
75.685,0.00038744100000000003
75.7239,0.00036702599999989993
75.7628,-0.004596324
75.8017,-8.450999999999999e-05
75.8406,-0.0034011119999999995
75.8795,0.0011569590000000002
75.9184,0.0013811399999999999
75.9573,-0.0032568558
75.9963,-0.0013953332999999
76.0352,-0.0014348489999999
76.0741,0.00320401131
76.113,0.00030744900000000006
76.1519,-0.0005696309999999
76.1908,0.0021412650000000003
76.2297,0.00080332128
76.2686,0.0017963964000000002
76.3076,-0.00349989
76.3465,-0.0039605280000000005
76.3854,0.0029749680000000006
76.4243,0.004044968999999899
76.4632,0.001582794
76.5021,-0.0022980839999999997
76.541,0.003433833
76.5799,-0.00344967
76.6189,0.00045035099999979995
76.6578,-0.002725785
76.6967,0.001759899
76.7356,0.0016359750000000002
76.7745,-0.0021878091
76.8134,-0.002948157
76.8523,0.002732034
76.8912,0.00024046259999989999
76.9302,-0.003246255
76.9691,-0.00149301
77.008,-0.0021300425999999
77.0469,-0.005785424399999999
77.0858,0.0027662123999998996
77.1247,-0.0038684220000000003
77.1636,-0.0009142170000000002
77.2025,-0.003713565
77.2415,-1.1778000000000076e-05
77.2804,-0.002230737
77.3193,0.0038498172
77.3582,0.0026434109999999
77.3971,-0.001089834
77.436,-0.004275393
77.4749,-0.0044302016999999
77.5138,-0.0030484590000000003
77.5527,-0.0002250362999999
77.5917,0.0051128279999999
77.6306,0.0010715850000000001
77.6695,-0.0012974906999999002
77.7084,0.0033337674
77.7473,-0.0005183396999998001
77.7862,-0.0023715359999998
77.8251,-0.0004802417999999999
77.8641,0.0004119429000000001
77.903,0.0022019309999997995
77.9419,0.0014786009999998998
77.9808,-0.002597865
78.0197,-0.005122164
78.0586,0.004177074000000001
78.0975,0.0037285830000000006
78.1364,-3.65189999999999e-05
78.1753,-0.0010994789999997996
78.2143,-0.001508214
78.2532,0.002176191
78.2921,-0.003516963
78.331,-0.001969455
78.3699,0.0089028809999998
78.4088,0.0009843359999998998
78.4477,-0.0051933299999999995
78.4866,-0.0010750079999998
78.5256,0.000629529
78.5645,-0.0023121798
78.6034,0.004720557
78.6423,0.0015913949999998998
78.6812,-0.007920963
78.7201,0.00043128000000000003
78.759,0.0033222231
78.798,-0.0012377909999998998
78.8369,-0.004188501
78.8758,-0.0036689190000000005
78.9147,0.006309879
78.9536,0.000753759
78.9925,-0.0012304649999997999
79.0314,-0.0019221848999999998
79.0703,-0.0024508512
79.1092,0.007179011999999999
79.1482,-0.001447674
79.1871,-0.004860792
79.226,0.005345172
79.2649,0.0031308561000000005
79.3038,-0.0026823929999998997
79.3427,0.0022533365399998
79.3816,0.0010357379999998998
79.4205,-0.0009494292
79.4595,0.0074753999999999
79.4984,-0.002265426
79.5373,-0.0009668603999998999
79.5762,-7.104960000000032e-05
79.6151,-0.0024511949999999998
79.654,-0.00012671699999999972
79.6929,-0.0016119419999999999
79.7318,-0.00019882080000000003
79.7708,8.961539999999984e-05
79.8097,0.002792094
79.8486,-0.002578794
79.8875,0.0033620739
79.9264,0.0023613539999999995
79.9653,0.0050090939999999
80.0042,0.0036498089999999995
80.0431,0.0023308431
80.0821,0.002062194
80.121,-0.0003871956
80.1599,0.0030332519999999997
80.1988,-0.0071029053
80.2377,-0.00016055099999990002
80.2766,-0.0018409598999997998
80.3155,0.0031000050000000003
80.3544,-0.0029468948999999
80.3934,-0.0004897229999997999
80.4323,-0.0042717080999999995
80.4712,-0.0027818052
80.5101,0.0019301468999999996
80.549,-0.002325621
80.5879,0.0009106170000000001
80.6268,-0.0013782357
80.6657,0.000912606
80.7047,-0.004052664
80.7436,-0.0026361810000000005
80.7825,0.004577358
80.8214,-0.00340662
80.8603,0.002516952
80.8992,0.0015238235999999999
80.9381,0.0006990899999997999
80.977,-0.000672924
81.016,-0.0029011019999999996
81.0549,0.00045742019999999995
81.0938,0.000746766
81.1327,-0.0014086529999999
81.1716,0.0012669326999998
81.2105,0.0005242619999998
81.2494,-0.0061414919999999
81.2883,-0.00042385200000000006
81.3273,-0.002764248
81.3662,0.0015295619999999
81.4051,-0.0015220859999999
81.444,-8.673269999999994e-05
81.4829,0.002148333
81.5218,-0.0035670270000000004
81.5607,0.008578491
81.5996,0.0023112539999999
81.6385,0.0024493900199999996
81.6775,-0.0036389349
81.7164,-0.001642221
81.7553,0.00043104686999999997
81.7942,0.002231253
81.8331,-0.0040924889999999995
81.872,-0.006338955
81.9109,-0.003474561
81.9499,-0.0005772209999999999
81.9888,-0.0045808211999999
82.0277,0.000534774
82.0666,0.0028270883999999
82.1055,-0.0021254553
82.1444,-0.0035048673
82.1833,0.0005766089999998001
82.2222,-0.003549669
82.2612,0.00029507340000000005
82.3001,0.002494134
82.339,-0.002681454
82.3779,-0.0011915519999997999
82.4168,-0.0022726260000000002
82.4557,0.0013939529999998001
82.4946,0.004236828000000001
82.5335,0.004246272
82.5724,0.0003887879999997999
82.6114,-0.00028689599999989995
82.6503,0.004986234000000001
82.6892,0.0022633422
82.7281,-0.0014003385
82.767,0.00029264699999999994
82.8059,-0.002744529
82.8448,-0.0032670618
82.8838,-0.008639181
82.9227,-0.0008529480000000001
82.9616,0.00072402
83.0005,-0.005813247
83.0394,-0.0010262369999999
83.0783,0.0010185359999998998
83.1172,0.0010358138999999001
83.1561,-0.006089439
83.195,-0.000814698
83.234,0.00038915399999979997
83.2729,0.000920691
83.3118,-0.0024107219999999997
83.3507,-3.499439999999997e-05
83.3896,-0.0009649739999999
83.4285,0.0029919
83.4674,0.0036656567999999003
83.5063,-0.001871559
83.5453,-0.0011300922
83.5842,0.00723822126
83.6231,0.006962078999999799
83.662,-0.0026493764999999
83.7009,-0.005926869
83.7398,-0.000525276
83.7787,-0.0022936110000000005
83.8176,3.648300000000002e-05
83.8566,-0.008957994
83.8955,-0.005603987999999999
83.9344,0.0050673509999999995
83.9733,-0.0058045349999999996
84.0122,0.0070730490000000005
84.0511,-0.0018738630000000004
84.09,0.00044642399999999995
84.1289,0.003477093
84.1679,0.0003532781999998
84.2068,-0.00037175700000000007
84.2457,0.004431261
84.2846,-0.0007308209999998999
84.3235,-0.0016999259999999
84.3624,-0.0014875499999999
84.4013,0.001744686
84.4402,0.0014356020000000002
84.4792,0.0028615893
84.5181,0.0006124308
84.557,0.0016503119999998997
84.5959,-0.00016490687999989997
84.6348,-0.005394905999999899
84.6737,-0.001582053
84.7126,0.0014350289999999998
84.7515,0.0032414009999999
84.7905,-0.00028826700000000004
84.8294,-0.003528474
84.8683,-0.000155607
84.9072,0.00343850367
84.9461,-0.002625657
84.985,-0.0010847159999998
85.0239,0.0040898253
85.0628,-0.0050754219
85.1018,-0.0033043949999998997
85.1407,-0.0009212685
85.1796,-0.00028601699999999985
85.2185,0.0020403269999999998
85.2574,0.0028173264
85.2963,0.000458280396
85.3352,-0.00032401800000000014
85.3741,0.0052757309999999
85.4131,-0.00462666
85.452,-0.0050785998
85.4909,0.00240234009
85.5298,-0.0026691504
85.5687,-0.0007375344
85.6076,-5.58599999999997e-06
85.6465,-0.0011339154
85.6854,-0.0013975485000000001
85.7243,0.003709674
85.7633,0.0023737695
85.8022,-0.0013285518000000001
85.8411,0.0014742660000000001
85.88,-0.008738043
85.9189,0.005987022
85.9578,0.0036025799999998996
85.9967,0.0028825809
86.0357,0.0036035429999999994
86.0746,0.003998212799999901
86.1135,0.0032926988400000003
86.1524,-0.0004996758
86.1913,-0.0023123550000000003
86.2302,0.006841305000000001
86.2691,-0.00292082853
86.308,-0.0009501840000000002
86.347,-0.0013277009999997998
86.3859,-0.0002819310000000001
86.4248,0.0035832240000000003
86.4637,-0.000640143
86.5026,0.0009768869999998
86.5415,-0.0017481629999999
86.5804,0.0020054331
86.6193,0.0028314150000000003
86.6582,-0.00034049819999989995
86.6972,0.0029661479999999996
86.7361,0.0028974449999999
86.775,-0.000553116
86.8139,0.0001262340000000002
86.8528,-0.002457711
86.8917,0.0040618799999999995
86.9306,0.0007867362
86.9696,0.0010593441
87.0085,0.0012485279999998
87.0474,0.0018537869999997998
87.0863,-0.00402033
87.1252,0.0052787639999999
87.1641,-0.0005434931999999
87.203,0.0025743253799999
87.2419,-0.0028863659999999
87.2809,0.003738846
87.3198,0.0022253081999999
87.3587,-0.0002489750999999
87.3976,-0.0004230569999998
87.4365,-0.0012874499999998
87.4754,0.010488645
87.5143,0.000657807
87.5532,-0.0041802720000000005
87.5921,0.0020373605999997996
87.6311,2.1918000000000003e-05
87.67,0.00446559
87.7089,-0.003296157
87.7478,-0.0034804077
87.7867,-4.2014999999999956e-05
87.8256,0.0038911683
87.8645,-0.004263444
87.9035,0.0018339353999999998
87.9424,-0.005384811
87.9813,-2.8052999999999997e-05
88.0202,0.005899616999999999
88.0591,-0.0036373850999998998
88.098,-0.0006372689999998998
88.1369,0.0010416464999998998
88.1758,-0.0057799589999999006
88.2147,0.0040734627
88.2537,-3.893099999999997e-05
88.2926,-0.00105876
88.3315,0.000820902
88.3704,-0.0014755950000000001
88.4093,-0.0017866520999998998
88.4482,-0.00131232
88.4871,-0.001085871
88.526,0.008975022000000001
88.565,-0.005080353
88.6039,0.0032011500000000003
88.6428,0.0052046669999999
88.6817,-0.002829774
88.7206,-0.00436392
88.7595,-0.0003379769999999
88.7984,-0.0010369469999999
88.8373,0.000855354
88.8763,0.0007776269999999999
88.9152,0.002203854
88.9541,0.001438764
88.993,0.004669664999999899
89.0319,0.00030207299999989996
89.0708,0.001906485
89.1097,0.0011741414999999
89.1486,-0.003053214
89.1876,-0.001472382
89.2265,0.0028573139999999997
89.2654,0.0023572584000000002
89.3043,-0.0036557070000000007
89.3432,0.0018215952000000001
89.3821,-0.0012854666999999
89.421,0.0015698786999999
89.4599,0.0015383859
89.4989,-0.003924981
89.5378,0.0006346572000000001
89.5767,-0.0009682829999998999
89.6156,-0.0016546454999999
89.6545,-0.0021716841
89.6934,0.0028759029
89.7323,-0.004430356799999999
89.7712,0.0048986711999999995
89.8102,0.0034857768000000006
89.8491,-0.0017689568999998998
89.888,0.0017581440000000001
89.9269,-0.0016785899999999
89.9658,-0.0032218889999998997
90.0047,0.0029504892000000002
90.0436,-0.0022031165999999
90.0825,-0.0003213396
90.1215,-0.0007198082999997999
90.1604,0.0010183301999998997
90.1993,0.000606711
90.2382,-0.0015000959999999998
90.2771,-0.0036120000000000006
90.316,0.00036263489999979986
90.3549,-0.0036701864999999995
90.3938,8.353980000000002e-05
90.4328,0.001458516
90.4717,-0.0011327069999999
90.5106,-0.0007125233999998999
90.5495,-0.00011191679999999996
90.5884,-0.0045727824
90.6273,-0.0017876250000000002
90.6662,0.002267682
90.7051,0.0018873796799998002
90.744,-0.005090229
90.783,-0.0039982995
90.8219,-0.00011142419999999996
90.8608,-0.0021369659999999
90.8997,0.0027106871999999
90.9386,0.005916662999999899
90.9775,0.0027266792999999998
91.0164,0.003780945
91.0554,0.002787951
91.0943,-0.005763840000000001
91.1332,0.004749891
91.1721,-0.0006863789999997998
91.211,0.0012944006999999998
91.2499,-0.0052430490000000005
91.2888,0.0013246221
91.3277,-0.0002794289999998999
91.3667,0.000363762
91.4056,-0.0019229965200000003
91.4445,-0.0006288089999998
91.4834,0.0036415749
91.5223,-0.001049823
91.5612,0.004152366
91.6001,-0.0031337369999999997
91.639,0.0012974280000000002
91.6779,-0.002334609
91.7169,-0.007916196
91.7558,0.00278232
91.7947,-0.0007522817999999999
91.8336,0.00013596839999999993
91.8725,0.0024363075
91.9114,-0.002777313
91.9503,-0.00020329500000000026
91.9893,0.001476168
92.0282,0.004723098
92.0671,-0.0030240903
92.106,-0.003063465
92.1449,-0.0007771565999999
92.1838,0.005332263
92.2227,1.1150999999999941e-05
92.2616,-0.0028268129999999996
92.3006,0.0064919809199999005
92.3395,0.0014309009999998999
92.3784,-0.0022995803400000002
92.4173,0.008513631
92.4562,-0.0006800436000000001
92.4951,0.0025917998999999995
92.534,-0.0026698949999998003
92.5729,9.32757e-05
92.6118,-0.004719704999999999
92.6508,0.004919805
92.6897,0.0017493209999999
92.7286,-0.0007183616999998
92.7675,0.006368391
92.8064,0.0017015210999999
92.8453,-0.00020082059999990002
92.8842,-0.0005214
92.9231,0.0020189279999999004
92.9621,-0.00434282499
93.001,0.0024516389999998996
93.0399,0.0004949639999998999
93.0788,-0.000433728
93.1177,0.004339044
93.1566,-0.010877675999999899
93.1955,-0.006948549
93.2345,0.0018009990000000002
93.2734,0.000915807
93.3123,-0.004512021
93.3512,0.0010166339999999998
93.3901,6.644999999999568e-06
93.429,-0.00036182159999979997
93.4679,0.000814047
93.5068,-0.0029105918999999996
93.5457,-0.005188764
93.5847,0.0012334440000000002
93.6236,0.0021822050999999
93.6625,-0.00010485300000000009
93.7014,-0.0033097688999998995
93.7403,-0.0026301539999999996
93.7792,0.0018225890999998002
93.8181,-0.0020380341000000002
93.857,0.0006969329999997999
93.896,-0.0055504230000000005
93.9349,0.0015472097100000001
93.9738,0.002689815
94.0127,-0.0005394810000000001
94.0516,-0.001669188
94.0905,0.0005564700000000001
94.1294,0.003215706
94.1684,0.001809495
94.2073,-0.0014048909999997998
94.2462,0.0005509667999998998
94.2851,-0.002176305
94.324,0.0018764216999999999
94.3629,-0.00026889347999989994
94.4018,-0.00159027
94.4407,-0.0042333365999998995
94.4796,-0.0048324609
94.5186,-0.0027315212999998997
94.5575,-0.003675099
94.5964,-0.003023529
94.6353,-0.0012559451099998999
94.6742,0.0066016980000000005
94.7131,-0.0033896348999999
94.752,-0.0020921999999999
94.7909,-0.0037137629999999997
94.8298,-0.0004808223
94.8688,0.004752327
94.9077,-0.0044798862
94.9466,-0.0004262157
94.9855,0.001187829
95.0244,-0.003498639
95.0633,0.0014267759999999
95.1022,-0.00020439629999989995
95.1412,-0.0036378689999999997
95.1801,0.003015459
95.219,-0.0025406580000000003
95.2579,0.0004760679
95.2968,0.001225542
95.3357,-0.00017804550000000006
95.3746,0.0059906790000000005
95.4135,0.001009569
95.4525,-0.0024482727000000003
95.4914,-0.004448982
95.5303,0.0007033019999999999
95.5692,0.0007958841
95.6081,0.002643039
95.647,0.007087319999999999
95.6859,0.0022921829999999
95.7248,0.004226511
95.7637,0.0015781740000000001
95.8027,0.0007531319999998999
95.8416,-0.0033888341999998997
95.8805,0.003511749
95.9194,-0.00042515879999999997
95.9583,-0.00041112836999999996
95.9972,0.0043255559999999995
96.0361,-0.0006372899999998
96.0751,2.4506999999999784e-05
96.114,0.001544292
96.1529,-0.003465456
96.1918,0.0009816459
96.2307,0.0031105770000000002
96.2696,-0.00441699
96.3085,0.0016340204999998
96.3474,0.007076216999999999
96.3864,-0.003511845
96.4253,0.0008668602
96.4642,-0.0024537045
96.5031,0.0052736400000000004
96.542,-0.0009699120000000001
96.5809,-0.003871428
96.6198,0.0018251279999999999
96.6587,-0.0008494590000000001
96.6976,-0.00053505
96.7366,0.0011544959999997997
96.7755,-0.0011569763999999
96.8144,-0.00287169
96.8533,0.004725303
96.8922,-0.0046883397
96.9311,0.0037573718999999
96.97,0.002510004
97.0089,-0.004720923
97.0479,0.0032016779999999995
97.0868,-0.002968752
97.1257,-0.001024008
97.1646,0.0004426895999999
97.2035,0.002581218
97.2424,0.0026692979999997997
97.2813,0.0011349359999997999
97.3203,0.0007059
97.3592,-0.0025511429999999996
97.3981,-0.0018512160000000001
97.437,0.0015439073999999999
97.4759,-0.0013385387999999
97.5148,3.88919999999999e-05
97.5537,-0.0021028559999999
97.5926,-0.00123732
97.6315,0.0045864209999998
97.6705,-0.0036585378
97.7094,0.005024625
97.7483,0.0024377310000000003
97.7872,0.0025550879999999
97.8261,-0.0021617733
97.865,0.001659522
97.9039,-0.0008821320000000001
97.9428,-0.005436645600000001
97.9818,-8.760570000000001e-05
98.0207,0.003842622
98.0596,0.0009606359999999001
98.0985,-0.006586038
98.1374,3.0204000000000038e-05
98.1763,-0.004684653
98.2152,0.0013496850000000002
98.2542,-0.005459283
98.2931,0.0010999364999999
98.332,0.0019215575699998999
98.3709,0.0043610129999999995
98.4098,-0.0026231859
98.4487,0.008865605999999901
98.4876,-0.001307964
98.5265,0.0015731729999998
98.5654,0.0043590059999999995
98.6044,-0.0046685549999999
98.6433,0.002475912
98.6822,-0.003539091
98.7211,-0.006321200999999999
98.76,0.0016650419999998996
98.7989,0.0007515630000000001
98.8378,0.0026860139999999003
98.8767,0.00020682599999989997
98.9156,-0.004387013999999899
98.9546,-0.0028379729999999997
98.9935,0.0013998780000000002
99.0324,-0.00209409
99.0713,-0.002851953
99.1102,-0.0007999409879998998
99.1491,0.003878526
99.188,-0.001424148
99.227,0.001963971
99.2659,7.234500000000003e-05
99.3048,0.0019596719999999995
99.3437,0.0038553978000000003
99.3826,0.004792605
99.4215,0.003454971
99.4604,-0.0005563413
99.4993,0.0029542139999999997
99.5383,0.0017025731999998996
99.5772,-0.0035219760000000004
99.6161,0.003922419
99.655,-0.0049099140000000005
99.6939,5.852879999999997e-05
99.7328,0.001482852
99.7717,0.0010310576999999
99.8106,-0.0024186817499998996
99.8495,0.0050166021
99.8885,-0.0034606730999999996
99.9274,-0.0027522488999999
99.9663,0.0016785099
100.005,0.005417211
100.044,0.0029228522999999998
100.083,0.0041741930999999
100.122,0.0034104497999999997
100.161,0.003720174
100.2,-0.001540932
100.239,0.000852294
100.278,-0.003777201
100.316,0.003058707
100.355,-0.0056448179999999
100.394,0.004591052999999901
100.433,0.0045557546189998
100.472,-0.001214019
100.511,-0.00277467
100.55,-0.0031911839999999997
100.589,0.0030812070000000003
100.628,0.00018379020000000015
100.667,-0.002303346
100.706,-0.00011305709999999991
100.745,-0.005704296
100.783,0.000792087
100.822,0.003102288
100.861,-0.001315353
100.9,-0.0021525876
100.939,0.00017053200000000004
100.978,-0.0021805319999998996
101.017,0.0027575718
101.056,0.0013082792999998
101.095,-0.0003483539999999
101.134,0.0010308683699999
101.173,-0.005304860999999999
101.211,-0.005346135
101.25,0.0086444849999999
101.289,-0.004528169999999899
101.328,0.002810595
101.367,-0.00032042759999980003
101.406,0.001330836
101.445,-0.0017898767999997998
101.484,0.004484493
101.523,0.0003544229999999
101.562,0.0047984187
101.601,-0.005588883
101.64,-0.004179092999999899
101.678,-0.0012518669999998999
101.717,0.003026955
101.756,-0.0028318919999999
101.795,-0.0055703789999999994
101.834,0.0016303619999999998
101.873,-0.0014151809999999
101.912,-0.0005634984
101.951,0.0013162133999999
101.99,0.0013219223999998999
102.029,0.0006877317
102.068,0.005316339000000001
102.106,0.0036773061
102.145,0.0027935489999999
102.184,0.001720293
102.223,0.0005264025
102.262,-0.00012757500000000021
102.301,-0.0039451866
102.34,0.003796797
102.379,-0.002005464
102.418,-0.004102095
102.457,-0.0020643689999998997
102.496,0.0028309290000000003
102.535,-0.00037985579999999985
102.573,-0.004199496
102.612,0.007563116999999999
102.651,0.00011950800000000005
102.69,0.0016653408
102.729,0.007540524
102.768,0.0035694213000000002
102.807,-0.0011265000000000001
102.846,0.0022784429999999
102.885,0.007467225
102.924,0.0038225429999998
102.963,-0.0020408163
103.001,0.0018806046
103.04,0.0026521445999999997
103.079,-0.00220542
103.118,0.0035467257
103.157,0.0070197059999999
103.196,-0.006222927
103.235,0.0026934357
103.274,0.004052820299999999
103.313,0.003058632
103.352,-0.0030219941999999997
103.391,0.0008834022
103.429,-0.00031957799999989987
103.468,9.73245000000001e-05
103.507,0.00014888699999999995
103.546,-0.0021198659999999998
103.585,-2.4838200000000022e-05
103.624,0.0051697529999999
103.663,-0.0055546049999999
103.702,0.0034636170000000004
103.741,-0.0009169317000000001
103.78,-0.0043690050000000005
103.819,-0.000622131
103.858,0.0036593087999999
103.896,0.0003462078
103.935,0.0015689430000000002
103.974,0.003464985
104.013,0.0015785298
104.052,-0.0027738264
104.091,-0.004568379
104.13,0.0036047307000000002
104.169,0.00048050160000000003
104.208,-0.002674647
104.247,0.0069100080000000005
104.286,-0.001663236
104.324,-0.0038517810000000003
104.363,-0.005992557
104.402,0.0043407539999998
104.441,0.0009864930000000002
104.48,-0.0003905687999998999
104.519,0.0025917045599999997
104.558,0.0039161726999999
104.597,0.0006244808999999001
104.636,0.0037846439999999998
104.675,0.00421482
104.714,0.005147865
104.753,0.0006819449999998
104.791,-0.0026649719999999
104.83,0.0004356899999999
104.869,0.0012202862999997999
104.908,-0.00234087
104.947,0.003987228
104.986,-0.0008177204999999998
105.025,0.00026958
105.064,0.00238809
105.103,0.0009190248
105.142,0.004223009999999999
105.181,-0.003788565
105.219,-0.000703587
105.258,-0.0026725268999999
105.297,0.001925541
105.336,0.0018749913
105.375,-0.0034085310000000002
105.414,-0.00016050000000000005
105.453,-0.00046886099999979996
105.492,-0.0011320140000000002
105.531,0.0017187866999999997
105.57,-0.0016798548
105.609,-0.0032029017
105.648,0.0036232770000000003
105.686,0.0016972721999999997
105.725,0.000458595
105.764,0.00026005395000000005
105.803,-0.002728335
105.842,-2.144400000000002e-05
105.881,0.006777381
105.92,-0.0016174352100000002
105.959,0.002101317
105.998,-0.001998567
106.037,0.002000052
106.076,-0.001668399
106.114,0.003445548
106.153,0.007374465
106.192,-0.0010328669999999998
106.231,-0.006093609
106.27,0.0004867829999998001
106.309,-0.002228136
106.348,0.0023212139999999
106.387,0.002533824
106.426,0.0002700359999999
106.465,-0.007011770999999899
106.504,0.0048672749999999
106.542,0.0010248729000000003
106.581,0.0013781457
106.62,-0.0025629495000000003
106.659,-0.004320207
106.698,0.004974513
106.737,-0.003882519
106.776,0.001182996
106.815,0.00384654
106.854,0.000901404
106.893,0.0014700236999999998
106.932,-0.0049994966999999
106.971,0.001473594
107.009,9.539399999999997e-05
107.048,0.003610269
107.087,-0.0032775699000000004
107.126,-0.0031357836
107.165,-0.0012725657399999999
107.204,-0.0008690670000000001
107.243,-6.931799999999985e-05
107.282,0.00014040000000000016
107.321,-0.0005165958
107.36,-0.00033670499999999997
107.399,0.00081759
107.437,0.004604754
107.476,0.001249932
107.515,0.005401832999999899
107.554,0.001794246
107.593,-0.006891024000000001
107.632,-0.0015167741999998
107.671,-0.005991350099999999
107.71,0.00354807
107.749,-0.00018845790000000004
107.788,-0.0027034559999999
107.827,0.0055295579999999995
107.866,-0.0013551284999999
107.904,0.004338585
107.943,-0.001890915
107.982,0.005784579
108.021,0.0009617549999999
108.06,-0.002261949
108.099,0.0027888121499999
108.138,0.0014317237200000001
108.177,-0.0045732329999999995
108.216,-0.0012756209999997999
108.255,-0.0010906421999999998
108.294,-0.0012770699999998
108.332,-0.000570198
108.371,-0.0031630367999999996
108.41,0.0025148219999999
108.449,0.002822931
108.488,-0.0008336717999999
108.527,0.0024478859999998996
108.566,0.00092015211
108.605,-0.0020864595
108.644,-0.0017366879099999998
108.683,-0.0028451069999998
108.722,0.004658781
108.76,-0.0023414039999999
108.799,0.00057524589
108.838,0.004037448
108.877,0.003278301
108.916,-0.0074192519999999994
108.955,0.0035369879999999
108.994,-0.005090591999999901
109.033,0.0028013297999998996
109.072,-0.001994262
109.111,-0.0047038259999999
109.15,-0.0008209019999999999
109.189,-0.0041163083999999
109.227,0.005585859
109.266,-0.00012099599999999973
109.305,-0.0018471980999999
109.344,0.0017094411
109.383,0.0028648590000000004
109.422,0.0008613536999999999
109.461,-0.00287050611
109.5,-0.0021886289999999997
109.539,0.0023539157999997997
109.578,0.0030071069999999997
109.617,-2.2592999999999572e-05
109.655,-0.0059639916
109.694,0.003965856
109.733,0.004142583
109.772,0.0020247090000000004
109.811,-0.0033412263000000006
109.85,-0.0021901575
109.889,-0.0017463059999997998
109.928,-0.004417557
109.967,2.525909999999995e-05
110.006,0.0007758174
110.045,-0.0025009473
110.084,-0.0021207899999999
110.122,-0.001994187
110.161,-0.000540561
110.2,0.0015122789999998999
110.239,-0.0031812885000000006
110.278,0.00242511495
110.317,0.0049349399999999
110.356,-0.0030610169999999003
110.395,-0.00454857
110.434,-0.0025326558000000002
110.473,-0.0044081441999999
110.512,0.0036491790000000002
110.55,-0.0004030599000000001
110.589,0.002653806
110.628,-0.004964048999999899
110.667,-0.0008149448999998999
110.706,0.006589434
110.745,-7.777499999999998e-05
110.784,-0.0025155815999999
110.823,-0.0016140419999998998
110.862,-0.0024716429999999
110.901,0.00436977
110.94,-0.0006328530000000001
110.979,-0.005059977
111.017,0.001389525
111.056,0.0008804189999998
111.095,0.00244586364
111.134,-0.0025828235999999
111.173,-0.0015395369999998
111.212,0.003259938
111.251,-0.0005485689
111.29,-0.0009213749999999001
111.329,-0.0010430264999999
111.368,0.0028002486
111.407,-0.0029626494
111.445,-0.002053305
111.484,-0.0004448211
111.523,0.007390725
111.562,-0.0015520229999998999
111.601,-0.000688014
111.64,-0.0047084669999999
111.679,0.0032910839999999997
111.718,-0.0033958139999999
111.757,-0.005816358000000001
111.796,0.001110714
111.835,0.004899063
111.873,-0.005320101
111.912,-0.0036062577
111.951,6.946200000000001e-05
111.99,0.0024566819999998
112.029,0.001407681
112.068,-0.001604172
112.107,0.007254623999999999
112.146,-0.0050000465999999995
112.185,-0.0040129499999999995
112.224,0.0059879253
112.263,0.0004505879999999
112.302,0.0008213459999999999
112.34,-0.006377814000000001
112.379,0.0023267070000000008
112.418,-0.0003364262999998999
112.457,0.0017361198
112.496,0.002489667
112.535,-0.003005418
112.574,0.0033948329999998997
112.613,0.000479991
112.652,-0.000432939
112.691,0.0025589880000000003
112.73,0.00023653679999999992
112.768,-0.000890682
112.807,0.0015820019999999999
112.846,-0.0014038319999999998
112.885,-0.00026897609999999996
112.924,0.002090109
112.963,-0.0036296695499999994
113.002,0.0005355975
113.041,-0.0015347219399999999
113.08,0.0017004210000000001
113.119,-0.001591908
113.158,-0.0010519368000000001
113.197,-0.0012587343000000002
113.235,-0.005791669200000001
113.274,0.0044553948
113.313,-0.0014695799999999998
113.352,-0.00039115499999999996
113.391,-0.00012345599999999992
113.43,-0.0008871359999997999
113.469,0.005090118
113.508,-0.0034016610000000003
113.547,0.0020826099
113.586,-0.000464199
113.625,-0.002895717
113.663,-0.00013767900000000014
113.702,0.00034601699999989993
113.741,-0.0026321534999999997
113.78,-0.00037355099999999996
113.819,-0.0066154379999999995
113.858,0.0006545099999998999
113.897,0.0029471610000000002
113.936,-0.006215841000000001
113.975,-0.004236213
114.014,-6.844499999999944e-06
114.053,-0.001907679
114.091,0.000529746
114.13,-0.0015018989999998
114.169,-0.004315932
114.208,0.0018373889999998999
114.247,0.0051899189999999006
114.286,0.00420774
114.325,0.00019224600000000008
114.364,-2.901360000000003e-05
114.403,-0.0017946900000000003
114.442,0.000476505
114.481,-0.0053610509999999995
114.52,0.004135514999999999
114.558,8.642999999999992e-05
114.597,0.0027768539999999003
114.636,0.0019248630000000002
114.675,-0.005691134699999999
114.714,-0.0018210209999998997
114.753,0.0026212917899998
114.792,0.003582636
114.831,0.006285081
114.87,-0.003708732
114.909,0.009785853
114.948,0.0022976666399999
114.986,-0.0014172239999997998
115.025,0.0017693729999999
115.064,0.003689607
115.103,0.0011901359999998999
115.142,-0.005111328
115.181,-0.0022225170000000002
115.22,0.004132206
115.259,0.00389865
115.298,-0.001368063
115.337,-0.004740599999999999
115.376,0.002741658
115.415,-0.0010978950000000002
115.453,-0.00453312
115.492,0.0016645979999997998
115.531,-0.0026863169999999
115.57,-0.00038332499999989994
115.609,-0.00023232299999989997
115.648,-0.0025375081200000003
115.687,-0.005001087
115.726,-0.001833327
115.765,0.005287226999999999
115.804,-0.0049655843999999
115.843,-0.0033681989999999004
115.881,0.00014685000000000002
115.92,-0.006155891999999999
115.959,0.000622236
115.998,-0.0008433329999999999
116.037,0.0029200980000000003
116.076,0.004679691
116.115,-0.0007333320000000001
116.154,-0.000675981
116.193,0.0011308272
116.232,0.0013547519999998002
116.271,-0.004454655
116.309,-0.0040314059999999
116.348,-0.0014967432
116.387,0.001087392
116.426,-0.004703276100000001
116.465,-0.0067627379999999
116.504,-7.106999999999985e-06
116.543,-0.00680892
116.582,-0.0041438075999999996
116.621,-0.0025549739999999
116.66,0.0008602019999999
116.699,0.0022997622
116.738,0.004448921099999999
116.776,0.004156926
116.815,-0.002135751
116.854,0.0018710586
116.893,0.00749706
116.932,0.0044424629999999
116.971,0.00040579830000000007
117.01,0.0006149138999997998
117.049,-0.0007398908999998999
117.088,-0.0014550750000000001
117.127,-0.0049496355
117.166,0.0041322749999999
117.204,0.0043247339999999
117.243,0.0062557373999999
117.282,0.00011120999999999993
117.321,0.003976848
117.36,-0.0012340139999999
117.399,0.001837437
117.438,-0.0032041709999999
117.477,-0.0011547809999999
117.516,0.0015589290000000001
117.555,0.002670069
117.594,-0.0042713009999999
117.633,-0.001812603
117.671,0.0039211632
117.71,0.00031594200000000005
117.749,-0.0004188468000000001
117.788,-0.0018933054
117.827,-0.0018093479999999
117.866,0.005323922999999901
117.905,0.0039224640000000005
117.944,-0.0009904836
117.983,0.0013045709999999003
118.022,0.0023699153999998997
118.061,-0.0023184419999999002
118.099,-0.0041053148999999995
118.138,-0.00178592931
118.177,-0.0021017793000000003
118.216,-0.0023454183000000003
118.255,-0.0006981540000000001
118.294,-0.0021492015
118.333,-0.0023573561999999
118.372,-0.001804785
118.411,0.001286862
118.45,-0.003113175
118.489,0.004722171
118.527,-0.002171745
118.566,0.0035249129999999997
118.605,-0.00791031
118.644,-0.0008783339999999001
118.683,0.0034514660999999
118.722,0.0013920479999999
118.761,0.004776954
118.8,-0.0046657188
118.839,0.0021121109999999
118.878,-0.0006931679999997999
118.917,-0.000651294
118.956,-0.004368309
118.994,-0.0060505349999999
119.033,-0.001340124
119.072,-0.0023861390999998996
119.111,0.0011492159999999
119.15,0.0027433757999999002
119.189,-0.00011118239999999985
119.228,0.0030144089999999003
119.267,-0.006006642
119.306,0.0007114979999998
119.345,-0.0021809189999999
119.384,-0.0031441797000000002
119.422,0.005342625
119.461,0.002116167
119.5,-0.001143882
119.539,-0.0014544689999998
119.578,0.0015435960000000002
119.617,0.0026672912999998995
119.656,0.0012900831
119.695,0.002884797
119.734,0.00010007100000000008
119.773,-0.0012612360000000002
119.812,0.002876058
119.851,-0.0004576889999999
119.889,-0.001320903
119.928,0.004900613999999999
119.967,0.0004738148999997999
120.006,0.0023669430000000003
120.045,-0.0012362897999998999
120.084,-0.000907575
120.123,-0.003257877
120.162,0.0034052280000000006
120.201,0.00271634196
120.24,-0.0007722389999998999
120.279,0.0006492539999999999
120.317,-0.000332445
120.356,0.0006369254999999
120.395,-0.003909696
120.434,-0.0017498045999997998
120.473,-0.004996059
120.512,0.0007099949999998
120.551,-0.00036001530000000004
120.59,-0.009946109999999899
120.629,0.0010976031
120.668,-0.0038838273
120.707,0.0025393979999997996
120.746,-0.0027014729999999005
120.784,-0.00242208
120.823,-0.0020620889999999996
120.862,0.00022208069999999996
120.901,0.00472976133
120.94,-0.0011858069999999
120.979,-0.0010910879999998
121.018,0.0012624237000000002
121.057,0.0016671057000000001
121.096,0.0028865489999999002
121.135,-0.0026572529999998994
121.174,-0.006389673
121.212,-0.002341917
121.251,-0.0009350280000000001
121.29,0.0038225069999999997
121.329,0.0031691745
121.368,0.0012026817
121.407,0.0031262429999998997
121.446,-0.003469422
121.485,0.0014888672999999
121.524,0.0005489789999998999
121.563,0.0004539756270000002
121.602,0.0013188072
121.641,-0.0005336742
121.679,-0.0038169059999999997
121.718,0.0003150570000000001
121.757,0.0018435973769999
121.796,-0.004555343399999899
121.835,-0.0008779893
121.874,0.000962028
121.913,-0.0048019242
121.952,0.00530031
121.991,-0.0006879569999998
122.03,0.004628649
122.069,0.0011761409999999
122.107,-0.0001775768999999
122.146,-0.0008731500000000001
122.185,-0.0018579300000000003
122.224,-0.007164309
122.263,-0.0056876369999999
122.302,0.0004421129999999
122.341,-0.0026647650000000004
122.38,0.0008249490000000002
122.419,0.0031591061999999
122.458,-0.003431595
122.497,0.005730320999999899
122.535,-0.002040945
122.574,-0.0052687725
122.613,0.005961114
122.652,-0.0018774210000000002
122.691,-0.0027078089999998
122.73,0.003357735
122.769,-0.0016720208999997997
122.808,-0.001654323
122.847,0.002471694
122.886,0.001473747
122.925,0.004182504000000001
122.964,0.0008947703999997999
123.002,0.0054209340000000005
123.041,0.0019900710000000004
123.08,0.0032548079999997997
123.119,-0.0022113119999999
123.158,-0.0034946001
123.197,-0.0022527863999998996
123.236,0.0041694102
123.275,0.001701183
123.314,-0.00021326478000000006
123.353,0.0013397535000000001
123.392,0.000894606
123.43,0.001282788
123.469,-0.005093785500000001
123.508,-0.0018403019999999
123.547,0.0019904279999999
123.586,0.0005093342999999001
123.625,-0.0002914908
123.664,0.0034535729999999997
123.703,-0.0017996669999998998
123.742,-0.000849327
123.781,0.0024224289
123.82,-0.0033919944000000003
123.859,-0.0008825460000000001
123.897,-0.0027159351
123.936,-0.001773792
123.975,0.004428741000000001
124.014,-0.0017290199999999997
124.053,0.002176968
124.092,-0.0041449457999999
124.131,0.000363288
124.17,-0.0034904339999999997
124.209,0.0011805512999998
124.248,-0.0006061769999999
124.287,0.0007922592000000001
124.325,0.001222533
124.364,0.003508095
124.403,0.0028071090000000003
124.442,0.003964785
124.481,0.001294632
124.52,-0.0028560179999999997
124.559,0.00367137
124.598,-0.0029649444
124.637,-0.00039546206999999995
124.676,0.0041383259999999
124.715,-0.00261063
124.753,-0.0005155503
124.792,0.0025942638
124.831,0.0045959396999999
124.87,-0.0005941638
124.909,0.0033612209999999997
124.948,0.0070919880000000005
124.987,-0.0042044226
125.026,0.0029642868000000003
125.065,-0.000191508
125.104,0.0009735839999999
125.143,0.0003285962999998
125.182,1.2628800000000044e-05
125.22,-0.008066162699999999
125.259,-0.0044042609999999
125.298,-0.0006870689999998
125.337,-0.0024513536999999
125.376,-0.0012904077
125.415,-0.0027102258
125.454,-0.001358072478
125.493,0.0022187789999999997
125.532,-0.0074469060000000005
125.571,0.006359982
125.61,-0.001792356
125.648,0.0005120624999999999
125.687,0.000299421
125.726,0.0023970659999998
125.765,0.004899258
125.804,-0.000621342
125.843,0.004744941
125.882,0.0024359069999999997
125.921,0.0005027784
125.96,8.117999999999996e-05
125.999,-0.0058492836000000005
126.038,-0.0020018370000000002
126.077,0.00047771219999990003
126.115,8.106390000000002e-05
126.154,-0.0001859789999999
126.193,-0.00280707
126.232,0.0041296374
126.271,0.0012985859999998
126.31,-0.006317106
126.349,0.002335479
126.388,0.0019915949999998
126.427,-0.00112254
126.466,-0.0002098904999999
126.505,-0.005601063
126.543,-0.000516621
126.582,-0.00878745
126.621,-0.003430887
126.66,-0.0027235931999998004
126.699,0.002030148
126.738,0.00039465539999999997
126.777,-0.0007211702999999
126.816,-0.003540099
126.855,0.0039048264
126.894,-0.0032409266100000005
126.933,-0.006134619
126.971,0.002826267
127.01,-0.0017391987
127.049,-0.0042094409999999995
127.088,0.0027118470000000007
127.127,-0.0016320599999999998
127.166,-0.0018499074000000002
127.205,0.003710967
127.244,0.00011227740000000001
127.283,0.0038359718999999995
127.322,0.0033557459999999997
127.361,-0.002798418
127.4,0.0006342785999999
127.438,0.004070133
127.477,-0.0044855609999999
127.516,0.0018373469999998998
127.555,-0.0006366479999999
127.594,-0.004975365000000001
127.633,-0.0017585579999998997
127.672,-0.0027355439999998997
127.711,-0.0041211419999999
127.75,0.00023555099999989998
127.789,-0.0050183213999999005
127.828,0.001259256
127.866,0.003737931
127.905,-0.0022052490000000003
127.944,0.0021156990000000004
127.983,0.00295338
128.022,0.002125776
128.061,-0.006699081
128.1,-0.0020189106
128.139,0.00027828599999989986
128.178,-0.0017647436999999998
128.217,-0.0020471223
128.256,0.0014651625
128.295,-0.0005505651000000001
128.333,0.0037648949999999
128.372,-0.002253069
128.411,0.000887319
128.45,-0.0022221
128.489,-0.0017987106
128.528,0.003374709
128.567,0.0049437840000000005
128.606,-0.0010482242999998
128.645,-0.0039845222999999996
128.684,0.0010375799999997998
128.723,-0.004104117
128.761,-0.0019191540000000002
128.8,0.0005706258
128.839,0.0038627159999999
128.878,-0.004303036200000001
128.917,-0.0038126309999998997
128.956,-0.005148969000000001
128.995,0.005577996
129.034,0.00352884
129.073,-0.000629679
129.112,-0.000544365
129.151,0.0008055470999998
129.189,0.00268061499
129.228,0.0032754179999999
129.267,-0.0028293780000000004
129.306,-0.00093261
129.345,-0.00104837739
129.384,-0.00180018
129.423,0.0003178044
129.462,-0.004239765
129.501,-0.0005722619999998
129.54,-0.0024246870000000005
129.579,-0.0028534062000000002
129.618,-0.0024825209999999997
129.656,-0.0036396333000000003
129.695,-0.0035469269999999
129.734,0.0011238269999998998
129.773,0.002262252
129.812,0.0031257510000000004
129.851,-0.001386
129.89,0.0031298519999998996
129.929,-0.001984653
129.968,0.002964591
130.007,-0.0019584299999999997
130.046,-0.0014410199999999999
130.084,-0.00028853760000000005
130.123,0.0033909989999999003
130.162,0.0048054659999999996
130.201,0.00045145950000000004
130.24,-0.004330665
130.279,0.0035247707999998996
130.318,9.643800000000007e-05
130.357,0.0027630756
130.396,-0.0016274159999999
130.435,-0.004159599
130.474,0.0004057929
130.513,0.0048164187
130.551,-0.00250656
130.59,-0.0052508112
130.629,0.0008027700000000001
130.668,-0.000665889
130.707,-0.0017903213999998998
130.746,0.00044441400000000007
130.785,0.0019935182999998996
130.824,-0.0019473687000000001
130.863,0.00015588450000000002
130.902,0.0034154537999998
130.941,-0.0045925919999999
130.979,0.0022291739999999003
131.018,0.0018480480000000001
131.057,-0.006278067
131.096,-0.006938906999999999
131.135,0.0032449934999999996
131.174,0.003970419
131.213,-0.001881012
131.252,0.002773773
131.291,-0.0039630839999999995
131.33,0.00181869
131.369,-0.002223
131.408,-0.0032854776
131.446,-0.0045044784
131.485,-0.0030556925999999
131.524,0.0032699279999999003
131.563,-0.0011480189999999997
131.602,-0.0025501212
131.641,0.00047884079999999996
131.68,-0.006521279999999999
131.719,-0.0037531608
131.758,0.0018619809
131.797,-0.0048393294
131.836,0.005312085
131.874,0.001339482
131.913,-0.003688383
131.952,-0.000430683
131.991,-0.0010095983699999998
132.03,0.005574636
132.069,-0.0036790229999999996
132.108,0.0039078203999999
132.147,-0.0014209410000000002
132.186,0.001359369
132.225,-0.001054071
132.264,0.0025128689999999003
132.302,0.0003419375999999
132.341,-0.00016350299999989988
132.38,0.00080592
132.419,0.0008692050000000002
132.458,0.0004209575999999
132.497,0.0034362959999999
132.536,0.0055802459999999
132.575,0.000983295
132.614,-0.0017874453
132.653,0.0008881109999999001
132.692,8.956799999999994e-05
132.731,0.0009848159999998
132.769,0.0059457873
132.808,0.004017168
132.847,-0.0025419600000000002
132.886,0.0036324659999999
132.925,-0.0034985783999998
132.964,0.000619437
133.003,-0.002954655
133.042,-0.001543413
133.081,-0.005630346
133.12,-0.0016949519999998998
133.159,0.0033203399999999997
133.197,-0.0035456339999999998
133.236,-0.0006775635
133.275,-0.005675822999999899
133.314,0.0036673289999999996
133.353,-0.006098447999999999
133.392,-0.004671825599999901
133.431,0.0013516611000000001
133.47,-0.008639796000000002
133.509,-0.0008626007999998999
133.548,0.00529725
133.587,0.0009713580000000001
133.626,-0.0040844939999998995
133.664,-0.005880522
133.703,-0.002140752
133.742,0.0013508828999997998
133.781,0.0007207229999999999
133.82,-0.0032730240000000002
133.859,-0.0011365887
133.898,0.0021058821
133.937,1.9328010000000094e-05
133.976,6.17828999999999e-05
134.015,-0.0001370943000000001
134.054,0.0033868199999999996
134.092,-0.0030763835699999
134.131,0.0050764545
134.17,-0.00331065
134.209,-0.0022461779999999997
134.248,-0.0049612649999999
134.287,-0.003362421
134.326,-0.00022334399999990003
134.365,0.004818560999999899
134.404,0.005935407
134.443,-0.0025938660000000002
134.482,0.0034005468000000002
134.521,0.0033223776
134.559,-0.001217283
134.598,-0.0035997959999999997
134.637,-0.0019142699999999998
134.676,-0.0012278917799999
134.715,0.0032986623
134.754,0.0008400209999999999
134.793,0.00026234099999989996
134.832,0.0007766891999999
134.871,-0.0018260025000000001
134.91,-0.0015935640000000004
134.949,0.0018834428999999998
134.987,-0.0038348769
135.026,-0.0013232511
135.065,-0.0024043979999998
135.104,0.004139034000000001
135.143,0.0014732640000000002
135.182,0.001039416
135.221,0.00018032999999989999
135.26,-0.00096323094
135.299,0.0007189830000000001
135.338,0.006527943
135.377,-0.00013698039000000005
135.415,0.001532448
135.454,0.00424512
135.493,0.005078862000000001
135.532,-0.0045428907
135.571,-0.0009199512
135.61,0.002961077999999899
135.649,0.0032676844199999995
135.688,0.002354274
135.727,-0.0032155229999998995
135.766,-0.00457968
135.805,-0.0024716816999999997
135.844,0.0020238285
135.882,-0.0003731339999998
135.921,-0.0024530060999999
135.96,-0.0035437649999999995
135.999,0.0025111169999999
136.038,-0.0013281777
136.077,-0.0025282811999999
136.116,-0.0016275600000000001
136.155,0.0026450813999999
136.194,0.00010922099999999995
136.233,-0.00047072460000000004
136.272,-0.0031511319000000005
136.31,-0.0058329993
136.349,-0.006026832
136.388,0.001488879
136.427,0.001435896
136.466,0.0022694909999999998
136.505,0.004643589
136.544,0.0039212786999999
136.583,-0.0051617879999999
136.622,0.0037749059999999997
136.661,0.0041607708
136.7,0.0015666959999999998
136.739,-0.0043133819999999
136.777,-0.0007060815000000001
136.816,0.0012212492999999
136.855,-0.0005770385999999
136.894,-0.0021413840999999
136.933,0.00259039605
136.972,0.0037627439999999997
137.011,0.001245771
137.05,-0.004990785
137.089,0.0031295219999999
137.128,-0.00101392038
137.167,0.003129609
137.205,-0.0022045136999999998
137.244,0.0020320205999999996
137.283,-0.006372687
137.322,0.00213175902
137.361,0.0029411253
137.4,0.0011682258
137.439,0.001734702
137.478,-0.0015296759999999998
137.517,-0.0046259799
137.556,-0.0020019011999999
137.595,-0.00032669699999989996
137.633,-0.0038323554
137.672,0.005322822
137.711,0.0031988430000000003
137.75,0.0011618694
137.789,-0.001117599
137.828,-0.0028144529999999
137.867,0.0009843564
137.906,0.002347812
137.945,-0.00255033
137.984,0.0030462809999999996
138.023,0.003368304
138.062,-0.005434113000000001
138.1,0.0009111690000000001
138.139,-0.001584162
138.178,-0.003924978
138.217,-0.0033567840000000002
138.256,0.0064070909999998996
138.295,0.003198939
138.334,-0.0014790485999999
138.373,-0.0019644897
138.412,-0.0049629059999999
138.451,-0.0005367149999997999
138.49,0.00047775599999989995
138.528,-0.0018993
138.567,-0.000548652
138.606,-0.0003534950999998
138.645,0.0029959350000000004
138.684,-0.0040578867
138.723,-0.0008139960000000002
138.762,0.004952118
138.801,5.452800000000247e-06
138.84,0.002530461
138.879,0.0015377070000000001
138.918,-0.004354491
138.957,-0.0033231689999999
138.995,0.0007059899999998
139.034,-0.002173593
139.073,0.0026404739999998
139.112,0.0013756139999999998
139.151,-0.0011919090000000001
139.19,-0.001057983
139.229,0.0029320619999999996
139.268,-0.0025665209999999002
139.307,-0.0024766251
139.346,-0.001086609
139.385,0.002373111
139.423,-0.0005664419999998
139.462,-0.001513599
139.501,0.002062779
139.54,-0.003531597
139.579,0.002044116
139.618,-0.0008454749999998999
139.657,0.0025860450000000004
139.696,-5.1971999999999956e-05
139.735,0.0009772065000000002
139.774,0.0016497513
139.813,0.004506813
139.852,-0.001388484
139.89,-0.0020330579999997996
139.929,0.0012753308999999
139.968,0.002061528
140.007,0.0020686968000000003
140.046,-0.0019713713999999997
140.085,-0.0041598584999999995
140.124,0.00041749500000000004
140.163,0.000483411
140.202,0.0015558870000000002
140.241,-0.0030732891
140.28,0.003081231
140.318,0.0052010819999999
140.357,-0.0007385418986999
140.396,-5.98499999999991e-06
140.435,0.002243322
140.474,0.006034239
140.513,-0.0034436756999999996
140.552,-0.002721222
140.591,0.0025424280000000002
140.63,0.0044534999999999
140.669,-0.0015200250000000002
140.708,0.0003139289999998
140.746,0.0045465591
140.785,0.0055377929999998
140.824,0.0024159509999999995
140.863,-0.0032730020999999997
140.902,-0.005337975
140.941,0.0045487439999999
140.98,0.0018623099999999998
141.019,0.005412813
141.058,-0.004206219
141.097,0.0012224501999998998
141.136,0.00022723830000000004
141.175,-0.00122734977
141.213,-0.00159072
141.252,-0.00024397200000000001
141.291,0.0055418727000000004
141.33,0.0012601529999998
141.369,-0.0028752518999999
141.408,0.0035841180000000003
141.447,0.001775184
141.486,0.00023852699999989992
141.525,0.001553547
141.564,-0.009696090000000001
141.603,-0.0032636480999999
141.641,0.0002922072
141.68,-0.0053409839999998005
141.719,0.0056398920000000005
141.758,-0.0012156362999998001
141.797,0.0035072249999999004
141.836,-0.002736843
141.875,0.0007192110000000001
141.914,-0.0003037289999999
141.953,0.0029528759999999997
141.992,-0.0013022172000000001
142.031,0.0002326964999999
142.07,-0.00043224299999999996
142.108,0.00270651
142.147,-0.0013809690000000001
142.186,-0.005847927
142.225,-0.0042286170000000005
142.264,-0.004072575
142.303,9.9255e-05
142.342,-0.0029437469999999996
142.381,0.0034564829999999998
142.42,0.001957671
142.459,-0.001399776
142.498,0.0016567827000000001
142.536,-0.004583039099999999
142.575,0.0057194124
142.614,-0.0020892159
142.653,-0.005495194949999799
142.692,-0.0004194336
142.731,0.001153791
142.77,0.006163155000000001
142.809,-0.0072022200000000005
142.848,-0.005146974
142.887,0.0039310169999999
142.926,-0.0018062940000000002
142.964,-0.003095358
143.003,0.0024530232
143.042,0.003137799
143.081,0.006291738
143.12,-0.00031361099999979995
143.159,0.0025015958999998
143.198,-0.0023336241
143.237,-0.0014079929999999
143.276,0.0018512714999997998
143.315,-0.007796058
143.354,0.0023471729999999997
143.393,-0.0021819717
143.431,-0.0020484059999999
143.47,0.002132634
143.509,-0.000728895
143.548,-0.0006833069999999
143.587,-0.0051091562999999
143.626,-0.004236324
143.665,0.0031829489999999996
143.704,0.0012449546999999
143.743,6.911999999999983e-05
143.782,0.0036899309999999996
143.821,0.00421693401
143.859,0.0041564010000000005
143.898,0.0027118850999998
143.937,0.0016622946000000001
143.976,-0.0006702794999999999
144.015,-0.0022188390000000002
144.054,-0.001377006
144.093,0.0022921832999999
144.132,0.0013768769999999001
144.171,0.0009310049999999999
144.21,4.209959999999986e-05
144.249,0.0033277680000000005
144.288,-0.0037317179999999998
144.326,-0.000744306
144.365,-0.00110973
144.404,-0.0047872638
144.443,0.004965837
144.482,0.003253122
144.521,0.0032169629999999998
144.56,-0.0014848259999999999
144.599,0.003330444
144.638,-2.297700000000009e-05
144.677,-0.0009086186399999001
144.716,0.001229673
144.754,0.0013369212
144.793,0.001192629
144.832,-0.005613081000000001
144.871,0.00012415049999999985
144.91,-9.322200000000023e-05
144.949,-0.001250274
144.988,-0.00037558500000000006
145.027,-0.0033746909999997996
145.066,0.0012394199999999
145.105,-5.88810000000001e-05
145.144,0.001589052
145.182,0.0027507148499999997
145.221,-0.004380354
145.26,0.00214752009
145.299,-0.0018342659999999002
145.338,-0.0019430069999998999
145.377,-0.0017676351
145.416,-0.0012615059999998
145.455,-0.004214277
145.494,0.0025637669999999998
145.533,-0.0013258320000000003
145.572,-0.0023058332999998004
145.611,-0.0050817431999999
145.649,-0.0024186179999999
145.688,0.0043161414
145.727,0.0019196010000000002
145.766,0.007042101
145.805,0.0011719619999999
145.844,-0.0020162948999999
145.883,-0.0008763059999999999
145.922,0.0022039934999999997
145.961,0.0034955516999999
146.0,-0.0020731529999999
146.039,0.0026445089999998996
146.077,0.0006844260000000001
146.116,-0.00025773269999999996
146.155,-0.0021631679999999996
146.194,-0.0015504329999998998
146.233,-0.0042631106999999994
146.272,-0.001260084
146.311,-0.005624577
146.35,0.0010750109999998
146.389,-0.0030990684
146.428,0.005647473
146.467,-9.428099999999982e-05
146.506,0.00452034
146.544,-0.0023381985
146.583,-0.0039848159999999995
146.622,-0.006028713
146.661,0.001356369
146.7,-0.003541755
146.739,0.0052279379999999
146.778,0.0047181722999998996
146.817,0.0006178562999998999
146.856,-0.00018443399999989996
146.895,0.00022547099999999996
146.934,-0.00011402529899999999
146.972,0.0028873679999999995
147.011,0.0054384209999999
147.05,-0.000889746
147.089,-0.0060430349999999996
147.128,-0.0036217992
147.167,-0.0012855912
147.206,0.0012542212799999998
147.245,-0.0005711609999999
147.284,0.0029347326
147.323,0.00330078
147.362,0.007581426
147.401,0.00023635499999989998
147.439,0.002535381
147.478,-0.0014482133999997998
147.517,-0.006026469
147.556,-0.0003140061
147.595,-8.90100000000001e-05
147.634,0.0039083370000000004
147.673,-0.0007211559000000001
147.712,-0.004079805
147.751,-0.006903879
147.79,-0.00037795889999999994
147.829,0.005261361000000001
147.867,0.0037709472
147.906,0.0016035380999999999
147.945,0.0042613469999999
147.984,-0.0010818189
148.023,-0.0007766391000000001
148.062,-0.002231757
148.101,-0.0022129340999999998
148.14,-0.00114561
148.179,0.00047709600000000004
148.218,0.0019213709999999
148.257,-0.001540572
148.295,-0.0022650948
148.334,-0.0025383119999999996
148.373,-0.0040251789
148.412,0.003726639
148.451,0.0012310949999999
148.49,-0.0018881432999999998
148.529,0.0036765203999999997
148.568,0.0052746749999999995
148.607,0.002041374
148.646,-0.0020633000999999
148.685,-0.0005453717999999
148.724,-0.0020074071
148.762,0.0014289089999999
148.801,0.000263661
148.84,0.0061954139999999
148.879,-0.001784601
148.918,0.0009207659999999999
148.957,0.0016520369999999999
148.996,-0.002076057
149.035,0.0006664951499999
149.074,-0.000481104
149.113,-0.0074008799999999994
149.152,-0.0014773059
149.19,-0.002523912
149.229,0.002203539
149.268,0.0024397745999999
149.307,0.0024465750000000003
149.346,-0.0005496629999999
149.385,-0.004439556
149.424,0.0005987630999998
149.463,-0.001569204
149.502,-0.004720773
149.541,-0.003711678
149.58,0.0022891989
149.618,0.001375434
149.657,0.006817103999999999
149.696,-0.0030339060000000003
149.735,-0.00014122500000000014
149.774,0.0023590548000000005
149.813,-0.00016074300000000008
149.852,7.572300000000003e-05
149.891,0.0035811156
149.93,0.0008729279999999999
149.969,0.0028335419999999997
150.008,0.006636213
150.047,-0.0041683940999999
150.085,-0.010640394000000001
150.124,-0.0016945394999998999
150.163,-0.0014199089999999
150.202,-0.0018110639999999
150.241,0.0019231679999999
150.28,2.9982000000000446e-05
150.319,0.001777569
150.358,0.0003069671999999
150.397,-0.0005866919999999
150.436,-0.0014274149999997999
150.475,-0.0031118294999999997
150.513,-0.002028612
150.552,-0.002302422
150.591,-0.002171361
150.63,-0.003289782
150.669,-0.0010284059999999
150.708,0.0069782769
150.747,0.0009035913899999
150.786,-0.0015681959999998998
150.825,-0.0037121489999999
150.864,-0.00283300302
150.903,-0.0043652154000000006
150.942,-0.0011182134
150.98,-0.0011827320000000001
151.019,-0.0048766277999999
151.058,0.001621707
151.097,-0.0013281255
151.136,0.0017061228000000003
151.175,-7.557599999999989e-05
151.214,0.0013622322
151.253,0.0009834041999999999
151.292,-0.00018700950000000003
151.331,-0.00028850999999999996
151.37,-0.001316214
151.408,-0.002117298
151.447,-0.0041131979999999
151.486,-0.0009308814000000001
151.525,0.0019053998999998998
151.564,-0.0019217129999999
151.603,-0.0003787334999998999
151.642,-0.002468313
151.681,0.001845261
151.72,0.0012339476999998998
151.759,0.0040169459999999995
151.798,-0.0010321401
151.837,-0.0005519699999999
151.875,-0.003181053
151.914,0.00032153579999979993
151.953,0.0039863495999999995
151.992,-0.005019435
152.031,0.0023540080199998003
152.07,0.0010816820999999999
152.109,0.0022087590000000002
152.148,0.0004799999999997999
152.187,0.003246717
152.226,-0.002525874
152.265,0.0032440769999999997
152.303,0.0002618468999999
152.342,0.0002838022199999
152.381,0.0026437260000000003
152.42,-0.0013196606999999999
152.459,0.0022085792999998995
152.498,0.0015100434299998
152.537,0.0020710769999999997
152.576,-0.0003798299999999001
152.615,-0.005128497
152.654,0.0003053853
152.693,-0.0037993289999999993
152.732,0.00025044510000000005
152.77,0.0045263249999999994
152.809,-0.007223355
152.848,-0.0010819949999999999
152.887,0.002690823
152.926,0.002505957
152.965,-0.0022064909999999997
153.004,-0.001336851
153.043,0.0005850219
153.082,0.0002781378
153.121,-0.0005221419959999
153.16,-0.0018241679999999
153.198,0.000979884
153.237,-0.0007703063999997999
153.276,-0.0019429889999998998
153.315,-0.0044202789
153.354,0.0011053319999998
153.393,0.0006766019999998999
153.432,0.00024002159999999997
153.471,0.0024221459999999
153.51,-0.002185176
153.549,0.0025315170000000005
153.588,-0.0008060189999999998
153.626,-0.001200882
153.665,-0.005624106
153.704,0.0015647043
153.743,0.005378853
153.782,0.0032826756
153.821,-0.005163720000000001
153.86,-0.001327695
153.899,-0.007542318
153.938,0.001942023
153.977,0.0035574659999999996
154.016,0.0008201082
154.055,0.0035965347
154.093,-0.0043213298999999995
154.132,0.0004886609999999999
154.171,0.0039829859999999
154.21,0.002049417
154.249,-0.0008387910000000002
154.288,-0.0046878054
154.327,-0.0015549960000000001
154.366,-0.0006607619999999999
154.405,-0.0009388440000000002
154.444,0.0007932078
154.483,0.0010229669999998
154.521,-0.007240826999999899
154.56,-0.003086693412
154.599,-0.0013332711
154.638,-0.006153693
154.677,-0.0015764610000000001
154.716,0.00196417476
154.755,0.003871764
154.794,0.003227817
154.833,0.006457977
154.872,0.0017362950000000001
154.911,-0.0017645076000000002
154.95,0.0001092869999999998
154.988,-0.0030287073
155.027,0.003915587999999999
155.066,-0.0032345370000000004
155.105,0.0053379840000000005
155.144,-0.0021991953
155.183,-0.0035780934
155.222,-0.0004866029999999
155.261,-0.004570443
155.3,0.0009052079999998
155.339,0.006388601999999899
155.378,0.00011732820000000011
155.416,-0.0011552579999999
155.455,-0.003521346
155.494,-0.00366444
155.533,-0.0060189488999999995
155.572,-0.001039587
155.611,-0.006570068999999901
155.65,0.003445503
155.689,0.003569574
155.728,0.0036328833
155.767,0.005515734
155.806,0.0063665117999999995
155.844,-0.0030395609999999997
155.883,-0.0011419206
155.922,-0.001019994
155.961,0.003743478
156.0,0.001207911
156.039,-0.0018304590000000002
156.078,0.001501053
156.117,-0.0014918070000000004
156.156,0.004050992999999999
156.195,-0.0045474179999999
156.234,-0.000248124
156.273,0.0014874150000000002
156.311,-0.0007518900000000001
156.35,-0.00213815133
156.389,-0.003012285
156.428,0.004825098
156.467,0.001571766
156.506,0.0017931671999999999
156.545,0.001728786
156.584,-0.0013319549999999
156.623,0.0010672902
156.662,-0.008284191
156.701,0.0017077943999998998
156.739,-0.0034126469999999
156.778,-0.000992952
156.817,0.0035369850000000003
156.856,-0.003089718
156.895,0.0011708399999998999
156.934,0.003192186
156.973,-0.0027269370000000005
157.012,-0.004416114
157.051,0.00123711063
157.09,-0.0009204389999998999
157.129,-0.0020352264
157.168,-0.0030415107
157.206,-0.00268842
157.245,0.0016701269999998998
157.284,-0.0006969929999998
157.323,-0.0028883280000000003
157.362,0.0021224295
157.401,0.003110316
157.44,0.0017765078999997998
157.479,-0.004741359299999999
157.518,-0.0026774010000000003
157.557,0.0037474979999999997
157.596,-0.0022755702000000003
157.634,-0.002020914
157.673,-0.0059100179999999995
157.712,-0.0009150449999999001
157.751,-0.0005391570000000002
157.79,0.0036932609999999
157.829,-0.0027356039999999002
157.868,0.003968333999999799
157.907,0.0013152492000000002
157.946,0.00133614
157.985,-0.008826036
158.024,0.0034639743000000004
158.062,0.0006593292
158.101,-0.006275339999999899
158.14,-0.00029800500000000006
158.179,-0.0044945309999999
158.218,0.000966942
158.257,0.0008323169999997999
158.296,-0.008371776000000001
158.335,-0.0026513820000000003
158.374,-0.0006995252999999
158.413,0.005730849
158.452,-0.0014087399999999
158.491,-0.0033762111
158.529,0.0004497855
158.568,-0.00041781
158.607,-0.0011107704000000002
158.646,-0.005145294000000001
158.685,-0.0020129579999999
158.724,0.0041329049999999
158.763,-0.0027624893999999996
158.802,0.000598875
158.841,0.0022201260000000002
158.88,-0.002013168
158.919,4.838400000000006e-05
158.957,-0.002888004
158.996,0.0018240179999997998
159.035,0.0018138669
159.074,-0.0058604220000000005
159.113,-0.0018256079999999998
159.152,-0.0061746864000000005
159.191,0.0047187719999999
159.23,-0.0003128240099998
159.269,0.0005515301999998
159.308,-0.0011068056
159.347,0.0014648009999999
159.386,-0.005995089
159.424,0.0019275083999998998
159.463,0.002276826
159.502,-0.001174887
159.541,0.0012142563
159.58,-0.001147047
159.619,0.0048871620000000005
159.658,0.0010123740000000001
159.697,-0.001023567
159.736,-0.0028956335999999997
159.775,-0.0033706499999999
159.814,0.0034320239999999997
159.852,0.00056733717
159.891,-0.0005118710999999
159.93,-8.507670000000036e-05
159.969,-0.0014320109999999002
160.008,0.0009055889999999999
160.047,-0.0011762877
160.086,0.0018605819999999997
160.125,0.0024851706000000003
160.164,0.004320066
160.203,0.002173257
160.242,0.0013702050000000002
160.281,0.0032727906000000005
160.319,-0.000346326
160.358,0.0008135144999997999
160.397,0.007816938
160.436,-0.0059125589999999995
160.475,0.0004331243999997999
160.514,-0.005160591
160.553,0.0012203336999999
160.592,0.004256463
160.631,0.0026071499999999
160.67,-0.0026467080000000002
160.709,-0.00031850900999989997
160.747,-0.0033802636080000003
160.786,-0.0023197328100000004
160.825,-0.0017720670000000002
160.864,-0.000625101
160.903,0.0014065595999998
160.942,-0.001122054
160.981,0.005132301
161.02,0.0016025307
161.059,8.943810000000004e-05
161.098,0.0012889229999998998
161.137,-0.0002771579999999
161.175,-0.00206305548
161.214,-0.00047311593599979994
161.253,-0.0005785905
161.292,-0.001081944
161.331,-0.001031733
161.37,-0.0017233941
161.409,-0.0013847719799999002
161.448,0.003364842
161.487,-0.001528785
161.526,0.00036879299999999996
161.565,0.002604906
161.604,-0.0012591210000000002
161.642,0.001011111
161.681,0.0022092666
161.72,0.0047501369999999
161.759,0.0010367879999999001
161.798,-0.000194076
161.837,-0.001989639
161.876,-0.0012800460000000002
161.915,0.0006677864999999999
161.954,-0.0074135730000000006
161.993,0.001744884
162.032,0.006477954
162.07,0.0008308076999997999
162.109,0.0010016712
162.148,0.0004661952
162.187,-0.002254497
162.226,0.0024643169999999997
162.265,-3.159689999999998e-05
162.304,-0.0037328609999999996
162.343,-0.0022691729999998
162.382,-0.003654438
162.421,0.0034791443999999993
162.46,0.0027466710000000004
162.499,0.002564244
162.537,0.0032267880000000004
162.576,-0.001132083
162.615,-0.0020458110000000002
162.654,-0.0049225109999998995
162.693,0.0009045450000000001
162.732,0.001542138
162.771,0.0034744169999999
162.81,-0.0014627490000000002
162.849,-0.0018518340000000001
162.888,0.005646809999999901
162.927,0.002522946
162.965,4.282500000000019e-06
163.004,0.002213928
163.043,-0.004523346
163.082,-0.001510776
163.121,-0.0007994540999999
163.16,-0.0017120802
163.199,0.001141263
163.238,0.004153965
163.277,0.00010772850000000014
163.316,0.0005636819999999001
163.355,0.0031583399999999995
163.393,-0.00012702090000000008
163.432,-4.276230000000009e-05
163.471,-0.0037637294999999
163.51,0.0013155656999999
163.549,0.0002142779999999
163.588,0.004739897999999999
163.627,-0.0005714687999999
163.666,-0.003502377
163.705,0.008521806
163.744,0.002515812
163.783,-0.0008946767999999999
163.822,-0.009071424
163.86,0.0061943586
163.899,0.00040646700000000004
163.938,0.0034941462
163.977,-0.00032860527
164.016,-0.0016690980000000002
164.055,-0.0006897026999999
164.094,0.0004252709999997999
164.133,-0.006144234000000001
164.172,0.0027519848999999
164.211,-0.0015239141999999
164.25,0.0006185375999999
164.288,0.002492259
164.327,0.0068025284999998995
164.366,0.00013849080000000007
164.405,0.001036599
164.444,-0.004851449999999999
164.483,0.0012936144
164.522,0.000888261
164.561,0.0020700749999998
164.6,0.0007020990000000001
164.639,-0.00374649
164.678,-0.0015212121
164.717,-0.0014615639999999
164.755,-0.0002084009999998998
164.794,-0.0031972469999999994
164.833,0.004357458
164.872,-0.0025705043999999996
164.911,-0.003907599
164.95,0.0032435850000000002
164.989,-0.005986679999999999
165.028,0.0031143866999999
165.067,-0.00020048999999989998
165.106,0.0029386368
165.145,-0.0030163431
165.183,0.0023364527099998997
165.222,-0.0007636205099998999
165.261,-0.002102976
165.3,-0.00104226
165.339,-0.0008507129999997999
165.378,0.00145083
165.417,0.005162091
165.456,0.0047969741999999
165.495,0.002224032
165.534,-0.000699786
165.573,-0.0014664600000000002
165.612,-0.0026274359999999
165.65,-0.0017903676
165.689,-0.0007105289999998999
165.728,0.0035283749999998
165.767,0.0011922620999999002
165.806,0.005145047999999999
165.845,0.007210368
165.884,0.002190156
165.923,0.00311427
165.962,-0.0016286370000000003
166.001,0.003138042
166.04,0.0016946312399999
166.078,-0.00020361599999989992
166.117,-0.0019803542999997995
166.156,-0.0013239659999998998
166.195,0.0035018847
166.234,0.002897943
166.273,-0.004026996
166.312,-0.0046191711
166.351,-0.003212049
166.39,-0.0011904359999999003
166.429,-0.00023979269999999998
166.468,0.0028778150999998996
166.507,0.001727382
166.545,0.0004892130000000001
166.584,0.00304974
166.623,0.007498467000000001
166.662,0.000233484
166.701,0.00464451603
166.74,0.0075011687999998996
166.779,0.0051138167999999
166.818,-0.006724836
166.857,-0.006278003999999999
166.896,0.0032367480000000002
166.935,-0.002398488
166.973,-0.0036079025999998997
167.012,-0.000373203
167.051,-0.0006254871
167.09,0.0021447839999998997
167.129,-0.0002871269999999
167.168,-0.002943717
167.207,-0.0028006204499999
167.246,0.000727728
167.285,0.003117477
167.324,-0.0035671139999999997
167.363,0.000714333
167.401,0.00025235100000000005
167.44,-0.002339379
167.479,0.0009338009999999999
167.518,-0.0039620669999998
167.557,-0.0009002078999999
167.596,-0.003484944
167.635,-0.0027244266
167.674,0.00034875899999979994
167.713,0.002016588
167.752,-0.002999496
167.791,-0.00037842750000000004
167.83,-0.0035412989999998997
167.868,0.0035817119999999006
167.907,-0.0067901820000000005
167.946,0.0029120549999999998
167.985,0.0067523159999999995
168.024,-0.0045386595
168.063,-0.002180361
168.102,-0.0026009549999998
168.141,0.0012910509
168.18,0.002593485
168.219,0.002484321
168.258,-0.003416778
168.296,0.002369679
168.335,0.003939471
168.374,-0.0049044959999999995
168.413,0.005431294799999999
168.452,0.0019317454199999
168.491,0.0031320599999999
168.53,-0.0014039531999999997
168.569,0.0042239759999999
168.608,-0.0009021308099999
168.647,-0.0013929435000000002
168.686,-0.0031432941
168.724,0.0022856339999999
168.763,0.0019881839999998
168.802,0.004838777999999999
168.841,-0.0028719357
168.88,0.0003638009999999
168.919,-0.0056486999999999
168.958,-0.0035130509999999
168.997,0.0034589129999999997
169.036,-0.0026431740000000003
169.075,-0.00034255499999989996
169.114,0.0006296044199999
169.153,-0.0031415223
169.191,8.170199999999795e-06
169.23,0.00045315000000000004
169.269,-0.0064741559999999
169.308,-0.002143257
169.347,0.0030157589999998996
169.386,0.005176701
169.425,-0.0017353680000000002
169.464,-0.0043791809999999005
169.503,-0.0025013399999999
169.542,0.001463448
169.581,0.0027773879999999002
169.619,-0.005788692
169.658,-0.0018688622999999999
169.697,-0.002460795
169.736,-0.0038818368
169.775,-0.0025527084
169.814,0.0010058459999997998
169.853,0.0018677009999999998
169.892,0.0012141030000000002
169.931,0.0009260099999999999
169.97,-0.0027309650999999997
170.009,-0.002105118
170.048,0.0011501721000000001
170.086,0.0013232550000000002
170.125,-0.0006428009999999
170.164,-0.000609324
170.203,-0.0016148744999998999
170.242,0.006734289
170.281,0.0029421059999998997
170.32,0.004689426
170.359,0.0033583356
170.398,-0.001875474
170.437,-0.009407555999999899
170.476,-0.0005281049999997998
170.514,0.0013477620000000002
170.553,-0.0020010108
170.592,-0.0018512579999998
170.631,0.000977328
170.67,0.0010015589999997998
170.709,0.001191069
170.748,-0.0022717032
170.787,-0.0014569680000000003
170.826,0.0031301330999999
170.865,0.0019054979999998996
170.904,0.0020999819999999
170.943,-0.005173923
170.981,-0.0022226751
171.02,0.0017764476000000002
171.059,0.0022432380000000003
171.098,-0.0058482989999999
171.137,-0.00244236
171.176,-0.0009409319999998
171.215,0.0008897442
171.254,0.005499397500000001
171.293,0.0006447059999999999
171.332,0.00014729069999999995
171.371,-0.0001617269999999
171.409,0.0014163474000000002
171.448,0.00141300372
171.487,0.003047295
171.526,0.003144033
171.565,-0.0025331156999999
171.604,-0.0001535129999999
171.643,-0.0005074110000000001
171.682,0.0009590480999999998
171.721,-0.0019563845999999
171.76,-0.0029085614999999998
171.799,0.005742149999999901
171.837,-0.000879153
171.876,0.003894981
171.915,0.0023013
171.954,-0.00020005860000000002
171.993,-0.0028884749999999997
172.032,-0.0027448409999999
172.071,0.0041513669999999
172.11,-0.0018516750000000001
172.149,-0.0023334228
172.188,-0.001168359
172.227,0.001519188
172.266,-0.0008532105900000001
172.304,-0.00013237800000000005
172.343,-0.004567019999999899
172.382,-0.00224245434
172.421,-0.002151537
172.46,0.0033873873
172.499,-0.000934887
172.538,-0.005345478000000001
172.577,0.003920295
172.616,-0.003856452
172.655,-0.00213858
172.694,0.0046944479999999995
172.732,-0.0006693029999998001
172.771,0.001513506
172.81,-0.002242932
172.849,-0.0026102820000000002
172.888,-0.003599949
172.927,0.00022165739999989995
172.966,0.006456729
173.005,-0.00307857
173.044,-0.0011807889
173.083,0.0012991739999998
173.122,0.0014662289999998
173.161,-0.001162431
173.199,-0.0015591449999999
173.238,-0.001551615
173.277,0.002662146
173.316,-0.0010886955
173.355,0.0006467009999997999
173.394,-0.006862038000000001
173.433,-8.669999999999902e-07
173.472,0.0013727790000000002
173.511,0.0007341539999999999
173.55,-0.001203966
173.589,2.7914999999999776e-05
173.627,0.001045779
173.666,0.0031732889999999997
173.705,-0.007243497000000001
173.744,0.0035731559999999996
173.783,-0.0023082330000000002
173.822,-0.003639351
173.861,-0.001337841
173.9,0.0031226828999999998
173.939,-0.0007377659999999999
173.978,-0.005535846599999899
174.017,0.00013448729999999986
174.055,-0.00012586500000000007
174.094,0.001522335
174.133,-0.001982751
174.172,-0.0005184021
174.211,0.0011334702000000002
174.25,0.0035358900000000003
174.289,0.000788931
174.328,0.0002930129999999
174.367,-0.0002858856
174.406,-0.006724326
174.445,-0.0007391580000000002
174.484,-0.0007859682
174.522,0.001097607
174.561,-0.001681512
174.6,-0.0032413589999998995
174.639,-0.00041037299999989983
174.678,0.0015696743999998
174.717,0.0008488319999999999
174.756,-0.005500635
174.795,-0.0044954796
174.834,-0.0031579256999999003
174.873,0.00663222
174.912,-0.0018369956999999002
174.95,0.0006147927
174.989,0.004964208000000001
175.028,0.0022110239999999
175.067,-0.0051913889999999
175.106,-0.000608901
175.145,-0.0023726699999998997
175.184,0.0014493864000000001
175.223,0.004114905
175.262,0.0006012089999999
175.301,0.0008994566999999
175.34,0.002520774
175.379,0.000364761
175.417,-0.0024680471999999998
175.456,0.002813745
175.495,0.0008136743999998999
175.534,0.0006587100000000001
175.573,0.0036671067000000005
175.612,0.0058081275
175.651,0.0025100724
175.69,0.0018734063999998997
175.729,0.0012016589999999001
175.768,-0.0014090519999998003
175.807,0.0006870629999999
175.845,0.0013180829999999998
175.884,-0.00183996879
175.923,0.004316123999999999
175.962,-0.0035390909999999994
176.001,-0.004256697
176.04,-0.0014595254699999
176.079,-0.003032592
176.118,-3.717809999999994e-05
176.157,-9.927239999999997e-05
176.196,0.0009008549999999
176.235,0.00012205499999999987
176.273,-0.0017972129999999998
176.312,-0.0037110269999999002
176.351,-0.0006598890000000001
176.39,0.001895079
176.429,0.0012328982999998
176.468,0.000897279
176.507,-0.001686531
176.546,-0.001259697
176.585,-0.0017428614
176.624,0.0031425311999999997
176.663,-0.0011682890999999
176.702,0.0037121578499999
176.74,0.0022525323
176.779,-0.0012851543399999999
176.818,0.0029814660000000003
176.857,0.0025748868
176.896,0.0023618909999999996
176.935,0.0028413641999999
176.974,-0.007210253999999999
177.013,0.000696819
177.052,-0.001650153
177.091,-0.005204112
177.13,0.0007924859999998999
177.168,0.0005336975999999
177.207,0.005657409
177.246,-0.0010522173
177.285,-0.0016814819999997996
177.324,0.00033679499999989996
177.363,-0.001057638
177.402,-0.003580554
177.441,-0.0011159343
177.48,0.0012556625999999998
177.519,-0.0045520077
177.558,-0.006935001
177.597,-0.0049146951
177.635,0.002355573
177.674,-0.0013193039999998
177.713,-0.00022908600000000004
177.752,-0.0012408149999999
177.791,-0.0049058577
177.83,-0.0008165939999999
177.869,0.0027664974
177.908,0.0033616056
177.947,-0.0006025016999999999
177.986,-0.00034051800000000005
178.025,0.0015992328
178.063,-0.0040844274
178.102,0.0007205699999999999
178.141,-0.0004191119999999
178.18,-0.005101368
178.219,0.002721225
178.258,-0.0010300613999998998
178.297,-0.0060200871
178.336,-0.002489121
178.375,-0.003855109199999999
178.414,0.0037161119999999997
178.453,-0.002412366
178.492,-0.0016829220000000003
178.53,0.00122307
178.569,-0.0006387107999997999
178.608,0.0027817499999998998
178.647,0.0014068349999998998
178.686,0.0007626
178.725,0.0024171569999999
178.764,-0.0026364216
178.803,0.0006145109999998999
178.842,0.003819414
178.881,0.0056577599999999995
178.92,0.0015095849999999002
178.958,-0.0009726359999997999
178.997,-8.523389999999998e-05
179.036,-0.001075167
179.075,0.003570096
179.114,-0.000576567
179.153,0.0006104099999999
179.192,-0.0039223011
179.231,0.0020383668
179.27,-0.0012103319999997998
179.309,0.0025363343999999
179.348,-0.004692462
179.387,-0.0006167127
179.425,-0.004272117
179.464,-0.002175078
179.503,0.0046245687
179.542,0.0034276045499998997
179.581,-0.0056013569999999995
179.62,-0.004121991
179.659,0.0007197239999998
179.698,0.002310435
179.737,0.0047119884
179.776,-0.00028015799999989995
179.815,0.0028445301
179.853,0.0020069759999999997
179.892,-0.0005313569999999
179.931,-0.0029834016000000003
179.97,0.0018020183999999998
180.009,0.005097791999999999
180.048,-0.0029383200000000003
180.087,-0.0033482039999999996
180.126,0.004077538079999999
180.165,0.0008303388
180.204,0.003706833
180.243,-0.0008840309999997998
180.281,-0.0006730004999999999
180.32,0.0034360605
180.359,-0.0006931826999998
180.398,-0.0007067550000000001
180.437,-0.001215705
180.476,-0.00025119300000000003
180.515,0.00044673300000000005
180.554,-0.0010839089999999
180.593,0.0019430534999999999
180.632,-0.0029055989999999003
180.671,0.0004569299999998
180.71,-0.0048525269999999
180.748,-0.002574045
180.787,-0.0010063049999998
180.826,-0.0032417759999999996
180.865,0.0010844819999999
180.904,-0.00014237100000000005
180.943,-0.0012532019999999
180.982,-0.0019951008
181.021,-0.0014974979999999999
181.06,0.00353379441
181.099,-0.0049418940000000005
181.138,-0.0014632991999998998
181.176,-0.000995586
181.215,0.0011012505
181.254,0.0016593810000000001
181.293,0.0008328795
181.332,-0.0002691539999999
181.371,0.0008673108000000001
181.41,-0.0016219709999998999
181.449,0.0013957229999999
181.488,-0.002567367
181.527,-0.001863534
181.566,-0.0006542759999998999
181.604,0.00035681279999979994
181.643,0.001087014
181.682,-0.0022914029999997997
181.721,0.0031202909999998997
181.76,-0.006387714
181.799,-0.0009783659999998
181.838,-0.005993139
181.877,-0.00026219699999989997
181.916,0.0004388796
181.955,-0.0047650889999999
181.994,-0.0011355582
182.033,-0.0022352307
182.071,-0.00112416
182.11,0.0024429591000000002
182.149,-0.0027573434999998998
182.188,-0.005059883999999999
182.227,-0.0009168870000000001
182.266,0.0027449279999999998
182.305,0.0019354439999999002
182.344,0.0016033019999997999
182.383,-0.00042417899999999995
182.422,0.0007638548400000001
182.461,-0.0008040173999999999
182.499,0.0017441189999999
182.538,0.002586504
182.577,-0.002507076
182.616,-0.003147126
182.655,0.0045074669999999005
182.694,-0.00242472
182.733,0.0027082559999999
182.772,-0.001953855
182.811,-0.0054461909999999
182.85,0.002351118
182.889,0.0019968456
182.928,0.0022738521
182.966,-0.0022704569999999
183.005,-0.0053598899999999
183.044,0.0019348679999999004
183.083,0.001790193
183.122,0.002613
183.161,0.00018777299999989992
183.2,0.0041963639999998996
183.239,-0.0008977458
183.278,-0.000556632
183.317,0.0021809426999998003
183.356,-0.0024706490999999
183.394,-0.001031838
183.433,0.0012472209000000001
183.472,0.00047937689999990007
183.511,0.0008839259999999
183.55,-0.002795382
183.589,0.0017060850000000002
183.628,0.0026408219999999
183.667,3.649289999999981e-05
183.706,-0.0046477857
183.745,-0.0038904827399998997
183.784,0.004953236999999999
183.823,0.0023341112999998
183.861,-0.002939475
183.9,0.0038005784999999995
183.939,-0.0023310860999999
183.978,0.0005874771
184.017,0.00016532670000000017
184.056,0.0036479843999999
184.095,-0.000501939
184.134,-0.0010580729999999999
184.173,0.00035680200000000003
184.212,-0.00648567
184.251,-0.001698678
184.289,0.004005032999999899
184.328,0.0034557789
184.367,0.00015362999999990001
184.406,0.0034790637
184.445,-0.001205796
184.484,0.003911622
184.523,-0.0013025421
184.562,-0.0015181611000000001
184.601,-0.0026172689999999998
184.64,0.0002550588
184.679,0.0043804488
184.717,0.000632868
184.756,-0.0012776609999999998
184.795,0.001497276
184.834,0.003043242
184.873,0.0037899719999999995
184.912,0.002098926
184.951,0.0012170759999999
184.99,-0.0003771251999998
185.029,-0.0025431209999999997
185.068,0.0031169249999999996
185.107,0.001760607
185.146,0.0022473779999998
185.184,-0.001415304
185.223,0.0036685499999999996
185.262,-0.0023415719999999
185.301,-0.0014752109999999
185.34,-0.004635843
185.379,-0.003797682
185.418,0.0026238707999998996
185.457,0.0028994099999999
185.496,0.00012582149999999976
185.535,-0.001018386
185.574,-0.003420753
185.612,0.0009459959999998998
185.651,-0.0014197485
185.69,-0.0001338839999999997
185.729,0.0075402870000000006
185.768,0.00015981329999989995
185.807,0.002710047
185.846,0.0032726999999999995
185.885,-0.0012047280000000002
185.924,0.0019451519999999
185.963,0.0009607658999999
186.002,-0.001237779
186.041,-0.0012034328999999998
186.079,0.000685707
186.118,0.0009345423
186.157,-2.1925499999999958e-05
186.196,-0.0033624149999999997
186.235,0.003824727
186.274,0.0010125509999999
186.313,-0.0008256119999999
186.352,0.0018649329
186.391,-0.0032392365
186.43,-0.0013850279999998
186.469,-6.59549999999999e-05
186.507,-0.001356213
186.546,0.0009446999999999
186.585,-0.0013942124999999
186.624,0.00016360200000000005
186.663,-0.0011750616000000002
186.702,-0.00025353029999989994
186.741,-0.0033920369999999
186.78,0.0011196195
186.819,-0.0023132250000000004
186.858,0.00017461500000000003
186.897,0.0002448140999999999
186.936,-0.00039728634
186.974,0.001266543
187.013,-0.003856455
187.052,-0.0012583050000000001
187.091,0.0018195581999998997
187.13,-0.0040556939999999994
187.169,-0.0027441309
187.208,-0.00346281
187.247,0.00031625999999979987
187.286,-0.0039618063
187.325,-0.0006839658
187.364,0.0047179319999999
187.402,0.004489128
187.441,-0.0065566752
187.48,0.002798325
187.519,0.00035070899999979996
187.558,-0.0007937039999998999
187.597,0.003601149
187.636,-0.0028849514999999
187.675,0.000536334
187.714,-0.0021162639
187.753,0.00039818999999979995
187.792,0.0004952318999999
187.83,-0.0016780229999999998
187.869,0.004436844
187.908,0.002770122
187.947,0.0005069372999999999
187.986,-0.0010927640999998998
188.025,0.0015480479999999998
188.064,0.002887113
188.103,0.0007738427999997999
188.142,-0.0004887789000000001
188.181,0.0005800349999999
188.22,0.004337298
188.259,0.0034556244
188.297,-0.0009245399999999
188.336,-0.0030183702
188.375,-0.0017042700000000004
188.414,0.0022525046999999003
188.453,0.0007012710000000001
188.492,-0.00036440609999989997
188.531,-0.000809214
188.57,0.002033394
188.609,0.0022986243
188.648,0.0008631479999998999
188.687,0.0018063626999998
188.725,0.003213096
188.764,0.0032954250000000003
188.803,-0.0023364269999999994
188.842,-0.0045283310999999
188.881,0.0055830989999999
188.92,-0.0063239054999999
188.959,0.0006396180000000001
188.998,-0.00027165000000000007
189.037,0.003227505
189.076,0.001532337
189.115,0.000750225
189.154,0.000679752
189.192,0.0017314952999998997
189.231,0.0014674769999999998
189.27,-0.0005949560999997999
189.309,0.004315512
189.348,0.003657978
189.387,-0.002962838634
189.426,-0.000293856
189.465,0.0024110726999999003
189.504,0.0033486728999999
189.543,-0.0008524469999999999
189.582,-0.0032243190000000002
189.62,0.0021611099999999
189.659,-0.0027521826
189.698,-0.0019222394999999
189.737,0.0006304137
189.776,0.0028632360000000003
189.815,-0.0016111907999998999
189.854,0.0010942679999999998
189.893,-0.0029093459999999997
189.932,0.0010783362
189.971,0.0013398566999999998
190.01,-0.001324281
190.048,-3.0389100000000017e-05
190.087,-0.0034203294000000003
190.126,0.004349526
190.165,-0.0007097568
190.204,-0.0039772248
190.243,0.0023337767999998997
190.282,0.0017835695999999998
190.321,0.00297414
190.36,-0.00028500000000000004
190.399,0.0022229730899999997
190.438,-0.005200524
190.477,0.0007481369999999001
190.515,-0.0020146836
190.554,0.0035590559999999997
190.593,0.004705287000000001
190.632,-0.001066371
190.671,-0.0034370250000000002
190.71,0.0012009389999998
190.749,-0.003412488
190.788,-0.0004877039999999
190.827,0.000254484
190.866,-0.0020002439999999995
190.905,-0.00022505879999989992
190.943,-0.0009131082
190.982,0.0029236139999999
191.021,0.00042349799999989994
191.06,-0.0009440754000000001
191.099,0.00056931
191.138,0.0038699849999999994
191.177,0.005819613
191.216,0.0033330093
191.255,0.00040635899999979993
191.294,-0.001078266
191.333,0.0016492587000000003
191.372,-0.002601102
191.41,-0.001640013
191.449,0.00020967449999990002
191.488,-0.007540728
191.527,-0.00103656
191.566,-0.006564008999999999
191.605,-0.00042732299999999996
191.644,0.0015918938999998997
191.683,-0.0041192039999999
191.722,-0.001156956
191.761,-0.0012519395999998
191.8,-0.0005554548
191.838,0.00024265799999990002
191.877,0.001784172
191.916,-2.9912699999999908e-05
191.955,-0.001740708
191.994,0.0008143113000000001
192.033,-0.0006824948999999999
192.072,-0.005363028000000001
192.111,-0.004598037
192.15,-0.0016790969999998999
192.189,0.00289269726
192.228,0.00045268740000000004
192.266,-0.0025569893999999004
192.305,0.0026238479999999
192.344,-0.0045067949399999006
192.383,-0.00153117
192.422,0.0007156122
192.461,-0.0047079750000000005
192.5,-0.0025824617999999997
192.539,0.0014335623
192.578,-0.0045141855
192.617,0.0005621279999997999
192.656,-0.0015366479999999998
192.695,0.0006163506
192.733,0.0007763339999999999
192.772,-0.006304947
192.811,0.0031702185299998997
192.85,-0.0014750459999998999
192.889,0.00028739430000000005
192.928,0.0005412939
192.967,-0.000408381
193.006,0.0025425785999998
193.045,0.0016955859000000002
193.084,-0.003677589
193.123,0.00225174981
193.161,-0.0007890149999998999
193.2,-0.0023846210999999
193.239,-0.000981207
193.278,0.0030406229999999997
193.317,0.0016284299999999002
193.356,0.007364486999999999
193.395,-0.0019811639999999004
193.434,-0.001535139
193.473,-0.0003028610999999
193.512,0.0005104298700000001
193.551,-0.0036814349999998996
193.59,0.0002771003999998999
193.628,0.00343554
193.667,-0.004139379
193.706,-0.0012173075999999
193.745,0.002641329
193.784,0.0010354379999998
193.823,0.00081348
193.862,0.000679068
193.901,0.00023336399999989997
193.94,-0.0009806861999999998
193.979,0.0026679869999999
194.018,-0.0013815861000000002
194.056,0.0028784937
194.095,-0.0064662918
194.134,0.000277278
194.173,0.004020879
194.212,0.0010979730000000001
194.251,-0.0002078069999999
194.29,0.0003102059999999
194.329,-0.0032715212999999996
194.368,0.0019223564999999003
194.407,-0.0037182062999999996
194.446,-0.0011470649999998999
194.484,0.0011955693000000002
194.523,-0.0025340457
194.562,-0.0005055132
194.601,0.0005830349999997999
194.64,-0.0043939650000000005
194.679,-0.0032969460000000007
194.718,0.0017128037999998
194.757,0.0005986700999999
194.796,0.0009372504000000001
194.835,-0.00042587099999979994
194.874,0.0031543325999999995
194.913,-0.0048839339999999995
194.951,0.0025348491
194.99,0.003453111
195.029,-0.0016305810000000003
195.068,0.0004964549999999001
195.107,0.004827912
195.146,0.003876984
195.185,-0.0031323899999999
195.224,0.00178206
195.263,0.002191671
195.302,-0.002748396
195.341,0.0033477648000000003
195.379,-0.0006415809000000001
195.418,0.001169895
195.457,-0.0022790670000000005
195.496,-0.001633074
195.535,-0.0043944509999999
195.574,0.0017301509999999999
195.613,0.0019418099999999002
195.652,-0.0010943159999999
195.691,-0.0031130001300000002
195.73,0.000571407
195.769,0.0031871850000000004
195.808,-0.004359578999999999
195.846,0.0007035689999999999
195.885,-0.0008436539999998999
195.924,0.005320518899999899
195.963,-0.0007687143000000001
196.002,-0.0009029789999997998
196.041,-0.00626145
196.08,0.0059869503
196.119,-0.00025804980899989994
196.158,0.0009412379999997999
196.197,0.003450189
196.236,0.0011123678999998
196.274,-0.0006986340000000001
196.313,0.0007325204100000001
196.352,-0.0002781119999999
196.391,0.0005866919999999
196.43,0.0015435525
196.469,-0.0015697097999999
196.508,-0.0017985917999999998
196.547,-0.0010902989999999999
196.586,-0.0009256347000000001
196.625,0.0023476859999998004
196.664,0.0010922232480000001
196.703,-0.000287886
196.741,0.0016225005
196.78,0.0049073369999999995
196.819,-0.0003463739999999
196.858,-0.0010012709699998
196.897,0.003909663
196.936,0.00040765500000000004
196.975,-0.0013650801
197.014,-0.0021503909999998
197.053,-0.0011116799999999001
197.092,-0.00011571419999999998
197.131,0.0001456700999999999
197.169,-0.0011762361
197.208,0.0011132763
197.247,0.003403992
197.286,-0.002361102
197.325,0.00134818707
197.364,8.757540000000007e-05
197.403,-0.000787698
197.442,-0.0006581924999998999
197.481,0.004037634
197.52,0.002186745
197.559,-0.002240592
197.598,0.00035091000000000007
197.636,-0.002093862
197.675,-0.0022610579999999
197.714,-0.0049501109999999
197.753,0.0031457093999999997
197.792,0.0013964429999998999
197.831,0.0032331959999998996
197.87,0.0021861749999998997
197.909,-0.0005117250000000001
197.948,-0.0018355668000000001
197.987,-0.0013212656999999001
198.026,-0.0016779804
198.064,-0.002585091
198.103,-0.001495662
198.142,-0.004406208
198.181,-0.006855399
198.22,-4.735500000000012e-05
198.259,-0.00202017
198.298,-0.00184453815
198.337,0.003870786
198.376,-0.0009313919999997999
198.415,0.0038300789999999997
198.454,0.00024254999999990005
198.492,-0.002781906
198.531,-0.0010462988999998
198.57,0.002136312
198.609,-0.004453017
198.648,-0.00106032
198.687,-0.0008780283
198.726,-0.00016542450000000002
198.765,-0.0043774140000000005
198.804,-0.0014713349999998
198.843,-0.0002264376
198.882,0.004545608999999999
198.921,-0.00023690100000000003
198.959,0.0012344591999998
198.998,0.0009698910000000001
199.037,0.0018676169999999998
199.076,-0.002332827
199.115,-0.0001670757
199.154,-0.0033614117999999993
199.193,-0.00106034163
199.232,0.00023841000000000004
199.271,-0.004667754600000001
199.31,-0.0014389844999999999
199.349,0.003073875
199.387,0.0004600317
199.426,-0.002584965
199.465,-0.0026799689999999
199.504,-0.0008510729999999999
199.543,0.0014629500000000002
199.582,-0.0038832659999999994
199.621,-0.0015958799999998999
199.66,-0.0026433543
199.699,0.0027924389999999
199.738,-0.0013937249999999
199.777,-0.0012839238
199.816,-0.004059678
199.854,-0.0037718939999999996
199.893,0.0058588799999999995
199.932,-0.00011949000000000009
199.971,-0.0026902049999999998
200.01,0.0014047289999999
200.049,0.0044015399999999
200.088,-0.0012729834
200.127,-0.000648693
200.166,-0.0018989970000000004
200.205,0.002698044
200.244,-0.003276366
200.282,0.0003919289999998
200.321,0.0032312346
200.36,0.00034579770000000003
200.399,0.005349059999999801
200.438,0.001835904
200.477,-0.00027142500000000005
200.516,0.006352001999999999
200.555,0.00015766799999999997
200.594,0.0019059570000000002
200.633,0.0020956302
200.672,0.001107192
200.71,-0.0019375314
200.749,0.00088616874
200.788,0.001215201
200.827,-0.0024948945
200.866,0.0009766866
200.905,-0.00023070899999989999
200.944,-0.00043857600000000004
200.983,0.0039605369999998995
201.022,-0.0008947389
201.061,0.004212444
201.1,0.002208957
201.139,0.000710748
201.177,0.00030230070000000005
201.216,-0.00095766222
201.255,0.0012782190000000001
201.294,0.0024564779999999
201.333,0.001464312
201.372,-0.0018275489999998997
201.411,-0.000599268
201.45,-0.000518997
201.489,-0.0006079469999999
201.528,0.0006313551
201.567,-0.0003249773999998
201.605,-0.00013206929999999987
201.644,-0.003266667
201.683,0.0013070253
201.722,0.0005889684000000001
201.761,-0.0007917038999999999
201.8,0.0003640049999999
201.839,-0.005107857
201.878,-0.003956619
201.917,0.001825896
201.956,0.0014680170000000003
201.995,0.004416609
202.034,-0.0018731489999999997
202.072,-0.0005409918899999
202.111,0.0012784650000000001
202.15,0.00403017
202.189,-0.005985659999999999
202.228,0.003673476
202.267,0.0034079189999999997
202.306,0.004015152
202.345,0.0010832639999998998
202.384,-0.002225532
202.423,-0.0014615228999999
202.462,0.0030689909999999003
202.5,-0.0008126469000000001
202.539,0.00304795704
202.578,0.0041238989999999994
202.617,-0.0018475050000000004
202.656,-0.0021837426
202.695,-0.0018919529999998
202.734,0.0003021899999999999
202.773,-0.0003045509999998
202.812,-0.00102135
202.851,-0.005447726999999999
202.89,-0.0014122800000000001
202.928,-0.004261755
202.967,-0.000221622
203.006,9.78149999999999e-05
203.045,-0.0009197759999999
203.084,0.002673495
203.123,0.0034757940000000004
203.162,-0.0022576161
203.201,-0.000582204
203.24,-0.002288994
203.279,-0.00028251599999989995
203.318,0.0013476029999997998
203.357,-0.000414129
203.395,1.8396000000000086e-05
203.434,-0.0032711759999999005
203.473,0.0010037729999999
203.512,4.395000000000001e-05
203.551,-0.004538108999999999
203.59,0.0039145106999999
203.629,-0.0059726811
203.668,0.00042489299999999997
203.707,-0.0025707834
203.746,-0.0005467949999998999
203.785,-2.980199999999989e-05
203.823,-0.0009583439999999001
203.862,0.0006153989999999
203.901,-0.0017659961100000001
203.94,0.00410244
203.979,0.001339422
204.018,-0.00012963540000000002
204.057,-0.00357708
204.096,-0.0026721897
204.135,-0.0010617360000000002
204.174,-0.0049265640000000005
204.213,-0.0013156083
204.252,-0.0002087643
204.29,-0.004287273
204.329,0.003507318
204.368,-0.0007326569999999998
204.407,-0.0016266618000000002
204.446,-0.0035692049999999998
204.485,-0.0017378399999998999
204.524,0.0010460879999997998
204.563,0.001752408
204.602,0.0032800296
204.641,0.0021514094999999
204.68,0.0018731238
204.718,-0.0042516869999999
204.757,-0.0005270702999999001
204.796,-0.00165495
204.835,0.00013377300000000006
204.874,0.0037610873999998997
204.913,0.0030919374
204.952,-0.0038105753999998996
204.991,0.005678984999999999
205.03,0.0012606989999999999
205.069,0.0013916429999999002
205.108,-0.0025457220000000003
205.146,0.0026293049999998996
205.185,0.0004142969999998999
205.224,-0.0035864700000000005
205.263,-0.0026980140000000003
205.302,-0.0007850279999998999
205.341,-0.0020967024
205.38,0.0021147918000000003
205.419,-0.0029546849999999994
205.458,-0.0007482210000000001
205.497,-0.0016201643999998998
205.536,-0.006505383
205.575,0.000923058
205.613,0.0010169748
205.652,0.0002557335
205.691,0.0031961760000000002
205.73,0.003126843
205.769,0.005460888
205.808,0.004852254
205.847,0.0011175059999998
205.886,-0.0002366729999999
205.925,0.0019353812999998998
205.964,-0.0027309989999999
206.003,-0.003486882
206.041,0.0011906640000000001
206.08,-0.00040427400000000004
206.119,0.0032706438
206.158,-0.0007658231999999
206.197,0.0018032849999999997
206.236,-0.0013158843000000001
206.275,0.004201352099999899
206.314,0.0020871342
206.353,-0.003489306
206.392,-0.00019836570000000004
206.431,0.0026278469999997996
206.47,0.0022783353
206.508,-0.00029307869999999997
206.547,-0.00079677
206.586,0.0031706787300000002
206.625,-0.0028835549999998
206.664,0.00539403
206.703,-0.0032808989999999
206.742,7.733999999999996e-05
206.781,0.002625489
206.82,0.0032580807000000002
206.859,-0.0012195641999999999
206.898,0.0005525319300000001
206.936,0.0028918979999998998
206.975,0.0006039000000000001
207.014,0.0022675079999999997
207.053,5.421479999999993e-05
207.092,0.0023434859999999997
207.131,0.0024348299999999
207.17,-0.0009242486999999999
207.209,-0.0009172979999999
207.248,0.0006589574999998
207.287,0.000653445
207.326,-0.004194054
207.365,-0.0012749769300000001
207.403,-0.0022199669999999
207.442,-0.000267648
207.481,-0.0017061119999999996
207.52,0.0003962729999999
207.559,0.0007171799999998999
207.598,0.0024553379999999
207.637,-0.0006928260000000001
207.676,0.004006413
207.715,-0.00113117817
207.754,0.0008718071999998999
207.793,-0.004530159
207.831,0.0006219932999999001
207.87,0.0024270150000000002
207.909,0.0012657929999999
207.948,0.00276624
207.987,0.004761075
208.026,0.0024423899999999
208.065,-0.0005201333999999999
208.104,0.0005768820000000001
208.143,-0.000160311
208.182,0.00044002905
208.221,0.0011404199999998
208.259,-9.769500000000007e-05
208.298,0.0029871180000000004
208.337,0.00016440300000000006
208.376,0.003073692
208.415,-0.004188042
208.454,0.002679327
208.493,0.00028401000000000007
208.532,-0.00012449070000000002
208.571,-0.0011167403999999
208.61,-0.003389421
208.649,1.9185930000000092e-05
208.688,0.003239316
208.726,-0.005686300500000001
208.765,-0.0027312477
208.804,0.0007015530000000002
208.843,0.0034738169999999997
208.882,0.0015480954
208.921,-0.002133132
208.96,-0.00017473200000000003
208.999,0.0032893542
209.038,-0.00044422199999979994
209.077,0.0006748289999999999
209.116,0.0003169356
209.154,-0.0017032694999998999
209.193,-0.004756266
209.232,-0.0030480150000000003
209.271,0.0015198672000000001
209.31,-0.003381471
209.349,-0.004187151
209.388,0.000477033
209.427,0.003389304
209.466,-0.005302926
209.505,0.003994419
209.544,-0.0031588137
209.583,0.0041049209999999
209.621,0.0011990009999999999
209.66,-0.0018455645999999998
209.699,0.0025673460000000003
209.738,0.0015352847999999999
209.777,9.51042e-05
209.816,0.0008921879999998
209.855,0.0061395539999999
209.894,-0.000720291
209.933,0.0006553574999999999
209.972,0.003135951
210.011,0.0014360795999997999
210.049,-0.0017447370000000001
210.088,0.0036804792
210.127,-0.0008408819999997999
210.166,0.0009762404999998
210.205,-0.0006884034
210.244,0.002055312
210.283,0.002479032
210.322,-0.00210321144
210.361,-0.0025555161
210.4,0.0011184332999999
210.439,-0.00048717
210.477,-0.00014889299999999988
210.516,-0.0010210958999999
210.555,0.004643454
210.594,0.0009296882999997999
210.633,-0.0044772098999999
210.672,0.0002671919999999
210.711,-0.001978407
210.75,-0.0018246291
210.789,0.004050942
210.828,0.002833869
210.867,0.0013662539999999
210.906,0.0002915124
210.944,-0.00116864166
210.983,-0.0003335639999999
211.022,0.0003327428399998
211.061,-0.0013637369999999998
211.1,-0.0021481104
211.139,-0.001321038
211.178,3.7013399999999397e-06
211.217,-0.0002712119999999
211.256,0.0008163864
211.295,0.00037970100000000003
211.334,0.0007144409999997999
211.372,0.001502532
211.411,0.0012626639999998998
211.45,-0.0011523267
211.489,-0.0016194509999998999
211.528,-0.0034400489999999997
211.567,0.001075791
211.606,-0.00019441859999999995
211.645,-0.0034180919999999997
211.684,0.00192163809
211.723,-0.005450607
211.762,0.0006421049999999999
211.801,0.0013658067
211.839,0.0027422699999999998
211.878,0.0023241390000000002
211.917,-0.005031327
211.956,-0.0003421220999999
211.995,-0.0034307699999999003
212.034,-0.0025235526
212.073,-1.1837099999999962e-05
212.112,-0.0027391227
212.151,0.004414266
212.19,0.0025678197
212.229,-0.0010076429999999002
212.267,0.0015891419999999002
212.306,-0.0030117749999999995
212.345,0.0043363409999999
212.384,-0.00321189
212.423,-0.0003143849999999
212.462,0.00039153599999999995
212.501,-0.0016215299999999002
212.54,0.0006297686999999001
212.579,-0.0005011769999998999
212.618,0.0012499775999998998
212.657,0.0002165388
212.696,0.0021190650000000003
212.734,0.0009723020999999999
212.773,0.004030431
212.812,-0.000466449
212.851,0.0010750028999999
212.89,-0.0025376985
212.929,-0.001128087
212.968,0.002770803
213.007,-0.004512132
213.046,0.0019901243999998998
213.085,-0.00225593265
213.124,0.00036755699999989995
213.162,0.0008436359999999999
213.201,0.0006853391999999999
213.24,-0.0022672050000000004
213.279,0.0008802453600000001
213.318,-0.00038390340000000003
213.357,0.004471596
213.396,-0.00013122599999999989
213.435,-0.0012287558999999999
213.474,-0.003570153
213.513,-0.0012938067599998998
213.552,0.0029829210000000004
213.59,-0.0036396372000000003
213.629,0.0010550439000000002
213.668,-0.001904709
213.707,-0.0016066409999998998
213.746,-0.0005174018999999
213.785,-0.0014122529999999998
213.824,0.0025289577
213.863,-0.000333075
213.902,-3.19098e-05
213.941,2.442330000000019e-05
213.98,-0.0009495069000000001
214.019,-0.0018357513000000002
214.057,0.0023519229
214.096,0.003778872
214.135,-0.0054288389999999
214.174,-0.0034804509000000003
214.213,-0.0018698009999998997
214.252,-0.0015575925
214.291,-0.0013604811
214.33,0.0032492099999999998
214.369,0.0040078079999999
214.408,-0.0014628750000000002
214.447,-0.0060531149999999995
214.485,-0.00197524893
214.524,0.0032736840000000002
214.563,-0.0003299477999999
214.602,0.0010570680000000002
214.641,-0.005962070999999999
214.68,0.0033612717000000005
214.719,0.0011410290000000002
214.758,0.0025118127
214.797,-0.0038770559999999
214.836,-0.0014414279999998998
214.875,0.0020640513
214.914,0.0033300323999998997
214.952,0.0008296800000000002
214.991,-0.003925593
215.03,-0.002457609
215.069,0.00309244902
215.108,0.00218630874
215.147,-0.0034768319999999003
215.186,-0.003280185
215.225,-0.005482053000000001
215.264,-0.004308929999999899
215.303,-5.727000000000011e-05
215.342,0.002322381
215.38,-0.0030150959999999003
215.419,-0.00072924
215.458,-0.0005828142
215.497,0.0007740573
215.536,0.00044807099999999997
215.575,-0.002178243
215.614,0.0049064768999999
215.653,-7.435980000000013e-05
215.692,-0.001628859
215.731,0.0008683589999997999
215.77,0.0028913099999999
215.809,0.0033185489999999996
215.847,0.00100938423
215.886,-1.9494000000000054e-05
215.925,-0.0002061840000000001
215.964,-0.0035983829999999004
216.003,-0.0041725755
216.042,0.000697686
216.081,0.0025987641
216.12,0.0009147090000000001
216.159,-0.0024455889
216.198,-0.0003169500000000001
216.237,-0.0018786029999998998
216.275,0.002277585
216.314,-0.0013298882999999
216.353,0.0036980679
216.392,-0.0007431540000000002
216.431,-0.0007301594999999
216.47,0.000345108
216.509,0.002564277
216.548,-0.002517384
216.587,-0.0022818177
216.626,0.0038423807999999997
216.665,0.00122883
216.703,0.003493233
216.742,-0.0006906899999999999
216.781,-0.002034963
216.82,0.0012582140999999
216.859,0.0014405789999999
216.898,0.0039374532
216.937,9.186474300000001e-05
216.976,0.0006832995
217.015,-0.0030150690000000004
217.054,0.0001301907
217.093,0.0006243689999998001
217.132,0.00034860599999989993
217.17,-1.4988000000000176e-05
217.209,-0.0006234071999999
217.248,-4.66644e-05
217.287,0.002622228
217.326,0.0017302137
217.365,0.003283776
217.404,0.00042957599999979995
217.443,0.0024443489999999
217.482,-0.001388856
217.521,-0.0032629229999999003
217.56,-0.002382996
217.598,-0.0005763624
217.637,-0.0036666756000000005
217.676,-0.0003596100000000002
217.715,0.0026155833
217.754,0.002660412
217.793,0.0007505408999999999
217.832,0.0008729249999998999
217.871,-0.0014536559999998998
217.91,-0.002371005
217.949,0.0002376894
217.988,0.000189282
218.027,-0.0010456259999999
218.065,-0.0017993399999999998
218.104,-0.00047575950000000003
218.143,0.002517825
218.182,-0.00023514900000000004
218.221,0.0024153900000000003
218.26,0.0028229346000000002
218.299,2.487300000000018e-05
218.338,0.0029459301
218.377,0.000870948
218.416,-2.2720800000000055e-05
218.455,-0.0004113357
218.493,-0.0032814177000000003
218.532,0.0005448299999999
218.571,-0.0029199221999999998
218.61,0.0025763873999997996
218.649,0.0011516849999999997
218.688,0.00039480900000000003
218.727,-0.0008854980000000001
218.766,-0.0023803719
218.805,0.0005249460000000001
218.844,-0.000564246
218.883,5.042999999999877e-06
218.921,-0.00029936700000000004
218.96,-0.0021602099999999
218.999,0.0011491299000000001
219.038,-0.00272196681
219.077,0.001037979
219.116,0.0015249479999999997
219.155,0.0026583996
219.194,0.0032958960000000004
219.233,-0.0008922803999999
219.272,-0.0005259504000000001
219.311,0.0029721600000000006
219.35,0.0032506824
219.388,-0.0032164134
219.427,-0.0023053559999999997
219.466,0.006906696
219.505,-0.005310507000000001
219.544,-0.0007965869999999
219.583,-0.0048685434000000005
219.622,-0.00265332
219.661,0.0038612159999999
219.7,0.001100646
219.739,-0.00140901402
219.778,-0.00021935999999989997
219.816,0.002384199
219.855,0.0007723859999998998
219.894,-3.0744e-05
219.933,0.0001249319999999999
219.972,-0.00533477211
220.011,0.0024879161999998
220.05,0.0013408046999999997
220.089,0.0054857999999997995
220.128,0.000294621
220.167,0.004068708
220.206,-0.0017346987
220.245,-0.000330666
220.283,0.0015355590000000001
220.322,-0.0007043916000000001
220.361,0.000223557
220.4,0.0022248299999999997
220.439,0.0014524757999999998
220.478,-0.0038775680999999997
220.517,-0.001822434
220.556,0.000829548
220.595,-0.0008770620000000001
220.634,-0.0024117495
220.673,-0.0015522104999999998
220.711,0.001114347
220.75,0.0003458759999999
220.789,0.0022108952999999
220.828,0.005351688
220.867,-0.0005743301399998
220.906,-0.0008002884899999
220.945,-0.0033096687
220.984,-0.0014042189999998
221.023,0.00051532776
221.062,-0.000370983
221.101,-0.0007283061
221.139,-0.0009081359999999999
221.178,0.004141239
221.217,-0.0004844204700000001
221.256,0.0016811340000000001
221.295,-0.001004223
221.334,0.0006728489999999
221.373,-0.0004806653699999
221.412,-0.001566189
221.451,0.0002610389999998999
221.49,0.003749118
221.529,-0.0041453159999999
221.568,0.0006052256999997999
221.606,0.0010655694
221.645,-0.0027316199999998
221.684,0.0006809970000000001
221.723,0.001706286
221.762,0.0021762215999998
221.801,0.000364938
221.84,-0.001434336
221.879,0.002415168
221.918,-0.0001746464999999
221.957,0.0002362755000000001
221.996,-0.001608117
222.034,0.000768084
222.073,-0.0038982119999998997
222.112,0.002634009
222.151,-0.00010547699999999998
222.19,0.0006613409999998
222.229,-0.00265962
222.268,0.0022291973099999
222.307,-0.0001836090000000001
222.346,0.0012424319999999
222.385,-0.00033826110000000005
222.424,0.003274086
222.463,-0.0002517935999998999
222.501,-0.0006264699
222.54,0.0007801710000000001
222.579,0.00044488859999989997
222.618,-0.004673775
222.657,-0.0030200618999999995
222.696,-0.001837323
222.735,7.147229999999991e-05
222.774,-0.000783342
222.813,0.001665735
222.852,0.0021720719999999997
222.891,0.0019804146
222.929,-0.0023346647999999
222.968,-0.0041263439999999
223.007,-0.0038793513
223.046,0.0017987133
223.085,-0.0010906499999999999
223.124,-0.0029326188
223.163,0.000531297
223.202,0.0007686629999999001
223.241,-0.0016001610000000001
223.28,0.0017962273500000004
223.319,0.0009900089999998998
223.357,-0.0022474559999999
223.396,0.0025870289999999
223.435,-0.005571822
223.474,-0.0001542463499999
223.513,0.0026778300000000004
223.552,-0.0018916809
223.591,-0.0019990725
223.63,-0.0026310945000000002
223.669,0.0019193456999999998
223.708,-0.0012651921
223.747,-0.0006630897
223.786,-0.0033064428
223.824,0.0008908607999998999
223.863,0.0018991316999999001
223.902,0.0005076299999998
223.941,-0.0007018155
223.98,0.0016123614
224.019,-0.0010123314000000001
224.058,-0.001981053
224.097,-0.003742932
224.136,-0.003811002
224.175,0.003728667
224.214,0.003687297
224.253,0.0007207244399998
224.291,-0.0025347449999999997
224.33,0.0004081185
224.369,-0.0007041731999997999
224.408,-0.001599744
224.447,-0.0003448889999999
224.486,0.0007080053999997998
224.525,-0.002078181
224.564,-0.0010753026
224.603,0.0014679099
224.642,-0.0027682709999997997
224.681,-0.00244293
224.719,0.0010665431999997998
224.758,-0.004854924
224.797,0.0013481279999999999
224.836,-0.0026864280000000003
224.875,-0.00031074629999989996
224.914,0.0041940810000000005
224.953,0.0047797230000000005
224.992,0.0009172439999997999
225.031,0.0036137043000000002
225.07,0.001913856
225.109,-0.00047614500000000003
225.147,-0.0015504143999999999
225.186,-0.00458277
225.225,0.002793369
225.264,-0.0018898452
225.303,-0.0009508679999998999
225.342,0.0021749397
225.381,0.0011243976
225.42,-0.004633241999999999
225.459,-0.0011406471899998
225.498,-0.0004488471
225.537,0.0011778974999998998
225.576,0.0024270527999999
225.614,-0.0015475353000000002
225.653,0.0003901355999998
225.692,0.00322116
225.731,0.0020672288999999
225.77,0.0023599409999999
225.809,0.0016944030000000001
225.848,0.002214957
225.887,-0.0012914195999999
225.926,-0.0027695069999999
225.965,-0.003195318
226.004,-0.003952497
226.042,-0.0019307999999998
226.081,-0.0016881180000000002
226.12,0.0002769113999998999
226.159,-0.0008203691999998999
226.198,0.0029002529999998003
226.237,0.0011735979
226.276,-0.0038932859999999997
226.315,0.004503786
226.354,-0.000738852
226.393,0.0044503079999998
226.432,0.0030287940000000005
226.47,-0.0009855030000000002
226.509,0.0011188281000000001
226.548,0.0004448453999999
226.587,-0.0008726885999999999
226.626,0.0029007275999999
226.665,0.0028633368000000005
226.704,-0.00034473719999990007
226.743,0.0006571229999999999
226.782,0.0012434177999998998
226.821,-0.0007712876999999
226.86,-0.001588995
226.899,0.0015871829999998999
226.937,0.00026121041999999995
226.976,0.004412474999999899
227.015,0.0011467650000000001
227.054,-0.0010400189999999999
227.093,0.0020116607999999
227.132,-0.0018482129999999
227.171,-0.0017866982999999999
227.21,0.00041849699999979995
227.249,-0.0016025034
227.288,0.0021410579999998998
227.327,-0.0016853699999998999
227.365,0.0017789718000000001
227.404,-0.0041911589999999
227.443,0.0007763699999999002
227.482,0.0005295380999999
227.521,0.0008491649999997999
227.56,3.294599999999995e-05
227.599,0.004697318399999899
227.638,0.0015369582
227.677,-0.0011773799999999
227.716,-0.00037993589999990005
227.755,0.0006884936999998
227.794,0.0002729858999998999
227.832,-0.0001510019999999
227.871,-0.0023215289999999
227.91,0.0011880629999999998
227.949,0.001967208
227.988,0.0017026003799999999
228.027,-0.001129299
228.066,-0.0023574486
228.105,0.00044083740000000005
228.144,-0.00011275199999999998
228.183,-0.002178567
228.222,-0.0030662009999999997
228.26,-0.00042607709999990004
228.299,-0.0012628829999999
228.338,-0.0008569499999999999
228.377,-0.001992738
228.416,-0.0014204189999998998
228.455,0.0041736372
228.494,-0.000665787
228.533,0.001236147
228.572,-0.0015207480000000002
228.611,0.0008664726
228.65,0.0005495369999999999
228.689,0.00462866148
228.727,0.0011342019
228.766,-0.0027903809999999998
228.805,0.0010499219999999
228.844,-0.0006308879999997999
228.883,0.001450689
228.922,0.001140189
228.961,-0.0025166966999998997
229.0,0.0013905299999999998
229.039,0.0010440330000000002
229.078,0.00213168
229.117,0.0033236249999999998
229.155,0.0002738535
229.194,0.0003319601999999
229.233,0.0022066019999999998
229.272,0.0005080044
229.311,-0.0013871159999999999
229.35,-0.0011719200000000001
229.389,0.0008541690000000002
229.428,0.001345812
229.467,0.004796006999999899
229.506,0.00010347638999999998
229.545,0.0029810699999999997
229.583,-0.0008946767999999999
229.622,0.0025140803999998
229.661,0.00258618849
229.7,-0.0032444901
229.739,0.0001568103
229.778,0.0023525100000000004
229.817,0.0029670512999999997
229.856,0.00228756
229.895,-0.0035120435999999
229.934,-0.0029446529999999998
229.973,-0.0033250460999999995
230.012,-0.0055239420000000004
230.05,-0.004286418
230.089,0.000531897
230.128,0.0037416617999999997
230.167,0.0016931667
230.206,3.5817000000000216e-05
230.245,4.893030000000003e-05
230.284,-0.00041715
230.323,-0.0002083293
230.362,-0.0019580339999999
230.401,-0.0016715043
230.44,0.0024533598
230.478,0.000674943
230.517,0.00392595
230.556,0.00026715600000000006
230.595,0.0035155859999997994
230.634,-0.0025444770000000003
230.673,0.0028377435
230.712,-0.003676566
230.751,-0.0002836470000000001
230.79,-0.0035213657999999997
230.829,0.0017452415999998998
230.868,0.0017106570000000002
230.906,-0.00022578599999989996
230.945,0.001537209
230.984,-0.002534409
231.023,-0.0022970528999999
231.062,-0.0018983729999999996
231.101,0.0028986000000000003
231.14,-0.0004962570000000001
231.179,-0.0003017771999999
231.218,-0.0018877961999999998
231.257,-0.0009164958599999998
231.296,0.0020086869
231.335,-0.0022402988999999
231.373,5.4678000000000224e-05
231.412,-0.004571217
231.451,-0.003321825
231.49,-5.6205000000000076e-05
231.529,6.466499999999977e-05
231.568,-0.0023468279999999
231.607,0.0033917111999999996
231.646,0.0014990349
231.685,-0.0006272163
231.724,-0.001146279
231.763,-0.0009825269999998
231.802,0.0036046922999999
231.84,-0.00234729
231.879,0.002034771
231.918,0.0007343310000000001
231.957,-0.003725607
231.996,0.0021096179999999997
232.035,-3.797100000000003e-05
232.074,0.0030044699999999
232.113,-0.005535957
232.152,0.000774921
232.191,-0.0001361514
232.23,0.0019780139999999997
232.268,-0.0009251729999999998
232.307,-0.00033186299999979997
232.346,-0.0004653345000000001
232.385,-0.00024021899999989994
232.424,0.0017069399999999997
232.463,0.00037771319999999997
232.502,0.00033219899999979995
232.541,0.0003239849999997999
232.58,-0.0019342979999999999
232.619,0.001099086
232.658,0.0012919079999999998
232.696,0.002886621
232.735,-0.0019988399999999002
232.774,-0.001314909
232.813,0.0028250099999999998
232.852,0.002924556
232.891,-0.005497923000000001
232.93,0.0021941610000000005
232.969,-0.004595367
233.008,0.0023770791000000003
233.047,0.0018128999999998997
233.086,0.000711312
233.125,0.0007973958000000001
233.163,0.0010031399999999998
233.202,0.003576111
233.241,0.0021579089999998
233.28,0.00169471749
233.319,0.0008524430999999
233.358,-1.8752400000000054e-05
233.397,9.285000000000001e-05
233.436,-0.00012890189999999999
233.475,0.00069095796
233.514,0.001042725
233.553,-0.0011587409999998998
233.591,0.0046084989
233.63,0.0032146316999999997
233.669,-0.0019198152
233.708,0.003439659
233.747,0.000300609
233.786,-0.003927303
233.825,0.0001946339999999
233.864,-0.0010819467
233.903,0.003718251
233.942,0.000827463
233.981,0.0030579269999999993
234.02,-0.0047488199999998
234.058,0.0033902969999999
234.097,0.00039870300000000003
234.136,-0.00024555900000000007
234.175,-0.0008813469
234.214,-0.0003295589999999
234.253,0.005262033
234.292,-0.00199488
234.331,-0.002490387
234.37,-1.9965600000000045e-05
234.409,-0.0014435489999999997
234.448,0.0005017680000000001
234.486,-0.0013295547
234.525,-0.0006760643999998999
234.564,-0.003360666
234.603,-0.0018206664
234.642,-0.000852876
234.681,0.0016138917
234.72,-0.0008784720000000002
234.759,0.002118513
234.798,-0.0024246321
234.837,0.0011571479999999998
234.876,-0.0020335500000000003
234.914,-0.00029864399999989996
234.953,-0.0013693266000000001
234.992,0.001009146
235.031,-0.0027878309999999997
235.07,-0.000860466
235.109,0.0039218939999999996
235.148,0.0005760419999997999
235.187,-0.0017047338
235.226,-0.0005556479999997999
235.265,0.0012668838
235.304,-0.00025574100000000003
235.343,0.0017115438
235.381,-0.004036533
235.42,0.0012106602
235.459,0.0018435210000000003
235.498,-0.005306994
235.537,-0.0009996539999998
235.576,0.0076721789999999995
235.615,0.0027623526
235.654,-0.0016154781
235.693,0.0016080762000000002
235.732,-0.0022342278000000004
235.771,-0.0006926802000000001
235.809,0.0005530350000000001
235.848,-0.0006937919999999
235.887,0.0020746607999999004
235.926,-0.0010948529999999
235.965,0.000391503
236.004,0.0014928072
236.043,0.0020162759999998
236.082,-0.0028568099999999996
236.121,0.0026844012
236.16,-0.0014688567
236.199,-0.002462988
236.237,-0.00139485
236.276,0.001067964
236.315,0.0011954984999999999
236.354,-0.005374422
236.393,0.00020728140000000005
236.432,-0.002550966
236.471,-0.0012286512
236.51,-0.003048363
236.549,0.0011706629999999002
236.588,-0.0015232152000000001
236.627,-0.00033265800000000005
236.666,-0.0013980330000000001
236.704,0.0002538822
236.743,-0.003770352
236.782,-0.0017205350999998999
236.821,-0.003656697
236.86,-0.0024046859999999003
236.899,0.0006569127
236.938,0.001494342
236.977,0.00027204210000000004
237.016,-0.0012780146999999999
237.055,0.00029019930000000004
237.094,0.0002334719999999
237.133,0.0032780559
237.171,-0.001028295
237.21,-0.0028570409999999994
237.249,-0.0017621238
237.288,0.002038041
237.327,-0.0034283879999999997
237.366,-0.0015201477000000001
237.405,-0.0023589179999999998
237.444,-3.5709000000000034e-05
237.483,0.0010852821
237.522,0.0008411567999999
237.561,-0.000638283
237.599,0.000731769
237.638,3.266430000000002e-05
237.677,-0.0022834409999999998
237.716,0.001145859
237.755,2.562000000000007e-06
237.794,-0.0011351688000000003
237.833,0.0026449047000000002
237.872,-0.0011465160000000002
237.911,-0.0007069027499999
237.95,0.0002926409999999
237.989,0.0006932669999999
238.027,-0.0020322059999999
238.066,0.0008270066999999999
238.105,0.0012831936
238.144,-0.00018131400000000002
238.183,-0.00153008793
238.222,-0.0025180319999998997
238.261,0.0014093669999999
238.3,0.0009181202999999001
238.339,0.0018113339999999002
238.378,0.002324526
238.417,-0.0014834675999999
238.456,0.0019305120000000001
238.494,0.0013307702999999999
238.533,-0.002962497
238.572,-0.001329894
238.611,0.00026251199999989994
238.65,0.0012421553999999
238.689,-0.005267985
238.728,0.001751055
238.767,-0.001085106
238.806,-0.0030372414299998994
238.845,0.0017884511999999998
238.884,0.0016199879999999
238.922,-0.0027393272999998997
238.961,0.0020201549999999
239.0,0.0031400487
239.039,-0.0008861609999999999
239.078,0.0033224153999999997
239.117,0.004294587
239.156,0.002343339
239.195,0.0001711464
239.234,-0.0005567129999999
239.273,-0.0014686019999999
239.312,-0.004970751
239.35,0.00024412499999990002
239.389,-0.0005672118
239.428,-0.0007331099999999
239.467,-0.0049125483
239.506,-0.0024403655999999
239.545,0.00038508
239.584,-0.0007502622
239.623,0.0005018783999999
239.662,-0.002104764
239.701,-0.0010064351999999998
239.74,-0.0006306462000000001
239.779,-0.0027995009999999
239.817,0.001508235
239.856,-0.0002668814999999
239.895,-0.003734496
239.934,-0.0023717579999999
239.973,-0.0030689399999999996
240.012,0.002323482
240.051,-0.00033215339999989997
240.09,-0.00025079939999989997
240.129,0.0027347609999999
240.168,0.0018605159999997996
240.207,-0.0013938846
240.245,-0.0009462749999998998
240.284,0.000611181
240.323,0.0010514654999999999
240.362,-0.0025350306
240.401,-0.0013780499999999
240.44,-0.003477852
240.479,-0.0019484159999998997
240.518,-0.0010143419999999999
240.557,0.000769293
240.596,0.0010541909999999
240.635,0.000656502
240.674,0.00019505459999989998
240.712,-0.0002936244
240.751,0.0010978794
240.79,-0.0012713699999998
240.829,0.0008504489999998999
240.868,0.002417196
240.907,0.0027517913999997997
240.946,0.0016668030000000001
240.985,0.0014285939999998
241.024,0.0011122877999999998
241.063,0.0015690510000000001
241.102,0.00041102399999999996
241.14,-0.00154557
241.179,0.001854786
241.218,-0.0011882160000000002
241.257,-0.0034029809999999
241.296,0.00011959590000000002
241.335,0.0009702853199999999
241.374,-0.0002997900000000001
241.413,0.000602586
241.452,0.0005057261999999999
241.491,-0.001556991
241.53,0.00245067513
241.569,0.0013042062
241.607,0.00010201722000000002
241.646,-0.002899524
241.685,0.00042429
241.724,0.000330852
241.763,-5.5416000000000026e-05
241.802,0.0025800839999999
241.841,-0.002302404
241.88,0.0023518056
241.919,-0.001732932
241.958,-0.0011944649999998998
241.997,0.0020675489999999997
242.035,-0.0013173699000000002
242.074,0.00127427301
242.113,0.0029264015999998
242.152,-0.00037212569999979994
242.191,-0.0039805589999999
242.23,-0.0013634789999999
242.269,-0.0006776820000000001
242.308,-0.003358809
242.347,0.0042717449999999
242.386,-0.001319208
242.425,-0.0031551257999999998
242.464,0.0021802830000000003
242.502,-0.0021809673
242.541,0.002732133
242.58,0.0002525234999999
242.619,-0.003299334
242.658,-0.00042659610000000004
242.697,-0.0033604982999999996
242.736,-0.0029067329999998
242.775,-0.00046923539999999995
242.814,0.0009117789
242.853,0.0007703256
242.892,0.000982491
242.93,-0.0009412439999999999
242.969,-0.0009849959999999
243.008,-0.001552797
243.047,-0.00029018399999999997
243.086,0.0008867613000000001
243.125,0.0032161616999999997
243.164,-0.0032356226999999
243.203,-0.0023306033999999
243.242,0.0008770050000000001
243.281,-0.0026052239999999997
243.32,-0.0014645682
243.358,0.0020248049999999997
243.397,0.0005538390000000001
243.436,0.0017697993
243.475,-0.0005287898999997999
243.514,-0.0007288473
243.553,0.0001699737
243.592,-0.0034952909999999998
243.631,-0.001986906
243.67,0.0007362699
243.709,0.0018087735
243.748,0.002512134
243.786,0.003636618
243.825,0.00024217499999989995
243.864,-0.0005544389999998
243.903,-0.000918957
243.942,0.0017508209999998999
243.981,-0.001431519
244.02,-0.000411813
244.059,0.00046933140000000005
244.098,0.0019127939999999998
244.137,0.0016376668619999999
244.176,-0.0017691780000000002
244.215,-0.003927551999999999
244.253,-0.000692748
244.292,-0.0010449179999999
244.331,-0.0015562281
244.37,-0.00046148909999999997
244.409,-0.00035621099999999994
244.448,0.0008238480000000001
244.487,-0.0039770579999999995
244.526,-0.0018889038000000002
244.565,0.002367204
244.604,-0.00013604595000000003
244.643,-0.00022260000000000004
244.682,0.0016880879999999
244.72,-0.0007304730000000001
244.759,0.0013810284
244.798,0.0021819825000000004
244.837,0.0018837992999999002
244.876,0.000779112
244.915,-0.0029032902000000003
244.954,0.0006932522999999
244.993,0.0012048420000000002
245.032,-0.00036967200000000003
245.071,-0.004277402699999999
245.11,-0.0011823179999999
245.148,0.002656626
245.187,5.2564799999999955e-05
245.226,-0.0014523180000000002
245.265,0.00016535760000000002
245.304,-0.0033003029999999997
245.343,0.00217004145
245.382,0.0034896903000000003
245.421,-0.00048585
245.46,-0.0030900899999999998
245.499,0.0007386239999999999
245.538,0.00173493
245.576,-0.002038584
245.615,0.0030834300000000003
245.654,0.00019070070000000005
245.693,-0.002853327
245.732,0.0022213818
245.771,-0.00105749478
245.81,-0.004341033
245.849,0.0023893569
245.888,0.0007765139999998
245.927,0.0004379172
245.966,-0.0029115449999999998
246.005,-0.0003625079999998
246.043,0.0017508099000000002
246.082,-0.0004939595099998
246.121,-0.0014973804
246.16,0.0003944372999999
246.199,-0.0032778860999999994
246.238,-0.0012060960000000003
246.277,-0.001657653
246.316,-0.001040493
246.355,0.00321639
246.394,0.0014279726999999998
246.433,0.0008711489999998999
246.471,0.0013595907
246.51,0.00047792429999999995
246.549,-0.001625556
246.588,2.9660999999999945e-05
246.627,0.0019459668
246.666,-0.004046745
246.705,-0.0008113620000000002
246.744,0.0005454203999999999
246.783,0.005547228
246.822,-0.001043772
246.861,0.004806015
246.9,0.0017198040599999999
246.938,-0.0022243959
246.977,0.0006905913
247.016,0.0019307489999999998
247.055,0.0035337719999999997
247.094,-0.0008043369
247.133,-0.0014481869999999999
247.172,0.0003401336999999
247.211,0.0007141964999999
247.25,0.003754791
247.289,0.0022022871000000003
247.328,0.0032268990000000005
247.366,0.002955975
247.405,-0.0008896529999998999
247.444,0.0008505000000000001
247.483,-0.001537335
247.522,-0.000940812
247.561,-0.0021122898
247.6,-0.0024007263000000003
247.639,-0.0010342110000000002
247.678,3.521550000000007e-05
247.717,-0.0005938760999998
247.756,-0.00020560260000000003
247.794,0.0021557258999999
247.833,-0.000783492
247.872,0.0011371302
247.911,0.0015609066000000001
247.95,0.001795806
247.989,0.0014765645999999999
248.028,-0.0006090689999997999
248.067,0.0034336500000000003
248.106,0.00024732629999989995
248.145,-0.00013602000000000002
248.184,-0.00045892499999979997
248.223,-0.0003892044
248.261,0.00128510628
248.3,0.002682504
248.339,0.001336632
248.378,-0.0013499541
248.417,0.0010302326999999999
248.456,0.00016312200000000003
248.495,0.0028174056
248.534,0.000304764
248.573,0.0003493410000000001
248.612,0.0018563069999999
248.651,0.0005063490000000001
248.689,0.0011064170999999
248.728,-0.001197228
248.767,-0.0002470545000000001
248.806,0.0010526873999999998
248.845,-0.0003173381999999
248.884,0.0005603700000000001
248.923,0.0015055329
248.962,-0.0007077446999999
249.001,0.001352214
249.04,0.001382517
249.079,-0.0012324008999999
249.117,0.00011097299999999989
249.156,-0.00025593420000000005
249.195,0.0014607108
249.234,-5.859180000000004e-05
249.273,0.0010985328
249.312,-0.0003936609
249.351,0.0015846572999998999
249.39,-0.002098863
249.429,-0.00019218000000000002
249.468,0.0010317629999999
249.507,0.0062784270000000005
249.546,-0.0015835218
249.584,-0.0014570994
249.623,0.002771436
249.662,-0.0011560469999999001
249.701,-0.005163423
249.74,-0.0012841995000000001
249.779,0.0012724154999999
249.818,0.0012309563999999
249.857,0.0023983259999999
249.896,0.0046910489999999
249.935,-0.0018309300000000001
249.974,-0.0008509239
250.013,0.001968015
250.051,0.002867721
250.09,-0.002017164
250.129,-0.00042840810000000006
250.168,0.0003285786
250.207,-0.0022645853999999997
250.246,-0.0032375756999999
250.285,0.0015863886
250.324,0.0018483269999999999
250.363,0.004608002999999999
250.402,0.001419417
250.441,-0.0004128510000000001
250.479,0.0042533283
250.518,0.0005736411
250.557,0.00037506899999999996
250.596,0.001075737
250.635,-0.0005373026999998999
250.674,-0.0007005089999998999
250.713,-0.0004451231999998999
250.752,-0.0021536211
250.791,0.0016750314
250.83,0.001722018
250.869,-0.0008014815000000001
250.907,-0.0023846448000000003
250.946,-0.001818933
250.985,-0.003005583
251.024,-0.0022527908999999
251.063,0.00032802630000000003
251.102,-0.0008774459999999999
251.141,-0.0024034483200000003
251.18,0.0009633299999998999
251.219,-0.0052576679999998
251.258,-0.002131374
251.297,0.0012307739999997999
251.336,0.0003207968999998999
251.374,0.0010314713999999999
251.413,0.00015350699999989997
251.452,-0.0014410223999999
251.491,-0.0029195609999999998
251.53,0.0028189079999999997
251.569,0.002078013
251.608,0.000519093
251.647,0.0015635897999999998
251.686,-0.0005179100999999999
251.725,-0.0002857797
251.764,-2.4141299999999816e-05
251.802,-0.0016397481000000002
251.841,-0.0005836050000000001
251.88,-0.00024982199999989995
251.919,-9.251969999999997e-05
251.958,-0.001167585
251.997,-0.001431513
252.036,0.0014892390000000003
252.075,0.0032402775
252.114,0.002145873
252.153,-0.000466827
252.192,0.004840014
252.23,0.002467188
252.269,0.00027547799999999995
252.308,-0.0044955540000000006
252.347,-0.0006830049
252.386,0.0039310979999999
252.425,-0.002067708
252.464,-0.0012788094
252.503,-0.001719597
252.542,-0.0003343638
252.581,0.0010648859999998
252.62,-0.0028221638999999
252.659,-0.003017418
252.697,-0.0005960879999998999
252.736,0.0014868729
252.775,0.0007160675999999
252.814,0.001270617
252.853,0.0026361732
252.892,-0.0016047381000000001
252.931,0.001311567
252.97,-0.0007640100000000001
253.009,0.000477453
253.048,-0.00240993
253.087,-0.002212392
253.125,-0.0017919756000000001
253.164,0.002570175
253.203,-0.0005035116000000001
253.242,6.216300000000002e-05
253.281,-0.0014137889999999
253.32,0.0013244399999998
253.359,-0.0006503489999999999
253.398,-4.954019999999995e-05
253.437,0.0031030179000000003
253.476,0.0012179624999999
253.515,-0.0003440789999998
253.554,0.00030976199999979996
253.592,0.001589298
253.631,0.0025993500599999003
253.67,0.0013025297999999
253.709,-0.00024662580000000005
253.748,-0.0018112406999998998
253.787,-0.0005165691
253.826,-0.0010910337000000002
253.865,-0.002202633
253.904,0.0023061899999999996
253.943,-0.0024934335
253.982,0.0004140849
254.02,-0.00026170586999989996
254.059,0.002313432
254.098,-0.0001356450000000001
254.137,0.0008578476
254.176,0.0008173589999999999
254.215,-0.0019034699999997998
254.254,0.0010875179999998998
254.293,-0.0013253694
254.332,0.0007803717
254.371,0.0024792716999998995
254.41,-0.0022893761999999
254.449,-0.000608055
254.487,0.002686149
254.526,0.000214626
254.565,0.003136962
254.604,0.001579293
254.643,0.00020470320000000005
254.682,0.0008227079999998999
254.721,-0.00110338434
254.76,0.003508683
254.799,-0.00034924859999979987
254.838,0.0006617159999999999
254.877,-0.0012306419999999
254.915,0.0011414279999999001
254.954,-0.000248028
254.993,-0.0035384219999998997
255.032,-0.00082369986
255.071,0.0015010050000000001
255.11,-0.00013515570000000002
255.149,-0.0010793903999999999
255.188,-0.0015152334
255.227,0.001255734
255.266,0.00057138
255.305,0.0024343739999999
255.344,-0.001848381
255.382,-0.0007675497
255.421,-0.0020505171
255.46,0.0030942117
255.499,0.0011471580000000001
255.538,0.0021242918999999994
255.577,0.001204551
255.616,0.0013665
255.655,-0.0009979019999999
255.694,-0.0004158431999998999
255.733,-0.0009385137
255.772,-0.0016013892
255.81,0.00011306700000000009
255.849,0.0015091082999997998
255.888,0.0029625162
255.927,0.0030187986000000003
255.966,0.0003875460000000001
256.005,0.0015084179999999997
256.044,-0.0001799507999999
256.083,-0.0013139557499999
256.122,-0.0027945569999999
256.161,0.00011607900000000002
256.2,-0.00029330999999999997
256.238,0.0012527988000000001
256.277,-0.0004468301999999999
256.316,-0.00137217
256.355,0.0011301501
256.394,-0.0005224890000000001
256.433,-0.0016659
256.472,-4.974239999999997e-05
256.511,-0.0002796603
256.55,0.00013040699999999995
256.589,0.0014753939999999001
256.628,0.001630803
256.667,-0.0005596826999998
256.705,-0.001054773
256.744,-0.0012552288
256.783,-0.0014023334999999
256.822,0.0030335909999999995
256.861,0.0023067795
256.9,0.0035363451000000002
256.939,0.0025528860000000003
256.978,0.000897519
257.017,0.0024195215999999998
257.056,0.001473801
257.095,0.0025234851
257.133,0.0029245449
257.172,0.001467072
257.211,0.0014698709999999998
257.25,-0.0011883644999999999
257.289,0.0032876178
257.328,0.0007857420000000002
257.367,0.0006437354699999
257.406,0.0045528959999997995
257.445,-0.0014993747999998998
257.484,-0.00019283010000000002
257.523,0.0008543069999999999
257.562,0.0009999929999999
257.6,-0.002104824
257.639,-0.0011053331999999001
257.678,-0.0016750131
257.717,-0.0016244774999999
257.756,-0.0024531479999999
257.795,0.0003629498999997999
257.834,-0.0006023334
257.873,0.0006754079999998
257.912,0.0009831240000000002
257.951,-0.0008062019999998
257.99,-0.0009890309999999998
258.028,0.0019288200000000004
258.067,-0.0005383398
258.106,-0.0005684504999999
258.145,0.0026148119999999005
258.184,3.0345599999999983e-05
258.223,0.0003886548000000001
258.262,0.0020682108
258.301,-0.000665448
258.34,0.0013326615
258.379,0.0018781983
258.418,0.00016504500000000006
258.456,-0.0005321786999999999
258.495,-0.002371869
258.534,0.00033940680000000005
258.573,0.0025281749999999
258.612,0.0025248954
258.651,-0.0005120259
258.69,-0.0005013149999998999
258.729,-0.0016148529
258.768,-0.0017582929799998999
258.807,-1.3516800000000053e-05
258.846,-0.0030178989
258.885,-0.000100455
258.923,-0.0002016288
258.962,0.0027171135
259.001,-0.0031163189999999998
259.04,-6.286800000000005e-05
259.079,-0.0015105839999999
259.118,0.0050070645
259.157,-0.00014677799999999994
259.196,0.0017123451000000001
259.235,0.0011734409999998
259.274,-0.001562766
259.313,-0.002518584
259.351,0.0035355419999999
259.39,0.002366676
259.429,-0.0020298878999999
259.468,0.0005780823
259.507,0.003989259
259.546,-0.0015426149999999998
259.585,-0.0003141809999999
259.624,-0.0019271031
259.663,0.001938051
259.702,-0.0022705739999999003
259.741,0.0016716629999999999
259.78,-0.0027333138
259.818,0.0032580540000000002
259.857,0.00055775415
259.896,-0.001369404
259.935,-0.0040233809999999995
259.974,-6.229199999999987e-05
260.013,0.0027904962
260.052,-0.0010200975
260.091,-0.0010575747
260.13,-0.0009688152
260.169,-0.0012484563
260.208,-0.0011338020000000002
260.246,0.0013287258
260.285,0.0023105039999999997
260.324,-0.0003701639999999
260.363,0.000661362
260.402,-0.0006497699999998
260.441,-0.0016025847
260.48,0.0016784909999998999
260.519,0.0001448286
260.558,-0.0008848649999999
260.597,-0.0005240928
260.636,0.0005661570000000001
260.674,-0.000392736
260.713,0.0005693564999999999
260.752,-0.0008916759000000001
260.791,-0.0044032919999998
260.83,-0.0008408229
260.869,0.0027811386
260.908,-0.0018590121000000002
260.947,0.0037746623999998998
260.986,-0.0037741152
261.025,0.0015850259999998003
261.064,-0.0019446806999999
261.103,0.001350351
261.141,-0.00033567870000000003
261.18,0.002092704
261.219,-0.0012733151999999998
261.258,-0.0010579559999999
261.297,-0.0043902576
261.336,0.002586219
261.375,-0.0003007269
261.414,-0.0011991009
261.453,-0.002741547
261.492,-0.0029249046
261.531,-0.0017371593
261.569,0.002690169
261.608,0.0019151619
261.647,-0.0019362228899999
261.686,-0.0031495229999999996
261.725,-0.000930549
261.764,-0.0019006194899999999
261.803,0.002438931
261.842,-0.0020819849999999997
261.881,-0.00018371100000000003
261.92,0.0025503749999999997
261.959,-2.4585000000000037e-05
261.997,-0.0026617511999999
262.036,0.003809421
262.075,0.002673975
262.114,-0.0028565249999999995
262.153,-0.0007866539999998
262.192,-0.001420725
262.231,0.00256347
262.27,-0.0022051590000000004
262.309,-0.0005308664999999999
262.348,0.002805144
262.387,-0.000282957
262.426,-0.002441532
262.464,0.0006283373999998998
262.503,-0.001317345
262.542,-0.000543117
262.581,0.0006591539999999
262.62,-0.0008765123999999
262.659,1.2689999999999934e-05
262.698,-0.0012363470999999
262.737,0.0019055250000000001
262.776,-1.6317239999999976e-05
262.815,0.001209228
262.854,-0.004743207
262.893,0.0012615209999999998
262.931,0.000735831
262.97,-0.00014757599999999998
263.009,0.0017352693000000003
263.048,0.0020756249999999998
263.087,0.0015020208
263.126,-0.0025089320999999998
263.165,0.0008816973000000001
263.204,0.00370677
263.243,0.0010930212
263.282,-0.0014626770000000001
263.321,0.0013978904999999
263.359,0.0010815840000000002
263.398,-0.001661784
263.437,-0.00045318539999999997
263.476,-0.0020778645
263.515,0.00015673680000000004
263.554,-0.0040660956
263.593,-0.0017089158000000001
263.632,-0.0012674409
263.671,-0.0011783732999999
263.71,0.0015181559999999999
263.749,-0.0012025619999998
263.787,-0.00015656399999989997
263.826,-0.0035497470000000002
263.865,0.0038057870999999997
263.904,0.000629082
263.943,-0.00023536619999989998
263.982,0.0016785347999998998
264.021,-0.0011331452999999
264.06,0.0007970729999999999
264.099,-0.00016251479999989998
264.138,-0.0019062524999999
264.177,0.0007561215000000001
264.216,-0.0013507229999999999
264.254,-0.002111727
264.293,-0.006427430999999999
264.332,0.0018394269
264.371,-0.0010437743999999998
264.41,-0.0014058249
264.449,0.00062212164
264.488,0.0006501726
264.527,0.00046911899999980007
264.566,0.0016750409999999
264.605,-0.0004378118999998
264.644,0.0014602770000000003
264.682,-0.0022603280999998
264.721,-0.00023150939999999997
264.76,-0.0002811492
264.799,-0.0016566285
264.838,-9.348240000000003e-05
264.877,-0.0007753889999997999
264.916,0.0024944759999999
264.955,-0.0013327067999997998
264.994,-0.0032754299999999997
265.033,-0.0017708040000000002
265.072,0.0018373311
265.111,-0.0012698600999998
265.149,-0.0009439469999998999
265.188,-0.002598042
265.227,-0.00024494100000000004
265.266,0.00212439
265.305,-0.0025408229999999998
265.344,-0.0004301450999999
265.383,-0.00294552
265.422,3.676799999999996e-05
265.461,-0.0028868039999999
265.5,0.001529367
265.539,-0.0020604395999999
265.577,-0.00014766210000000004
265.616,0.000373887
265.655,0.0031238699999998998
265.694,-0.003137835
265.733,0.0006855089999999
265.772,0.00132297183
265.811,0.000988314
265.85,0.0011729459999999
265.889,-0.000536685
265.928,-0.0023448389999999
265.967,-0.0047446107
266.005,-3.407400000000012e-05
266.044,0.001107213
266.083,-0.0001242975
266.122,-0.00013389719999999997
266.161,-0.0013934459999999
266.2,0.00016433310000000002
266.239,-0.0007252019999999001
266.278,-0.000462603
266.317,0.0015004683000000001
266.356,-0.00011230799999999996
266.395,-0.0025246619999999003
266.434,0.001179741
266.472,0.0005074502999999999
266.511,-0.001569429
266.55,0.0016703729999998998
266.589,0.0018612689999999
266.628,0.001667922
266.667,0.002120181
266.706,0.00032497440000000004
266.745,5.121600000000009e-05
266.784,0.0021704849999999998
266.823,-0.00387042
266.862,0.0024663518999998
266.9,-0.00041661149999979997
266.939,0.000549078
266.978,-0.0005299130999997999
267.017,-0.000216303
267.056,0.0006171846000000001
267.095,0.0010924730999999
267.134,-0.0021716070000000003
267.173,0.00025273499999989995
267.212,-0.0013961577
267.251,-0.0003758025
267.29,0.000352389
267.328,-0.0017797680000000004
267.367,-0.0030498608999999
267.406,0.0013900464
267.445,0.0006294143999999999
267.484,-0.000351639
267.523,0.00017474549999999998
267.562,-0.00014568
267.601,0.0006370139999998998
267.64,0.0017117613000000001
267.679,0.0024890129999999
267.718,-0.0004281674999999999
267.757,0.0002956511999999999
267.795,-0.000704781
267.834,0.0021362573999999
267.873,-0.0008585114999998999
267.912,-0.004334217
267.951,0.003018261
267.99,0.0006508338
268.029,0.0031574790000000004
268.068,0.0010587510000000001
268.107,0.0019044630000000001
268.146,-8.857710000000001e-05
268.185,-0.0006491517000000001
268.224,0.00204309789
268.262,-0.003180741
268.301,-0.0007841369999997999
268.34,-0.002853957
268.379,-0.00028888799999989993
268.418,-0.0012870695999998999
268.457,0.0026304119999998
268.496,0.00033120660000000006
268.535,0.0014586149999998997
268.574,-0.0017384100000000001
268.613,-0.0031052234999999996
268.652,0.00030614519999990007
268.69,0.001044063
268.729,0.000760959
268.768,0.000975972
268.807,0.003910704
268.846,0.00047605710000000003
268.885,0.0003531621
268.924,0.000907344
268.963,-0.00041468217000000006
269.002,-0.0016611359999999
269.041,-0.00037118879999990004
269.08,-0.0009491939999998
269.118,-4.576109999999995e-05
269.157,0.0010881609000000002
269.196,-0.0017816549999998999
269.235,-0.0028761801
269.274,0.001628595
269.313,-0.0051746099999999
269.352,-0.0002412056999999
269.391,0.0006826739999999
269.43,-0.0014692423200000002
269.469,0.002451216
269.508,-0.000333285
269.547,-0.0006828659999998999
269.585,0.0004624964999999
269.624,0.0014233574999999
269.663,8.535269999999999e-05
269.702,0.0006084059999999
269.741,0.0022145430000000002
269.78,0.0014608938
269.819,0.001415244
269.858,0.0010192874999999
269.897,-0.0007434965999999999
269.936,0.0037215150000000003
269.975,-0.001052079
270.013,-0.0013509762
270.052,0.0003528029999998
270.091,-0.0010760703
270.13,0.0009934761
270.169,-0.0030128661
270.208,0.000996261
270.247,-0.0017272185
270.286,-0.0002653506
270.325,-0.0006059520000000001
270.364,0.001048293
270.403,-0.001704633
270.441,0.0004968719999998
270.48,0.00011057399999999995
270.519,0.0018486155999999998
270.558,-0.0023805858
270.597,0.001352613
270.636,0.0009312516000000001
270.675,-0.001588908
270.714,0.00022758269999989997
270.753,-0.00015731100000000015
270.792,0.0012920978999999
270.831,0.000687879
270.87,0.003178662
270.908,0.00025082580000000004
270.947,0.000480963
270.986,-0.0011000894999999998
271.025,-5.0268000000000095e-05
271.064,0.0003500511
271.103,0.0007439219999999999
271.142,0.00032156640000000005
271.181,-0.0005810159999999
271.22,-0.0009645858000000001
271.259,-0.00011438100000000015
271.298,-0.000697485
271.336,0.0018707220000000002
271.375,-0.00015565259999999998
271.414,-0.0004873251
271.453,6.845789999999997e-05
271.492,0.0007436531999998999
271.531,-0.0019467338999999998
271.57,-0.00040847699999999997
271.609,-0.0009948965999999
271.648,0.00016625310000000003
271.687,-0.0004218150000000001
271.726,0.0021618836999997997
271.765,-0.0009884834999998998
271.803,0.0026797770000000004
271.842,0.0005377017
271.881,-0.0031772693999998994
271.92,-0.0013510499999999
271.959,0.0003349026
271.998,0.0014920319999998997
272.037,0.0008516057999999999
272.076,0.0019438650000000001
272.115,-7.318446e-05
272.154,-0.0019218149999998997
272.193,-0.0003584139
272.231,0.0027124289999999997
272.27,0.0029204751
272.309,-0.0021665849999998
272.348,0.0010744628999998
272.387,0.0029488544999999
272.426,4.523910000000034e-06
272.465,-0.00011006909999999995
272.504,0.0009191217
272.543,-0.0001620821999998999
272.582,-0.0011607861
272.621,0.0002726039999998999
272.66,0.002815887
272.698,-0.0005264046
272.737,-0.000938232
272.776,-0.0007308117
272.815,0.0007820489999999999
272.854,-0.002184879
272.893,-0.0032850344999999998
272.932,0.002110122
272.971,0.001645929
273.01,-0.00043681589999979996
273.049,0.0009061554000000001
273.088,-0.0014862594000000001
273.126,0.00042587699999999996
273.165,-0.0008671484999999999
273.204,0.0016538727
273.243,0.0033833400000000003
273.282,0.00016955264999999998
273.321,2.8593299999999915e-05
273.36,-0.0011783038199999
273.399,0.00130559133
273.438,-0.001749225
273.477,0.002072337
273.516,0.0013995296999999001
273.555,0.0009694682999999999
273.593,0.0007995381000000001
273.632,0.0008549010000000001
273.671,-0.000443028
273.71,-0.0015177795
273.749,0.0002372487
273.788,-0.0018765570000000003
273.827,0.0004803209999999999
273.866,0.0024440229299998004
273.905,0.00020067480000000003
273.944,0.0021620040000000004
273.983,-0.0005026998000000001
274.021,0.00015497310000000002
274.06,-0.00072901248
274.099,-0.0009219878999999001
274.138,0.000561924
274.177,0.0030685788
274.216,-0.0005708040000000001
274.255,-0.0020744910000000004
274.294,0.0003669960000000001
274.333,0.00021620189999989998
274.372,0.0008701231199998
274.411,-0.002167365
274.449,0.0036061920000000007
274.488,0.0019164540000000002
274.527,0.001355172
274.566,-0.0013103732999999998
274.605,-0.0005818313999999001
274.644,0.0028611002999999
274.683,0.001291749
274.722,0.0005724621
274.761,-0.00068349267
274.8,-0.002491092
274.839,-0.0012763944000000003
274.878,0.001748121
274.916,0.0012384029999999002
274.955,0.0019997580000000004
274.994,0.0008297856
275.033,0.0015029729999999
275.072,-0.00048621479999999995
275.111,0.001156728
275.15,0.00024501510000000005
275.189,-0.0009152979000000001
275.228,0.002183469
275.267,0.002525355
275.306,-0.00050094021
275.344,-0.001284045
275.383,-0.0006661070999999
275.422,0.0022609559999999997
275.461,0.000736962
275.5,-0.0020949873
275.539,0.0035228432999999996
275.578,0.001972158
275.617,-0.000836844
275.656,-0.0029352690000000003
275.695,-0.0027165899999999003
275.734,-0.0013852646999999
275.773,-0.0011164874999997998
275.811,0.0006596096999999
275.85,0.0014581358999999
275.889,0.002320935
275.928,-0.0011309039999999999
275.967,0.0012988638
276.006,0.00021339119999989997
276.045,0.0006912509999999999
276.084,0.001505457
276.123,0.0018861179999998
276.162,0.000951336
276.201,-0.000688227
276.239,0.0024299039999999997
276.278,-0.0008121179999999999
276.317,0.00041712300000000004
276.356,0.00011133240000000008
276.395,-1.4591699999999944e-05
276.434,0.0025190129999999996
276.473,-0.002285034
276.512,-0.0011669129999999999
276.551,-0.0009805722
276.59,-0.001403157
276.629,0.0009857667
276.667,-0.00126421881
276.706,-0.0008543133000000001
276.745,-0.001879278
276.784,-0.00073682466
276.823,-0.0025225101
276.862,-0.0006959322
276.901,0.001862994
276.94,9.748517999999992e-05
276.979,0.0024870744000000003
277.018,-0.0009261359999999999
277.057,0.0003862623
277.096,0.0013996782000000002
277.134,0.000465273
277.173,0.00072353949
277.212,0.0011906276999999
277.251,-0.0028590014999999
277.29,0.000456825
277.329,0.00011969309999999999
277.368,-0.0034939379999999
277.407,0.0031463639999999996
277.446,-0.0010035066
277.485,0.0003160814999998
277.524,-0.0014801459999999
277.562,-0.0012398265
277.601,0.0024286589999999997
277.64,0.0017020574999999998
277.679,0.0012790154999999
277.718,0.00134403642
277.757,0.0014222429999999
277.796,-0.0016124693100000003
277.835,-3.576600000000004e-05
277.874,0.0013719663
277.913,-0.0003125057399999
277.952,-0.0028743416999999997
277.991,-0.0027216479999999997
278.029,3.2005799999999964e-05
278.068,0.0008317589999999998
278.107,0.0003919049999999
278.146,-0.00038003700000000006
278.185,0.0015879840000000002
278.224,0.0009985469999999
278.263,-0.0022570487999999003
278.302,0.0016159269
278.341,5.143500000000001e-05
278.38,-0.002329164
278.419,-0.0001963644
278.457,-0.0007630602
278.496,0.0012834930000000001
278.535,0.001633281
278.574,0.000268791
278.613,0.002057565
278.652,0.00040256999999979995
278.691,0.000528186
278.73,0.0025893033
278.769,0.0004748919
278.808,0.0018255149999998998
278.847,-0.0021777869999999
278.885,0.0005727903
278.924,0.0007815342
278.963,0.000200307
279.002,0.0008484480000000001
279.041,0.0014837655
279.08,-0.0002647910999999
279.119,-0.0017063598000000002
279.158,-0.00010532368980000005
279.197,0.0005587022999999999
279.236,0.0019451730000000001
279.275,-0.002630883
279.314,-0.001665192
279.352,-0.00036126599999979997
279.391,0.0024969569999999997
279.43,-0.0016783743
279.469,-0.0017040719999999998
279.508,-0.0020721252
279.547,-0.0009693557999999999
279.586,0.002799597
279.625,-0.0006112523999999999
279.664,-0.0008750069999999999
279.703,-0.0014268722999999
279.742,-0.00021039899999989999
279.78,-0.0005036843999999
279.819,4.155000000000006e-05
279.858,-8.945099999999997e-05
279.897,9.46679999999999e-05
279.936,-0.0018125657999999998
279.975,0.0005825988
280.014,0.0025402980000000003
280.053,-0.0008517947999997999
280.092,-0.001468575
280.131,0.0015902900999999999
280.17,0.0005237939999999001
280.208,0.0014901373799999997
280.247,-0.00048773699999999997
280.286,-0.00020237399999999998
280.325,0.002004360168
280.364,-0.0005312279999998999
280.403,0.002656989
280.442,-0.000911163
280.481,0.0034493279999999998
280.52,0.0008120352
280.559,0.001816041
280.598,0.00262405995
280.637,0.0006906446999998
280.675,0.0005290949999999999
280.714,0.0019443507
280.753,-0.0008038635
280.792,0.00028526999999989994
280.831,0.003160392
280.87,-0.0008049927
280.909,-0.000326232
280.948,0.00047913084000000003
280.987,8.456130000000019e-05
281.026,-0.00045460170000000003
281.065,-0.000673869
281.104,-0.0008490435
281.142,0.0008257248
281.181,-0.0051140699999999
281.22,0.0014411340000000002
281.259,-0.001625658
281.298,-0.0019067013
281.337,0.002321001
281.376,0.004451442
281.415,-0.0016911411
281.454,0.00029118749999990003
281.493,-0.0017589168
281.532,-0.0005140452
281.57,-0.0013924565999999
281.609,-0.0016934589
281.648,-0.0023409759
281.687,-0.0022576065599999003
281.726,0.0011474739
281.765,-0.0027679491
281.804,0.0018679019999999998
281.843,-0.0029585438999999995
281.882,-0.0013915109999999
281.921,-0.0021035546999999
281.96,0.003563391
281.998,-0.0008055788999999001
282.037,0.0005576400000000001
282.076,-0.00014445389999999994
282.115,0.0020007744
282.154,-0.0008598389999998999
282.193,-0.00013523099999999976
282.232,-0.0013025948999999001
282.271,-0.0013645446
282.31,-8.357399999999992e-05
282.349,0.00018509759999989998
282.388,0.0007736247000000001
282.427,-0.00099794094
282.465,-0.0018124620000000001
282.504,0.0005413769999998999
282.543,-0.0025420100999999002
282.582,-0.0005396940000000001
282.621,0.0004433790000000001
282.66,0.00146868
282.699,-0.0003085602
282.738,-0.003245346
282.777,0.0010298225999999999
282.816,-0.00401742
282.855,0.0021187086
282.893,-0.00014690939999999997
282.932,-0.002095656
282.971,-0.0005975970000000001
283.01,0.0020053560000000002
283.049,0.0033198510000000004
283.088,-0.0003589637999999
283.127,0.00042654060000000003
283.166,-4.792503000000002e-05
283.205,-0.000234264
283.244,-0.000802551
283.283,0.0002621096999999
283.322,-0.001139655
283.36,0.0009209336999999001
283.399,0.004948400999999999
283.438,-0.0005946146999999
283.477,-0.003916593
283.516,-0.000825819
283.555,-0.0009233669999997999
283.594,0.0007519709999999999
283.633,0.0013905191999998
283.672,0.0008805119999999997
283.711,-0.0013554632999998998
283.75,0.00046204329
283.788,-0.00020973600000000003
283.827,0.001440969
283.866,-0.0007832604000000001
283.905,-0.000304956
283.944,-0.0030429879000000003
283.983,-0.0019465379999999998
284.022,-0.00513414
284.061,-0.00066592101
284.1,-6.488999999999998e-05
284.139,-0.0006692016269999
284.178,9.880620000000002e-05
284.216,0.0017120031000000002
284.255,0.0008306285999999
284.294,-0.00056937
284.333,-0.00212175081
284.372,0.00018851430000000003
284.411,0.00065764044
284.45,-0.0020327691
284.489,-0.001171338
284.528,0.0028433862000000003
284.567,-0.0013626201
284.606,0.0013657379999998998
284.645,-0.0031527779999999997
284.683,0.00011493329999999996
284.722,-0.0014208779999999998
284.761,0.0016850699999999999
284.8,0.0002017611
284.839,0.0015887310000000001
284.878,-0.0007941074999998999
284.917,0.0008473998
284.956,-0.0006633436799999999
284.995,-0.0013003973999998
285.034,-0.00031217640000000003
285.073,0.0018664437
285.111,7.820999999999992e-06
285.15,-0.0010285605
285.189,-0.0008781495
285.228,0.00013498979999999983
285.267,-0.0003436332
285.306,0.0002750724
285.345,0.0031689959999999
285.384,-0.0002727465
285.423,0.001145532
285.462,-0.0008971194000000001
285.501,-0.0001947359999999
285.54,0.002726073
285.578,0.001333416
285.617,0.002040672
285.656,-2.6986752000000006e-05
285.695,7.049280000000007e-05
285.734,0.0012884585999998
285.773,0.001970931
285.812,0.002713215
285.851,-0.0017791602000000002
285.89,0.00084756
285.929,0.0018368649
285.968,-0.0025676880000000003
286.006,0.0009179975100000002
286.045,0.0009634380000000001
286.084,0.0012060053999999
286.123,-0.0007358072999999999
286.162,0.0021962106000000003
286.201,7.385999999999997e-05
286.24,0.0002997291
286.279,-0.00013429557
286.318,0.0026578949999998998
286.357,-0.001511442
286.396,0.0005278722
286.435,-0.0010186859999999
286.473,-0.00103728363
286.512,-0.00040884929999999997
286.551,-0.001119774
286.59,-0.0005364737999999999
286.629,-0.0009388133999997999
286.668,0.0004128636
286.707,-0.0002456847
286.746,-0.0005609895
286.785,-0.003155781
286.824,-0.0005183256
286.863,-0.0002033909999999
286.901,0.0013778235
286.94,-0.0018699869999999
286.979,-0.0004080639
287.018,-0.0003619079999999
287.057,1.9461599999999902e-05
287.096,0.0019836243
287.135,0.000636732
287.174,-0.0014610864
287.213,-5.1067200000000005e-05
287.252,0.0016409624999999999
287.291,0.001116495
287.329,-0.00024451260000000005
287.368,0.0003669299999999
287.407,-0.0007790261999999999
287.446,-0.001065624
287.485,-0.001379388
287.524,0.0006132654
287.563,-0.004471551000000001
287.602,0.0016916456999999999
287.641,-0.0002077511999999999
287.68,-0.00034932299999979987
287.719,-0.0026716683
287.758,-0.0013530314999998998
287.796,0.000977451
287.835,0.0012151421999999999
287.874,-0.0011010132000000001
287.913,-0.0002308296
287.952,0.0002284667999999
287.991,0.0023126129999999
288.03,0.0021674598000000003
288.069,0.0009584325
288.108,0.0015549270000000002
288.147,-0.0008923695
288.186,-0.0023705888999999997
288.224,0.0011278362
288.263,-0.0006352896
288.302,-0.00019117925999989995
288.341,0.0033317519999999995
288.38,0.0019990755
288.419,-0.0026348153999999997
288.458,0.00026324699999989996
288.497,0.0006766139999997999
288.536,-0.0006112623
288.575,0.0011675610000000001
288.614,0.0007810713
288.653,0.0006689309999999001
288.691,0.0015092570999999
288.73,0.000586257
288.769,-0.0012631787999999
288.808,8.402249999999996e-05
288.847,-0.0017687634
288.886,-0.0014718762
288.925,-0.0008832566999999999
288.964,-0.003516927
289.003,-0.0004671546000000001
289.042,0.0010629599999999002
289.081,0.002520273
289.119,0.002385759
289.158,-0.002800041
289.197,0.00013649609999999987
289.236,9.170069999999992e-05
289.275,-0.0010594244999999
289.314,0.0013628229000000002
289.353,0.0031011617999999997
289.392,-0.0003920813999998
289.431,-0.0001728776999999
289.47,0.00083488077
289.509,-0.0013323471
289.547,-0.000248898
289.586,0.0011269949999999
289.625,0.0017695046999999
289.664,-0.00022508100000000008
289.703,-0.00017362859999989997
289.742,-0.0010212360000000002
289.781,0.00045582600000000005
289.82,0.0012728999999998998
289.859,0.00045322350000000006
289.898,-0.00034538099999999996
289.937,-0.0013920279
289.976,0.0012984368999999
290.014,-0.0006696569999999999
290.053,-0.00038580899999990007
290.092,2.3985300000000002e-05
290.131,-0.0027656378999999
290.17,-7.781481000000004e-05
290.209,0.0005764343999999001
290.248,-0.000838503
290.287,-0.001584429
290.326,0.0008959109999999999
290.365,0.00037037999999999996
290.404,-0.0022611216000000003
290.442,-0.0012255689999998
290.481,-4.5064200000000056e-05
290.52,-9.455940000000011e-05
290.559,0.001429974
290.598,-0.0017845332
290.637,0.000343857
290.676,0.0013065200999999
290.715,-0.0014187707999997999
290.754,-0.0022431053999999997
290.793,0.0015373166999999
290.832,0.0014453012999998001
290.871,-0.0018612702899999999
290.909,0.00022847189999999998
290.948,-0.001238613
290.987,-0.002413479
291.026,-0.002012181
291.065,-0.0014916182999999
291.104,0.0019678782000000002
291.143,0.0011845215
291.182,0.0007682508
291.221,-0.0013196859
291.26,-0.0013208502
291.299,-8.949300000000006e-05
291.337,-0.0015614879999999998
291.376,-0.0017384804999999999
291.415,-0.0008338245299999
291.454,-0.0002261399999999
291.493,0.0023077019999999
291.532,-0.0010039073999999
291.571,-0.0004973474999999999
291.61,-0.000936444
291.649,-0.0001318356
291.688,-0.002535738
291.727,0.0008956490999999
291.766,0.0006070340999999999
291.804,0.002079006
291.843,-0.003423924
291.882,-0.0030252060000000003
291.921,-0.0018194331000000001
291.96,-0.001409886
291.999,0.0011505549
292.038,0.000689919963
292.077,0.0011629781999999002
292.116,0.0008463449999999999
292.155,0.0008755314000000001
292.194,-0.0003382680000000001
292.232,0.0010093236000000001
292.271,0.003419535
292.31,-0.0029555879999998997
292.349,0.002061075
292.388,0.00081164913
292.427,4.891920000000009e-05
292.466,0.0019797449999999998
292.505,-0.001613013
292.544,-0.0022392989999998
292.583,0.0006635376
292.622,-0.0022527590999999
292.66,-0.0029534340000000004
292.699,0.0011353859999998998
292.738,0.0008066369999999001
292.777,0.00010660349999999999
292.816,0.0006979713
292.855,0.0007409899619998999
292.894,-0.00025397639999999997
292.933,-0.00020766299999989998
292.972,0.0014832329999998999
293.011,0.0018827100000000001
293.05,-0.0013100138999999
293.089,-0.000841461
293.127,-0.0015697691999999998
293.166,0.0019352184
293.205,-0.0010151744999999
293.244,-0.0011562639000000001
293.283,0.001865847
293.322,0.00040993094999999997
293.361,-0.002127099
293.4,-0.0006470334
293.439,0.0010103693999999998
293.478,0.0008474688
293.517,0.00039564389999989996
293.555,0.0014636759999999
293.594,-0.00029387220000000005
293.633,0.00030170579999989997
293.672,-0.0004308020999997999
293.711,-0.0023330646
293.75,-9.47685e-05
293.789,0.00074806206
293.828,-0.0010351400999998998
293.867,-0.002262852
293.906,0.00052580136
293.945,0.00109188303
293.984,0.0008622921
294.022,0.0010900706999999999
294.061,0.0001250163
294.1,0.001287846
294.139,-0.0018024809999999999
294.178,-0.00010071750000000001
294.217,-0.0007570424999999999
294.256,8.464199999999995e-05
294.295,-0.0017075075999999998
294.334,-0.0016850648999999999
294.373,0.0015885876
294.412,-0.0006912149999998
294.45,-0.0008884109999999999
294.489,0.0017321702999997998
294.528,-0.0036067589999999997
294.567,-0.0020710736999999
294.606,-0.0010134087
294.645,0.003533928
294.684,0.0005811437999998
294.723,-0.0002442209999999
294.762,-0.0014182671
294.801,-0.0023207193000000003
294.84,0.0011325867
294.878,0.0003716601
294.917,0.00021950400000000003
294.956,0.0014115494999999997
294.995,-0.00044786969999999996
295.034,0.0014520788999999
295.073,7.017870000000011e-05
295.112,-0.0009259719
295.151,-7.22562e-05
295.19,0.00042401400000000006
295.229,0.0013492494
295.268,-0.00022977899999990003
295.307,-0.0020775048
295.345,-0.0007573379999998998
295.384,-0.00042858120000000005
295.423,0.0020517041999999997
295.462,-0.0011972246999998
295.501,-0.0005179019999998
295.54,0.0041454299999999
295.579,-0.0022024602
295.618,-0.00014896499999999998
295.657,0.00031085790000000003
295.696,-8.000639999999994e-05
295.735,0.0016170120000000001
295.773,-0.00197949855
295.812,-0.0004807709999999
295.851,0.0017984160000000002
295.89,0.0022679304
295.929,5.182019999999991e-05
295.968,0.0004751369999998999
296.007,-0.003336534
296.046,-0.0028555440000000002
296.085,0.0024102689999999
296.124,0.000710028
296.163,-0.0008360309999998999
296.202,-0.00034803299999979994
296.24,0.000607248
296.279,0.0007590749999999999
296.318,0.00180934662
296.357,0.0019519847999999998
296.396,-0.00017726489999990002
296.435,-0.0020854865999999
296.474,0.0021077306999999997
296.513,-0.0005340749999999
296.552,1.2448499999999966e-05
296.591,-0.00022527059999990001
296.63,0.0024703833
296.668,0.0010239272999999
296.707,0.0023550179999999
296.746,-9.393899999999975e-06
296.785,-0.000696387
296.824,-0.0010438281
296.863,-0.0013685639999998999
296.902,0.001504893
296.941,0.0025202235
296.98,0.0009219839999997999
297.019,0.0015957092999999
297.058,5.245500000000016e-06
297.096,0.0015418683000000002
297.135,0.0011288136
297.174,-0.002189193
297.213,-0.0022998114000000003
297.252,0.001638531
297.291,-0.0012455463
297.33,0.0006948006000000001
297.369,-0.00044867999999989995
297.408,-0.001237497
297.447,0.000621936
297.486,-0.0015224653199999998
297.525,-0.0018657114
297.563,0.000780972
297.602,0.0017862282
297.641,-5.707620000000005e-05
297.68,0.0004665387
297.719,-8.340912e-05
297.758,0.0009114687
297.797,0.0017420219999999998
297.836,0.0005166809999999
297.875,-0.00147992139
297.914,-0.00022478490000000004
297.953,-0.0005728562999998
297.991,-0.00190674
298.03,0.0004145586
298.069,-0.0025580613
298.108,-0.0005912846999999999
298.147,-0.0008444459999999
298.186,0.0009439260000000001
298.225,0.0005667723
298.264,0.0008096628
298.303,-0.0005075984999998999
298.342,0.0011154629999999
298.381,0.0024063137999999996
298.42,-0.000409332
298.458,0.00027758700000000004
298.497,-0.0023392439999998
298.536,-0.000240714
298.575,0.00295215
298.614,-0.0012371273999999
298.653,-0.0005740407000000001
298.692,-0.0013051286999998
298.731,-6.47370000000001e-05
298.77,-0.00038367629999990003
298.809,-0.0024114686999999
298.848,-0.00033195900000000005
298.886,0.0002559401999998999
298.925,0.0009171779999999998
298.964,0.0016450347
299.003,-0.00028931099999990003
299.042,-0.0005097728999999
299.081,-0.0009083993999999999
299.12,0.0015461198999999998
299.159,-0.0009404879999998999
299.198,-0.003653175
299.237,-0.0024175409999999
299.276,-0.0006057593999999
299.315,0.0012883914
299.353,-0.00021899519999989998
299.392,-0.001886991
299.431,0.0012422039999999
299.47,-0.0008078139
299.509,-0.001508625
299.548,0.0002137455
299.587,0.0007880471999999999
299.626,0.0019898136
299.665,1.6908000000000483e-06
299.704,0.0006297894
299.743,0.0003588522
299.781,-0.00023919816
299.82,-5.848500000000037e-06
299.859,0.00012814170000000004
299.898,0.0002148209999999
299.937,-0.00030499199999999997
299.976,0.0004813194
300.015,-0.0015785369999999
300.054,-0.0016714949999999998
300.093,-0.0015752045999998
300.132,0.0012091508999999999
300.171,-0.0002232852
300.209,-0.0008491839000000001
300.248,-0.0008433812999999999
300.287,-0.00120683352
300.326,-0.0022892483999998998
300.365,-0.0005989121999998999
300.404,-0.0012134493
300.443,-0.00220359
300.482,-0.00043465349999989995
300.521,-0.00024382469999990002
300.56,0.0027497129999998
300.599,0.002065458
300.638,0.0005024124
300.676,-0.001756731
300.715,0.0004092206999999
300.754,-0.0008997431999999
300.793,0.0016188618
300.832,0.00016972199999989998
300.871,0.000790404
300.91,0.0013190639999999
300.949,-0.0027752399999999003
300.988,0.00028099829999990005
301.027,1.3372199999999987e-05
301.066,-0.0022167659999999
301.104,-0.0016252056
301.143,-0.0033986769000000005
301.182,-0.0020536950000000003
301.221,1.1036399999999886e-05
301.26,-4.118250000000002e-05
301.299,-0.0017690720999998999
301.338,0.002250096
301.377,-0.001152318
301.416,-0.00063630666
301.455,-0.0003648006
301.494,-1.7471955000000022e-05
301.533,-0.0024106575
301.571,-0.00034024199999999993
301.61,0.0005925263999999999
301.649,-0.0012299124
301.688,0.00069265086
301.727,0.0010216824
301.766,0.0001356699
301.805,0.0013722809999998
301.844,0.00041087699999989996
301.883,-0.00045651299999980004
301.922,-0.0016423761000000001
301.961,-0.0014714484
301.999,0.0016203659999998999
302.038,-0.0015372765
302.077,0.0019119284999998998
302.116,0.00012822900000000005
302.155,-0.00055645902
302.194,-0.0010942889999999998
302.233,-0.0013520504999999
302.272,-0.001368537
302.311,0.0007599492
302.35,0.0009129599999998999
302.389,-0.000979209
302.427,-0.0015457959
302.466,-0.00042064199999989997
302.505,0.0003412263
302.544,-0.0030467642999999003
302.583,0.002436186
302.622,0.0023047949999999997
302.661,0.0022115268
302.7,-0.00053247
302.739,0.00039465594
302.778,-0.0022157106000000003
302.817,-0.0011441529600000001
302.856,-0.0006727649999999
302.894,0.0015056414999999998
302.933,-9.017099999999984e-05
302.972,0.0009862158
303.011,-0.0004058202
303.05,-0.000538587
303.089,0.00029652
303.128,-0.0017327408999999998
303.167,0.0014926034999999999
303.206,-0.0022265724
303.245,0.004160967
303.284,-0.0004093278
303.322,-0.0024703074599999
303.361,0.00041769090000000006
303.4,-8.500169999999999e-05
303.439,-0.00117990006
303.478,9.914099999999991e-05
303.517,-5.198399999999998e-05
303.556,-9.351839999999998e-05
303.595,0.0004341222
303.634,0.0015648918
303.673,-0.0005793549
303.712,-0.0006092037
303.751,0.001716012
303.789,0.0006592163999999
303.828,-0.0029745527999999995
303.867,-0.0010980788999999998
303.906,-0.0007410123
303.945,-0.0007143389999999
303.984,-0.0011919716999998998
304.023,-0.00033326790000000003
304.062,-0.000896676
304.101,0.0002887545
304.14,-0.000619626
304.179,-0.0005113388999998
304.217,0.002324109
304.256,-0.0004484198999999
304.295,0.0015526750500000001
304.334,0.0001601205
304.373,-0.0012379434
304.412,0.00011832810000000004
304.451,-0.0007395851999999999
304.49,0.0033538680000000003
304.529,0.00036906539999999994
304.568,0.001488942
304.607,-0.0015850388999999996
304.646,0.0027833219999999
304.684,4.388010000000001e-05
304.723,-0.0006424931999998999
304.762,0.0002765727
304.801,-0.0009880647
304.84,0.0004038771
304.879,-0.0009600387
304.918,-0.0010429842
304.957,-0.004592529
304.996,0.000515487
305.035,0.0003711441
305.074,0.00011441700000000007
305.112,0.0009402299999998999
305.151,0.0007662449999998
305.19,0.0016661862
305.229,-4.308599999999893e-06
305.268,0.001521942
305.307,-0.0015569429999999999
305.346,-0.0021571169999999
305.385,0.001364256
305.424,-0.0006505500000000001
305.463,0.00036084599999999995
305.502,0.0005370408
305.54,0.000493548
305.579,-0.0008920236
305.618,0.001828956
305.657,-0.0013530588761999
305.696,-0.00027588599999989996
305.735,-7.102440000000002e-05
305.774,-0.00021659999999989993
305.813,-1.043400000000003e-05
305.852,-6.125609999999996e-05
305.891,0.00137755353
305.93,0.00020232600000000001
305.969,0.0006110135999997999
306.007,-0.0005457617999998
306.046,-0.0001607784
306.085,-6.195060000000002e-05
306.124,-0.001190685
306.163,0.0011703328199999998
306.202,0.0004005072
306.241,0.0008676684000000001
306.28,-0.0013976523000000002
306.319,-0.001776069
306.358,0.00016546499999989998
306.397,0.0015360003000000001
306.435,-0.0015058295999999997
306.474,-0.0012643113
306.513,-0.000532965
306.552,0.0023305950299998997
306.591,-0.0011550171
306.63,0.0020404349999999997
306.669,0.0013039542
306.708,-0.0006844430999999
306.747,0.0017915433000000001
306.786,-0.0006905108699999
306.825,-0.0011349195
306.864,0.0019040246511
306.902,-0.0021951665999998
306.941,-0.0015531753
306.98,4.872959999999996e-05
307.019,-5.905200000000019e-06
307.058,0.0016589678999997999
307.097,-0.0025191707999999
307.136,0.00044280299999989995
307.175,-0.0005299511999999999
307.214,0.0005464379999999
307.253,-0.00044657609999990003
307.292,0.0004905402000000001
307.33,-3.2006999999999966e-05
307.369,-0.0007627409999999998
307.408,-0.00048793079999979994
307.447,0.0007282593000000001
307.486,-0.0007219646999998
307.525,-0.0009480029999999999
307.564,-0.0010532832
307.603,-0.00016264499999989998
307.642,0.001583604
307.681,0.0015925104
307.72,-0.0002356146
307.758,-0.0013215899999999
307.797,0.0022126014
307.836,-0.0017043915
307.875,-0.00021562109999989998
307.914,-0.000694713
307.953,-0.0004534595999998
307.992,0.001115829
308.031,-0.000581595
308.07,-0.0006699336
308.109,-0.0009135489
308.148,0.00020166000000000004
308.187,0.003397566
308.225,-0.00031414499999999994
308.264,-0.0004155981000000001
308.303,0.001921053
308.342,0.0009572592000000001
308.381,-0.0009881669999999
308.42,0.0010913966999998997
308.459,0.000291588
308.498,-0.000681021
308.537,-0.0017940405
308.576,-0.0006521999999999999
308.615,-0.0005650719
308.653,0.0018495521369999999
308.692,-0.00122097
308.731,0.0012426735
308.77,0.0003217100999998
308.809,-0.000227304
308.848,5.8789200000000016e-05
308.887,-0.0025943793
308.926,-0.0010231355999999999
308.965,-0.0015759981000000001
309.004,-0.0002513775
309.043,-0.00237702
309.082,0.00012482280000000002
309.12,-0.0006586679999999
309.159,-0.0002331992999999
309.198,-0.00078539286
309.237,-0.0004094369999998
309.276,0.0008887359
309.315,0.0004157243999999
309.354,0.0014232639
309.393,-0.000744513
309.432,0.001545222
309.471,-0.0012575174999998999
309.51,-0.0010181570999999
309.548,0.00020586089999999997
309.587,0.000410709
309.626,0.0015728390999997998
309.665,-2.5782000000000073e-05
309.704,0.000775995
309.743,-6.279749999999997e-05
309.782,0.00032161289999989995
309.821,0.0012838773
309.86,0.0008836763999998
309.899,-0.00234081
309.938,-0.0003624062999999
309.977,0.0007769397
310.015,-0.00016856559000000002
310.054,-0.0006918933
310.093,-0.002512533
310.132,0.0005872289999998001
310.171,-0.0014443073999999998
310.21,0.0003443558999999
310.249,0.0015688799999999
310.288,-0.00034213932
310.327,-0.002487303
310.366,0.0007997568
310.405,-0.0025445339999999998
310.443,-0.001422714
310.482,0.0015719295
310.521,-0.0011459930999999
310.56,-0.0012887747999999997
310.599,0.0007463279999999999
310.638,-0.001499901
310.677,-0.001607853
310.716,0.000149727408
310.755,0.0015193832999999997
310.794,-0.00272304
310.833,-0.0010803870000000001
310.871,-0.00027349983
310.91,0.0015745560000000002
310.949,0.00016794000000000005
310.988,0.0016426815
311.027,0.0016278360000000001
311.066,-0.0007557816000000001
311.105,-0.0015496394999999997
311.144,-0.0010529159999999001
311.183,-0.000675147
311.222,-0.0004872074999999
311.261,0.0020089854
311.299,-0.0009706052999999999
311.338,-0.0016247381999998998
311.377,0.0011998610999999
311.416,-0.0006299844
311.455,-0.0018070190999998998
311.494,0.00024202080000000002
311.533,0.0008077649999999999
311.572,0.0011222609999998
311.611,0.0002781675
311.65,0.00012657558000000001
311.689,-0.0005002319999999
311.728,0.0011019307020000001
311.766,-3.684689999999999e-05
311.805,-0.00150765225
311.844,-0.000997209
311.883,-0.001270938
311.922,0.0001635872999999
311.961,0.001301127
312.0,-0.000780513
312.039,0.001803579
312.078,0.0012788609999999998
312.117,0.001059414
312.156,0.000545838
312.195,-0.0006522363
312.233,-0.00054545121
312.272,-0.0005431769999998
312.311,0.0013555074
312.35,-0.0015505739999999999
312.389,0.0006001521000000001
312.428,0.0007711311
312.467,-0.0002862963
312.506,-0.0007263965999998999
312.545,0.000154215
312.584,-0.0014258669999999
312.623,0.0005559768
312.661,-0.001213431
312.7,0.001577718
312.739,0.000451971
312.778,-0.0027435926999999994
312.817,0.000790581
312.856,-0.0009101895
312.895,-0.000301944
312.934,0.0009709106999998999
312.973,0.00017591999999990002
313.012,0.00043412459999989995
313.051,0.0020000886
313.089,-0.0010111245
313.128,-0.0010085162999999
313.167,-0.0007878959999999
313.206,-0.00014483459999999998
313.245,-0.0010340643
313.284,0.0024412971
313.323,0.00024708
313.362,-0.00029458704
313.401,0.0005160027
313.44,0.0002700265199998999
313.479,-0.0017147618999999998
313.518,0.0011657226
313.556,8.27169e-05
313.595,-1.7495999999999332e-06
313.634,0.0013333254
313.673,0.0009074294999999999
313.712,0.0015658169999999997
313.751,-0.0003447504000000001
313.79,0.0005535696
313.829,-0.0023317188000000003
313.868,0.0011877449999998
313.907,0.0019042658999999
313.946,4.863719999999996e-05
313.984,-0.0002510639999999
314.023,-0.001241598
314.062,-0.0005370042000000001
314.101,-0.0007391524199999999
314.14,-0.0008737235999999998
314.179,-0.0016572029999999001
314.218,0.0016157375999998
314.257,-0.0013035060000000003
314.296,-0.00033163349999999997
314.335,-0.0006091649999999
314.374,-0.0006984237
314.413,0.0015686595
314.451,-0.000838173
314.49,-0.0014682248999998999
314.529,8.550660000000009e-05
314.568,0.0003458279999999
314.607,0.0002953025999999
314.646,0.0010149203999999
314.685,-0.0011697249
314.724,-0.0015993281100000001
314.763,-0.00061604097
314.802,-0.0011585401200000002
314.841,0.0001010892
314.879,-0.0027856601999999
314.918,0.00030214206
314.957,0.0011744487
314.996,0.0004087248
315.035,-0.00034242
315.074,-0.00130896
315.113,0.0020899640999999
315.152,-0.0034384859999999
315.191,3.3364800000000016e-05
315.23,0.002415495
315.269,-0.00010725869999999998
315.307,-0.00039349199999979997
315.346,0.0024854690999999997
315.385,0.00016643430000000002
315.424,-0.000241974
315.463,0.0018865448999999
315.502,0.00042159299999999995
315.541,-0.00014517599999999998
315.58,-0.00028579440000000005
315.619,-0.0021412808999999996
315.658,0.0008831601000000001
315.697,-0.0025971360000000003
315.736,-0.001675197
315.774,-0.0021886736999999004
315.813,0.0004276067999999999
315.852,0.0007917809999998999
315.891,-0.0009834228000000001
315.93,-0.0013587201
315.969,0.0004947507
316.008,-0.001029744
316.047,-0.0003979161
316.086,-0.0018258353400000002
316.125,0.002242974
316.164,9.842309999999997e-05
316.202,0.0012710691000000001
316.241,4.80903e-05
316.28,0.0015522429299999999
316.319,0.0003493112999999
316.358,0.00011478099599999993
316.397,-0.0005836806
316.436,0.00033766199999999997
316.475,-0.0013716179999999
316.514,-0.0008613246
316.553,-0.0026466860999999
316.592,0.0007192214999998999
316.631,-0.0008059889999999999
316.669,0.0003737727
316.708,7.929180000000005e-05
316.747,6.214979999999995e-05
316.786,-0.00014085300000000006
316.825,-0.00019065720000000001
316.864,0.0009008089199999
316.903,0.0009614717999999999
316.942,-0.0004964264999997999
316.981,-0.0008219699999999999
317.02,0.000690756
317.059,-0.0012460442999999999
317.097,0.000341667
317.136,0.001250109
317.175,0.0005081867999999999
317.214,-0.0021896195999999996
317.253,0.0001984879109999
317.292,-0.0007398765
317.331,-0.002226492
317.37,0.000865146
317.409,0.0007899179999999999
317.448,-0.000716376
317.487,-0.0014385596999999001
317.526,-0.0018277754400000002
317.564,0.0029053530000000003
317.603,-0.0001962159
317.642,0.0007857507
317.681,0.0016796177100000002
317.72,-0.0016190958
317.759,0.0005585909999999
317.798,0.0006061647
317.837,0.00018169800000000002
317.876,0.00046535040000000004
317.915,0.00028171200000000004
317.954,0.0015862604699999998
317.992,-0.0009779048999999998
318.031,-0.0004985703
318.07,0.00017911049999989995
318.109,5.002199999999999e-05
318.148,-0.0017077584000000001
318.187,-0.0013815792
318.226,0.0012605625
318.265,-0.00048059669999999993
318.304,-0.0012261
318.343,-0.0009765015
318.382,-0.001047849
318.42,-0.0004664583
318.459,-0.00012709185
318.498,-0.0001496646
318.537,-7.563000000000002e-05
318.576,-0.0016086408000000002
318.615,-0.0012214139999999
318.654,0.0011098998
318.693,0.0008007532499999999
318.732,-5.882100000000001e-05
318.771,0.0013566987000000002
318.81,-3.6232199999999975e-05
318.849,0.00035505599999999997
318.887,0.00012424956
318.926,-0.0008969631000000001
318.965,0.0008459459999998999
319.004,-0.00017497200000000002
319.043,-0.0004991510459999999
319.082,-0.0004770705000000001
319.121,-0.0014574432000000002
319.16,0.000379774758
319.199,0.000554679
319.238,0.000285489
319.277,-0.00031454699999989996
319.315,-0.0004870041
319.354,0.0005999549999998
319.393,7.824300000000003e-05
319.432,-0.0030171
319.471,-0.0016929177
319.51,0.0008236955999998999
319.549,-0.001305855
319.588,0.001079178
319.627,-0.0003558717
319.666,-0.00041727900000000005
319.705,-0.001027287
319.744,-0.0001374789
319.782,0.0017672172
319.821,0.0015244259999999997
319.86,-0.0008708367
319.899,0.00017030309999989997
319.938,-0.0005626503
319.977,-0.001211181
320.016,-0.0002612849999999
320.055,0.0009931248
320.094,0.0008903999999997999
320.133,-0.0008489778000000001
320.172,0.00042108779999979997
320.21,0.00010533899999999998
320.249,-0.0012246846000000002
320.288,0.000852954
320.327,-0.001414614
320.366,-0.0007240079999999
320.405,-0.00201501408
320.444,-0.0010298822999999999
320.483,0.0013208627999999002
320.522,0.0004962921
320.561,-0.000803406
320.6,-2.0777999999999942e-05
320.638,-0.0005010617999999
320.677,0.000766575
320.716,-0.001407285
320.755,-0.0010410432
320.794,-0.0023443199999999
320.833,-0.0006133841999999999
320.872,0.0012172148999999
320.911,0.0002500619999999
320.95,-0.001935531
320.989,0.003223119
321.028,0.000582516
321.067,0.0005357863620000001
321.105,-0.0006648179999999
321.144,0.0024266391
321.183,-0.0010960739999999998
321.222,0.002363526
321.261,2.728890000000005e-05
321.3,0.000985791
321.339,0.001884606
321.378,-0.0001839057
321.417,0.000787095
321.456,0.000940356
321.495,-5.618819999999998e-05
321.533,0.001809444
321.572,-0.00020004449999990001
321.611,0.000436149
321.65,0.0009013695
321.689,0.0002695182
321.728,-0.0011941383
321.767,-0.0004058153999999
321.806,-0.00142637424
321.845,0.0006590435999999001
321.884,-0.001278948
321.923,0.0005613869999998
321.962,0.0005625888
322.0,9.456690000000002e-05
322.039,0.0004572656999997999
322.078,-0.00025674599999999997
322.117,-0.00032452350000000007
322.156,-3.225000000000005e-05
322.195,0.00041323349999979996
322.234,0.000360252
322.273,0.0003684612
322.312,0.0009682689
322.351,-0.0002748655769999
322.39,-0.00029435700000000003
322.428,1.4988900000000103e-05
322.467,0.0017595711
322.506,0.0005717864999997999
322.545,0.000248214
322.584,-0.000775941
322.623,0.00027188280000000004
322.662,-0.00052296405
322.701,0.0012735191999999997
322.74,-0.0024154619999999997
322.779,0.0017758625999999998
322.818,0.0012787223999999999
322.857,0.0009151109999999999
322.895,0.0007779869999999998
322.934,-0.00010358159999999993
322.973,0.00035831699999980005
323.012,0.0027280877999997996
323.051,-0.0003708273
323.09,-0.0013155690000000002
323.129,-0.0018903750000000001
323.168,0.001254342
323.207,-0.00044099879999990005
323.246,2.5132200000000017e-05
323.285,0.00089686953
323.323,0.00024311309999989998
323.362,0.0007958823
323.401,0.0010955328
323.44,-0.00018056460000000002
323.479,3.277830000000002e-05
323.518,-0.0021631698
323.557,0.0003708069
323.596,-0.0012040845
323.635,-0.0013243484999999
323.674,-0.000505047
323.713,-0.0006064161
323.751,0.0005507675999998
323.79,0.0010680594
323.829,0.0004182212999998
323.868,-0.00017771847
323.907,-0.0006023474999999
323.946,4.132500000000007e-05
323.985,0.0005513459999998999
324.024,0.0003951188999999
324.063,-0.0004645569
324.102,0.0002304815999999
324.141,-0.0005514273
324.18,0.0008623439999999999
324.218,-0.0007026150000000001
324.257,0.0009139433999998999
324.296,-0.000774804
324.335,-0.0002311491899999
324.374,0.0012443447999998998
324.413,0.00019856099999989994
324.452,-0.0013894848
324.491,0.00013712099999999998
324.53,5.834990999999999e-05
324.569,-0.0009507449999999001
324.608,-0.0006407169
324.646,0.00013382069999999998
324.685,-0.0012995807999998
324.724,0.0023191026
324.763,-0.0003727704
324.802,-0.000977913
324.841,0.0012480552000000002
324.88,0.00048311999999999997
324.919,0.0013008569999999
324.958,-0.0015630921000000001
324.997,0.00010514460000000001
325.036,-0.001988409
325.075,-0.0010257867000000001
325.113,-0.0009516227999999999
325.152,-0.0035294669999999997
325.191,0.000674080608
325.23,-5.3014499999999944e-05
325.269,0.0003791556
325.308,0.00041042700000000005
325.347,0.0019375641
325.386,0.0005114499
325.425,-0.002842758
325.464,0.001324782
325.503,-0.0008321450999998999
325.541,-0.0006514817999999001
325.58,-0.0007739711999999
325.619,-0.0003922392
325.658,-0.0006089997
325.697,0.00020830809000000003
325.736,-0.0015706319999999002
325.775,0.0017088035999998999
325.814,-0.0010824552
325.853,0.00013359060000000001
325.892,-0.0016759107
325.931,0.0007355129999999999
325.969,-0.0005494215
326.008,0.0013042169999998997
326.047,0.0016776231
326.086,0.0007643400000000001
326.125,0.0006563177999997999
326.164,0.0014487231
326.203,-0.0014040880500000002
326.242,0.0013368530999999999
326.281,0.0009784859999998998
326.32,-0.001338213
326.359,-0.001892529
326.398,0.001217334
326.436,-0.0021410099999999003
326.475,0.0007667669999999
326.514,0.0018396095999999999
326.553,-0.0012335459999999999
326.592,0.0018344552999999997
326.631,0.00039299429999999997
326.67,0.0009075623999999
326.709,0.0003537393
326.748,0.0002968473
326.787,-0.0004977674999999999
326.826,0.0012595559999999
326.865,0.0020847126
326.903,-0.00074306973
326.942,0.0007221840000000001
326.981,0.00108697479
327.02,-0.000580599
327.059,-0.0006498729
327.098,0.0005635037999999
327.137,5.894939999999997e-05
327.176,-1.6712400000000013e-05
327.215,-0.0004136172
327.254,0.0008073156
327.293,0.000531798
327.331,0.0011256479999998
327.37,0.0003101777999999
327.409,0.00020528519999989998
327.448,0.00042776904
327.487,0.0007908209999999999
327.526,-0.0020358176999998997
327.565,0.0008854455
327.604,-0.0008710229999997999
327.643,0.00033493289999979997
327.682,0.0007846919999997999
327.721,-0.0014122550999999
327.759,0.00011267429999999995
327.798,0.0018700743
327.837,0.0003868512
327.876,-0.0004249110000000001
327.915,0.0016487439000000001
327.954,-9.261195e-05
327.993,-0.00015343760999989999
328.032,-8.382419999999996e-05
328.071,0.00030397829999989997
328.11,-0.0008709179999997999
328.149,0.0013184496
328.188,0.0001424775
328.226,-0.0003449268
328.265,0.0010390248
328.304,0.0029098127999999
328.343,0.0010943039999999
328.382,0.0007998161999999999
328.421,-9.361637999999998e-05
328.46,-0.0003864140999998
328.499,-0.0009147693000000001
328.538,0.0016113452999999
328.577,0.0001639994999999
328.616,-0.0015208014000000001
328.654,-0.00021618600000000005
328.693,-0.001071186
328.732,0.0009567942
328.771,-0.0003374154
328.81,-0.0025520910000000003
328.849,-4.796519999999987e-05
328.888,0.00033182670000000004
328.927,0.0019527389999998
328.966,-0.00068287326
329.005,-0.0015937704
329.044,0.0010436552999999
329.082,-0.00014887546709999993
329.121,-0.00074887017
329.16,-0.0013543782000000001
329.199,0.0008378729999999999
329.238,0.0007642245
329.277,-0.0014724089999998999
329.316,-0.00208299
329.355,-0.0012585749999999
329.394,-0.0001217946
329.433,0.0012540987
329.472,9.792570000000008e-05
329.511,0.0015737700000000002
329.549,0.0004474326
329.588,-0.0007609811999999998
329.627,-1.1054999999999968e-05
329.666,0.0031326479999999996
329.705,0.0017395209
329.744,0.0009405749999997998
329.783,-0.0012967254000000002
329.822,-0.0005381949
329.861,-0.0005272265999998001
329.9,0.0003365003999998
329.939,-0.000372405
329.977,0.0014815395
330.016,0.0012775698000000002
330.055,-2.0535600000000014e-05
330.094,0.00051282267
330.133,0.00018475500000000002
330.172,0.00191013
330.211,0.00047661450000000005
330.25,0.001102296
330.289,0.0005915129999998999
330.328,0.0010841909399999
330.367,0.0003923712
330.406,-0.0012467699999999
330.444,0.0007556868000000002
330.483,-0.00043749
330.522,-0.0003085688999998
330.561,0.00048462839999990003
330.6,0.0010706642999999
330.639,0.00011046144000000004
330.678,0.0010833828
330.717,0.0013112924999999
330.756,-0.0002178818999999
330.795,-0.0011898959999997998
330.834,0.00029259960000000004
330.872,0.000389604
330.911,0.0005092448099997999
330.95,-5.315279999999994e-05
330.989,0.0015271242000000002
331.028,-0.0006776771999998999
331.067,-0.0006862139999999
331.106,-0.0011962134
331.145,0.0016323363
331.184,-0.002053119
331.223,-0.0011248139999999998
331.262,0.000946311
331.301,-0.0019900077
331.339,-0.000491259519
331.378,0.0005555604000000001
331.417,0.0012103485
331.456,-0.000523674
331.495,5.010450000000007e-05
331.534,-0.000239385
331.573,-0.0025448895
331.612,6.376679999999996e-05
331.651,-0.0019299786000000001
331.69,0.002072766
331.729,0.0003780860999999
331.767,-0.0010933635000000001
331.806,0.0001859939999999
331.845,0.0016044836999999999
331.884,0.0008659113
331.923,-0.0006726882
331.962,0.00033386609999999997
332.001,0.000319566
332.04,-0.0016361789999997998
332.079,0.00019406849999989998
332.118,1.377210000000001e-05
332.157,-0.00036355230000000005
332.195,0.0017961449999999999
332.234,-0.0002403683399999
332.273,0.000625038
332.312,-0.0014107184999999
332.351,0.0003829362
332.39,0.0009926007
332.429,-0.0016922826
332.468,-9.981539999999993e-05
332.507,-0.0012033570000000002
332.546,0.0003315528
332.585,-0.0011710619999999998
332.624,-0.000684891
332.662,0.0005054616
332.701,-0.0008793296999999999
332.74,0.001646151
332.779,0.0004532136
332.818,-0.0003685235999999
332.857,-0.0005131859999998999
332.896,-0.0008216216999999999
332.935,-0.00012019140000000002
332.974,-0.0015187427999998999
333.013,0.0015521232000000002
333.052,0.0010079321999999
333.09,0.0015704462999999998
333.129,-0.0009903503699999
333.168,0.0016853607
333.207,0.0011481011999999
333.246,0.0007062689999999999
333.285,-7.717590000000003e-05
333.324,-0.0006818871
333.363,-0.00037013789999989995
333.402,0.000495432
333.441,-0.000889152
333.48,0.0019177292999999998
333.518,0.0001757358
333.557,0.0017471289
333.596,-0.00032260890000000003
333.635,-0.0011461827
333.674,-0.0009612516
333.713,-0.0001573097999999
333.752,-0.00014279406000000002
333.791,-0.0003060981
333.83,-0.002972085
333.869,-0.0006692907
333.908,0.0006631989000000001
333.947,-0.0009945393
333.985,0.0001070607000000001
334.024,-0.0015979703999999002
334.063,0.00010918470000000004
334.102,0.0004046309999999999
334.141,0.0006995674799998
334.18,-0.0008249519999999999
334.219,-0.000247515
334.258,0.0004878912
334.297,0.0008877606
334.336,-0.00031163070000000005
334.375,-0.0007815258
334.413,-1.4775300000000021e-05
334.452,-7.635509999999999e-05
334.491,-0.0006531693
334.53,-0.0005335497299999999
334.569,0.00042523494
334.608,0.0007312238999999999
334.647,0.0016666578
334.686,-0.0007638443399999999
334.725,-0.000776463
334.764,0.00046295159999979997
334.803,-1.9040999999999264e-06
334.842,0.0025327019999998
334.88,5.142629999999996e-05
334.919,0.0001041861
334.958,-0.0022783829999999
334.997,-7.013100000000002e-05
335.036,-0.0020151993
335.075,-0.0004405746
335.114,0.0003385365
335.153,0.0014095857
335.192,-0.0006390939
335.231,-0.0009019824000000001
335.27,-0.0011730555
335.308,3.110790000000001e-05
335.347,-0.0006470009999999
335.386,-0.0009981987
335.425,-0.0005449922999999
335.464,-0.0002759667
335.503,0.0020694539999997997
335.542,-0.0012595130999999
335.581,-0.0005461047
335.62,0.0013640637
335.659,-0.0016407450000000003
335.698,-0.0011722085999999999
335.737,-0.0003644312999998
335.775,-0.0003087480000000001
335.814,-0.00023134626
335.853,-0.00010458479999999996
335.892,-0.0008881218000000001
335.931,0.00018947646
335.97,-0.00037104779999989993
336.009,0.0003101369999999
336.048,-0.0014287749
336.087,-0.0024366083999999002
336.126,-0.0008591228999999
336.165,0.0007078283999998999
336.203,0.0015932741999999998
336.242,-0.0008572250999998999
336.281,0.0022343619
336.32,0.00029396448
336.359,0.0006638648999998001
336.398,6.497669999999992e-05
336.437,-0.00048416400000000004
336.476,-0.0013436507999999
336.515,-0.0004481229
336.554,0.0011657732999999998
336.593,-0.000170943
336.632,0.0011256123000000001
336.67,0.0021879389999999994
336.709,-0.0006090959999999001
336.748,-0.0016464473999999998
336.787,-0.00090019212
336.826,-0.0005150789999999
336.865,0.0011310651
336.904,0.001547385
336.943,0.0003876174
336.982,-0.00046537139999999993
337.021,0.0010404852000000001
337.06,0.0003219663
337.098,-0.0005257979999997999
337.137,-0.0013634903999999999
337.176,-0.00021013200000000003
337.215,0.0006125261999999999
337.254,-0.0007840799999999999
337.293,-0.0011294129999999
337.332,-0.001166478
337.371,0.00037242479999999994
337.41,4.625099999999981e-05
337.449,0.0002740187999999
337.488,0.00014221409999999997
337.526,-0.0011688155999999002
337.565,9.33024e-05
337.604,4.328520000000002e-05
337.643,0.00010376280000000004
337.682,0.0006263339999998
337.721,-0.00015215099999989996
337.76,-0.00088272234
337.799,0.00044912189999979997
337.838,0.00010215900000000002
337.877,0.00044905199999989995
337.916,0.0017113046999999999
337.955,0.0006067761
337.993,-0.0009234203999999999
338.032,-0.0012896709
338.071,-0.0009209903399999999
338.11,0.0015043439999999
338.149,-0.000454884
338.188,-0.00107589306
338.227,0.0008222409
338.266,-0.0003482282999997999
338.305,0.00070497
338.344,0.0004428794999999999
338.383,0.00271359
338.421,0.0011903952
338.46,-0.0010944105
338.499,0.0006680048999999
338.538,0.00027100919999999997
338.577,-0.00044502600000000006
338.616,-0.0008721834
338.655,-0.0016450199999999999
338.694,-0.0010411139999999999
338.733,0.00017930700000000002
338.772,-0.0009591495
338.811,0.0008085183210000001
338.849,0.002037609
338.888,0.0011663945999998
338.927,-0.0007455329999999998
338.966,0.0003694796999999
339.005,-0.0012808314
339.044,-0.00031428599999999994
339.083,4.944539999999999e-05
339.122,0.0002747364
339.161,0.00032286330000000005
339.2,-0.0010320386999999
339.239,0.0008118744000000001
339.278,0.0007147569
339.316,-0.001331268
339.355,-0.0005088755999999
339.394,0.001475766
339.433,-0.0013476149999999997
339.472,-0.0003778923
339.511,-0.0021079884
339.55,-0.0013228181999999998
339.589,-0.0010369596
339.628,-0.0003196139999999
339.667,-0.00033018915
339.706,-0.0008971187999999
339.744,-0.0025431957
339.783,-0.0001892145
339.822,0.00038301960000000006
339.861,-0.00025227899999989993
339.9,-6.279768000000001e-05
339.939,0.0008224835999997999
339.978,0.00015993000000000002
340.017,0.0002662737
340.056,0.00046920600000000006
340.095,0.0005597496
340.134,0.0012516377999999
340.173,0.0005030946
340.211,0.000379584
340.25,0.0007608486
340.289,0.0021775284000000003
340.328,-0.0001756193999999
340.367,-0.00012052649999999999
340.406,0.0024353879999999
340.445,0.0005412059999997999
340.484,-0.00030520110000000004
340.523,0.00170847
340.562,0.0012177549000000002
340.601,0.0009454555379999999
340.639,-0.000669102
340.678,-0.0005919229199999999
340.717,-0.0003735882
340.756,-0.0003565409999998
340.795,0.0006251459999999
340.834,-0.0007095569999999
340.873,0.0014642059199999
340.912,-0.0005097168
340.951,0.00010990090199999999
340.99,3.284399999999997e-05
341.029,0.000918648
341.068,0.0012485301
341.106,-0.0013816743
341.145,-0.0009459654
341.184,0.00085265373
341.223,-0.0013289628
341.262,0.00042939
341.301,-0.0004889580000000001
341.34,-0.0008472162
341.379,0.0008830509
341.418,-0.001234197
341.457,0.0012350069999999998
341.496,0.00045902879999999994
341.534,0.002301966
341.573,0.0006825212999999001
341.612,-0.000633798
341.651,1.667339999999999e-05
341.69,0.0003327407999998
341.729,-0.0009632867849999998
341.768,0.0006350895
341.807,-0.00034355789999999996
341.846,0.00027123749999989995
341.885,0.0004977395999999
341.924,0.001945563
341.962,-0.0010938044999999998
342.001,0.00037228499999979994
342.04,0.00021863760000000003
342.079,-0.001064295
342.118,0.00045996869999999997
342.157,0.0006540456
342.196,-0.00118934964
342.235,0.0014171957999998
342.274,0.00035309969999999997
342.313,-0.0019269423000000002
342.352,-0.0006076680000000001
342.391,0.0004933760399999
342.429,0.001512822
342.468,0.00056716539
342.507,-0.001696311
342.546,0.0011519478
342.585,-0.0010740237
342.624,-0.0007548269999999
342.663,-0.00016919849999989998
342.702,0.000336966
342.741,0.0009519200999999
342.78,-0.0006540029999999
342.819,0.0016406646299999999
342.857,0.0013138316999999
342.896,3.16619999999999e-06
342.935,-0.0002009895
342.974,-0.0010363191
343.013,0.0007000163999999
343.052,-0.002093595
343.091,-0.0012477899999999
343.13,-0.0012098339999999
343.169,0.0012303449999999
343.208,-0.000403569
343.247,0.0003403179
343.286,-0.0003477705
343.324,0.000737637
343.363,0.000557529
343.402,-0.0005692316999999
343.441,-0.00019352459999989998
343.48,0.0016959161999999
343.519,0.00136833462
343.558,-0.0009089247000000001
343.597,-0.0015799254
343.636,-0.0004670532
343.675,0.0009318042
343.714,0.0009520224
343.752,-0.001797285
343.791,-0.0003054467999999
343.83,-0.00040826670000000003
343.869,0.0003953727
343.908,-0.000735684
343.947,0.000717819
343.986,-0.00020746403400000003
344.025,0.0012934293299999998
344.064,0.0005709473999999
344.103,-0.0009672566999999
344.142,-0.0004595262
344.181,-0.00031717500000000005
344.219,0.001759458
344.258,8.821140000000001e-05
344.297,0.00013096469999999998
344.336,-0.0018101196
344.375,0.0002985198
344.414,0.0005581283999999
344.453,-0.0009752172
344.492,-0.0015554033999998999
344.531,0.0008385692999999999
344.57,0.00035753802000000005
344.609,0.000961479
344.647,0.00044292660000000005
344.686,0.0023079087
344.725,-0.0002215998
344.764,-0.00012566699999999993
344.803,0.0002758395
344.842,-0.0012959657999999999
344.881,-0.0016812630000000001
344.92,0.0006848703
344.959,-0.0025498326
344.998,-0.00022321049999999998
345.037,0.0010060194
345.075,-0.0012528923999999
345.114,-0.0007602779999999
345.153,0.0007758662999999999
345.192,1.1226600000000019e-05
345.231,-0.00027984120000000003
345.27,-0.0004149539999998
345.309,-0.0001635852
345.348,0.0009763554
345.387,-0.000661503
345.426,-0.000279582
345.465,-0.0001363362
345.504,-0.0012440891999999
345.542,0.0003829959
345.581,0.0009981567
345.62,-0.0012366152999998999
345.659,0.00016347719999989998
345.698,0.0005493427499998999
345.737,3.68988e-05
345.776,0.0002535149999999
345.815,0.0008657081999999001
345.854,0.0014484351000000001
345.893,0.000543861
345.932,0.0004365315
345.97,-3.498059999999998e-05
346.009,-0.0001755126
346.048,0.0010125977999999
346.087,0.0007398122700000001
346.126,-0.00046084469999989997
346.165,-0.0005286681
346.204,-0.0002877216
346.243,0.0009728328
346.282,-0.0006863432099999999
346.321,0.001002849
346.36,-0.0014447261999998998
346.398,-0.0008110349999998999
346.437,-7.329299999999994e-05
346.476,-0.0020326884599998
346.515,-0.001211475
346.554,-0.0004798878
346.593,0.0002809722900000001
346.632,-0.0008983559999998999
346.671,0.0005494086
346.71,-0.0003358133999998
346.749,-0.00013850961
346.788,0.00012470819999999995
346.827,-0.0003209085
346.865,-0.0009071756699998999
346.904,-0.0019499046
346.943,0.000675534
346.982,0.00187374
347.021,-0.00051310545
347.06,0.00020263796999990004
347.099,0.0004613939999999
347.138,-0.0015958881
347.177,0.0007866488999999999
347.216,-0.00111117663
347.255,0.00012785400000000005
347.293,-0.0004644353999999001
347.332,-0.00013131599999999992
347.371,0.00013034279999999998
347.41,0.0008115668999999999
347.449,0.0015363359999999
347.488,0.0006357099
347.527,-0.00118977
347.566,0.0003208552199999
347.605,0.0006275204999999
347.644,-0.000964311
347.683,-0.00040093019999999993
347.722,-0.0006780086999999999
347.76,-0.0007141508999999
347.799,-0.00038503500000000004
347.838,-0.00106341876
347.877,-0.0014482881
347.916,0.00014272350000000002
347.955,-0.0008401461
347.994,0.0015490015739998998
348.033,2.8726170000000008e-05
348.072,0.000557028
348.111,0.0009607455
348.15,-0.0005281066199999999
348.188,0.0009978825
348.227,-3.546809999999999e-05
348.266,-0.0006243263999997999
348.305,0.0005063310000000001
348.344,0.00036433319999999996
348.383,0.0006380166
348.422,0.0009224102999999999
348.461,-3.1446000000000065e-05
348.5,0.0013822560000000001
348.539,0.0009063119999999999
348.578,-0.0001934862
348.617,-0.000749106
348.655,-0.0009232667999999999
348.694,-0.0009088890000000001
348.733,-0.0013588712999999
348.772,-0.0009179858999999999
348.811,-0.00013736999999999994
348.85,0.00014641889999999995
348.889,-0.0006799187999999
348.928,-0.00020423430000000002
348.967,-0.0006412212
349.006,0.0005730855
349.045,-0.000641862
349.083,9.494399999999999e-05
349.122,0.0012772340999999002
349.161,0.0013483541700000001
349.2,0.0010152398999999
349.239,0.0004247594999998999
349.278,-0.000293949
349.317,0.0002902722
349.356,-0.001816137
349.395,0.00048581190000000004
349.434,0.0002626289999999
349.473,0.00046002719999999997
349.512,0.0006429057
349.55,0.000778992
349.589,-0.001648311
349.628,-0.0018650667
349.667,0.0006732152999998
349.706,-7.039199999999985e-06
349.745,-0.00019775381999990001
349.784,-0.0008124375
349.823,0.0011246456999999999
349.862,0.0007722239999999998
349.901,0.0008384664
349.94,-0.0006143489999999999
349.978,0.0004169909700000001
350.017,-4.9955999999999926e-05
350.056,-0.00046994939999999997
350.095,-0.0002592494999999
350.134,-0.0016258470000000001
350.173,0.0012623909999999999
350.212,-0.00037135379999990003
350.251,-0.0004004078999998
350.29,-2.840699999999988e-06
350.329,-0.0009589772999997999
350.368,-0.0011219882999999
350.406,-0.0015432629999998998
350.445,0.0013011350999999
350.484,0.0009354603
350.523,-0.0010684305
350.562,-7.686299999999997e-05
350.601,-0.00022660191
350.64,0.0004860817199999
350.679,0.000490137
350.718,0.0015704348999999998
350.757,0.0004442466
350.796,0.0002500062
350.835,-0.0013538358
350.873,0.000761838
350.912,0.0006018391854
350.951,-0.0007409207999998999
350.99,9.45759e-05
351.029,-0.00015840720000000002
351.068,0.0005368608
351.107,0.00018490379999989997
351.146,-0.00011230019999999999
351.185,0.0006516149999999999
351.224,-0.0009699669000000001
351.263,0.0010758753
351.301,-0.0004064271
351.34,-0.0003744606051
351.379,0.000813024
351.418,-0.00023035415999999998
351.457,0.0009162422999999999
351.496,-0.0003707301
351.535,0.0021817589999999997
351.574,6.582359999999998e-05
351.613,-4.224300000000094e-06
351.652,-0.0012800361
351.691,-0.001457946
351.729,-0.0004521534
351.768,0.000538959
351.807,0.0007345815000000001
351.846,0.0012464775000000001
351.885,-0.0006242078999999001
351.924,0.0009811697999999999
351.963,-0.0004029066
352.002,0.000751752
352.041,0.0013128659999999
352.08,-0.0010318296
352.119,-0.0014553572999999999
352.158,0.00035034030000000003
352.196,-0.0010425124500000001
352.235,0.0008462246999999999
352.274,0.0011032055999998997
352.313,0.000671184
352.352,-0.00036469713
352.391,-0.0004425741
352.43,-0.0012352101
352.469,-0.00089893407
352.508,-0.0013696199999999
352.547,-0.0010473242999999
352.586,-2.293139999999999e-05
352.624,-0.000214386
352.663,0.001241673
352.702,-0.0004902408
352.741,-0.001427037
352.78,-0.0012247005
352.819,0.00041446230000000004
352.858,-0.00038241899999999994
352.897,-0.000635409
352.936,4.001579999999996e-05
352.975,-0.0009722138999999999
353.014,-0.0002085465
353.053,-0.0013581999000000001
353.091,0.0011239685999999
353.13,0.0005582169
353.169,0.0009702618
353.208,0.0006896606999999
353.247,-0.0002379329999999
353.286,0.00058514061
353.325,-0.00047610689999990003
353.364,0.0003228063
353.403,0.0004532615999999
353.442,-0.0009938781000000002
353.481,0.00020292951
353.519,0.0005260700999999999
353.558,0.0020644629
353.597,-0.0011004318
353.636,-0.000859839
353.675,-0.0010808925
353.714,0.0008748611999997999
353.753,-0.0018837936000000001
353.792,-4.004759999999998e-05
353.831,0.0002937389999999
353.87,0.0007748901000000001
353.909,0.00243567
353.948,-0.0013486823999999998
353.986,-0.0006261633
354.025,-0.0007509636
354.064,0.0013227201
354.103,-0.0003511889999998
354.142,-0.0005254139999999
354.181,7.856940000000001e-05
354.22,0.0006835163999997999
354.259,-0.00064875033
354.298,0.0011833635299998
354.337,-0.0018122321999999998
354.376,0.001755804
354.414,-0.000525579
354.453,0.0004556217
354.492,0.00040340999999989997
354.531,0.00017084168999999998
354.57,-0.00053349
354.609,-0.0010187714999999999
354.648,-0.001613208
354.687,0.0001263933
354.726,0.0011925513
354.765,0.001124664
354.804,0.0014570657999998
354.842,0.0005528481
354.881,0.00043919550000000003
354.92,-0.0007263200999999
354.959,0.0007715490000000001
354.998,0.0011657876999998
355.037,-0.00023207591999989998
355.076,-0.0009913845
355.115,1.773960000000003e-05
355.154,-0.00034961334
355.193,-0.0005110986000000001
355.232,-0.002042556
355.271,0.0013580727
355.309,0.0005810432999999999
355.348,0.0007769076000000001
355.387,-0.0007297971
355.426,-0.000844608
355.465,-0.00052704399
355.504,4.57854e-05
355.543,-0.00022342430999989997
355.582,-0.0002029103999999
355.621,-0.00042225440999999993
355.66,-0.0001674287999999
355.699,-0.0006466200000000001
355.737,-0.0009700376999999999
355.776,-0.0006622224
355.815,-9.419729999999999e-05
355.854,-0.00039462960000000006
355.893,-0.00011312759999999996
355.932,-0.00030306029999980003
355.971,-0.0006981105
356.01,-0.0011109687000000002
356.049,-0.00085930755
356.088,0.0004854779999998
356.127,-0.0009033597000000001
356.166,-0.0004536609
356.204,0.001990722
356.243,-0.0002941689
356.282,-0.0012003575099999
356.321,0.0015237558
356.36,-0.0012879989999998
356.399,0.00027476340000000005
356.438,0.0005820906
356.477,-4.2055800000000005e-05
356.516,-0.0003302229
356.555,0.0010975526999998997
356.594,0.00020023470000000003
356.632,-0.00085209396
356.671,-0.0007527986999998999
356.71,0.00013038960000000003
356.749,-0.0004015689
356.788,-7.37576999999999e-05
356.827,0.0011394887999999
356.866,-7.391489999999999e-05
356.905,0.0003668391
356.944,-0.00043435919999999995
356.983,-0.0010483547999999
357.022,0.0004148735999999
357.061,0.0011233494
357.099,0.001160382
357.138,-0.0008070869999997999
357.177,0.00089693298
357.216,-0.000501462
357.255,-0.0002633763
357.294,-0.000863181
357.333,8.512739999999996e-05
357.372,-0.0003840957
357.411,0.0008174762999999001
357.45,0.0005476866
357.489,0.001104738
357.527,-0.0002939339399999
357.566,0.00072281811
357.605,-0.0010317179999999998
357.644,0.0001569263999999
357.683,-0.0009889548
357.722,-0.00044406714600000004
357.761,-0.0008926647000000001
357.8,0.00098282859
357.839,-0.0007649331
357.878,-0.0003129903
357.917,-0.0012078467999999
357.955,-0.001231824
357.994,0.00073278327
358.033,0.00044178599999979997
358.072,0.00011348249999999999
358.111,0.0010387017
358.15,-0.00014309909999999995
358.189,0.00031650300000000015
358.228,-0.0011153639999998998
358.267,-0.0010730124
358.306,-0.002302764
358.345,0.00025973562
358.384,-0.0012462137999998998
358.422,0.0011202429
358.461,-0.0001926021
358.5,1.5245999999999996e-05
358.539,0.00235428
358.578,0.0004024185
358.617,0.0009697802999999999
358.656,0.0006776058
358.695,-0.0001384947
358.734,-0.0003290990999999
358.773,-0.0004148444999999
358.812,0.00040444520999979996
358.85,0.00040063200000000005
358.889,0.00029892899999999997
358.928,-6.661979999999995e-05
358.967,-0.0009652635
359.006,-0.00153053532
359.045,-4.092839999999998e-05
359.084,0.0011189178
359.123,0.0003638103
359.162,-0.000534657
359.201,0.0005127649499999999
359.24,0.0011756270999999999
359.279,-0.0008625028800000001
359.317,-0.0006381876
359.356,-0.0008612858999999999
359.395,-2.7893699999999993e-05
359.434,-0.00023193900000000002
359.473,0.00034208193
359.512,-0.00014464710000000003
359.551,6.536651999999998e-05
359.59,-8.072699999999997e-05
359.629,0.001416966
359.668,-0.0009983445
359.707,0.000553218
359.745,0.0009665801099999
359.784,-0.0012022481999998998
359.823,0.0003129039
359.862,-3.808799999999976e-06
359.901,0.0011249336999999001
359.94,-0.00043778999999999997
359.979,0.0011229506999998
360.018,-0.0011916278999999999
360.057,0.001855473
360.096,-1.3740323999999997e-05
360.135,0.000526461
360.173,0.0010449933
360.212,0.0013344174
360.251,0.0002446926
360.29,-0.0007611111
360.329,0.0005389473
360.368,0.000407448
360.407,-0.0008132489999999999
360.446,5.031840000000007e-05
360.485,0.000934557
360.524,-0.00030888059999980004
360.563,-0.0007161801
360.602,-0.0001853699999999
360.64,0.0012093929999999
360.679,0.0004136064
360.718,0.0008223207000000001
360.757,0.0001818108
360.796,-0.00048724284300000003
360.835,-0.0008701644600000001
360.874,0.0002462619
360.913,-1.9889399999999986e-05
360.952,0.0005786783999998
360.991,0.0020137911
361.03,-3.820229999999999e-05
361.068,7.031520000000001e-05
361.107,-1.7530500000000038e-05
361.146,-0.0014226029999999
361.185,-0.0002893779
361.224,-0.0008414930999999999
361.263,0.0005636162999999
361.302,0.0002969951999999
361.341,-0.0011170248
361.38,-0.0007613516400000001
361.419,-0.0002977205399999
361.458,-0.0004285239
361.497,0.0005437915199999
361.535,-0.00103787475
361.574,0.000259093698
361.613,0.0017168379
361.652,0.0010733399999999999
361.691,0.0004928418
361.73,-0.0009570795
361.769,-0.0006763062000000001
361.808,-0.0006906348000000001
361.847,2.919539999999998e-05
361.886,0.0005841708
361.925,0.00017655060000000002
361.963,4.0874400000000016e-05
362.002,0.0008715749999999999
362.041,-0.000354648
362.08,3.584280000000003e-05
362.119,-0.000351033
362.158,-0.0008109003
362.197,9.869999999999972e-06
362.236,-0.0008529149999999999
362.275,0.00035508480000000003
362.314,-0.00037605120000000004
362.353,0.0008400786000000001
362.392,0.00035158214999989995
362.43,-5.4618600000000026e-05
362.469,0.00016492799999989999
362.508,-0.0018833490000000003
362.547,0.00066265365
362.586,-6.83979e-05
362.625,-0.0005029343999999999
362.664,7.908363000000002e-05
362.703,0.0002531976
362.742,-0.0005041196999999
362.781,-0.0001914294
362.82,-0.0007435086
362.858,-0.0001923726
362.897,0.0007476021
362.936,-0.0014961479999999999
362.975,2.6234999999999995e-06
363.014,0.00015682980000000004
363.053,-0.0011333826
363.092,-0.0007910199
363.131,-0.00042460709999999995
363.17,-0.00012354015
363.209,-0.000422007
363.248,0.00037701570000000004
363.286,0.0010151549999999
363.325,-0.0003358746
363.364,-0.0002035275
363.403,-0.00044461199999990003
363.442,-0.000136104
363.481,-0.00035991059999990004
363.52,0.0012413180999999
363.559,6.0448379999999974e-05
363.598,-0.001196118
363.637,-0.00089517
363.676,-0.0003892965
363.715,0.0016996778999998998
363.753,-0.000482538
363.792,-2.2297499999999988e-05
363.831,-0.000739257
363.87,0.0001765937999999
363.909,0.00010559339999999999
363.948,-0.0005290656
363.987,-0.00018741629999999998
364.026,-0.0007640168999999999
364.065,-0.0005857881
364.104,-0.0004841342999999
364.143,0.0009643268999999999
364.181,7.023878999999997e-05
364.22,-0.00030879542999999996
364.259,0.0014875169999999998
364.298,-0.0005658633
364.337,-0.0009887112
364.376,-0.0011051634
364.415,0.0015921120000000001
364.454,-0.0010134943199999998
364.493,0.0005288549999999
364.532,0.0016240439999999998
364.571,0.0003964587
364.609,0.0003180158999998
364.648,-0.0003333807
364.687,5.3061929999999996e-05
364.726,-0.0002606574
364.765,0.0008386554
364.804,0.0011740353
364.843,0.0005616215999999
364.882,0.0005907692999999
364.921,0.00037015770000000005
364.96,0.00121811901
364.999,0.00010041899999999995
365.038,0.0004011209999997999
365.076,0.0004032983999999
365.115,-0.0006847188000000001
365.154,0.0002949405
365.193,-0.000534129
365.232,0.0020630880000000002
365.271,-0.0002517272999999
365.31,-0.00022981746000000003
365.349,0.00011584769999999996
365.388,-0.000233601
365.427,0.0010405751999999998
365.466,0.0002399619
365.504,-0.0009266762999999
365.543,-0.000770799
365.582,-0.0012213809999999
365.621,0.001728912
365.66,-0.0003026459999998
365.699,-6.401220000000001e-05
365.738,-0.00131384016
365.777,0.0018461706
365.816,-0.00025042665
365.855,0.00036389790000000005
365.894,-0.0004545966
365.933,0.0009623136
365.971,0.002558163
366.01,-0.000832215
366.049,0.000694452
366.088,-1.9781999999999873e-06
366.127,-6.394980000000008e-05
366.166,-0.00016534439999989998
366.205,1.4327250000000018e-05
366.244,-0.0001576665
366.283,-8.14434e-05
366.322,-0.0012403763999998998
366.361,0.00010416300000000003
366.399,0.0005790128999999
366.438,4.012860000000002e-05
366.477,-0.0002747571
366.516,0.0015258479999998998
366.555,-0.0012721722
366.594,-0.0012752336999999998
366.633,-0.0017557976999999
366.672,-0.000260175
366.711,-0.0008302206
366.75,0.0013079969999999
366.789,0.0002232867
366.828,-0.0006487032600000001
366.866,-0.00042421536
366.905,0.0002088354
366.944,-0.0011834979
366.983,0.00019017600000000002
367.022,-0.0009137655
367.061,0.0006515891099999999
367.1,0.00021367497
367.139,-0.0003296016
367.178,1.8865649999999988e-05
367.217,-0.0009381486
367.256,-0.0009849290999999
367.294,0.0009674699999999999
367.333,0.0005019336
367.372,-0.0007713657
367.411,0.0007419756000000001
367.45,-0.0001877949
367.489,-0.00010053239999999997
367.528,0.0006973095
367.567,0.000248052
367.606,-0.00092132799
367.645,-0.0003488043
367.684,-5.5981199999999985e-05
367.723,-0.0003208482
367.761,-5.8279799999999984e-05
367.8,0.0006190469999999
367.839,0.0004580064
367.878,-0.0013157496
367.917,-0.0013040556
367.956,-0.0004887114
367.995,0.0005724947999999999
368.034,0.0005364225
368.073,0.0006999501000000001
368.112,-0.0003224316
368.151,-0.0003991697999999
368.189,0.0005521430999999
368.228,0.0007312296000000001
368.267,-0.0011110186499999
368.306,0.0010467684
368.345,0.0008355959999998999
368.384,0.0005348247
368.423,0.0005505902999999
368.462,-0.0002246615999999
368.501,-0.0007187585999999
368.54,-0.0007950858
368.579,-0.00043213979999990004
368.617,-5.548469999999997e-06
368.656,0.0007556220000000001
368.695,0.00037082099999999997
368.734,-0.00043963590000000005
368.773,0.0004706109
368.812,0.00010808664
368.851,0.00025374660000000005
368.89,0.0005395253999999
368.929,-2.7613200000000002e-05
368.968,0.00033260849999990007
369.007,-0.0009570418499999999
369.046,-0.00015249884999990002
369.084,-0.0011935404
369.123,0.00044171370000000007
369.162,-0.0003438077999999
369.201,0.0008562941999999
369.24,-0.00018971159999989998
369.279,-0.0008044812
369.318,0.001681104
369.357,-0.00035837970000000005
369.396,0.0012380336999999
369.435,-0.0010761998399999998
369.474,-0.0003026802
369.512,0.0005638518599999
369.551,-0.0006622829999999
369.59,0.0005658215999999
369.629,-0.0009359424000000001
369.668,-0.0007623363
369.707,-0.0004176936
369.746,-0.0013921709999999998
369.785,7.049670000000003e-05
369.824,0.00017172231
369.863,-0.0005818596
369.902,0.0005019379859998
369.94,-0.0005971980000000001
369.979,-0.00046774949999979997
370.018,0.0007474578
370.057,-0.00043273799999990004
370.096,-0.00036278966999999995
370.135,-0.00043497839999990005
370.174,-0.0007732520100000001
370.213,-0.0007119044999999999
370.252,-0.0008241168000000001
370.291,-0.0003618947999999
370.33,-0.0005614466699998999
370.369,-5.206950000000003e-05
370.407,-0.00011402519999999998
370.446,-0.0013021521
370.485,0.000413634
370.524,-0.00011437739999999998
370.563,-0.000601311
370.602,-5.555400000000025e-06
370.641,0.0003341993999998
370.68,0.0006042999
370.719,0.0006541829999999999
370.758,-0.00034399125
370.797,0.0009698696099999999
370.835,-5.26188e-05
370.874,-0.0008529098999998999
370.913,-0.00025804020000000003
370.952,0.00016031399999989998
370.991,2.627489999999994e-05
371.03,-0.0009496391999999999
371.069,0.0004080159
371.108,-8.428500000000002e-05
371.147,0.0005828307
371.186,0.0007147055999999
371.225,-2.63664e-05
371.264,3.096960000000001e-05
371.302,-0.001465899
371.341,0.0008626151999998998
371.38,0.0008624263499999
371.419,0.0007586943
371.458,0.0007464729000000001
371.497,-0.00020595011999989996
371.536,0.0004600338
371.575,-2.5988700000000004e-05
371.614,0.0007107761999999999
371.653,-8.612729999999998e-05
371.692,-0.0005734838999999999
371.73,-0.0003229181999999
371.769,0.00037816199999989996
371.808,-0.0011796869999999
371.847,0.00010177290000000001
371.886,0.000594695559
371.925,-0.0004804068
371.964,-0.00042302249999999996
372.003,4.165691999999999e-05
372.042,1.8007230000000008e-05
372.081,0.0006640280999999999
372.12,0.001002297
372.159,-0.00016158840000000003
372.197,-0.00026347302
372.236,-0.0004987289999999
372.275,-0.0005317307999999
372.314,-0.0007345149
372.353,-0.0013665686999999
372.392,-0.0001574348999999
372.431,0.00019975104000000002
372.47,-0.0009945435
372.509,-0.00034650779999999997
372.548,0.0008380776
372.587,0.001015176
372.625,0.0003028674
372.664,9.728850000000002e-05
372.703,2.44671e-05
372.742,-0.0009884546400000002
372.781,-0.0012070685999999
372.82,0.0003852891
372.859,0.0001764995999999
372.898,6.681060000000001e-05
372.937,0.0007974429
372.976,0.0008255706000000001
373.015,-0.00027608718
373.053,0.0008252925
373.092,-4.006800000000004e-06
373.131,-0.00048715499999989995
373.17,0.0008767766999999999
373.209,0.0004758183
373.248,-0.00022250194499999997
373.287,0.0005023905
373.326,-7.954428000000007e-05
373.365,0.0007877570699999999
373.404,0.0006260406
373.443,-0.0003229957799998
373.482,0.0001576383
373.52,0.0002444424
373.559,-0.00051396792
373.598,0.00066162747
373.637,0.0002997440999999
373.676,-0.0006092399999999999
373.715,5.5183500000000025e-05
373.754,0.0006081597000000001
373.793,0.0011227681500000002
373.832,-8.32698e-05
373.871,0.0004389303
373.91,0.00010419929999999996
373.948,0.0001975302
373.987,-0.00067020717
374.026,0.0005976363
374.065,-4.882169999999994e-05
374.104,-0.0005993436
374.143,-8.493629999999997e-05
374.182,-0.00017084670000000002
374.221,-0.0005847522
374.26,-0.0007399026
374.299,0.0015248438999999998
374.338,-0.0005221293
374.377,0.001090869
374.415,0.000607602
374.454,0.0011971449
374.493,-0.000986313
374.532,-0.0008090309999999
374.571,0.0012269901
374.61,-0.00081391449
374.649,3.0060900000000043e-05
374.688,-4.466999999999996e-06
374.727,0.00078451716
374.766,-0.0003678036
374.805,0.0008867781
374.843,-0.0007151241
374.882,-0.0002548895999999
374.921,-0.0011707223999999998
374.96,0.0005154063
374.999,0.0003004125
375.038,-0.00016881060000000002
375.077,0.0006972294600000001
375.116,0.0001738334999999
375.155,0.0001602359999999
375.194,0.00020550089999989997
375.233,-0.0002216067
375.272,0.0007732143
375.31,-0.0003541508999999
375.349,-0.0001838249999999
375.388,-0.00055414062
375.427,0.0016225373096999999
375.466,-0.0005419635
375.505,-0.0007680120000000001
375.544,0.0002305578
375.583,-0.0004610259
375.622,-0.0005802219
375.661,-0.00031432730999979996
375.7,-0.0004069653
375.738,-0.00054982995
375.777,0.0001069641
375.816,-0.0002765334
375.855,-0.000318219
375.894,0.00018094143000000002
375.933,-0.00105342441
375.972,-0.0003690714
376.011,0.0009523034999999
376.05,-0.00027672060000000004
376.089,-0.0002490008999999
376.128,-0.001083555
376.167,-0.0001951065
376.205,-0.00018749781
376.244,-0.001811661
376.283,-0.00030307259999989996
376.322,-0.0009590571
376.361,0.00013592949
376.4,0.0004858853999999
376.439,5.29479e-05
376.478,-8.374499999999998e-05
376.517,-0.00024079979999999998
376.556,-0.0006639447
376.595,9.60345e-05
376.633,-0.0004439988
376.672,-0.0005136890999999999
376.711,-0.0001385091
376.75,-8.38956e-05
376.789,0.0004594700999999
376.828,0.0001439904
376.867,0.0006367116
376.906,-0.000727596
376.945,0.0005748141
376.984,-0.0006980552999999999
377.023,4.694954999999999e-05
377.061,0.0003394992
377.1,0.0012277022999999999
377.139,0.00014193729
377.178,-0.0009949277999999999
377.217,-0.00022006859999999998
377.256,0.0010958468999999
377.295,0.000487325754
377.334,-0.0005469646199999
377.373,7.848000000000081e-07
377.412,0.00010740299999999993
377.451,1.4702999999999998e-05
377.49,0.0002010942
377.528,0.0007137551999999
377.567,0.001064859
377.606,0.00012432368100000004
377.645,0.0006433887
377.684,-0.0009048906000000001
377.723,-0.00041011020000000006
377.762,-0.00030432909
377.801,0.0006324405899999
377.84,1.8881699999999992e-05
377.879,0.0002516492999999
377.918,0.000543936
377.956,-9.319590000000001e-05
377.995,0.00010283388000000003
378.034,-0.0004994946
378.073,0.00012711969
378.112,-0.000396825
378.151,-0.00011489579999999998
378.19,0.0015732447000000001
378.229,0.0005376096
378.268,0.0005512407
378.307,-3.4199999999999774e-06
378.346,0.0006088784999999999
378.384,4.684442999999998e-05
378.423,0.0002198307
378.462,0.00041082
378.501,-0.0005457495
378.54,0.00031881840000000004
378.579,0.0002557586999999
378.618,5.327130000000002e-05
378.657,-0.0009773505
378.696,-0.0017235045
378.735,8.484479999999999e-05
378.774,0.00049888731
378.813,-0.0001679952
378.851,0.0004912089
378.89,-0.001389045
378.929,-7.520003999999999e-05
378.968,5.2677e-05
379.007,-0.000245487
379.046,-0.00030798
379.085,0.0005434962
379.124,-0.0002667216
379.163,0.0007652193
379.202,5.08254e-05
379.241,8.944734e-05
379.279,0.0006188351999999
379.318,0.0005254494
379.357,0.00023262282
379.396,0.00080826
379.435,0.00012670347
379.474,-8.360418e-05
379.513,0.0006541676099998999
379.552,0.0003339473999999
379.591,0.00035382119999999995
379.63,0.0012450539999999998
379.669,0.0002270135999999
379.708,-0.0010379061
379.746,-0.0006795131999999001
379.785,0.0009776456999999
379.824,0.0017073867
379.863,0.00035062917
379.902,0.0001559403
379.941,0.0004296915
379.98,-0.00044744490000000006
380.019,0.0002536368
380.058,-0.0005213336999999999
380.097,0.00038211531
380.136,9.183021e-05
380.174,0.0002386965
380.213,-0.0004999854
380.252,2.027579999999998e-05
380.291,0.0006104733
380.33,0.0010996439999999
380.369,-0.00044273724000000003
380.408,-3.058499999999994e-05
380.447,-0.000263733
380.486,-0.00034893687000000004
380.525,0.0006804792
380.564,-0.00027711900000000004
380.603,0.0011112554999999
380.641,-0.0008594088000000001
380.68,-0.0003882711
380.719,0.0005900934
380.758,0.0005835762
380.797,-0.0001603833
380.836,0.0010837470000000001
380.875,-4.607921999999999e-05
380.914,-0.0005261811
380.953,-0.001036932
380.992,-0.00177036
381.031,0.0001683654
381.069,7.980003e-05
381.108,-0.00023639609999989998
381.147,-0.0006677331
381.186,-0.0003137159999998
381.225,0.00045979485
381.264,-0.00033894510000000004
381.303,9.140100000000006e-05
381.342,0.0005330166000000001
381.381,0.0003843171
381.42,-4.726770000000002e-05
381.459,-0.0007236641999999
381.497,0.00038404619999999993
381.536,-0.0009576681
381.575,0.0011005869
381.614,-0.00040545630000000005
381.653,0.0009335787000000001
381.692,-0.0002802185999999
381.731,0.00106011
381.77,2.8368899999999992e-05
381.809,-0.00017942400000000002
381.848,0.0001133811
381.887,0.0007887860999998999
381.926,-0.0006633240300000001
381.964,0.0003698865
382.003,4.980243e-05
382.042,0.00044843579999999996
382.081,-0.0004956531
382.12,0.00065935509
382.159,0.0008200612200000001
382.198,8.423069999999999e-05
382.237,0.0002307894
382.276,5.654790000000001e-05
382.315,-0.0009694274999998999
382.354,-0.000241125
382.392,-0.000144949059
382.431,-2.6088000000000283e-06
382.47,-0.0004291146
382.509,0.0001578222
382.548,0.0006121767
382.587,0.00027516239999990003
382.626,0.0002224895999999
382.665,0.0004971837
382.704,0.0001054467
382.743,-0.0003702849
382.782,-0.0003602754
382.82,0.00019662599999990002
382.859,0.000270285
382.898,-2.994065999999999e-05
382.937,-3.786600000000002e-05
382.976,0.00048411059999999993
383.015,-0.00010665929999999999
383.054,-5.0497800000000017e-05
383.093,0.000338784
383.132,-0.00060285747
383.171,0.0002444076
383.21,9.00792e-05
383.249,0.0006495560999999
383.287,0.00018958520999999998
383.326,-0.0007381226999999999
383.365,0.0003930680999999
383.404,0.00019910940000000002
383.443,0.00021060449999999999
383.482,-0.00014790449999999998
383.521,-0.000773382
383.56,-0.0004037625
383.599,0.00066484293
383.638,-0.0003592005
383.677,-6.6537e-05
383.715,0.0003100856999999
383.754,-0.000260589
383.793,0.00016413209999999997
383.832,-0.00018741000000000002
383.871,-0.00044106012
383.91,-0.00027636567
383.949,0.0005521721999999
383.988,0.00039448740000000003
384.027,-0.0003539285999999
384.066,-0.00026551374870000005
384.105,-0.00041542680000000005
384.144,0.0001528725
384.182,-0.0009711599999999
384.221,-0.0008279373
384.26,-0.0008825135999999999
384.299,0.00022315377
384.338,-7.707660000000002e-05
384.377,0.0005097986999999999
384.416,0.0009975539999999
384.455,0.00016809509999989999
384.494,-0.00019670999999999998
384.533,-0.00012152040000000003
384.572,0.0003497607
384.61,-0.00036208328999999995
384.649,0.00017401019999999996
384.688,0.00026916525
384.727,-0.00016279169999990002
384.766,-0.00022498787999999999
384.805,0.00028606199999989994
384.844,0.00018576152999999997
384.883,0.0001645452
384.922,-0.0007073736000000001
384.961,0.0016023573
385.0,0.0007895772
385.039,-0.00044127660000000004
385.077,0.0002473131
385.116,0.00046454849999999997
385.155,0.0007768877999999999
385.194,-3.8404499999999995e-05
385.233,0.00019984470000000001
385.272,-0.00024169079999999997
385.311,0.0008927045999999
385.35,-0.0005083967999998
385.389,0.0006171578999998001
385.428,-0.00039950369999999997
385.467,0.0004559465999999
385.505,-0.00068628912
385.544,-0.00048772259999990003
385.583,-0.000764556
385.622,3.85578e-05
385.661,-0.0021408269999999
385.7,-0.0009394008
385.739,0.00059520804
385.778,-0.0001798689
385.817,0.0002594505
385.856,0.0007621766400000001
385.895,9.71151e-05
385.934,0.0007836222
385.972,2.3012700000000004e-05
386.011,-0.0010445703
386.05,0.00011802006
386.089,0.00048646769999979996
386.128,-5.734109999999997e-05
386.167,0.0004930250699999
386.206,-0.0003202326
386.245,-0.0009800603999999
386.284,0.000558087
386.323,0.0006716324999999
386.362,-0.0009826085399999998
386.4,-0.00018522600000000003
386.439,0.0006265986
386.478,0.0008981835
386.517,-0.00018774029999999995
386.556,0.00038794019999999994
386.595,-0.00023162699999999998
386.634,-0.0007669792800000001
386.673,9.995340000000001e-05
386.712,0.00140298
386.751,0.0009016173
386.79,-7.039500000000006e-06
386.828,-1.4642160000000011e-05
386.867,-0.0007789388999999999
386.906,-0.00021274199999989999
386.945,7.220550000000003e-05
386.984,-0.00019424820000000001
387.023,0.0002340552
387.062,-5.499090000000005e-05
387.101,-0.0006247638
387.14,-0.00044695089
387.179,0.00024977399999999997
387.218,0.0007075865999999999
387.257,-5.83998e-06
387.295,-0.00044113470000000006
387.334,0.000254586
387.373,0.0004892046
387.412,7.679099999999985e-06
387.451,-0.00047160329999999996
387.49,0.0012648974999998998
387.529,0.000520401
387.568,3.0346199999999984e-05
387.607,-0.000448008
387.646,0.00039778200000000006
387.685,0.0004900599
387.723,-0.0002727071699999
387.762,-0.0001166943
387.801,0.0004667925
387.84,0.0006686415
387.879,-0.0001704728999999
387.918,0.00038032889999999996
387.957,-0.000343938684
387.996,-0.00040522955999999994
388.035,0.0014630840999999
388.074,-0.0004142993999999
388.113,-0.00044488800000000005
388.152,0.00069067332
388.19,0.0001558278
388.229,0.0004214937
388.268,-0.0006269344799999999
388.307,0.00093794394
388.346,-0.00134967
388.385,-0.000165066
388.424,0.00011081909999999998
388.463,-2.732729999999997e-05
388.502,-0.0002974278
388.541,-0.0003184027104
388.58,-0.0005935581
388.618,0.000402969
388.657,-0.0005416056
388.696,-0.0003834489
388.735,0.00020350116
388.774,0.00018586379999999998
388.813,-8.735400000000001e-06
388.852,-0.0014106288
388.891,-8.156796e-05
388.93,-0.0006389918999998999
388.969,-0.0004628847
389.008,0.0003651429
389.046,1.536719999999999e-05
389.085,-0.00032781659999999997
389.124,-0.00012026849999999996
389.163,-0.0004482741
389.202,0.0006222258
389.241,0.00023740969199989999
389.28,0.00044059098
389.319,-0.00030229679999989995
389.358,-0.0003532184999999
389.397,8.257170000000004e-05
389.436,0.0001422666
389.475,-0.00026633159999999996
389.513,0.0007992624
389.552,-2.723115e-05
389.591,0.0005541099
389.63,-0.00012550409999999998
389.669,0.0002391744
389.708,-0.0006697206
389.747,0.0004483619999999
389.786,0.0004916777999999999
389.825,0.0006105636
389.864,0.0006623885999997999
389.903,0.0005034585
389.941,2.2851600000000017e-05
389.98,-0.0011603859
390.019,0.00017310629999989997
390.058,-8.714999999999999e-05
390.097,0.0004033904999999
390.136,0.00025179201000000005
390.175,0.0003559359
390.214,0.0005933513999999999
390.253,4.7979299999999996e-05
390.292,0.00029003115540000005
390.331,0.0008394087
390.37,0.0009439278
390.408,-0.00018496704
390.447,0.0003724869
390.486,-0.0002972175
390.525,-0.0005383611
390.564,-5.845619999999998e-05
390.603,0.0012002444999999998
390.642,0.0003612594
390.681,-0.0006537152999999999
390.72,-0.000687441
390.759,6.594629999999998e-05
390.798,-2.3287680000000023e-05
390.836,-0.00012984390000000005
390.875,0.00015698117999999998
390.914,0.00013831086
390.953,0.0001674632999999
390.992,0.0008578548
391.031,-0.000194343
391.07,-0.0001616719199999
391.109,-0.0007679439000000001
391.148,-0.000876429
391.187,-0.0002585339999999
391.226,-0.00010981080000000004
391.264,-0.0002084373
391.303,-0.0005331422999999
391.342,0.0005606445
391.381,0.0006388704
391.42,0.0006031058999999
391.459,0.0001246137
391.498,-0.0001352508
391.537,-0.00019872420000000002
391.576,0.00039669617400000005
391.615,-9.647100000000002e-05
391.654,0.00038311650000000003
391.693,-0.0010069677
391.731,-0.00028864620000000006
391.77,0.0006336585
391.809,0.0003319644
391.848,0.0001854981
391.887,-0.0006529827000000001
391.926,-0.0006423269999999
391.965,-0.0003073119
392.004,0.00025010309999989996
392.043,-0.0006904994999999
392.082,-6.642771000000002e-05
392.121,-0.0001910177999999
392.159,0.0003195945
392.198,-0.00042533352
392.237,0.0008250255
392.276,0.00012247079999999999
392.315,-0.0002237244
392.354,0.0006467195999999999
392.393,0.00010795664999999996
392.432,-0.0004943858999999999
392.471,-0.0003670584
392.51,0.00044524049999999997
392.549,-0.0005439755999999999
392.588,0.0005177321999999
392.626,-0.0004768287
392.665,0.00029115300000000005
392.704,-1.5031500000000007e-05
392.743,0.00035883419999990004
392.782,0.00025854299999999997
392.821,-0.00014477189999999998
392.86,0.0008844822
392.899,0.0005741628
392.938,0.00045618525
392.977,-0.0005879186999999
393.016,0.00028696980000000004
393.054,-0.0005725122
393.093,-0.00022501080000000002
393.132,9.093935999999996e-05
393.171,0.00028801722
393.21,-1.7792999999999984e-05
393.249,-0.0011241432
393.288,0.0004512858
393.327,0.00036751795799989993
393.366,-0.00018465060000000003
393.405,-0.00050987919
393.444,0.0002638206
393.483,-0.0005565267
393.521,-0.0007020389999998999
393.56,-0.000721959
393.599,-0.0001159521
393.638,-0.0010540002
393.677,-0.001208706
393.716,-8.974200000000008e-05
393.755,-0.0005200979999999999
393.794,0.0003600279
393.833,0.00021339999
393.872,-5.734019999999998e-06
393.911,-0.0006563625
393.949,2.8830599999999995e-05
393.988,0.0012519291
394.027,0.0009648069
394.066,0.0001683152999999
394.105,8.991941999999998e-05
394.144,-0.000328764
394.183,-0.000430077
394.222,-0.0004380462
394.261,0.0002099474999999
394.3,0.0012667896
394.339,-0.0005107031999999
394.378,0.0007694498999999999
394.416,0.0006679311
394.455,-0.00023486400000000002
394.494,0.00036184440000000003
394.533,-0.0004317738
394.572,-0.0010511745
394.611,-0.0005979582
394.65,0.0006710583
394.689,-0.00012433349999999997
394.728,0.00022613823
394.767,0.00075309759
394.806,0.0005798040000000001
394.844,-4.706579999999998e-05
394.883,-0.00037531028999999994
394.922,0.0005789828999998999
394.961,0.00027156648000000003
395.0,-0.0006141509999999
395.039,0.0007683824999999999
395.078,0.0001742964
395.117,0.0007896027
395.156,0.00020826479999989998
395.195,0.00010880789999999999
395.234,0.0003264108
395.272,-0.00013245239999999995
395.311,-0.0013188296999999
395.35,0.0006166929299999999
395.389,0.0002314014
395.428,-0.0009994952999999999
395.467,-0.00066057507
395.506,0.0003517842299998
395.545,-0.0001664255999999
395.584,-0.0001989033
395.623,-0.0012196850999999
395.662,-0.0007168101
395.701,0.0005264858999999001
395.739,-0.00036409545
395.778,-0.00057681375
395.817,0.0011304477
395.856,-0.00016581102
395.895,0.0011389328999999
395.934,-7.947449999999999e-05
395.973,-0.0003613883399999
396.012,0.0009677013
396.051,7.788294e-05
396.09,-0.0002527163999999
396.129,0.0002588631
396.167,0.00030986609999979995
396.206,-0.0005087745
396.245,-0.0012136794
396.284,0.00024031120199999998
396.323,-0.0006698205
396.362,-0.00055587399
396.401,0.00055868463
396.44,9.509280000000002e-05
396.479,0.00039608124
396.518,-0.0001935561
396.557,0.0010443102
396.595,-0.0003058929
396.634,0.00011044559999999999
396.673,-0.0005518983
396.712,-0.0008579166000000001
396.751,-0.00029016029999989995
396.79,-8.789580000000003e-05
396.829,0.0005800562999998
396.868,-0.00029887893
396.907,0.00130494357
396.946,0.0004048748999999
396.985,-0.0007724608799999999
397.024,-0.0010506105000000002
397.062,0.0005343198000000001
397.101,0.00015448800000000002
397.14,6.032069999999999e-05
397.179,0.0010441244999998
397.218,-0.0003283545
397.257,0.00022345559999989998
397.296,2.7470400000000014e-05
397.335,8.641515000000003e-05
397.374,-3.3169859999999986e-05
397.413,0.00053134239
397.452,0.0008800529999998999
397.49,0.00038000550000000005
397.529,-3.824429999999999e-05
397.568,0.0003448679999998
397.607,-0.00019400339999989995
397.646,-0.00026831639999999997
397.685,-0.00027679521
397.724,3.19821e-05
397.763,-0.0002625657
397.802,-1.5100500000000009e-05
397.841,0.0002684763
397.88,0.0008067737999998999
397.919,2.5499610000000006e-05
397.957,-0.00012618909
397.996,6.275879999999996e-05
398.035,2.9248500000000037e-05
398.074,-2.7909000000000003e-05
398.113,-0.00040719918
398.152,5.543190000000004e-05
398.191,-0.0002491329
398.23,-0.0005131599
398.269,0.00042720599999999996
398.308,0.0007472549999999
398.347,0.0001781454
398.385,0.0005817696
398.424,-0.0006135779999997999
398.463,0.00021358530000000002
398.502,-0.00010390889999999998
398.541,-0.0003299901
398.58,-0.0005737614
398.619,-8.216999999999925e-07
398.658,0.000943125
398.697,0.0006164127
398.736,-0.0005876927999999
398.775,-0.00039647613
398.814,0.0004939653
398.852,0.0002526969
398.891,-0.0006508886999999999
398.93,0.000273507
398.969,8.37957e-05
399.008,0.00028131120000000003
399.047,0.0002065748999999
399.086,0.0006233841
399.125,-0.0010483275
399.164,0.0002296610999999
399.203,-0.0004668609
399.242,-0.0010185951
399.28,0.0004654874999999
399.319,0.0004310247
399.358,0.0003367667999999
399.397,-5.9556971999999976e-05
399.436,0.0006925085999999
399.475,0.00032992188
399.514,0.00029846357999999996
399.553,0.0008048159999998999
399.592,-0.00023260379999999998
399.631,0.00109383
399.67,0.00074351715
399.708,4.022055e-05
399.747,2.0427360000000052e-05
399.786,0.0005179200000000001
399.825,0.00028655550000000003
399.864,0.0009808128
399.903,-0.0002950794
399.942,0.00045371579999989997
399.981,0.00019652714999989998
400.02,-0.0001350498
400.059,0.000383985
400.098,-5.1083730000000036e-05
400.137,-8.301329999999994e-05
400.175,0.0005297459999998999
400.214,6.35742e-05
400.253,0.0008349618000000001
400.292,0.0007564773
400.331,-9.768e-05
400.37,5.268111e-05
400.409,-0.0004318226999999999
400.448,0.00035296469999989994
400.487,-0.0008677026000000001
400.526,-0.00019233800999989998
400.565,-0.0002705652
400.603,-9.372600000000074e-06
400.642,-4.10709e-05
400.681,0.00048080625
400.72,-9.9012e-06
400.759,-1.5657509999999977e-05
400.798,0.00021258569999989998
400.837,0.0002369945999999
400.876,-0.0008870307
400.915,-0.0002164674
400.954,0.0005970546000000001
400.993,0.0004984022699999
401.032,0.0004011288
401.07,-0.0004125093
401.109,-0.0005607626999999
401.148,0.0014978709
401.187,-0.0007042584000000001
401.226,-6.834809999999998e-05
401.265,-0.000259491
401.304,-0.0002930416199999
401.343,-0.00036110262
401.382,0.00019224689999999998
401.421,0.0002538633
401.46,0.0008259807
401.498,-0.0003429458999998
401.537,0.00019172369999989998
401.576,-0.0006141852
401.615,0.0003380468999999
401.654,-0.00033039779999999996
401.693,0.00029275709999999997
401.732,0.0002535531
401.771,-0.0001445907
401.81,-0.00010333979999999997
401.849,0.0004534256999999
401.888,-0.0006589251
401.926,-0.0008224071000000001
401.965,7.442640000000002e-05
402.004,0.00036809039999999993
402.043,0.0009478425000000001
402.082,0.00014259390000000003
402.121,0.0006787728
402.16,-0.0009192489
402.199,-0.0001845987
402.238,-1.8196199999999994e-05
402.277,0.00042436709999999996
402.316,-1.8469206e-05
402.355,-0.00015237738
402.393,-0.0001894359
402.432,-0.0005076317999999
402.471,-2.742869999999999e-05
402.51,-0.00026127771
402.549,-0.00026846339999999995
402.588,0.0007153002
402.627,0.0005556667500000001
402.666,2.5530000000000035e-05
402.705,-5.7010290000000005e-05
402.744,3.896160000000001e-05
402.783,0.0011173059000000002
402.821,0.0008964774
402.86,-0.0003173949
402.899,-0.0001899230999999
402.938,-0.00048115380000000006
402.977,-0.0004809927
403.016,-0.00015490314
403.055,0.0002511911999999
403.094,-0.0007999910100000001
403.133,0.00023965679999990002
403.172,-0.0005893227
403.211,-0.0004672092
403.25,-7.910910000000001e-05
403.288,-0.0002069745
403.327,0.0003661848
403.366,1.990919999999999e-05
403.405,0.00013441950000000005
403.444,-0.00017280540000000002
403.483,0.000516249
403.522,-0.0002321453999999
403.561,0.0003577602899999
403.6,0.00051371154
403.639,0.0007511757
403.678,0.00045002880000000005
403.716,0.0009590793
403.755,3.3039300000000014e-05
403.794,0.0008061057
403.833,0.0003128604
403.872,0.0005597202
403.911,0.0004565736
403.95,-3.299594999999999e-05
403.989,4.109100000000001e-06
404.028,-0.00079818
404.067,-3.775494599999998e-05
404.106,-0.0001887876
404.145,0.0012300228
404.183,-0.0006709223999997999
404.222,0.0001635666
404.261,0.0008284500000000001
404.3,9.333119999999998e-05
404.339,0.000370479
404.378,-0.00048578519999989997
404.417,0.0004965824999999
404.456,0.0005731458
404.495,0.0007395600000000001
404.534,-3.59991e-05
404.573,-0.0004992159
404.611,0.000725391
404.65,-0.0008624961
404.689,0.0003388008599998
404.728,0.0005013723
404.767,-0.0005748798
404.806,-1.933392000000001e-05
404.845,-0.00011174310000000001
404.884,0.0007712324999999999
404.923,-0.0006453434999999
404.962,-0.0003738501
405.001,0.0006233861999999
405.039,0.00015351689999999998
405.078,-7.078709999999998e-05
405.117,-1.3079999999999814e-06
405.156,-0.0011951814
405.195,-0.0002103024
405.234,0.0005880407999999999
405.273,0.0003387932399999
405.312,-0.00028145358
405.351,7.479479999999999e-05
405.39,-5.823300000000002e-05
405.429,-0.00073793361
405.468,0.00021405420000000002
405.506,-0.00021012959999999997
405.545,2.7689999999999994e-05
405.584,-3.0176220000000006e-05
405.623,2.6070299999999946e-05
405.662,-0.0006885080699998
405.701,0.00020387382
405.74,0.0004661824799999
405.779,0.00013406699999999998
405.818,-0.0003135561
405.857,2.1162600000000013e-05
405.896,1.2199589999999997e-05
405.934,-0.00026044535999999996
405.973,-8.422959e-05
406.012,-0.00011199534000000001
406.051,-0.0002556002999999
406.09,-0.0001732191
406.129,-6.950999999999995e-06
406.168,-0.0008953553999999999
406.207,-7.030590000000003e-05
406.246,-0.00029485829999999994
406.285,0.000628833
406.324,-0.00026681249999999996
406.363,1.8154499999999956e-05
406.401,0.00010627401
406.44,0.0008574759000000001
406.479,0.0005577525000000001
406.518,0.00042167999999999996
406.557,-0.0004537551
406.596,1.0357500000000014e-05
406.635,-0.00029500668
406.674,-0.0002465136
406.713,-0.00025735491
406.752,0.00025225794
406.791,-3.0235500000000046e-05
406.829,-0.00015699209999990002
406.868,-0.0002461491
406.907,-0.0005836761
406.946,-0.0008566031999998999
406.985,0.00038950110000000003
407.024,-0.00011838300000000004
407.063,0.0002666417999999
407.102,8.28987e-05
407.141,-0.000135435
407.18,-0.0002713614
407.219,-2.7106499999999995e-05
407.258,-0.0009627606
407.296,-0.000802023
407.335,-0.0006065482199999999
407.374,0.00036187107
407.413,0.00025521876
407.452,-0.00051113058
407.491,0.0001350021
407.53,-0.00029427909
407.569,-2.5203929999999996e-05
407.608,-0.00033531809999999996
407.647,0.0001635230999999
407.686,0.0005345471999998999
407.724,0.0005817798
407.763,-0.0003615791999999
407.802,0.000264564
407.841,-6.780473999999999e-05
407.88,-0.0001603691999999
407.919,0.0004795470899999
407.958,-0.0002424351
407.997,0.00013587381
408.036,0.0002786991
408.075,0.0003216539999999
408.114,-0.0005849510999999999
408.152,-0.00012904559999999998
408.191,0.00035846909999999997
408.23,-0.00030912
408.269,-0.0006833294999999998
408.308,-0.00050362191
408.347,-0.0006924342000000001
408.386,-0.000244297746
408.425,0.0001707258
408.464,0.0005270684999997999
408.503,0.00023579054999989997
408.542,0.00016275856200000002
408.581,-0.00041062229999999997
408.619,-0.00018577629
408.658,-6.404220000000002e-05
408.697,0.0006080109299999999
408.736,0.00018668952299989998
408.775,2.4917399999999952e-05
408.814,-0.00017560830000000005
408.853,-0.00023826051
408.892,9.791369999999999e-05
408.931,0.0006254247
408.97,-0.0001636568999999
409.009,1.4321699999999995e-05
409.047,6.582990000000003e-05
409.086,-0.0008461955999999999
409.125,0.0002344035
409.164,0.0008945102999999999
409.203,-0.0010520904
409.242,-0.0005938236
409.281,0.00023813880000000002
409.32,-0.0004919019
409.359,0.0001500852
409.398,5.7153329999999996e-05
409.437,-3.747089999999999e-05
409.475,-0.0007199783999999999
409.514,0.0002319462
409.553,0.00034645679999979994
409.592,7.65255e-05
409.631,0.00021806387999999998
409.67,9.625199999999967e-06
409.709,-0.00026061330000000003
409.748,0.0008297393999999999
409.787,0.0002219421
409.826,0.00029388833999999996
409.865,0.000308148
409.904,0.0003126800999999
409.942,0.00044745399
409.981,0.00012379319999999993
410.02,0.0009555222000000001
410.059,-0.0006018683999999999
410.098,-0.00020263109999999997
410.137,0.0004871538
410.176,4.629969e-05
410.215,0.0006900089999999
410.254,-9.620219999999997e-05
410.293,0.0002551580999999
410.332,0.00046102551
410.37,-0.0001914309
410.409,-0.00021312044999999998
410.448,0.00064500963
410.487,-0.0006245226843600001
410.526,-0.0007240610999999999
410.565,-0.0003306981
410.604,0.0005595104999999
410.643,-0.0005714750999999001
410.682,-3.3998700000000004e-05
410.721,0.0003753123
410.76,0.00033396449999999997
410.799,-0.00017971500000000002
410.837,0.0005956449
410.876,-4.724190000000004e-05
410.915,-3.7532070000000004e-05
410.954,-9.738689999999999e-05
410.993,0.00021484161899999998
411.032,-3.114960000000001e-05
411.071,0.0006457836
411.11,0.00065152335
411.149,0.00010293900000000001
411.188,8.870400000000008e-05
411.227,0.00020690519999999997
411.265,0.0007711686
411.304,3.7600499999999993e-05
411.343,0.000554391
411.382,0.00019586171999989998
411.421,0.0005113399199999
411.46,7.537469999999998e-05
411.499,-0.00010607220000000002
411.538,9.382440000000003e-05
411.577,0.00021907800000000002
411.616,0.0010416147
411.655,-0.00084803634
411.694,-0.00019959929999990001
411.732,-0.0001925244
411.771,-0.0003959000999999
411.81,-0.0005273759999999
411.849,0.0001886139
411.888,-0.00041013716999999995
411.927,0.0005783172
411.966,-0.00017103509999999997
412.005,0.00041407769999999997
412.044,6.748319999999999e-05
412.083,0.0003799434
412.122,0.00046165800000000004
412.16,-0.0005573676299999
412.199,-0.00045018414
412.238,-0.00019632389999989997
412.277,-0.0007948232999999999
412.316,-0.0003236101799999
412.355,-0.0002132949
412.394,-0.00092258325
412.433,-0.00051064659
412.472,0.00011008650000000001
412.511,0.00016761279
412.55,-2.6307900000000013e-05
412.589,-0.0004246731
412.627,-6.385794e-05
412.666,6.77613e-06
412.705,-0.0008354829
412.744,0.0001058487
412.783,-9.325500000000001e-05
412.822,8.938110000000004e-05
412.861,0.00022050420000000002
412.9,0.00042194789999999997
412.939,-0.00045481179
412.978,0.0005714297999999
413.017,-0.00023473200000000003
413.055,0.0008197329
413.094,-0.00013473281999999999
413.133,-0.00067274991
413.172,0.0005933364
413.211,0.0001989459
413.25,-0.0001807728
413.289,8.82426e-05
413.328,0.0005708886
413.367,-0.0005767556999998001
413.406,-0.0002906538
413.445,0.0009742812
413.483,-0.0002101461
413.522,0.0004492599
413.561,0.0004555878
413.6,-0.0004992657000000001
413.639,5.89836e-05
413.678,-0.0006655751999999999
413.717,2.2525199999999992e-05
413.756,0.00024219750000000002
413.795,4.812921e-05
413.834,-0.00049708881
413.873,0.00048907893
413.912,-0.00011606910000000002
413.95,-3.8166e-05
413.989,-1.9570170000000002e-05
414.028,-0.0007327946999999999
414.067,0.0004094760899999
414.106,-0.0003789837
414.145,0.00045775488
414.184,0.0007672487999999999
414.223,-0.00013406253
414.262,-0.0005996088299999
414.301,-6.88494e-05
414.34,-0.0006413031000000001
414.378,0.0001285071
414.417,0.0007157726999999
414.456,-0.0004937951999998
414.495,-6.65787e-05
414.534,-0.0001791282
414.573,-0.0001556733
414.612,-0.00043912499999990004
414.651,-0.0009122529
414.69,9.305925000000002e-05
414.729,0.0006114771
414.768,0.00016079639999999997
414.806,0.0003151862999999
414.845,-0.0006369149999998
414.884,-0.00016666799999989998
414.923,-0.0004446153
414.962,-0.0006702278999998
415.001,-0.0006875613
415.04,4.9189500000000055e-05
415.079,3.959190000000003e-05
415.118,-0.0002143832999999
415.157,-0.00024222749999999998
415.196,-6.236099999999993e-07
415.235,0.00033768540000000003
415.273,5.058449999999998e-05
415.312,0.0003606483
415.351,-0.00041155139999990003
415.39,9.062039999999997e-05
415.429,0.0003244707
415.468,-0.0006206968568999999
415.507,-0.0005043113999999999
415.546,-0.0004737078
415.585,-0.00019122479999990002
415.624,-2.90865e-05
415.663,-0.0001897566
415.701,-0.00012635790000000002
415.74,-0.0003964755
415.779,-2.724750000000002e-05
415.818,-0.0001343979
415.857,-0.0007321326
415.896,0.0005611695
415.935,2.0875197e-05
415.974,0.00014796834000000003
416.013,-0.0003655146
416.052,0.0003441500999999
416.091,0.0006477825
416.13,0.00044742809999999997
416.168,-0.0001383201
416.207,-0.0007558499999998999
416.246,-0.0009118319999998999
416.285,-2.2237740000000005e-05
416.324,9.46836000000001e-06
416.363,-0.00042813993
416.402,0.0005879565000000001
416.441,-0.0001651659
416.48,6.153840000000001e-05
416.519,-5.480331e-05
416.558,-8.758725000000002e-05
416.596,0.00042779700000000005
416.635,0.00047767619999999997
416.674,-3.1044990000000004e-05
416.713,-0.00017294640000000002
416.752,0.00028787037
416.791,0.0002594811
416.83,-2.035229999999988e-06
416.869,0.00042840630000000004
416.908,-0.00023747189999999999
416.947,2.523989999999999e-05
416.986,-0.00018554217000000002
417.025,-0.0001183005
417.063,0.0002849501999999
417.102,0.0004300184999999
417.141,4.096109999999998e-05
417.18,0.00010121465999999999
417.219,8.018574e-05
417.258,-1.8953579999999986e-05
417.297,-0.0005023460999998999
417.336,-0.00046524329999990003
417.375,0.0005402817
417.414,-0.00010010343299999999
417.453,0.00014116356000000002
417.491,-0.0007392702
417.53,0.0007175814
417.569,1.3469999999999856e-06
417.608,-0.0009072684
417.647,9.021822e-05
417.686,0.00025223829
417.725,-2.140125e-05
417.764,3.481740000000001e-05
417.803,-0.0002165778
417.842,0.0004063275
417.881,0.00025108620000000004
417.919,-0.0010745402999999
417.958,0.00037241069999999996
417.997,-0.0004022232
418.036,-0.00020561310000000003
418.075,5.52954e-05
418.114,0.00014835753
418.153,0.00020627879999999998
418.192,0.0005987849099999999
418.231,-3.517739999999999e-05
418.27,-0.0005622411
418.309,-3.7139399999999985e-05
418.348,0.0002552097
418.386,0.00011451209999999997
418.425,-0.00020897363999999998
418.464,-0.00011062890900000001
418.503,0.0001052139
418.542,-0.0003562614
418.581,1.723760999999998e-05
418.62,-0.00035809260000000006
418.659,0.0002269389
418.698,7.92717e-05
418.737,0.000504579
418.776,-0.00022295459999989998
418.814,0.00042407640000000004
418.853,-0.0002714562
418.892,1.628310000000002e-05
418.931,0.00037949961
418.97,-0.0002600184
419.009,-0.00019774559999989998
419.048,-0.0002170457399999
419.087,0.0003504087
419.126,0.00030675353999990004
419.165,4.0906500000000026e-05
419.204,0.0007365336
419.243,-6.60540000000001e-06
419.281,0.00032417219999979994
419.32,-0.0007679415
419.359,0.00027334506
419.398,0.00026384609999990005
419.437,0.00040587057
419.476,3.24939e-05
419.515,9.800567999999999e-05
419.554,-0.0002112281999999
419.593,-0.0004822360499999999
419.632,0.0003422096999999
419.671,0.0003341147999999
419.709,-0.0003765855
419.748,-0.00020391083999999997
419.787,0.0003962847
419.826,0.0005206374
419.865,-0.000361254
419.904,0.0005457672
419.943,7.214442000000001e-05
419.982,0.0002138121
420.021,0.0005096825999998001
420.06,0.00031960532999999997
420.099,0.00030193908
420.138,-0.00016048950000000002
420.176,-0.0004966524
420.215,-0.0007707221999999999
420.254,-0.00045372720000000003
420.293,0.000562617
420.332,-0.0004613721
420.371,-3.243780000000002e-05
420.41,0.00023636730000000002
420.449,-0.00032385561
420.488,0.0003728799
420.527,-0.00015885360000000002
420.566,0.00010265940000000001
420.604,0.000755688
420.643,-0.0002619861
420.682,-3.445673999999999e-05
420.721,0.00030304998
420.76,0.0002547
420.799,0.0002006385
420.838,-0.0003516353999999
420.877,-0.0006015954
420.916,-0.0004469931
420.955,0.00024221849999999997
420.994,5.354253000000001e-05
421.032,-0.0005921711999999
421.071,-0.0001838853
421.11,-0.0002152023
421.149,-0.00036616454999999996
421.188,9.420869999999997e-05
421.227,-0.0003637355999999
421.266,0.0003407660999999
421.305,-0.00026312190000000004
421.344,-1.0668180000000026e-05
421.383,-0.00021174180000000002
421.422,0.00046766216999999995
421.461,0.0008119607999999999
421.499,-0.0001882182
421.538,-2.748093e-05
421.577,5.7338699999999994e-05
421.616,-0.0005614809
421.655,-0.0001604810999999
421.694,-0.0004729308
421.733,-7.175850000000001e-05
421.772,-0.00046813589999999993
421.811,0.00022169550000000003
421.85,-0.00047694480000000004
421.889,-0.00011441912999999996
421.927,-0.0001486542
421.966,2.310119999999999e-05
422.005,-0.0003806757599999999
422.044,-0.0002139615
422.083,-2.4585600000000038e-05
422.122,0.00020877137999999998
422.161,-1.3835100000000016e-05
422.2,6.574502999999999e-05
422.239,6.501599999999985e-06
422.278,0.0006424505999999999
422.317,-0.0002414088
422.355,0.00038368949999999995
422.394,-7.120454999999998e-05
422.433,0.0003767709
422.472,-0.0003093473999999
422.511,0.000643017
422.55,0.0002571147
422.589,-0.000276513
422.628,-0.0002172558
422.667,-2.0811600000000016e-05
422.706,-0.00033824159999999996
422.745,-0.0003640928999999
422.784,0.0005648819999997999
422.822,-0.0003932219999999
422.861,-0.00028429626
422.9,0.0004924923
422.939,0.00021077519999989996
422.978,-0.0001305627
423.017,-0.0005811222
423.056,-0.0002658007499999
423.095,-0.00031472069999999996
423.134,0.00036251459999999997
423.173,0.0002281989
423.212,-0.0002574435
423.25,-0.00018116609999999997
423.289,-1.7430299999999988e-05
423.328,0.00033656489999979997
423.367,-0.0004878872999999
423.406,-0.00044960628000000004
423.445,-0.00011168249999999999
423.484,0.00022903103999999999
423.523,1.1539200000000013e-05
423.562,0.0007522205999998999
423.601,0.00021954747
423.64,0.0003066246
423.679,-2.6400300000000012e-05
423.717,0.0002707803
423.756,-2.2823100000000002e-05
423.795,-0.0005130543
423.834,9.949677000000001e-05
423.873,8.589921e-05
423.912,2.888193000000001e-05
423.951,-0.000425532
423.99,0.0001558941
424.029,0.0005253434999998999
424.068,0.0001187928
424.107,-0.0002739348
424.145,-0.00013476660000000002
424.184,-0.0007773293999999999
424.223,0.0003644756999999
424.262,-0.0002383491
424.301,-4.7475599999999976e-05
424.34,0.0004960326
424.379,0.0003975828
424.418,-0.0002055095999999
424.457,7.011840000000004e-05
424.496,0.0004375511699999
424.535,0.00010459139999999999
424.574,-0.0007349454000000001
424.612,-3.605520000000002e-05
424.651,-0.00012051960000000004
424.69,-1.1136179999999965e-06
424.729,0.000313561647
424.768,0.00042126809999990005
424.807,0.00027373451999999996
424.846,0.00021037911
424.885,0.00022758413399989996
424.924,-0.00012791909999999997
424.963,-0.0006209021999999
425.002,0.0005650242
425.04,-0.00014879198999999998
425.079,0.0005195541
425.118,0.0005903445
425.157,-4.874711400000001e-05
425.196,-0.00020243649
425.235,-0.00011227920000000001
425.274,-7.733519999999998e-05
425.313,0.0005700941999999
425.352,-9.087306e-05
425.391,-0.00029730329999990004
425.43,-0.0001747494
425.469,-0.00010901969999999999
425.507,9.424769999999998e-05
425.546,-3.999119999999999e-05
425.585,0.0002072060999999
425.624,2.1372600000000026e-05
425.663,-0.0001128876
425.702,-0.00024151440000000002
425.741,-0.0001417317
425.78,0.00020666196
425.819,-8.706561e-05
425.858,-0.00036309587999999997
425.897,0.00027432659999999996
425.935,-0.0004980045
425.974,-7.008036e-05
426.013,0.00039453089999999996
426.052,0.0009599519999999999
426.091,0.0002246397
426.13,-0.00039493169999999997
426.169,-0.0001260834
426.208,0.00013010879999999998
426.247,-0.0004154103
426.286,-9.748964999999999e-05
426.325,0.0004954893
426.363,0.0002541696
426.402,-6.076251e-05
426.441,0.000278019
426.48,-0.0004777059
426.519,0.0005790939
426.558,3.116457000000001e-05
426.597,1.58241e-05
426.636,-0.00036019511999980003
426.675,-0.00014300463000000002
426.714,-0.00020661852
426.753,0.00022896545999989996
426.792,-0.0002120496
426.83,-0.00052107627
426.869,0.00016918290000000002
426.908,-0.00029886938999990005
426.947,-0.0006288374999998999
426.986,0.0008778186
427.025,-8.320892999999999e-05
427.064,0.00021655956
427.103,-0.0004767141
427.142,-3.892950000000002e-05
427.181,-0.00047897910000000007
427.22,-0.00036149924999999997
427.258,0.0001270632
427.297,-0.00035514624
427.336,8.711310000000001e-05
427.375,2.1915899999999998e-05
427.414,5.2265400000000016e-05
427.453,-0.0003338042999999
427.492,-0.0002284044
427.531,0.00017959206000000002
427.57,-5.285375999999998e-05
427.609,5.845656e-05
427.648,1.25964e-05
427.686,-0.00035877410999980003
427.725,-0.00048069389999990005
427.764,-0.0003906714
427.803,0.0001522827
427.842,-0.0003656538
427.881,-0.0002736966
427.92,7.6392e-05
427.959,-8.688900000000002e-06
427.998,5.6218200000000024e-05
428.037,0.000415449
428.076,-0.0002389601999999
428.115,-0.00012020609999999997
428.153,-0.00018756990000000001
428.192,-0.0005772479999999999
428.231,-0.000420554694
428.27,-0.0006656306999999
428.309,0.0002246991
428.348,-7.980539999999999e-05
428.387,-0.0008146415999999999
428.426,-0.00019753529999999998
428.465,-0.00030934805999999996
428.504,-0.0008254323
428.543,0.00012895439999999997
428.581,-0.0002606364
428.62,0.0002342166
428.659,-0.0002592165
428.698,0.000247161
428.737,-0.00030979158
428.776,-0.0002278764
428.815,-0.0004297191
428.854,0.00035756609999990004
428.893,1.680333000000001e-05
428.932,-2.2377300000000014e-05
428.971,-0.00037701029999999994
429.01,7.376490000000002e-05
429.048,0.00027093537
429.087,0.00039059517000000006
429.126,-1.9612770000000008e-05
429.165,4.82367e-05
429.204,0.00022901429999999998
429.243,-3.4352399999999986e-05
429.282,0.00011024328
429.321,-0.0004133589
429.36,9.976020000000001e-05
429.399,-0.000238284
429.438,2.0973600000000005e-05
429.476,-0.00028997699999999996
429.515,-0.00019798844999999998
429.554,-0.00011227050000000002
429.593,0.00011496740999999999
429.632,-3.731910000000001e-05
429.671,-4.3107000000000006e-05
429.71,-0.00010896571200000001
429.749,-0.0007477047
429.788,-0.0004762758
429.827,0.00039234930000000006
429.866,-0.0001239861
429.905,-0.0006871100999999
429.943,-0.000232591797
429.982,-0.0001532270999999
430.021,0.0005249181
430.06,-0.00017348208
430.099,0.00012245447999999998
430.138,-0.00013288392
430.177,-0.0004656493499999
430.216,-0.0004769481000000001
430.255,-0.00015509313899989997
430.294,-0.0002199165
430.333,-0.00012374393999999998
430.371,0.00027904800000000006
430.41,0.000308805
430.449,-7.522019999999999e-05
430.488,-0.0003820623
430.527,0.0005307321
430.566,-0.000261722955
430.605,-0.0005747868
430.644,-4.5644100000000026e-05
430.683,-0.00013088970000000002
430.722,-0.0002291604
430.761,-0.00063589284
430.799,-1.5288779999999994e-05
430.838,-0.00056003808
430.877,0.00040678709999999996
430.916,-0.0003652307999999
430.955,0.0002592918
430.994,1.1527800000000015e-05
431.033,0.000169069752
431.072,-0.0002454042
431.111,0.0003031194
431.15,0.0005758490999999
431.189,-0.00030926519999989997
431.228,-0.00023829486000000004
431.266,7.642877999999998e-05
431.305,0.0005714289
431.344,6.39318e-05
431.383,-0.00047999159999989995
431.422,0.0003232206
431.461,0.00034682304
431.5,0.00040188299999999996
431.539,0.0006080225999999
431.578,7.10772e-05
431.617,7.959867e-05
431.656,-3.965960999999999e-05
431.694,0.0001633409999999
431.733,-0.00030030659999999995
431.772,0.0005435196
431.811,-0.0005373588600000001
431.85,1.2780899999999991e-05
431.889,-5.0028e-05
431.928,2.067119999999999e-05
431.967,0.00010185213000000002
432.006,0.0001917408
432.045,0.0004107867000000001
432.084,0.0002112342
432.123,-5.951669999999999e-05
432.161,0.0002688648
432.2,-0.0005702246999999
432.239,0.0002507829
432.278,-0.00037115241
432.317,-0.00034982919
432.356,0.0002413968
432.395,0.0003160337999998
432.434,-0.0002304744
432.473,0.00025492089000000003
432.512,0.0004210323
432.551,0.00026085900000000006
432.589,-0.0002186028
432.628,6.42534e-05
432.667,1.434081000000001e-05
432.706,7.11933e-05
432.745,-0.00019143072
432.784,5.058359999999999e-05
432.823,-0.0002606691
432.862,0.0008278254
432.901,0.00015691199999989997
432.94,6.387888000000001e-05
432.979,-7.856772e-05
433.017,-0.00012596967585
433.056,0.000339819
433.095,0.0006732393
433.134,0.0005571075
433.173,9.429090000000002e-05
433.212,0.00029992169999999994
433.251,8.388954e-05
433.29,3.793901999999998e-05
433.329,-0.00011873130000000003
433.368,-0.0002643785999999
433.407,0.000157944876
433.446,-0.0002515392
433.484,7.125689999999999e-05
433.523,-0.00046855159199999996
433.562,0.0003815403
433.601,0.00016644399
433.64,-0.00022244547
433.679,-4.814309999999998e-05
433.718,-0.0002646389999999
433.757,-9.951359699999997e-05
433.796,-6.581009999999999e-05
433.835,0.0001878798
433.874,0.00013583909999999996
433.912,-0.0002377106099999
433.951,3.713669999999989e-06
433.99,0.00017738775
434.029,4.7419500000000016e-05
434.068,0.00039220859999999994
434.107,0.0001371312
434.146,0.0002948754
434.185,-9.376320000000002e-05
434.224,0.0002206806
434.263,0.0008261559
434.302,-0.00015424242794989998
434.341,6.623199000000001e-05
434.379,5.6138159999999994e-05
434.418,0.00015410129999990002
434.457,-0.00021336599999990003
434.496,-0.00027621318
434.535,3.2196599999999996e-05
434.574,0.0003033272999999
434.613,-0.00026080229999999997
434.652,0.0004475099999999
434.691,-0.00036170129999989995
434.73,0.0001688095199999
434.769,0.00041073465
434.807,-0.00026986059
434.846,0.0005837261999999
434.885,-0.000295646652
434.924,0.0003036056999999
434.963,-0.0003047322
435.002,-6.217050000000007e-06
435.041,-0.0004134318
435.08,0.00013516205999999998
435.119,0.0003990465
435.158,-0.0003854466
435.197,0.0001502009699999
435.236,2.8523880000000005e-05
435.274,2.6967990000000003e-05
435.313,0.0003028347
435.352,2.7053879999999994e-05
435.391,0.00015276525
435.43,5.555369999999998e-05
435.469,-0.0002160591
435.508,0.0001466826
435.547,-6.849180000000002e-05
435.586,-0.00032491520999989996
435.625,-0.00015505439999999998
435.664,-7.2668129999999985e-06
435.702,-0.0004430163
435.741,-5.053638e-05
435.78,0.0002370654
435.819,0.00033532349999999995
435.858,0.00018554519999999997
435.897,-5.753703000000001e-05
435.936,0.0001711869
435.975,0.0002320194
436.014,-0.00019356027000000002
436.053,0.00013030068000000002
436.092,0.0003311754
436.13,0.00013563318000000003
436.169,0.00040085579999999993
436.208,0.00033148914
436.247,-0.0007360685999999999
436.286,-0.0006508194
436.325,-0.0001642461599999
436.364,-0.0007290068999999999
436.403,-0.0002382369
436.442,-3.216540000000001e-05
436.481,3.14088e-05
436.52,0.00048820799999990005
436.559,-0.00016533120000000002
436.597,-0.0005683630799998999
436.636,0.0004181444999999
436.675,-0.0006896166
436.714,3.529647000000001e-05
436.753,-0.000129171
436.792,-0.00019533276
436.831,0.00012789798000000004
436.87,0.0003435500999999
436.909,0.0001929183
436.948,-2.4760199999999994e-05
436.987,-0.00021567963
437.025,9.05652e-05
437.064,-0.00012911250000000003
437.103,-0.00048913476
437.142,0.00010977479999999997
437.181,-0.00011735508000000001
437.22,-0.00027112109999999996
437.259,-0.00024892205999989996
437.298,0.0003408396
437.337,0.00027970290000000004
437.376,-0.0002787831
437.415,0.0004750934999999
437.454,0.00016008237000000002
437.492,-0.00013434573
437.531,5.6161200000000014e-05
437.57,0.0001688777699999
437.609,0.00021140909999989998
437.648,0.00012135990000000001
437.687,0.00012580803
437.726,-6.750870000000001e-05
437.765,7.780068000000001e-05
437.804,0.000118617
437.843,-7.473929999999998e-05
437.882,-0.0003958842
437.92,5.315970000000001e-05
437.959,-0.0005295107699999999
437.998,0.000374649
438.037,0.0002392659
438.076,0.00025967121000000003
438.115,0.0004032876
438.154,0.00030641334
438.193,0.00029836641
438.232,-0.00013498188
438.271,0.0002579247
438.31,0.00037186125
438.349,0.00015259359299989997
438.387,0.000347303499
438.426,5.1817830000000006e-05
438.465,-0.0002069421
438.504,0.00029327988
438.543,0.00021809064
438.582,0.0006392844
438.621,-0.00034459331999999994
438.66,-9.547578e-05
438.699,-0.0002153916599999
438.738,-0.0001140147
438.777,-0.00020184434999989998
438.815,-0.0002600672999999
438.854,3.8924999999999835e-06
438.893,3.7794e-05
438.932,8.154801000000001e-05
438.971,0.0003307986
439.01,3.5908947000000006e-05
439.049,0.00029766597
439.088,-0.0001822939799999
439.127,0.0002949258
439.166,-0.0001143564
439.205,-0.0002182668
439.243,0.00028662584999999995
439.282,-4.066859999999999e-05
439.321,6.062729999999999e-05
439.36,0.00039400290000000005
439.399,0.00014938920000000006
439.438,-0.00010063727999999998
439.477,-0.00031962
439.516,0.000121032
439.555,-0.0005189177999997999
439.594,-0.00023062353000000003
439.633,0.0004147638
439.672,1.6696890000000012e-05
439.71,0.0003695016
439.749,0.00038539019999999995
439.788,0.00017844419999989998
439.827,0.0001666431
439.866,-0.0003613695269998
439.905,3.109209e-05
439.944,0.00014091540000000003
439.983,-0.0003528018
440.022,-0.00018034289999989997
440.061,0.00021631038
440.1,0.00043445091
440.138,-0.0004231637999998
440.177,8.960190000000001e-05
440.216,8.734950000000001e-05
440.255,6.502612500000001e-05
440.294,-9.920609999999996e-05
440.333,-1.8526200000000046e-06
440.372,0.0003461147999999
440.411,0.00038404464000000004
440.45,-0.0006566982000000001
440.489,-3.736319999999998e-05
440.528,0.0001456254
440.566,-0.00041843148
440.605,-0.00011150099999999999
440.644,-0.00047025359999990004
440.683,0.00036757649999999995
440.722,3.8852940000000005e-05
440.761,-2.6415900000000006e-05
440.8,0.00040620456
440.839,0.00016488000000000003
440.878,-0.00047188650000000004
440.917,-0.00024345714000000002
440.956,0.00038758529999999996
440.995,0.00039897150000000003
441.033,0.0002649389999999
441.072,-0.00047040959999999996
441.111,8.436429e-05
441.15,-6.480146999999998e-05
441.189,-0.0001664169
441.228,-0.00010147908
441.267,-0.0001406367
441.306,-0.0002584521
441.345,0.00033196409399999997
441.384,-0.0003949821
441.423,0.000354546
441.461,-0.00025525380000000005
441.5,-0.0005823582000000001
441.539,-8.15601e-05
441.578,6.0465719999999994e-05
441.617,-0.0002872038
441.656,-2.7164099999999983e-05
441.695,0.0001163952
441.734,9.858000000000002e-05
441.773,5.7976289999999995e-05
441.812,0.0004371204
441.851,0.0002879355
441.89,-0.000186225
441.928,-4.389552e-05
441.967,-0.00034921979999990004
442.006,5.5986600000000024e-05
442.045,-0.000137121
442.084,-0.0005854452
442.123,0.0002838525
442.162,0.0002623008299999
442.201,-0.00018551526000000002
442.24,-7.381800000000038e-06
442.279,0.0001011276
442.318,-0.0004316325
442.356,-0.0003659028
442.395,0.00033571260000000004
442.434,6.15375e-05
442.473,-0.0004589544
442.512,-0.00017473515
442.551,-0.00018180276
442.59,4.999019999999999e-05
442.629,0.0001806287999999
442.668,0.00018227460000000003
442.707,0.00013751979
442.746,-0.000150408879
442.785,-5.6589569999999996e-05
442.823,0.0001692200999999
442.862,6.468671999999998e-05
442.901,-0.00035840757000000004
442.94,-5.88711e-05
442.979,0.0002208489
443.018,0.0004073076
443.057,0.00021032579999999998
443.096,-0.0003555768
443.135,-0.0002838195
443.174,0.0005367861
443.213,-0.0003660276
443.251,0.00011340420000000001
443.29,-0.0005058018
443.329,0.00040118549999989997
443.368,0.0002716092
443.407,-0.0003032897999999
443.446,0.0003136242
443.485,0.00042199557
443.524,-4.0360559999999985e-05
443.563,0.0002596623
443.602,0.0001983092999999
443.641,-0.00049227867
443.68,0.0003280857
443.718,-0.0003370865399999
443.757,0.0001051572
443.796,-3.97305e-05
443.835,0.00031282158
443.874,7.66095e-05
443.913,6.57918e-05
443.952,-0.0005232666
443.991,0.0002237495999999
444.03,0.00033406709999999994
444.069,0.00015158699999999998
444.108,0.00017431914000000002
444.146,-0.0001234995
444.185,0.00048786090000000004
444.224,-0.00022661459999999997
444.263,0.00016001223000000001
444.302,-0.0003917388
444.341,0.0002552451
444.38,-0.0002065083
444.419,0.0001231839
444.458,-0.00012733293
444.497,-0.00010296383999999996
444.536,-0.00010165979999999999
444.574,-0.00018794940000000003
444.613,-1.5523199999999987e-05
444.652,-0.0002073465
444.691,0.0003287735999998
444.73,-0.0002035296
444.769,-0.0002663502
444.808,0.00011449470000000001
444.847,0.000349844859
444.886,2.0907e-05
444.925,5.925515100000001e-05
444.964,0.0002148474
445.003,-0.00012258636
445.041,-0.00010984169999999998
445.08,-3.77232e-05
445.119,-2.635731e-05
445.158,0.00019629672
445.197,0.00012243626999999997
445.236,0.00032982089999980004
445.275,0.00027917400000000003
445.314,-0.0002978376
445.353,0.0002660678999999
445.392,-4.0267919999999996e-05
445.431,0.0004276614
445.469,-2.3447100000000042e-05
445.508,-0.00026824682999999997
445.547,-0.0002791047
445.586,0.00011930879999999998
445.625,-0.0004128156749998999
445.664,-0.0004031757
445.703,0.00015674489999999998
445.742,0.00020903399999990001
445.781,0.00010979200799999999
445.82,0.00019254486
445.859,0.0001190208
445.897,8.83215e-05
445.936,0.0005466128999998999
445.975,0.0007098263999999999
446.014,-1.2568770000000005e-05
446.053,-6.47616e-05
446.092,3.7999709999999995e-05
446.131,0.0005650005000000001
446.17,-0.00039127620000000004
446.209,0.00029499440999999996
446.248,-0.00029770379999999997
446.287,0.00015738263999990002
446.326,0.000144290025
446.364,0.00021445170000000002
446.403,0.00038287140000000004
446.442,-5.3111699999999995e-05
446.481,0.0001652949
446.52,2.9544600000000005e-05
446.559,-0.0003936906
446.598,-2.569893000000002e-05
446.637,-8.293350000000001e-05
446.676,-4.6488299999999905e-06
446.715,0.00038123304000000003
446.754,-7.227240000000002e-05
446.792,6.400889999999998e-05
446.831,8.313870000000001e-05
446.87,-0.00017088174
446.909,0.00011116305
446.948,0.00050863797
446.987,-0.0001907420399999
447.026,1.0200300000000022e-05
447.065,8.829179999999999e-05
447.104,0.0006493820999999999
447.143,0.0004389648
447.182,-6.778013999999996e-05
447.221,8.364239999999997e-05
447.259,-7.14126e-05
447.298,0.0005153448
447.337,0.00019910184
447.376,-0.00028627182000000003
447.415,-7.556100000000004e-06
447.454,-0.00040268220000000003
447.493,-0.0003216068999999
447.532,-0.0001856064
447.571,-0.0003259338299999
447.61,6.435252899999998e-05
447.649,-0.00011106419999999998
447.687,-8.18781e-05
447.726,-7.11825e-05
447.765,9.772785000000001e-05
447.804,-0.000330303
447.843,-0.00014253518999999998
447.882,-0.000241794
447.921,-5.865300000000001e-05
447.96,-7.569851999999999e-05
447.999,0.00014526651
448.038,6.842339999999999e-05
448.077,0.00024931683
448.116,-0.000137618985
448.154,4.839869999999999e-05
448.193,0.00020869782000000001
448.232,-0.0004744383
448.271,-0.00019166069999999999
448.31,-0.0001952322
448.349,-7.363074e-05
448.388,-0.00010614300000000003
448.427,-0.00013479150000000003
448.466,-9.841773000000001e-05
448.505,0.000148389
448.544,-0.0003096995099999
448.582,5.965475999999999e-05
448.621,-0.00030433304999999996
448.66,0.0002734944
448.699,7.893255000000001e-05
448.738,0.00013062179999999998
448.777,6.7215e-06
448.816,8.458362e-05
448.855,-6.824709000000002e-05
448.894,-0.0005836098
448.933,-0.00010669356
448.972,8.688658800000003e-05
449.01,-0.00011439657
449.049,-0.00021340683
449.088,0.0002029002
449.127,-0.00015135989999999998
449.166,-0.00014172789000000004
449.205,-0.0002369408999999
449.244,-0.0003374913
449.283,0.00016453827
449.322,-0.00017727839999999998
449.361,-0.0004063311
449.4,8.33856e-05
449.439,-0.0003044147999999
449.477,6.584909999999999e-05
449.516,0.00016493076899989998
449.555,3.3877050000000005e-05
449.594,0.0001073289
449.633,-0.00024276271200000002
449.672,0.00016508931300000001
449.711,0.0001280421
449.75,-0.00027574449
449.789,-0.00029796921
449.828,3.9791700000000014e-05
449.867,7.152834e-05
449.905,-3.91269e-05
449.944,-0.0005749262999998
449.983,-0.0003924714
450.022,6.129444e-05
450.061,-0.0001027527
450.1,-0.00028350870000000005
450.139,2.5353300000000003e-05
450.178,4.226580000000003e-05
450.217,9.580350000000003e-05
450.256,0.0001059654
450.295,0.0003712935
450.334,-0.00027955511999999997
450.372,-0.00022108959000000002
450.411,0.00015091319999989997
450.45,0.0001359492
450.489,-0.0004144152
450.528,0.00010341030000000002
450.567,-0.00042619224
450.606,6.533652e-05
450.645,-9.49998e-05
450.684,-0.0003805926
450.723,-5.1925728e-05
450.762,-5.87337e-05
450.8,0.0005085204000000001
450.839,5.714309999999999e-05
450.878,0.00012158343
450.917,-0.00013588905
450.956,-0.00027361599
450.995,2.8570500000000017e-05
451.034,-0.00035201669999990003
451.073,-0.00014551529999999997
451.112,0.000252521439
451.151,-6.782160000000001e-05
451.19,-6.734099999999992e-07
451.229,-0.00012498377999999998
451.267,0.00039543981
451.306,2.2592999999999734e-06
451.345,2.721233999999999e-05
451.384,9.255413700000003e-05
451.423,-4.3287e-05
451.462,4.14384e-05
451.501,-0.00026636673
451.54,6.747630000000001e-05
451.579,-7.878642000000002e-05
451.618,5.276808e-05
451.657,-0.0002595789
451.695,0.0003257906399999
451.734,-6.0513599999999996e-05
451.773,-4.748817e-05
451.812,-8.472431999999999e-05
451.851,-0.00021592649999999997
451.89,-0.00015048737999999998
451.929,0.0005964771
451.968,-0.0001753346999999
452.007,-0.000248895
452.046,0.0002760140999999
452.085,0.0002794943999999
452.123,-0.00034830689999989996
452.162,6.501900000000006e-06
452.201,-0.0003083934
452.24,-6.635699999999999e-05
452.279,0.00016672739999999998
452.318,6.72912e-05
452.357,0.00010549959
452.396,-1.1729130000000025e-06
452.435,-0.00019546358999989998
452.474,-0.00010652789999999999
452.513,-0.00012259709999999999
452.552,-7.032600000000011e-06
452.59,-0.0005236385099998999
452.629,-0.00024881733
452.668,0.00016158269999989996
452.707,-0.0005522183999999
452.746,-3.475349999999999e-05
452.785,5.193839999999999e-05
452.824,-0.0001823646
452.863,3.737271e-05
452.902,0.00040333748999999997
452.941,-0.00030352443
452.98,0.0002476359
453.018,0.00011145150000000002
453.057,0.0004310802
453.096,2.647799999999992e-06
453.135,0.0002126421
453.174,1.8909e-05
453.213,5.0329500000000034e-05
453.252,-0.0002299764899999
453.291,-0.00015433689
453.33,-0.0003364049999999
453.369,-0.0001512921
453.408,0.00026812571999999997
453.447,-5.4163800000000005e-05
453.485,-0.00041440313999999997
453.524,-0.00015724197
453.563,4.436546999999999e-05
453.602,-0.0004280118
453.641,0.00014029637999999999
453.68,-0.0001229688
453.719,-0.00021376529999999998
453.758,-4.736835000000001e-05
453.797,-2.102400000000002e-05
453.836,-0.0002203485
453.875,-0.0003269049
453.913,-0.00017933775000000002
453.952,8.94174e-06
453.991,-0.00014382725999999998
454.03,-1.3471500000000012e-06
454.069,0.0001556448599999
454.108,0.0004776963
454.147,-0.0002172969
454.186,-1.1781008999999999e-05
454.225,-5.1328050000000004e-05
454.264,1.88664e-05
454.303,-4.9145400000000165e-06
454.341,-5.6732670000000004e-05
454.38,-8.734859999999999e-05
454.419,5.832000000000001e-05
454.458,1.9013099999999996e-05
454.497,3.507618e-05
454.536,-3.136568999999999e-05
454.575,-0.00041493840000000003
454.614,3.0407099999999982e-05
454.653,-0.00021598635
454.692,0.00023702720999999998
454.731,0.00010007976
454.77,8.904659999999997e-06
454.808,-0.000229975035
454.847,-6.573377999999999e-05
454.886,6.187983000000001e-05
454.925,-6.513674999999999e-05
454.964,-0.00025664160000000004
455.003,-3.676319999999992e-06
455.042,-7.335000000000014e-06
455.081,-0.00018371999999989996
455.12,-0.00016809675
455.159,-0.00047489820000000003
455.198,-0.0002022795
455.236,0.00028731815999999996
455.275,-0.0002356866
455.314,2.2191e-05
455.353,0.00020166834
455.392,-7.676760000000002e-05
455.431,3.855389999999999e-05
455.47,-0.00024455166
455.509,4.651878e-05
455.548,7.140630000000001e-05
455.587,0.00011639547
455.626,-0.0003730857
455.665,-7.918485e-05
455.703,-1.4908529999999983e-05
455.742,-0.00026983409999999997
455.781,-0.00015751860000000003
455.82,-0.0006005936999999
455.859,0.00030585798
455.898,-0.0002855043
455.937,0.00012073439999999997
455.976,0.00024087149999999999
456.015,-6.496935e-05
456.054,-0.00029602551
456.093,-0.00017414459999999998
456.131,0.00019331009999999998
456.17,-0.00022904904
456.209,-0.0002316386999999
456.248,0.00012751979999999998
456.287,0.0003068927999999
456.326,-0.00015650346
456.365,-8.14848e-05
456.404,1.2944100000000004e-05
456.443,3.063779999999999e-05
456.482,0.00026433992999999996
456.521,0.000100389
456.56,3.2598150000000006e-05
456.598,5.7356129999999986e-05
456.637,0.00010081410000000002
456.676,0.0001247637
456.715,0.0003142464
456.754,-0.0002410995825
456.793,-0.0004557867
456.832,-0.00021875609999989998
456.871,0.00022190430000000003
456.91,-5.184483000000002e-05
456.949,3.354948000000003e-05
456.988,5.132976000000001e-05
457.026,8.016570000000002e-05
457.065,-0.00019783626
457.104,9.521893200000001e-05
457.143,-6.656652000000001e-05
457.182,-0.000141010014
457.221,3.2469929999999994e-05
457.26,0.00013496733
457.299,0.00019587719999999997
457.338,0.00038494686000000003
457.377,-0.00041887739999999993
457.416,-0.00025788834
457.454,0.0004873389
457.493,-0.00010862361
457.532,0.0001682205119999
457.571,-0.00014249196
457.61,0.00025506689999999995
457.649,-3.1393800000000004e-05
457.688,-0.0004584045
457.727,6.78927e-05
457.766,0.00048020340000000004
457.805,8.11398e-05
457.844,-0.00016697745
457.883,4.09887e-05
457.921,-0.00019554270000000001
457.96,3.212751e-05
457.999,-0.0002873736
458.038,-0.000153909015
458.077,0.00026116530000000005
458.116,0.000394074
458.155,8.610888e-05
458.194,-9.809758739999998e-05
458.233,-3.67278e-05
458.272,-0.0001241841
458.311,0.00012390210000000001
458.349,-0.00019124663999999997
458.388,-7.62906e-05
458.427,-0.00020711430000000002
458.466,-4.095839999999998e-06
458.505,0.00020337452999999998
458.544,-3.147161999999999e-05
458.583,0.0002042862
458.622,-0.0002862294
458.661,-0.0001604536499999
458.7,4.7612718e-05
458.739,7.310084999999998e-05
458.777,-0.00021677673
458.816,-0.0002724111
458.855,-4.0537340999999994e-05
458.894,0.00042426374999990005
458.933,0.00020731635
458.972,8.557350000000002e-05
459.011,-3.9729300000000006e-05
459.05,-3.37554e-05
459.089,-0.0002600535
459.128,0.00034168005
459.167,-0.00025472466000000003
459.206,0.00021697529999989998
459.244,0.00015363246000000001
459.283,-0.0002746389
459.322,0.00017012159999999998
459.361,-2.378520000000001e-05
459.4,3.925845e-05
459.439,0.00021693939000000002
459.478,0.00019475625
459.517,2.2559699999999987e-05
459.556,7.262541e-05
459.595,-6.330342e-05
459.634,-0.00012346911
459.672,-0.00021644309999999998
459.711,-0.0005296053
459.75,-0.0002128162199999
459.789,0.00011432951999999999
459.828,-7.230131999999999e-05
459.867,2.31687e-05
459.906,0.00016819749
459.945,0.00041013000000000003
459.984,-0.00013476588
460.023,0.00023528961
460.062,2.987187e-05
460.101,0.00023332127999989999
460.139,0.00029421225
460.178,3.763800000000001e-05
460.217,-5.720129999999999e-05
460.256,-9.463116000000001e-05
460.295,0.00039816593999999995
460.334,0.0001640330999999
460.373,-0.0001946868
460.412,0.00018448947000000002
460.451,2.5982970000000003e-05
460.49,0.00013725804
460.529,-0.00017425889999989996
460.567,-0.00012161007
460.606,-0.0002603622
460.645,2.0634660000000005e-05
460.684,-0.0001959156
460.723,7.791120000000002e-05
460.762,0.0001959266999999
460.801,-1.345710000000001e-05
460.84,9.932969999999998e-05
460.879,0.00023478879
460.918,0.0002431809
460.957,-0.00022211844000000002
460.996,-0.00017558045999999997
461.034,0.0003207753
461.073,-0.00033143100000000003
461.112,0.00014335113
461.151,9.169590000000005e-06
461.19,-0.00024819597
461.229,-5.244381000000001e-05
461.268,-2.256891e-05
461.307,0.0003445379999999
461.346,0.0002822664
461.385,0.00020927729999999998
461.424,0.0001061247
461.462,2.2177800000000003e-05
461.501,-0.0001541467199999
461.54,-0.0001018392
461.579,-3.600303e-05
461.618,-9.645669000000001e-05
461.657,-6.305309999999996e-06
461.696,-0.00033091349999999996
461.735,-0.0001368348
461.774,1.9763400000000015e-05
461.813,0.00026256420000000003
461.852,-0.00023051694
461.891,-0.0002813133
461.929,6.444900000000008e-06
461.968,-8.178045e-05
462.007,-0.00013005594
462.046,-7.110927e-05
462.085,0.00024575094
462.124,-0.0002259918
462.163,0.0005344028999999
462.202,-0.00045041045999999994
462.241,-0.00012248541000000002
462.28,0.0002416400999999
462.319,0.0002707743
462.357,-0.00014910981
462.396,3.6216899999999995e-05
462.435,-2.334801e-05
462.474,-0.00016759598999999999
462.513,0.00017869469999990003
462.552,-0.00012331326000000002
462.591,0.00011142839999999998
462.63,-2.0136270000000017e-05
462.669,0.00010020248999999997
462.708,0.00033660749999999995
462.747,4.2751200000000025e-05
462.785,-0.00021185547
462.824,1.2250140000000003e-05
462.863,0.000133779285
462.902,-0.0001197585
462.941,4.9734480000000015e-05
462.98,-9.43899e-05
463.019,-2.01351e-05
463.058,0.0002867153999999
463.097,-7.940648999999999e-05
463.136,0.000102105
463.175,-9.053340000000001e-05
463.214,-3.9831000000000026e-06
463.252,1.3517781e-05
463.291,0.0001825107299999
463.33,8.528457e-05
463.369,-0.00019447469999999998
463.408,8.74626e-05
463.447,-0.00015454377
463.486,0.0001563984
463.525,0.00014695289999999998
463.564,1.6172400000000008e-05
463.603,-9.260999999999998e-06
463.642,9.275660999999999e-05
463.68,-2.786879999999999e-06
463.719,4.8795300000000004e-05
463.758,0.0002882385
463.797,-0.00022671449999989997
463.836,-0.0001066959
463.875,-6.604947e-05
463.914,6.372899999999999e-05
463.953,-5.8353e-05
463.992,-0.00010725270000000003
464.031,0.00010878402000000001
464.07,2.1844500000000004e-05
464.109,0.00021204015
464.147,-2.9147879999999994e-05
464.186,-0.0001839945
464.225,9.882722999999997e-05
464.264,0.0001497831
464.303,-8.321400000000001e-06
464.342,0.00020656709999999998
464.381,-0.00030970235999979996
464.42,9.648803999999998e-05
464.459,0.00017018490000000002
464.498,5.2604909999999996e-05
464.537,-0.00036020249999999996
464.575,0.00012699198
464.614,4.4701259999999996e-05
464.653,-0.000102750246
464.692,7.775139e-05
464.731,0.00020069163
464.77,0.00039237540000000007
464.809,0.00029132796
464.848,-0.0004564064399999
464.887,3.355884000000001e-05
464.926,-0.000153862122
464.965,-2.016180000000001e-05
465.003,-0.00015527847
465.042,-0.0001615286999999
465.081,-0.00013984215000000002
465.12,-0.0001306077
465.159,-0.00020469410999989998
465.198,-6.87450000000001e-06
465.237,-0.00012885255
465.276,9.628680000000001e-05
465.315,8.101649999999999e-05
465.354,8.970839999999998e-05
465.393,0.000146117118
465.432,-0.00011068549800000002
465.47,-7.765259999999996e-05
465.509,-7.683632999999996e-05
465.548,0.00026042448
465.587,0.00020753495999999998
465.626,-0.00015248003999990002
465.665,-0.00016766300999999998
465.704,0.00016967460000000002
465.743,0.0001397277
465.782,0.00010565766000000001
465.821,-0.00013253100000000002
465.86,-2.97048e-05
465.898,-0.0001420335
465.937,0.0001108956
465.976,4.3089299999999994e-05
466.015,0.0003524411099999
466.054,0.00019228709999999998
466.093,0.0001373076
466.132,6.973674e-05
466.171,0.00021465365999999997
466.21,7.620597e-05
466.249,0.00011414100000000002
466.288,0.00011995388999999998
466.327,-6.635619e-05
466.365,3.756438000000001e-05
466.404,-0.00016930139999999998
466.443,-0.00015028137
466.482,0.00012694439999999998
466.521,4.5333989999999996e-05
466.56,3.7519710000000014e-05
466.599,-0.0003204864
466.638,-0.0002844489
466.677,0.0001192734
466.716,-3.311970000000001e-05
466.755,0.0002793144
466.793,-0.00022695380999989998
466.832,0.00010605779999999999
466.871,0.00010580730000000002
466.91,-4.297328999999998e-05
466.949,8.68359e-05
466.988,0.000457164765
467.027,8.232846000000001e-05
467.066,-0.0002860818
467.105,-0.00025430525999999996
467.144,-0.00011854770000000001
467.183,2.5137660000000006e-05
467.221,4.554720000000003e-06
467.26,9.95715e-05
467.299,0.0001833759
467.338,0.00011939190000000003
467.377,-0.0001367037
467.416,-0.00015423498
467.455,0.00010541789999999999
467.494,0.00010327529999999997
467.533,0.00017474340000000002
467.572,0.00014645339999999998
467.611,0.0001516505999999
467.65,0.00018375477000000002
467.688,0.0001528074
467.727,-0.000303852
467.766,-0.0001391901
467.805,-0.00010585019999999998
467.844,-0.0001544399999999
467.883,0.00012247980000000002
467.922,0.00026383869
467.961,-0.00022523199
468.0,-2.7622200000000008e-05
468.039,4.984500000000013e-06
468.078,-5.56053e-05
468.116,-5.679960000000001e-05
468.155,0.00018929969999999997
468.194,-3.0476519999999993e-05
468.233,3.5889900000000003e-05
468.272,-0.0002297523899999
468.311,0.00022188147
468.35,9.111777899999998e-05
468.389,-0.0002071343999999
468.428,-6.26892e-05
468.467,-0.00029914281
468.506,3.98859e-05
468.545,7.246470000000001e-05
468.583,0.00013416570000000002
468.622,-5.9497179000000006e-05
468.661,0.00015297421290000001
468.7,-0.00024724071
468.739,1.8674549999999996e-05
468.778,-0.00012975375
468.817,-0.00047070060000000004
468.856,1.0904490000000003e-05
468.895,-0.00010240953000000001
468.934,-0.0001013643
468.973,-4.286901e-05
469.011,-5.786282999999999e-05
469.05,0.00022766856
469.089,0.00031106879999989994
469.128,-0.00028822587
469.167,0.000285666
469.206,5.9895689999999996e-05
469.245,4.8300000000004264e-08
469.284,0.00024668321999999997
469.323,6.59307e-05
469.362,-0.00017948814
469.401,0.0001258737
469.44,6.933273e-05
469.478,-0.00014068242
469.517,-1.3317900000000027e-05
469.556,-3.3366809999999994e-05
469.595,0.00019077594
469.634,0.00020102177999999999
469.673,-2.8857300000000013e-05
469.712,4.684320000000001e-05
469.751,8.609856000000001e-05
469.79,6.22737e-05
469.829,0.00021197310000000002
469.868,3.61473e-05
469.906,5.707529999999999e-05
469.945,-3.557165999999999e-05
469.984,-0.0001883132999999
470.023,8.109639000000001e-05
470.062,7.542900000000012e-06
470.101,-8.379942e-05
470.14,-3.6616679999999997e-05
470.179,-8.46339e-05
470.218,-5.8164299999999995e-05
470.257,6.742500000000001e-05
470.296,7.975515000000001e-05
470.335,-0.0002258331
470.373,-6.497913e-05
470.412,6.028469999999999e-05
470.451,0.0001310436
470.49,-0.0001143417
470.529,-0.00017634762
470.568,-0.00034917759
470.607,-1.3376190000000002e-05
470.646,0.0003433115999999
470.685,0.0002630232
470.724,-6.86187e-05
470.763,8.087940000000002e-06
470.801,6.434502000000001e-05
470.84,-8.151270000000001e-05
470.879,-0.0002272596
470.918,2.0764716e-05
470.957,0.0001600742999999
470.996,0.00022384829999999998
471.035,5.745089999999997e-06
471.074,-0.0001372524
471.113,-0.00036915635999999996
471.152,-0.00015860739
471.191,0.00021076074000000002
471.229,-0.00014714286
471.268,-0.00010774157999999998
471.307,-0.00020441768999999996
471.346,4.036538999999999e-05
471.385,-0.000141675201
471.424,-1.685958e-05
471.463,-1.6553999999999977e-06
471.502,0.00016703520000000002
471.541,-2.1293999999999993e-05
471.58,-0.00019012989000000003
471.619,-6.198092400000001e-05
471.658,3.522381e-05
471.696,3.0972000000000014e-06
471.735,-0.00012005456999999999
471.774,-0.00012561419999999998
471.813,-9.173483999999999e-05
471.852,9.692904000000002e-05
471.891,6.934199999999999e-06
471.93,4.7100660000000005e-05
471.969,1.5837270000000003e-05
472.008,-0.00014745337500000002
472.047,-0.00010835463
472.086,0.0001033443
472.124,-1.4841900000000085e-06
472.163,9.110219999999998e-05
472.202,-0.00010803042000000002
472.241,3.4984800000000004e-05
472.28,-0.000126645819
472.319,0.0001547795699999
472.358,-9.05703e-05
472.397,-8.109059999999999e-05
472.436,-9.184437000000001e-05
472.475,0.0001021641
472.514,3.632126999999999e-05
472.552,-0.00021525180000000002
472.591,-4.787819999999999e-05
472.63,-4.029149999999997e-05
472.669,-1.1596470000000005e-06
472.708,-4.558839e-05
472.747,0.0001845183
472.786,-6.024453000000001e-05
472.825,-0.0003170651999999
472.864,0.0003727743
472.903,0.0004145838
472.942,-0.00012244589999999998
472.981,0.00012406017
473.019,-0.00011443724759999997
473.058,-0.00020365323
473.097,-0.0002363316
473.136,0.00023799329999999998
473.175,-0.0002218425
473.214,-2.001471000000001e-05
473.253,2.872494e-05
473.292,-1.76181e-05
473.331,4.1638800000002587e-07
473.37,-0.00011335207200000002
473.409,-0.00010421459999999998
473.447,-0.00010850399999999999
473.486,-4.7438399999999996e-05
473.525,8.169497999999998e-05
473.564,9.93860694e-05
473.603,1.9609800000000003e-05
473.642,-3.8292270000000004e-05
473.681,0.00018380064899999998
473.72,0.00011936009999999998
473.759,-1.6134600000000006e-05
473.798,-0.0001629828
473.837,-8.97963e-05
473.876,-9.711801000000002e-05
473.914,-5.1091808999999996e-05
473.953,-1.8889979999999996e-05
473.992,-5.553516e-05
474.031,-3.7452599999999994e-05
474.07,7.418970000000001e-05
474.109,-0.0001661715
474.148,2.1381419999999993e-05
474.187,-0.0001045905
474.226,-0.00015001602000000002
474.265,-0.00026043147
474.304,-1.3519500000000066e-06
474.342,-2.1673629000000005e-05
474.381,0.0003287237999999
474.42,-8.337962999999999e-05
474.459,-0.00013301129999999998
474.498,-3.9538499999999994e-05
474.537,9.888681299999999e-05
474.576,3.7706340000000005e-05
474.615,0.00017335242
474.654,-0.00021895830000000002
474.693,-0.00016551138
474.732,0.00024698715
474.771,0.000386754
474.809,-0.00011377471500000003
474.848,-4.2191400000000004e-05
474.887,0.0002002881
474.926,0.0001390251
474.965,-8.779371000000001e-05
475.004,-0.00046515509999979997
475.043,0.00016883099999999998
475.082,-2.2144680000000004e-05
475.121,1.4442510000000002e-05
475.16,0.0001327341
475.199,-0.0001369197
475.237,0.00028098662999999997
475.276,0.00021678030000000002
475.315,5.244423000000002e-05
475.354,5.248529999999984e-06
475.393,-0.00024401729999999999
475.432,0.0001535937899999
475.471,-6.507143999999999e-05
475.51,3.579126e-05
475.549,-8.658015000000001e-05
475.588,0.00012491511000000001
475.627,-0.00021942381
475.666,-3.333489299999999e-05
475.704,0.00011882312999999999
475.743,-7.643286000000001e-05
475.782,2.6499600000000006e-05
475.821,0.0001387113
475.86,-0.00010818795
475.899,0.00021748347
475.938,0.0001601481
475.977,-0.000306204807
476.016,2.2284450000000003e-05
476.055,-0.00020436204000000004
476.094,-0.00044369795999999996
476.132,-6.775689e-05
476.171,1.1412810000000004e-05
476.21,-2.12826e-05
476.249,-0.00022311704999999996
476.288,0.00014588442
476.327,0.0002267991
476.366,-0.0001512767999999
476.405,9.019167000000001e-05
476.444,-3.5285844e-05
476.483,0.00029402489999999997
476.522,-8.168370000000003e-05
476.56,0.000252789
476.599,0.0001355595
476.638,-4.70979e-05
476.677,1.4010239999999996e-05
476.716,7.867224000000001e-05
476.755,8.258118000000001e-05
476.794,-0.00020375789999989999
476.833,2.2974299999999988e-05
476.872,-0.000120018879
476.911,8.779310999999999e-05
476.95,-0.00011930066999999999
476.989,-2.7935399999999997e-05
477.027,8.573994000000001e-05
477.066,-0.00028564485
477.105,-7.713525e-05
477.144,1.979223e-05
477.183,7.588667999999999e-05
477.222,0.0002341332
477.261,-0.00016142381999990002
477.3,6.56307e-05
477.339,4.8026550000000015e-05
477.378,0.00012589950000000002
477.417,0.00013566651
477.455,-7.513839e-05
477.494,0.00017969792999999998
477.533,0.00012789618
477.572,-0.0001546548
477.611,8.535204e-05
477.65,-0.00014585189999999996
477.689,-0.00011287023
477.728,-0.00014913551999999998
477.767,-0.00010466729999999999
477.806,-4.236852e-05
477.845,9.196140000000001e-05
477.883,4.068240000000002e-06
477.922,0.0001845366899999
477.961,0.00011344569
478.0,0.00014767160999999996
478.039,3.484529999999999e-05
478.078,-4.770089999999999e-05
478.117,0.00012664341
478.156,-9.688859999999995e-06
478.195,-0.00028401809999999996
478.234,0.0001902520499999
478.273,3.6109800000000005e-05
478.312,0.00026714385000000003
478.35,7.326420000000001e-05
478.389,0.0002930030699999
478.428,6.486030000000002e-05
478.467,-9.479331e-05
478.506,0.0003378894
478.545,-4.278708e-05
478.584,4.5426599999999996e-05
478.623,-2.3432909999999998e-05
478.662,-0.0001979772
478.701,-5.813369999999998e-05
478.74,-0.00024925530000000003
478.778,0.00015682707
478.817,4.1765400000000005e-05
478.856,2.79066e-05
478.895,-9.121022999999999e-05
478.934,-0.00016326758999990002
478.973,0.00011587014
479.012,-0.00019220070000000003
479.051,-0.00012370131
479.09,1.200458999999999e-05
479.129,0.00016302909
479.168,-0.00011619603
479.207,-0.00013486667699999998
479.245,-0.00020327766000000002
479.284,-0.00016208391
479.323,0.00012308538
479.362,0.00016648314
479.401,9.575900999999999e-05
479.44,-0.0001827534
479.479,6.2403e-05
479.518,0.00020935827
479.557,0.00015516759
479.596,-7.692681e-05
479.635,-0.0001601362799999
479.673,-4.0728e-05
479.712,-0.0001744281
479.751,-3.0197160000000007e-05
479.79,-0.0002423766
479.829,-0.00012021948000000003
479.868,5.0968524000000004e-05
479.907,6.865469999999999e-05
479.946,-0.00012235281
479.985,0.00011185205999999999
480.024,7.343346000000002e-05
480.063,4.994100000000022e-07
480.102,-1.4768489999999999e-05
480.14,7.255794e-05
480.179,0.00011484476999999997
480.218,-0.00010637805
480.257,2.02059e-05
480.296,-0.00013863394499999998
480.335,-0.00017079308999989998
480.374,-6.862530000000001e-05
480.413,0.00028651404000000003
480.452,0.00013870752
480.491,0.00020748170999999998
480.53,0.00020005851000000002
480.568,-3.655632e-05
480.607,0.00023283177
480.646,2.8264139999999995e-05
480.685,0.00010051118999999997
480.724,-0.0001283427
480.763,8.170253999999998e-05
480.802,-1.8598530000000004e-05
480.841,7.7733e-05
480.88,4.255035e-05
480.919,-0.000126500229
480.958,-3.687333000000001e-05
480.996,-0.00011904968100000001
481.035,0.0001144518
481.074,-0.00014099736
481.113,2.0249129999999994e-05
481.152,0.00012375720000000002
481.191,-2.0071829999999992e-05
481.23,6.37143e-05
481.269,4.358631e-05
481.308,1.2314129999999997e-05
481.347,-0.00010459170000000001
481.386,-3.647349e-05
481.425,0.00011406300000000001
481.463,-0.00014346834900000002
481.502,0.0001874361
481.541,0.0003047840999998
481.58,0.00011082843
481.619,-7.18023e-05
481.658,0.000172679244
481.697,3.665160000000001e-05
481.736,8.601356999999999e-05
481.775,0.00020576214000000002
481.814,0.000179151
481.853,0.0001480803
481.891,-4.689827999999999e-05
481.93,3.33135e-05
481.969,9.242621999999999e-05
482.008,9.641444999999999e-05
482.047,3.359070000000002e-05
482.086,0.00014005533540000002
482.125,0.00012217458
482.164,9.031410000000007e-06
482.203,-0.0001664480999999
482.242,-0.00018786059999999997
482.281,-1.2209099999999998e-05
482.32,1.530264e-05
482.358,4.003980000000001e-06
482.397,5.7698610000000004e-05
482.436,-0.00011655764999999997
482.475,0.00017149410000000002
482.514,0.00010391058000000001
482.553,2.309289e-05
482.592,-4.850352e-05
482.631,8.042693999999999e-05
482.67,7.855383000000001e-05
482.709,-0.00014567687999999997
482.748,0.000104402262
482.786,7.690503e-05
482.825,0.00011048040000000001
482.864,1.226508e-05
482.903,-0.00030737909999999997
482.942,0.00010513908299999998
482.981,-8.93247e-05
483.02,-0.00014293632
483.059,-3.75396e-05
483.098,0.00011873939999999999
483.137,0.000134826
483.176,9.799842e-05
483.214,0.00010854273000000002
483.253,-1.7653500000000076e-06
483.292,-0.000138038214
483.331,3.4907486999999995e-05
483.37,7.851420000000001e-05
483.409,0.00010992450000000002
483.448,-0.0001093509
483.487,-8.633067e-05
483.526,7.939386300000001e-05
483.565,4.273800000000001e-05
483.604,0.0002932434
483.643,8.255178e-05
483.681,-0.00011418599999999998
483.72,-0.00027369419999999996
483.759,-0.00022387043999999999
483.798,1.535669999999999e-05
483.837,4.2031212e-05
483.876,6.620549999999999e-05
483.915,-9.617772000000001e-05
483.954,-0.0003003614999999
483.993,0.0001880412
484.032,-9.025617000000004e-06
484.071,9.088704e-05
484.109,-0.0001355223
484.148,4.1550894e-05
484.187,-0.00016248231000000002
484.226,-9.467511000000002e-05
484.265,-0.00024337440000000003
484.304,-8.358659999999999e-06
484.343,0.00019153072799999997
484.382,-0.00013767870000000001
484.421,0.0002866566
484.46,-0.0002362173
484.499,-5.985894e-05
484.537,0.00010856667
484.576,-2.93661e-05
484.615,0.000129064929
484.654,-0.00020460456
484.693,5.637243000000001e-05
484.732,-0.000107543214
484.771,3.4810979999999994e-05
484.81,0.0001562150999999
484.849,0.00015436389
484.888,-0.0001874547
484.927,-5.088470999999999e-05
484.966,-0.0002289048599999
485.004,-1.3802700000000006e-05
485.043,7.70182137e-05
485.082,0.000182888124
485.121,8.309628000000001e-05
485.16,-0.00021751169999999998
485.199,5.950709999999999e-05
485.238,-7.307610000000002e-05
485.277,7.6062e-05
485.316,-0.00019536474000000003
485.355,2.430741e-05
485.394,-4.4498789999999994e-05
485.432,-0.00010336767000000001
485.471,0.00018043109999999997
485.51,-5.255438999999999e-05
485.549,2.454206999999999e-05
485.588,3.3865113e-05
485.627,0.00010615829999999999
485.666,-0.00012716784599999998
485.705,4.566537000000001e-05
485.744,-1.150620000000007e-06
485.783,3.7130190000000005e-05
485.822,-2.6770229999999992e-05
485.861,0.00015133275
485.899,0.0002925078
485.938,-1.1421600000000013e-05
485.977,-0.00014146914
486.016,-2.3445600000000008e-05
486.055,-7.238994000000001e-05
486.094,0.00010909739999999999
486.133,-2.1141000000000006e-05
486.172,-0.00010025460000000001
486.211,0.00024037794
486.25,3.3245670000000004e-05
486.289,5.2746149999999996e-05
486.328,6.82344e-05
486.366,-8.498813999999999e-05
486.405,-2.1560609999999995e-05
486.444,1.1527049999999997e-05
486.483,0.00010138847999999999
486.522,1.9971450000000003e-05
486.561,0.00012803309999999998
486.6,-0.00015574562999989998
486.639,-2.1468930000000002e-05
486.678,0.0002871789
486.717,-1.9608210000000004e-05
486.755,-0.0002507472599999
486.794,4.237626000000001e-05
486.833,4.1646630000000004e-05
486.872,0.00010706853
486.911,8.032229999999999e-05
486.95,-8.937933000000001e-05
486.989,6.299899799999999e-05
487.028,0.0001278228
487.067,-9.076860000000005e-06
487.106,0.00019636218000000004
487.145,9.019632e-05
487.184,5.585945999999999e-05
487.222,-0.00010580569799999998
487.261,7.701063e-05
487.3,-9.534267e-05
487.339,-3.863868000000001e-05
487.378,5.7047940000000016e-05
487.417,-0.000135048
487.456,-0.00015704249999999999
487.495,0.00012836999999999997
487.534,1.366427999999999e-05
487.573,7.37685e-05
487.612,-2.4583769999999998e-05
487.651,0.00011621001
487.689,-0.00012229215
487.728,4.567650000000002e-06
487.767,3.8059043999999996e-05
487.806,-2.6944529999999998e-05
487.845,-7.38828e-05
487.884,3.132174e-05
487.923,2.346174e-05
487.962,7.345398e-05
488.001,-5.108285999999999e-05
488.04,-3.126691500000001e-05
488.079,-0.00014828121
488.117,-2.7691799999999978e-05
488.156,-8.7901926e-05
488.195,-0.00021997359000000002
488.234,6.57828e-05
488.273,0.0003272304
488.312,5.2761144e-05
488.351,-2.117999999999999e-06
488.39,3.622917e-05
488.429,0.00010497759
488.468,-7.932627000000001e-05
488.507,-2.967903e-05
488.546,1.3076400000000013e-05
488.584,-3.3029999999999953e-06
488.623,-0.00013289421000000002
488.662,-0.00014427005999999998
488.701,-9.70749e-05
488.74,0.00013176393
488.779,2.4843630000000003e-05
488.818,-0.00015212430000000003
488.857,-0.00018040613999989997
488.896,8.869800000000004e-07
488.935,5.3232e-06
488.974,-4.0339109999999995e-05
489.012,-0.00013193297999999998
489.051,-7.490472e-05
489.09,-0.00020250351
489.129,-2.236200000000004e-06
489.168,-2.164338e-05
489.207,-3.326577e-05
489.246,-0.000126557889
489.285,0.00014453051999999998
489.324,-9.562994100000001e-05
489.363,-0.00011466528
489.402,-9.63678e-06
489.44,2.800968e-05
489.479,-6.265554e-05
489.518,1.4002020000000006e-05
489.557,-0.0002120880479999
489.596,-0.00015679098
489.635,5.589359999999995e-06
489.674,5.2160099999999995e-05
489.713,-0.00015068376
489.752,-7.378326000000001e-05
489.791,0.00020941050000000002
489.83,-3.8265660000000006e-05
489.869,-0.00013295814
489.907,-0.00022594260000000001
489.946,1.5574800000000002e-05
489.985,8.49054e-05
490.024,0.0001767432
490.063,-0.00011420937
490.102,0.00010577961
490.141,0.0001441062
490.18,-0.00026778279000000003
490.219,-0.0001929045
490.258,0.00013919760000000002
490.297,1.933107e-05
490.335,-0.00010319703000000001
490.374,1.7112450000000006e-05
490.413,4.47576e-05
490.452,-0.00013151084999999998
490.491,0.00012749099999999998
490.53,6.2259594e-06
490.569,0.00011948419799999999
490.608,-6.407049e-05
490.647,0.0001011354
490.686,4.3299300000000014e-05
490.725,1.061412e-05
490.763,0.00018897756000000004
490.802,-4.6143599999999996e-05
490.841,-3.0327089999999996e-05
490.88,0.00010282280999999999
490.919,0.00013877157
490.958,0.00013892118
490.997,-2.718371999999999e-05
491.036,7.629990000000002e-05
491.075,-8.841231e-05
491.114,2.563029e-05
491.153,3.1195469999999994e-05
491.192,-5.062965e-05
491.23,-9.4662e-05
491.269,0.00021900096
491.308,0.00010445885999999999
491.347,0.00019529355
491.386,-2.5882257e-05
491.425,-3.744749999999999e-05
491.464,4.735524e-05
491.503,0.00019957529999999998
491.542,-1.2031199999999984e-06
491.581,-9.380631e-05
491.62,7.260843000000001e-05
491.658,-3.2822400000000016e-06
491.697,0.00024016140000000002
491.736,-0.0001070352
491.775,0.00014665014
491.814,8.235512999999999e-05
491.853,7.030137e-05
491.892,8.819628000000001e-05
491.931,-7.195380000000004e-06
491.97,-3.622352999999999e-05
492.009,3.0763800000000005e-05
492.048,0.00015039192
492.087,-2.6383530000000015e-05
492.125,0.00022397637
492.164,1.6663500000000007e-05
492.203,-0.00014234196
492.242,-1.048709999999998e-06
492.281,0.00014460605999999998
492.32,3.67986e-05
492.359,0.00017511939
492.398,-0.0002608853999999
492.437,0.00012165621
492.476,-1.189964999999998e-05
492.515,-0.0001385166
492.553,4.973759999999999e-05
492.592,0.00014123253
492.631,8.41056e-05
492.67,5.5789169999999996e-05
492.709,4.619390999999999e-06
492.748,9.063e-06
492.787,1.5118349999999994e-05
492.826,1.88649e-05
492.865,8.109378e-05
492.904,1.6399649999999996e-06
492.943,8.979772799999999e-05
492.982,6.602250000000001e-05
493.02,7.953425999999999e-05
493.059,-0.00014318139
493.098,0.0001893321
493.137,4.4256600000000006e-05
493.176,-5.204202e-05
493.215,-8.415599999999999e-05
493.254,5.485080000000002e-05
493.293,-0.0001353429
493.332,1.6411619999999992e-05
493.371,-0.00010025921999999998
493.41,-8.918051999999999e-05
493.448,0.00012391410000000001
493.487,7.9279026e-05
493.526,0.00010189305
493.565,0.0001564566
493.604,8.098275000000002e-05
493.643,2.9081669999999998e-05
493.682,6.574155e-05
493.721,-5.624664000000001e-05
493.76,1.7749619999999998e-05
493.799,0.0001443981
493.838,2.6905109999999998e-05
493.876,-7.960086e-05
493.915,-3.41172e-05
493.954,2.4639930000000003e-05
493.993,5.1713100000000005e-05
494.032,6.240542999999999e-05
494.071,-6.386484000000002e-05
494.11,1.572144e-05
494.149,0.0001696768499999
494.188,-0.00022496643
494.227,-4.954710000000002e-06
494.266,2.0877659999999996e-05
494.305,1.8162459e-05
494.343,0.0001857738
494.382,3.175081500000001e-05
494.421,0.00020078643
494.46,-0.00014213781000000001
494.499,-9.242099999999997e-05
494.538,-5.51916e-06
494.577,-0.00018912498
494.616,-0.0001681836
494.655,6.667148999999999e-05
494.694,6.746349e-05
494.733,3.4316340000000005e-05
494.771,-6.00921e-05
494.81,-2.9031180000000003e-05
494.849,-0.0001585845
494.888,6.33018e-05
494.927,-7.173833999999999e-05
494.966,-0.00014096409
495.005,-8.975250000000004e-06
495.044,7.613760000000001e-05
495.083,-6.508254e-05
495.122,-7.517349000000001e-05
495.161,-3.9360299999999997e-05
495.2,-0.00010197314999999999
495.238,0.00011903705999999998
495.277,0.00015910439999989998
495.316,0.00014234148
495.355,3.287094000000001e-05
495.394,8.303933999999999e-05
495.433,-0.0002515701
495.472,4.0869e-06
495.511,-6.690168e-05
495.55,1.829337e-05
495.589,3.44991e-05
495.628,-8.649972e-05
495.667,3.79128e-05
495.705,-0.00011881146000000002
495.744,-6.026012999999999e-05
495.783,-0.00016713684
495.822,2.5348139999999998e-05
495.861,8.45175e-05
495.9,-9.5580339e-05
495.939,-6.019482e-05
495.978,-3.5686290000000004e-05
496.017,-3.694076999999999e-05
496.056,-0.00012424929
496.094,-2.887374e-05
496.133,0.0001879134599999
496.172,-1.0813572e-05
496.211,-4.71144e-05
496.25,0.00020503419000000002
496.289,-3.138153e-05
496.328,4.745784e-05
496.367,1.3910699999999989e-05
496.406,-4.9434030000000003e-05
496.445,-0.0001638607499999
496.484,6.008153999999999e-05
496.523,-0.000228084
496.561,4.286475e-05
496.6,-0.00010283306999999997
496.639,-0.00014641560000000001
496.678,-0.00019882824
496.717,-5.8369469999999995e-05
496.756,0.00011392227
496.795,0.0002086902
496.834,3.0348899999999997e-05
496.873,-2.8889999999999955e-06
496.912,0.00010474257
496.951,6.668400000000046e-07
496.99,-1.1294399999999995e-05
497.028,-3.9235560000000005e-05
497.067,-9.225579e-05
497.106,-0.0001568811
497.145,0.00016477668000000002
497.184,7.426152299999998e-05
497.223,-5.0654219999999995e-05
497.262,-0.0001505355
497.301,-6.620159999999999e-05
497.34,5.617535999999999e-05
497.379,0.0001396221
497.417,-5.395608000000005e-06
497.456,-0.0001198092
497.495,-0.00010353191999999999
497.534,2.6155950000000005e-05
497.573,6.166500000000003e-05
497.612,-5.074558200000001e-05
497.651,0.00014152571999999998
497.69,7.535442e-05
497.729,9.367199999999994e-06
497.768,-0.00018977879999999999
497.807,-7.749008999999998e-06
497.846,-8.477631000000001e-05
497.884,0.00022604730000000002
497.923,0.00011128200000000001
497.962,0.0001595445
498.001,2.6488932000000004e-05
498.04,-7.2723e-05
498.079,-7.13775e-05
498.118,7.300770000000008e-06
498.157,-9.06357e-05
498.196,0.00012008244000000002
498.235,-6.867206999999999e-05
498.274,1.4153550000000003e-05
498.312,5.1815039999999994e-05
498.351,3.163163999999999e-05
498.39,0.00011447227800000001
498.429,-0.0002346494999999
498.468,7.010370000000001e-05
498.507,6.693192e-05
498.546,0.0001056012
498.585,0.0002049504599999
498.624,-0.00013512444
498.663,0.00013289553
498.702,-8.541276e-05
498.741,4.0344029999999994e-05
498.779,8.284764e-05
498.818,-9.59982e-05
498.857,0.0002239845
498.896,7.028792999999998e-05
498.935,0.00013116258
498.974,-0.00011648090999999999
499.013,6.240789e-05
499.052,8.405970000000001e-05
499.091,3.003269999999999e-05
499.13,-0.00012100401000000001
499.169,2.360001e-05
499.208,-6.747180000000001e-05
499.246,-2.0787879000000004e-05
499.285,-6.555609e-05
499.324,0.00016378550999999997
499.363,-3.5507190000000004e-05
499.402,-1.8145499999999943e-06
499.441,5.2652681999999996e-05
499.48,-3.7611990000000004e-05
499.519,4.5762719999999996e-05
499.558,-1.4126999999999264e-07
499.597,-0.00011772741
499.635,-1.852515e-05
499.674,6.251551200000001e-05
499.713,-3.4929359999999995e-05
499.752,-0.00011753265
499.791,-3.717888000000001e-05
499.83,6.893424e-05
499.869,-4.8541650000000006e-05
499.908,-1.7479530000000091e-06
499.947,5.599431e-05
499.986,0.00011338749000000001
500.025,0.00010349115
500.064,-0.00010555134
500.102,7.824977999999999e-05
500.141,6.864831e-05
500.18,9.796938e-05
500.219,-4.579719e-05
500.258,1.5693839999999998e-05
500.297,-0.00013276825799999999
500.336,6.54291e-05
500.375,4.7560980000000006e-05
500.414,-4.2258299999999964e-06
500.453,0.00010474407
500.492,0.00019286100000000004
500.531,0.00014767167
500.569,2.2490399999999997e-05
500.608,7.700592e-05
500.647,5.5059479999999996e-05
500.686,0.00022514990999990001
500.725,-2.471109e-05
500.764,3.7672800000000016e-05
500.803,-1.908989999999999e-05
500.842,4.239255e-05
500.881,-5.0458469999999996e-05
500.92,0.00012442239
500.959,0.0001641594
500.997,-1.5864449999999997e-05
501.036,-1.0339110000000001e-05
501.075,0.00012726899999999998
501.114,-9.954516e-05
501.153,-4.9844039999999995e-05
501.192,-2.6141622e-05
501.231,2.7855839999999998e-05
501.27,-2.0635649999999993e-05
501.309,-8.558235e-05
501.348,1.7848560000000008e-05
501.387,-8.359995e-05
501.426,-6.0594000000000025e-06
501.464,7.146107999999998e-06
501.503,3.131679e-05
501.542,1.4613929999999967e-06
501.581,-2.8828109999999997e-05
501.62,-0.00017479176
501.659,6.542787e-05
501.698,-7.819169999999999e-05
501.737,-0.00019446731999999998
501.776,-1.3661999999999999e-05
501.815,6.660749999999999e-06
501.854,0.00010757870999999999
501.892,0.00010476723
501.931,6.243495000000002e-05
501.97,-0.00012399723
502.009,-5.28036e-05
502.048,2.7890129999999988e-05
502.087,6.6957927e-05
502.126,-5.39127e-05
502.165,-0.00014333139
502.204,0.0002267118
502.243,-0.00011921480999999999
502.282,-0.00013932681
502.32,-0.00012436476
502.359,-4.5283319999999995e-05
502.398,-1.8058769999999995e-05
502.437,-6.434754e-05
502.476,-1.5382050000000003e-05
502.515,-6.55941e-05
502.554,-6.737475000000002e-05
502.593,8.7043074e-05
502.632,-2.5921841700000003e-05
502.671,3.8608139999999997e-05
502.71,2.459729999999999e-05
502.749,-0.0001316799
502.787,-4.2139200000000035e-06
502.826,7.365234e-05
502.865,0.00013030845
502.904,-1.4695439999999998e-05
502.943,-4.2060270000000006e-05
502.982,-7.313639999999999e-05
503.021,9.553845e-05
503.06,2.6601480000000005e-05
503.099,-9.635736e-06
503.138,5.506707e-05
503.177,-5.702364000000002e-05
503.215,-3.9820350000000006e-05
503.254,-8.461829999999999e-05
503.293,0.0001498095
503.332,0.0002656362
503.371,-1.160775e-05
503.41,-9.420930000000001e-05
503.449,3.157674e-05
503.488,1.9925610000000005e-05
503.527,0.00013942585200000003
503.566,0.0001381959
503.605,-0.00012164144999999999
503.643,-5.213999999999947e-07
503.682,-0.00011972841
503.721,-8.136870000000001e-06
503.76,8.3336259e-05
503.799,4.752621e-05
503.838,-7.004907e-05
503.877,-6.592461900000001e-05
503.916,2.743116e-05
503.955,-6.281349e-05
503.994,-3.045807e-05
504.033,2.0162429999999997e-05
504.072,-5.638701e-05
504.11,5.65494e-06
504.149,0.00012520422
504.188,0.00017296380000000002
504.227,-4.6721999999999584e-07
504.266,0.00010433538
504.305,-1.8723059999999994e-05
504.344,-0.00016250726999989998
504.383,-4.19769e-05
504.422,6.831494999999998e-05
504.461,-9.84576e-05
504.5,-1.3612229999999997e-05
504.538,5.975001e-05
504.577,4.855770000000001e-05
504.616,-5.126823e-05
504.655,-0.0001578939
504.694,6.708138e-05
504.733,-1.3131299999999997e-06
504.772,-1.4075340000000002e-05
504.811,1.2997230000000007e-05
504.85,-0.0002154384
504.889,9.688944000000002e-05
504.928,2.498399999999949e-07
504.967,8.003019000000002e-05
505.005,-0.000186555
505.044,9.637440000000001e-05
505.083,-7.640457e-05
505.122,1.7511366e-05
505.161,0.00015766746
505.2,-0.0001892013
505.239,-0.00010765649999999998
505.278,-2.3730899999999953e-06
505.317,1.4860109999999994e-05
505.356,-5.6127809999999995e-05
505.395,9.152643e-05
505.433,-2.9120787000000012e-05
505.472,4.463355e-05
505.511,-6.5916e-05
505.55,-7.885578e-05
505.589,-1.0462949999999998e-05
505.628,7.533504e-05
505.667,0.0001543182
505.706,-2.353062e-05
505.745,8.263461000000001e-05
505.784,-0.0001641321
505.823,-9.904034790000001e-05
505.862,-2.244528e-05
505.9,-1.7772839999999996e-05
505.939,-1.4758938000000001e-05
505.978,7.82052e-05
506.017,2.0082450000000003e-05
506.056,-6.1020420000000004e-05
506.095,6.6170631e-05
506.134,5.261271e-05
506.173,0.00013045673999999998
506.212,-1.3624848000000002e-05
506.251,0.00010927268999999999
506.29,-6.164211e-05
506.328,-7.688562e-05
506.367,-2.9299139999999988e-05
506.406,-2.8185689999999996e-05
506.445,0.0001267839
506.484,-6.434736e-05
506.523,-1.874229e-05
506.562,-0.00018372651000000002
506.601,4.446885e-05
506.64,-1.826313e-05
506.679,1.1028989999999998e-05
506.718,-1.0855169999999997e-05
506.756,0.0001677882
506.795,-4.574409e-05
506.834,-5.382048e-05
506.873,-6.346322999999999e-05
506.912,7.610435999999999e-05
506.951,-0.00012400515
506.99,-6.520665e-05
507.029,9.291048000000001e-05
507.068,0.00010307280000000001
507.107,6.837812999999998e-05
507.146,4.591227e-05
507.185,-6.02253e-05
507.223,0.00012402009000000001
507.262,6.756864000000002e-05
507.301,-2.9658660000000005e-05
507.34,1.055784e-05
507.379,-9.057690000000006e-06
507.418,4.378350000000001e-05
507.457,-0.00016818750000000002
507.496,5.8189469999999994e-05
507.535,-3.465207000000001e-05
507.574,4.419000000000003e-06
507.613,-0.00010013256000000001
507.651,1.49148e-05
507.69,-4.524084e-05
507.729,-6.309981e-05
507.768,-8.862060000000002e-05
507.807,-7.58655e-05
507.846,-6.4064085e-05
507.885,0.00010149348
507.924,1.781406e-05
507.963,-2.12101608e-05
508.002,8.100497999999999e-05
508.041,4.2675414000000006e-05
508.08,-1.4627040000000005e-05
508.118,-9.84858126e-05
508.157,0.00011994828000000002
508.196,3.7560108e-05
508.235,-0.0001791954
508.274,-7.015560000000001e-05
508.313,2.2442400000000007e-06
508.352,7.716813e-05
508.391,-2.6698199999999983e-06
508.43,-9.796011000000001e-05
508.469,-6.305757000000002e-05
508.508,2.0580953999999992e-05
508.547,0.00010112913
508.585,-9.0056577e-05
508.624,0.00010119861
508.663,-0.00016464129
508.702,4.144661999999999e-05
508.741,7.6470663e-05
508.78,-1.182229500000001e-06
508.819,5.275556999999999e-05
508.858,1.3077660000000006e-05
508.897,0.00011724401999999999
508.936,7.575171000000001e-05
508.974,8.0875407e-05
509.013,-3.598839e-05
509.052,-1.9949484000000002e-05
509.091,-7.954689000000001e-05
509.13,3.387576e-05
509.169,-2.78046e-05
509.208,4.1880051e-05
509.247,8.174826e-05
509.286,-1.2925352999999998e-05
509.325,8.959110000000001e-06
509.364,7.781667e-05
509.403,-3.1032000000000756e-07
509.441,0.00019450290000000002
509.48,6.884529e-05
509.519,4.36059e-05
509.558,0.00014592986999999998
509.597,2.728385999999999e-05
509.636,-1.1112105599999998e-05
509.675,-4.287549e-05
509.714,-6.156162e-05
509.753,0.00012192021
509.792,-0.0001323621
509.831,-1.6137810000000004e-05
509.87,5.8341240000000006e-05
509.908,7.1240079e-05
509.947,2.051592e-05
509.986,-4.0237799999999996e-05
510.025,0.00020841509999999997
510.064,-5.141193e-05
510.103,-6.856152e-05
510.142,2.078508e-05
510.181,1.1275110000000007e-06
510.22,7.78317e-05
510.259,7.138224e-05
510.297,8.666129999999999e-06
510.336,-0.00010337849999999999
510.375,-2.405736e-05
510.414,7.964511000000001e-05
510.453,-1.2605100000000007e-06
510.492,1.500798e-05
510.531,-3.519942e-05
510.57,-1.1292330000000002e-05
510.609,2.2048499999999997e-05
510.648,-2.58498e-05
510.687,-6.984297e-05
510.726,5.640030000000001e-05
510.764,5.569590000000001e-05
510.803,-0.0001984562999999
510.842,-5.077825980000001e-05
510.881,2.1783000000000618e-07
510.92,8.239404e-05
510.959,-3.0335432999999998e-05
510.998,-9.31869e-06
511.037,2.9477502000000016e-05
511.076,0.00012660669
511.115,-1.063701e-05
511.154,-2.7752279999999997e-05
511.193,-5.781853500000001e-05
511.231,-9.424811999999999e-05
511.27,-0.00012530564999999999
511.309,-5.627855999999999e-05
511.348,5.053224e-05
511.387,0.00018968369999989998
511.426,-5.78489106e-05
511.465,-2.644722e-05
511.504,-9.745295999999999e-05
511.543,-7.148429999999999e-05
511.582,-0.00010851897000000001
511.621,5.471364000000001e-05
511.659,3.1667370000000006e-05
511.698,-4.2409920000000003e-05
511.737,-4.0038000000000005e-05
511.776,4.631282999999999e-05
511.815,-1.4008200000000016e-06
511.854,3.3815370000000006e-05
511.893,-4.121240999999999e-05
511.932,5.5336973399999995e-05
511.971,-2.6149709999999995e-05
512.01,6.7131075e-05
512.049,-9.848844e-05
512.088,4.0275600000000004e-05
512.126,-3.354777e-05
512.165,6.600154500000001e-05
512.204,6.619160999999999e-05
512.243,6.155859000000001e-05
512.282,-6.101879999999995e-06
512.321,-5.339271e-05
512.36,-1.9579320000000006e-05
512.399,-1.2157200000000006e-06
512.438,-7.271940000000002e-06
512.477,5.501039999999999e-05
512.516,1.1080440000000003e-05
512.554,-2.1774119999999993e-05
512.593,0.000144986115
512.632,0.00015354909000000002
512.671,3.8519757e-05
512.71,-5.844929999999999e-06
512.749,4.027299e-05
512.788,8.308940999999999e-05
512.827,9.739731e-05
512.866,5.30799e-05
512.905,0.00012864192000000001
512.944,0.00015765558
512.982,2.4093630000000005e-05
513.021,-7.608368999999999e-05
513.06,-3.310067999999999e-05
513.099,-0.00010501653
513.138,-6.933390000000002e-05
513.177,-5.26842e-05
513.216,0.00010460313
513.255,1.1489489999999998e-05
513.294,-5.148663e-05
513.333,3.9685110000000005e-05
513.372,-9.061146e-05
513.411,-5.934567e-05
513.449,-0.00010449771000000001
513.488,8.8015446e-05
513.527,8.942369999999999e-06
513.566,-9.647460000000001e-06
513.605,7.6453131e-05
513.644,3.1807199999999996e-06
513.683,3.61908e-05
513.722,-3.137643e-05
513.761,2.474007e-05
513.8,1.3931880000000002e-05
513.839,7.528419000000002e-05
513.877,3.5442989999999965e-06
513.916,8.919038999999999e-05
513.955,1.5886799999999992e-06
513.994,-4.61898e-05
514.033,-4.400163e-05
514.072,5.0921571e-05
514.111,-9.391467e-05
514.15,3.3649200000000007e-06
514.189,8.666402999999998e-05
514.228,-6.192795e-05
514.267,1.1163000000000001e-05
514.306,3.5976837e-05
514.344,-7.268523e-05
514.383,-1.3189149e-05
514.422,-4.152549000000001e-05
514.461,-4.8720623999999995e-05
514.5,2.056500000000006e-06
514.539,1.3270770000000001e-05
514.578,-3.778605e-05
514.617,4.855809e-05
514.656,-1.88979e-05
514.695,8.119184699999999e-05
514.734,3.567618e-05
514.772,-3.1371119999999997e-05
514.811,5.1588179999999994e-05
514.85,4.8977610000000004e-05
514.889,-3.9857793000000004e-05
514.928,6.4293423e-05
514.967,-2.3447700000000003e-05
515.006,3.377670000000001e-05
515.045,2.4047969999999995e-05
515.084,0.00011546013
515.123,1.0640249999999997e-05
515.162,7.443989999999999e-05
515.201,-7.786109999999999e-05
515.239,9.30882e-06
515.278,3.641061e-05
515.317,1.975173e-05
515.356,5.6559000000000005e-05
515.395,1.671345e-05
515.434,-2.2098561000000006e-05
515.473,-4.9137720000000004e-05
515.512,-0.00011192546999999999
515.551,3.2194200000000004e-05
515.59,-4.032117000000001e-05
515.629,6.458163e-05
515.667,-4.2467310000000007e-05
515.706,2.1321389999999998e-05
515.745,3.2195249999999996e-05
515.784,0.00011429699999999998
515.823,7.585427999999999e-05
515.862,2.7399630000000003e-05
515.901,6.313365000000001e-05
515.94,2.7647460000000007e-05
515.979,5.572476599999999e-05
516.018,9.610902e-05
516.057,7.01560101e-05
516.095,2.628612e-05
516.134,-1.8836039999999997e-05
516.173,-5.3926409999999986e-05
516.212,2.733288000000001e-05
516.251,-8.789021999999999e-05
516.29,-4.1043945e-05
516.329,3.7743756e-05
516.368,-0.00016837124999990002
516.407,-3.9870608999999995e-05
516.446,0.00012824535000000001
516.485,5.4271443e-05
516.523,-7.870026e-05
516.562,4.12182e-05
516.601,-0.00011407013999999997
516.64,-3.9616499999999996e-05
516.679,6.0807299999999996e-05
516.718,9.353148e-05
516.757,-1.1654250000000001e-05
516.796,6.989869499999999e-05
516.835,-8.593172999999999e-06
516.874,0.00012788148
516.913,-1.9906289999999995e-05
516.952,7.234956e-05
516.99,-2.610789e-05
517.029,-4.8148233e-05
517.068,-6.94865958e-05
517.107,-5.470647e-05
517.146,6.628917e-05
517.185,4.636077000000001e-05
517.224,-5.9999070000000004e-05
517.263,-4.5385019999999995e-05
517.302,2.970960000000008e-07
517.341,-3.9034650000000004e-05
517.38,-2.875799999999999e-06
517.418,-4.3898819999999995e-05
517.457,2.9523690000000003e-05
517.496,-5.0532e-05
517.535,-9.137417499899999e-05
517.574,-5.911904099999999e-05
517.613,6.0762089999999985e-05
517.652,-5.842065000000001e-06
517.691,0.00010060631999999999
517.73,-0.000115662
517.769,8.6984364e-05
517.808,-3.24081e-05
517.847,4.022184e-05
517.885,-4.1976492000000005e-05
517.924,-1.4170559999999993e-05
517.963,6.596220000000003e-06
518.002,4.580673e-05
518.041,4.3479599999999996e-05
518.08,1.9521930000000002e-05
518.119,-8.27583e-05
518.158,6.187461e-05
518.197,-7.783671000000001e-05
518.236,-1.3588140000000006e-05
518.275,-4.0527599999999995e-05
518.313,3.593247e-05
518.352,3.5667030000000005e-05
518.391,5.73310302e-05
518.43,2.162097e-05
518.469,-8.237549999999995e-06
518.508,2.6422079999999998e-05
518.547,-2.430435e-05
518.586,1.776435e-05
518.625,6.40149e-05
518.664,-1.8112568999999995e-05
518.703,-0.00012221729999999998
518.742,5.866890000000001e-06
518.78,2.2003349999999997e-05
518.819,1.2254073e-05
518.858,7.552158000000001e-05
518.897,-1.1927699999999986e-07
518.936,-7.553820000000002e-06
518.975,5.658405599999999e-05
519.014,1.979142e-05
519.053,6.78846e-05
519.092,-5.016756000000001e-05
519.131,8.824280999999999e-05
519.17,-1.2666270000000002e-05
519.208,5.8529250000000005e-05
519.247,3.91377e-05
519.286,-1.0148523000000002e-05
519.325,5.99401239e-05
519.364,-1.4683649999999998e-05
519.403,0.00010109685000000001
519.442,-0.000142956
519.481,-2.0256959999999997e-05
519.52,4.102472399999999e-05
519.559,5.267241300000001e-05
519.598,5.479662e-05
519.636,-6.297929999999999e-06
519.675,-4.668846e-05
519.714,-7.039662000000001e-05
519.753,-3.46251e-05
519.792,5.131275e-05
519.831,1.5758222999999997e-05
519.87,-6.594473999999999e-05
519.909,9.710499000000001e-05
519.948,1.0980084e-05
519.987,-5.3726429999999996e-05
520.026,-1.189902e-05
520.065,1.844442e-05
520.103,-4.0470899999999965e-06
520.142,2.706510000000001e-06
520.181,-6.286155e-05
520.22,1.5424079999999995e-05
520.259,-3.3741240000000004e-05
520.298,6.182069999999999e-06
520.337,-9.899709000000001e-05
520.376,3.712539e-05
520.415,9.882446999999999e-06
520.454,8.261211e-05
520.493,0.00010367019
520.531,6.726000000000035e-08
520.57,3.5948043e-05
520.609,-9.649785e-06
520.648,4.776507000000001e-05
520.687,5.8989000000000055e-06
520.726,-4.898490000000001e-06
520.765,0.00016741007999999998
520.804,7.39566e-05
520.843,-3.8550720000000005e-05
520.882,-1.9903104e-05
520.921,-5.3344829999999986e-05
520.96,0.0001656465
520.998,0.00010308834000000001
521.037,1.401492e-05
521.076,-4.0730366999999995e-05
521.115,-2.0476380000000008e-05
521.154,-3.821639999999997e-06
521.193,4.192992e-05
521.232,7.937259e-05
521.271,7.414623e-05
521.31,3.3921839999999994e-05
521.349,0.00010985061
521.388,1.64739e-05
521.427,-4.458659999999999e-05
521.465,-4.372560000000002e-06
521.504,5.8463219999999994e-05
521.543,0.00011648144100000001
521.582,1.876776e-05
521.621,-6.213138e-05
521.66,-7.672104e-05
521.699,8.226875999999998e-06
521.738,-4.058937e-05
521.777,-0.00014268632999999998
521.816,-4.9834949999999996e-05
521.854,4.5638700000000035e-06
521.893,-3.5390099999999998e-06
521.932,6.310578000000001e-05
521.971,-3.3597417e-05
522.01,3.8002049999999996e-05
522.049,8.594880000000003e-06
522.088,3.194399999999999e-05
522.127,-1.9163598000000002e-05
522.166,-7.955246999999999e-05
522.205,3.868137e-05
522.244,-2.125416e-05
522.283,3.337442999999999e-05
522.321,4.913169e-05
522.36,-5.9939930999999997e-05
522.399,2.2177154999999995e-05
522.438,1.1208045000000002e-05
522.477,-3.933792e-05
522.516,-8.843616e-05
522.555,4.765191e-05
522.594,7.617330000000001e-05
522.633,-8.807076000000001e-05
522.672,-1.7146383e-05
522.711,4.898285999999999e-05
522.75,7.2458880000000034e-06
522.788,5.0697089999999985e-05
522.827,-9.450693e-05
522.866,-9.863568e-05
522.905,2.5940730000000003e-05
522.944,8.500206e-06
522.983,-6.57276e-05
523.022,-9.777294e-05
523.061,6.501798e-05
523.1,6.459249e-05
523.139,0.0001938798
523.177,0.00011213192999999998
523.216,-9.854039999999999e-06
523.255,0.000192012
523.294,1.9901040000000004e-05
523.333,1.78156248e-05
523.372,8.321487e-05
523.411,2.572545e-05
523.45,2.0404529999999993e-05
523.489,1.3383159e-05
523.528,4.006494e-05
523.567,-7.86165e-05
523.606,6.404160000000001e-06
523.644,3.533646e-05
523.683,9.227429999999996e-06
523.722,2.6780088000000002e-05
523.761,6.385799999999998e-05
523.8,3.678624e-05
523.839,-6.845490000000001e-05
523.878,1.196220000000001e-06
523.917,6.694293e-05
523.956,9.575369999999998e-05
523.995,3.584004000000001e-05
524.034,2.9028900000000003e-05
524.073,8.129688e-05
524.111,0.00010618850999999999
524.15,-6.349455e-05
524.189,8.896109999999998e-06
524.228,-2.846106e-05
524.267,-2.948598e-05
524.306,9.42948e-06
524.345,-6.753032999999998e-06
524.384,2.5211640000000007e-05
524.423,5.9435820000000006e-05
524.462,2.6001539999999998e-05
524.501,-9.041879999999998e-06
524.539,3.7509623999999996e-05
524.578,1.340193e-05
524.617,2.461557e-05
524.656,-2.9178929999999998e-05
524.695,4.3007727e-05
524.734,-4.9937459999999985e-05
524.773,1.329048e-05
524.812,-7.865340000000001e-05
524.851,-5.5818989999999995e-05
524.89,1.737261e-05
524.929,-3.395034000000001e-05
524.968,-2.234559000000001e-05
525.006,6.964439099999998e-05
525.045,-1.011630000000001e-06
525.084,5.594970000000001e-06
525.123,-1.2206369999999998e-05
525.162,1.736457e-05
525.201,-3.993117e-05
525.24,-1.9749087e-05
525.279,2.3561400000000013e-06
525.318,-6.992532e-05
525.357,1.2617588999999997e-05
525.396,-8.002446e-05
525.434,5.499959999999999e-06
525.473,9.668120999999999e-05
525.512,8.692962e-05
525.551,6.755880000000001e-05
525.59,-3.256563e-05
525.629,2.726922e-05
525.668,1.269471e-05
525.707,9.608457e-05
525.746,6.098808e-05
525.785,-1.723458e-05
525.824,8.9154987e-05
525.862,-4.9459500000000005e-06
525.901,-1.8390533999999992e-05
525.94,6.307591799999999e-05
525.979,2.6487330000000002e-05
526.018,-0.00010846103999999999
526.057,1.2186600000000055e-06
526.096,-3.942468e-05
526.135,-4.639122000000001e-06
526.174,-6.6777000000000005e-06
526.213,3.496842e-05
526.252,3.7556339999999994e-05
526.291,-0.00012053442
526.329,3.4887180000000006e-05
526.368,-6.5315952e-05
526.407,2.3478299999999995e-05
526.446,2.7757260000000003e-05
526.485,7.879875e-05
526.524,2.7311789999999998e-05
526.563,-6.466371e-05
526.602,-2.3506200000000002e-05
526.641,4.3323780000000006e-05
526.68,-1.7961749999999998e-05
526.719,1.071012e-05
526.757,-1.6938780000000003e-05
526.796,4.248555000000001e-05
526.835,-1.95915e-05
526.874,1.997091e-05
526.913,1.8066279000000003e-05
526.952,2.1150809999999995e-05
526.991,2.388455999999999e-06
527.03,7.326321000000001e-05
527.069,-4.2964919999999994e-05
527.108,0.0001261002
527.147,-8.482665e-05
527.186,1.0486830000000001e-05
527.224,-1.9937922e-05
527.263,-6.227967e-05
527.302,-7.534623e-05
527.341,6.03036e-05
527.38,3.479850000000002e-06
527.419,5.488439999999996e-06
527.458,-3.057951e-05
527.497,-6.000678e-05
527.536,-1.0763999999999987e-05
527.575,3.216242999999999e-05
527.614,6.619889999999999e-06
527.652,2.4222546000000003e-05
527.691,5.083318805999999e-05
527.73,6.857016000000001e-05
527.769,-3.173373e-05
527.808,-7.623993000000001e-05
527.847,-6.528698999999999e-05
527.886,-5.146740000000001e-06
527.925,-4.380852e-05
527.964,1.2697500000000013e-06
528.003,-1.7793150000000008e-05
528.042,2.4972899999999957e-06
528.08,2.7674100000000003e-05
528.119,3.1235313000000005e-05
528.158,-3.346839e-05
528.197,3.9536610000000004e-05
528.236,4.581762000000001e-05
528.275,3.862755e-05
528.314,5.9241359999999996e-05
528.353,-2.229756e-05
528.392,2.993610000000001e-05
528.431,-2.8756842000000004e-05
528.47,-6.571500000000001e-06
528.509,8.971770000000002e-06
528.547,-4.30977e-06
528.586,4.9056939e-05
528.625,-1.6955015999999997e-05
528.664,-4.1676509999999994e-05
528.703,6.039300000000003e-06
528.742,3.258435e-05
528.781,5.9722781999999994e-05
528.82,1.346502e-05
528.859,8.76498e-05
528.898,8.482874999999999e-05
528.937,-2.112918e-05
528.975,2.3616255000000003e-05
529.014,6.017718e-05
529.053,2.122106700000001e-05
529.092,2.0221139999999998e-05
529.131,-7.337700000000003e-06
529.17,4.72650162e-05
529.209,6.307944000000001e-05
529.248,8.1174e-06
529.287,-4.135695000000001e-05
529.326,1.49901261e-05
529.365,-1.325652e-05
529.404,1.951107e-05
529.442,4.082235e-05
529.481,-4.785015e-05
529.52,-3.301653e-05
529.559,8.908740000000004e-06
529.598,2.4464208e-05
529.637,8.90805e-06
529.676,3.642723e-05
529.715,1.0251300000000001e-05
529.754,-4.471499999999996e-07
529.793,-3.217128e-05
529.832,5.835066e-05
529.87,1.3122900000000006e-05
529.909,-3.700395e-05
529.948,-2.851131e-05
529.987,-5.072354999999999e-05
530.026,5.4823548000000006e-05
530.065,-2.4298739999999998e-05
530.104,4.307487e-05
530.143,5.3784617999999996e-05
530.182,-5.6604510000000004e-05
530.221,-9.1349277e-05
530.26,-3.728745e-05
530.298,5.7339855e-05
530.337,3.687672e-05
530.376,7.681503e-05
530.415,4.0394819999999996e-05
530.454,-4.120727999999999e-05
530.493,-2.3508299999999983e-06
530.532,-4.5199935e-05
530.571,-7.11804e-06
530.61,1.0687499999999989e-06
530.649,2.9271929999999995e-05
530.688,-7.9331154e-05
530.727,-2.197071e-05
530.765,1.655358e-05
530.804,9.091559999999998e-06
530.843,6.1124811e-05
530.882,-5.333487000000002e-06
530.921,1.9880358e-05
530.96,6.255828899999999e-05
530.999,-4.199268e-05
531.038,3.5199156e-05
531.077,-7.650872999999999e-05
531.116,-5.066036999999999e-06
531.155,-3.8506779e-05
531.193,2.192145e-05
531.232,-3.779049299999999e-05
531.271,3.362279999999999e-05
531.31,-3.129213e-05
531.349,3.0924042e-05
531.388,6.902489999999997e-06
531.427,1.3183260000000004e-05
531.466,4.158717e-05
531.505,2.8024590000000002e-05
531.544,-1.9979699999999994e-05
531.583,1.44546e-05
531.622,3.230760000000001e-05
531.66,-9.845289000000002e-06
531.699,-9.655713e-05
531.738,-7.426134e-05
531.777,1.7365560000000003e-05
531.816,5.0333189999999994e-05
531.855,7.911555e-05
531.894,6.188730000000002e-06
531.933,-7.29996e-05
531.972,-5.449979999999995e-07
532.011,8.128611e-06
532.05,3.1096499999999996e-05
532.089,1.256802e-05
532.127,-8.225131800000001e-06
532.166,4.4533902e-05
532.205,-5.058116399999999e-05
532.244,-3.682239e-05
532.283,1.173603e-05
532.322,1.2456780000000004e-05
532.361,1.2502379999999998e-05
532.4,1.8129780000000002e-05
532.439,2.3197949999999997e-05
532.478,-1.2691050000000001e-05
532.516,2.4249300000000032e-06
532.555,-4.312379999999996e-06
532.594,6.866019e-05
532.633,2.46516e-05
532.672,-3.354132e-05
532.711,-3.3353298e-05
532.75,-1.999260000000002e-06
532.789,-3.745980000000003e-06
532.828,5.616392700000001e-05
532.867,-6.31566e-06
532.906,0.00013491272999999998
532.945,-6.3403319999999984e-06
532.983,-5.2475075999999996e-05
533.022,-6.522392999999999e-05
533.061,6.395004e-05
533.1,4.0288380000000035e-06
533.139,-1.428288e-05
533.178,-0.0001004964
533.217,-2.39322e-05
533.256,-2.8803959999999986e-06
533.295,5.959866e-05
533.334,-3.21525e-05
533.373,5.2600329000000005e-05
533.411,4.14912e-05
533.45,-2.5615860000000004e-05
533.489,2.828106e-05
533.528,-1.175178e-05
533.567,2.3770500000000004e-06
533.606,2.671551e-05
533.645,3.804489e-05
533.684,1.6464269999999995e-05
533.723,2.3645784000000003e-05
533.762,-2.612598e-05
533.801,-3.5866560000000004e-05
533.84,2.552454e-05
533.878,2.13726e-05
533.917,2.3755589999999996e-05
533.956,-1.4196449999999997e-05
533.995,-4.582349999999995e-06
534.034,4.027350000000001e-05
534.073,5.1605249999999995e-05
534.112,4.6632300000000004e-05
534.151,1.0645490999999997e-05
534.19,-3.274161e-05
534.229,4.793538e-05
534.268,-5.2729559999999995e-05
534.306,-4.5980307e-05
534.345,-6.406173e-05
534.384,-1.1544449999999994e-05
534.423,-3.0181859999999994e-05
534.462,-7.361931000000001e-05
534.501,-1.7956791e-05
534.54,4.47291e-06
534.579,-5.50617e-05
534.618,-1.798323e-05
534.657,-1.569423000000001e-05
534.696,3.6753270000000004e-05
534.734,-7.169361000000001e-05
534.773,-2.6395461e-05
534.812,-6.084105e-05
534.851,9.470628e-05
534.89,-4.657950000000001e-05
534.929,4.520145e-05
534.968,4.3352040000000004e-05
535.007,1.708428e-05
535.046,2.9100329999999995e-05
535.085,-2.8720409999999998e-05
535.124,-4.660776000000001e-05
535.163,7.1643e-05
535.201,7.261805999999999e-05
535.24,4.455372e-05
535.279,2.6311050000000003e-05
535.318,6.879200999999999e-05
535.357,-2.7085029599999998e-05
535.396,1.1484840000000002e-05
535.435,7.777218e-05
535.474,-0.00011159082
535.513,3.9441059999999995e-05
535.552,7.751828700000002e-05
535.591,3.6049614e-05
535.63,9.305499000000001e-05
535.668,-2.128311e-05
535.707,1.998771e-05
535.746,-8.532576e-06
535.785,-5.3596380000000006e-05
535.824,-8.9064681e-05
535.863,8.8908e-06
535.902,0.00010770300000000001
535.941,-5.612190000000003e-06
535.98,-4.790591999999999e-05
536.019,2.221599e-05
536.057,4.0655733e-05
536.096,-1.6704042899999997e-05
536.135,2.394105e-05
536.174,4.7998110000000005e-05
536.213,4.418339999999997e-06
536.252,1.090739999999999e-06
536.291,1.955202e-05
536.33,2.918184e-05
536.369,-1.184244e-05
536.408,1.739892e-05
536.447,-2.7445709999999998e-05
536.486,-7.54488e-06
536.524,9.074190000000001e-06
536.563,2.229729e-05
536.602,-4.7999084399999995e-05
536.641,5.279805e-05
536.68,6.670122e-05
536.719,3.510414e-05
536.758,2.6457900000000007e-06
536.797,-2.0924009999999996e-05
536.836,3.61726119e-05
536.875,6.122190000000008e-06
536.914,2.774499e-05
536.953,-3.85593e-05
536.991,9.31917e-05
537.03,-2.1802499999999996e-06
537.069,8.993520000000004e-06
537.108,2.731758e-05
537.147,5.905200000000007e-07
537.186,3.915285e-05
537.225,-2.30598e-05
537.264,-8.559299999999994e-06
537.303,3.177120000000002e-06
537.342,-3.8228909999999996e-05
537.381,-5.723127e-05
537.419,-1.9477461e-05
537.458,2.9182619999999995e-05
537.497,4.693959000000001e-06
537.536,-3.0977549999999996e-05
537.575,1.59192e-05
537.614,-3.4900500000000014e-06
537.653,-1.4117550000000002e-05
537.692,-2.7877176000000002e-05
537.731,-2.5866507e-05
537.77,2.32819104e-05
537.809,2.170824e-05
537.848,-5.2562400000000025e-06
537.886,4.0490999999999787e-07
537.925,-3.0822168e-05
537.964,-5.9557421999999993e-05
538.003,2.128539e-05
538.042,2.386229999999997e-06
538.081,2.6779409999999997e-05
538.12,-1.8764099999999917e-06
538.159,5.872554e-05
538.198,-2.259273e-05
538.237,1.591023e-05
538.276,0.000110394777
538.314,-2.4616770000000002e-05
538.353,2.7791640000000006e-05
538.392,2.9942489999999996e-05
538.431,-4.9344419999999996e-05
538.47,-1.1348400000000001e-05
538.509,3.337631999999999e-05
538.548,4.8133620000000004e-05
538.587,3.42504e-05
538.626,6.938100000000002e-06
538.665,2.305896e-05
538.704,6.010149e-05
538.742,4.5282408e-05
538.781,-5.138175e-05
538.82,2.9020320000000005e-05
538.859,-6.0258081e-05
538.898,-8.298164999999999e-06
538.937,4.2589350000000006e-05
538.976,-7.198199999999998e-06
539.015,-3.3950880000000006e-05
539.054,4.38801e-05
539.093,4.5621675e-05
539.132,3.738639e-05
539.171,-5.6397753e-05
539.209,-2.5491539999999998e-05
539.248,-1.542495e-05
539.287,-2.1210749999999997e-05
539.326,2.2364523e-05
539.365,-1.8459990000000002e-05
539.404,-2.3908140000000002e-05
539.443,-1.1504519999999998e-05
539.482,1.5875511e-05
539.521,5.622437999999999e-05
539.56,-2.3781630000000005e-05
539.599,-2.321775e-05
539.637,1.9122120000000003e-05
539.676,3.490188e-05
539.715,2.7112319999999996e-05
539.754,2.7461535000000004e-05
539.793,-7.95711e-06
539.832,2.5860749999999995e-05
539.871,1.680852e-05
539.91,-8.017995e-05
539.949,6.098145e-05
539.988,7.429325999999999e-05
540.027,-2.948910000000001e-06
540.066,-1.92609e-05
540.104,-3.284031e-05
540.143,3.709881e-05
540.182,1.3651499999999976e-06
540.221,7.171168800000001e-05
540.26,6.031233e-05
540.299,-2.9423700000000055e-06
540.338,-3.6171900000000017e-06
540.377,2.593764e-05
540.416,-2.8742009999999998e-05
540.455,-2.747816999999999e-06
540.494,1.01637e-05
540.532,1.8471810000000002e-05
540.571,-1.4388030000000004e-05
540.61,4.3375122e-05
540.649,-3.912537000000001e-05
540.688,6.119874000000002e-05
540.727,-3.288543e-05
540.766,-4.181859e-05
540.805,3.9389639999999996e-05
540.844,5.502576e-05
540.883,-2.441975999999999e-05
540.922,1.845513e-05
540.96,8.60094e-06
540.999,2.4129603000000005e-05
541.038,5.7253668e-05
541.077,2.8065359999999998e-05
541.116,-1.2290820000000002e-05
541.155,0.00010074288000000001
541.194,5.483760000000001e-06
541.233,1.5431699999999997e-05
541.272,1.9273619999999996e-05
541.311,-2.647581e-05
541.35,6.258239999999998e-06
541.389,4.61751e-06
541.427,1.087005e-05
541.466,3.7269081e-05
541.505,1.4478609e-05
541.544,-2.5116117e-05
541.583,-5.461230000000002e-06
541.622,-4.8823781999999996e-05
541.661,-2.1411899999999967e-06
541.7,-3.243189e-05
541.739,3.989862e-05
541.778,4.102122e-05
541.817,1.588242e-05
541.855,8.803674e-06
541.894,3.121599569999999e-05
541.933,3.2453382e-05
541.972,-5.179674000000001e-06
542.011,-1.2429150000000003e-05
542.05,6.248429999999999e-06
542.089,-5.434097999999999e-06
542.128,-3.4662243e-05
542.167,-1.4292779999999998e-05
542.206,4.13796e-06
542.245,-9.331800000000001e-06
542.284,-5.283119999999998e-06
542.322,-3.90144e-06
542.361,-1.737717e-05
542.4,-9.799619999999998e-06
542.439,1.4896995e-05
542.478,7.71610224e-06
542.517,-2.8998192e-05
542.556,6.006960000000003e-06
542.595,-1.8002816699999998e-05
542.634,3.84747e-05
542.673,2.071104e-05
542.712,2.0475539999999997e-05
542.75,1.1814300000000002e-06
542.789,2.861580000000001e-06
542.828,-5.6978099999999996e-05
542.867,-1.1339094e-05
542.906,2.4248580000000002e-05
542.945,2.626827e-05
542.984,1.4540700000000001e-05
543.023,1.4546730000000001e-05
543.062,-3.1268180999999995e-05
543.101,5.7199529999999995e-05
543.14,-5.4776100000000006e-06
543.178,1.3444230000000001e-05
543.217,-2.768376e-05
543.256,1.4699700000000001e-05
543.295,-1.2213389999999998e-05
543.334,2.8204230000000002e-05
543.373,1.7892693e-05
543.412,-1.0092372000000002e-05
543.451,6.560622e-05
543.49,-3.4055159999999996e-05
543.529,-2.4733571999999997e-05
543.568,2.0717220000000007e-05
543.607,-2.3894445e-05
543.645,-4.211042999999999e-05
543.684,1.4203641000000003e-05
543.723,5.0965590000000005e-05
543.762,1.2850830000000004e-05
543.801,3.871773e-06
543.84,9.37698e-06
543.879,-1.1659200000000011e-06
543.918,2.65395e-05
543.957,6.312744e-05
543.996,-1.4449488000000002e-05
544.035,3.6780213000000006e-05
544.073,3.4026809999999993e-06
544.112,-3.57267e-06
544.151,-5.986379999999998e-06
544.19,4.1143500000000003e-05
544.229,-3.7979420999999995e-05
544.268,2.260287e-05
544.307,-6.4895043e-05
544.346,-8.14383e-06
544.385,4.699652999999999e-05
544.424,-6.143132999999999e-06
544.463,-9.389802000000002e-06
544.502,-4.3093382999999997e-05
544.54,-1.274643e-05
544.579,-3.750018e-05
544.618,-1.4736390000000001e-05
544.657,-2.3869379999999997e-05
544.696,2.3275004999999997e-05
544.735,-2.666331e-05
544.774,1.6009830000000006e-05
544.813,-6.8661300000000015e-06
544.852,-1.3578060000000004e-05
544.891,-1.1867301e-05
544.93,4.1812117500000004e-05
544.969,1.0997489999999994e-05
545.007,3.295107e-05
545.046,-3.1407585e-05
545.085,6.3213840000000006e-06
545.124,5.300916e-05
545.163,9.843899999999996e-07
545.202,4.356840000000002e-06
545.241,3.115551e-05
545.28,3.144984000000001e-05
545.319,-1.826298e-05
545.358,-6.074652000000001e-05
545.396,-4.393332e-05
545.435,-1.8297600000000002e-05
545.474,7.159203e-05
545.513,2.8162169999999997e-05
545.552,-5.0990406e-05
545.591,2.490009e-05
545.63,-6.863241000000001e-06
545.669,4.409988e-05
545.708,1.704849e-05
545.747,1.527882e-05
545.786,1.225122e-05
545.825,8.168187e-05
545.863,-1.3690235999999998e-05
545.902,-2.3617919999999998e-05
545.941,1.6683987e-05
545.98,4.12371e-06
546.019,-4.446951e-05
546.058,-3.0682854e-05
546.097,4.1040165000000005e-05
546.136,-1.654038e-05
546.175,6.8758707000000005e-06
546.214,-2.3450931e-05
546.253,2.938512000000001e-05
546.292,-2.1988908e-05
546.33,1.9726500000000005e-06
546.369,-1.707186e-05
546.408,3.6609143999999995e-05
546.447,6.708900000000001e-06
546.486,-7.220163e-05
546.525,1.2472229999999997e-06
546.564,2.6935506e-05
546.603,1.4804370000000003e-05
546.642,-5.290227e-05
546.681,-4.922385e-05
546.719,-2.8439099999999997e-05
546.758,5.299985999999999e-05
546.797,3.0010979999999996e-05
546.836,-3.085983e-05
546.875,5.8863120000000004e-05
546.914,-1.9424399999999993e-05
546.953,2.584323e-05
546.992,9.928410000000002e-06
547.031,-9.844799999999996e-06
547.07,1.226943e-05
547.109,2.877585e-05
547.148,3.900204000000001e-06
547.186,3.260135999999999e-05
547.225,-1.8444912000000003e-05
547.264,-3.0743948999999996e-05
547.303,1.7218535999999996e-05
547.342,-7.213527000000001e-06
547.381,-2.3688894000000003e-05
547.42,-2.5849979999999997e-05
547.459,-1.7625692999999997e-05
547.498,-5.529366e-05
547.537,-2.633532e-05
547.576,3.5241234e-05
547.615,1.9276287e-06
547.653,2.1856809000000002e-05
547.692,7.0389000000000005e-06
547.731,2.012787e-05
547.77,1.7479760999999998e-05
547.809,-1.507563e-05
547.848,4.1566554000000004e-05
547.887,6.1554e-05
547.926,-2.033673e-05
547.965,-5.2479179999999996e-05
548.004,-2.0466957e-05
548.043,1.4839094999999994e-06
548.081,6.824243999999999e-05
548.12,-5.639909999999999e-05
548.159,2.3551181999999996e-05
548.198,-2.3292840000000004e-05
548.237,4.1558607e-05
548.276,5.406027e-05
548.315,-1.697691e-05
548.354,3.945539999999999e-06
548.393,-4.828979999999999e-06
548.432,3.266025e-05
548.471,1.577289e-05
548.51,2.11943277e-05
548.548,-5.766783000000001e-06
548.587,3.887685e-06
548.626,-2.9040330000000006e-05
548.665,2.3700899999999997e-06
548.704,-1.7948355e-05
548.743,2.47356e-05
548.782,2.5531619999999996e-05
548.821,-7.874403e-06
548.86,2.2611539999999998e-05
548.899,2.8797009e-05
548.938,-3.90978e-05
548.976,2.3070720000000004e-05
549.015,1.0615019999999997e-05
549.054,2.6996189999999993e-05
549.093,-2.5131720000000003e-05
549.132,-1.1243031e-05
549.171,1.177128e-05
549.21,-2.3391309e-05
549.249,-5.6647409999999996e-05
549.288,3.2818590000000004e-05
549.327,3.200457e-05
549.366,4.2306861e-05
549.404,8.2326e-06
549.443,2.6714448000000003e-06
549.482,1.6944179999999995e-05
549.521,1.3518809999999997e-05
549.56,4.0845537e-05
549.599,2.1710715e-05
549.638,1.0726158000000001e-05
549.677,-5.685809999999998e-06
549.716,1.4728980000000003e-05
549.755,2.176119e-05
549.794,4.4778480000000004e-05
549.833,3.083718000000001e-05
549.871,-1.3934412000000003e-05
549.91,-6.309119999999998e-06
549.949,2.3706119999999998e-05
549.988,4.844565e-05
550.027,4.291223429999999e-05
550.066,-6.40338e-06
550.105,1.0984389000000003e-05
550.144,-3.781686e-05
550.183,3.052602e-05
550.222,-1.62552e-05
550.261,2.49213e-05
550.299,3.215343e-05
550.338,8.057952000000001e-05
550.377,4.851630000000001e-06
550.416,-8.352128999999999e-06
550.455,-2.8221588e-05
550.494,2.9841489000000002e-05
550.533,5.518452e-05
550.572,1.4094899999999987e-06
550.611,2.366169e-05
550.65,-1.2336749999999998e-05
550.689,-2.1215699999999997e-05
550.728,-5.115629999999999e-06
550.766,-7.935588000000001e-06
550.805,3.2961266999999995e-05
550.844,-1.5098634000000001e-05
550.883,-1.8988149000000003e-05
550.922,5.268609e-06
550.961,3.0280200000000002e-05
551.0,-2.0092739999999998e-05
551.039,9.69486e-06
551.078,7.522709999999994e-07
551.117,-3.187545e-05
551.156,2.2276914000000002e-05
551.194,4.266780000000001e-06
551.233,2.3217785999999998e-05
551.272,1.1524709999999999e-05
551.311,-1.0591764e-05
551.35,-2.4169695000000003e-05
551.389,1.1753129999999998e-05
551.428,1.580334e-05
551.467,-4.3921301999999994e-05
551.506,-1.0308360000000002e-05
551.545,-1.470894e-05
551.584,1.828068e-05
551.622,5.695008e-05
551.661,1.8668394000000003e-05
551.7,-1.1324246999999998e-05
551.739,3.0091365e-05
551.778,3.5322597e-05
551.817,-7.709999999999986e-07
551.856,3.1367789999999994e-05
551.895,-5.67915e-06
551.934,1.503657e-05
551.973,-7.759878e-06
552.012,4.663589999999997e-06
552.051,3.220395e-05
552.089,-1.6238220000000005e-05
552.128,2.92935e-05
552.167,-1.672098e-05
552.206,1.8224249999999998e-05
552.245,-3.0233884199999998e-05
552.284,6.211413e-05
552.323,2.7133200000000013e-06
552.362,1.0040307000000002e-05
552.401,5.6839569000000006e-05
552.44,1.5755460000000002e-05
552.479,-2.6134542e-05
552.517,3.714669e-05
552.556,6.002634000000001e-05
552.595,6.1552800000000005e-06
552.634,2.4225576e-05
552.673,4.111119e-05
552.712,4.7537820000000006e-05
552.751,2.0974709999999998e-05
552.79,1.677105e-05
552.829,-1.246833e-05
552.868,5.910117e-05
552.907,-3.100587e-05
552.946,-7.675269e-06
552.984,2.016267e-05
553.023,-2.60184825e-05
553.062,-7.522293000000002e-06
553.101,-2.0402039999999995e-05
553.14,2.2882289999999995e-05
553.179,5.704680000000001e-06
553.218,2.354760000000002e-06
553.257,-1.9827348e-05
553.296,2.6262900000000002e-05
553.335,4.669263e-05
553.374,-5.193342e-06
553.412,3.66207e-05
553.451,-1.60854e-05
553.49,-5.252925e-06
553.529,-7.541010000000004e-06
553.568,2.9935499999999995e-06
553.607,2.5599882e-05
553.646,-3.982866e-05
553.685,9.693137999999998e-06
553.724,-8.275469999999995e-06
553.763,-2.9423538e-05
553.802,5.3801490000000016e-05
553.84,8.123157000000001e-06
553.879,3.3360270000000004e-05
553.918,3.8940810000000006e-05
553.957,-2.1385443e-05
553.996,1.4286818999999999e-05
554.035,2.262513e-06
554.074,-3.461997e-05
554.113,2.761599e-05
554.152,3.837030000000004e-06
554.191,4.93659e-05
554.23,1.5631091999999998e-05
554.269,-2.21211753e-05
554.307,-1.8214199999999996e-05
554.346,1.6908179999999997e-05
554.385,-1.1945399999999997e-05
554.424,-2.4358170000000005e-05
554.463,1.9520099999999987e-06
554.502,4.366743e-05
554.541,-7.3038359999999996e-06
554.58,2.5610583000000005e-05
554.619,4.236075e-05
554.658,2.6208807000000005e-05
554.697,2.501127e-05
554.735,-1.4274777e-05
554.774,1.8002826e-05
554.813,3.845307e-05
554.852,4.9846890000000005e-05
554.891,-3.771237e-05
554.93,-2.072988e-05
554.969,-1.4695532999999999e-05
555.008,1.0582500000000004e-06
555.047,-1.6053480000000003e-05
555.086,-2.056884e-05
555.125,-1.666857e-05
555.164,3.431292e-05
555.202,-3.7469040000000006e-05
555.241,4.001334e-05
555.28,8.764608e-05
555.319,-1.4828975999999999e-05
555.358,2.9474010000000003e-05
555.397,3.420419999999999e-06
555.436,-6.555960000000002e-06
555.475,2.2426727999999996e-05
555.514,-5.963853e-06
555.553,8.860280999999997e-06
555.592,6.897059999999999e-06
555.63,1.9711619999999994e-05
555.669,1.81924842e-05
555.708,-7.852074e-06
555.747,8.623626000000001e-06
555.786,-4.1894399999999995e-06
555.825,-3.0153162000000004e-05
555.864,3.040289999999997e-06
555.903,3.788610000000002e-06
555.942,2.1903030000000002e-05
555.981,4.933970999999999e-06
556.02,4.1075934e-06
556.058,2.5643076000000003e-05
556.097,5.812023e-06
556.136,3.1187439000000006e-05
556.175,-2.6856690000000003e-05
556.214,-5.103030000000001e-06
556.253,2.4957183000000006e-05
556.292,-3.056676e-05
556.331,3.848157e-05
556.37,2.489616e-05
556.409,1.3464390000000002e-05
556.448,7.780158000000001e-05
556.487,1.3014239999999998e-05
556.525,1.1182229999999998e-05
556.564,-1.273398e-05
556.603,1.6050299999999994e-06
556.642,1.9506731999999998e-05
556.681,2.9912189999999997e-05
556.72,-1.5489960000000003e-05
556.759,1.6986e-05
556.798,-6.79182e-06
556.837,2.0921340000000002e-05
556.876,2.942934e-05
556.915,3.6821070000000003e-06
556.953,2.4437400000000004e-05
556.992,8.849046e-06
557.031,6.965631e-05
557.07,4.763493e-05
557.109,8.210565e-06
557.148,-1.770978e-05
557.187,-1.12437612e-05
557.226,-6.346380000000001e-06
557.265,-1.8907320000000002e-05
557.304,-1.3967937e-05
557.343,5.020605e-05
557.382,-2.1620835e-05
557.42,-3.707328e-05
557.459,9.89388e-06
557.498,3.004227e-05
557.537,2.9131800000000015e-06
557.576,-2.981412e-05
557.615,2.522223e-05
557.654,6.393198e-06
557.693,-7.248329999999998e-06
557.732,5.2409427e-05
557.771,1.8534296999999998e-05
557.81,1.250916e-05
557.849,-3.0629699999999997e-06
557.887,-1.9980780000000002e-05
557.926,-2.2917243e-05
557.965,1.1744521200000001e-05
558.004,4.990527e-05
558.043,3.6383012999999996e-05
558.082,4.793025e-05
558.121,-2.358336e-05
558.16,1.8135900000000009e-06
558.199,-5.993949000000001e-06
558.238,3.4891343999999996e-05
558.276,-3.8819949e-05
558.315,-4.254239999999998e-06
558.354,-6.3648e-07
558.393,-1.6204425e-05
558.432,-3.5552850000000006e-05
558.471,4.060731e-05
558.51,-2.3384609999999993e-06
558.549,-1.5392562000000002e-05
558.588,-1.696548e-05
558.627,1.4272649999999995e-06
558.666,2.5787490000000003e-05
558.705,-1.716309e-05
558.743,-2.655231e-05
558.782,1.145754e-05
558.821,1.1406960000000003e-05
558.86,1.097766e-05
558.899,-7.31352e-07
558.938,-2.2269402e-05
558.977,-2.009394e-07
559.016,1.7652989999999998e-05
559.055,1.7472354e-05
559.094,1.3742040000000003e-05
559.133,-4.812063e-06
559.172,1.3267624800000002e-05
559.21,2.9159442e-05
559.249,1.4338211999999999e-05
559.288,1.442973e-05
559.327,2.271666e-05
559.366,2.312064e-05
559.405,-3.0401639999999996e-05
559.444,1.3466999999999976e-07
559.483,1.687392e-05
559.522,-2.5786500000000105e-07
559.561,4.455183e-05
559.599,-1.9724670000000007e-06
559.638,2.0384337000000002e-05
559.677,5.084865e-05
559.716,4.933248e-06
559.755,-8.445255e-06
559.794,-1.224984e-05
559.833,1.7570400000000003e-06
559.872,2.148366e-05
559.911,1.4618399999999995e-06
559.95,-2.8490361e-05
559.989,-6.294906e-05
560.028,-1.6381976999999997e-05
560.066,2.2092990000000004e-06
560.105,1.6797833999999997e-05
560.144,-2.0127819e-05
560.183,9.95391e-06
560.222,8.402279999999998e-06
560.261,1.2003899999999999e-05
560.3,2.0704770000000003e-06
560.339,1.1168609999999999e-05
560.378,1.732338e-05
560.417,-1.8575339999999998e-05
560.456,3.8854559999999996e-05
560.495,-7.455171000000001e-06
560.533,1.598871e-05
560.572,2.200944e-05
560.611,3.923688e-06
560.65,1.4095919999999998e-05
560.689,6.051900000000003e-07
560.728,-3.6987600000000006e-06
560.767,-2.2711200000000024e-06
560.806,1.6478639999999998e-05
560.845,-1.554303e-05
560.884,4.494426e-05
560.923,1.5436799999999994e-06
560.961,-2.9493143399999998e-05
561.0,2.7676469999999996e-05
561.039,5.2148400000000004e-05
561.078,2.4345659999999997e-05
561.117,1.6449479999999994e-05
561.156,-2.141283e-05
561.195,-2.14167273e-05
561.234,1.7442900000000001e-06
561.273,-2.2078829999999998e-05
561.312,3.416013e-05
561.351,9.315000000000001e-06
561.39,1.8815432999999996e-05
561.428,2.180898e-05
561.467,2.0895945e-05
561.506,1.1996699999999998e-05
561.545,-9.613649999999996e-06
561.584,2.9714789999999998e-05
561.623,2.00193e-05
561.662,-1.1217599999999999e-05
561.701,1.4810700000000002e-05
561.74,-1.236189e-05
561.779,-8.74650000000001e-07
561.818,3.0780000000000915e-08
561.856,-1.4673813e-05
561.895,-1.3800534e-05
561.934,3.6204501e-05
561.973,7.450260000000001e-06
562.012,2.158863e-05
562.051,-1.0725633e-05
562.09,2.4756270000000003e-05
562.129,2.2808169299999996e-05
562.168,1.809606e-05
562.207,-1.1762489999999999e-05
562.246,4.2825090000000004e-05
562.284,1.2009675000000001e-05
562.323,3.95817e-05
562.362,1.913007e-05
562.401,4.0733159999999995e-05
562.44,-1.9064100000000148e-07
562.479,3.364857e-05
562.518,-5.722740000000001e-06
562.557,5.573991e-05
562.596,2.515464e-05
562.635,2.88088272e-05
562.674,-1.840152e-05
562.713,1.9108244999999997e-05
562.751,3.0230400000000004e-06
562.79,4.453689e-05
562.829,-1.0755630000000003e-05
562.868,-2.015076e-05
562.907,1.7984670000000002e-05
562.946,-1.2536082e-05
562.985,-1.7872608000000004e-05
563.024,-5.3236800000000015e-06
563.063,1.053888e-05
563.102,-1.2735630000000004e-06
563.141,1.7655239999999996e-05
563.179,-8.237070000000002e-06
563.218,3.543816e-05
563.257,-2.729190000000001e-06
563.296,-2.5475939999999994e-06
563.335,3.943967999999999e-05
563.374,2.1541809000000002e-05
563.413,-1.755396e-05
563.452,-7.210442999999999e-06
563.491,1.4062500000000001e-05
563.53,1.141350000000001e-06
563.569,2.033850000000001e-06
563.608,2.4085199999999994e-05
563.646,-2.6772702e-05
563.685,2.890755e-05
563.724,-1.4491248000000002e-05
563.763,7.314800999999998e-06
563.802,-1.9460309999999998e-05
563.841,-2.7850799999999997e-06
563.88,4.2191310000000015e-06
563.919,2.8079385899999998e-05
563.958,-7.768401000000001e-06
563.997,-7.89354e-06
564.036,-6.545460000000001e-06
564.074,4.7218409999999996e-05
564.113,2.8786350000000003e-05
564.152,9.015566999999999e-06
564.191,3.217569e-05
564.23,6.26729999999999e-07
564.269,5.5751580000000005e-06
564.308,-9.391499999999985e-08
564.347,9.389265000000001e-06
564.386,-1.7769429000000002e-05
564.425,-1.7412156000000002e-05
564.464,5.3009280000000006e-05
564.503,-1.347243e-05
564.541,-1.7888421e-05
564.58,1.282878e-05
564.619,1.1536701000000002e-05
564.658,7.679277e-06
564.697,9.645989999999998e-06
564.736,-1.070577e-05
564.775,-2.7948299999999998e-05
564.814,1.6999086000000003e-05
564.853,1.3195500000000003e-05
564.892,-5.915580000000002e-06
564.931,1.0191195e-05
564.969,5.746683e-06
565.008,2.3883018900000002e-05
565.047,-1.721436e-05
565.086,1.184211e-05
565.125,4.7150160000000005e-05
565.164,1.1057556e-05
565.203,3.6698399999999994e-05
565.242,-2.9964030000000005e-06
565.281,-2.6439060000000003e-05
565.32,2.332068e-05
565.359,2.0562825000000004e-05
565.397,-1.0989248999999999e-05
565.436,1.6544619e-05
565.475,2.2759155e-05
565.514,8.092866e-06
565.553,-5.454303e-06
565.592,5.799749999999999e-07
565.631,1.7008449e-05
565.67,-2.400297e-05
565.709,-2.1848376e-05
565.748,9.3337569e-06
565.787,2.2586165999999998e-05
565.826,-2.4097800000000005e-06
565.864,-6.1848000000000005e-06
565.903,-8.422140000000003e-06
565.942,3.8242859399999994e-05
565.981,1.624107e-05
566.02,-5.266110000000001e-06
566.059,-3.5222880000000007e-06
566.098,-2.074950000000001e-06
566.137,-1.3738052999999998e-05
566.176,9.855089999999997e-06
566.215,2.1590595000000003e-05
566.254,-2.4800130000000002e-05
566.292,1.6404059999999998e-05
566.331,5.188581e-05
566.37,1.924364999999999e-06
566.409,-8.292929999999994e-07
566.448,-3.3939240000000005e-06
566.487,1.0022340000000002e-05
566.526,1.6837737e-05
566.565,3.9613320000000004e-05
566.604,1.52685e-05
566.643,-1.9918244999999998e-05
566.682,1.1475011999999999e-05
566.72,2.7867159000000008e-05
566.759,2.572695e-05
566.798,1.0712130000000002e-05
566.837,1.93370811e-05
566.876,5.11179e-06
566.915,3.7647389999999994e-05
566.954,-2.652654e-06
566.993,2.27095773e-05
567.032,2.6182308000000007e-05
567.071,8.472599999999997e-06
567.11,2.4107129999999994e-06
567.149,-1.4021400000000006e-06
567.187,4.27017e-06
567.226,1.4576910000000002e-05
567.265,-9.54525e-06
567.304,1.4341128e-05
567.343,3.3075090000000004e-05
567.382,-2.2045859999999996e-06
567.421,-2.366172e-05
567.46,1.5618516e-05
567.499,-1.8563148e-05
567.538,1.8783959999999996e-05
567.577,-6.337799999999992e-07
567.615,1.786326e-05
567.654,8.3736e-07
567.693,3.053571e-05
567.732,2.1993359999999996e-05
567.771,1.2981000000000003e-06
567.81,9.910490700000002e-06
567.849,-1.0125450000000001e-05
567.888,-3.6490199999999984e-07
567.927,-1.259634e-05
567.966,9.16791e-06
568.005,3.3706335e-05
568.044,-1.6558020000000004e-05
568.082,2.933061e-05
568.121,2.9019693000000004e-05
568.16,-1.6640370000000005e-05
568.199,1.80249e-06
568.238,3.843411e-05
568.277,3.9591899999999996e-05
568.316,2.5755699e-05
568.355,-1.9514586e-05
568.394,9.300111000000001e-06
568.433,9.4164e-06
568.472,-1.5554502e-05
568.51,3.184637999999999e-05
568.549,-1.7143110000000003e-05
568.588,1.401894e-05
568.627,-1.3173450000000002e-05
568.666,2.3849018999999997e-05
568.705,9.42552e-06
568.744,4.2025080000000004e-05
568.783,1.7895299999999998e-05
568.822,-7.142942999999999e-06
568.861,1.09374309e-05
568.9,1.867833e-05
568.938,2.9651207100000002e-05
568.977,4.5998793000000005e-06
569.016,-2.1444810000000002e-05
569.055,2.6061126000000007e-06
569.094,3.8660729999999996e-05
569.133,-7.594829999999999e-06
569.172,3.0547508999999996e-05
569.211,-1.205535e-05
569.25,4.991238000000001e-06
569.289,2.130828e-05
569.328,8.8547544e-06
569.367,2.1142377e-05
569.405,1.0479851999999998e-05
569.444,7.646730000000001e-06
569.483,-1.783677e-05
569.522,1.2202845e-05
569.561,7.422828e-06
569.6,-2.13757665e-05
569.639,-2.2749899999999987e-06
569.678,-2.494086e-05
569.717,5.920140000000004e-07
569.756,-8.871600000000003e-07
569.795,3.173952e-05
569.833,-4.828200000000001e-06
569.872,1.9192680000000002e-05
569.911,1.172727e-05
569.95,2.7104249999999997e-05
569.989,1.775007e-05
570.028,-1.8784836000000002e-05
570.067,2.2896012e-05
570.106,-1.1474163e-05
570.145,1.8930570000000003e-05
570.184,7.095299999999998e-06
570.223,4.142982e-05
570.262,2.5509573e-05
570.3,4.731084e-05
570.339,1.492707e-05
570.378,-5.973e-06
570.417,8.589282e-06
570.456,2.113443e-05
570.495,4.9637099999999994e-06
570.534,3.5603580000000004e-06
570.573,2.3088081e-05
570.612,1.3271739000000002e-05
570.651,2.1422399999999976e-07
570.69,2.3973309e-05
570.729,-5.356319999999999e-06
570.767,1.5727410000000007e-06
570.806,2.397612e-05
570.845,9.67077e-06
570.884,-3.501854999999999e-06
570.923,2.3294598e-05
570.962,2.473884e-05
571.001,3.7836389999999995e-05
571.04,2.606694e-05
571.079,5.771639999999997e-06
571.118,2.06829e-05
571.156,-4.0000656e-05
571.195,3.477936e-05
571.234,-6.136800000000009e-07
571.273,-6.715349999999999e-07
571.312,1.9713882000000002e-05
571.351,-3.196346999999999e-06
571.39,1.1578758e-05
571.429,2.7746310000000003e-05
571.468,1.9020396300000002e-05
571.507,8.176290000000002e-07
571.546,3.097122e-05
571.585,2.591514e-05
571.623,1.2444900000000022e-07
571.662,1.9722240000000002e-05
571.701,1.003379999999999e-06
571.74,-1.3937451000000001e-05
571.779,7.617650999999999e-06
571.818,2.2432080000000004e-05
571.857,3.853839e-05
571.896,-1.32330525e-05
571.935,2.5840776000000006e-05
571.974,1.6146968999999998e-05
572.013,-1.834353e-05
572.052,5.535900000000002e-07
572.09,3.5586779999999995e-05
572.129,5.914440000000001e-07
572.168,1.102824e-05
572.207,1.81049667e-05
572.246,4.101207e-05
572.285,3.052143e-05
572.324,1.6721127000000002e-05
572.363,2.469009e-05
572.402,1.4960970000000003e-05
572.441,1.5447468e-05
572.479,-1.6171041e-05
572.518,3.2606001e-05
572.557,6.895638e-06
572.596,3.157428e-05
572.635,-2.0423550000000004e-06
572.674,2.6631299999999995e-06
572.713,6.139349999999999e-06
572.752,3.488955e-05
572.791,5.736029999999999e-06
572.83,7.229598000000001e-06
572.869,2.8263660000000002e-05
572.908,-2.2257750000000003e-06
572.946,7.0719899999999995e-06
572.985,2.4251129999999987e-06
573.024,-3.2778027e-05
573.063,-1.7995259999999998e-05
573.102,5.1023691e-06
573.141,6.8316630000000015e-06
573.18,2.7455729999999997e-05
573.219,1.602297e-05
573.258,9.613680000000001e-06
573.297,1.5072648e-05
573.336,1.4824815e-06
573.375,2.3850963e-05
573.413,6.095222999999999e-06
573.452,1.736073e-05
573.491,-1.1583870000000002e-05
573.53,3.139566e-05
573.569,9.192807e-06
573.608,8.991900000000001e-06
573.647,-1.4677350000000007e-06
573.686,1.577199e-05
573.725,1.2704100000000001e-05
573.764,-7.294334999999998e-06
573.803,1.7004357000000002e-05
573.841,-1.444575e-05
573.88,-1.1864115e-05
573.919,1.3561131e-05
573.958,2.506764e-05
573.997,-6.423567e-06
574.036,5.502683400000001e-06
574.075,6.552779999999993e-07
574.114,1.5037155000000001e-05
574.153,5.29794e-06
574.192,-1.2650679e-05
574.231,2.514666e-05
574.27,1.837812e-05
574.308,2.093162999999999e-06
574.347,9.384591e-06
574.386,2.8057308000000002e-05
574.425,1.6099469999999999e-06
574.464,1.5324450000000002e-05
574.503,1.74653619e-05
574.542,2.17713e-05
574.581,8.742779999999999e-06
574.62,-2.3391804e-05
574.659,2.6445125100000014e-06
574.698,2.1505200000000002e-05
574.736,-1.1593919999999999e-05
574.775,1.1766009e-05
574.814,8.270634e-06
574.853,1.4866892999999999e-05
574.892,1.5779292e-05
574.931,1.9559879999999992e-06
574.97,-9.11835e-06
575.009,1.1524449e-05
575.048,1.6879686e-05
575.087,3.562692e-05
575.126,1.87073373e-05
575.164,4.6197660000000004e-05
575.203,-2.25108e-05
575.242,9.288282000000001e-06
575.281,3.535404e-05
575.32,1.668795e-05
575.359,1.7311880999999994e-05
575.398,9.47607e-06
575.437,1.0987406999999998e-05
575.476,-6.789630000000001e-06
575.515,3.5006400000000002e-06
575.554,1.7582349000000003e-05
575.593,1.895109e-05
575.631,1.2674546999999999e-05
575.67,1.532481e-05
575.709,1.6677509999999998e-05
575.748,1.4561235e-05
575.787,1.743675e-05
575.826,1.5804749999999998e-05
575.865,1.117695e-05
575.904,2.984661e-05
575.943,5.965569e-06
575.982,1.9110435e-05
576.021,3.365253e-05
576.059,2.5992140999999997e-05
576.098,-3.628506809999999e-06
576.137,1.1676720000000003e-05
576.176,1.9516667999999998e-05
576.215,-5.56499999999998e-07
576.254,2.4521640000000002e-05
576.293,5.105031e-06
576.332,-3.4673669999999998e-06
576.371,-4.770510000000001e-06
576.41,-5.340090000000001e-06
576.449,1.2159411000000001e-05
576.488,4.902426e-06
576.526,1.3567122e-05
576.565,2.5571436000000006e-05
576.604,3.9671100000000046e-07
576.643,1.0043255999999999e-05
576.682,1.5912723e-05
576.721,2.8848396e-05
576.76,-1.2112263000000001e-05
576.799,2.0461530000000003e-05
576.838,6.631380000000001e-06
576.877,-4.319099999999995e-07
576.916,2.1122909999999996e-06
576.954,4.717979999999999e-06
576.993,1.8736418999999998e-05
577.032,2.7244920000000002e-05
577.071,1.5773478e-05
577.11,-1.1779350000000001e-05
577.149,2.937495e-06
577.188,-1.7084450999999998e-05
577.227,1.6913100000000128e-07
577.266,2.1265560000000002e-05
577.305,2.4723089999999996e-05
577.344,3.1319310000000004e-05
577.383,9.360057000000001e-06
577.421,1.9963602e-05
577.46,2.01942e-05
577.499,-6.699459e-06
577.538,8.090181e-06
577.577,1.7131163999999998e-05
577.616,-2.3151416999999997e-06
577.655,4.610076000000001e-06
577.694,3.6682470000000005e-05
577.733,7.901220000000001e-06
577.772,-9.1482e-06
577.811,2.243343e-05
577.849,1.0703010000000003e-05
577.888,-2.7848369999999997e-05
577.927,-6.698733000000001e-06
577.966,-8.43684e-06
578.005,-6.25638e-06
578.044,8.0946e-07
578.083,-9.165786e-06
578.122,6.573728999999999e-06
578.161,1.3987452e-05
578.2,-1.901055e-06
578.239,9.102059999999999e-07
578.277,-1.316658e-05
578.316,1.5122745000000006e-06
578.355,1.1760579000000007e-06
578.394,1.125798e-05
578.433,-1.1592323999999998e-05
578.472,4.343219999999999e-07
578.511,-1.065933e-05
578.55,-1.020264e-06
578.589,-7.070855699999999e-06
578.628,1.5145854000000001e-05
578.667,1.7510489999999994e-05
578.706,1.5042462000000001e-05
578.744,3.093012e-05
578.783,-1.5077550000000001e-05
578.822,-1.1375309999999997e-06
578.861,-1.0538193e-06
578.9,2.1638876999999997e-05
578.939,2.1742829999999997e-05
578.978,1.6238580000000003e-05
579.017,1.1985000000000005e-06
579.056,6.722403e-06
579.095,1.3856909999999998e-05
579.134,9.1872723e-06
579.172,-8.254281e-06
579.211,1.5810018000000002e-05
579.25,2.99433e-05
579.289,-1.3033331999999999e-05
579.328,2.174514e-05
579.367,5.1316128000000025e-06
579.406,1.780557e-06
579.445,-1.8982950000000006e-06
579.484,8.59476e-06
579.523,6.781439999999999e-06
579.562,2.6918102999999997e-05
579.6,1.5632019e-05
579.639,2.0676381e-05
579.678,3.2464200000000014e-06
579.717,7.65954e-06
579.756,-4.988999999999999e-06
579.795,-1.0359485999999998e-05
579.834,-7.194468000000003e-06
579.873,1.7788347000000002e-05
579.912,6.638490000000001e-07
579.951,2.833638e-06
579.99,2.9643299999999995e-05
580.029,2.2022928000000002e-05
580.067,1.4369099999999998e-05
580.106,6.558387000000001e-06
580.145,3.967500000000009e-07
580.184,1.568445e-05
580.223,2.7559892999999998e-05
580.262,-3.305799e-06
580.301,-7.053119999999995e-07
580.34,1.4650029e-05
580.379,3.6477660000000004e-06
580.418,-9.874200000000001e-06
580.457,1.8033135e-05
580.495,-4.187727e-06
580.534,3.070298999999999e-05
580.573,7.380569999999999e-06
580.612,9.4755018e-06
580.651,4.185963e-05
580.69,-8.667027000000006e-07
580.729,1.496874e-05
580.768,-1.3304790000000001e-05
580.807,2.4348300000000035e-07
580.846,1.8660719999999996e-07
580.885,3.3983888999999995e-05
580.924,2.7304530000000005e-05
580.962,2.755185e-05
581.001,1.3428540000000001e-05
581.04,1.2089742e-05
581.079,4.1001299999999995e-06
581.118,1.192344e-05
581.157,-4.883889000000001e-06
581.196,1.5025649999999999e-05
581.235,2.477283e-05
581.274,2.8423076999999993e-05
581.313,-3.336059999999999e-07
581.352,2.8407614999999997e-05
581.391,-8.88558e-06
581.429,-5.97258e-06
581.468,2.4257565599999993e-05
581.507,-1.6209060000000004e-06
581.546,8.2926753e-06
581.585,1.5186024e-05
581.624,2.3866020000000003e-05
581.663,1.7691299999999993e-06
581.702,-1.1550267e-05
581.741,1.9054884e-05
581.78,1.0127993999999999e-05
581.818,9.425313e-06
581.857,4.8055800000000005e-06
581.896,-1.0780673999999999e-05
581.935,1.937151e-05
581.974,1.987884e-06
582.013,1.147968e-05
582.052,3.8706e-06
582.091,1.1056557e-05
582.13,-1.0671090000000001e-05
582.169,1.5116999999999999e-06
582.208,1.627317e-05
582.247,1.1909748e-05
582.285,2.5254795e-05
582.324,1.6902000000000012e-07
582.363,-9.910919699999998e-06
582.402,2.730099e-06
582.441,1.517025e-05
582.48,-1.4065848e-05
582.519,1.5314343e-05
582.558,1.4588900999999998e-05
582.597,1.5542331e-05
582.636,-5.468999999999998e-07
582.675,4.341054e-06
582.714,1.2490590000000001e-05
582.752,1.88316e-05
582.791,-1.226502e-05
582.83,2.0049804e-05
582.869,1.6864374e-05
582.908,1.5566160000000003e-06
582.947,2.2213875e-05
582.986,2.1706725000000002e-05
583.025,-7.591122000000001e-06
583.064,2.5576437000000003e-05
583.103,2.485425e-05
583.142,-5.79582e-06
583.18,1.7605593e-05
583.219,-4.460873999999999e-06
583.258,8.50046529e-06
583.297,9.970107e-06
583.336,5.2809839999999995e-06
583.375,3.174846e-05
583.414,1.61062125e-05
583.453,9.817152e-06
583.492,1.0064223e-05
583.531,5.195931e-06
583.57,1.0718247e-05
583.609,6.69159e-06
583.647,1.3288318499999998e-05
583.686,1.53166278e-05
583.725,1.884495e-05
583.764,1.9715877000000003e-05
583.803,1.3347420000000013e-06
583.842,-4.09323e-06
583.881,2.1866979000000002e-05
583.92,1.5315965999999997e-05
583.959,1.9929480000000005e-05
583.998,-4.5083670000000005e-06
584.036,8.669280000000002e-06
584.075,2.66879889e-05
584.114,6.3467400000000025e-06
584.153,3.111309e-05
584.192,5.00553e-06
584.231,9.176607e-06
584.27,-2.546889e-05
584.309,2.4529679999999996e-06
584.348,8.251577999999999e-06
584.387,9.944099999999998e-07
584.426,-9.729357e-06
584.465,2.0679291000000002e-05
584.503,3.2413169999999996e-06
584.542,3.911451e-06
584.581,2.2637243999999998e-05
584.62,2.0670389999999997e-05
584.659,1.8640320000000003e-06
584.698,3.68187e-06
584.737,1.2140039999999998e-06
584.776,-1.6811159999999997e-06
584.815,3.790485e-05
584.854,2.0573220000000003e-05
584.893,4.572363e-06
584.932,1.9930638e-05
584.97,9.228225e-06
585.009,-6.187590000000001e-07
585.048,4.7466209999999995e-06
585.087,2.0661825e-05
585.126,2.5087020000000003e-06
585.165,5.202786e-05
585.204,1.0009959e-05
585.243,1.5656879999999998e-05
585.282,3.219894000000001e-06
585.321,9.69774e-06
585.36,1.466058e-05
585.398,-4.4388810000000005e-06
585.437,2.600916e-05
585.476,-6.978990000000002e-07
585.515,1.519959e-05
585.554,1.8089627999999997e-05
585.593,-4.154019e-06
585.632,1.815105e-05
585.671,1.6775433e-05
585.71,-3.984627e-06
585.749,9.928971e-06
585.788,2.012379e-05
585.826,1.5568578000000002e-05
585.865,-6.188910000000005e-07
585.904,-1.792083e-06
585.943,1.3028559e-05
585.982,6.662708999999999e-06
586.021,8.90091e-06
586.06,2.7500729999999998e-05
586.099,3.274158000000001e-06
586.138,2.3123874e-05
586.177,1.232745e-05
586.216,7.917420000000001e-06
586.255,1.5207099000000003e-05
586.293,-6.2268569999999995e-06
586.332,-1.1544441e-05
586.371,2.2771994999999998e-05
586.41,1.5462000000000002e-05
586.449,6.76281e-06
586.488,5.8569e-06
586.527,1.2815571e-05
586.566,2.7107628e-05
586.605,1.012221e-05
586.644,2.2022984999999998e-05
586.683,9.218390999999998e-06
586.721,7.314989999999999e-06
586.76,5.208219e-06
586.799,1.38429318e-05
586.838,-3.6890099999999996e-06
586.877,2.2428029999999998e-05
586.916,1.564764e-05
586.955,6.233981999999999e-06
586.994,-6.952809e-06
587.033,-9.117072000000001e-06
587.072,5.330616e-06
587.111,1.1295627e-05
587.15,1.3093572299999998e-05
587.188,3.043326e-05
587.227,-3.0169439999999994e-06
587.266,8.387805e-06
587.305,1.796193e-05
587.344,-1.6561685099999998e-05
587.383,2.4002670000000004e-05
587.422,1.578102e-05
587.461,9.74307e-06
587.5,1.8514410000000007e-06
587.539,-8.89041e-06
587.578,5.197779e-06
587.616,5.647077e-06
587.655,-7.93917e-06
587.694,-2.4214679999999996e-06
587.733,1.0903289999999997e-05
587.772,1.868385e-06
587.811,1.636071e-05
587.85,-1.865478e-06
587.889,1.2836193e-05
587.928,-1.657236e-05
587.967,6.620478e-06
588.006,1.1747999999999998e-05
588.044,-1.0557309000000001e-05
588.083,1.114179e-05
588.122,1.0874339999999998e-05
588.161,1.2690354e-05
588.2,1.2706169999999998e-05
588.239,1.2471450000000002e-05
588.278,1.6539320999999997e-05
588.317,-3.69828e-06
588.356,2.508297e-06
588.395,1.5666719999999998e-05
588.434,1.2464634e-05
588.473,-2.9314889999999993e-06
588.511,1.8875478e-05
588.55,-3.991716e-06
588.589,5.294841599999999e-06
588.628,1.121136e-05
588.667,6.055815000000001e-06
588.706,8.688674999999999e-06
588.745,-8.380215e-06
588.784,2.928996e-06
588.823,9.902376000000001e-06
588.862,-4.393134e-06
588.901,7.566144e-06
588.939,8.627256000000001e-06
588.978,6.8071587e-06
589.017,2.4255738000000003e-05
589.056,1.645752e-05
589.095,-1.1118702000000001e-05
589.134,4.774559999999999e-06
589.173,-9.905097e-06
589.212,2.7290643e-06
589.251,1.1620608e-05
589.29,2.0427419999999998e-05
589.329,1.2234750000000003e-05
589.367,-9.985745999999999e-06
589.406,-1.0067367e-05
589.445,7.048301999999999e-06
589.484,5.276130000000004e-07
589.523,-1.0197510000000005e-06
589.562,-4.4690139e-06
589.601,1.9079514e-05
589.64,1.0871949e-05
589.679,1.744662e-05
589.718,1.11918996e-05
589.757,1.0168155e-05
589.796,2.2376637e-05
589.834,1.3513644000000001e-05
589.873,2.821785e-05
589.912,-3.328892999999998e-06
589.951,1.4538029999999999e-05
589.99,-1.0108880399999999e-05
590.029,5.91663e-06
590.068,4.152492e-06
590.107,4.592684999999999e-06
590.146,-4.857221999999998e-06
590.185,4.140582e-06
590.224,6.57771e-06
590.263,1.6716168e-05
590.301,-1.717701e-06
590.34,1.8547503e-05
590.379,-2.655491999999999e-06
590.418,-4.10175e-06
590.457,1.0687241999999998e-05
590.496,1.1762121e-05
590.535,-5.896296e-06
590.574,1.6729563000000002e-05
590.613,5.194932000000002e-06
590.652,8.252925000000002e-06
590.691,1.6614420000000003e-05
590.729,7.807248e-06
590.768,-2.4353099999999774e-08
590.807,1.85590275e-05
590.846,8.907561e-06
590.885,2.6871579e-05
590.924,2.864658e-05
590.963,-6.669329999999999e-06
591.002,-2.5724118000000006e-06
591.041,4.812189000000001e-06
591.08,1.7509503e-05
591.119,1.4030039999999992e-06
591.157,1.3409693999999998e-05
591.196,1.9677684e-05
591.235,1.340898e-05
591.274,1.4261549999999999e-05
591.313,1.5848448e-05
591.352,-4.008300000000001e-06
591.391,1.0835949e-05
591.43,9.374625e-06
591.469,-2.4500369999999994e-06
591.508,1.7311110000000003e-06
591.547,5.6679288e-06
591.586,-2.426460000000001e-06
591.624,8.224530000000001e-06
591.663,9.497526e-06
591.702,5.840084999999999e-06
591.741,4.325675999999999e-06
591.78,1.0111980000000001e-05
591.819,1.2871401000000001e-05
591.858,1.2232851e-05
591.897,1.4235023999999999e-05
591.936,-3.7767029999999996e-06
591.975,1.315857e-05
592.014,-3.1864049999999996e-06
592.052,9.899319000000004e-06
592.091,5.152200000000001e-06
592.13,1.0594679999999997e-05
592.169,2.774256e-05
592.208,1.3775909999999999e-05
592.247,-5.125649999999999e-07
592.286,-9.680703e-06
592.325,1.9570764e-05
592.364,4.2887999999999995e-06
592.403,1.7328105e-05
592.442,2.0132640000000006e-06
592.481,2.7702689999999998e-06
592.519,6.9046770000000006e-06
592.558,-6.646110000000001e-06
592.597,4.643898e-06
592.636,9.522215999999999e-06
592.675,8.71773e-06
592.714,1.0986135e-05
592.753,-8.038679999999995e-07
592.792,-3.5927399999999998e-06
592.831,2.0880330000000003e-05
592.87,-5.1830211e-06
592.909,-8.732040000000003e-07
592.947,1.7485308000000002e-05
592.986,1.020714e-05
593.025,6.613887000000001e-06
593.064,1.4325942000000001e-05
593.103,-4.675680000000002e-07
593.142,4.659147e-06
593.181,1.8943806000000003e-05
593.22,-3.9989130000000005e-06
593.259,1.5923559000000002e-05
593.298,4.616904e-06
593.337,1.560417e-06
593.375,-1.686033e-05
593.414,1.2217707e-05
593.453,4.901063999999999e-06
593.492,3.1738170000000003e-06
593.531,1.4845980000000002e-05
593.57,2.1546765e-05
593.609,1.5256377e-05
593.648,8.049149999999999e-06
593.687,2.772264e-06
593.726,7.4288369999999995e-06
593.765,8.876645999999999e-07
593.804,-6.905757e-06
593.842,1.7583219e-05
593.881,1.4347764e-05
593.92,2.1702660000000002e-05
593.959,1.2130398000000001e-05
593.998,1.1720280000000003e-06
594.037,-1.0736220000000004e-06
594.076,1.4684754e-05
594.115,1.2730358999999997e-05
594.154,1.769262e-05
594.193,1.4625684000000003e-05
594.232,2.023245e-05
594.27,-2.7106199999999996e-06
594.309,1.0277859000000002e-05
594.348,8.79588e-06
594.387,1.067256e-05
594.426,1.4098448999999998e-05
594.465,1.1002886999999999e-05
594.504,9.854145e-06
594.543,6.174753e-06
594.582,1.9807613999999998e-05
594.621,1.4058420000000002e-05
594.66,1.0843287e-05
594.698,4.7972699999999985e-06
594.737,8.83848e-06
594.776,1.829583e-05
594.815,5.619599999999992e-07
594.854,-1.622265e-06
594.893,-3.1344120000000008e-06
594.932,9.05016e-06
594.971,1.6290537e-05
595.01,-4.28526e-06
595.049,1.7557040999999997e-05
595.088,-5.7853500000000004e-06
595.127,6.115899e-06
595.165,1.268921106e-05
595.204,8.952297e-06
595.243,1.2030126e-05
595.282,-7.362548999999999e-06
595.321,8.868048e-06
595.36,6.573321000000001e-06
595.399,-7.553829e-06
595.438,5.802689999999999e-06
595.477,-1.6199519999999999e-06
595.516,-1.7437139999999999e-06
595.555,1.0280790000000003e-05
595.594,1.135083e-05
595.632,1.859151e-05
595.671,-5.579391e-06
595.71,-1.9983750000000006e-06
595.749,1.3827332699999998e-05
595.788,1.1752659e-05
595.827,1.9646400000000005e-06
595.866,3.6617429999999993e-06
595.905,-1.5628889999999994e-06
595.944,7.283046000000001e-06
595.983,3.479979e-06
596.022,7.194689999999999e-07
596.06,8.463525000000001e-06
596.099,1.0681722000000002e-05
596.138,8.533967999999999e-06
596.177,1.9913877e-05
596.216,5.7707280000000004e-06
596.255,-7.271283299999999e-06
596.294,1.8828387e-05
596.333,-1.0743756000000002e-05
596.372,1.3336260000000001e-06
596.411,5.947944000000001e-06
596.45,1.3096998e-05
596.488,1.651203e-05
596.527,2.0144006999999998e-05
596.566,1.5291075e-05
596.605,1.7196384e-05
596.644,2.21251515e-05
596.683,4.2799835999999995e-06
596.722,1.0420098e-05
596.761,1.0392743099999999e-05
596.8,1.7577210000000002e-05
596.839,6.76935e-06
596.878,7.625255999999999e-06
596.917,1.5855836999999996e-05
596.955,5.066769e-06
596.994,4.984209e-06
597.033,2.381028e-05
597.072,1.850517e-05
597.111,4.222791e-06
597.15,8.111094e-06
597.189,1.0162977000000001e-05
597.228,1.53987993e-05
597.267,1.841829e-05
597.306,1.6241766e-05
597.345,1.993368e-06
597.383,-7.3949661e-06
597.422,1.0567194e-05
597.461,2.4847800000000003e-05
597.5,6.825348e-06
597.539,1.3136159999999999e-05
597.578,1.362288e-05
597.617,2.027199e-05
597.656,1.764924e-05
597.695,-4.200993e-06
597.734,9.767334000000002e-06
597.773,1.3390545000000003e-05
597.812,1.7117040000000002e-05
597.85,1.9904415e-05
597.889,1.207053e-05
597.928,1.3846056e-05
597.967,2.279709e-05
598.006,5.3794350000000004e-06
598.045,1.1106546e-05
598.084,1.3258604999999999e-05
598.123,3.515010000000004e-07
598.162,1.8413235e-05
598.201,1.3031844e-05
598.24,3.2938800000000002e-06
598.278,1.3586892e-05
598.317,1.961775e-06
598.356,5.3532903e-06
598.395,2.2710060000000002e-05
598.434,9.61203e-06
598.473,5.303810999999999e-06
598.512,9.003279e-06
598.551,6.827412300000001e-06
598.59,5.521934999999999e-06
598.629,4.884228e-06
598.668,1.459185e-05
598.706,3.662937e-06
598.745,2.327595e-06
598.784,6.508518e-06
598.823,2.2238550000000002e-06
598.862,1.2845583e-05
598.901,1.54413756e-05
598.94,8.336008800000001e-06
598.979,8.032224e-06
599.018,-8.828316e-06
599.057,-4.6708650000000006e-06
599.096,7.118150999999999e-06
599.135,8.64732e-06
599.173,1.0923918e-05
599.212,8.902578000000002e-06
599.251,1.493463e-05
599.29,9.755007e-06
599.329,1.598253e-05
599.368,2.2371630000000003e-05
599.407,1.2059072999999999e-05
599.446,9.60303e-06
599.485,1.3986494999999999e-05
599.524,2.7390390000000004e-06
599.563,1.8530549999999998e-05
599.602,4.1919600000000004e-06
599.64,-3.890613e-06
599.679,9.842240400000001e-06
599.718,-4.0492799999999985e-07
599.757,1.1984838e-05
599.796,1.5202296000000001e-05
599.835,2.1404699999999997e-06
599.874,2.3787885e-05
599.913,1.8211050000000002e-05
599.952,1.1919759e-05
599.991,3.54114e-06
600.03,9.627770999999999e-06
600.068,1.7311299000000002e-05
600.107,8.244183000000002e-06
600.146,1.0187412e-05
600.185,1.3210752e-05
600.224,1.508007e-05
600.263,1.2702900000000003e-05
600.302,2.321847e-05
600.341,1.6798845000000002e-05
600.38,9.994605000000002e-07
600.419,2.215152e-05
600.458,1.1190999e-05
600.496,9.076404000000001e-06
600.535,1.0732298099999998e-05
600.574,1.0416483e-05
600.613,1.859775e-05
600.652,1.4352771e-05
600.691,7.50126e-06
600.73,1.5700034999999998e-05
600.769,7.389440999999999e-06
600.808,1.985361e-05
600.847,4.75176e-06
600.886,-3.6913169999999995e-06
600.924,3.9685289999999995e-06
600.963,1.678077e-05
601.002,1.2012807e-05
601.041,1.0636800000000001e-05
601.08,3.448956e-06
601.119,9.057479999999998e-06
601.158,2.7034649999999997e-06
601.197,4.092318e-06
601.236,1.0389419999999999e-05
601.275,1.6426077e-05
601.314,1.8524339999999998e-05
601.353,9.449976e-06
601.391,1.258884e-05
601.43,3.0428250000000005e-05
601.469,7.614635999999999e-06
601.508,-3.2545926000000004e-06
601.547,1.4611577999999999e-05
601.586,5.395041e-06
601.625,1.2558509999999997e-05
601.664,1.0877502e-05
601.703,1.1583129e-05
601.742,4.312961999999999e-06
601.781,3.0656280000000007e-06
601.819,2.381559599999999e-06
601.858,2.4820829999999997e-05
601.897,8.02659e-06
601.936,-2.0433252000000002e-05
601.975,1.3068111e-05
602.014,1.1785829999999999e-05
602.053,9.359283e-06
602.092,7.380531000000002e-06
602.131,1.8657576e-05
602.17,-1.7068830000000003e-06
602.209,7.751025000000001e-06
602.247,2.4545280000000002e-05
602.286,9.922227e-06
602.325,1.0186800000000021e-07
602.364,6.895221900000001e-06
602.403,9.642522e-06
602.442,3.0097409999999998e-05
602.481,9.639339000000001e-06
602.52,1.0100829e-05
602.559,2.7306261e-06
602.598,2.166381e-05
602.637,1.3137132000000001e-05
602.676,1.2265272000000001e-05
602.714,5.4757800000000005e-06
602.753,1.1096837999999999e-05
602.792,9.303915e-06
602.831,1.6255926e-05
602.87,6.919008000000001e-06
602.909,-1.037241e-06
602.948,8.996570999999999e-06
602.987,1.029543e-05
603.026,8.440617e-06
603.065,4.047501e-06
603.104,1.4002491e-05
603.143,1.5307194e-05
603.181,1.3175538e-05
603.22,5.5912800000000004e-06
603.259,1.3893651e-05
603.298,1.901757e-05
603.337,1.2349845e-05
603.376,1.128612e-05
603.415,1.4163719999999998e-05
603.454,-6.759539999999999e-06
603.493,9.228801e-06
603.532,1.3616724e-05
603.571,4.284767999999999e-06
603.609,4.724418000000001e-06
603.648,1.8135959999999996e-06
603.687,1.7044404e-05
603.726,8.160528e-06
603.765,1.2246120000000001e-05
603.804,1.0100561999999999e-05
603.843,5.278601999999999e-06
603.882,1.6108623e-05
603.921,1.8653583e-05
603.96,1.2217755e-05
603.999,8.327730000000015e-08
604.037,2.5482105e-06
604.076,2.403996e-06
604.115,4.625259000000001e-06
604.154,1.5010401000000002e-05
604.193,1.1501481000000001e-05
604.232,1.4643783e-05
604.271,-2.62572e-06
604.31,3.0969029999999994e-06
604.349,6.927180000000001e-06
604.388,2.5904723999999994e-06
604.427,1.3993992000000002e-05
604.466,1.4595809999999999e-05
604.504,1.5537384e-05
604.543,1.7021100000000002e-05
604.582,1.3198379999999997e-05
604.621,1.2212114999999999e-05
604.66,1.6666644e-05
604.699,9.37824e-06
604.738,-2.266254e-06
604.777,1.4402952e-05
604.816,7.096013999999999e-06
604.855,7.87539126e-06
604.894,1.0875470999999998e-05
604.932,2.2267169999999996e-06
604.971,3.455228999999999e-06
605.01,2.2591110000000002e-05
605.049,1.9360907999999998e-05
605.088,2.017317e-05
605.127,-7.613609999999996e-07
605.166,1.6562148e-05
605.205,5.715027000000001e-06
605.244,2.2804452000000004e-05
605.283,5.131833000000001e-06
605.322,-3.41247e-06
605.361,5.621831999999999e-06
605.399,5.452536000000001e-06
605.438,1.71699e-05
605.477,-1.7824140000000005e-06
605.516,1.1565729000000001e-05
605.555,3.20205e-06
605.594,2.262228e-05
605.633,1.1830074000000001e-05
605.672,2.193819e-06
605.711,8.797758e-06
605.75,6.6597899999999995e-06
605.789,1.1645237999999999e-05
605.827,1.2859107e-05
605.866,6.523505999999999e-06
605.905,9.5319783e-06
605.944,7.20009e-06
605.983,1.6660005e-05
606.022,1.0970001000000001e-05
606.061,1.3765362000000001e-05
606.1,1.2831204e-05
606.139,1.2302559e-05
606.178,8.325992999999999e-06
606.217,-1.4331480000000001e-06
606.255,1.0373004000000001e-05
606.294,6.1318503e-06
606.333,2.138676e-05
606.372,4.059393e-06
606.411,1.1373221999999998e-05
606.45,1.5232923e-05
606.489,-8.7095145e-06
606.528,1.5209220000000001e-05
606.567,6.0881298e-06
606.606,1.3773968999999999e-05
606.645,8.485668e-06
606.684,8.290944000000001e-06
606.722,1.0058724e-05
606.761,2.1929694e-05
606.8,8.998235999999998e-06
606.839,7.803337800000001e-06
606.878,4.689066e-06
606.917,-4.1130179999999995e-06
606.956,2.900211e-05
606.995,1.0775862000000002e-05
607.034,1.0213095e-05
607.073,2.0575935e-05
607.112,1.7279730000000002e-05
607.15,1.3220046e-05
607.189,7.881741e-06
607.228,5.3034257999999995e-06
607.267,5.872014000000001e-06
607.306,1.273905e-05
607.345,3.4639767e-06
607.384,1.6139661e-05
607.423,1.672122e-06
607.462,6.378548999999999e-06
607.501,1.2673793999999999e-05
607.54,1.0810212e-05
607.578,7.35816e-06
607.617,1.6715189999999998e-05
607.656,1.2596453999999998e-05
607.695,8.731566e-06
607.734,6.10425e-06
607.773,-8.604117e-06
607.812,2.6968229999999997e-06
607.851,1.6054755e-05
607.89,-7.113734100000001e-06
607.929,1.183749e-05
607.968,1.1686190999999999e-05
608.007,9.752426999999999e-06
608.045,5.2720949999999995e-06
608.084,2.0380272e-05
608.123,7.1452799999999995e-06
608.162,1.4446335e-05
608.201,1.0378085999999998e-05
608.24,1.1697921e-05
608.279,6.5409507e-06
608.318,1.566591e-05
608.357,1.5944012999999997e-05
608.396,-1.0888589999999998e-06
608.435,5.090808000000004e-07
608.474,1.534422e-05
608.512,7.2295829999999995e-06
608.551,1.1184438e-05
608.59,2.949276e-06
608.629,2.0592930000000003e-05
608.668,9.851937000000001e-06
608.707,2.0309025e-05
608.746,1.2193385700000001e-05
608.785,8.555904e-06
608.824,6.558099000000001e-06
608.863,3.6782787000000002e-06
608.902,1.2358377e-05
608.94,1.0401767999999998e-05
608.979,7.3664217e-06
609.018,2.774319e-06
609.057,1.6368636e-05
609.096,9.97836e-06
609.135,2.548668e-06
609.174,-1.1791829999999994e-06
609.213,-4.1701799999999816e-08
609.252,5.0674829999999995e-06
609.291,2.0283599999999997e-05
609.33,8.923109999999998e-06
609.368,1.5080976e-05
609.407,1.2051488999999998e-05
609.446,3.571518e-05
609.485,1.6501940999999997e-05
609.524,1.6561883999999998e-05
609.563,2.394606e-06
609.602,6.761279999999999e-06
609.641,1.6990773e-05
609.68,1.1144787e-05
609.719,1.125774e-05
609.758,1.4076417000000001e-05
609.797,9.210719999999998e-06
609.835,1.3275297000000002e-05
609.874,8.206526999999999e-06
609.913,2.2127280000000004e-06
609.952,5.556774e-06
609.991,2.810872200000001e-06
610.03,8.257557e-06
610.069,-3.5936388e-06
610.108,6.5187119999999994e-06
610.147,-3.1714200000000004e-06
610.186,1.4576367e-05
610.225,8.4227235e-06
610.263,1.2553313999999999e-05
610.302,1.58862e-05
610.341,1.08742299e-05
610.38,9.689424000000001e-06
610.419,6.0237113999999995e-06
610.458,9.799403999999999e-06
610.497,5.790900000000002e-07
610.536,1.3409934e-05
610.575,-4.980786e-06
610.614,1.4408424e-05
610.653,6.7808694000000005e-06
610.692,1.546872e-05
610.73,1.1199089999999999e-05
610.769,8.157483e-06
610.808,-2.2005600000000018e-07
610.847,1.7480090999999998e-05
610.886,8.035656000000001e-06
610.925,8.673923999999999e-06
610.964,1.1491802999999999e-05
611.003,2.1452967e-06
611.042,1.8733319999999997e-05
611.081,1.1403770999999998e-05
611.12,1.1322132e-05
611.158,1.4997768e-05
611.197,1.3122045e-05
611.236,7.286709e-06
611.275,2.2479810000000004e-06
611.314,1.7919588e-05
611.353,9.275697000000002e-06
611.392,4.39806e-06
611.431,2.79693e-06
611.47,4.172339999999998e-07
611.509,1.4581154999999999e-05
611.548,3.5241330000000006e-06
611.586,1.1359446000000001e-05
611.625,2.558424e-05
611.664,1.85025e-05
611.703,1.198392e-05
611.742,3.10875e-06
611.781,6.849798e-06
611.82,1.9033740000000002e-06
611.859,1.939095e-05
611.898,1.6772037e-05
611.937,1.4469048899999999e-05
611.976,7.7215254e-06
612.015,1.1728524e-05
612.053,5.852699999999999e-06
612.092,4.97598e-06
612.131,1.1091858e-05
612.17,-6.217611e-06
612.209,1.0763241000000001e-05
612.248,1.6807191e-05
612.287,1.4228612999999998e-05
612.326,1.019973e-05
612.365,3.7732861200000004e-06
612.404,8.155461e-06
612.443,2.238369e-05
612.482,1.0668656999999999e-05
612.52,9.670883999999999e-06
612.559,1.60598637e-05
612.598,1.3740855e-05
612.637,5.07849e-06
612.676,1.1193069e-05
612.715,1.4074164e-05
612.754,1.855329e-05
612.793,3.193284e-06
612.832,2.131755e-05
612.871,9.1312449e-06
612.91,1.759884e-05
612.948,1.12908e-05
612.987,2.6702099999999993e-06
613.026,1.7417337e-05
613.065,6.441933000000002e-06
613.104,2.3750160000000006e-06
613.143,9.653063999999999e-06
613.182,1.132788e-05
613.221,1.0117455e-05
613.26,1.50147e-06
613.299,1.0931768999999998e-05
613.338,2.093241e-05
613.376,1.0654253999999998e-05
613.415,1.3960308000000001e-05
613.454,2.795448000000001e-06
613.493,5.83344e-06
613.532,8.1863862e-06
613.571,1.2356094000000002e-05
613.61,1.464597e-05
613.649,-2.8010400000000006e-06
613.688,4.275854999999999e-06
613.727,1.4484594e-05
613.766,1.5592643999999994e-05
613.805,4.803699e-06
613.843,1.15443e-05
613.882,9.689577e-06
613.921,4.066182e-06
613.96,1.719084e-05
613.999,7.214391e-06
614.038,9.587744999999998e-06
614.077,5.103591e-06
614.116,1.137765e-05
614.155,5.6685899999999995e-06
614.194,1.2037682999999998e-05
614.233,1.671957e-05
614.271,1.6446498e-05
614.31,1.0742751e-05
614.349,1.3078709999999998e-05
614.388,1.3208553e-05
614.427,8.610534e-06
614.466,3.7099290000000004e-06
614.505,1.1765982e-05
614.544,1.2612876000000002e-05
614.583,7.430976e-06
614.622,1.3558365e-05
614.661,6.619892999999999e-07
614.699,1.0719036e-05
614.738,2.0348100000000003e-05
614.777,4.649289e-06
614.816,1.3856265e-05
614.855,1.560864e-05
614.894,1.5486299999999999e-06
614.933,6.739239e-06
614.972,9.165993e-06
615.011,1.1191812e-05
615.05,3.5623341000000002e-06
615.089,9.238779e-06
615.128,9.34581e-06
615.166,9.958695e-06
615.205,1.2468153e-05
615.244,1.3370027999999999e-05
615.283,6.6069183e-06
615.322,1.2348012e-05
615.361,1.1038172999999998e-05
615.4,1.8089268e-05
615.439,1.692939e-06
615.478,1.0833879e-05
615.517,2.592891e-05
615.556,1.4206577999999999e-05
615.594,1.2955086e-05
615.633,3.6969842999999997e-06
615.672,-1.3804169999999998e-06
615.711,8.797047e-06
615.75,1.3910381999999999e-05
615.789,7.237097999999998e-06
615.828,1.3289304000000001e-05
615.867,8.818077e-06
615.906,6.514920000000002e-07
615.945,1.6013165999999998e-05
615.984,7.493636999999999e-06
616.023,8.032275e-06
616.061,1.3670193000000001e-05
616.1,4.697573999999999e-06
616.139,8.721582e-06
616.178,9.569412e-06
616.217,1.4651034e-05
616.256,1.3416401999999998e-05
616.295,7.042161e-06
616.334,1.402608e-05
616.373,9.040515e-06
616.412,7.479900000000001e-06
616.451,5.4203669999999995e-06
616.489,1.9583988e-05
616.528,1.3855821000000001e-05
616.567,1.539273e-05
616.606,4.8799559999999995e-06
616.645,1.6801095e-05
616.684,-1.4644890000000005e-06
616.723,8.3013033e-06
616.762,1.3202463000000002e-05
616.801,1.1677445999999999e-05
616.84,1.2824684699999999e-05
616.879,9.7071783e-06
616.917,7.666662e-06
616.956,6.124664999999999e-06
616.995,2.3592150000000004e-06
617.034,9.656109e-06
617.073,1.5779478e-05
617.112,9.777449999999999e-06
617.151,1.1794950000000001e-05
617.19,1.2307142999999999e-05
617.229,1.1558894999999998e-05
617.268,1.2511824e-05
617.307,1.6701489e-05
617.346,6.341381999999999e-06
617.384,1.563282e-05
617.423,1.544736e-05
617.462,9.03714e-06
617.501,4.429221000000001e-06
617.54,6.147516e-06
617.579,3.6017895e-06
617.618,1.0213461000000001e-05
617.657,1.0442564999999998e-05
617.696,7.720229999999998e-06
617.735,6.600327900000001e-06
617.774,1.0076295e-05
617.812,7.820087999999999e-06
617.851,2.028342e-05
617.89,1.5982728e-05
617.929,-2.980086e-06
617.968,1.1044377000000001e-05
618.007,4.4543187e-06
618.046,1.1036931e-05
618.085,8.822429999999999e-07
618.124,2.67209019e-06
618.163,1.9692059999999998e-05
618.202,1.3892703000000002e-05
618.241,1.3327385999999999e-05
618.279,9.332037000000001e-06
618.318,1.171815e-05
618.357,1.0507766471999997e-05
618.396,1.1892795000000002e-05
618.435,5.538492e-06
618.474,-9.760500000000002e-07
618.513,1.5655449e-05
618.552,-1.25643e-06
618.591,-1.7477160000000005e-06
618.63,4.69005e-06
618.669,4.8539190000000005e-06
618.707,1.3638688499999999e-05
618.746,1.1335995e-05
618.785,1.5829185e-05
618.824,6.795887999999999e-06
618.863,2.5356070200000004e-06
618.902,1.6274109000000002e-05
618.941,5.820390900000001e-07
618.98,1.751406e-05
619.019,1.8241083e-05
619.058,1.0774293e-05
619.097,7.7709204e-06
619.135,5.6391660000000005e-06
619.174,1.484574e-05
619.213,1.7415123e-05
619.252,1.0119465000000001e-05
619.291,1.0365012e-05
619.33,1.4318847000000001e-05
619.369,1.9674817200000003e-05
619.408,8.908617000000001e-06
619.447,1.5689318999999998e-05
619.486,1.411569e-05
619.525,1.727454e-05
619.564,-4.626330000000001e-07
619.602,1.3548018e-05
619.641,9.981023999999999e-06
619.68,5.4577746e-06
619.719,3.91896e-06
619.758,1.03502451e-05
619.797,1.7805783e-05
619.836,1.0754843999999998e-05
619.875,1.737564e-05
619.914,9.8162517e-06
619.953,1.0303403999999998e-05
619.992,7.298160000000001e-06
620.03,1.364913e-05
620.069,1.4910219e-05
620.108,8.540078999999999e-06
620.147,1.3127934e-05
620.186,1.1282943e-05
620.225,1.9060377e-05
620.264,1.3567872000000001e-05
620.303,8.727464999999998e-06
620.342,5.386544999999999e-06
620.381,6.040857e-06
620.42,1.9127579999999998e-05
620.458,6.269336999999999e-06
620.497,1.2340935000000001e-05
620.536,8.36112e-06
620.575,1.4656299000000001e-05
620.614,1.780941e-05
620.653,2.10771e-05
620.692,1.5121109999999999e-05
620.731,1.0377807e-05
620.77,1.0671158999999998e-05
620.809,1.6811022000000002e-05
620.848,1.9997318999999998e-05
620.887,2.02311e-05
620.925,1.06875807e-05
620.964,1.1295518999999999e-05
621.003,1.600638e-05
621.042,7.17825e-06
621.081,5.928285e-06
621.12,1.1510817e-05
621.159,6.796461000000001e-06
621.198,1.3122348e-05
621.237,1.018299e-05
621.276,7.305995399999999e-06
621.315,1.6962689999999997e-06
621.354,1.1554509000000002e-05
621.392,1.4041479000000002e-05
621.431,4.3619070000000005e-06
621.47,2.3123064e-06
621.509,1.3108889999999998e-05
621.548,1.13356335e-05
621.587,1.5045660000000001e-05
621.626,3.0232499999999994e-06
621.665,1.689786e-05
621.704,1.0183736999999998e-05
621.743,9.951276e-06
621.782,1.1392356e-05
621.82,7.572069000000001e-06
621.859,5.9054819999999995e-06
621.898,1.0771541999999998e-05
621.937,4.4301720000000004e-06
621.976,1.0892637e-05
622.015,8.749767e-06
622.054,9.2371317e-06
622.093,4.590884999999999e-06
622.132,5.784510000000004e-07
622.171,1.1023716000000001e-05
622.21,1.0554230999999998e-05
622.248,9.0533319e-06
622.287,1.5246399000000001e-05
622.326,2.0966457000000006e-06
622.365,1.776276e-05
622.404,1.4460270000000002e-05
622.443,1.0508067e-05
622.482,5.008524e-06
622.521,6.805086e-06
622.56,1.09720869e-05
622.599,7.245000000000001e-06
622.638,8.603988e-06
622.677,1.4458179e-05
622.715,1.3786325999999998e-05
622.754,1.1514927000000001e-05
622.793,1.3314257999999999e-05
622.832,1.4965893e-05
622.871,1.11774366e-05
622.91,1.5693012e-05
622.949,1.805835e-05
622.988,1.3794558e-05
623.027,5.181811410000001e-06
623.066,1.4747729999999998e-05
623.105,1.0959561000000001e-05
623.143,1.2815310000000001e-05
623.182,9.643022999999999e-06
623.221,1.4423181e-05
623.26,8.580733499999999e-06
623.299,4.4434559999999995e-06
623.338,8.25069e-06
623.377,1.7744316e-05
623.416,9.122957999999999e-06
623.455,1.4350107000000001e-05
623.494,6.426615e-06
623.533,1.4713499999999999e-05
623.572,7.953426e-06
623.61,1.210752e-05
623.649,7.281153000000001e-06
623.688,1.3211355000000002e-05
623.727,2.0175780000000003e-05
623.766,1.1047139999999999e-05
623.805,5.201574e-06
623.844,1.6603245e-05
623.883,2.811198e-06
623.922,9.266997e-06
623.961,3.368307e-06
624.0,9.936534e-06
624.038,1.4913482999999999e-05
624.077,8.6223e-07
624.116,1.1392959e-05
624.155,8.842560000000001e-06
624.194,2.2473441000000003e-05
624.233,1.021728e-05
624.272,4.767606e-06
624.311,1.1153987999999999e-05
624.35,1.39006818e-05
624.389,2.508648e-05
624.428,1.7551449e-05
624.466,2.9953829999999995e-06
624.505,1.0475112e-05
624.544,9.669483000000001e-06
624.583,2.1935478000000004e-05
624.622,1.08221415e-05
624.661,1.4795589e-05
624.7,1.6348488e-05
624.739,1.2998591999999998e-05
624.778,1.4751659999999997e-05
624.817,1.1261187000000001e-05
624.856,1.6397676e-05
624.895,8.016789e-06
624.933,4.1318475e-06
624.972,4.4242902e-06
625.011,9.998403e-06
625.05,6.173955000000001e-06
625.089,1.2929274e-05
625.128,1.430373e-05
625.167,-8.805300000000008e-08
625.206,8.649459e-06
625.245,1.0290687e-05
625.284,6.604431e-06
625.323,9.572702999999999e-06
625.362,1.7126832e-05
625.4,6.597443999999999e-06
625.439,1.2538761e-05
625.478,1.6715561999999996e-05
625.517,2.331201e-05
625.556,9.731057999999999e-06
625.595,5.9517436199999995e-06
625.634,1.0560206999999998e-05
625.673,1.3766681999999999e-05
625.712,1.570998e-05
625.751,1.6038071999999998e-05
625.789,3.587904e-06
625.828,6.034293e-06
625.867,5.1113694e-06
625.906,9.032658000000001e-06
625.945,1.119363e-05
625.984,7.274579999999999e-06
626.023,2.4383021999999997e-05
626.062,1.3572591e-05
626.101,1.4894988e-05
626.14,1.3890738000000001e-05
626.179,1.0142754e-05
626.218,6.977172e-06
626.256,4.6351245e-06
626.295,1.0641245999999998e-05
626.334,9.356622000000001e-06
626.373,2.0495070000000004e-06
626.412,1.5604113e-05
626.451,2.146161e-05
626.49,2.0986680000000002e-05
626.529,4.395282e-06
626.568,1.8141453e-05
626.607,1.0643859300000001e-05
626.646,1.5219120000000001e-05
626.685,1.4838930000000002e-05
626.723,1.1117190000000006e-06
626.762,7.732533000000001e-06
626.801,1.5142494e-05
626.84,1.4990924999999999e-05
626.879,4.15296e-06
626.918,1.8919721999999998e-05
626.957,1.4061990000000001e-05
626.996,1.1979398999999998e-05
627.035,3.930648000000001e-06
627.074,6.94479e-06
627.113,1.2029568000000002e-05
627.151,1.3178186999999998e-05
627.19,2.501883e-05
627.229,8.738840999999999e-06
627.268,1.5533811e-05
627.307,9.6450507e-06
627.346,1.7665715999999996e-05
627.385,1.2319299e-05
627.424,2.02986e-06
627.463,1.1986250999999998e-05
627.502,1.843173e-05
627.541,1.04604e-05
627.579,1.5573612000000002e-05
627.618,6.4549005e-06
627.657,1.1383358999999998e-05
627.696,1.97766e-05
627.735,2.2335900000000002e-06
627.774,1.3944587999999999e-05
627.813,8.831732999999999e-06
627.852,9.793485000000001e-06
627.891,5.0556429000000005e-06
627.93,1.7333735999999998e-05
627.969,2.41773e-06
628.008,8.207358e-06
628.046,1.3272047999999999e-05
628.085,1.748391e-05
628.124,4.376568e-06
628.163,-1.586246999999999e-06
628.202,1.656024e-05
628.241,8.82378177e-06
628.28,1.820163e-05
628.319,1.4344971e-05
628.358,9.002124e-06
628.397,1.1225202000000001e-05
628.436,1.3986531e-05
628.474,5.217369e-06
628.513,9.764454e-06
628.552,3.0152100000000036e-07
628.591,3.52914e-06
628.63,7.2756e-06
628.669,7.640766e-06
628.708,2.390247e-05
628.747,1.8978246000000003e-05
628.786,7.3136250000000015e-06
628.825,1.6361394e-05
628.864,5.610870000000001e-06
628.903,9.025137e-06
628.941,8.035694999999998e-06
628.98,1.0328687999999999e-05
629.019,6.643827000000001e-06
629.058,5.414910000000001e-06
629.097,6.278829e-06
629.136,1.703574e-05
629.175,2.18767038e-05
629.214,1.9564956000000003e-05
629.253,2.3304444e-05
629.292,1.075482e-05
629.331,1.2936959999999999e-05
629.369,1.4109756e-05
629.408,1.4682147e-05
629.447,1.238538e-05
629.486,1.0606815e-05
629.525,7.062180000000001e-06
629.564,1.2968202000000001e-05
629.603,1.1174537999999998e-05
629.642,9.380178e-06
629.681,7.31928e-06
629.72,1.0227039000000002e-05
629.759,1.036479e-05
629.797,9.069786000000003e-06
629.836,6.003438000000001e-06
629.875,1.309848e-05
629.914,1.5944289000000002e-05
629.953,1.0819683e-05
629.992,1.4907720000000001e-05
630.031,1.1038875e-05
630.07,9.484281e-06
630.109,1.6393857e-05
630.148,2.392254000000001e-06
630.187,6.756798000000001e-06
630.226,1.5266650199999997e-05
630.264,1.5155865000000001e-05
630.303,6.477600000000001e-07
630.342,1.8450576e-05
630.381,1.0411187699999999e-05
630.42,1.7027189999999998e-05
630.459,1.511082e-05
630.498,1.2114372000000002e-05
630.537,1.3720097999999999e-05
630.576,1.7097132e-05
630.615,9.327900000000001e-06
630.654,-5.113200000000017e-08
630.693,4.665543000000001e-06
630.731,2.5146480000000006e-05
630.77,2.806734e-05
630.809,1.274187e-05
630.848,6.489252e-06
630.887,2.1937500000000012e-07
630.926,1.271907e-05
630.965,1.1341101e-05
631.004,1.1787173999999998e-05
631.043,1.6187730000000003e-05
631.082,1.3234788e-05
631.121,1.75572066e-05
631.159,1.5595956e-05
631.198,8.625831e-06
631.237,1.8723099e-05
631.276,9.834270000000001e-06
631.315,1.3185918e-05
631.354,1.1977146e-05
631.393,1.906767e-05
631.432,-1.966830000000001e-07
631.471,1.1146821e-05
631.51,4.04574e-06
631.549,1.0512576e-05
631.587,1.1586785999999999e-05
631.626,1.0281765e-05
631.665,9.388682999999999e-06
631.704,7.2766953000000005e-06
631.743,8.605580999999999e-06
631.782,6.393072e-06
631.821,6.78948e-06
631.86,1.10092725e-05
631.899,1.2078708e-05
631.938,6.102687e-06
631.977,6.218685000000001e-06
632.016,1.0167213e-05
632.054,1.1506296e-05
632.093,9.87105e-06
632.132,1.0485567e-05
632.171,1.6584948e-05
632.21,1.2520653000000002e-05
632.249,1.880844e-05
632.288,2.4727649999999995e-06
632.327,1.1369193e-05
632.366,1.4897217e-05
632.405,1.37891421e-05
632.444,2.530983e-05
632.482,1.2807447e-05
632.521,1.4191878e-05
632.56,1.7619419999999997e-05
632.599,1.882227e-05
632.638,1.1715e-05
632.677,1.4342646e-05
632.716,8.198235e-06
632.755,7.4706959999999985e-06
632.794,5.14257e-06
632.833,8.148621e-06
632.872,1.2252599999999999e-05
632.91,8.463981e-06
632.949,2.021589e-05
632.988,1.9041e-05
633.027,1.4460002999999999e-05
633.066,9.731517e-06
633.105,1.7593518e-05
633.144,7.889168999999999e-06
633.183,1.1323986e-05
633.222,1.823973e-05
633.261,5.214024e-06
633.3,9.730017e-06
633.339,6.214745999999999e-06
633.377,1.0412427e-05
633.416,1.8489993e-05
633.455,1.1180571e-05
633.494,7.314189e-06
633.533,1.4303183999999998e-05
633.572,1.534557e-05
633.611,7.798959e-06
633.65,1.572909e-05
633.689,3.908907000000001e-06
633.728,1.6259010000000002e-05
633.767,1.5244259999999998e-05
633.805,1.3175415e-05
633.844,1.996302e-05
633.883,2.1588000000000004e-05
633.922,1.0060623e-05
633.961,1.2978711e-05
634.0,1.5630026999999998e-05
634.039,1.375392e-05
634.078,1.3112838000000002e-05
634.117,1.3505934e-05
634.156,8.974134e-06
634.195,1.5072403500000001e-05
634.234,1.3346897999999999e-05
634.272,1.3869434999999999e-05
634.311,6.048255299999999e-06
634.35,1.5908009999999998e-05
634.389,2.347968e-05
634.428,1.0900395e-05
634.467,1.640841e-05
634.506,5.8256229e-06
634.545,1.0599806700000002e-05
634.584,8.493923999999999e-06
634.623,1.355268e-05
634.662,1.805391e-05
634.7,8.186097e-06
634.739,1.761156e-05
634.778,1.032063e-05
634.817,1.3777215e-05
634.856,1.4698236000000001e-05
634.895,1.0198151999999999e-05
634.934,6.933500999999999e-06
634.973,8.607047999999999e-06
635.012,1.3738049999999998e-05
635.051,9.766067999999999e-06
635.09,3.3274350000000017e-06
635.128,1.2386946e-05
635.167,5.4355200000000004e-06
635.206,1.108892427e-05
635.245,2.640987e-05
635.284,8.302145999999999e-06
635.323,6.528891e-06
635.362,6.16368e-07
635.401,1.145961e-05
635.44,7.113873000000001e-06
635.479,4.5155469e-06
635.518,6.1391190000000005e-06
635.557,8.67708e-06
635.595,1.1980697999999998e-05
635.634,1.899204e-05
635.673,8.743923e-06
635.712,9.882285e-06
635.751,7.322460899999999e-06
635.79,5.1912624e-06
635.829,1.5472557e-05
635.868,2.1368849999999998e-05
635.907,1.0713221999999998e-05
635.946,1.4444001000000002e-05
635.985,1.837311e-05
636.023,1.308999e-05
636.062,1.4205692700000001e-05
636.101,7.142073e-06
636.14,6.185009399999999e-06
636.179,1.3182729000000001e-05
636.218,5.780474999999999e-06
636.257,8.07216e-06
636.296,1.0246410000000001e-05
636.335,1.3298954999999998e-05
636.374,1.5735294e-05
636.413,1.7541201e-05
636.452,1.1873505000000001e-05
636.49,9.602498999999999e-06
636.529,8.015013000000001e-06
636.568,1.2987579000000002e-05
636.607,7.091903999999999e-06
636.646,1.5862164e-05
636.685,1.0117476e-05
636.724,1.1622756e-05
636.763,8.080875e-06
636.802,1.1476515e-05
636.841,1.8418659e-05
636.88,1.0022531999999999e-05
636.918,3.1918290000000007e-06
636.957,1.878258e-05
636.996,9.695304000000001e-06
637.035,8.903232000000002e-06
637.074,1.1633355e-05
637.113,1.3227104999999998e-05
637.152,1.2197585999999998e-05
637.191,1.2490482e-05
637.23,2.179491e-05
637.269,1.971249e-05
637.308,6.589260000000008e-07
637.346,1.4203970999999999e-05
637.385,1.5973829999999998e-05
637.424,9.555819e-06
637.463,2.196225e-05
637.502,1.8045627e-05
637.541,1.2658112999999999e-05
637.58,1.0749861e-05
637.619,5.1608129999999995e-06
637.658,8.983404e-06
637.697,8.850297e-06
637.736,1.1760119700000001e-05
637.775,7.388627999999999e-06
637.813,1.9789620000000006e-05
637.852,1.1769867e-05
637.891,1.5253769999999999e-05
637.93,8.07354e-06
637.969,1.967853e-05
638.008,1.11927468e-05
638.047,1.6807584e-05
638.086,1.2773217e-05
638.125,1.92882e-05
638.164,6.124881900000001e-06
638.203,1.5708839999999997e-05
638.242,1.3649436000000002e-05
638.28,1.1059695000000002e-05
638.319,1.8219150000000003e-05
638.358,7.650585e-06
638.397,1.0839900000000003e-05
638.436,1.2701526e-05
638.475,1.2684515999999999e-05
638.514,1.0131759000000001e-05
638.553,1.3644324e-05
638.592,1.346391e-05
638.631,1.786749e-05
638.669,1.0984863000000001e-05
638.708,1.644756e-05
638.747,7.54527e-06
638.786,2.877222e-06
638.825,1.2195776999999998e-05
638.864,6.605460000000004e-07
638.903,1.5333708333000002e-05
638.942,1.59004572e-05
638.981,1.4777394e-05
639.02,1.0659135e-05
639.059,1.2924713999999998e-05
639.098,1.2849369e-05
639.136,7.4674560000000006e-06
639.175,1.3897782e-05
639.214,1.6045152e-05
639.253,1.0870575e-05
639.292,9.596951999999998e-06
639.331,8.821455e-06
639.37,1.5332994e-05
639.409,1.3039149e-05
639.448,4.987920000000001e-06
639.487,1.658043e-05
639.526,8.068623e-06
639.565,5.1650829e-06
639.603,1.0534289999999998e-05
639.642,1.2090294000000002e-05
639.681,8.559780000000001e-06
639.72,1.2552855000000002e-05
639.759,1.9908270000000002e-05
639.798,6.509388e-06
639.837,1.1716655999999999e-05
639.876,1.065735e-05
639.915,2.102508e-05
639.954,1.0160571e-05
639.993,8.158218e-06
640.031,1.1944686000000001e-05
640.07,1.1774166e-05
640.109,2.6291999999999995e-05
640.148,1.4102217900000001e-05
640.187,1.1894048999999999e-05
640.226,9.3719595e-06
640.265,1.4866902000000002e-05
640.304,1.6010241e-05
640.343,1.2548826e-06
640.382,9.262781399999998e-06
640.421,8.701611e-06
640.459,1.2436782e-05
640.498,1.1184741e-05
640.537,1.5204e-05
640.576,1.4172239999999999e-05
640.615,5.775150000000001e-06
640.654,1.1576061e-05
640.693,5.582634e-06
640.732,1.2165504e-05
640.771,1.2791141999999998e-05
640.81,5.7523443e-06
640.849,7.480533e-06
640.888,1.2599232e-05
640.926,8.82135e-06
640.965,1.1907075000000002e-05
641.004,1.7142471e-05
641.043,1.5726069e-05
641.082,1.5819789e-05
641.121,1.464345e-05
641.16,1.1837687999999999e-05
641.199,8.194203e-06
641.238,1.4529660000000001e-05
641.277,1.0086150000000002e-05
641.316,9.567488999999998e-06
641.354,1.366944e-05
641.393,6.246756000000001e-06
641.432,9.397287e-06
641.471,1.2884207999999998e-05
641.51,1.641588e-05
641.549,1.4551823999999999e-05
641.588,7.145019e-06
641.627,1.1568828e-05
641.666,6.702105e-06
641.705,1.562361e-05
641.744,9.10023e-06
641.783,9.788862e-06
641.821,2.0375706e-05
641.86,1.626396e-05
641.899,1.6694529e-05
641.938,1.7903328e-05
641.977,1.2061191e-05
642.016,1.733553e-05
642.055,7.81647e-06
642.094,1.36963608e-05
642.133,1.414548e-05
642.172,1.1153868900000002e-05
642.211,1.310193e-05
642.249,5.331321e-06
642.288,1.0629404999999998e-06
642.327,1.0080614999999997e-05
642.366,1.2132831e-05
642.405,1.160247e-05
642.444,9.9078279e-06
642.483,1.8034829999999998e-05
642.522,1.9271877000000005e-05
642.561,1.347276e-05
642.6,1.4957331e-05
642.639,1.07496363e-05
642.677,3.6451266e-06
642.716,1.1113341e-05
642.755,1.0266165000000001e-05
642.794,5.857555200000001e-06
642.833,1.3612014e-05
642.872,1.0640214e-05
642.911,1.1828580000000001e-05
642.95,8.39298e-06
642.989,1.675734e-05
643.028,1.2998724e-05
643.067,1.805418e-05
643.106,2.0353308e-05
643.144,8.161041e-06
643.183,1.4543772000000001e-05
643.222,1.87797e-05
643.261,8.4484959e-06
643.3,1.6494555e-05
643.339,9.671217e-06
643.378,1.5319098e-05
643.417,1.2363594e-05
643.456,8.917290000000001e-06
643.495,1.0999476000000003e-05
643.534,1.976934e-05
643.573,5.060097000000001e-06
643.611,1.0190046e-05
643.65,5.977905e-06
643.689,1.9361237999999997e-05
643.728,1.1538980999999999e-05
643.767,1.613277e-05
643.806,6.179037e-06
643.845,1.0745778000000001e-05
643.884,4.6565625e-06
643.923,1.1720903999999999e-05
643.962,1.2783366e-05
644.001,1.3291554e-05
644.039,9.554379e-06
644.078,1.5382122e-05
644.117,1.4331861000000002e-05
644.156,9.040884e-06
644.195,1.4815344e-05
644.234,1.5193224000000001e-05
644.273,1.0975746e-05
644.312,1.7554983e-05
644.351,1.7265921e-05
644.39,1.471827e-05
644.429,1.7213433e-05
644.467,1.6445025e-05
644.506,1.6307427000000003e-05
644.545,1.4562819e-05
644.584,6.29181e-06
644.623,7.2065913e-06
644.662,1.2384989999999998e-05
644.701,8.406186000000001e-06
644.74,2.2172466000000002e-05
644.779,3.5662799999999995e-06
644.818,9.479169000000001e-06
644.857,1.7782170000000002e-05
644.896,4.475789999999999e-07
644.934,1.27192551e-05
644.973,9.835557e-06
645.012,1.5357585e-05
645.051,1.0348824599999999e-05
645.09,1.3930272300000003e-05
645.129,3.3343560000000003e-06
645.168,1.7835149999999998e-05
645.207,1.3778535e-05
645.246,6.6911819999999995e-06
645.285,8.482776e-06
645.324,1.02418986e-05
645.362,2.1013137e-05
645.401,9.014388e-06
645.44,1.7979741e-05
645.479,7.747326e-06
645.518,1.1647140000000002e-05
645.557,1.5151299e-05
645.596,9.50664e-06
645.635,5.180625e-06
645.674,9.427071e-06
645.713,7.831965e-06
645.752,1.0199925000000002e-05
645.79,3.3831329999999997e-06
645.829,1.2660465000000001e-05
645.868,1.6191939e-05
645.907,1.1816007e-05
645.946,1.871205e-05
645.985,1.39811478e-05
646.024,8.068695000000001e-06
646.063,1.3222619999999999e-05
646.102,1.1205567e-05
646.141,1.8495660000000004e-05
646.18,8.170806e-06
646.219,1.8477180000000002e-05
646.257,8.004393e-06
646.296,3.566127e-06
646.335,1.8841619999999997e-05
646.374,1.7788671e-05
646.413,1.1663837999999999e-05
646.452,7.830513e-06
646.491,1.5935649e-05
646.53,1.75548e-05
646.569,1.7177628e-05
646.608,1.4786648999999999e-05
646.647,1.669272e-05
646.685,5.701190999999999e-06
646.724,2.316873e-05
646.763,1.382166e-05
646.802,5.381244e-06
646.841,2.2189710000000003e-05
646.88,1.8911100000000003e-05
646.919,7.393248e-06
646.958,9.939440999999999e-06
646.997,1.395609e-05
647.036,7.690506e-06
647.075,1.2749355e-05
647.114,1.1733744000000001e-05
647.152,7.280961e-06
647.191,8.318898e-06
647.23,9.670269e-06
647.269,4.5766319999999996e-06
647.308,9.89607e-06
647.347,1.3705302e-05
647.386,8.709423e-06
647.425,7.18818e-06
647.464,8.695275e-06
647.503,2.072328e-05
647.542,7.09683e-06
647.58,1.24953123e-05
647.619,1.917993e-05
647.658,1.9137989999999998e-05
647.697,9.862014e-06
647.736,6.673611e-06
647.775,1.8310608e-05
647.814,1.6256841e-05
647.853,1.3588020000000002e-05
647.892,9.048471599999998e-06
647.931,1.8431070000000002e-05
647.97,1.2064283999999999e-05
648.008,1.597941e-05
648.047,1.0724853e-05
648.086,1.3021881000000001e-05
648.125,1.326537e-05
648.164,1.1845866e-05
648.203,1.0173684000000002e-05
648.242,1.3192299000000001e-05
648.281,1.0616826000000001e-05
648.32,1.5846227399999998e-05
648.359,4.5581879999999995e-06
648.398,1.4958249e-05
648.437,5.460326700000002e-06
648.475,1.1390702999999999e-05
648.514,1.946826e-05
648.553,1.0710926999999998e-05
648.592,1.4474499000000002e-05
648.631,1.3527162e-05
648.67,3.235608e-06
648.709,8.731431e-06
648.748,6.026532e-06
648.787,1.1323065e-05
648.826,1.2392711400000002e-05
648.865,8.676384e-06
648.904,1.2270177000000002e-05
648.942,9.739356e-06
648.981,1.3703211e-05
649.02,1.1764031699999999e-05
649.059,1.5910691999999998e-05
649.098,1.2280212000000003e-05
649.137,1.5865533e-05
649.176,1.4890875e-05
649.215,1.13329065e-05
649.254,1.3683300000000002e-05
649.293,7.144892100000001e-06
649.332,1.3143924e-05
649.37,7.536447e-06
649.409,1.1604591e-05
649.448,4.800792e-06
649.487,1.5277437e-05
649.526,2.742102e-06
649.565,1.9152939e-05
649.604,1.711944e-05
649.643,1.9560762e-05
649.682,1.2990893999999998e-05
649.721,8.112960000000001e-07
649.76,2.2034369999999998e-05
649.798,7.149852e-06
649.837,1.818789e-05
649.876,9.321102e-06
649.915,1.0607166e-05
649.954,6.061086e-06
649.993,1.5783173999999997e-05
650.032,1.663422e-05
650.071,1.4794727999999999e-05
650.11,1.60151661e-05
650.149,1.4864601e-05
650.188,1.5907986e-05
650.227,1.3202904e-05
650.265,6.398976e-06
650.304,2.5842690000000002e-05
650.343,1.956096e-05
650.382,1.911345e-05
650.421,2.1114375e-05
650.46,8.710671e-06
650.499,1.3154433000000001e-05
650.538,1.2838446000000001e-05
650.577,1.1895351e-05
650.616,1.93460409e-05
650.655,1.1166641999999999e-05
650.693,2.440908e-05
650.732,1.4604762e-05
650.771,1.4733942e-05
650.81,1.14602871e-05
650.849,1.1404976999999999e-05
650.888,8.197508999999999e-06
650.927,1.796808e-05
650.966,1.3518735e-05
651.005,1.680849e-05
651.044,4.7667687e-06
651.083,1.0626270000000002e-05
651.121,1.89873e-05
651.16,6.7164449999999995e-06
651.199,1.1917932e-05
651.238,7.5908511e-06
651.277,4.930335e-06
651.316,1.56736497e-05
651.355,8.5800483e-06
651.394,1.6437495e-05
651.433,8.099262e-06
651.472,2.0103852e-05
651.511,1.9401039e-05
651.549,6.7391820000000006e-06
651.588,1.07214039e-05
651.627,5.861894999999999e-06
651.666,9.778247999999999e-06
651.705,1.5215379000000003e-05
651.744,1.8980759999999997e-05
651.783,8.791185e-06
651.822,1.4876930999999996e-05
651.861,1.80662637e-05
651.9,1.29591924e-05
651.939,1.2309305999999999e-05
651.978,1.0487763e-05
652.016,1.2161931000000001e-05
652.055,1.52049357e-05
652.094,1.6575363e-05
652.133,1.751187e-05
652.172,1.625715e-05
652.211,7.2826572240000004e-06
652.25,2.3693592e-05
652.289,1.3307031e-05
652.328,1.2392663999999999e-05
652.367,6.838182e-06
652.406,1.408344e-05
652.445,1.5157881e-05
652.483,1.3809786e-05
652.522,1.4824830000000001e-05
652.561,1.5886710000000002e-05
652.6,1.7915856000000002e-05
652.639,9.96141e-06
652.678,2.539662e-05
652.717,2.086032e-05
652.756,1.5691752e-05
652.795,1.7585556e-05
652.834,1.8817605e-05
652.873,5.24802e-06
652.911,1.2097499999999999e-05
652.95,7.905959999999999e-06
652.989,1.1860637999999999e-05
653.028,1.0789569000000001e-05
653.067,3.7953540000000005e-06
653.106,1.2475014000000002e-05
653.145,4.27174512e-06
653.184,9.676194e-06
653.223,1.1833974e-05
653.262,1.0749876e-05
653.301,9.985014e-06
653.339,7.04457e-06
653.378,5.868684000000001e-06
653.417,1.0730682e-05
653.456,4.809132e-06
653.495,2.2632150000000028e-07
653.534,1.43085e-05
653.573,8.116953e-06
653.612,1.4459918999999999e-05
653.651,1.3617705e-05
653.69,1.9814555999999995e-05
653.729,9.259173e-06
653.768,1.4304087e-05
653.806,1.5250131e-05
653.845,1.1169354299999999e-05
653.884,2.084301e-05
653.923,1.1992926000000001e-05
653.962,1.5179529e-05
654.001,4.350822e-06
654.04,1.5951732e-05
654.079,1.0441971000000002e-05
654.118,1.0173384e-05
654.157,1.748817e-05
654.196,1.327107e-05
654.234,1.607202e-06
654.273,1.8448266e-05
654.312,1.4234474699999999e-05
654.351,1.1718288000000001e-05
654.39,7.606416000000001e-06
654.429,1.516794e-05
654.468,1.364211e-05
654.507,1.923891e-05
654.546,1.8089016e-05
654.585,1.3895904e-05
654.624,1.3975668e-05
654.663,1.3430874000000001e-05
654.701,2.718063e-06
654.74,1.7113632e-05
654.779,9.907362e-06
654.818,7.500116999999999e-06
654.857,1.5378855e-05
654.896,1.8854934e-05
654.935,1.1945712000000001e-05
654.974,1.3694945999999999e-05
655.013,1.3372977000000003e-05
655.052,7.360634999999999e-06
655.091,1.3529286e-05
655.129,9.570636e-06
655.168,1.2729396e-05
655.207,9.107607e-06
655.246,1.3590869999999999e-05
655.285,1.3534923e-05
655.324,6.176558999999999e-06
655.363,1.273263e-05
655.402,1.4805309e-05
655.441,1.1883756e-05
655.48,9.441435e-06
655.519,8.187813e-06
655.557,1.488684e-05
655.596,6.795636000000001e-06
655.635,1.646028e-05
655.674,1.992243e-05
655.713,2.5402074000000004e-06
655.752,1.1293130999999998e-05
655.791,9.5979669e-06
655.83,8.907069e-06
655.869,9.945054e-06
655.908,1.2310877999999999e-05
655.947,1.1436768000000001e-05
655.986,1.3412870999999999e-05
656.024,1.966362e-05
656.063,1.348629e-05
656.102,1.3340331e-05
656.141,2.368722e-05
656.18,9.509835000000002e-06
656.219,1.23418905e-05
656.258,1.0212795e-05
656.297,1.1434664699999999e-05
656.336,1.2232674e-05
656.375,1.0070216399999999e-05
656.414,5.266659000000001e-06
656.453,1.29630789e-05
656.491,1.3648049999999999e-05
656.53,1.745289e-05
656.569,1.0336632e-05
656.608,5.59017e-06
656.647,9.2954259e-06
656.686,1.383438e-05
656.725,1.485576e-05
656.764,1.1213334e-05
656.803,1.0489593e-05
656.842,1.8783420000000002e-05
656.881,1.9286550000000003e-05
656.919,7.29096e-06
656.958,2.10651e-06
656.997,1.1372111999999999e-05
657.036,1.949343e-05
657.075,1.0440360000000001e-05
657.114,1.666503e-05
657.153,1.5483921e-05
657.192,2.1162233700000004e-05
657.231,9.0079803e-06
657.27,2.2513406999999996e-05
657.309,-4.5171779999999995e-06
657.347,5.338101e-06
657.386,8.937346499999999e-06
657.425,1.4232411000000001e-05
657.464,8.7924489e-06
657.503,1.4623623000000001e-05
657.542,1.4769474e-05
657.581,1.0839717e-05
657.62,1.5690930000000005e-05
657.659,1.7610009e-05
657.698,2.3274560999999996e-05
657.737,7.803111e-06
657.776,6.298859999999999e-06
657.814,1.2530220000000002e-05
657.853,7.698834000000001e-06
657.892,1.3912872e-05
657.931,1.2251892e-05
657.97,7.879761e-06
658.009,2.004687e-05
658.048,1.2416130000000002e-05
658.087,1.0461801000000001e-05
658.126,1.3687749e-05
658.165,1.1180291999999998e-05
658.204,1.835082e-05
658.242,2.1572946e-05
658.281,1.6614489e-05
658.32,1.6372188000000003e-05
658.359,7.361079000000001e-06
658.398,1.7918043e-05
658.437,1.1543532e-05
658.476,6.823245e-06
658.515,-3.138852e-06
658.554,2.4543450000000003e-05
658.593,2.3077239e-05
658.632,1.422615e-05
658.67,4.754583e-06
658.709,1.1173341e-05
658.748,2.2902750000000004e-05
658.787,9.62577e-06
658.826,2.0120324699999998e-05
658.865,1.7090652e-05
658.904,8.647005e-06
658.943,8.942736e-06
658.982,5.734335e-06
659.021,1.8354294e-05
659.06,2.091102e-05
659.099,1.525767e-05
659.137,1.0331247e-05
659.176,1.9497174e-05
659.215,1.5934596e-05
659.254,1.1535615000000001e-05
659.293,3.2960699999999997e-06
659.332,1.8847839e-05
659.371,1.2868899000000002e-05
659.41,2.25021e-06
659.449,6.670746000000001e-06
659.488,1.9046978999999998e-05
659.527,1.4507088e-05
659.565,1.4659533e-05
659.604,1.904313e-05
659.643,7.49046e-06
659.682,2.4734280000000003e-05
659.721,2.387847e-05
659.76,9.900807000000001e-06
659.799,1.4836719e-05
659.838,1.42895325e-05
659.877,5.5007862e-06
659.916,6.1512531e-06
659.955,9.385776e-06
659.994,1.951629e-05
660.032,1.1173526999999998e-05
660.071,1.0603268999999999e-05
660.11,9.179118e-06
660.149,1.907736e-05
660.188,1.3387922999999999e-05
660.227,9.0092112e-06
660.266,6.527289e-06
660.305,1.5300570000000002e-05
660.344,1.313355e-05
660.383,1.2174756e-05
660.422,7.1363880000000005e-06
660.46,1.49652e-05
660.499,1.0359651000000001e-05
660.538,2.1644868000000003e-05
660.577,1.6468469999999998e-05
660.616,1.3427130000000001e-05
660.655,1.940286e-05
660.694,6.8490299999999995e-06
660.733,1.0214069999999999e-05
660.772,1.7680710000000002e-05
660.811,1.2588542999999999e-05
660.85,1.057323558e-05
660.888,5.146428e-06
660.927,1.9439043e-05
660.966,1.1130849000000001e-05
661.005,1.4849049000000002e-05
661.044,1.2932637e-05
661.083,1.6668045e-05
661.122,1.2796041e-05
661.161,1.64456841e-05
661.2,1.1975193e-05
661.239,1.995552e-05
661.278,4.97904e-06
661.317,1.7759789999999998e-05
661.355,1.904787e-05
661.394,1.8443316e-05
661.433,1.3094234999999996e-05
661.472,2.9543490000000005e-06
661.511,1.1452631999999999e-05
661.55,1.944789e-05
661.589,1.3330824e-05
661.628,5.604240000000001e-06
661.667,1.0620377999999999e-05
661.706,1.3647857999999999e-05
661.745,1.85424e-05
661.784,8.468075999999999e-06
661.822,1.394196e-05
661.861,1.1368670999999999e-05
661.9,1.0004956200000001e-05
661.939,9.264075e-06
661.978,2.2412330999999997e-05
662.017,1.8818790000000003e-05
662.056,6.611817000000001e-06
662.095,1.1555943e-05
662.134,1.1176806000000001e-05
662.173,1.3807254e-05
662.212,1.538787e-05
662.25,1.9143054e-05
662.289,1.2706674e-05
662.328,1.7231352e-05
662.367,5.828772e-06
662.406,6.194661e-06
662.445,1.5791540999999998e-05
662.484,1.0997849999999998e-05
662.523,1.5365037e-05
662.562,1.1745219000000001e-05
662.601,1.1670708000000002e-05
662.64,1.2920856e-05
662.678,8.257101e-06
662.717,1.9270173e-05
662.756,1.28467236e-05
662.795,2.124501e-05
662.834,1.3316756999999998e-05
662.873,1.1101110000000002e-05
662.912,2.3533320000000002e-05
662.951,6.18777e-06
662.99,1.7475621e-05
663.029,1.6044405e-05
663.068,1.3841907e-05
663.107,9.25005e-06
663.145,1.1322738e-05
663.184,1.4567042999999999e-05
663.223,1.0019768999999999e-05
663.262,6.34275e-06
663.301,1.3295718000000001e-05
663.34,1.0720329e-05
663.379,1.580409e-05
663.418,1.906527e-05
663.457,1.4063024999999999e-05
663.496,1.5499566e-05
663.535,8.131440000000001e-06
663.573,8.773704e-06
663.612,1.3189748999999999e-05
663.651,5.67483e-06
663.69,1.084647e-05
663.729,1.14906e-05
663.768,1.3449117000000001e-05
663.807,9.639555e-06
663.846,1.6243043999999997e-05
663.885,8.200329000000001e-06
663.924,1.7553981e-05
663.963,1.30229529e-05
664.001,1.363848e-05
664.04,1.2502968000000001e-05
664.079,1.767597e-05
664.118,6.800618999999998e-06
664.157,8.8398e-06
664.196,1.2501845999999999e-05
664.235,1.8938544000000002e-05
664.274,1.8361602000000003e-05
664.313,8.028770099999998e-06
664.352,6.975531000000001e-06
664.391,1.8958919999999997e-05
664.43,3.2779017000000002e-06
664.468,1.9816113e-05
664.507,1.2697686e-05
664.546,5.7555569999999995e-06
664.585,1.239888e-05
664.624,1.6066211999999998e-05
664.663,1.4778210000000001e-05
664.702,1.3755014999999999e-05
664.741,1.2635238e-05
664.78,1.5392403e-05
664.819,1.2383700000000005e-06
664.858,1.1081451000000002e-05
664.896,1.329786e-05
664.935,1.2687513e-05
664.974,2.0747052e-05
665.013,1.242780609e-05
665.052,1.0636967999999999e-05
665.091,6.7236360000000005e-06
665.13,9.527526000000003e-06
665.169,1.9353480000000002e-05
665.208,8.1732618e-06
665.247,9.422841e-06
665.286,2.724993e-05
665.325,1.2130500000000002e-05
665.363,9.963435e-06
665.402,1.7056122e-05
665.441,1.326675e-05
665.48,2.001369e-05
665.519,1.1318925e-05
665.558,5.263215e-06
665.597,2.3368095e-05
665.636,1.2941889000000002e-05
665.675,1.1641704e-05
665.714,9.41949e-06
665.753,1.202148e-05
665.791,1.3590132e-05
665.83,1.6667244e-05
665.869,1.0225401000000001e-05
665.908,1.5618561e-05
665.947,1.6533399000000004e-05
665.986,1.2148224e-05
666.025,1.248561e-05
666.064,8.084433e-06
666.103,2.0614743e-05
666.142,7.3816199999999995e-06
666.181,8.738922e-06
666.219,9.613566e-06
666.258,1.662939e-05
666.297,2.36679e-05
666.336,9.252233100000001e-06
666.375,1.3921443000000001e-05
666.414,1.2763329e-05
666.453,9.509718e-06
666.492,6.713697e-06
666.531,2.0142426e-05
666.57,1.0981977000000001e-05
666.609,5.4145476e-06
666.648,1.4864141999999999e-05
666.686,1.578711e-05
666.725,1.2145731e-05
666.764,1.6803159e-05
666.803,1.4857305000000003e-05
666.842,1.3638882e-05
666.881,2.4459720000000004e-05
666.92,1.435173e-05
666.959,7.611210000000001e-06
666.998,1.3450992000000002e-05
667.037,1.2067017000000001e-05
667.076,1.6880481e-05
667.115,1.24495389e-05
667.153,1.57584e-05
667.192,1.8961889999999998e-05
667.231,1.290888276e-05
667.27,1.136664e-05
667.309,1.7329608e-05
667.348,2.465946e-05
667.387,1.3026627e-05
667.426,1.7041293e-05
667.465,1.4626815e-05
667.504,1.1305478999999998e-05
667.543,2.238621e-05
667.581,1.6603296e-05
667.62,6.329220000000001e-06
667.659,1.5670767000000002e-05
667.698,1.3107662999999999e-05
667.737,1.56610095e-05
667.776,1.9318109999999998e-05
667.815,1.6380708e-05
667.854,2.3516891999999996e-05
667.893,1.625688e-05
667.932,1.0545543e-05
667.971,1.5152199e-05
668.009,2.1751830000000003e-05
668.048,7.2327495e-06
668.087,6.66324e-06
668.126,1.1135153999999999e-05
668.165,9.8095986e-06
668.204,9.376806e-06
668.243,7.403751000000001e-06
668.282,1.6053260999999998e-05
668.321,1.1284305e-05
668.36,1.4090418e-05
668.399,1.5230946e-05
668.438,1.1122887e-05
668.476,1.7993838e-05
668.515,8.816424e-06
668.554,1.4498610000000001e-05
668.593,9.781628999999999e-06
668.632,1.5358245e-05
668.671,1.0404509999999999e-05
668.71,1.4027831999999999e-05
668.749,9.365166e-06
668.788,1.4238659999999999e-05
668.827,1.2160901999999998e-05
668.866,1.2025749e-05
668.904,1.3282485000000001e-05
668.943,7.789278e-06
668.982,1.0245066e-05
669.021,1.8535719e-05
669.06,1.696488e-05
669.099,8.8445619e-06
669.138,1.918581e-05
669.177,1.7465364000000002e-05
669.216,1.3974882e-05
669.255,7.182297000000001e-06
669.294,2.111883e-05
669.333,1.3972716000000001e-05
669.371,1.874232e-05
669.41,1.707546e-05
669.449,1.6468280999999998e-05
669.488,1.2937242e-05
669.527,7.83561e-06
669.566,2.7788250000000003e-05
669.605,8.947710000000001e-06
669.644,1.0008078e-05
669.683,2.1625775999999996e-05
669.722,8.996907000000001e-06
669.76,4.9839498e-06
669.799,1.6534698e-05
669.838,1.2628608e-05
669.877,1.896804e-05
669.916,2.2567578e-05
669.955,4.4181510000000005e-06
669.994,1.5567267e-05
670.033,1.5552054000000004e-05
670.072,1.498035e-05
670.111,1.4958039e-05
670.15,1.7640621e-05
670.189,1.846776e-05
670.227,1.2136238999999999e-05
670.266,2.031072e-05
670.305,1.2284775e-05
670.344,1.1090219999999999e-05
670.383,1.4438292e-05
670.422,1.30558176e-05
670.461,7.213433999999999e-06
670.5,2.3004030000000004e-05
670.539,1.3051235999999998e-05
670.578,1.7542884e-05
670.617,1.3882110000000001e-05
670.656,1.142529e-05
670.694,7.18398e-06
670.733,1.5667041e-05
670.772,1.802142e-05
670.811,1.8554436e-05
670.85,7.966767000000001e-06
670.889,1.3927191e-05
670.928,9.8377752e-06
670.967,1.8003246e-05
671.006,1.725906e-05
671.045,1.8411956999999998e-05
671.084,1.7628819e-05
671.122,2.416272e-05
671.161,1.4428857e-05
671.2,1.3751664e-05
671.239,1.483494e-05
671.278,1.9100613e-05
671.317,1.9194782999999998e-05
671.356,1.081842e-05
671.395,1.3030320000000001e-05
671.434,1.1529554999999999e-05
671.473,1.6042686e-05
671.512,5.2735139999999995e-06
671.55,7.360323000000001e-06
671.589,1.4856474e-05
671.628,1.828542e-05
671.667,1.8041226e-05
671.706,1.2060530999999999e-05
671.745,2.453547e-05
671.784,1.6728638399999998e-05
671.823,1.209414e-05
671.862,1.4440551000000001e-05
671.901,1.5742311e-05
671.94,1.6959239999999998e-05
671.979,1.1171010000000001e-05
672.017,1.3287125999999998e-05
672.056,1.421214e-05
672.095,1.1592642e-05
672.134,1.6276818e-05
672.173,9.536865000000001e-06
672.212,1.2551440199999999e-05
672.251,1.5188489999999998e-05
672.29,1.5922092000000003e-05
672.329,1.8313551e-05
672.368,1.275051e-05
672.407,1.5489585e-05
672.445,1.5772773e-05
672.484,1.5854952e-05
672.523,1.8494472e-05
672.562,1.6850726999999998e-05
672.601,1.9155648e-05
672.64,1.488621e-05
672.679,1.4133690000000001e-05
672.718,1.8514793999999998e-05
672.757,2.022132e-05
672.796,1.1453538e-05
672.835,1.7561793e-05
672.874,2.300628e-05
672.912,1.58931e-05
672.951,1.87224e-05
672.99,2.9112869999999994e-06
673.029,1.3078554e-05
673.068,1.5416099999999996e-05
673.107,1.1414357999999999e-05
673.146,1.2572366999999998e-05
673.185,1.614891e-05
673.224,1.04017578e-05
673.263,1.350717e-05
673.302,2.2584670799999998e-05
673.34,1.0446357000000001e-05
673.379,1.9276811999999998e-05
673.418,2.0154372e-05
673.457,1.5181818e-05
673.496,1.3496789999999999e-05
673.535,1.7383401e-05
673.574,1.5841989e-05
673.613,1.5762849e-05
673.652,1.579539e-05
673.691,1.4598392999999998e-05
673.73,1.1515515e-05
673.768,8.58705e-06
673.807,2.113314e-05
673.846,1.770504e-05
673.885,6.564552e-06
673.924,2.1947699999999997e-05
673.963,8.101606500000002e-06
674.002,1.2261372000000001e-05
674.041,1.0521659999999998e-05
674.08,9.253329e-06
674.119,9.943422e-06
674.158,2.1029199000000002e-05
674.197,1.6593582e-05
674.235,1.4221725e-05
674.274,7.631135999999999e-06
674.313,1.6070493000000002e-05
674.352,1.767087e-05
674.391,1.1881728e-05
674.43,1.6527014999999997e-05
674.469,7.6149e-06
674.508,1.5815387999999998e-05
674.547,1.7932185e-05
674.586,5.242053e-06
674.625,4.13718e-06
674.664,1.6868616e-05
674.702,8.962131e-06
674.741,1.245468e-05
674.78,2.329953e-05
674.819,1.6336683000000003e-05
674.858,2.281065e-05
674.897,2.132307e-05
674.936,1.7427228e-05
674.975,1.2762534000000002e-05
675.014,9.548384999999999e-06
675.053,1.46747064e-05
675.092,9.197427e-06
675.13,1.4661579000000001e-05
675.169,1.4678070000000002e-05
675.208,7.88394e-06
675.247,1.798692e-05
675.286,8.87973e-06
675.325,1.1774870999999999e-05
675.364,1.3447662e-05
675.403,1.5588984e-05
675.442,7.660343999999999e-06
675.481,1.7484723000000002e-05
675.52,1.4941038000000002e-05
675.558,1.1893257e-05
675.597,5.478845999999999e-06
675.636,-2.0195099999999997e-06
675.675,7.504044000000002e-06
675.714,1.2071541e-05
675.753,8.29851e-06
675.792,1.626564e-05
675.831,1.8334482e-05
675.87,1.7768448000000002e-05
675.909,7.225365e-06
675.948,7.595594999999999e-06
675.987,1.6212546e-05
676.025,1.899747e-05
676.064,4.953369e-06
676.103,1.0488435e-05
676.142,1.4238417e-05
676.181,1.1175066000000001e-05
676.22,1.7565558e-05
676.259,1.3130064e-05
676.298,8.879649e-06
676.337,1.9713954600000002e-05
676.376,6.228876000000002e-06
676.415,1.1298825000000001e-05
676.453,1.863291e-05
676.492,1.0080888e-05
676.531,1.1498885999999998e-05
676.57,2.473437e-05
676.609,1.1124255e-05
676.648,1.2011004000000002e-05
676.687,-7.054050000000002e-07
676.726,1.0515723000000001e-05
676.765,1.8691529999999998e-05
676.804,1.51653e-05
676.843,1.9813574999999998e-05
676.881,2.274465e-05
676.92,1.6318734000000003e-05
676.959,2.0007030000000002e-05
676.998,1.892961e-05
677.037,8.70399e-06
677.076,1.7013384e-05
677.115,9.257093999999998e-06
677.154,1.719393e-05
677.193,1.510338e-05
677.232,7.0962999899999995e-06
677.271,2.044416e-05
677.31,2.071638e-05
677.348,2.06884554e-05
677.387,2.2012164e-05
677.426,1.4704772999999998e-05
677.465,5.8706999999999995e-06
677.504,2.2332738e-05
677.543,8.241867e-06
677.582,1.1596956e-05
677.621,1.2776319e-05
677.66,1.2285279e-05
677.699,1.4560196999999998e-05
677.738,1.5371775e-05
677.776,2.2289669999999996e-05
677.815,2.0357880000000002e-05
677.854,1.4442264e-05
677.893,1.892082e-05
677.932,1.8291719999999998e-05
677.971,1.5605244e-05
678.01,5.2990320000000005e-06
678.049,1.5428669999999998e-05
678.088,1.4181408000000001e-05
678.127,1.9834668e-05
678.166,2.292414e-05
678.205,1.4172006e-05
678.243,9.223359e-06
678.282,1.1380440000000001e-05
678.321,2.01649668e-05
678.36,7.993661999999999e-06
678.399,1.25670729e-05
678.438,1.8106469999999998e-05
678.477,3.891354e-06
678.516,1.8080490000000003e-05
678.555,1.3949609999999998e-05
678.594,1.68310254e-05
678.633,7.0120800000000005e-06
678.671,1.2373118999999997e-05
678.71,1.4054159999999999e-05
678.749,1.0268799e-05
678.788,1.9494231599999998e-05
678.827,1.0592043e-05
678.866,1.76256e-05
678.905,1.4544921000000001e-05
678.944,1.5561302999999998e-05
678.983,1.052367e-05
679.022,1.3126290000000001e-05
679.061,1.7221925999999996e-05
679.099,7.649664e-06
679.138,1.4075028e-05
679.177,1.7942826e-05
679.216,9.125028e-06
679.255,1.1390433e-05
679.294,1.6809407999999997e-05
679.333,1.591059e-05
679.372,2.213373e-05
679.411,1.3945692e-05
679.45,1.3877517e-05
679.489,1.3307649000000002e-05
679.528,1.3405761e-05
679.566,1.115355e-05
679.605,1.707864e-05
679.644,8.791019999999999e-06
679.683,2.0587469999999997e-05
679.722,1.309101e-05
679.761,2.4013680000000002e-05
679.8,1.6316583e-05
679.839,1.0837353e-05
679.878,1.7599499999999998e-06
679.917,1.753803e-05
679.956,1.9509029999999998e-05
679.995,1.4426073e-05
680.033,1.542081e-05
680.072,2.365134e-06
680.111,1.3615452e-05
680.15,1.5081603e-05
680.189,1.021863e-05
680.228,4.192029e-06
680.267,1.6932183e-05
680.306,1.1225120099999998e-05
680.345,8.356737e-06
680.384,1.843220862e-05
680.423,1.284873e-05
680.461,1.3090943999999999e-05
680.5,1.5046589999999999e-05
680.539,1.35556209e-05
680.578,1.7714118e-05
680.617,1.75315263e-05
680.656,2.0242977e-05
680.695,2.2689240000000002e-05
680.734,2.339412e-05
680.773,7.960797e-06
680.812,1.615893e-05
680.851,1.7348241e-05
680.889,1.59709479e-05
680.928,1.997475e-05
680.967,2.1142575e-05
681.006,9.61347e-06
681.045,1.5416981999999996e-05
681.084,1.7361651e-05
681.123,1.80744e-05
681.162,9.6129882e-06
681.201,1.71234747e-05
681.24,1.546254e-05
681.279,1.1733285e-05
681.318,1.5530429999999998e-05
681.356,2.3537640000000003e-05
681.395,1.6221159e-05
681.434,1.974444e-05
681.473,2.2149513e-05
681.512,9.941547e-06
681.551,1.1326845000000001e-05
681.59,1.3982046000000002e-05
681.629,5.967089999999999e-06
681.668,1.5195552e-05
681.707,1.606401e-05
681.746,1.9093479e-05
681.784,8.331492000000001e-06
681.823,1.8376617000000003e-05
681.862,1.9825086000000003e-05
681.901,1.2003023999999999e-05
681.94,1.124124e-05
681.979,1.4620827000000001e-05
682.018,1.6426347e-05
682.057,1.724313e-05
682.096,9.31554e-06
682.135,2.3974374000000004e-05
682.174,1.9732608e-05
682.213,1.4925626999999999e-05
682.251,2.936022e-05
682.29,2.25905043e-05
682.329,9.659112e-06
682.368,2.12433012e-05
682.407,2.1254460000000002e-05
682.446,1.6918614e-05
682.485,5.4501420000000004e-06
682.524,1.861869e-05
682.563,1.4922558e-05
682.602,7.609611e-06
682.641,1.3357722000000003e-05
682.679,1.1822271e-05
682.718,1.0238211e-05
682.757,1.1711958e-05
682.796,2.1214047e-05
682.835,1.2238236e-05
682.874,1.931583e-05
682.913,1.3718511000000001e-05
682.952,3.250653e-06
682.991,1.8445259999999998e-05
683.03,1.588041e-05
683.069,1.623372e-05
683.107,2.0103209999999998e-05
683.146,1.6684194000000002e-05
683.185,1.5734424000000002e-05
683.224,1.1315136e-05
683.263,1.678956e-05
683.302,2.3828159999999997e-05
683.341,1.3381887000000001e-05
683.38,1.7956787999999998e-05
683.419,7.0186859999999994e-06
683.458,1.3211883000000002e-05
683.497,1.5975195000000002e-05
683.536,1.4450325899999999e-05
683.574,1.4322222e-05
683.613,1.862811e-05
683.652,1.266276e-05
683.691,1.5142008e-05
683.73,8.228103000000002e-06
683.769,1.3744499999999999e-05
683.808,1.2943086e-05
683.847,1.1819937e-05
683.886,1.3294857000000001e-05
683.925,1.8956169e-05
683.964,1.2233700000000001e-05
684.002,1.6619595600000002e-05
684.041,1.4053481999999998e-05
684.08,1.4788494000000003e-05
684.119,9.077730000000002e-06
684.158,1.8697899e-05
684.197,1.9449273e-05
684.236,1.493787e-05
684.275,1.7896230000000002e-05
684.314,1.1082795000000001e-05
684.353,1.874076e-05
684.392,6.76194e-06
684.43,1.536573e-05
684.469,1.3910426999999999e-05
684.508,1.9044414e-05
684.547,9.50073e-06
684.586,1.11061017e-05
684.625,1.816374e-05
684.664,8.652075e-06
684.703,1.484925e-05
684.742,6.029183999999999e-06
684.781,1.6610030700000002e-05
684.82,2.3349480000000003e-05
684.859,1.5304209e-05
684.897,1.5225977999999998e-05
684.936,1.4500310999999999e-05
684.975,2.237844e-05
685.014,3.2198220000000003e-06
685.053,1.714263e-05
685.092,2.7353340000000004e-06
685.131,1.2926304000000001e-05
685.17,1.85829e-05
685.209,5.74281e-06
685.248,8.352807e-06
685.287,1.56771e-05
685.326,1.1221583999999997e-05
685.364,1.75706358e-05
685.403,1.839342e-05
685.442,1.762614e-05
685.481,1.6545066e-05
685.52,1.2916466999999999e-05
685.559,1.7363270999999998e-05
685.598,2.0103419999999996e-05
685.637,1.3183821e-05
685.676,1.3144608e-05
685.715,1.5059010000000002e-05
685.754,1.4828115e-05
685.792,1.0433096999999999e-05
685.831,1.8937769999999998e-05
685.87,2.202612e-05
685.909,1.639605e-05
685.948,1.2468039e-05
685.987,1.3087494e-05
686.026,9.8551077e-07
686.065,8.798124e-06
686.104,5.8623600000000006e-06
686.143,9.585147e-06
686.182,1.9734555e-05
686.22,1.7395416e-05
686.259,1.004535e-05
686.298,2.529801e-05
686.337,5.6395800000000005e-06
686.376,1.5503097000000003e-05
686.415,1.397796e-05
686.454,1.8627096e-05
686.493,1.1422455e-05
686.532,3.9486810000000005e-06
686.571,1.1291112e-05
686.61,1.3123131000000001e-05
686.648,1.1840189999999998e-05
686.687,2.674668e-05
686.726,1.3444730999999998e-05
686.765,2.4426149999999997e-05
686.804,1.3693470000000002e-05
686.843,9.593159999999999e-06
686.882,1.3693002000000001e-05
686.921,1.160895e-05
686.96,1.585209e-05
686.999,1.145838e-05
687.038,1.7172830999999997e-05
687.077,1.773432e-05
687.115,5.911569e-06
687.154,1.6927524e-05
687.193,3.090039e-06
687.232,1.7494363799999998e-05
687.271,2.0663580000000002e-05
687.31,1.1890992e-05
687.349,2.0341005e-05
687.388,1.4573939999999999e-05
687.427,1.8159693e-05
687.466,1.9236492e-05
687.505,2.6325000000000003e-05
687.544,1.7237580000000007e-06
687.582,1.3494315e-05
687.621,1.4237565e-05
687.66,1.4563758e-05
687.699,1.1447835000000002e-05
687.738,1.1039976e-05
687.777,2.2379669999999996e-05
687.816,1.0265079e-05
687.855,1.5252647999999998e-05
687.894,2.1172130999999998e-05
687.933,1.6472931e-05
687.972,1.986378e-05
688.01,1.5284283e-05
688.049,1.4931957000000001e-05
688.088,1.3629648e-05
688.127,1.8317918999999998e-05
688.166,2.0980859999999998e-05
688.205,1.65998631e-05
688.244,6.9404879999999995e-06
688.283,1.6376432999999998e-05
688.322,1.6651611e-05
688.361,1.4781868199999999e-05
688.4,1.2848633999999999e-05
688.438,2.272056e-05
688.477,1.249425e-05
688.516,1.6057032e-05
688.555,1.7648166e-05
688.594,1.3627752e-05
688.633,1.20968727e-05
688.672,1.2648662999999998e-05
688.711,2.1613989000000003e-05
688.75,1.9381676999999998e-05
688.789,1.6119495e-05
688.828,1.0897156500000002e-05
688.867,1.3049187000000001e-05
688.905,1.3732914e-05
688.944,1.8303552e-05
688.983,2.1993666e-05
689.022,1.2894339000000001e-05
689.061,1.2688589999999998e-05
689.1,1.3513641e-05
689.139,8.1013434e-06
689.178,1.745731812e-05
689.217,1.1026395e-05
689.256,1.1587751999999998e-05
689.295,1.5430392e-05
689.333,1.4324399999999998e-05
689.372,7.948284000000001e-06
689.411,6.6244739999999996e-06
689.45,1.422252e-05
689.489,7.1494530000000005e-06
689.528,1.1280111e-05
689.567,1.0627880999999998e-05
689.606,2.034018e-05
689.645,1.0474740000000001e-05
689.684,2.493672e-06
689.723,2.0395503e-05
689.761,2.0182269e-05
689.8,1.5731714400000002e-05
689.839,1.9479552e-05
689.878,2.0919876e-05
689.917,1.7303649e-05
689.956,1.616001e-05
689.995,8.397564e-06
690.034,1.2861825000000001e-05
690.073,1.518789e-05
690.112,1.4338842e-05
690.151,1.349643e-05
690.19,2.00223e-05
690.228,1.52982408e-05
690.267,9.944496e-06
690.306,9.73296e-06
690.345,5.24885583e-06
690.384,1.2372651e-05
690.423,1.9877069999999998e-05
690.462,2.313687e-05
690.501,1.2812124000000001e-05
690.54,1.3105749e-05
690.579,1.4714796000000001e-05
690.618,1.830993e-05
690.656,1.992954e-05
690.695,2.04198129e-05
690.734,1.0195473e-05
690.773,2.020797e-05
690.812,7.838085000000001e-06
690.851,1.565034e-05
690.89,1.0315011e-05
690.929,1.2604950000000002e-05
690.968,1.4172069e-05
691.007,9.870708e-06
691.046,7.695585e-06
691.085,7.729469999999999e-06
691.123,2.058144e-05
691.162,9.030929999999999e-06
691.201,1.5695589000000003e-05
691.24,1.430496e-05
691.279,1.35071493e-05
691.318,1.5912621e-05
691.357,1.8909774e-05
691.396,1.19313048e-05
691.435,2.0719728e-05
691.474,1.1820344999999999e-05
691.513,9.531882e-06
691.551,1.4161496999999998e-05
691.59,1.6956501e-05
691.629,5.972186999999999e-06
691.668,5.46927e-06
691.707,1.955973e-05
691.746,7.69201467e-06
691.785,1.3993227e-05
691.824,4.695147e-06
691.863,1.4632070999999999e-05
691.902,1.482609e-05
691.941,5.80665e-06
691.979,8.354007e-06
692.018,1.0479834e-05
692.057,7.859475e-06
692.096,1.1289360000000001e-05
692.135,1.6934595e-05
692.174,1.790298e-05
692.213,1.719186e-05
692.252,1.6948185e-05
692.291,1.5943056e-05
692.33,1.9724373e-05
692.369,1.3884546e-05
692.408,1.8894509999999997e-05
692.446,1.04312391e-05
692.485,1.9579683e-05
692.524,2.015598e-05
692.563,1.850958e-05
692.602,1.6842179999999998e-05
692.641,1.8225411e-05
692.68,1.4676501e-05
692.719,8.680098e-06
692.758,1.1679039000000001e-05
692.797,1.5788429999999998e-05
692.836,2.3507865000000003e-05
692.875,2.450871e-05
692.913,2.1552867e-05
692.952,1.5536679e-05
692.991,2.0364096e-05
693.03,2.0325524999999995e-05
693.069,1.9748429999999998e-05
693.108,1.9473840000000003e-05
693.147,2.380335e-05
693.186,9.503999999999999e-06
693.225,1.1465481e-05
693.264,1.7214444e-05
693.303,9.208409999999999e-06
693.341,1.9960440000000002e-05
693.38,1.3661385e-05
693.419,5.172051e-06
693.458,1.43614257e-05
693.497,6.15399e-06
693.536,8.638866e-06
693.575,1.85985e-05
693.614,1.1574546000000002e-05
693.653,1.3602218999999999e-05
693.692,1.383012e-05
693.731,1.7567336999999998e-05
693.769,1.3534181999999999e-05
693.808,1.2686199899999999e-05
693.847,5.073981e-06
693.886,1.3918107e-05
693.925,2.0286069e-05
693.964,8.795622000000001e-06
694.003,1.5534182999999998e-05
694.042,1.5892719e-05
694.081,2.1064476e-05
694.12,1.405518e-05
694.159,9.144816e-06
694.198,1.28596464e-05
694.236,1.898862e-05
694.275,1.6294731e-05
694.314,1.439307e-05
694.353,9.7816287e-06
694.392,1.6446089999999998e-05
694.431,2.9403089999999992e-06
694.47,1.4486606999999999e-05
694.509,2.438793e-05
694.548,9.14841e-06
694.587,8.248410000000001e-06
694.626,1.1362364999999999e-05
694.664,1.0444308e-05
694.703,1.2884141999999999e-05
694.742,2.662428e-06
694.781,7.509603000000001e-06
694.82,1.5461069999999998e-05
694.859,8.873922e-06
694.898,1.9150458e-05
694.937,1.2246453e-05
694.976,4.56537e-06
695.015,1.4997222e-05
695.054,1.7292324e-05
695.093,9.2544258e-06
695.131,1.763868e-05
695.17,1.529064e-05
695.209,1.5029516999999999e-05
695.248,1.43808e-05
695.287,1.3808568e-05
695.326,1.23690423e-05
695.365,1.061973342e-05
695.404,1.3313051999999998e-05
695.443,1.4257245e-05
695.482,5.9077499999999995e-06
695.521,1.0972737e-05
695.559,1.730238e-05
695.598,1.52966259e-05
695.637,5.52321e-06
695.676,2.11500018e-05
695.715,6.441704999999999e-06
695.754,1.748886e-05
695.793,1.0145379e-05
695.832,1.403115e-05
695.871,2.20461e-05
695.91,1.07085e-05
695.949,2.3509170000000003e-05
695.987,1.6403055000000002e-05
696.026,1.3696305e-05
696.065,2.0118743999999998e-05
696.104,1.66748904e-05
696.143,1.5943656e-05
696.182,1.622229e-05
696.221,2.0009889e-05
696.26,1.6780338e-05
696.299,1.0785237e-05
696.338,1.3466016e-05
696.377,6.67881e-06
696.416,1.5433749000000002e-05
696.454,1.197372e-05
696.493,6.975651e-06
696.532,2.4301131e-05
696.571,1.7211942000000002e-05
696.61,1.2273969e-05
696.649,1.6936881000000002e-05
696.688,1.3667493e-05
696.727,1.3906011e-05
696.766,1.4570904000000002e-05
696.805,1.8467080499999998e-05
696.844,2.1482685000000003e-05
696.882,4.807383000000001e-06
696.921,1.1224260000000001e-05
696.96,1.2949895999999999e-05
696.999,1.2154769999999999e-05
697.038,1.5891990000000002e-05
697.077,1.400313e-05
697.116,2.063304e-05
697.155,2.1099723e-05
697.194,1.9651493999999997e-05
697.233,2.8451486999999995e-05
697.272,1.0236558000000001e-05
697.31,1.726125e-05
697.349,6.5074199999999994e-06
697.388,1.3997961e-05
697.427,2.1019487999999998e-05
697.466,9.607431e-06
697.505,1.5765663e-05
697.544,1.4936205e-05
697.583,1.104474e-05
697.622,1.2767154e-05
697.661,1.074018e-05
697.7,2.5024041e-05
697.739,2.0859309e-05
697.777,2.0613689999999998e-05
697.816,1.7832840000000003e-05
697.855,1.7907546e-05
697.894,1.321859409e-05
697.933,2.4224064000000002e-05
697.972,1.3247439e-05
698.011,1.5180311999999999e-05
698.05,2.047818e-05
698.089,1.9342134e-05
698.128,2.0679209999999997e-05
698.167,1.3697400000000002e-05
698.206,1.2288975000000002e-05
698.244,1.92684285e-05
698.283,2.2757519999999998e-05
698.322,1.5832719e-05
698.361,1.2842988000000001e-05
698.4,7.84926e-06
698.439,2.0717907e-05
698.478,1.2256941000000002e-05
698.517,1.4633112e-05
698.556,6.9575763e-06
698.595,1.7773679999999998e-05
698.634,1.2603365999999999e-05
698.672,1.9471380000000003e-05
698.711,2.4412914e-05
698.75,1.084914e-05
698.789,9.441072e-06
698.828,1.7460840000000003e-05
698.867,1.3619304e-05
698.906,2.5239783e-05
698.945,1.893582e-05
698.984,1.3665567e-05
699.023,1.6757088e-05
699.062,1.5671163e-05
699.1,1.7870403e-05
699.139,1.4706849e-05
699.178,1.9238295e-05
699.217,1.4826132e-05
699.256,1.2991916999999998e-05
699.295,1.7714592e-05
699.334,1.3733175000000001e-05
699.373,2.1278240999999998e-05
699.412,1.5999500999999998e-05
699.451,1.0097436e-05
699.49,1.1762502000000002e-05
699.529,1.4259927000000001e-05
699.567,1.9017266999999998e-05
699.606,1.7539118999999998e-05
699.645,2.1886149e-05
699.684,1.9437102e-05
699.723,2.559081e-05
699.762,6.290159999999999e-06
699.801,2.075961e-05
699.84,1.2070824e-05
699.879,1.6546503e-05
699.918,1.9210248e-05
699.957,8.361279e-06
699.995,1.6977165e-05
700.034,1.3206807e-05
700.073,9.46812e-06
700.112,1.235733e-05
700.151,4.13877e-06
700.19,2.0116350000000003e-05
700.229,1.0671008999999998e-05
700.268,1.2972486e-05
700.307,2.1698309999999996e-05
700.346,4.92741e-06
700.385,1.8661107000000002e-05
700.424,1.8569946e-05
700.462,1.3368449721000001e-05
700.501,1.1493504e-05
700.54,1.149012e-05
700.579,1.7668668e-05
700.618,1.4569379999999998e-05
700.657,1.9859565000000003e-05
700.696,2.0899701000000002e-05
700.735,1.6672041e-05
700.774,1.7075232e-05
700.813,3.4559070000000002e-06
700.852,2.0024148e-05
700.89,1.427367e-05
700.929,1.8063810000000002e-05
700.968,1.695087e-05
701.007,1.2486063000000001e-05
701.046,1.1850666e-05
701.085,1.4355459e-05
701.124,1.0670502e-05
701.163,1.838031e-05
701.202,1.7583252e-05
701.241,1.2033809999999999e-05
701.28,1.2111627000000002e-05
701.318,2.0555330999999998e-05
701.357,1.6737444e-05
701.396,1.3915419e-05
701.435,6.603884999999999e-06
701.474,9.681366e-06
701.513,1.1731824e-05
701.552,5.6119529999999996e-06
701.591,1.3773878999999998e-05
701.63,1.045431e-05
701.669,1.751496e-05
701.708,1.5003411000000001e-05
701.747,7.050534000000001e-06
701.785,1.52597205e-05
701.824,1.3809453000000002e-05
701.863,1.3034964000000001e-05
701.902,2.0061819e-05
701.941,1.330173e-05
701.98,1.6543518e-05
702.019,2.408022e-05
702.058,1.1164407e-05
702.097,1.2671802e-05
702.136,2.060043e-05
702.175,1.8166461e-05
702.213,1.4318142000000001e-05
702.252,1.7246762999999998e-05
702.291,1.8639659999999998e-05
702.33,1.8486780000000003e-05
702.369,1.4326479000000002e-05
702.408,1.0647210000000001e-05
702.447,1.6750104e-05
702.486,1.4653376999999998e-05
702.525,1.1183580000000001e-05
702.564,1.5008319e-05
702.603,1.3272203999999999e-05
702.641,1.5314022e-05
702.68,1.1129634000000002e-05
702.719,2.2765439999999997e-05
702.758,5.3936973000000005e-06
702.797,1.6185513e-05
702.836,1.111998e-05
702.875,1.4636963100000001e-05
702.914,1.9854599999999998e-05
702.953,1.3566825e-05
702.992,1.3481379000000002e-05
703.031,2.38751721e-05
703.07,1.2019655999999999e-05
703.108,4.562454e-06
703.147,1.7092529999999998e-05
703.186,1.4986494e-05
703.225,2.3798459999999996e-05
703.264,1.069935e-05
703.303,1.002147e-05
703.342,2.1843746999999997e-05
703.381,1.4657259e-05
703.42,1.3180256999999999e-05
703.459,2.5383869999999997e-05
703.498,2.2925940000000003e-05
703.536,1.319997e-05
703.575,2.1756201e-05
703.614,9.888069e-06
703.653,1.8983981999999997e-05
703.692,1.5697119e-05
703.731,1.23636912e-05
703.77,1.6227684e-05
703.809,2.40582e-05
703.848,1.3955414999999998e-05
703.887,1.779165e-05
703.926,1.9441859999999998e-05
703.965,1.6490652e-05
704.003,1.7977209e-05
704.042,2.0378610000000002e-05
704.081,6.601350000000001e-06
704.12,1.874664e-05
704.159,1.5780255e-05
704.198,1.8508869e-05
704.237,1.2391272e-05
704.276,1.262754e-05
704.315,9.161415e-06
704.354,1.7623893e-05
704.393,1.725078e-05
704.431,2.03451e-05
704.47,1.8818595000000003e-05
704.509,2.4843888e-05
704.548,1.0121808e-05
704.587,1.4563419e-05
704.626,1.2891015e-05
704.665,1.1577737999999998e-05
704.704,8.149371e-06
704.743,1.8277685999999998e-05
704.782,1.5798336e-05
704.821,1.9094081999999998e-05
704.859,2.307045e-05
704.898,1.831953e-05
704.937,2.4040622999999998e-05
704.976,1.67313e-05
705.015,9.56979e-06
705.054,3.85371e-06
705.093,1.7742135e-05
705.132,1.6060065e-05
705.171,1.1359314e-05
705.21,9.408e-06
705.249,1.6976802e-05
705.288,1.5555313200000002e-05
705.326,2.2506495e-05
705.365,1.6382871e-05
705.404,1.54558878e-05
705.443,1.5778584e-05
705.482,2.1117977999999993e-05
705.521,2.5278669e-05
705.56,2.0203017e-05
705.599,2.0915504999999997e-05
705.638,1.2982131000000004e-05
705.677,1.3949490000000002e-05
705.716,2.2204559999999994e-06
705.755,1.8680976e-05
705.793,2.095275e-05
705.832,5.7189e-06
705.871,1.1298765e-05
705.91,1.855818e-05
705.949,2.420544e-05
705.988,1.5039719999999999e-05
706.027,1.0810614e-05
706.066,1.5241179e-05
706.105,2.0979570000000003e-05
706.144,1.6855296e-05
706.183,2.2351221e-05
706.221,1.313922e-05
706.26,1.7375987999999998e-05
706.299,2.230491e-05
706.338,1.9362276e-05
706.377,8.98989e-06
706.416,1.81697835e-05
706.455,1.2035661e-05
706.494,1.460274e-05
706.533,1.6700709e-05
706.572,1.4949519e-05
706.611,1.2114171e-05
706.649,1.8142068e-05
706.688,1.343349e-05
706.727,1.49217e-05
706.766,1.2025014e-05
706.805,9.239490000000001e-06
706.844,1.0119297e-05
706.883,8.6283657e-06
706.922,1.5917528999999997e-05
706.961,1.1700390000000002e-05
707.0,2.007906e-05
707.039,1.9495892999999998e-05
707.078,1.3635825000000001e-05
707.116,8.509485000000001e-06
707.155,9.118014000000001e-06
707.194,1.8837659999999998e-05
707.233,1.6341963e-05
707.272,1.520976e-05
707.311,1.64826912e-05
707.35,1.6477553399999997e-05
707.389,8.962826999999999e-06
707.428,8.942766e-06
707.467,2.6559144e-05
707.506,1.02693309e-05
707.544,1.5293823600000002e-05
707.583,2.085051e-05
707.622,1.9189093800000003e-05
707.661,1.2912669000000001e-05
707.7,8.710329000000001e-06
707.739,1.9803534e-05
707.778,1.7600856000000003e-05
707.817,1.395867e-05
707.856,2.654907e-05
707.895,1.6444749e-05
707.934,1.2647967e-05
707.972,1.7806602e-05
708.011,2.198277e-05
708.05,1.5299676e-05
708.089,7.206105000000001e-06
708.128,1.3174497e-05
708.167,1.27542e-05
708.206,1.1706120000000001e-05
708.245,1.7762133e-05
708.284,1.567212e-05
708.323,1.8254013e-05
708.362,2.2750710000000003e-05
708.401,1.57540293e-05
708.439,2.600181e-05
708.478,1.5565335e-05
708.517,9.557522999999997e-06
708.556,7.173467999999999e-06
708.595,2.016165e-05
708.634,1.8595829999999998e-05
708.673,1.7470806e-05
708.712,1.534896e-05
708.751,1.5548784e-05
708.79,2.8348229999999996e-05
708.829,1.467462e-05
708.867,9.995099999999999e-06
708.906,1.0974357e-05
708.945,8.691539999999999e-06
708.984,1.7251485e-05
709.023,2.827416e-05
709.062,1.660782e-05
709.101,9.784683e-06
709.14,1.81506795e-05
709.179,2.2102505999999997e-05
709.218,1.5578478e-05
709.257,2.0815679999999997e-05
709.296,1.5206592e-05
709.334,3.9025500000000004e-06
709.373,1.2321447e-05
709.412,8.534259e-06
709.451,1.8790056e-05
709.49,2.1327651000000002e-05
709.529,1.9304481000000003e-05
709.568,1.267563e-05
709.607,1.7842710000000002e-05
709.646,1.6170678000000004e-05
709.685,5.789700000000001e-06
709.724,2.398974e-05
709.762,1.2203739e-05
709.801,7.899096e-06
709.84,1.7005215e-05
709.879,2.2483098e-05
709.918,1.7784809999999997e-05
709.957,1.5278391e-05
709.996,1.1596869000000001e-05
710.035,2.0268474e-05
710.074,1.1555118900000001e-05
710.113,2.4867474e-05
710.152,1.3510394999999998e-05
710.19,2.2463694000000003e-05
710.229,2.6444040000000002e-05
710.268,1.709115e-05
710.307,2.1100859999999997e-05
710.346,1.57128519e-05
710.385,1.2977619000000001e-05
710.424,1.4636280000000001e-05
710.463,1.0234373999999999e-05
710.502,1.665438e-05
