22.7074,2.44276e-05,7.7165e-05
22.7153,0.000559023,0.00020089
22.7231,0.000255047,0.000385708
22.7309,0.000522664,3.37499e-05
22.7387,0.000626705,8.16677e-05
22.7466,0.00020675,0.000200104
22.7544,0.000595203,0.000124218
22.7622,0.000757477,0.000368637
22.7701,0.000375666,3.42837e-05
22.7779,0.000353302,0.000507638
22.7857,0.000352101,0.000364094
22.7935,0.000258579,-5.462e-05
22.8014,0.000931665,0.000157799
22.8092,0.000360808,0.000220746
22.817,0.000449683,0.000341404
22.8249,0.000230054,0.000356355
22.8327,0.000577907,0.000178687
22.8405,0.000518106,0.000297891
22.8483,0.00048967,0.000302379
22.8562,0.000464655,0.000594305
22.864,3.01688e-05,0.000555248
22.8718,0.000665079,0.000156246
22.8797,0.00039928,0.000110769
22.8875,0.000220993,0.000139192
22.8953,0.000322723,0.000232453
22.9031,0.000440951,0.000432077
22.911,0.000322448,0.000207207
22.9188,0.000345215,0.000455281
22.9266,0.000173012,0.000205907
22.9345,0.000380262,0.000491846
22.9423,0.000617627,0.000536316
22.9501,0.000517986,0.000236528
22.9579,0.00048908,0.000173243
22.9658,0.000395175,0.000291299
22.9736,9.50581e-05,0.000307127
22.9814,0.000392711,3.75956e-05
22.9893,9.92962e-05,0.000244781
22.9971,0.000341,0.000434691
23.0049,0.000159009,0.000158164
23.0127,0.000441407,0.000296243
23.0206,0.000333841,2.35086e-05
23.0284,0.000467581,0.000228574
23.0362,0.000423234,0.000282653
23.0441,0.000544255,0.000218192
23.0519,0.000355956,0.000498698
23.0597,0.00035844,0.000233328
23.0675,0.000327822,0.000236925
23.0754,0.000292021,6.20596e-05
23.0832,0.000354856,0.000325307
23.091,0.000274762,0.00022679
23.0989,0.000503151,0.000443403
23.1067,0.00050131,0.000232473
23.1145,0.000310161,0.000199437
23.1223,0.000595606,7.22568e-05
23.1302,0.000582482,0.000528809
23.138,0.000288451,0.00033935
23.1458,0.000871258,0.00022051
23.1537,0.000696954,0.000347601
23.1615,0.000205133,0.00037365
23.1693,0.000325424,0.00042889
23.1771,0.000515117,0.000178574
23.185,0.000366647,-2.86226e-05
23.1928,0.000338481,0.000486714
23.2006,3.56957e-05,0.000347918
23.2085,0.000624124,1.30006e-05
23.2163,0.000495303,0.000213701
23.2241,4.46886e-05,0.000411558
23.2319,0.000152816,0.000455363
23.2398,0.000584184,0.000545739
23.2476,0.000773638,0.00016086
23.2554,0.000468516,-1.24904e-05
23.2632,0.000288282,0.000314509
23.2711,0.000304455,0.000351047
23.2789,0.000643059,7.87249e-05
23.2867,0.000371037,0.000525776
23.2946,0.000338066,0.000238171
23.3024,0.000258224,5.50819e-05
23.3102,0.000369111,0.000349084
23.318,0.000459137,0.000360218
23.3259,0.0003868,-0.000212272
23.3337,0.000603829,0.000249752
23.3415,0.000393729,0.000209228
23.3494,0.00055006,0.000266101
23.3572,0.000230178,0.000416511
23.365,0.000174623,7.8695e-05
23.3728,0.000542232,0.000334792
23.3807,0.000589854,0.00072278
23.3885,0.000328717,0.000279164
23.3963,0.000629546,0.000300072
23.4042,0.000181907,0.000498681
23.412,0.000202681,0.000281033
23.4198,0.000498568,-0.000116073
23.4276,0.000200484,0.000438613
23.4355,0.000794791,0.000322451
23.4433,0.000548914,0.000304097
23.4511,0.000393891,0.000730431
23.459,0.000165547,0.000506771
23.4668,7.70486e-06,0.000633921
23.4746,0.000523188,0.000187489
23.4824,0.000628086,0.000436032
23.4903,0.000686742,0.000357894
23.4981,0.000470163,0.000354118
23.5059,0.000438329,6.98938e-05
23.5138,0.000549506,0.000357151
23.5216,0.000516979,-3.34694e-05
23.5294,0.000447068,-0.000116636
23.5372,0.000176634,0.000179955
23.5451,0.000316061,0.000299268
23.5529,0.000374242,9.64174e-06
23.5607,0.000378319,0.000632132
23.5686,0.000547959,0.000682014
23.5764,0.000425757,0.000205679
23.5842,0.000311518,0.000209447
23.592,0.00071453,0.000649033
23.5999,0.00054978,0.000805284
23.6077,0.000326527,8.77643e-05
23.6155,0.000454383,0.000707781
23.6234,0.000522352,0.000525081
23.6312,0.000245162,1.38304e-05
23.639,0.000341296,0.000336849
23.6468,0.000356207,9.31494e-05
23.6547,0.000284864,0.000273053
23.6625,0.000140539,0.000251754
23.6703,0.000405857,0.00012782
23.6782,0.000542123,0.000354843
23.686,0.00049678,-7.81416e-05
23.6938,0.000334456,0.000641152
23.7016,0.000607183,0.000584842
23.7095,0.000595698,0.00035819
23.7173,0.000373292,0.0004624
23.7251,0.000129345,-0.00011875
23.733,0.000424315,0.000501522
23.7408,0.000623807,0.000658747
23.7486,0.00028092,0.000284479
23.7564,0.000437835,0.000213847
23.7643,-7.06101e-05,0.000360344
23.7721,2.36903e-05,0.000150321
23.7799,0.000564365,0.000484495
23.7878,0.000540881,0.000433443
23.7956,0.000433762,0.000464727
23.8034,0.000209171,0.000324631
23.8112,0.000764109,0.000330674
23.8191,0.000120651,0.000231676
23.8269,0.00038919,0.000148866
23.8347,0.000433063,3.85348e-05
23.8426,0.000127672,0.000239183
23.8504,0.00034887,0.000157797
23.8582,0.000475497,-3.79825e-05
23.866,-0.00016446,0.000307854
23.8739,0.000403077,0.000133441
23.8817,0.000764829,0.00038673
23.8895,0.000662698,5.86843e-05
23.8974,0.000296631,0.000538472
23.9052,0.000545008,0.000365149
23.913,-0.000276941,0.000485682
23.9208,0.000501193,3.07508e-05
23.9287,0.000235694,5.15151e-05
23.9365,0.000767556,0.000478394
23.9443,0.000503846,0.000537118
23.9521,0.000518126,0.000356693
23.96,0.000875521,0.000274264
23.9678,7.45853e-05,0.000381373
23.9756,-5.67889e-05,0.000386799
23.9835,0.000531973,-1.83667e-05
23.9913,0.000121417,0.000330718
23.9991,0.000686823,0.000619211
24.0069,0.000766765,0.000658488
24.0148,0.000208545,-4.47597e-06
24.0226,0.000920592,0.000297951
24.0304,0.000601573,0.000843785
24.0383,0.000327134,0.000324838
24.0461,0.000118803,0.00053479
24.0539,0.000394033,0.000390802
24.0617,0.000215611,0.000374306
24.0696,7.24809e-05,0.000394758
24.0774,0.000353844,0.000464786
24.0852,0.000489194,0.000254473
24.0931,0.000537226,0.000239199
24.1009,-5.18206e-05,0.000705024
24.1087,0.00024288,0.00087063
24.1165,0.000712222,0.000475817
24.1244,0.000636049,0.000487693
24.1322,0.000547953,0.00036246
24.14,0.000133562,-0.000253722
24.1479,0.000644193,0.000641113
24.1557,0.000454864,0.000502622
24.1635,0.000535446,5.46446e-05
24.1713,0.000115582,0.000406342
24.1792,0.00023158,0.000239805
24.187,0.000322468,0.000325552
24.1948,0.000120739,0.000277749
24.2027,0.000260782,0.000185813
24.2105,0.000423792,1.91277e-05
24.2183,7.47181e-05,0.000470614
24.2261,0.000321907,0.000219653
24.234,-5.61296e-05,0.000444281
24.2418,0.000183861,0.00011815
24.2496,0.000915641,0.000623982
24.2575,0.000102645,0.000190273
24.2653,-6.98344e-05,0.000166743
24.2731,0.000459432,0.00043298
24.2809,0.000274413,0.000181463
24.2888,3.64905e-05,0.000226656
24.2966,0.000590446,0.000309588
24.3044,0.000166411,0.000356836
24.3123,0.000575166,0.000966612
24.3201,0.000475343,0.000146384
24.3279,0.0004355,5.49426e-05
24.3357,0.00051724,0.000484698
24.3436,0.000139864,0.000325575
24.3514,-1.98449e-05,0.000319128
24.3592,0.000541191,0.000551748
24.3671,-0.000157395,0.000236997
24.3749,0.000425445,0.000323236
24.3827,9.86529e-06,0.000549667
24.3905,0.000713832,0.000942582
24.3984,0.000370278,0.000783781
24.4062,0.000186488,0.000395148
24.414,0.000475054,0.000306446
24.4219,0.000565915,0.000499865
24.4297,-0.00039701,0.000405506
24.4375,0.000783559,-0.000165978
24.4453,0.000272523,0.000455334
24.4532,0.00082727,0.00010584
24.461,0.000401785,-1.71837e-05
24.4688,0.000577196,0.000367594
24.4767,0.000334342,0.000244452
24.4845,0.00074987,0.000358609
24.4923,0.000141181,0.000148213
24.5001,-1.8768e-05,4.63241e-05
24.508,0.000288132,-1.90637e-05
24.5158,0.000310446,0.000165576
24.5236,-9.07456e-05,4.76147e-05
24.5314,0.000271974,0.000388519
24.5393,0.000177763,0.000486801
24.5471,0.000191079,-0.000313596
24.5549,0.000134299,0.00085765
24.5628,0.000475961,-0.000299341
24.5706,0.000410529,0.000425086
24.5784,0.00031924,0.00060462
24.5862,0.000236764,4.9032e-05
24.5941,0.000801119,0.000173085
24.6019,0.000470841,0.000697567
24.6097,0.000179692,0.00055348
24.6176,0.000230932,-0.000241402
24.6254,0.000173434,6.93559e-05
24.6332,8.137e-05,0.00011477
24.641,4.80439e-05,0.000767666
24.6489,0.000654744,0.000153033
24.6567,0.000517989,8.1556e-05
24.6645,-2.72628e-05,0.000545333
24.6724,0.000196592,0.000319959
24.6802,0.000150819,0.000210376
24.688,0.000327643,0.000443126
24.6958,0.000773094,0.00071159
24.7037,-0.000310495,0.000778806
24.7115,-0.000432123,0.00031272
24.7193,0.000188239,0.00039955
24.7272,-0.000128009,-5.31696e-05
24.735,0.000313651,9.72999e-05
24.7428,0.000343849,0.00083727
24.7506,1.18142e-05,-1.16073e-06
24.7585,-5.49941e-06,-2.78249e-05
24.7663,1.19134e-05,0.000642775
24.7741,3.30311e-05,0.000343545
24.782,0.000492453,0.000576296
24.7898,0.000371426,0.000532644
24.7976,-8.51463e-05,0.000827399
24.8054,0.000389779,-2.15094e-05
24.8133,0.000837478,0.000351482
24.8211,0.000354098,3.86507e-05
24.8289,-2.65707e-05,0.00023416
24.8368,-0.000490558,0.000370522
24.8446,0.0003825,0.000405747
24.8524,0.00030692,0.000281709
24.8602,-0.000130277,0.000824872
24.8681,0.000478167,-0.000190095
24.8759,6.05493e-07,0.000756435
24.8837,0.000171467,0.000324339
24.8916,0.000357095,-1.49062e-05
24.8994,0.000163532,-0.000286322
24.9072,0.000462312,0.000225496
24.915,0.000644009,-0.000227733
24.9229,4.20104e-06,0.000375948
24.9307,-5.5252e-05,0.000218455
24.9385,-0.000447062,0.000208923
24.9464,7.27832e-05,0.000413677
24.9542,0.000414309,0.000312004
24.962,0.000166688,-6.97539e-06
24.9698,0.000275796,0.000399506
24.9777,0.000161609,0.00073531
24.9855,0.000271354,0.000851046
24.9933,0.000390129,0.000703964
25.0012,0.000406037,0.000625185
25.009,-3.75419e-05,0.000186363
25.0168,0.000258389,0.000849603
25.0246,0.000748682,0.000490073
25.0325,3.5179e-05,0.000663987
25.0403,3.88182e-05,0.000326322
25.0481,-0.00039972,-6.90209e-05
25.056,4.35968e-05,0.000262968
25.0638,0.000517196,0.000359295
25.0716,0.000178595,0.000929507
25.0794,2.62415e-05,0.000593573
25.0873,0.000379328,0.000568405
25.0951,0.00015544,0.000734566
25.1029,0.00066272,0.0010142
25.1108,0.000165357,0.000389909
25.1186,4.7824e-06,0.000491729
25.1264,0.000363961,7.45669e-06
25.1342,0.000200083,0.000482507
25.1421,0.000371799,-8.41938e-05
25.1499,0.000160263,0.000198636
25.1577,0.00042019,0.000436566
25.1656,0.000477444,0.000309071
25.1734,-0.000285892,0.000384888
25.1812,0.000304574,0.000177815
25.189,0.000263843,0.000418091
25.1969,-9.40446e-05,0.0003942
25.2047,0.000293521,0.000268935
25.2125,0.00107368,0.000981463
25.2203,0.000410745,0.000159813
25.2282,8.15928e-05,2.14184e-05
25.236,0.000793611,0.000456579
25.2438,-0.000211674,0.00032718
25.2517,0.000435839,0.000553787
25.2595,0.000248327,-0.000163467
25.2673,0.000184716,0.000432307
25.2751,-4.46217e-05,0.00078813
25.283,0.000105299,0.000277196
25.2908,3.06336e-05,0.000258202
25.2986,0.000699225,-7.7167e-05
25.3065,8.91455e-05,0.00028096
25.3143,0.000122053,0.000544015
25.3221,0.000177611,0.000670724
25.3299,0.000576373,0.000678753
25.3378,-0.000351255,0.000358938
25.3456,-0.000129057,6.80817e-05
25.3534,0.00040109,0.000373316
25.3613,0.000282225,0.000815833
25.3691,0.000406859,0.000407261
25.3769,0.00045563,0.000614806
25.3847,-0.000177875,0.00015313
25.3926,-8.58131e-05,0.000153973
25.4004,0.000517055,0.000443201
25.4082,-0.000432573,0.000966472
25.4161,0.000466123,8.64578e-05
25.4239,0.000503773,0.000361687
25.4317,0.000661156,-3.72134e-05
25.4395,0.000620761,-0.000115044
25.4474,0.000209098,-0.000252207
25.4552,0.000236866,0.00107762
25.463,0.000456212,0.000391097
25.4709,0.000162371,6.21993e-05
25.4787,0.000713095,8.53777e-05
25.4865,0.00030637,0.000328362
25.4943,0.000445897,4.73257e-05
25.5022,-7.2079e-05,0.00084617
25.51,0.000606416,0.000465898
25.5178,-0.000113824,-9.22318e-05
25.5257,-0.000174287,0.000222258
25.5335,0.000300301,0.000457598
25.5413,0.000581726,0.00062851
25.5491,-0.000368373,0.000751087
25.557,0.00011435,0.000908137
25.5648,0.000179941,0.000255548
25.5726,0.000163636,0.000127202
25.5805,0.000575988,0.000747752
25.5883,-0.000147962,0.00010866
25.5961,-0.000535965,0.00013884
25.6039,0.000746793,-0.000303732
25.6118,-0.000493397,0.000384034
25.6196,0.000267885,0.00027929
25.6274,0.000608448,0.00029767
25.6353,0.000270488,-0.000461469
25.6431,0.000371799,0.000374649
25.6509,3.65669e-05,0.000134678
25.6587,0.000313576,0.000377504
25.6666,0.000914073,-0.000264585
25.6744,-6.878e-05,0.000833897
25.6822,0.000573095,0.000245067
25.6901,0.00103981,-1.87667e-05
25.6979,8.17447e-05,0.000388692
25.7057,5.4013e-05,-0.000175773
25.7135,0.000446712,0.00137446
25.7214,7.91078e-05,-0.00016863
25.7292,0.000692173,0.000358327
25.737,0.000235415,0.000741513
25.7449,0.000442616,0.000664925
25.7527,0.000100443,-0.000258809
25.7605,7.68997e-05,0.000188868
25.7683,-0.00033309,0.000903845
25.7762,0.000408394,0.000476092
25.784,-4.13391e-05,0.00109574
25.7918,4.29119e-05,0.000149859
25.7997,-0.000549514,0.000434547
25.8075,0.000129412,0.000117902
25.8153,-0.000266571,0.000684745
25.8231,-0.000611301,0.000979773
25.831,0.000539206,-5.85016e-05
25.8388,0.000403085,0.000616233
25.8466,8.94606e-05,-6.18924e-05
25.8545,0.000176245,0.00105217
25.8623,-1.93067e-05,0.000512957
25.8701,0.000712581,0.00093342
25.8779,-1.29433e-05,-0.000200458
25.8858,-0.000343247,-0.000138909
25.8936,0.00049765,0.000592629
25.9014,-0.00010745,0.00028304
25.9092,0.000762429,0.000101399
25.9171,0.00143745,0.000517427
25.9249,-9.03565e-05,0.000827299
25.9327,8.2824e-05,0.00132719
25.9406,-5.98405e-07,0.000142743
25.9484,9.61673e-05,0.000115701
25.9562,0.000905334,-0.000437143
25.964,0.000203999,0.000648151
25.9719,4.90407e-05,-0.000128866
25.9797,0.000468824,0.000125647
25.9875,0.000425712,1.72582e-05
25.9954,0.000227545,7.1081e-06
26.0032,0.00023525,0.000472586
26.011,0.000245692,4.10819e-05
26.0188,-2.58011e-06,-1.12715e-05
26.0267,-0.000403984,8.65596e-05
26.0345,0.000129067,0.000232828
26.0423,0.000434776,0.000632684
26.0502,0.000324345,0.000808852
26.058,0.000455252,-0.000239499
26.0658,0.000245998,0.000159236
26.0736,-0.000450927,0.00089683
26.0815,0.000452473,0.000886723
26.0893,-0.000596956,-0.000646343
26.0971,7.37055e-05,0.000285409
26.105,-0.000722834,0.00105138
26.1128,0.000493232,0.000351594
26.1206,0.000227238,0.000358101
26.1284,-0.000411444,2.23052e-05
26.1363,-0.000599139,0.000441225
26.1441,0.000218959,-0.000140025
26.1519,-0.0004862,0.000632842
26.1598,-0.000219029,0.000895174
26.1676,0.000525092,0.000470199
26.1754,0.000109839,-4.70313e-05
26.1832,-9.05577e-05,-0.000156615
26.1911,0.000806899,0.000952595
26.1989,-7.35421e-05,0.000723554
26.2067,0.000898081,5.75352e-05
26.2146,0.000157253,0.00113635
26.2224,0.000240036,0.000513866
26.2302,0.000648778,0.000327316
26.238,-0.000245519,0.000479753
26.2459,0.000696685,0.000407965
26.2537,0.000117645,0.000358519
26.2615,0.000424469,0.000428413
26.2694,6.92902e-05,0.000984293
26.2772,0.000249063,0.000658096
26.285,0.000392809,0.000888308
26.2928,-0.000180569,0.000679577
26.3007,-0.00047162,0.000596376
26.3085,0.000210859,0.000150992
26.3163,0.000356402,0.000763822
26.3242,0.000346833,-0.000287834
26.332,-0.000204752,0.000665751
26.3398,0.000148776,0.00062775
26.3476,9.89952e-05,0.000644461
26.3555,-0.000296484,0.00051053
26.3633,0.000377524,0.000570457
26.3711,0.000815082,0.000145242
26.379,0.000246522,-0.000158651
26.3868,0.000163886,0.000695945
26.3946,0.000824309,0.000373735
26.4024,0.000837885,-1.7804e-05
26.4103,-0.000449326,5.26379e-06
26.4181,-0.000142174,0.000516342
26.4259,0.000430596,0.000199546
26.4338,-0.000257495,0.00120952
26.4416,4.06206e-06,0.000141472
26.4494,0.000545178,-0.000142352
26.4572,0.000133176,0.000408599
26.4651,0.000303776,0.000659367
26.4729,3.25108e-05,3.07835e-05
26.4807,-6.45185e-05,0.000750059
26.4886,0.000481393,-0.000200289
26.4964,0.000126595,0.000614806
26.5042,0.00018783,-0.000193903
26.512,-0.000607698,-6.94335e-05
26.5199,-0.000169108,0.000431278
26.5277,-0.000224898,0.000972015
26.5355,-5.02467e-05,-0.000206757
26.5434,0.000732584,-0.000137642
26.5512,0.000119741,0.000573715
26.559,0.000928513,0.000133381
26.5668,0.000401965,0.000860408
26.5747,0.000577931,0.000262823
26.5825,-6.91108e-05,0.000275806
26.5903,0.000322874,0.00134843
26.5981,4.16755e-05,0.000285983
26.606,0.00052528,-0.000526813
26.6138,-8.20366e-05,0.000856258
26.6216,0.000565183,0.000152484
26.6295,0.000107599,0.000324794
26.6373,-5.82026e-05,0.000946661
26.6451,0.0001806,0.000832845
26.6529,0.000503143,1.98185e-05
26.6608,0.000468238,0.000414221
26.6686,2.02922e-05,-0.000116885
26.6764,0.000120948,0.000583059
26.6843,-0.0002888,8.22531e-05
26.6921,0.000555363,-0.000308257
26.6999,0.000127918,-0.000207108
26.7077,-4.0315e-05,0.000462992
26.7156,0.000749604,0.000361904
26.7234,-0.000354108,-0.000193618
26.7312,-2.16581e-05,3.90668e-05
26.7391,-7.56581e-05,0.000330051
26.7469,0.000855903,0.000144817
26.7547,-7.80893e-05,0.000656629
26.7625,0.000283093,0.000773036
26.7704,8.58759e-05,0.000779714
26.7782,-4.24654e-05,0.000598938
26.786,-0.000758049,-0.000453048
26.7939,3.6134e-05,-0.0002878
26.8017,0.000327744,0.000380942
26.8095,-5.19907e-05,0.000573818
26.8173,6.52018e-05,-0.000155015
26.8252,-0.000293204,0.000600155
26.833,-0.00023481,0.00114435
26.8408,2.1273e-06,-0.000177874
26.8487,-0.000247621,0.000924325
26.8565,0.00020259,0.000329344
26.8643,-0.000191821,0.000695942
26.8721,-0.00022253,0.000487847
26.88,0.000161277,0.000504162
26.8878,-0.00031099,-0.000110168
26.8956,0.000129161,0.000246758
26.9035,0.000239727,0.000315221
26.9113,-4.01023e-05,0.00117244
26.9191,0.000161506,0.000414199
26.9269,-8.56067e-05,0.000507176
26.9348,0.000386985,0.000269193
26.9426,0.00012136,0.000780805
26.9504,2.3168e-05,0.000550625
26.9583,0.000196184,0.000876628
26.9661,0.000400611,6.44686e-05
26.9739,-0.000383339,0.000488535
26.9817,0.000380966,0.000216643
26.9896,-0.000260612,0.000735275
26.9974,-0.000462612,0.000933653
27.0052,-0.000263266,0.000250006
27.0131,-0.000347405,0.000944194
27.0209,-0.000562405,3.96777e-05
27.0287,0.000544181,0.000552235
27.0365,-0.000273671,0.000426127
27.0444,-0.000244826,0.00066004
27.0522,-2.92201e-05,0.000156321
27.06,0.000447197,-7.14278e-05
27.0679,0.00030303,-6.15741e-05
27.0757,0.00035223,0.00106547
27.0835,-0.000993336,0.00116387
27.0913,0.000242429,0.000546895
27.0992,-0.000534752,0.00048427
27.107,-0.000101703,0.000346978
27.1148,0.000543142,0.000274624
27.1227,0.000344975,0.000806432
27.1305,0.00022668,0.000424776
27.1383,6.69654e-05,0.000361799
27.1461,-5.74898e-05,-1.75628e-05
27.154,0.000350677,0.000935823
27.1618,0.000693609,0.000672351
27.1696,-0.000769161,-5.6564e-05
27.1774,0.000130149,0.000114489
27.1853,9.93028e-05,-0.00063448
27.1931,-0.000743257,0.000664956
27.2009,0.00035525,-0.000366766
27.2088,-0.000202212,0.000824672
27.2166,0.000100897,0.000570761
27.2244,0.000524969,0.000923468
27.2322,2.58536e-05,-0.000152978
27.2401,-0.00065837,0.000843314
27.2479,-0.000815405,-0.000217953
27.2557,-0.000593603,0.000112979
27.2636,-0.00084721,0.000961084
27.2714,0.00122519,0.000118809
27.2792,-0.000266765,0.000545712
27.287,7.21845e-05,0.00137972
27.2949,-0.000399337,0.000340873
27.3027,-0.000431823,-0.000333327
27.3105,0.000119344,-1.84911e-05
27.3184,-0.000113752,0.000714619
27.3262,0.000870674,-7.5089e-05
27.334,-0.000173001,0.000319806
27.3418,-0.000590772,-0.000166905
27.3497,0.000531126,0.000453583
27.3575,0.000102174,0.000497276
27.3653,0.000543747,-0.000770144
27.3732,-0.000872319,0.00134476
27.381,0.000165441,0.00136174
27.3888,-0.000416218,0.000388566
27.3966,0.000841788,-0.000367521
27.4045,0.000237062,0.000609917
27.4123,-0.000277754,-0.000365073
27.4201,0.00024231,0.000686329
27.428,0.00024371,0.00110397
27.4358,0.000235602,0.000668685
27.4436,0.000234258,0.000481468
27.4514,-0.000412315,0.000450689
27.4593,0.000166084,0.000357553
27.4671,-0.000732757,-0.000291958
27.4749,-0.000696627,0.000484921
27.4828,0.000524315,0.000450876
27.4906,0.000153776,0.000164165
27.4984,-0.000306082,-0.00057233
27.5062,0.000493648,0.000603179
27.5141,0.00130106,6.73763e-05
27.5219,0.00039839,-0.000289367
27.5297,0.000474923,-0.000569699
27.5376,0.000226185,0.000707993
27.5454,0.000959417,0.000727652
27.5532,-0.000136601,0.000116609
27.561,-0.000239495,0.00106454
27.5689,0.000163023,0.000772527
27.5767,0.000232277,-0.000385441
27.5845,-6.9999e-05,0.000247502
27.5924,0.000164349,0.000297383
27.6002,-0.00060696,0.000165729
27.608,0.000499946,0.00118262
27.6158,-0.000691715,0.000147194
27.6237,-0.000129182,-0.0002676
27.6315,-0.000254826,0.000122767
27.6393,-0.000343989,0.0010478
27.6472,-8.37683e-05,5.50874e-05
27.655,0.000783606,0.000483517
27.6628,0.00103148,0.000572387
27.6706,-6.94502e-05,-0.000528064
27.6785,2.82127e-05,0.000628692
27.6863,0.000465277,0.00138785
27.6941,-0.000711246,-0.000273664
27.702,0.000278917,0.000378256
27.7098,0.000764698,0.000702324
27.7176,0.000800092,0.000276441
27.7254,-0.000169485,-0.000684121
27.7333,-0.000222471,-0.000644398
27.7411,5.13107e-05,0.000171931
27.7489,-0.000463659,0.000213311
27.7568,-0.000561577,0.000506324
27.7646,0.000451107,0.000407155
27.7724,-0.000900121,0.00030728
27.7802,-0.000287837,0.00163858
27.7881,-3.12441e-05,0.000668331
27.7959,-0.000364862,4.20607e-05
27.8037,0.000456537,0.0008579
27.8116,-8.95478e-05,0.000573972
27.8194,-0.000252326,-0.000111156
27.8272,0.000458707,0.00102525
27.835,-0.000428935,0.00143532
27.8429,0.00045138,-0.000336059
27.8507,-0.000516241,0.000532978
27.8585,0.000260754,7.79867e-05
27.8663,0.00100172,-0.000472697
27.8742,-0.000599097,-9.02774e-05
27.882,0.000326234,-0.000588521
27.8898,0.000660987,0.000169309
27.8977,0.000904895,0.000342244
27.9055,-5.80678e-05,0.000817059
27.9133,0.00018601,0.000767109
27.9211,0.00068935,0.00066349
27.929,4.01125e-05,-0.000103519
27.9368,-0.000228181,0.000638098
27.9446,-0.00045217,0.000458611
27.9525,-0.000972287,-0.000253768
27.9603,0.000246626,-0.000530682
27.9681,0.000559475,-0.000338783
27.9759,0.000271077,-0.000493796
27.9838,0.00015492,8.12964e-05
27.9916,0.00103861,0.000696974
27.9994,-0.000799253,0.0004355
28.0073,-0.000754964,0.000305451
28.0151,0.000416029,0.000422401
28.0229,-0.000455977,0.000186763
28.0307,-0.000185701,0.00132737
28.0386,0.0016882,0.000499675
28.0464,0.000403911,-0.000249491
28.0542,0.000302487,0.000624503
28.0621,0.000623941,9.90597e-05
28.0699,0.000408808,0.000335948
28.0777,-0.00041182,0.00119676
28.0855,-0.00082602,0.000308866
28.0934,0.000223493,0.000525629
28.1012,0.000279258,-1.6025e-05
28.109,0.000354315,2.77757e-05
28.1169,-0.000215063,0.000877951
28.1247,-9.79188e-05,-0.000185047
28.1325,0.000148918,0.000424356
28.1403,0.000258379,-7.04177e-06
28.1482,0.000668564,0.00100716
28.156,0.000409395,-0.000498632
28.1638,-0.000335189,-0.000565171
28.1717,0.000242948,0.00012796
28.1795,-0.000190041,-6.22239e-05
28.1873,0.0012668,-0.000283011
28.1951,0.000223362,-0.000239533
28.203,-0.000129992,0.000105138
28.2108,-9.23147e-05,0.000914099
28.2186,-5.53724e-05,0.000352012
28.2265,-0.000412118,0.000428478
28.2343,0.000244122,5.46496e-05
28.2421,0.000578952,-0.000170746
28.2499,5.50924e-05,-4.04955e-05
28.2578,8.04042e-05,-1.83036e-05
28.2656,0.000238597,-0.000232384
28.2734,-0.000249722,0.000105673
28.2813,-0.000434851,0.000716408
28.2891,7.56797e-05,-0.000259928
28.2969,-0.000409261,0.00100996
28.3047,0.000379855,-0.000132975
28.3126,0.000372697,-0.000428702
28.3204,0.000455354,0.000654239
28.3282,0.000249904,0.000485215
28.3361,3.40326e-05,8.11845e-05
28.3439,4.07636e-05,0.000810658
28.3517,0.000269638,0.000215608
28.3595,-0.000357138,0.000186885
28.3674,-0.00030673,0.000670367
28.3752,0.000539371,0.000773875
28.383,-0.000201574,0.000463262
28.3909,-0.000141181,0.000354938
28.3987,-9.63199e-06,0.000512104
28.4065,-0.000552086,7.53497e-05
28.4143,0.000503732,-0.000493304
28.4222,0.000777308,-0.000397132
28.43,0.000114428,0.000287854
28.4378,-0.000750389,0.00107874
28.4457,7.83014e-05,0.000572614
28.4535,-0.000126785,0.000782975
28.4613,0.00100771,0.0011216
28.4691,0.000367792,2.95127e-05
28.477,9.43069e-05,0.00123009
28.4848,0.00152335,9.99968e-05
28.4926,-0.000586396,-0.00048959
28.5005,0.000236783,0.000136052
28.5083,2.74537e-05,0.000255593
28.5161,-0.000554092,0.000734309
28.5239,-5.22007e-05,0.000188446
28.5318,-0.000310369,0.000111146
28.5396,0.000997821,0.000571546
28.5474,0.00081655,0.000599565
28.5552,-0.00143921,0.0013463
28.5631,0.000320876,9.03407e-05
28.5709,0.000507854,0.000272848
28.5787,-0.000127193,-0.000200033
28.5866,0.000743159,0.00078104
28.5944,0.0011532,0.000551675
28.6022,0.000346115,-0.00100315
28.61,0.000156153,-0.000106422
28.6179,-0.000193511,5.02373e-05
28.6257,0.000919666,-0.000839011
28.6335,0.00128215,-3.03551e-05
28.6414,3.79092e-05,0.000162173
28.6492,0.000266944,0.000308096
28.657,-0.000263916,0.000382448
28.6648,-0.000130669,0.000362395
28.6727,-0.000296254,0.000304831
28.6805,-7.21503e-06,0.000176887
28.6883,0.000307791,0.00028302
28.6962,-0.000534753,-0.000412165
28.704,0.000289175,-0.000269554
28.7118,-0.000285889,0.000425456
28.7196,-0.000958719,0.000347808
28.7275,0.000187566,0.000190166
28.7353,0.000593747,0.000839849
28.7431,0.000656386,0.000286385
28.751,0.000765392,0.000194832
28.7588,-0.000469309,0.000780321
28.7666,0.000448479,0.00115695
28.7744,-0.000404527,-0.000424869
28.7823,-0.000497022,0.00053451
28.7901,0.000127795,0.000878492
28.7979,0.000247134,0.000650337
28.8058,0.00016187,0.000108152
28.8136,0.00054511,-0.000299361
28.8214,-0.000147003,7.74283e-05
28.8292,-0.000236119,-0.000857307
28.8371,-8.39553e-05,0.00108959
28.8449,-0.000130552,-0.000803264
28.8527,0.000206759,2.69116e-05
28.8606,-0.000286686,8.87107e-05
28.8684,0.000260899,0.000464112
28.8762,7.47533e-05,-0.000193742
28.884,-4.25482e-05,0.000946363
28.8919,-0.000784088,0.000413193
28.8997,-0.0013477,0.000968934
28.9075,-0.000398125,0.00109036
28.9154,0.000508453,0.000256107
28.9232,-0.000723316,-0.000150412
28.931,0.000566093,0.000927999
28.9388,-7.59609e-06,0.000682719
28.9467,4.97824e-05,0.000504964
28.9545,0.000471013,0.000593224
28.9623,-0.000965324,-0.000922379
28.9702,-0.000447404,-0.000146615
28.978,0.000260333,-0.000158667
28.9858,-0.00047333,0.000517108
28.9936,0.000937751,-0.000503631
29.0015,0.00107598,-0.00104204
29.0093,0.000303616,0.000636218
29.0171,-0.000277949,0.000373551
29.025,-9.10664e-05,0.000131305
29.0328,0.000305452,-0.000523226
29.0406,0.000160601,0.000551231
29.0484,-0.000240718,0.000114359
29.0563,4.44862e-05,0.000380043
29.0641,-0.000304924,0.000164299
29.0719,-0.0012734,-0.000469888
29.0798,0.000603975,0.000187366
29.0876,0.00011609,0.00080929
29.0954,0.00045374,6.52203e-06
29.1032,0.000576666,0.00130112
29.1111,0.000446661,-0.000216607
29.1189,0.000628891,-0.000265619
29.1267,0.000407248,0.00016292
29.1346,-0.000611802,0.000528254
29.1424,0.000718659,0.000356351
29.1502,-1.13383e-05,-0.000310446
29.158,-0.000880147,0.000122136
29.1659,0.000236822,0.000402336
29.1737,-0.000153451,-0.000612628
29.1815,-0.000281098,0.000659111
29.1894,0.000605254,0.00143117
29.1972,-0.000733452,-0.000710965
29.205,7.193e-05,0.000545909
29.2128,0.000166842,0.000256521
29.2207,-8.30694e-05,-0.000235023
29.2285,-0.000236075,0.00100654
29.2363,5.43414e-05,0.000340458
29.2441,0.000215139,0.000669681
29.252,-0.000318831,-0.000413984
29.2598,0.000469396,0.000451983
29.2676,0.00051609,-0.000109304
29.2755,0.000102626,-0.000632791
29.2833,-0.000480795,-0.000358055
29.2911,-0.000161652,0.00021505
29.2989,0.000780983,0.000443017
29.3068,9.11124e-06,-0.000899567
29.3146,-0.000469225,0.000637958
29.3224,0.000164101,0.000126085
29.3303,0.00154855,0.000367592
29.3381,-0.000192791,0.000194582
29.3459,-0.000227692,0.000707208
29.3537,4.23055e-05,-0.000735664
29.3616,0.000542638,0.000144882
29.3694,0.000550259,0.000439052
29.3772,0.000202444,-0.000912346
29.3851,0.000131774,-1.04523e-05
29.3929,0.000321019,-0.00020725
29.4007,-0.000631325,0.000287152
29.4085,-0.000977314,0.000505877
29.4164,0.000229771,0.000745917
29.4242,-0.00020811,-1.24877e-05
29.432,0.000100551,0.00103107
29.4399,0.000543266,0.000505257
29.4477,0.000687705,0.000380271
29.4555,0.000352542,0.000442257
29.4633,-0.000369432,-3.1918e-06
29.4712,3.86155e-05,-0.000446996
29.479,4.38522e-05,0.000200045
29.4868,0.000498014,0.000872452
29.4947,-4.04291e-06,0.000732451
29.5025,0.000746052,0.000600741
29.5103,-0.000880609,-0.000240724
29.5181,0.00125191,0.000266393
29.526,-0.000625573,-0.000749933
29.5338,-0.00012587,-0.000434299
29.5416,0.000304698,-0.000324178
29.5495,-0.000745909,0.000267601
29.5573,-0.000311097,-0.000297144
29.5651,-0.000179914,0.00115576
29.5729,0.000220869,0.000532721
29.5808,-2.37308e-05,0.000182657
29.5886,0.00116943,0.000564987
29.5964,4.72135e-05,0.000232659
29.6043,0.000109736,-4.60575e-05
29.6121,-0.000207498,0.0004986
29.6199,-0.000307228,0.000409159
29.6277,-0.000214239,0.000454953
29.6356,0.000147158,0.000641118
29.6434,-0.000166473,-2.35006e-05
29.6512,-0.000537999,-0.000380839
29.6591,0.000640436,-0.000517267
29.6669,-0.000279104,0.000574315
29.6747,0.000991799,0.000104567
29.6825,0.000803738,-0.000330109
29.6904,0.000226495,0.000320943
29.6982,4.25251e-05,-0.00015331
29.706,0.000270321,0.000747746
29.7139,-0.000203978,0.000691758
29.7217,-0.000613778,0.000736659
29.7295,-0.000285567,-0.00113272
29.7373,-0.00122109,0.000482336
29.7452,0.00072879,0.000623179
29.753,-3.2812e-05,0.000491859
29.7608,0.000528492,5.66349e-05
29.7687,0.000443633,-4.62408e-05
29.7765,0.000525168,0.000356466
29.7843,-0.000173974,0.00049686
29.7921,0.000190915,0.000886048
29.8,-0.000482129,-0.000143536
29.8078,0.000188877,-0.000243079
29.8156,0.000414436,0.000464188
29.8234,-0.000595096,-0.000404263
29.8313,3.8057e-05,0.000308324
29.8391,-0.00055732,0.000619861
29.8469,0.000186412,0.00107435
29.8548,0.000717267,0.000524796
29.8626,0.000486708,-0.000276478
29.8704,0.000307536,-0.000575459
29.8782,0.000257668,8.75672e-05
29.8861,-0.00027611,0.00114339
29.8939,-0.000787977,0.00100346
29.9017,-2.28258e-05,0.00111427
29.9096,-0.000235031,-0.000500656
29.9174,-0.000605341,-0.00134406
29.9252,-0.000396978,0.000668002
29.933,0.000590256,0.000175808
29.9409,-0.000902456,0.000685822
29.9487,-0.000101609,-0.000159885
29.9565,0.00058862,0.000156387
29.9644,0.000684291,0.000178547
29.9722,0.000242468,0.000498896
29.98,1.05753e-05,0.000294144
29.9878,-0.000526904,0.00013186
29.9957,0.000228157,0.000780113
30.0035,-0.000654149,0.000865621
30.0113,0.000355698,-3.66235e-05
30.0192,0.00114546,0.000318539
30.027,-6.4459e-05,0.000696209
30.0348,-0.000354477,4.27523e-06
30.0426,1.63886e-05,-0.000400832
30.0505,-0.000209374,-0.000586097
30.0583,-0.000280861,0.000177207
30.0661,0.000230414,0.000401729
30.074,-0.000123536,-4.94886e-05
30.0818,-0.000551275,0.000295928
30.0896,0.000421702,-0.000222973
30.0974,0.000994872,0.00127521
30.1053,-9.21059e-05,0.000494855
30.1131,5.75953e-05,0.000688272
30.1209,-0.000485604,0.000158641
30.1288,0.000783561,-8.01171e-05
30.1366,8.39515e-05,4.44846e-05
30.1444,0.000354743,-2.19712e-05
30.1522,-0.000460513,0.000204785
30.1601,6.68027e-05,-0.000459391
30.1679,3.45096e-05,-0.00034205
30.1757,-0.00047971,-0.000272419
30.1836,-0.000102713,0.00070844
30.1914,0.000336077,0.00031957
30.1992,0.000445228,7.27249e-05
30.207,-0.000599865,0.000106655
30.2149,6.17616e-05,0.000389397
30.2227,-0.000354505,0.00020942
30.2305,-0.000332864,8.76545e-05
30.2384,-0.000862759,-8.62117e-06
30.2462,0.000490032,-0.000588986
30.254,-9.1541e-05,-4.3727e-05
30.2618,0.00102556,0.00061532
30.2697,0.000139119,0.000420576
30.2775,-2.69074e-05,-0.000163223
30.2853,-0.000394053,0.000371338
30.2932,-0.000191039,-0.000184525
30.301,6.52485e-05,0.000808709
30.3088,-0.000230556,-0.000112898
30.3166,2.39067e-05,-2.51027e-06
30.3245,0.000220092,0.000406438
30.3323,0.000319127,0.000369444
30.3401,-0.000135064,-0.00118769
30.348,-0.000264924,0.000178742
30.3558,0.000614051,0.000206737
30.3636,-0.000177228,0.000316661
30.3714,9.81283e-05,8.24151e-05
30.3793,-0.000107235,-6.03293e-06
30.3871,-8.85047e-07,0.000437047
30.3949,0.000367081,0.000286287
30.4028,-0.000152193,0.00105524
30.4106,-3.74842e-05,-0.000326465
30.4184,0.000689944,-6.66504e-05
30.4262,5.20219e-05,0.000512249
30.4341,-4.32941e-05,0.000338827
30.4419,0.000239813,0.000128837
30.4497,-0.000726129,0.000184817
30.4576,0.000115415,0.00130976
30.4654,0.000154948,-0.000267586
30.4732,6.74251e-05,0.000559791
30.481,-0.000463152,-0.000364435
30.4889,0.000613246,-0.000385756
30.4967,0.000504499,0.00044334
30.5045,0.000262317,4.84973e-05
30.5123,-0.00058453,0.00100919
30.5202,-4.82188e-05,-0.000526889
30.528,-0.000606555,-0.000841154
30.5358,-0.000716605,0.000401523
30.5437,0.00112669,0.000305032
30.5515,0.000259842,-0.000453987
30.5593,-1.03902e-05,-0.000118253
30.5671,-0.000720744,0.000251282
30.575,-0.000344612,0.000655962
30.5828,0.000151492,0.000915868
30.5906,-0.00075501,-2.4494e-05
30.5985,0.000279385,0.000700166
30.6063,0.000173986,0.000266727
30.6141,-0.000435239,0.000284649
30.6219,0.000362881,0.000426861
30.6298,0.000111169,-0.000152316
30.6376,0.000465222,0.0012963
30.6454,0.000463072,-0.000144798
30.6533,-9.91783e-05,0.000291038
30.6611,-0.000270953,0.000378209
30.6689,-0.0006658,-0.000115599
30.6767,0.000551208,0.000767792
30.6846,-5.03013e-05,0.000587115
30.6924,-0.00090756,-2.39373e-05
30.7002,-0.000637867,0.000263312
30.7081,6.7872e-05,0.000345813
30.7159,4.22051e-05,0.000399157
30.7237,0.000337925,0.000217519
30.7315,0.000818613,0.000833539
30.7394,0.000316443,0.000540033
30.7472,9.09002e-05,0.00138872
30.755,0.000438619,-0.000448911
30.7629,-0.000903025,0.000597021
30.7707,0.00023596,0.000678185
30.7785,7.00132e-06,0.00107546
30.7863,0.000376612,-0.000650866
30.7942,-0.000948514,-6.44257e-05
30.802,-0.000715981,1.32134e-05
30.8098,0.000560163,0.000342282
30.8177,-0.000809575,0.000248408
30.8255,0.000570118,-0.000333663
30.8333,-0.00049126,0.000390479
30.8411,0.000266278,0.000894442
30.849,-0.000349258,0.000301774
30.8568,-7.27955e-05,5.46177e-05
30.8646,-7.67857e-05,-0.000628448
30.8725,3.35888e-05,0.000328439
30.8803,-0.000422926,-9.57704e-05
30.8881,0.000505291,8.42516e-05
30.8959,-0.000833799,0.000307507
30.9038,0.000708725,0.00112956
30.9116,-0.000360468,0.000759252
30.9194,7.97402e-05,0.000325414
30.9273,-0.000455684,-0.00078578
30.9351,0.000451312,0.000245747
30.9429,0.00102001,0.000578229
30.9507,0.00102509,1.37382e-05
30.9586,-0.000575955,0.000787507
30.9664,-0.000470785,6.03389e-05
30.9742,0.000609501,0.00093726
30.9821,-0.000579662,-0.000321883
30.9899,0.000713612,0.000306766
30.9977,0.000707143,0.000117256
31.0055,0.000347722,-0.000421659
31.0134,-0.000637903,0.000435838
31.0212,0.000481958,-0.000407172
31.029,-0.000477468,0.000614552
31.0369,0.000433173,-0.000832315
31.0447,0.000335741,0.000773751
31.0525,-0.00126191,0.000458602
31.0603,0.000440308,-0.00042196
31.0682,-0.00031054,5.23529e-05
31.076,0.000262375,0.000995347
31.0838,0.000124012,0.000290435
31.0917,0.00059003,-0.00107335
31.0995,0.000263605,-9.01799e-05
31.1073,0.000693099,-0.00049268
31.1151,-0.000394216,-0.000284351
31.123,0.000904863,0.000167614
31.1308,-9.04597e-05,2.24101e-05
31.1386,-0.000326889,0.000234153
31.1465,-0.000836804,-0.00051845
31.1543,0.000626276,7.28543e-05
31.1621,0.000608242,0.000360967
31.1699,0.000255244,0.00049548
31.1778,-0.00103529,0.000873894
31.1856,0.000287833,0.00124696
31.1934,-0.000452884,8.75426e-05
31.2012,0.000196488,0.000556939
31.2091,-0.000928164,0.000236475
31.2169,-0.000633921,0.000678776
31.2247,0.00040349,0.000698885
31.2326,0.000559109,0.000166206
31.2404,0.000140432,0.000339574
31.2482,-4.46254e-05,0.000451988
31.256,-0.000253357,-0.000216798
31.2639,-0.000210068,0.000439296
31.2717,-0.000473386,1.21312e-05
31.2795,0.00057104,-0.000147259
31.2874,0.000727253,-0.000764398
31.2952,-0.000276494,-0.000405383
31.303,0.000539247,0.00112411
31.3108,-0.000126396,-0.000424612
31.3187,0.000186779,-0.000653273
31.3265,-0.00103888,2.18695e-05
31.3343,0.000349268,-0.000319366
31.3422,0.000379256,0.000708538
31.35,-0.000480693,0.000670336
31.3578,0.000495702,-0.000939555
31.3656,0.000141383,0.000550241
31.3735,-0.000151373,6.54421e-05
31.3813,7.32019e-06,-2.5855e-05
31.3891,0.000296216,1.08027e-06
31.397,-0.000297127,0.000362006
31.4048,0.000679922,-0.000181524
31.4126,-0.000364641,-0.000420836
31.4204,-0.000280454,0.0016354
31.4283,1.7212e-05,-0.000378616
31.4361,0.00106956,0.000363974
31.4439,-0.00106177,0.000672905
31.4518,-8.39007e-05,4.26213e-05
31.4596,-0.000200755,0.000536191
31.4674,0.000240561,0.00053488
31.4752,-0.000493519,0.000803206
31.4831,0.00128392,0.000199221
31.4909,0.000190467,0.00018008
31.4987,0.000806763,0.000267704
31.5066,-1.85976e-05,0.000247027
31.5144,0.00057782,0.00121215
31.5222,0.000182992,0.000279356
31.53,0.000376322,0.000444553
31.5379,0.000440028,-0.000220988
31.5457,-0.000854599,8.27354e-05
31.5535,-0.000712674,-0.000323339
31.5614,-0.000206372,-0.000507874
31.5692,0.000168436,0.000233009
31.577,-0.000452209,-0.000524405
31.5848,-0.000958737,5.13954e-05
31.5927,0.000310017,0.000158113
31.6005,0.000300238,-0.000490263
31.6083,0.000621241,-2.95009e-05
31.6162,0.00102368,-0.000882008
31.624,-0.000309722,0.000500005
31.6318,0.000228371,0.000476966
31.6396,-0.000396781,-0.000432569
31.6475,-3.54963e-05,0.000148565
31.6553,0.000539707,0.000503898
31.6631,-0.000468672,5.7841e-05
31.671,-0.000239573,0.000795662
31.6788,0.000472003,-0.000266614
31.6866,-0.000630516,0.000313902
31.6944,0.000494931,0.000956866
31.7023,-0.000382575,0.000617179
31.7101,-0.00018802,-0.000412585
31.7179,-5.81406e-06,-0.000850776
31.7258,-3.8008e-05,0.000365033
31.7336,-0.000217319,0.000199594
31.7414,-0.000301578,0.000374654
31.7492,0.000875421,8.05324e-05
31.7571,-0.000308748,3.9804e-05
31.7649,7.77527e-05,0.00105824
31.7727,-0.000126757,0.000320948
31.7806,0.000739022,-0.000579511
31.7884,0.000105499,0.00126917
31.7962,0.000443659,0.000368737
31.804,0.000800321,-0.000607326
31.8119,-0.000436027,-5.61313e-05
31.8197,-9.60145e-05,0.000266528
31.8275,0.000694234,-0.000262756
31.8354,0.000123726,-0.00031952
31.8432,0.000315979,0.000706494
31.851,0.00042191,0.000156136
31.8588,4.97595e-05,0.000366591
31.8667,0.00075761,-0.000269714
31.8745,-0.000252132,-0.000427424
31.8823,-0.000423712,-0.000576673
31.8901,-0.000862419,-5.54323e-05
31.898,0.000665595,2.1566e-05
31.9058,-6.62074e-05,0.000159177
31.9136,8.4242e-05,-0.000887093
31.9215,0.000283761,0.000511549
31.9293,0.000197878,0.000490938
31.9371,0.00119405,0.00037393
31.9449,0.000405743,0.000332805
31.9528,0.00018236,0.000535586
31.9606,0.000284119,0.000926265
31.9684,-0.00057237,-0.000878178
31.9763,-4.36726e-06,0.000500734
31.9841,-9.72758e-05,-0.000331265
31.9919,0.000884144,9.23411e-05
31.9997,-0.000257629,-0.00106322
32.0076,-0.000605947,0.000391633
32.0154,0.000446652,0.000426159
32.0232,3.06762e-05,0.00108421
32.0311,0.00123912,-0.000416161
32.0389,0.000571738,0.000325534
32.0467,0.000222922,-3.70821e-05
32.0545,-9.10794e-05,-0.00032926
32.0624,0.000249179,1.21468e-05
32.0702,2.53934e-05,0.000428199
32.078,0.000473339,9.80485e-05
32.0859,-0.000411164,0.000783905
32.0937,-0.000149774,0.000659978
32.1015,-0.000208469,-0.000431734
32.1093,0.000985549,-0.000420479
32.1172,0.000132018,-0.00018386
32.125,-0.000304987,0.000628801
32.1328,0.000589081,-0.000310772
32.1407,-1.20989e-05,0.000691136
32.1485,-0.00106071,-0.00121494
32.1563,-0.00060969,0.00029351
32.1641,0.000404776,-0.000371876
32.172,-0.000377785,0.000608759
32.1798,-0.000566311,-0.000276275
32.1876,-0.000886077,0.000769506
32.1955,0.000166819,-0.00063794
32.2033,-0.000420372,0.000105792
32.2111,-0.000550799,-0.000355573
32.2189,0.000688945,-2.42996e-05
32.2268,0.000575523,-0.000155198
32.2346,0.000174994,7.37428e-05
32.2424,-0.000114912,0.000553834
32.2503,0.000277062,0.000714964
32.2581,0.000755913,0.000195611
32.2659,0.000644615,0.000998364
32.2737,-0.000169184,0.000442967
32.2816,0.000382945,-0.000333789
32.2894,-0.000376401,-0.000190028
32.2972,-0.000172696,0.00112876
32.3051,-5.06957e-05,-0.000279846
32.3129,-0.000397699,0.000243308
32.3207,0.000804021,0.000659929
32.3285,8.25703e-05,0.000756411
32.3364,0.000216449,-0.000513705
32.3442,-0.000662007,-0.00029202
32.352,0.000280718,0.000517337
32.3599,0.000381938,0.000485031
32.3677,-0.000352243,0.000353506
32.3755,0.000620711,-0.000771856
32.3833,-1.42671e-05,-0.000327922
32.3912,0.000399719,0.000296546
32.399,-0.000595581,0.00051705
32.4068,-0.000140938,-0.000836009
32.4146,-0.000341505,0.00072136
32.4225,-0.000261141,0.000404415
32.4303,-0.00024284,-0.000414793
32.4381,0.000552223,-0.000216661
32.446,0.000271163,-0.000202364
32.4538,-0.00056611,-0.000656772
32.4616,7.01689e-05,-8.24361e-06
32.4694,0.000529833,0.000216785
32.4773,0.000278612,-0.00117036
32.4851,0.000284376,-0.000423354
32.4929,0.000187627,0.000334557
32.5008,-0.00042352,-0.00104325
32.5086,0.00074409,-0.000671202
32.5164,-0.000574836,-0.000841017
32.5242,-0.000359923,0.000410211
32.5321,-0.00027174,0.000437918
32.5399,-0.000103547,-0.000213422
32.5477,-0.000174247,0.00035408
32.5556,4.54251e-05,0.000224902
32.5634,0.000276019,-0.000469631
32.5712,0.000994239,-0.000183283
32.579,-0.0008492,0.000106339
32.5869,-0.000562678,-5.23834e-05
32.5947,9.14666e-06,0.000754419
32.6025,0.000764915,0.000399286
32.6104,-0.000418851,1.33023e-05
32.6182,0.00032801,3.8237e-05
32.626,0.000371794,8.44973e-05
32.6338,-4.82027e-05,0.000371007
32.6417,-0.000146491,7.2623e-05
32.6495,-0.000894801,-0.000514123
32.6573,5.05796e-05,-1.13991e-05
32.6652,-0.000276029,4.51887e-05
32.673,-5.78615e-05,0.000177391
32.6808,-0.000561124,0.000257345
32.6886,-0.000144318,-4.66285e-05
32.6965,0.000193762,1.2275e-05
32.7043,-0.000505976,0.000531466
32.7121,0.000273626,-0.000382736
32.72,0.000598907,-0.000616639
32.7278,0.000766963,-0.000821929
32.7356,-0.000502937,0.000740003
32.7434,-0.000151379,0.000196336
32.7513,-0.000401022,7.43888e-05
32.7591,-0.000391221,-5.607e-05
32.7669,-0.00016366,0.000812053
32.7748,-0.000729478,0.00108423
32.7826,0.00049752,0.000649884
32.7904,0.000316588,3.79449e-05
32.7982,0.000659777,0.000723509
32.8061,-0.000388838,0.000206945
32.8139,-0.0010515,-0.000436635
32.8217,6.90079e-05,-0.000140708
32.8296,0.000733322,-0.00045452
32.8374,0.000650917,-4.33257e-05
32.8452,-0.000690165,0.000871115
32.853,0.000343314,0.000433176
32.8609,0.000178384,-0.000273761
32.8687,0.000156286,6.54736e-05
32.8765,0.00084493,0.000885572
32.8844,6.57796e-05,0.000919549
32.8922,3.70633e-05,0.000275021
32.9,-0.000311979,-6.86501e-05
32.9078,-0.000298693,-0.000137814
32.9157,-3.60357e-05,-0.000660778
32.9235,-0.00074251,-0.000347033
32.9313,-0.000312563,-0.000197927
32.9392,1.59122e-05,0.000320489
32.947,0.000193983,-0.000438612
32.9548,-4.52948e-05,-0.000373853
32.9626,-0.000258815,0.000524308
32.9705,-0.000563952,-0.000562487
32.9783,-6.02612e-05,-0.000280352
32.9861,0.000191545,0.000314465
32.994,0.000598376,-0.000520985
33.0018,0.000360687,0.000796791
33.0096,0.000372881,0.000425227
33.0174,0.000289398,-2.86007e-06
33.0253,0.000312819,1.10782e-05
33.0331,-0.000264032,-0.000289309
33.0409,1.46274e-05,-0.00030988
33.0488,-0.000132338,-0.00053516
33.0566,0.000167375,0.000807786
33.0644,0.000293251,-0.000570706
33.0722,-0.00146272,0.000867428
33.0801,0.000281685,0.000458035
33.0879,0.00100833,0.000645902
33.0957,-0.000350176,0.000417026
33.1035,0.000275369,0.000669929
33.1114,-0.000703572,0.000469166
33.1192,-0.000975239,-2.57034e-05
33.127,0.00012865,-0.000758572
33.1349,0.000477902,-2.47398e-05
33.1427,0.000279944,-0.000121142
33.1505,0.000237783,0.000374579
33.1583,0.000133865,0.000980746
33.1662,0.000416231,-0.000823599
33.174,-0.000480065,0.000670604
33.1818,-0.000931056,0.00014568
33.1897,0.000673573,0.000764415
33.1975,0.000320012,-0.000358756
33.2053,0.000342887,-0.000127437
33.2131,-0.000163386,-0.000352779
33.221,0.000488406,0.000379828
33.2288,-0.000145761,0.000541996
33.2366,-0.00051468,0.00148668
33.2445,-0.000634773,-0.000854337
33.2523,0.000434444,3.87233e-05
33.2601,-0.000682343,0.000524151
33.2679,0.000412899,-0.000565841
33.2758,0.000794394,0.000838842
33.2836,0.000503422,-0.000117939
33.2914,0.000398238,-0.000155006
33.2993,0.000801205,0.000625737
33.3071,0.000709318,0.000107349
33.3149,0.000629082,-9.57471e-05
33.3227,-0.000524293,-0.000234239
33.3306,0.000379955,-0.000332164
33.3384,-0.000596794,0.000243182
33.3462,8.15991e-05,-0.000775209
33.3541,0.000450079,-1.58238e-05
33.3619,-0.000240005,-5.85841e-05
33.3697,0.000168016,-0.000467563
33.3775,0.00134419,1.59237e-05
33.3854,-0.000441549,0.000351717
33.3932,6.85271e-05,0.000738453
33.401,0.000511976,0.000637233
33.4089,8.44098e-05,-0.000451219
33.4167,0.000820241,8.46891e-05
33.4245,0.0003733,-0.000460147
33.4323,0.000597388,0.000188844
33.4402,0.000405256,-8.99303e-05
33.448,0.000161332,0.000223927
33.4558,4.76513e-05,0.000310459
33.4637,-0.000799751,-0.000389192
33.4715,0.000698928,-0.000986073
33.4793,0.00018293,-0.00114485
33.4871,3.97487e-05,0.000651848
33.495,-0.000268186,-1.0852e-05
33.5028,0.000232409,-0.000803475
33.5106,-4.8335e-05,-0.000131783
33.5185,0.000755375,-0.000670437
33.5263,0.000563841,0.000541103
33.5341,0.000416183,0.000506693
33.5419,8.69998e-05,-1.33894e-05
33.5498,0.000837343,-0.000356434
33.5576,0.000567832,0.00102664
33.5654,0.000105884,-0.00027698
33.5733,0.000227928,0.000573611
33.5811,-0.000521798,0.000615191
33.5889,0.000444739,0.000273161
33.5967,-0.000801484,0.00141338
33.6046,4.66535e-05,-0.000407591
33.6124,-0.000342581,-0.000730617
33.6202,-0.000501103,0.000189247
33.6281,0.000273365,-2.72691e-05
33.6359,-0.000317314,0.000525022
33.6437,0.000325392,-0.000341769
33.6515,0.000478825,0.000551098
33.6594,0.000833991,4.30859e-05
33.6672,0.000450246,0.000956371
33.675,-0.000417045,-0.000140046
33.6829,-0.000551975,0.000786422
33.6907,-0.000149414,-0.00113356
33.6985,3.57253e-05,-0.000162112
33.7063,0.00109281,-0.000124861
33.7142,0.000705575,-0.000587088
33.722,-0.000244624,-0.000691924
33.7298,0.00053999,0.00111798
33.7377,0.000374755,0.000302719
33.7455,0.000335047,2.35699e-05
33.7533,0.00108621,0.000310831
33.7611,-0.000869174,0.000746427
33.769,-0.000218674,-0.000145954
33.7768,0.000406381,0.000114971
33.7846,-0.000623776,0.000387076
33.7924,0.000612436,0.000212246
33.8003,0.00083996,-0.00126234
33.8081,-0.00029937,-0.000373591
33.8159,3.70771e-05,0.000907061
33.8238,0.000122328,-0.000338718
33.8316,-0.000111881,-0.000213917
33.8394,-0.000673976,0.000868328
33.8472,-4.29865e-05,0.000206265
33.8551,-0.000313032,-0.000369285
33.8629,0.000185169,-0.000333183
33.8707,-0.000674997,-0.000308364
33.8786,0.000209494,-0.000621503
33.8864,-0.000342402,-0.000385539
33.8942,0.000267246,-0.00039615
33.902,-0.000268014,0.00034308
33.9099,0.000666589,-0.00035559
33.9177,0.000575261,-0.000468271
33.9255,0.000134844,0.000367183
33.9334,0.00061255,0.00048251
33.9412,-7.84159e-06,-3.88441e-05
33.949,6.46711e-05,0.000483741
33.9568,-0.000548301,-0.000114432
33.9647,0.000352404,4.26701e-05
33.9725,0.000211537,0.00105074
33.9803,0.000385102,0.000856033
33.9882,-0.000899133,0.000259414
33.996,-0.000278362,-8.26439e-05
34.0038,-0.000105907,7.80354e-05
34.0116,0.000868123,-0.000182515
34.0195,0.000228437,5.94895e-05
34.0273,0.00123942,0.00165351
34.0351,-0.000161893,0.000114955
34.043,0.000428789,-0.000578405
34.0508,-7.65866e-05,0.00010047
34.0586,0.000697063,0.000409204
34.0664,-0.000412335,0.000886902
34.0743,0.000873839,0.000358181
34.0821,-0.000363953,-0.000509238
34.0899,-0.00057114,-0.000452857
34.0978,-0.000178324,0.000775146
34.1056,0.000229217,0.000847724
34.1134,-0.000492946,-0.000401521
34.1212,0.00102576,0.000104179
34.1291,-0.000254481,-0.000817587
34.1369,0.000110586,-3.56997e-05
34.1447,0.000388768,-0.000619434
34.1526,-5.67208e-05,-0.00039229
34.1604,-0.00123605,0.000548297
34.1682,-0.000456506,0.000782754
34.176,-0.00012734,0.000724147
34.1839,0.000276392,0.000568768
34.1917,-0.000441952,6.1207e-05
34.1995,-0.000320359,-0.000707915
34.2074,-0.000651068,-0.00107361
34.2152,-0.000432949,-0.000689069
34.223,-0.000138533,0.00014871
34.2308,-0.00074448,0.000211334
34.2387,-0.000332017,-3.09638e-05
34.2465,0.000683173,0.000285202
34.2543,0.000979954,0.000488083
34.2622,-0.000544777,0.000103378
34.27,7.32085e-05,-0.000199803
34.2778,-0.000192366,-0.000727048
34.2856,-0.000998088,0.00117205
34.2935,0.0008497,-0.000142599
34.3013,0.000156449,0.00017748
34.3091,-0.00108418,-4.42715e-06
34.317,0.000266534,0.00020949
34.3248,0.000805573,0.000325789
34.3326,0.000185628,0.000346446
34.3404,1.48386e-05,-0.000149657
34.3483,-3.23256e-05,0.00135399
34.3561,-0.000693976,0.000255857
34.3639,-0.000138472,-0.000305117
34.3717,0.000315452,0.000361996
34.3796,0.00126315,0.000601565
34.3874,0.000148232,0.000462194
34.3952,-2.82889e-05,-0.000777886
34.4031,-0.000437999,-8.76064e-05
34.4109,1.00803e-05,0.000371098
34.4187,0.000380279,-0.000466124
34.4266,0.000950939,-0.000986219
34.4344,0.00103343,1.77344e-05
34.4422,-0.000329195,0.000479405
34.45,-3.89609e-05,3.28008e-06
34.4579,0.000421724,-0.000534291
34.4657,0.00165235,0.000533747
34.4735,0.00044021,0.00051809
34.4813,0.000706273,0.000461997
34.4892,0.000587448,0.000356904
34.497,0.000313586,0.000450584
34.5048,-0.000783616,9.34401e-05
34.5127,0.000355471,0.00110868
34.5205,0.000134939,0.0001012
34.5283,-0.000224473,0.000333552
34.5361,0.00137822,-0.000609587
34.544,0.00101898,-7.00184e-05
34.5518,0.000391006,1.07288e-05
34.5596,-0.000589622,0.00116743
34.5675,-0.000129953,-6.36483e-05
34.5753,-0.000167291,0.000142718
34.5831,0.000137452,-0.001549
34.5909,0.000484781,0.000341189
34.5988,-0.000756959,-3.53091e-05
34.6066,0.00180171,0.000159818
34.6144,-0.000437213,0.000375834
34.6223,0.00130279,0.000691588
34.6301,0.000495598,0.000546257
34.6379,0.000529421,-0.000240643
34.6457,0.00100313,0.000480704
34.6536,3.61199e-05,0.000372442
34.6614,0.000435383,0.000570841
34.6692,-9.01168e-06,-0.000526666
34.6771,0.000522375,-0.00056237
34.6849,0.000951362,6.32582e-05
34.6927,0.000610876,-7.13349e-05
34.7005,0.00010465,0.000920067
34.7084,-0.000112473,0.000252651
34.7162,-0.000181104,-9.44187e-05
34.724,0.000121795,0.000133215
34.7319,-0.000165043,0.000293864
34.7397,0.000291437,0.000114371
34.7475,0.000838538,0.000474753
34.7553,0.000298606,-8.54342e-05
34.7632,-0.000774443,-0.000309774
34.771,0.00103455,-0.000214601
34.7788,-2.99961e-05,5.84228e-05
34.7867,0.00190318,-0.000119268
34.7945,-8.47921e-05,-0.000103801
34.8023,-0.000239093,-0.000107669
34.8101,0.000341196,0.000855262
34.818,-0.000240987,9.7121e-05
34.8258,-0.00101122,0.000207587
34.8336,-6.53043e-05,0.000568669
34.8415,0.000114113,-0.000105991
34.8493,-2.54545e-05,-0.000555933
34.8571,-0.000421771,0.000649817
34.8649,-0.000424796,0.00036424
34.8728,-0.000712662,0.000169073
34.8806,-0.000213589,0.00059371
34.8884,-0.000214881,0.000148783
34.8963,0.000663571,0.000510733
34.9041,-8.35838e-05,-0.000166592
34.9119,0.000430615,-0.000145598
34.9197,0.000401506,0.00118625
34.9276,0.00024156,-0.00069095
34.9354,0.000898286,0.000167814
34.9432,0.000295291,0.000412052
34.9511,-0.000752129,0.000523801
34.9589,0.000214129,-0.000340304
34.9667,0.000102155,-0.000667267
34.9745,0.000173317,-0.000432879
34.9824,-0.000219026,-0.000365732
34.9902,-0.000364327,0.000354131
34.998,-0.000264979,-1.14798e-05
35.0059,0.000428233,-4.6964e-05
35.0137,-0.000796435,0.000863147
35.0215,-0.000552164,0.00050131
35.0293,0.00141449,0.000345173
35.0372,0.000637421,0.00106781
35.045,0.000344922,-0.000184448
35.0528,-0.000129059,-0.000130933
35.0606,8.03467e-06,-0.00104823
35.0685,0.000694624,-0.000132857
35.0763,-0.000398963,0.000271968
35.0841,-0.000134159,0.000477913
35.092,-0.000523295,0.000453455
35.0998,-0.000396209,-0.000441534
35.1076,0.000939383,-0.000288546
35.1154,-0.000411546,-0.000460184
35.1233,-0.000239779,-0.000944452
35.1311,0.00014966,0.000252784
35.1389,-0.000610097,0.000455571
35.1468,0.00070595,0.000635489
35.1546,0.000547224,0.00081764
35.1624,-0.000259975,0.00108598
35.1702,-0.00114648,0.000229936
35.1781,0.000101318,0.000229787
35.1859,0.000119358,0.000259261
35.1937,8.57336e-05,-0.00028996
35.2016,0.0010814,-0.000450964
35.2094,5.66783e-05,0.00032298
35.2172,-0.000369483,0.000419837
35.225,-0.000464798,0.00039771
35.2329,0.000221245,-0.000174511
35.2407,0.000297407,-0.000679163
35.2485,1.87709e-05,0.000260658
35.2564,0.000641844,0.000150091
35.2642,0.000597245,-0.000412746
35.272,-0.000907819,-0.000124941
35.2798,-0.000181235,4.02325e-05
35.2877,0.000120864,0.000309496
35.2955,0.000291572,0.000178615
35.3033,0.000138967,-0.000360645
35.3112,0.000631491,0.00052315
35.319,0.000309097,2.81225e-05
35.3268,-0.000593251,0.000598532
35.3346,-3.34333e-05,-0.000564593
35.3425,-0.0010042,-0.0013835
35.3503,7.25429e-05,0.000504327
35.3581,7.749e-05,0.000661832
35.366,-0.000655471,-0.000275251
35.3738,0.000429718,0.000956635
35.3816,0.000490705,-0.00082547
35.3894,0.000617349,0.000280033
35.3973,3.98256e-07,0.000209299
35.4051,-5.15044e-05,0.000255469
35.4129,-0.000308541,-0.000468536
35.4208,-7.26289e-06,-0.000440775
35.4286,-0.000539495,0.00104221
35.4364,-5.81911e-05,-0.000484674
35.4442,0.000169639,0.000348365
35.4521,-0.000528422,0.000300935
35.4599,-0.000644378,0.000212042
35.4677,-0.000508627,-0.000253857
35.4756,0.000105519,-0.00135191
35.4834,0.000379552,0.000115845
35.4912,-0.000155325,-0.000658846
35.499,8.99255e-05,0.000149119
35.5069,0.000416877,-0.000186379
35.5147,0.000339521,-0.000776146
35.5225,-0.000599579,0.000228189
35.5304,-0.000525901,-0.00035118
35.5382,0.000137927,0.00101948
35.546,-0.000272639,-0.0010154
35.5538,0.000713619,0.00129134
35.5617,-0.00010066,0.00164487
35.5695,0.000129194,-7.64308e-05
35.5773,-0.000642795,-0.000343628
35.5852,-0.000131306,0.0003447
35.593,0.000953163,0.000287666
35.6008,-0.000215866,-0.000525183
35.6086,4.75061e-05,0.000130003
35.6165,0.00137322,0.000699111
35.6243,0.000269514,0.000257504
35.6321,0.000255632,-0.00016618
35.64,0.000608973,-0.000697459
35.6478,0.000148122,-0.000605657
35.6556,0.000509144,0.000277946
35.6634,-0.000124653,0.000105186
35.6713,0.000327624,0.000244688
35.6791,0.000221963,-0.000443564
35.6869,0.000100846,-1.70088e-05
35.6948,0.000178059,-0.000127722
35.7026,1.96519e-05,0.00071999
35.7104,0.000399799,0.000284104
35.7182,0.000156893,0.000531821
35.7261,5.51211e-05,0.000593581
35.7339,0.000672286,0.000120696
35.7417,-0.000787543,-1.52274e-05
35.7495,-0.00059586,0.000186973
35.7574,0.000382241,-0.000176299
35.7652,-0.000131522,0.000104323
35.773,0.000535138,-0.000789221
35.7809,0.000259974,-0.000567385
35.7887,0.000904129,-5.9299e-05
35.7965,-0.000167787,0.000299412
35.8043,0.000279211,0.000112955
35.8122,-1.14628e-05,-0.000150732
35.82,-0.000157489,0.000868906
35.8278,0.000593396,-0.000712439
35.8357,0.000323968,-1.36452e-05
35.8435,-0.000127684,-0.0011628
35.8513,-0.00131118,-0.000247521
35.8591,0.000241551,-0.000383152
35.867,-0.000495815,-0.000523734
35.8748,0.000429831,-0.000132421
35.8826,-0.000187054,9.34054e-05
35.8905,-0.000106651,0.000520904
35.8983,0.000176484,0.000585091
35.9061,-0.000586251,-0.00015979
35.9139,0.0005886,-0.000397413
35.9218,-0.000100457,-0.000192469
35.9296,-0.000230933,0.000335791
35.9374,0.000704339,-0.000487109
35.9453,-0.0003639,5.20317e-05
35.9531,6.15244e-05,-7.5405e-05
35.9609,0.000792177,-0.000624568
35.9687,0.00122056,-3.46337e-05
35.9766,-2.06724e-05,-0.000519439
35.9844,0.000897842,0.00072958
35.9922,-0.000920254,-0.000469484
36.0001,-0.000266002,-0.000392773
36.0079,-0.000551147,2.96254e-05
36.0157,0.000478217,-0.00032607
36.0235,-0.000552105,0.000270117
36.0314,0.000552629,-5.81987e-05
36.0392,-0.000386329,0.000342179
36.047,0.000313511,0.000544271
36.0549,0.00115144,-0.000121836
36.0627,-0.000599117,9.78579e-05
36.0705,0.000548955,0.000789571
36.0783,-0.000498932,0.000547723
36.0862,0.000255773,0.000527364
36.094,6.48637e-05,-0.000278264
36.1018,-0.000328705,-0.000413729
36.1097,-9.37905e-05,0.00020254
36.1175,0.000890514,-0.000926767
36.1253,-3.74394e-05,-0.000422974
36.1331,-0.000324679,4.80006e-05
36.141,0.000393162,9.79318e-05
36.1488,0.000970432,0.00112387
36.1566,-0.00027856,6.44472e-05
36.1645,0.000338251,-0.00105617
36.1723,0.000192239,-2.70539e-05
36.1801,-0.00120435,0.00106094
36.1879,-0.000731369,-6.48095e-05
36.1958,-6.11983e-05,-0.000111489
36.2036,0.000578125,0.00085616
36.2114,-0.000417825,0.00125913
36.2193,-0.000147864,3.52593e-05
36.2271,-0.000183575,-0.000816949
36.2349,-0.000231168,0.000546233
36.2427,0.000139615,0.000500967
36.2506,0.000100756,-0.000572947
36.2584,-9.83968e-05,0.000613565
36.2662,-6.29241e-05,0.000464811
36.2741,-0.000408077,-0.000142104
36.2819,0.000130523,-0.000217357
36.2897,0.000281047,0.000201216
36.2975,0.00039232,6.94209e-05
36.3054,-0.00129591,0.000134391
36.3132,0.000830918,-0.00035021
36.321,0.0012376,-0.0002044
36.3289,0.000562754,0.000325243
36.3367,-0.000209923,0.00025948
36.3445,0.000498051,-9.6313e-05
36.3523,-0.000223875,-0.000747707
36.3602,6.58375e-05,0.000246248
36.368,-0.000195439,0.00083182
36.3758,0.000334583,-0.000428664
36.3837,-0.000886089,0.000141736
36.3915,-0.00047041,-0.000520126
36.3993,0.000641118,-0.00029772
36.4071,0.000344333,-0.000206468
36.415,-0.000116978,-0.000529439
36.4228,0.000882626,0.000102797
36.4306,0.000144526,0.000299168
36.4384,0.000497953,0.000817079
36.4463,-0.00038416,-0.000511905
36.4541,-0.000115103,0.00104025
36.4619,-0.000499008,1.88888e-05
36.4698,-0.000289644,0.000400089
36.4776,-0.00118503,0.000207396
36.4854,-0.000143632,-0.000189179
36.4932,-0.000192955,3.86473e-05
36.5011,-0.000350445,2.62281e-05
36.5089,-0.00103252,0.000700093
36.5167,0.000232135,-0.000958741
36.5246,-0.000150943,-0.000370979
36.5324,0.000538568,-0.000518969
36.5402,-0.000145594,5.68371e-05
36.548,-0.000114896,-2.47575e-05
36.5559,0.000932461,0.000112452
36.5637,0.000522499,-0.000269536
36.5715,0.000208541,-0.000571648
36.5794,0.00033006,-0.000272066
36.5872,0.000302306,0.000186702
36.595,-0.000248599,0.000617374
36.6028,-0.00031637,9.14512e-05
36.6107,-7.68789e-05,-2.11439e-05
36.6185,0.000231928,-0.000415427
36.6263,-0.000515211,-0.00101728
36.6342,-1.3224e-05,6.69467e-05
36.642,0.000329509,0.000234859
36.6498,0.000144654,8.63886e-05
36.6576,0.00065252,-0.00139579
36.6655,2.04666e-05,0.000276993
36.6733,-0.000203822,0.000657423
36.6811,0.000558367,0.000398983
36.689,0.000786888,-0.000574973
36.6968,0.00110204,-8.3143e-06
36.7046,-0.000291402,0.000297069
36.7124,0.000242753,-0.000924506
36.7203,-3.82581e-05,-6.15631e-05
36.7281,0.000158082,0.000249853
36.7359,0.000302416,-0.000196536
36.7438,-8.77614e-05,-0.000211813
36.7516,-0.000560499,0.000634844
36.7594,0.000430331,0.000603819
36.7672,0.00106824,0.000545403
36.7751,0.000493564,0.000277931
36.7829,0.000335247,0.000212151
36.7907,0.000302662,0.000139134
36.7986,-0.000226782,-0.000347094
36.8064,-0.00049066,0.00034237
36.8142,-0.000464261,2.13618e-05
36.822,0.000118167,0.000330701
36.8299,0.000120525,0.000671346
36.8377,0.000267158,-0.00030158
36.8455,0.000440239,-0.000344374
36.8534,-0.000285025,0.000298695
36.8612,-0.000693726,-2.0537e-05
36.869,0.00118531,0.000518129
36.8768,0.000130933,0.000715096
36.8847,-0.000639551,0.000677568
36.8925,0.000767582,-0.000430744
36.9003,0.000350278,0.000316747
36.9082,-0.000256523,-0.00102814
36.916,-0.000736094,0.000445664
36.9238,-0.000382249,-0.000549596
36.9316,-0.000525953,-0.000171741
36.9395,-0.00020093,0.000422347
36.9473,0.000529282,0.000786627
36.9551,-0.000199146,6.29385e-05
36.963,0.000541713,0.000111484
36.9708,0.000251134,0.000681519
36.9786,-0.000355477,-0.00062304
36.9864,0.000391785,-0.000548139
36.9943,-0.000219354,-0.000454022
37.0021,0.000776568,-0.000448537
37.0099,-0.000186491,-0.000553054
37.0177,5.97407e-05,-0.000884591
37.0256,-0.00030931,-0.000193852
37.0334,0.00116646,-0.000527828
37.0412,0.000353803,6.69586e-06
37.0491,0.000403087,0.000299437
37.0569,-0.000448568,5.66868e-05
37.0647,0.000252334,0.00134778
37.0726,0.000742374,6.37524e-05
37.0804,0.000963992,-0.000239372
37.0882,2.96958e-05,0.000185862
37.096,-0.000240647,0.000694608
37.1039,2.51632e-05,-0.000370445
37.1117,0.000159466,-0.000259418
37.1195,-0.000569413,0.000109931
37.1273,-0.000434227,0.00130848
37.1352,-0.000334661,-0.000488321
37.143,0.000191403,0.000286435
37.1508,0.000261405,0.000461937
37.1587,-0.00145724,-0.000183396
37.1665,0.000460623,-0.000577072
37.1743,-0.000389486,0.000202554
37.1821,0.000440888,-0.000200755
37.19,-0.000208463,0.000699654
37.1978,-0.000415592,0.000314533
37.2056,0.000297532,0.000545276
37.2135,0.00122691,-0.00104467
37.2213,0.000525269,0.000150923
37.2291,-0.000220626,0.000100653
37.2369,-7.62947e-06,0.00024433
37.2448,-0.000218894,-0.000157964
37.2526,7.04212e-05,0.000478464
37.2604,0.000147307,0.000120085
37.2683,0.000375443,0.000971269
37.2761,0.000314976,-0.000922101
37.2839,1.08825e-05,-0.000365297
37.2917,0.000366166,0.000438279
37.2996,-0.00106065,4.81019e-05
37.3074,0.000229638,0.000131759
37.3152,0.000567031,-0.000544234
37.3231,-4.57622e-06,0.00028625
37.3309,0.000633383,0.00089586
37.3387,-6.76676e-05,0.00123767
37.3465,0.000378515,-0.000984839
37.3544,-0.000101182,-0.000735743
37.3622,-0.000596231,-0.000222533
37.37,0.000519576,-0.000420593
37.3779,0.00134937,-0.000152064
37.3857,-0.000134995,0.000381212
37.3935,0.000260493,-3.99395e-05
37.4013,0.000576896,0.000653932
37.4092,-3.07609e-05,-0.000222776
37.417,0.00090834,0.00100604
37.4248,0.000198526,2.79763e-07
37.4327,0.000983896,-0.000153352
37.4405,-0.000413317,-0.000279237
37.4483,-0.000676985,0.000449303
37.4561,-0.000309342,0.000442552
37.464,-0.00035007,0.000403825
37.4718,0.000294127,-0.000404469
37.4796,-0.00110693,-0.000279504
37.4875,0.00010306,-0.000134796
37.4953,-0.000728008,-2.95932e-05
37.5031,0.000460451,0.000975204
37.5109,-0.0011861,0.000207252
37.5188,-0.00121945,-0.000155924
37.5266,-0.000803366,8.72594e-05
37.5344,-0.00035849,0.000330979
37.5423,0.000415788,-0.000253021
37.5501,0.000738804,-0.000959187
37.5579,0.000114266,0.000347376
37.5657,-0.000186234,-0.000614286
37.5736,0.000333853,-6.15082e-05
37.5814,-0.000697019,-0.000306275
37.5892,-0.000550573,-0.000554906
37.5971,0.00072137,0.000101917
37.6049,-0.000396643,-0.000175586
37.6127,-0.000184937,0.000349929
37.6205,-0.000129958,-0.00101726
37.6284,-0.000839786,0.00039515
37.6362,3.284e-05,-0.000304073
37.644,0.000646553,-0.000119538
37.6519,0.000666852,-0.00051339
37.6597,-0.000256892,-0.00017591
37.6675,0.000618053,-0.000628222
37.6753,-0.000401757,0.000220099
37.6832,-0.000162379,0.00126181
37.691,0.000428711,1.06666e-05
37.6988,-0.000672936,-0.000226762
37.7066,0.000133219,-0.000525924
37.7145,0.000587854,-0.000320703
37.7223,0.000112837,-0.000971979
37.7301,0.000429154,0.000234033
37.738,0.000123665,0.000445486
37.7458,-0.000224713,3.22945e-05
37.7536,-0.00069418,0.000642025
37.7614,0.000104332,-0.00119211
37.7693,-0.00026705,0.000737356
37.7771,3.26993e-05,0.000433359
37.7849,-9.38363e-05,-0.0010714
37.7928,0.000401906,-0.000171136
37.8006,-0.000385232,7.89341e-05
37.8084,-0.000400724,-0.000925794
37.8162,0.000296755,-0.000232953
37.8241,-0.000308238,-0.000754804
37.8319,-6.94444e-07,5.37281e-05
37.8397,0.000524824,-0.000875541
37.8476,-0.000308818,0.000975546
37.8554,0.000407845,-0.000258084
37.8632,5.11096e-05,-0.000138555
37.871,0.000643943,0.000609236
37.8789,-0.000490007,-0.000607906
37.8867,-0.000219715,-0.00103672
37.8945,0.000781438,-0.000231599
37.9024,-0.000868029,0.000442856
37.9102,-0.000431567,0.000827619
37.918,0.000401548,-0.000526879
37.9258,0.00151974,0.000459213
37.9337,0.000205119,0.000662463
37.9415,2.82129e-05,-0.000512559
37.9493,-0.00130603,-0.00019702
37.9572,8.32491e-05,0.000409786
37.965,-0.000628335,6.47292e-05
37.9728,0.000468604,0.000792181
37.9806,0.000163969,0.000449416
37.9885,-0.000507513,0.000411798
37.9963,0.00034252,5.55216e-06
38.0041,0.00058419,-0.000337796
38.012,-0.000241285,-0.000713925
38.0198,0.000646767,0.000217287
38.0276,0.000120444,-0.00040612
38.0354,0.000129261,-0.000634488
38.0433,0.000947138,-0.000350778
38.0511,-0.000789454,-0.000104147
38.0589,-8.2995e-05,-0.000290463
38.0668,-2.59658e-05,-1.21461e-05
38.0746,-0.000107067,0.000152112
38.0824,0.000692329,-0.000537899
38.0902,0.000178549,-0.000154748
38.0981,-0.000708519,-0.000148192
38.1059,-0.000179548,0.0017378
38.1137,-0.000651907,-0.000601395
38.1216,-2.68957e-07,2.05607e-05
38.1294,0.000212474,0.000635457
38.1372,0.000119399,-0.00109473
38.145,-0.00023682,-0.00106083
38.1529,-0.000313908,-0.000963801
38.1607,0.000410111,0.000384363
38.1685,7.63774e-05,-3.71959e-05
38.1764,0.000869876,-6.29797e-05
38.1842,0.000488896,-0.000480964
38.192,-0.000761143,-0.000890038
38.1998,-0.000113815,0.000244023
38.2077,-0.000243228,-0.000293016
38.2155,-0.000401437,0.000520348
38.2233,0.000183721,0.000320531
38.2312,-0.000928189,-0.000180407
38.239,6.01603e-05,-0.000425278
38.2468,0.000413161,0.000354181
38.2546,-0.000837683,0.0003293
38.2625,-0.000500507,-6.06686e-05
38.2703,0.000590377,-0.000741717
38.2781,0.000124018,-0.000216377
38.286,-4.04526e-05,-0.000248148
38.2938,0.000527566,0.000483037
38.3016,0.00047365,0.000291793
38.3094,0.00153235,6.05415e-05
38.3173,-0.00047433,-0.000533412
38.3251,0.000129182,0.000652053
38.3329,-0.000475687,-2.26581e-05
38.3408,0.000728376,-0.000269872
38.3486,-1.2566e-05,0.00117881
38.3564,-0.000643373,-0.00112723
38.3642,-0.000934372,-3.10149e-05
38.3721,0.000724479,-0.000497834
38.3799,-0.000834158,-0.000652974
38.3877,0.000198262,-0.00036488
38.3955,0.000128393,0.000755659
38.4034,0.00015721,-0.000896185
38.4112,-0.000507011,6.88086e-05
38.419,-7.64423e-05,-0.00141993
38.4269,0.000221408,-0.000634634
38.4347,0.000925562,0.000152551
38.4425,9.21736e-05,-0.000165479
38.4503,-0.000382277,0.000718546
38.4582,-0.000381833,3.92434e-05
38.466,0.000520666,-0.000219952
38.4738,0.000466999,-0.000144737
38.4817,-0.000540591,-0.00019531
38.4895,0.000116804,0.000355971
38.4973,-0.000130772,-0.00023131
38.5051,0.000333171,-0.000243455
38.513,0.000620062,0.000140412
38.5208,0.000297026,0.000896381
38.5286,0.00074232,0.000352444
38.5365,-9.16371e-05,4.0471e-05
38.5443,0.000120612,0.000642019
38.5521,0.000335516,0.000171698
38.5599,0.000346532,-3.00308e-05
38.5678,0.000338473,-0.000803824
38.5756,-0.000101698,-0.000837046
38.5834,-0.000480581,0.000146896
38.5913,-0.000471554,0.000443511
38.5991,-0.000305412,0.00022471
38.6069,4.32278e-06,0.000298328
38.6147,0.000787033,4.91696e-05
38.6226,-0.000367917,-0.00117903
38.6304,-0.00155124,-0.000347425
38.6382,3.62351e-05,0.000502577
38.6461,0.000254966,-0.0011438
38.6539,0.000230499,-0.000432181
38.6617,0.000249066,0.000110198
38.6695,6.52236e-05,-1.35924e-05
38.6774,-0.000348692,-0.00126715
38.6852,-0.000120516,-0.00061888
38.693,-0.000167118,-0.000355906
38.7009,-0.000123744,-0.00109372
38.7087,-0.000633586,-0.000556939
38.7165,5.98131e-05,-0.000394596
38.7243,0.000820094,-0.000233416
38.7322,-0.000120345,0.000271244
38.74,-0.000331912,-0.000289665
38.7478,7.18429e-05,0.000488307
38.7557,-0.00017082,-0.000552013
38.7635,3.72364e-05,-0.0004295
38.7713,-0.000262391,9.53779e-05
38.7791,0.000340151,-0.00011585
38.787,0.000717658,0.000192902
38.7948,0.000822195,-0.000224581
38.8026,-0.000432004,0.000184374
38.8105,0.000726289,-0.000344131
38.8183,0.000628018,-6.75937e-05
38.8261,-0.000533107,-0.000569806
38.8339,0.000763429,0.000184175
38.8418,-0.000259822,0.000562181
38.8496,0.000865744,-0.000248386
38.8574,-0.00010011,-0.000334689
38.8653,-0.000470327,0.00105677
38.8731,0.000369345,2.13752e-05
38.8809,-0.000140282,0.000256835
38.8887,0.000550659,-0.000116797
38.8966,0.000967815,0.000268905
38.9044,-0.000212303,0.000386874
38.9122,-0.000313822,0.000930715
38.9201,-0.000511038,-0.000768443
38.9279,5.17452e-05,0.00032474
38.9357,-0.000281866,-0.000665187
38.9435,0.00045393,0.000793355
38.9514,0.000273118,-0.000439037
38.9592,9.63576e-05,1.1532e-05
38.967,0.000880798,-0.00016075
38.9749,0.000335051,0.000710173
38.9827,-4.05987e-05,-0.000210469
38.9905,0.00099021,0.000135515
38.9983,-6.25209e-05,-3.32193e-05
39.0062,-0.000291923,0.000340478
39.014,0.000427432,7.5515e-07
39.0218,0.000531986,0.000182162
39.0297,0.000403952,-0.000212353
39.0375,0.000283354,-3.34317e-05
39.0453,0.000506732,-0.000614168
39.0531,0.000929696,0.00107998
39.061,-0.000350393,-6.63141e-05
39.0688,6.4992e-05,-0.000201058
39.0766,-0.000156842,-0.000253622
39.0844,0.000848702,-0.000196666
39.0923,0.000673506,0.000472446
39.1001,0.000203017,0.000551005
39.1079,5.7852e-05,-0.000776326
39.1158,-2.08741e-05,0.000413641
39.1236,0.000111653,0.00041098
39.1314,-0.000205587,-0.000650439
39.1392,-0.000120788,-6.47848e-05
39.1471,-0.000405493,0.000606182
39.1549,-5.39055e-05,8.50742e-05
39.1627,-8.09086e-06,-0.000294301
39.1706,-0.000267209,-0.000229399
39.1784,0.000176864,0.00033638
39.1862,-7.24048e-06,-0.000442131
39.194,0.000937743,-0.000413933
39.2019,-0.000529621,0.000199588
39.2097,-0.000527234,-0.000250057
39.2175,-0.000376306,-0.00104773
39.2254,7.3129e-05,-0.000578848
39.2332,-0.000148722,-3.28099e-07
39.241,-0.000468911,3.95592e-05
39.2488,-0.000144386,1.09096e-05
39.2567,0.000235943,-3.64525e-05
39.2645,3.20274e-06,0.000357696
39.2723,-0.000272653,-0.000487859
39.2802,0.00017253,-0.000959898
39.288,-6.33956e-05,0.000375073
39.2958,-0.00071678,-0.000200273
39.3036,-0.000246036,8.22993e-05
39.3115,8.2013e-05,-0.000681589
39.3193,-7.09778e-05,-0.0010939
39.3271,0.000358422,-0.000126512
39.335,0.000873147,0.000181661
39.3428,-8.47532e-05,-0.00071551
39.3506,0.00013144,-0.000106288
39.3584,0.000285662,0.00117773
39.3663,0.000534081,-0.000629421
39.3741,-0.000178029,0.000259475
39.3819,-0.000101027,4.58546e-05
39.3898,-9.23249e-05,-0.000894992
39.3976,0.000379301,0.000127854
39.4054,0.000848232,-0.000670811
39.4132,0.000497465,-0.00034999
39.4211,-0.000750274,-0.000959356
39.4289,0.000620796,-0.00049237
39.4367,-0.000507253,0.000200178
39.4446,-0.000289901,0.000483327
39.4524,0.00049106,0.00047035
39.4602,-0.000421853,-0.000785789
39.468,-9.18126e-05,-0.000641765
39.4759,-0.0014444,0.000429913
39.4837,0.0010654,0.00043781
39.4915,0.000277157,-0.000485843
39.4994,0.000644066,-0.000625991
39.5072,0.000660936,-0.000828918
39.515,0.000221239,0.000570559
39.5228,-0.00101025,0.000172685
39.5307,0.00033909,-0.000756176
39.5385,-0.000354962,-0.00132314
39.5463,-5.8314e-05,0.000778147
39.5542,-0.000674706,0.000407093
39.562,0.00074133,0.00113723
39.5698,-0.000383514,0.000525272
39.5776,0.000407471,0.000200064
39.5855,0.000234186,-0.000259613
39.5933,-0.000731698,0.00046819
39.6011,0.000239655,0.000686043
39.609,0.000667277,0.000500126
39.6168,0.000758518,-0.000319617
39.6246,0.000795197,-0.000238646
39.6324,0.000658081,0.0018538
39.6403,0.000731528,0.000622029
39.6481,-0.00012984,0.000240275
39.6559,-0.000379805,-0.000535778
39.6637,0.0012226,-0.000418081
39.6716,0.00115481,0.00127131
39.6794,0.000672155,-0.000205364
39.6872,0.000268367,-0.000431644
39.6951,0.00076878,0.000517212
39.7029,0.000672913,-0.000800078
39.7107,-0.000520125,-0.000432466
39.7186,-0.000128829,-0.000605565
39.7264,0.000567922,-0.000565937
39.7342,-0.000116249,-0.000201713
39.742,0.000265171,-0.000248754
39.7499,-0.000187378,-9.40175e-05
39.7577,0.000631375,0.000167764
39.7655,-0.000643198,0.000437244
39.7733,-0.000949946,-0.000757574
39.7812,0.000787419,-0.00146304
39.789,0.000259865,-0.000563854
39.7968,-0.000170732,0.000456554
39.8047,0.000108034,0.000262691
39.8125,0.00038024,-0.000319516
39.8203,-0.00035808,0.000491995
39.8281,0.000141411,0.000283292
39.836,0.000156973,-0.000116721
39.8438,-0.00129825,0.000103431
39.8516,0.000230884,-0.00033335
39.8595,0.000603101,-0.000483336
39.8673,-0.000252575,-0.000249017
39.8751,0.000142859,0.0011622
39.8829,0.000278072,-0.000220715
39.8908,-7.59388e-05,2.54651e-05
39.8986,0.000104221,-0.000446385
39.9064,0.000560008,9.43337e-05
39.9143,-0.000145327,0.000292072
39.9221,0.000195459,0.0010463
39.9299,4.74924e-05,0.000771274
39.9377,0.000343579,0.000214168
39.9456,0.000339104,0.000247906
39.9534,-0.000302264,-0.000735012
39.9612,-0.00016622,0.000753566
39.9691,0.000542623,-0.000241027
39.9769,-0.000125614,0.000179069
39.9847,-0.000773067,-0.000174366
39.9925,0.000163405,-0.000129676
40.0004,-9.86528e-06,1.73194e-05
40.0082,-0.000234947,0.000238901
40.016,-0.000444562,-4.63488e-05
40.0239,-0.000688675,-0.000861879
40.0317,0.000536844,-0.000392146
40.0395,-0.00065549,-0.000422678
40.0473,-0.000618555,-0.000994584
40.0552,0.000655471,-0.000419803
40.063,0.000287954,-0.000261952
40.0708,0.000747478,-0.000109861
40.0787,0.000360177,0.000319813
40.0865,0.000607296,-0.000213682
40.0943,-0.000385648,-4.5455e-05
40.1021,-0.000264901,-0.000297534
40.11,0.000274918,-0.000653943
40.1178,-0.000673271,-0.000769851
40.1256,0.000103085,-0.000150598
40.1335,-0.000676782,-0.000634816
40.1413,0.000234948,-0.000379569
40.1491,-0.000143052,-0.000452833
40.1569,-1.97318e-05,-0.00083471
40.1648,-0.000199829,-0.000405834
40.1726,-0.000203809,-0.000496628
40.1804,0.000197852,0.000213383
40.1883,-0.000311255,0.00135045
40.1961,-4.22475e-05,0.000111393
40.2039,0.00114217,-7.29045e-05
40.2117,0.000521714,-0.00067331
40.2196,-5.58893e-05,-1.04782e-05
40.2274,-0.000335444,1.01307e-05
40.2352,0.0002795,0.000402788
40.2431,0.000898852,-0.000909195
40.2509,0.00107264,5.29498e-05
40.2587,-0.000119932,0.000318229
40.2665,-0.000855648,-0.000659889
40.2744,-0.00047233,0.000359305
40.2822,3.99308e-05,2.88577e-05
40.29,0.000136333,0.000496326
40.2979,-2.26668e-05,0.000285481
40.3057,-0.000325241,-0.000267348
40.3135,0.000462317,0.000476833
40.3213,0.000789483,0.00013698
40.3292,0.00125521,-0.000160374
40.337,-0.00010646,0.000749545
40.3448,-0.000837457,-0.000632285
40.3526,3.53089e-05,0.000220262
40.3605,7.30263e-05,0.000491988
40.3683,0.000826447,-0.000998951
40.3761,0.000776953,0.000633
40.384,7.47277e-05,0.000733881
40.3918,-0.000170234,-0.000214145
40.3996,0.00124324,-9.89981e-05
40.4074,0.000647312,0.000992844
40.4153,0.000203847,-0.000705262
40.4231,0.000410451,-7.32551e-05
40.4309,0.00033596,-0.00069927
40.4388,-0.000770426,-0.000851205
40.4466,0.000936553,0.000220212
40.4544,1.00299e-05,0.000290826
40.4622,0.00106487,0.000215644
40.4701,-0.000267728,-0.000193767
40.4779,-0.000675532,0.00041762
40.4857,0.000620115,-0.000203614
40.4936,-0.00067924,-7.06984e-05
40.5014,8.8455e-05,-0.00108306
40.5092,-3.46827e-05,0.000434002
40.517,3.33587e-06,0.000448366
40.5249,-0.000536923,-0.00126566
40.5327,4.02907e-05,-0.000553965
40.5405,0.000530956,-0.000198576
40.5484,-0.00127896,-1.1617e-05
40.5562,0.000247177,-0.000329118
40.564,0.000733116,-0.0004845
40.5718,-0.000338111,5.51049e-05
40.5797,0.000556961,0.000526279
40.5875,0.000144007,-0.000241785
40.5953,-0.000481458,-0.00116673
40.6032,4.9398e-05,7.65575e-06
40.611,0.000925477,0.000496554
40.6188,0.000251674,0.00109097
40.6266,0.000971399,-0.000366561
40.6345,-0.000141808,1.87126e-05
40.6423,-0.000277349,0.000584562
40.6501,0.000718062,7.16376e-05
40.658,-0.000350145,0.000578366
40.6658,-5.26438e-06,-0.000749372
40.6736,9.91817e-06,-0.000774998
40.6814,-0.000557663,-0.000172011
40.6893,0.000673106,-0.000309317
40.6971,-0.00032434,-0.000701694
40.7049,-0.000154743,0.000528504
40.7128,0.000111146,-0.000339773
40.7206,-0.00026664,0.000522413
40.7284,0.000195191,0.000291107
40.7362,-0.000195766,0.00069888
40.7441,-0.000155061,-0.000321922
40.7519,-0.000213696,0.000319996
40.7597,0.00130889,-0.000548656
40.7676,-9.03953e-05,-2.00626e-05
40.7754,-4.34149e-05,-0.000285291
40.7832,0.000309037,-0.00020733
40.791,-0.000451223,-0.000776471
40.7989,0.000707109,0.000221395
40.8067,-0.000535699,-0.000665638
40.8145,0.000297651,-5.91208e-05
40.8224,-5.34371e-05,-0.000298053
40.8302,-4.96038e-06,-0.000455756
40.838,0.00025893,0.000771503
40.8458,0.000767666,0.00019396
40.8537,0.00021516,-5.04258e-05
40.8615,-0.000302551,4.91286e-05
40.8693,0.000626089,-0.000156327
40.8772,0.000802723,-0.000415712
40.885,-0.000666367,-0.000781949
40.8928,0.000634856,0.000229012
40.9006,-0.00101313,0.000980519
40.9085,0.000751362,-9.86629e-05
40.9163,0.000591111,-9.04177e-05
40.9241,0.000606317,-0.001179
40.932,0.000287428,0.000235308
40.9398,0.000422869,5.70705e-05
40.9476,4.01315e-06,0.000764572
40.9554,0.000580357,0.000464779
40.9633,0.0012219,0.000147948
40.9711,-0.00058194,0.000303788
40.9789,-0.000763574,-0.000244151
40.9868,-0.000540484,-0.000270931
40.9946,-0.000324187,-0.000768645
41.0024,0.000350596,-0.000247827
41.0102,7.79466e-05,-0.000326585
41.0181,-0.000425855,0.000899281
41.0259,0.000261338,0.00019128
41.0337,0.000780857,0.000648473
41.0415,-0.000672581,-0.000149556
41.0494,0.000474735,0.000299668
41.0572,0.000858705,0.000408128
41.065,0.000650791,0.000466947
41.0729,0.000513106,-0.000791468
41.0807,0.00135316,-0.000801351
41.0885,-0.000724473,-0.00034039
41.0963,0.000400511,0.000890527
41.1042,-0.000263905,0.000337741
41.112,0.000235158,-0.000485131
41.1198,0.000906644,0.000294142
41.1277,0.000275578,0.000601443
41.1355,-0.000182492,0.000219219
41.1433,0.000630295,-0.000427711
41.1511,0.000203269,-0.000525083
41.159,-0.000326549,0.00101298
41.1668,7.28971e-06,2.70617e-05
41.1746,-0.000237872,-0.000609233
41.1825,-0.000483937,0.00107413
41.1903,0.000426538,0.000491877
41.1981,0.00109799,0.000216464
41.2059,0.00126768,0.000981539
41.2138,-0.000324001,-0.00076746
41.2216,0.000289279,-0.000901469
41.2294,0.000111319,-0.000477456
41.2373,-7.83445e-05,0.000353582
41.2451,-0.000470312,-0.000424132
41.2529,0.00104464,0.000116909
41.2607,-0.000562,-0.000447211
41.2686,-0.000618598,-0.000727206
41.2764,-0.000677251,-0.000474339
41.2842,-0.000204834,0.000741936
41.2921,0.000648042,-4.57296e-05
41.2999,5.73802e-05,-0.000410174
41.3077,-0.000222983,-6.61423e-05
41.3155,0.000287391,0.000745914
41.3234,0.00085262,-0.00115899
41.3312,0.00102853,-0.000364725
41.339,0.000619284,-0.000523728
41.3469,-0.000117587,0.000127201
41.3547,-0.000248033,7.55039e-05
41.3625,8.45424e-06,0.000505891
41.3703,8.73973e-06,-0.000921698
41.3782,-0.000484936,0.000212604
41.386,0.000285293,-0.000166421
41.3938,0.000199885,-0.00132444
41.4017,0.000552717,-0.000878502
41.4095,-0.00118537,-5.03772e-05
41.4173,-0.000141214,-0.000291767
41.4251,0.000758973,-0.000562005
41.433,0.000235772,-0.000308873
41.4408,-0.000568686,0.0018334
41.4486,0.000341528,-6.36955e-05
41.4565,-0.000233536,-0.000161881
41.4643,-0.000612398,0.000253328
41.4721,0.000141321,0.000117551
41.4799,0.000239045,-0.00065789
41.4878,-0.000413443,-0.000537747
41.4956,0.000361271,-0.00087556
41.5034,0.000521795,-0.000213408
41.5113,0.000115731,-0.000503264
41.5191,-0.000137173,0.000765831
41.5269,0.000863944,9.46683e-05
41.5347,0.000110913,-0.000148732
41.5426,0.00100236,-0.000190832
41.5504,0.000712877,-0.000275778
41.5582,-0.000105564,-0.00107935
41.5661,0.000355213,-0.000367609
41.5739,-0.000475406,0.000136303
41.5817,5.43641e-05,-0.000638848
41.5895,0.000608478,-0.0011925
41.5974,-7.05824e-05,0.000430489
41.6052,0.000117405,-0.000267743
41.613,-1.9614e-05,-4.29159e-05
41.6208,0.000208445,-2.73147e-05
41.6287,-0.000147001,0.000162871
41.6365,0.000272033,6.84158e-05
41.6443,0.000629229,0.000515234
41.6522,1.1713e-05,0.000592973
41.66,0.00033464,-0.000297619
41.6678,-0.000150922,-0.000107927
41.6757,1.77934e-07,-0.00034748
41.6835,0.0003418,-0.00144108
41.6913,0.000507876,-7.87607e-05
41.6991,-0.000419712,-0.000457683
41.707,0.000434595,-0.000557588
41.7148,0.000390053,-1.86526e-05
41.7226,6.41495e-05,-0.000679187
41.7304,0.000553219,-0.000250709
41.7383,1.83573e-05,-0.000614018
41.7461,0.000806457,0.00109394
41.7539,0.00178079,0.000260633
41.7618,-0.000568818,-0.000177855
41.7696,-0.000483626,-0.000183043
41.7774,0.000240269,5.11719e-05
41.7852,-0.000846984,0.000159525
41.7931,0.00061716,0.000343129
41.8009,0.000723623,-0.00033227
41.8087,0.000209333,0.000284938
41.8166,0.0010222,-8.50466e-05
41.8244,4.05846e-05,0.00103389
41.8322,-0.000334307,0.00106075
41.84,-0.00014647,-0.000288163
41.8479,-0.000289528,-0.000336081
41.8557,-0.000221626,0.00012744
41.8635,-0.000623325,0.000242477
41.8714,0.000337323,-0.000551495
41.8792,0.000667885,-0.000394393
41.887,-0.000398565,0.0010392
41.8948,0.000628286,0.000274109
41.9027,0.000154218,-0.000207551
41.9105,1.00123e-05,0.000673816
41.9183,0.000350503,0.000694145
41.9262,0.000361887,-0.000172316
41.934,-7.40388e-06,0.000164303
41.9418,0.000317495,8.67744e-05
41.9496,0.000395632,-0.000506256
41.9575,7.81793e-05,0.000199192
41.9653,0.00053813,-2.64588e-05
41.9731,-0.000232692,0.000689574
41.981,0.000442066,-0.000796023
41.9888,7.85532e-05,-0.000156373
41.9966,0.00019224,0.000285133
42.0044,0.000502363,-0.000605267
42.0123,0.000101404,-0.000919195
42.0201,0.000559595,-0.000530973
42.0279,3.1527e-05,-0.000751991
42.0358,-0.000462846,0.000319364
42.0436,0.000652114,0.000399825
42.0514,0.000140166,-4.80058e-07
42.0592,1.5495e-05,0.000132396
42.0671,0.000144068,-0.000590705
42.0749,-0.00040783,-0.000226038
42.0827,0.000225642,0.000156281
42.0906,0.000175668,0.000697003
42.0984,-0.000155575,-0.000582486
42.1062,-0.000530093,0.00145478
42.114,-0.000248781,-0.000414256
42.1219,0.000841039,-0.000505349
42.1297,3.95299e-05,-0.000257561
42.1375,0.000898209,-0.000848483
42.1454,0.00048361,0.000403625
42.1532,0.000481777,-0.000335475
42.161,0.000789792,0.000177925
42.1688,-0.000128447,0.000435077
42.1767,0.000258674,0.000665574
42.1845,1.11381e-06,-0.000931623
42.1923,-0.00037197,0.000520858
42.2002,-0.000840898,-0.000113793
42.208,0.000241161,-0.000787123
42.2158,0.000353871,0.000583855
42.2236,0.00128842,0.000512753
42.2315,0.000536834,0.000234651
42.2393,-0.000100598,-0.000101688
42.2471,0.000455171,-0.000154489
42.255,0.000800004,-0.000434482
42.2628,0.000127024,-4.71023e-05
42.2706,0.000895839,-0.000454413
42.2784,-1.28621e-05,0.00062669
42.2863,0.000295771,0.000503683
42.2941,2.51031e-05,-0.000612295
42.3019,-0.000655686,-0.000922723
42.3098,0.000369021,-0.000364443
42.3176,0.00025292,0.00045674
42.3254,0.000677247,0.00014081
42.3332,0.000875207,-0.000603451
42.3411,-0.000800972,-0.000566459
42.3489,-3.15578e-05,-0.000487993
42.3567,0.000208266,0.000174741
42.3645,0.00073335,0.000161421
42.3724,0.000570292,-0.000580397
42.3802,0.000394032,-0.000347333
42.388,0.00055194,0.000110097
42.3959,0.000237593,0.000844053
42.4037,0.000380097,-0.000356809
42.4115,2.16205e-05,-0.000422984
42.4193,-0.000698022,-0.000181142
42.4272,-6.83969e-06,-0.000221123
42.435,0.000226603,0.000172724
42.4428,0.0001979,0.000152353
42.4507,0.000247311,0.000350908
42.4585,0.000150667,-0.000211901
42.4663,-1.09946e-05,-8.74176e-05
42.4741,0.000924688,-0.00092912
42.482,0.00014626,-0.000599156
42.4898,0.00029827,-0.000143386
42.4976,0.000792738,-0.0001063
42.5055,0.000892871,-0.00125893
42.5133,0.00112864,-0.000682938
42.5211,0.000360813,0.000171331
42.5289,2.82243e-05,0.000531983
42.5368,-0.000244548,-0.000155273
42.5446,-0.000247921,-0.000883839
42.5524,0.000350534,-0.000691422
42.5603,0.000187349,0.000355378
42.5681,0.000442084,-0.000476771
42.5759,0.000115516,-0.000423082
42.5837,-6.11645e-05,0.00058522
42.5916,-0.00027243,0.000492397
42.5994,-0.000540314,-0.000223677
42.6072,0.000607077,-6.62541e-05
42.6151,0.000154495,5.7023e-05
42.6229,-0.000214088,-0.000554713
42.6307,-2.72987e-05,-4.0491e-05
42.6385,0.000211,0.000867659
42.6464,0.000643723,0.000815935
42.6542,-0.000930374,-8.08436e-05
42.662,-0.000214118,0.000942435
42.6699,0.000455559,-0.000207514
42.6777,0.000246359,0.000219638
42.6855,0.000708672,0.000239883
42.6933,0.000383478,-0.000480091
42.7012,0.00123715,-4.61575e-05
42.709,0.00125657,-8.60222e-06
42.7168,-0.000178116,-0.000810709
42.7247,-7.14472e-05,0.000776634
42.7325,0.00133387,0.000144796
42.7403,8.18218e-05,0.000201592
42.7481,0.000175451,-0.000159255
42.756,-1.72604e-05,-9.54013e-05
42.7638,0.000561305,-1.49166e-05
42.7716,-3.72133e-05,-0.000463497
42.7795,9.12357e-05,0.000689068
42.7873,-5.47538e-05,0.000426165
42.7951,0.00039864,-4.81472e-05
42.8029,-0.000216093,0.000646902
42.8108,0.000693154,0.000324801
42.8186,-8.24234e-05,-0.000352841
42.8264,-0.000417594,-0.000337878
42.8343,7.42547e-06,-0.000303853
42.8421,0.000563853,-0.000231494
42.8499,-2.96773e-05,-0.000428194
42.8577,0.000747776,2.78502e-05
42.8656,-0.000783874,0.00018451
42.8734,0.00029576,0.000316792
42.8812,-0.000803676,-9.14988e-05
42.8891,0.00110619,-0.000898953
42.8969,0.00115812,-0.000431297
42.9047,0.000437928,-0.000947154
42.9125,-5.64454e-05,-0.000337692
42.9204,0.000521591,0.000950908
42.9282,-2.33341e-05,0.000365875
42.936,9.36624e-05,-0.000881068
42.9439,0.000236414,-0.000193677
42.9517,-0.000123206,-0.000279197
42.9595,0.00114566,-0.000650299
42.9673,-0.000297641,0.000688251
42.9752,-9.9911e-05,0.000460358
42.983,-0.000366879,-0.000876773
42.9908,-0.000194882,0.00151903
42.9986,-0.000677395,-0.000233064
43.0065,0.000435861,-0.00029612
43.0143,0.000241805,-0.000372927
43.0221,0.000770292,-0.000131441
43.03,0.000848837,0.000291259
43.0378,0.000624743,-0.000229081
43.0456,0.000602195,-0.000388007
43.0535,4.25468e-05,-0.000377261
43.0613,0.000629343,0.000900297
43.0691,0.000321976,-0.000211622
43.0769,0.00158181,0.000770404
43.0848,0.000261232,0.000334101
43.0926,-0.000228362,-0.00021527
43.1004,-0.000808199,-0.000619128
43.1082,0.000302314,-7.53793e-05
43.1161,0.000581375,-0.00122341
43.1239,-0.000269931,-0.000743992
43.1317,0.000625705,-0.000769167
43.1396,-0.000593769,-0.000168704
43.1474,0.000909256,-0.000605768
43.1552,0.000293672,6.39895e-05
43.163,-0.000498741,0.00021824
43.1709,0.000486732,0.00029253
43.1787,0.000618608,-0.0002935
43.1865,-8.97417e-05,0.00031233
43.1944,0.000407726,1.68749e-05
43.2022,0.000870916,-0.000377653
43.21,0.000459158,0.000731508
43.2178,0.000255793,5.52283e-05
43.2257,8.25386e-05,0.00072185
43.2335,0.000669814,-0.000671291
43.2413,0.000235566,0.000134449
43.2492,9.73796e-05,-3.49541e-05
43.257,0.000432288,0.0001365
43.2648,-0.000600476,0.000401456
43.2726,-0.000288059,0.000164322
43.2805,0.000675546,0.000106155
43.2883,-9.5308e-05,-0.000755683
43.2961,-0.000827343,0.000906315
43.304,3.23429e-05,1.80534e-05
43.3118,-0.000233349,-0.000209066
43.3196,0.000967425,-4.47409e-05
43.3274,0.000567394,0.000338501
43.3353,0.000513687,0.00035241
43.3431,-0.000739316,0.000224223
43.3509,0.000602788,0.000204299
43.3588,1.3548e-05,7.92428e-05
43.3666,0.00101726,0.00100005
43.3744,0.00012186,-0.000860824
43.3822,-0.000107977,-0.000447717
43.3901,0.000981247,-0.00111424
43.3979,0.000172575,-0.000348826
43.4057,0.000429513,-0.000210593
43.4136,0.000139806,-0.000173035
43.4214,0.000911414,0.000399286
43.4292,8.37391e-05,0.000292763
43.437,0.00156811,-0.000396999
43.4449,0.000845807,5.61626e-05
43.4527,0.00032104,-0.000821356
43.4605,-0.000594677,0.000797806
43.4684,0.000301863,9.43482e-05
43.4762,0.000644894,-0.000161812
43.484,0.000314179,-3.87958e-05
43.4918,0.000549452,0.000736394
43.4997,0.00127465,0.000274448
43.5075,0.000154122,0.000162786
43.5153,-0.000357033,0.000371758
43.5232,-0.000169971,0.000437674
43.531,0.000446714,-0.000633999
43.5388,0.000556912,-0.00063694
43.5466,0.00038413,-0.000293453
43.5545,0.000213941,-3.21422e-07
43.5623,8.18253e-05,0.000393809
43.5701,-0.00031137,0.000244426
43.578,0.000797115,-0.000727342
43.5858,-0.000715299,-0.00122616
43.5936,0.000178524,0.000373654
43.6014,-0.000696778,-0.000282438
43.6093,0.000983305,0.000191782
43.6171,0.000811174,-5.66972e-05
43.6249,0.00023579,4.18378e-05
43.6328,-0.000585919,0.000315855
43.6406,0.00099679,0.000607199
43.6484,-0.000840167,-6.4502e-05
43.6562,0.00090285,1.13606e-05
43.6641,0.000260584,-0.000638815
43.6719,0.000159584,-0.000447423
43.6797,-3.43466e-05,0.000540414
43.6875,0.000854691,-0.00066098
43.6954,0.000137648,3.49648e-05
43.7032,-0.000298077,0.000447775
43.711,0.000963244,-0.000265285
43.7189,0.000213653,0.000376865
43.7267,-0.000413159,-0.00049494
43.7345,0.000405455,0.000223512
43.7423,0.000274282,0.000924665
43.7502,0.00123022,-0.000835805
43.758,-0.000546371,0.000984065
43.7658,0.000608508,0.00030992
43.7737,-5.12191e-05,4.78291e-05
43.7815,0.00107359,0.000146653
43.7893,0.000377171,-8.87203e-05
43.7971,0.000225474,0.000749799
43.805,-0.000602454,0.000495011
43.8128,-4.81824e-05,0.000478008
43.8206,0.000181098,0.000765724
43.8285,0.000345573,0.000255679
43.8363,0.00107963,8.41161e-05
43.8441,0.000780769,9.50063e-05
43.8519,-0.000713254,-0.000172042
43.8598,9.87141e-05,-0.00012193
43.8676,4.09676e-05,5.62478e-05
43.8754,0.00032709,-0.000236323
43.8833,0.000708968,0.000160482
43.8911,0.000258646,-0.000315211
43.8989,0.000788492,2.84477e-05
43.9067,0.000210891,0.000235429
43.9146,-0.00058525,0.000621947
43.9224,0.000286629,-0.000863617
43.9302,-0.00018043,-0.000234549
43.9381,0.001172,0.000402891
43.9459,0.000415039,-0.000597516
43.9537,0.000414167,0.000566999
43.9615,-0.000446179,-0.000154753
43.9694,0.000547227,-0.00045985
43.9772,-0.000575383,0.000165013
43.985,0.000392126,-5.15444e-05
43.9929,-0.000363245,-0.000384257
44.0007,0.000775757,-0.000553451
44.0085,-0.000313089,-0.00034417
44.0163,-0.000503288,3.561e-05
44.0242,0.00172139,0.00010299
44.032,0.000113849,0.000985405
44.0398,7.7593e-05,-3.6484e-05
44.0477,0.000623582,-0.000305775
44.0555,0.000519763,-2.67413e-05
44.0633,0.000529684,0.00017318
44.0711,0.000546176,-0.000669204
44.079,0.000378289,-0.000380558
44.0868,0.000341254,5.0384e-05
44.0946,0.00064888,0.00093696
44.1025,7.02019e-05,0.000977936
44.1103,-0.000315386,-0.000558667
44.1181,-0.000522604,-0.000235008
44.1259,0.000738145,-9.21001e-05
44.1338,-0.0013353,0.000656598
44.1416,0.00142903,0.000726794
44.1494,0.000426541,-0.000508016
44.1573,0.000357056,-3.34973e-05
44.1651,0.000106786,-8.28163e-05
44.1729,0.000587326,-0.000835721
44.1807,0.000560772,-0.000503544
44.1886,0.000463368,0.000353834
44.1964,-0.000251574,0.000363152
44.2042,-0.000869245,0.000750668
44.2121,0.00013631,0.000850653
44.2199,0.000161348,0.000598502
44.2277,-0.000146074,-0.000145117
44.2355,0.000161525,0.000739405
44.2434,0.000377693,-3.97195e-05
44.2512,-4.91523e-05,-0.000246369
44.259,0.000927213,-0.000340249
44.2669,0.00103885,-0.000209484
44.2747,0.000163715,-0.000296976
44.2825,0.000390302,0.000128457
44.2903,-9.58231e-05,-0.000473105
44.2982,0.00119198,0.000488001
44.306,0.000389001,-0.000338827
44.3138,4.96123e-06,0.000957003
44.3217,0.000477966,0.000482538
44.3295,-5.66689e-05,0.000141137
44.3373,0.000304165,-0.000453087
44.3451,-0.000755935,-4.93837e-05
44.353,-0.000530832,0.000866658
44.3608,0.00040907,-0.000482901
44.3686,0.000719005,-0.0014878
44.3764,0.000237728,8.65396e-05
44.3843,-0.000183027,-0.000870863
44.3921,0.000125117,0.000709935
44.3999,-0.000127642,-0.000520582
44.4078,0.000396916,0.000172949
44.4156,0.000884639,0.000518009
44.4234,0.00107668,-4.68967e-05
44.4312,0.000618135,9.59883e-05
44.4391,0.000537523,-0.000164599
44.4469,-0.00025797,-0.000979192
44.4547,1.79546e-05,2.57867e-05
44.4626,0.000741341,0.000668832
44.4704,0.000221932,0.000817849
44.4782,8.85147e-05,-0.000220768
44.486,0.000506672,-7.56546e-05
44.4939,0.000560458,-3.61917e-05
44.5017,0.000746068,-0.0002565
44.5095,0.00115722,0.000745718
44.5174,0.000538139,-0.000894647
44.5252,0.00066171,0.000174229
44.533,0.00041718,0.000214524
44.5408,-0.000159987,0.000375048
44.5487,-0.000453851,-0.000497011
44.5565,0.000552406,0.000591523
44.5643,0.00032117,-0.000572507
44.5722,9.90862e-05,-0.000214365
44.58,-0.000186491,-0.000366682
44.5878,0.000730682,-0.00027215
44.5956,1.62082e-05,-5.14942e-05
44.6035,-0.000641746,-0.000703619
44.6113,0.00111733,-0.000410778
44.6191,0.000271736,0.000410927
44.627,0.000186542,-4.95918e-05
44.6348,0.000323866,-3.32904e-05
44.6426,0.000407389,0.000121894
44.6504,0.000467868,-0.000762645
44.6583,-0.000600187,0.000131822
44.6661,0.000449485,-6.79251e-05
44.6739,0.000626605,0.000488947
44.6818,-9.51846e-05,8.06641e-05
44.6896,-0.000596398,0.0001477
44.6974,0.000871177,0.000180107
44.7052,-0.000353958,-0.000566994
44.7131,-0.000432228,-0.00110951
44.7209,-0.000257418,-0.000196859
44.7287,-9.75529e-05,-0.000213565
44.7366,-0.000723214,-0.00021026
44.7444,5.63423e-05,0.000236013
44.7522,8.3852e-05,-0.000687692
44.76,0.000126489,-0.000821668
44.7679,0.000774633,0.00011311
44.7757,-0.000105723,0.000261961
44.7835,0.000112103,-0.00028495
44.7914,-0.000239077,0.000190174
44.7992,0.000114134,-0.000188906
44.807,-0.000771616,0.000174167
44.8148,0.000208792,0.000664056
44.8227,0.000942676,-0.000838088
44.8305,-0.000991397,-0.000331376
44.8383,0.000468589,-0.000384361
44.8462,0.000549944,-0.000113383
44.854,0.000167342,-0.00027674
44.8618,-0.000291551,0.000548519
44.8696,-0.000229472,-5.05807e-05
44.8775,0.00107432,-0.000490937
44.8853,2.36848e-05,-0.000429608
44.8931,-5.87442e-05,0.00096651
44.901,-0.000259613,0.000129923
44.9088,-0.000494351,-0.000956544
44.9166,-0.000272899,-0.000374229
44.9244,0.000251394,0.000637708
44.9323,-0.000200881,1.94884e-05
44.9401,0.000329875,0.00052765
44.9479,-9.52943e-05,0.000420059
44.9557,-0.000746298,-0.00101833
44.9636,0.000922502,0.000388776
44.9714,0.000128567,0.000216849
44.9792,-0.000150573,-0.00108154
44.9871,-0.000513067,0.000253115
44.9949,-0.000325528,0.000431435
45.0027,-0.000330713,-0.000320785
45.0106,0.00140143,0.00116801
45.0184,0.0010562,0.000894552
45.0262,0.000545556,-0.000321389
45.034,0.000365494,-0.000490247
45.0419,0.000559976,-6.38188e-06
45.0497,0.000305053,3.44781e-05
45.0575,0.000174058,0.000151483
45.0653,7.81601e-05,-0.000186821
45.0732,0.00010563,0.000223627
45.081,0.000658986,-0.000334554
45.0888,0.000290878,0.000361949
45.0967,0.000285328,-0.000786036
45.1045,0.000123378,0.000775604
45.1123,-0.00145878,0.000405829
45.1201,0.0011641,-0.000631001
45.128,0.00086362,-8.68774e-06
45.1358,6.21837e-06,0.00039201
45.1436,-2.17178e-06,-0.000135599
45.1515,0.000711834,0.000466379
45.1593,0.00019436,-0.000336612
45.1671,0.000349516,0.000284801
45.1749,0.000508537,0.000615154
45.1828,-0.000218818,-0.000407135
45.1906,0.000179969,-0.000128501
45.1984,-0.00025991,-0.000901973
45.2063,0.000443383,0.000668006
45.2141,0.000505384,-0.000206486
45.2219,-0.000313169,0.000304957
45.2297,0.000151531,-0.000355907
45.2376,7.5069e-05,-0.000163716
45.2454,0.000389348,-0.000190955
45.2532,0.000596453,-0.00106778
45.2611,-5.67258e-05,0.000365099
45.2689,0.000437031,-0.000190933
45.2767,0.00139004,-0.000466636
45.2845,-0.000125369,0.000741297
45.2924,0.000258416,0.000612142
45.3002,-8.51893e-05,-0.000421212
45.308,-0.000480044,-0.000599572
45.3159,0.00053921,0.000578186
45.3237,0.000611933,-7.05369e-05
45.3315,0.000705954,-0.000858917
45.3393,0.000998537,-0.000206215
45.3472,-3.70485e-05,0.00030422
45.355,-0.000137639,-0.00086505
45.3628,0.00131053,-0.000411006
45.3707,-0.000222973,0.000132502
45.3785,0.000699647,-0.000628364
45.3863,0.000482572,1.93476e-05
45.3941,2.28199e-05,-0.000621846
45.402,0.000320367,-0.000275416
45.4098,7.75057e-05,0.000423431
45.4176,0.00027106,0.000351747
45.4255,0.000572704,0.000140834
45.4333,9.1761e-05,3.03501e-05
45.4411,-0.000249583,-0.000595721
45.4489,0.000543009,0.000513166
45.4568,-0.000964617,-0.000154465
45.4646,0.000269236,4.74122e-05
45.4724,-6.37191e-05,-6.59874e-05
45.4803,0.00106921,-0.00122676
45.4881,0.000294857,-0.000429396
45.4959,0.00116374,4.31124e-05
45.5037,0.000323693,-0.000124578
45.5116,-5.09993e-05,-0.000570657
45.5194,-0.000340991,-0.000449915
45.5272,-0.000465906,-0.000327455
45.5351,-0.000311454,2.42699e-05
45.5429,0.000793688,0.00037549
45.5507,0.00118641,-0.000125399
45.5585,0.000936347,-0.000539574
45.5664,-7.60755e-05,0.000108261
45.5742,0.000328693,-0.000520787
45.582,0.000106509,-0.00079354
45.5899,0.000952696,0.000494088
45.5977,0.000398652,-0.000463636
45.6055,9.80158e-05,5.21757e-06
45.6133,0.000175329,-4.04667e-05
45.6212,8.17988e-05,-0.000258845
45.629,0.000265236,0.000576802
45.6368,0.000618117,-0.000787484
45.6446,0.000850263,0.00047306
45.6525,2.78195e-05,-0.000571661
45.6603,-0.000383408,-3.70259e-05
45.6681,0.00046701,0.000284624
45.676,0.000369439,-5.37804e-05
45.6838,-0.000125384,-6.74685e-05
45.6916,0.000137378,-0.000120525
45.6994,0.00117773,-0.000361904
45.7073,0.00125152,-0.000533877
45.7151,-1.39222e-05,0.000345982
45.7229,0.000161887,-0.00030252
45.7308,0.00095644,4.67172e-05
45.7386,-0.000263003,-0.000101252
45.7464,0.000441365,-0.000486515
45.7542,0.000289885,-0.000441462
45.7621,-0.000692946,-0.00052724
45.7699,0.00133404,0.000593657
45.7777,0.000294252,0.000325394
45.7856,-0.000107223,-6.6335e-05
45.7934,0.00123682,-0.000363175
45.8012,-0.000672319,0.000415055
45.809,0.000856432,-0.000962238
45.8169,0.000830981,0.000424288
45.8247,0.0010041,0.000270873
45.8325,4.32762e-05,5.93501e-05
45.8404,0.000840714,-0.000539153
45.8482,0.000931326,0.000647353
45.856,0.000461096,-0.000196231
45.8638,0.000914579,-0.000187051
45.8717,0.000417092,0.000439346
45.8795,-0.000473315,-0.000806086
45.8873,0.000925954,6.65986e-05
45.8952,0.000160217,-0.000213742
45.903,0.000654746,0.000900759
45.9108,-0.000802373,-0.000590901
45.9186,0.000834611,0.000470318
45.9265,0.000274209,-0.000261619
45.9343,0.000519608,-9.01073e-06
45.9421,7.62995e-05,0.00117718
45.95,0.000324011,0.0004589
45.9578,0.000687822,-0.000657876
45.9656,-0.000198868,0.00041198
45.9734,-0.000154587,-9.79958e-05
45.9813,2.00522e-06,-0.000317892
45.9891,0.000455672,0.000752822
45.9969,4.05592e-05,0.000101355
46.0048,0.000220237,-0.000214869
46.0126,0.000414949,-0.000105621
46.0204,0.000191107,-0.000799362
46.0282,0.000172824,8.58074e-05
46.0361,0.00136413,0.00015152
46.0439,-0.000267523,-0.000273379
46.0517,0.000202016,0.000240567
46.0596,0.000748312,0.00108618
46.0674,-0.00011718,0.000429544
46.0752,-0.000403939,0.000930365
46.083,0.00040962,0.000486298
46.0909,-0.000326516,-0.000558527
46.0987,0.00125845,-0.000558823
46.1065,8.23148e-05,0.00017391
46.1144,0.000679578,-0.000776588
46.1222,-0.000214035,-8.84779e-06
46.13,0.000467653,-0.000962687
46.1378,0.000190542,-0.000343008
46.1457,0.000780949,-0.000263637
46.1535,0.000854581,0.000426231
46.1613,0.00017868,7.97395e-05
46.1692,0.00115576,-0.000234836
46.177,0.000522915,9.58196e-05
46.1848,0.000233453,0.000707141
46.1926,0.000143138,-0.000145615
46.2005,0.000107803,0.000334426
46.2083,0.000735874,-0.000531556
46.2161,-0.000513507,-0.000177912
46.224,-0.000773406,-0.000761032
46.2318,3.04629e-06,-0.000179879
46.2396,0.000210056,-0.000344983
46.2474,0.000489489,-0.000708804
46.2553,-8.57186e-05,0.00045533
46.2631,0.000332161,0.000166457
46.2709,1.56905e-05,-0.000182084
46.2788,0.000275697,-4.84579e-06
46.2866,0.000497822,0.000251603
46.2944,0.000834551,-0.000156016
46.3022,0.000240113,-0.000593994
46.3101,2.17742e-05,-0.000116162
46.3179,7.10335e-05,3.52926e-05
46.3257,0.000772925,-0.000779007
46.3335,0.000310632,6.65912e-05
46.3414,0.000511224,7.7554e-05
46.3492,0.000235581,-0.000204689
46.357,0.000391185,0.000482974
46.3649,0.000298369,3.19555e-05
46.3727,0.000602984,0.000132012
46.3805,0.000866056,0.000254411
46.3884,0.000988665,0.000182319
46.3962,-0.000327888,-0.000103966
46.404,-0.000324331,-0.000740754
46.4118,0.000329991,-0.000623598
46.4197,0.000539022,0.000255775
46.4275,0.000298461,-9.45288e-05
46.4353,-0.000267511,-0.000213639
46.4431,-0.000157001,0.000355044
46.451,0.000779561,-0.000705265
46.4588,0.000367871,-0.000555465
46.4666,-1.71625e-06,0.000119352
46.4745,0.000737074,0.00129062
46.4823,1.80102e-05,-0.000308117
46.4901,0.0013805,-0.000685391
46.4979,-0.000436712,0.000796529
46.5058,-0.00155945,-0.00028279
46.5136,0.000322188,-0.0005346
46.5214,0.00106365,-0.00126997
46.5293,0.000816906,-0.000577834
46.5371,0.000344518,-0.000498432
46.5449,0.00026264,0.000415678
46.5527,0.000201564,-0.000473998
46.5606,2.89353e-05,0.000694108
46.5684,0.000734735,-0.000285457
46.5762,0.000333413,-0.000814538
46.5841,1.64602e-05,-0.000601583
46.5919,0.000642158,0.000812862
46.5997,0.000585004,0.00072169
46.6075,-0.00170606,-0.000378523
46.6154,0.000367189,-4.70141e-05
46.6232,0.000226701,-0.000635205
46.631,-0.000371036,-0.000231245
46.6389,0.000488477,-0.000474984
46.6467,-5.12251e-05,-0.000353641
46.6545,0.000645417,-0.000213587
46.6623,0.00100611,3.66521e-05
46.6702,0.000550425,0.00026499
46.678,-0.000413483,0.000427712
46.6858,0.000272597,0.000208186
46.6937,-0.000320315,0.0003671
46.7015,0.000193541,0.000577838
46.7093,-0.000201514,0.000910666
46.7171,0.000193942,0.0001935
46.725,0.000316144,-0.0006379
46.7328,0.000779967,-0.000390559
46.7406,0.000359355,-0.000353748
46.7485,-0.000446921,-0.000330243
46.7563,-0.000389262,0.000204881
46.7641,0.000856318,0.000340537
46.7719,4.24628e-05,-0.000238589
46.7798,-2.32655e-05,0.000509693
46.7876,-9.55719e-05,-0.000474711
46.7954,4.45933e-05,0.000435042
46.8033,0.000796005,0.000579327
46.8111,0.000945145,-0.000134858
46.8189,0.00100382,0.000701087
46.8267,0.000222822,-0.000545667
46.8346,0.00060003,0.000367958
46.8424,0.000498017,-7.13762e-05
46.8502,0.0011994,0.000849211
46.8581,0.000534492,-0.00069569
46.8659,0.000759356,7.31557e-05
46.8737,0.000742308,0.000241061
46.8815,0.000179564,-0.000585612
46.8894,0.00031794,-0.00041211
46.8972,-0.00023492,0.000522966
46.905,0.000320919,-0.000426747
46.9128,-0.000165885,-0.000850904
46.9207,0.000190472,-0.000145222
46.9285,0.00152764,0.000161888
46.9363,0.00127011,-0.000456877
46.9442,0.000267274,0.00017442
46.952,0.00126584,0.000683271
46.9598,0.000335882,9.015e-05
46.9677,-0.000600792,-0.000180948
46.9755,-0.000119499,0.000739942
46.9833,0.000187463,0.000699142
46.9911,-6.81658e-05,9.81238e-05
46.999,0.00017952,-0.000266574
47.0068,1.7909e-05,0.000831175
47.0146,1.90999e-05,-0.00148305
47.0224,0.000728965,0.000111484
47.0303,0.000747171,7.6896e-05
47.0381,-0.000121999,0.000191431
47.0459,0.00104058,-0.000255752
47.0538,7.14598e-05,0.000301457
47.0616,0.000191247,-0.000422832
47.0694,1.46478e-05,0.000838465
47.0772,-0.000721748,0.000540988
47.0851,0.000661613,-0.000305361
47.0929,0.000422413,-0.000549452
47.1007,0.000226952,0.000223665
47.1086,-5.77008e-05,0.000623094
47.1164,0.000908688,0.000322252
47.1242,0.000389286,0.000345554
47.132,4.93477e-05,-0.000697145
47.1399,0.000801988,-0.000630865
47.1477,-0.000386761,-0.000156585
47.1555,0.000556567,-0.000102302
47.1634,-0.000336459,-0.000314133
47.1712,-0.000145094,-0.000419147
47.179,-0.000420837,0.000457752
47.1868,-0.000128651,0.000480898
47.1947,0.000161445,0.000359696
47.2025,-3.36834e-05,5.27484e-05
47.2103,-9.23915e-05,-0.000112088
47.2182,0.000754961,5.59182e-05
47.226,0.00160443,-0.00121143
47.2338,0.0010223,0.000249748
47.2416,4.10488e-05,0.00110707
47.2495,-0.000244089,0.00101052
47.2573,1.66744e-05,-0.000169184
47.2651,0.000715979,-0.000843624
47.273,0.000382815,-7.11209e-05
47.2808,0.000377872,-0.000407342
47.2886,-0.000565839,-6.78701e-05
47.2964,0.000647841,0.000251963
47.3043,0.000620891,0.000929761
47.3121,-6.57143e-05,0.00107252
47.3199,0.00051514,-0.00107458
47.3278,0.00137595,-0.000473187
47.3356,8.29746e-05,-0.000355944
47.3434,0.000807951,0.00013033
47.3512,0.000655766,-0.000206809
47.3591,-4.15658e-05,0.000240072
47.3669,0.000798709,-0.00117795
47.3747,-0.000280551,0.00100577
47.3826,0.000399674,-0.00122674
47.3904,0.000156285,-0.000726822
47.3982,8.21397e-05,-0.000117234
47.406,0.000726948,-0.000428639
47.4139,0.000100741,-0.000203034
47.4217,0.000201763,-0.00067635
47.4295,0.000501219,-0.00107113
47.4374,0.000178562,0.000860195
47.4452,-0.000504145,7.66618e-05
47.453,0.000553384,-0.000200528
47.4608,0.000501697,0.000855871
47.4687,0.000153701,0.000257625
47.4765,0.000447783,9.84906e-06
47.4843,0.000973545,-0.000122627
47.4922,0.000599712,-0.000132392
47.5,0.00123484,0.000457546
47.5078,0.000668777,-1.70562e-05
47.5156,0.000385781,-0.000121071
47.5235,-0.000417701,-0.000788937
47.5313,0.000124577,-0.000636761
47.5391,0.000146038,0.000692114
47.547,0.000719945,-0.00160073
47.5548,0.000710179,2.87683e-05
47.5626,-0.000238332,-0.000232099
47.5704,0.000297476,-5.36945e-05
47.5783,0.000189942,0.000875393
47.5861,-0.000326173,-0.000827288
47.5939,0.00106789,3.33748e-05
47.6018,0.000209713,-0.00109411
47.6096,0.000496358,0.000454537
47.6174,0.000566624,-9.32732e-05
47.6252,0.00011207,-3.75009e-05
47.6331,0.00018361,0.000434705
47.6409,0.000694488,0.000558335
47.6487,0.000414075,-0.000699167
47.6566,-5.94647e-05,0.000437829
47.6644,0.000276771,0.000363053
47.6722,0.000685732,0.000101278
47.68,0.000542723,0.000744355
47.6879,0.000311683,-6.35675e-05
47.6957,-0.000398574,-0.000913359
47.7035,-5.8721e-05,-0.000223258
47.7113,0.000678766,9.40712e-05
47.7192,0.00037925,0.000823716
47.727,0.00112801,-0.000629485
47.7348,5.38022e-05,0.000934071
47.7427,0.000427677,-8.42408e-05
47.7505,7.69229e-05,0.000434028
47.7583,0.00102493,-0.000130919
47.7661,0.000234396,6.18268e-05
47.774,0.000488245,-1.29349e-05
47.7818,1.30578e-06,0.000424567
47.7896,0.000347783,-0.00110752
47.7975,0.000640062,-0.00026854
47.8053,0.000241758,-0.000343504
47.8131,0.000152446,-0.00105106
47.8209,-0.000284128,-0.00025312
47.8288,0.000365699,0.000243641
47.8366,0.000582918,-0.000153827
47.8444,0.00121053,-0.00029448
47.8523,-0.000457589,-0.000245171
47.8601,0.000492378,0.000254994
47.8679,0.00124021,0.00105502
47.8757,0.000140343,-0.000252763
47.8836,0.000644774,-0.000759817
47.8914,0.000208677,0.000367074
47.8992,0.000897073,5.71097e-05
47.9071,0.000246648,0.000261256
47.9149,4.22659e-05,0.000178248
47.9227,0.000655116,9.15742e-05
47.9305,0.000322459,0.00092244
47.9384,0.00043127,0.000716298
47.9462,4.33579e-05,-2.58061e-05
47.954,-8.5636e-05,-0.000866767
47.9619,0.000470015,-0.000452904
47.9697,-0.0011786,-0.000695392
47.9775,0.000421483,-0.000160291
47.9853,0.0010924,6.11626e-05
47.9932,-7.74963e-05,-0.000542903
48.001,-0.000731673,-0.000525094
48.0088,0.000384653,0.000130137
48.0167,-0.000383158,0.0003008
48.0245,4.7035e-05,0.000251105
48.0323,-0.000256146,-0.000260229
48.0401,0.000398647,0.0002975
48.048,0.000562716,-0.000803401
48.0558,0.000491678,-0.000784822
48.0636,-0.000480835,-0.000448885
48.0715,0.00150958,3.45702e-05
48.0793,0.000503454,0.000359196
48.0871,7.52026e-05,0.000102613
48.0949,0.000866204,-0.000527299
48.1028,0.000697571,0.000231216
48.1106,0.000403557,-0.00063496
48.1184,0.00113579,-0.000686342
48.1263,0.000589118,0.000527297
48.1341,-8.35063e-05,-0.000614938
48.1419,-0.000323081,-7.50293e-05
48.1497,-0.000257942,-0.00053088
48.1576,-0.000305049,0.000228644
48.1654,0.000302998,0.000267708
48.1732,0.000460842,0.00104447
48.1811,-0.000217182,0.000607845
48.1889,0.000240246,-0.000389036
48.1967,0.000555961,-0.000649568
48.2045,0.000591827,-0.000792225
48.2124,0.000340198,0.000234031
48.2202,0.000229396,0.00016796
48.228,0.000400544,2.78767e-05
48.2359,0.000479312,-0.000643793
48.2437,-0.000425925,0.000520392
48.2515,-0.000471033,-3.53045e-05
48.2593,3.25557e-05,-0.00131551
48.2672,0.000168944,-0.000405044
48.275,0.000672534,-0.00120902
48.2828,-0.000324589,5.8666e-05
48.2906,0.000623405,-0.000367285
48.2985,-0.00072834,9.28766e-05
48.3063,-4.20894e-05,0.000352673
48.3141,0.000158037,0.000238732
48.322,0.000808134,0.000358441
48.3298,0.00082363,-0.000475833
48.3376,0.000672232,0.000832203
48.3455,-0.000182843,-0.000540895
48.3533,0.000387198,0.000458189
48.3611,0.000551057,3.56225e-06
48.3689,-0.000131552,-0.000518779
48.3768,0.000810567,9.23297e-05
48.3846,0.00127461,7.83062e-05
48.3924,0.000366501,0.000584708
48.4002,0.000474487,0.000536591
48.4081,0.00020388,-9.48056e-05
48.4159,0.000933288,0.000601402
48.4237,-0.000182478,-0.000391412
48.4316,0.000517632,-0.00011437
48.4394,0.000135475,-0.000484879
48.4472,0.000942587,0.000570737
48.455,0.000356617,0.000172706
48.4629,0.000653461,-0.000424653
48.4707,-0.000642567,-0.000291205
48.4785,-0.000256674,-0.000977531
48.4864,0.000267497,-0.000351075
48.4942,-0.000837028,-0.000527903
48.502,4.93593e-05,0.00028928
48.5098,2.29303e-05,-0.000308203
48.5177,0.000595647,0.000625342
48.5255,-8.63638e-05,-0.000382478
48.5333,0.000288521,0.000166699
48.5412,0.000349269,0.000493699
48.549,0.000527536,-0.000382281
48.5568,-0.000483282,-9.85508e-05
48.5646,0.000305498,-0.00133555
48.5725,0.000191386,-0.00115152
48.5803,-0.00043632,-0.000196459
48.5881,-8.47387e-05,-0.000541564
48.596,0.00082661,0.00131395
48.6038,5.86353e-05,-0.000486585
48.6116,4.99136e-05,9.31711e-05
48.6194,-1.0098e-05,-0.000169492
48.6273,-0.000456228,-0.000966376
48.6351,0.000520916,-0.00132818
48.6429,-0.000151167,0.00017249
48.6508,0.000489843,0.000180822
48.6586,0.000781144,-0.000284165
48.6664,-0.00021263,0.000477755
48.6742,0.000434026,-8.08157e-05
48.6821,-0.000324054,7.67732e-05
48.6899,-9.5835e-05,-0.000904259
48.6977,0.00150004,-0.000326302
48.7056,0.000444866,-0.00037535
48.7134,0.000100061,-0.00102806
48.7212,-0.00027315,-0.00117667
48.729,0.000860219,-0.000489463
48.7369,-0.000213147,0.000670182
48.7447,0.00101436,-0.000266666
48.7525,0.000575633,9.96771e-05
48.7604,0.000831342,0.000195522
48.7682,0.000273018,0.000658832
48.776,0.000568657,0.000333757
48.7838,0.00204696,-9.7485e-05
48.7917,0.000121526,-8.25021e-05
48.7995,0.000473221,9.35798e-06
48.8073,0.000483759,0.000285332
48.8152,0.00127344,0.000434128
48.823,0.000160484,-0.000151237
48.8308,-0.000265648,3.80459e-05
48.8386,-7.34471e-05,-0.000907628
48.8465,0.000343037,-0.000198128
48.8543,0.000789933,-0.000748539
48.8621,0.00144864,-0.000268662
48.87,3.61149e-05,0.000744249
48.8778,0.000847784,-0.000442588
48.8856,0.00112982,0.000425153
48.8934,0.000233069,-0.00111089
48.9013,0.000967769,-0.000100837
48.9091,7.73687e-05,-0.000165348
48.9169,-0.000259913,-0.000464597
48.9248,0.00057521,3.66027e-05
48.9326,-0.000584621,0.000189885
48.9404,-0.000490129,-5.86586e-06
48.9482,0.000874395,-8.45238e-05
48.9561,-0.000495829,0.000572559
48.9639,0.00132535,4.76946e-07
48.9717,0.000298595,0.000255241
48.9795,-6.53418e-05,-0.000180438
48.9874,0.00020236,0.000194221
48.9952,0.000605162,0.000317371
49.003,0.000297366,-0.000841214
49.0109,0.000861467,0.000205452
49.0187,0.000936395,-0.000473515
49.0265,-0.000312068,-0.000622169
49.0343,0.000310237,-0.000206732
49.0422,1.16316e-05,6.75483e-05
49.05,0.000867874,0.000352145
49.0578,0.000328806,4.7339e-05
49.0657,-4.09336e-05,0.000343924
49.0735,0.000890583,0.000366181
49.0813,0.000186109,-0.000544935
49.0891,0.00147896,-0.00032344
49.097,0.000427638,0.000167422
49.1048,0.000133732,-0.000171938
49.1126,0.000114928,-0.000412803
49.1205,0.000556522,-0.000621185
49.1283,0.000729374,-0.000431894
49.1361,0.00026513,9.30327e-05
49.1439,0.00136031,0.00041662
49.1518,-9.33426e-05,0.000349686
49.1596,0.000330306,-0.000154043
49.1674,0.000966742,0.000449179
49.1753,0.000792489,0.000596512
49.1831,0.00095538,-0.000544882
49.1909,0.000739951,0.000534619
49.1987,1.69321e-05,-0.000216031
49.2066,-0.000140349,-0.000678588
49.2144,0.00093652,-0.000210581
49.2222,0.000452969,0.00011089
49.2301,-5.06682e-05,0.000619926
49.2379,-9.6847e-05,0.00087164
49.2457,-3.6594e-05,-0.00052771
49.2535,0.000294274,-0.000813653
49.2614,-0.000402461,-0.000658052
49.2692,0.000106557,2.57461e-05
49.277,0.000684705,-0.000329163
49.2849,0.000399449,7.63765e-05
49.2927,0.000753904,-0.000496651
49.3005,-0.000515451,-0.000293371
49.3083,0.000729884,-0.000894998
49.3162,0.00113489,-0.000463034
49.324,4.14822e-05,-0.000292525
49.3318,0.000434166,-0.000123286
49.3397,-0.000795391,1.88621e-05
49.3475,0.00104303,-0.000486952
49.3553,0.000452555,0.000510582
49.3631,0.000630759,-0.000367941
49.371,-0.000534657,-0.000417594
49.3788,-0.000372572,-0.000536841
49.3866,0.00140622,0.000252075
49.3945,0.00091663,-0.000104916
49.4023,0.000563196,-0.000190327
49.4101,0.00083645,-0.000542861
49.4179,0.000771133,-0.000248788
49.4258,0.000836227,-0.000469017
49.4336,-3.40302e-05,-0.000365474
49.4414,-0.000230545,-0.000425751
49.4493,-0.000116478,-0.000159358
49.4571,0.000652089,0.000155632
49.4649,0.000543666,-0.000500073
49.4727,0.000815915,-0.000724839
49.4806,0.000173915,0.000157375
49.4884,-0.000799752,-5.34359e-05
49.4962,8.60665e-05,0.000212225
49.5041,0.000925074,0.000777117
49.5119,0.000446528,0.00020953
49.5197,-0.000245451,0.000383284
49.5275,0.000435561,0.000188162
49.5354,0.00062301,0.00094507
49.5432,0.000604026,0.000101881
49.551,0.00167145,-0.0012143
49.5589,0.000780926,-0.000304235
49.5667,-0.000860686,0.00103911
49.5745,-0.000281757,-0.000284719
49.5823,0.000765867,0.00110546
49.5902,0.000780718,-4.83613e-05
49.598,0.000430711,-0.000196282
49.6058,0.000128098,-0.000613511
49.6137,0.000832229,0.000669211
49.6215,0.00034942,-0.000362747
49.6293,0.00131573,-0.000216031
49.6371,0.000276899,-3.28057e-05
49.645,-0.000210386,0.000156627
49.6528,-0.000188537,-0.000366157
49.6606,-0.000289228,0.000777589
49.6684,0.00108638,0.000251839
49.6763,8.70194e-05,-0.000328374
49.6841,0.000477668,-0.000543249
49.6919,0.000652791,-0.00044772
49.6998,0.000227717,-0.000717475
49.7076,-4.26406e-05,-0.000707408
49.7154,-0.000652374,-0.000767491
49.7232,-0.000117688,0.000422248
49.7311,0.000512694,-7.49647e-06
49.7389,3.33123e-05,0.000152581
49.7467,0.000247578,-0.000150096
49.7546,0.000667042,-0.000441457
49.7624,0.000496208,-0.000187015
49.7702,0.000792429,0.000584118
49.778,0.000472751,0.000147575
49.7859,0.000614802,0.00032166
49.7937,0.000527445,0.000564718
49.8015,0.000238467,0.000167017
49.8094,0.000318751,0.000195249
49.8172,-0.000268484,0.000207042
49.825,0.00105076,0.000165835
49.8328,0.000409133,-0.000202042
49.8407,0.000197239,-1.74485e-05
49.8485,0.00101083,-4.89546e-05
49.8563,0.000351862,-0.000600546
49.8642,0.00157434,0.000445672
49.872,0.000540677,0.000671439
49.8798,0.000900976,-0.000604629
49.8876,0.000717496,-0.000409202
49.8955,0.000215079,0.000552999
49.9033,-6.36385e-05,0.000165456
49.9111,0.000216481,-0.000335815
49.919,0.00042034,-0.00016872
49.9268,0.00136942,-0.000100002
49.9346,0.000189451,-0.000717716
49.9424,0.000526698,0.000161714
49.9503,-6.75674e-05,0.000701445
49.9581,-5.57833e-05,-0.000374252
49.9659,7.20758e-05,-0.000803869
49.9738,-0.000294758,-0.000300128
49.9816,0.000171745,-0.000576247
49.9894,0.000522604,0.000189813
49.9972,0.00034553,0.000457412
50.0051,0.000233327,-2.85683e-05
50.0129,0.000551537,-0.000320951
50.0207,0.000366723,-0.000424289
50.0286,0.000416308,-0.000491991
50.0364,-0.000232465,-0.000175473
50.0442,-0.000555172,-0.000455822
50.052,0.000614622,-0.000501536
50.0599,0.000289415,8.6581e-05
50.0677,1.47315e-05,0.000754984
50.0755,0.00104722,0.000516787
50.0834,0.000750978,-0.000167172
50.0912,0.000796137,-0.00011191
50.099,0.000808557,-0.000175999
50.1068,0.000407363,0.000777965
50.1147,0.000432985,-0.000187057
50.1225,0.000317878,0.000486174
50.1303,0.000362793,-0.000343997
50.1382,0.00115476,0.000519089
50.146,0.000745147,0.000284657
50.1538,0.0011909,0.000111841
50.1616,0.000761964,0.000104569
50.1695,0.000566947,0.000369849
50.1773,-0.000251453,-0.000114409
50.1851,0.000957401,-0.000335358
50.193,0.00143757,-0.000278815
50.2008,0.0006637,-1.63315e-05
50.2086,0.000577648,7.25711e-05
50.2164,0.00034794,-0.000415636
50.2243,0.00167555,0.000107749
50.2321,0.000410016,0.000127024
50.2399,-0.000264358,0.000883466
50.2477,0.000239261,-0.000125388
50.2556,0.000333254,0.000396901
50.2634,0.00039233,0.000305748
50.2712,0.000265576,-0.000680669
50.2791,0.000373253,-1.09484e-05
50.2869,0.000288665,0.000590577
50.2947,-0.000336983,0.000226874
50.3026,0.000861586,0.000463418
50.3104,0.000198022,8.3199e-05
50.3182,0.000728232,0.000131118
50.326,0.000110122,0.000139518
50.3339,0.00108237,1.81283e-05
50.3417,-0.000470116,0.000155734
50.3495,0.00153282,0.00107021
50.3573,0.000205201,0.000321565
50.3652,2.43323e-05,0.000119101
50.373,-0.00016841,3.07591e-05
50.3808,0.000253739,-0.000191117
50.3887,0.000370688,-0.000157262
50.3965,0.00027257,-0.00121249
50.4043,0.000843244,0.000233584
50.4121,0.000539523,-0.000444791
50.42,9.20911e-05,0.000159672
50.4278,0.000315387,0.000842085
50.4356,0.00125927,0.000280551
50.4435,0.000126516,8.93586e-05
50.4513,0.000501991,0.000654198
50.4591,9.97752e-05,-0.000596752
50.4669,0.000835337,0.000476652
50.4748,0.000574049,-0.000334203
50.4826,0.000901406,0.000145375
50.4904,0.00105931,-0.000894055
50.4983,0.000681995,-0.000297682
50.5061,0.000950404,7.46428e-05
50.5139,0.000123709,-0.000481881
50.5217,0.0005241,0.000223516
50.5296,0.00136738,0.00021789
50.5374,0.000208525,0.000475433
50.5452,-0.000764029,0.000658053
50.5531,0.000748313,-7.82285e-05
50.5609,0.000629201,-0.000460697
50.5687,0.000281473,0.000358419
50.5765,0.000301804,-0.000209157
50.5844,0.000433322,2.76572e-05
50.5922,0.000358159,0.000476601
50.6,-0.000237141,-0.000334544
50.6079,0.000542591,-0.000750446
50.6157,2.84683e-05,-0.000539873
50.6235,0.00069783,4.4584e-05
50.6313,0.000669025,0.000113185
50.6392,0.000421397,-1.00621e-05
50.647,-0.0004523,0.000414485
50.6548,0.000809778,0.0016164
50.6627,5.17396e-05,0.00012728
50.6705,0.000219146,0.00025181
50.6783,0.000726449,-0.000220537
50.6861,0.000965503,0.000403443
50.694,0.000981937,0.000547866
50.7018,0.00119429,0.000137842
50.7096,0.000144601,1.57912e-05
50.7175,0.00116124,-0.000119782
50.7253,0.000271692,0.000610377
50.7331,0.000261602,0.000832644
50.7409,0.000255018,-0.00028715
50.7488,0.000280862,0.000200525
50.7566,0.000990416,-0.000705182
50.7644,0.000309421,0.000558532
50.7723,0.000299309,0.000171619
50.7801,7.41053e-05,-0.00090853
50.7879,-0.000228114,-0.000236124
50.7957,0.000884672,0.000493721
50.8036,0.000632049,0.000235858
50.8114,8.12756e-05,-0.00015758
50.8192,0.000601543,0.000710493
50.8271,-9.22746e-05,-0.000382861
50.8349,0.00111725,-0.00056143
50.8427,0.000536675,0.000266335
50.8505,0.000335207,-0.000944251
50.8584,0.000396935,2.85904e-05
50.8662,0.000690488,4.38236e-05
50.874,0.00100731,-0.000426661
50.8819,0.00049849,8.88311e-05
50.8897,-0.000265938,0.000747431
50.8975,0.00062302,0.000694038
50.9053,0.000287975,0.000493519
50.9132,-8.38078e-05,-0.000360405
50.921,0.0007186,-0.000488375
50.9288,0.000138641,-6.10163e-05
50.9366,0.000795724,-2.71689e-06
50.9445,0.000849473,-0.000198987
50.9523,0.00107578,-1.86281e-05
50.9601,9.28832e-05,-0.000276169
50.968,0.000762815,0.000241965
50.9758,0.000239571,0.000545612
50.9836,0.000923465,2.51214e-05
50.9914,0.000209185,-8.62298e-05
50.9993,0.000628239,0.00020097
51.0071,0.000659088,-0.000489089
51.0149,0.000134875,0.000204042
51.0228,0.000908695,-0.000884836
51.0306,0.000605051,-7.72636e-05
51.0384,0.00100104,-0.000117058
51.0462,0.00040453,-5.81737e-05
51.0541,0.000208416,0.000438821
51.0619,5.98204e-05,-8.77775e-05
51.0697,0.000730826,0.000198807
51.0776,0.00118041,3.08773e-05
51.0854,3.17478e-05,0.000442127
51.0932,-0.000157185,0.000390106
51.101,0.00116959,0.00083507
51.1089,0.0010998,0.000272767
51.1167,0.000842483,-4.20747e-05
51.1245,-0.000592903,0.000372027
51.1324,0.000287527,0.00030914
51.1402,0.000495964,0.000638347
51.148,0.000592674,0.000277041
51.1558,0.000840822,-0.00039644
51.1637,-4.74716e-05,0.000874216
51.1715,0.0011008,-0.000106726
51.1793,0.000148577,1.61229e-05
51.1872,0.000266071,0.00034578
51.195,0.000439322,0.000193747
51.2028,0.000945491,-9.78419e-05
51.2106,0.00062507,-0.000243113
51.2185,0.000103154,-0.000113026
51.2263,0.00012755,-0.000690693
51.2341,0.000592177,-0.000188312
51.242,7.30209e-05,-8.26222e-05
51.2498,0.000615631,-7.43255e-05
51.2576,0.000269924,-0.000374917
51.2654,0.000282779,-0.000464165
51.2733,-3.09911e-05,-0.000838348
51.2811,0.000282365,-0.000427511
51.2889,0.0010376,-2.44455e-05
51.2968,0.000471561,0.00051348
51.3046,0.000702791,0.000539748
51.3124,8.28891e-05,-0.000618715
51.3202,0.000887857,-6.59961e-05
51.3281,0.000607755,3.39228e-05
51.3359,0.000724557,-6.11352e-05
51.3437,-1.24434e-05,-6.75039e-05
51.3516,9.83083e-05,-0.000160158
51.3594,0.000330939,-0.00035494
51.3672,0.000607119,0.000580997
51.375,0.000713391,8.98183e-05
51.3829,1.86802e-05,-0.000135771
51.3907,0.000746264,-7.98481e-05
51.3985,0.000247252,-0.000209332
51.4064,0.00035377,0.000222139
51.4142,0.000821223,-0.000226178
51.422,0.000627959,0.000555553
51.4298,0.000504214,-0.000700553
51.4377,2.68647e-05,-0.000251956
51.4455,0.000192943,0.000936525
51.4533,-0.000164981,-0.000259192
51.4612,0.000320744,0.000369684
51.469,0.000972423,-4.44103e-05
51.4768,0.000501156,0.000222169
51.4846,-0.000189704,0.000198059
51.4925,0.000203747,0.0003833
51.5003,0.000125118,0.000172969
51.5081,0.0013007,0.000251852
51.516,0.00024817,0.000539277
51.5238,0.000911646,-0.000154612
51.5316,-7.94028e-05,-3.98872e-05
51.5394,0.000281278,0.000304059
51.5473,0.000386431,0.000891946
51.5551,0.000690365,0.000636194
51.5629,0.000378745,0.000104585
51.5708,-2.14408e-05,-5.84259e-05
51.5786,0.000343958,0.000564847
51.5864,0.00100868,0.000473398
51.5942,0.000780625,0.000199792
51.6021,0.000149272,0.000532328
51.6099,0.000701842,0.000275589
51.6177,0.000226952,0.0002794
51.6255,0.000990432,-0.000376351
51.6334,0.000857751,-0.000270978
51.6412,-0.000210982,-0.000237986
51.649,0.00127323,-0.000571136
51.6569,0.000729454,-8.49908e-05
51.6647,0.000789006,0.000205987
51.6725,0.000369885,0.000142653
51.6803,0.00123279,0.00053942
51.6882,0.00112436,0.000114498
51.696,9.40639e-06,0.000360517
51.7038,0.000719081,0.00046281
51.7117,0.000246032,-0.000349509
51.7195,6.6587e-05,-0.000615369
51.7273,0.000125536,-0.000306975
51.7351,0.00141058,-0.000497805
51.743,0.000216606,0.000183349
51.7508,0.00032125,-0.000254088
51.7586,0.000221901,-6.35766e-05
51.7665,0.000650162,1.89125e-05
51.7743,0.000714933,-0.000133961
51.7821,0.000123371,-0.000255326
51.7899,0.000605886,0.000314215
51.7978,0.000316454,-0.000458763
51.8056,0.000304452,-0.000443692
51.8134,0.00102024,-0.000349672
51.8213,0.00020875,0.000150418
51.8291,0.000716435,6.13136e-05
51.8369,0.000671185,-6.85679e-05
51.8447,-0.000210497,-0.000412143
51.8526,0.00099162,0.00053081
51.8604,0.000476214,0.000671528
51.8682,-1.84033e-05,0.000188261
51.8761,5.11452e-05,0.0002338
51.8839,1.08547e-05,-0.000221292
51.8917,0.000506475,-0.000431046
51.8995,0.000669253,0.000134579
51.9074,0.000254789,-0.000175701
51.9152,0.00025138,5.48314e-05
51.923,0.000206958,-0.000294493
51.9309,0.000587399,0.000201976
51.9387,6.70779e-05,-0.000185752
51.9465,0.000160552,0.000585389
51.9543,-5.54422e-05,-2.0427e-05
51.9622,0.000378148,0.000374121
51.97,0.000193176,2.4414e-05
51.9778,8.46389e-05,6.59807e-05
51.9857,0.00135567,0.000115455
51.9935,2.08375e-05,0.000583406
52.0013,0.000611224,3.07797e-05
52.0091,-0.000150927,7.56631e-05
52.017,0.00105617,-0.000109415
52.0248,0.00019582,-0.000445274
52.0326,0.00013959,0.000511145
52.0405,0.000767744,-4.83575e-05
52.0483,0.000757604,-0.000221834
52.0561,0.000426529,0.000913075
52.0639,0.00025803,0.000403306
52.0718,0.00101991,-0.000424493
52.0796,0.000345857,3.89601e-05
52.0874,4.1914e-05,0.000666659
52.0953,0.000650039,0.000244637
52.1031,0.000683557,-0.000247435
52.1109,0.000535733,0.000388245
52.1187,0.000173237,0.000259703
52.1266,0.000569582,0.000844604
52.1344,0.000429237,-0.000100039
52.1422,-9.81557e-05,0.000289153
52.1501,0.000448479,0.000743596
52.1579,0.000378822,0.000253725
52.1657,-0.00020064,0.000483108
52.1735,0.000412595,0.00064092
52.1814,0.000348531,0.000217493
52.1892,0.000532134,-2.46272e-05
52.197,0.000758827,0.000108308
52.2049,6.68121e-05,0.00095073
52.2127,0.000829362,-0.000174143
52.2205,0.000950938,-0.000468041
52.2283,0.000823698,-0.000261858
52.2362,0.000678213,-2.31893e-05
52.244,0.00123721,0.00046046
52.2518,0.000587812,-0.000182141
52.2597,0.000460576,-7.06653e-05
52.2675,0.000500216,0.000372009
52.2753,0.000784562,-0.000373591
52.2831,0.0007452,0.000347191
52.291,0.000202108,0.000242922
52.2988,0.00101139,0.000207138
52.3066,0.000742605,0.000150852
52.3144,0.000541108,0.000213727
52.3223,0.00106762,0.000634388
52.3301,0.000833409,7.66573e-05
52.3379,0.000242578,-0.000613672
52.3458,-0.000141577,0.000574742
52.3536,-0.000241542,-0.000235529
52.3614,-0.000165899,-1.23811e-06
52.3692,0.000129575,-6.45407e-05
52.3771,0.000114716,-7.51668e-05
52.3849,0.000715407,-0.000120741
52.3927,0.000657869,0.000329101
52.4006,0.0003309,-0.000186251
52.4084,0.00139381,-8.33902e-05
52.4162,0.000344346,0.000470295
52.424,0.000369567,-3.16077e-05
52.4319,0.000240944,0.00045302
52.4397,8.0602e-05,-0.00022815
52.4475,0.000338346,6.64054e-05
52.4554,0.000875406,0.000278144
52.4632,0.000659868,-0.000427612
52.471,0.000189112,-0.000128525
52.4788,0.000366157,0.000288175
52.4867,0.000335687,-0.00026218
52.4945,0.000586591,-0.000247745
52.5023,0.000488522,0.000387013
52.5102,0.000365238,-0.000143961
52.518,0.000706215,0.000187536
52.5258,0.000750193,0.000155712
52.5336,0.000411191,0.000220021
52.5415,0.000546035,9.50348e-05
52.5493,-0.000214482,0.000224865
52.5571,0.000163563,9.24913e-05
52.565,0.000448944,0.000133435
52.5728,-6.32221e-05,6.10083e-06
52.5806,0.000975531,-0.000105921
52.5884,0.000100425,0.000169993
52.5963,0.000307624,0.000350221
52.6041,0.000119928,0.000248014
52.6119,0.000392707,0.000245964
52.6198,-9.52959e-05,0.000205804
52.6276,0.000546731,-0.00011007
52.6354,0.000640335,-7.64791e-05
52.6432,0.000319141,0.000175511
52.6511,-4.51466e-06,2.4745e-05
52.6589,0.000444332,0.000520147
52.6667,0.000869145,-0.000306908
52.6746,0.000506431,0.000438327
52.6824,0.000448968,0.000164133
52.6902,-9.98101e-05,0.000268813
52.698,0.000327221,0.000368296
52.7059,-8.68478e-05,-0.000305806
52.7137,0.000364964,0.000478264
52.7215,-4.06521e-05,1.32072e-05
52.7294,0.000714465,-6.41788e-05
52.7372,0.000370793,-0.000164659
52.745,0.000729383,0.000374963
52.7528,0.00030161,0.000579334
52.7607,0.000361648,0.000293463
52.7685,0.000563495,0.00027947
52.7763,0.000497185,0.00044071
52.7842,0.000646892,0.000165134
52.792,0.000859395,-5.33315e-05
52.7998,-4.20343e-05,0.000244739
52.8076,0.000289334,0.000515472
52.8155,0.000631881,-0.000411882
52.8233,0.000498283,3.94697e-05
52.8311,0.000528097,0.000441035
52.839,0.000690683,0.000110137
52.8468,-5.12858e-05,-9.57257e-05
52.8546,0.000952617,0.000331587
52.8624,0.000407655,0.00037344
52.8703,0.000172195,-0.000183761
52.8781,0.00104767,0.000162708
52.8859,0.000717596,0.000204725
52.8938,-2.11654e-06,-0.000163733
52.9016,0.000210475,0.000501312
52.9094,0.000312225,0.00020383
52.9172,0.00116185,0.000251055
52.9251,0.000267308,0.000275457
52.9329,3.02105e-05,0.000573673
52.9407,0.000240153,-0.00018724
52.9486,0.000483521,0.000218593
52.9564,0.000379917,0.000298318
52.9642,5.48974e-06,0.00058969
52.972,0.000191769,0.000278409
52.9799,0.000334852,0.000129137
52.9877,0.000499725,-0.000126354
52.9955,0.00041429,0.000276577
53.0033,0.000175007,0.000188385
53.0112,0.000412198,4.45637e-05
53.019,0.000292644,0.0002544
53.0268,0.000759904,0.000162939
53.0347,-9.4619e-06,-0.000231208
53.0425,0.000728708,0.000451183
53.0503,-0.000229672,0.000526052
53.0581,0.000978801,0.000172898
53.066,0.000562236,-0.000694111
53.0738,0.000506284,0.000487695
53.0816,9.09142e-05,0.000376824
53.0895,0.000505894,-0.000115954
53.0973,0.000512442,-0.000124344
53.1051,0.00068203,-3.90123e-05
53.1129,0.000181072,0.000239421
53.1208,0.00046358,0.00050268
53.1286,0.00100058,0.000409579
53.1364,0.000508943,2.03192e-05
53.1443,0.000317305,-0.000163073
53.1521,0.000909042,0.00037103
53.1599,0.000338261,0.000236316
53.1677,0.000424668,-9.40731e-05
53.1756,0.000517816,0.000172501
53.1834,0.000439347,0.000420892
53.1912,0.000270852,6.19525e-05
53.1991,0.00038041,0.000468491
53.2069,5.88338e-05,-0.000298524
53.2147,0.000685078,7.56678e-05
53.2225,0.000273738,-0.000241533
53.2304,8.89971e-05,0.000302671
53.2382,0.000426018,0.000147179
53.246,9.09816e-05,0.000128086
53.2539,0.00014161,-0.000158603
53.2617,0.00090663,-9.59633e-06
53.2695,0.000428158,0.00018948
53.2773,6.40515e-05,0.000316152
53.2852,0.000402597,0.000484552
53.293,0.000927751,0.000177906
53.3008,0.000471566,0.00036005
53.3087,0.00059902,0.000287651
53.3165,0.000340436,7.0952e-05
53.3243,0.000348914,0.000174906
53.3321,0.000646516,0.000339805
53.34,1.96934e-05,0.000379771
53.3478,0.000901251,0.000343302
53.3556,0.000733311,0.000426178
53.3635,0.000341433,-2.30369e-05
53.3713,0.000474531,1.81093e-06
53.3791,-3.38617e-05,0.000602515
53.3869,0.000360015,0.00020977
53.3948,2.86205e-05,-0.000231352
53.4026,0.000858017,0.000326818
53.4104,0.000679145,-7.94868e-06
53.4183,0.000116085,0.000513944
53.4261,0.000447895,-1.90193e-05
53.4339,0.000747939,0.000558879
53.4417,0.000719514,0.000181377
53.4496,0.000698487,0.000513544
53.4574,0.000407289,-0.000277371
53.4652,0.000258063,0.000160638
53.4731,0.000660992,0.000295025
53.4809,0.00068666,-0.000209697
53.4887,0.000464624,-0.000213188
53.4965,0.000421679,0.000107164
53.5044,0.000151638,-4.4545e-05
53.5122,0.000611213,-3.00912e-05
53.52,0.000425473,-1.35413e-06
53.5279,0.0006083,0.000287762
53.5357,0.00100214,0.000172203
53.5435,0.000828484,0.000214191
53.5513,0.000265364,-4.20885e-05
53.5592,0.000663693,0.000301457
53.567,0.000229629,-0.00032095
53.5748,0.000673464,8.58412e-05
53.5826,0.000508664,0.000497865
53.5905,0.000647409,0.000188023
53.5983,0.000889397,9.31215e-05
53.6061,0.000476614,0.000131878
53.614,0.00044559,8.6613e-05
53.6218,0.000617038,0.000340601
53.6296,0.000523426,7.7563e-05
53.6375,0.000113679,0.000450503
53.6453,0.000650771,0.000245812
53.6531,0.000624743,-0.000107396
53.6609,0.000594038,0.000456387
53.6688,0.00106601,-7.65645e-06
53.6766,0.000552634,0.000102843
53.6844,0.000388562,0.000283623
53.6922,0.00063006,0.000169574
53.7001,0.000513139,0.00058202
53.7079,0.000392146,0.000436319
53.7157,0.000288053,3.46956e-05
53.7236,0.000540987,0.00012115
53.7314,0.000439299,-0.000230103
53.7392,0.000342819,0.000429908
53.747,0.00106501,0.000248341
53.7549,0.000398497,3.9185e-05
53.7627,0.000568099,0.0001873
53.7705,0.000778977,4.04459e-05
53.7784,0.000573149,0.000479175
53.7862,0.000757219,0.000657067
53.794,0.000673265,-3.90454e-05
53.8018,0.000617627,0.000453737
53.8097,0.000731833,0.000213554
53.8175,0.000430564,0.000544438
53.8253,0.000709728,0.000175762
53.8332,0.000742007,0.000382749
53.841,0.000354242,9.98245e-05
53.8488,0.000624628,0.000123925
53.8566,0.000331813,0.000392055
53.8645,0.000125615,0.000204002
53.8723,-0.000120471,0.000204398
53.8801,0.00018465,7.59933e-06
53.888,0.000571985,-0.000113724
53.8958,8.21208e-05,-3.12724e-05
53.9036,0.000129817,7.06992e-05
53.9114,0.000125804,0.000308878
53.9193,0.000799376,0.000172304
53.9271,0.000349899,9.43676e-05
53.9349,0.000503066,1.27394e-05
53.9428,0.000660414,0.000194843
53.9506,0.000567,2.65646e-05
53.9584,0.000325243,0.00061091
53.9662,0.000631646,8.86532e-05
53.9741,0.000889347,0.000174086
53.9819,0.000724847,-0.000126212
53.9897,0.000285462,0.000556925
53.9976,0.00028421,-5.18931e-05
54.0054,0.00032516,0.000188296
54.0132,0.000713226,0.000290164
54.021,0.000381228,-1.71759e-05
54.0289,0.000384852,0.000345043
54.0367,0.000469157,0.000268708
54.0445,0.000417008,0.000251749
54.0524,0.000230946,1.76729e-05
54.0602,0.000827624,0.000622198
54.068,0.000731172,7.70366e-05
54.0758,0.000458487,0.000327076
54.0837,0.000599241,0.000258999
54.0915,0.000536739,0.000444404
54.0993,0.000553981,0.000305532
54.1072,0.00029643,9.25803e-05
54.115,0.000520838,0.000343539
54.1228,0.000612465,0.000317581
54.1306,0.000580937,8.88446e-05
54.1385,0.000462396,0.000152006
54.1463,8.96944e-05,0.00048053
54.1541,0.000439697,0.000351882
54.162,0.000347258,-9.8321e-07
54.1698,0.000233135,0.00026937
54.1776,0.000430625,0.000435961
54.1854,0.00040162,0.00024406
54.1933,0.000249566,0.000257382
54.2011,0.000289087,0.00030259
54.2089,0.000321833,0.000482706
54.2168,0.000759063,-1.68686e-05
54.2246,0.000123923,0.000521911
54.2324,0.000491073,0.000464846
54.2402,0.000239635,-1.69059e-05
54.2481,0.000251317,0.000347708
54.2559,0.000501397,-1.5881e-05
54.2637,0.000582174,0.000166271
54.2715,0.00052452,5.83292e-05
54.2794,0.000546911,0.000262188
54.2872,0.000390197,8.99752e-05
54.295,0.000446874,-3.16929e-06
54.3029,0.000330683,0.000228379
54.3107,0.000224013,0.000197786
54.3185,0.00064019,0.000345228
54.3263,0.000729877,9.11277e-05
54.3342,0.000450113,0.000482955
54.342,0.00069746,0.000287331
54.3498,0.000529056,0.000309623
54.3577,0.000460382,-0.000346096
54.3655,0.000522307,0.000327236
54.3733,0.000586848,0.000275303
54.3811,0.000554354,-4.01597e-05
54.389,0.000422829,0.00049864
54.3968,0.000602443,-1.07e-05
54.4046,0.000488144,0.000463643
54.4125,8.06444e-05,0.000382405
54.4203,0.000544538,0.000131389
54.4281,0.000283143,0.000182217
54.4359,0.000965359,0.000333921
54.4438,0.000337062,-2.28344e-06
54.4516,0.000474873,-8.92787e-05
54.4594,0.000419685,0.000461239
54.4673,0.000186345,0.000424405
54.4751,0.000599759,0.000726918
54.4829,0.000276985,0.000341111
54.4907,0.000203918,0.000227432
54.4986,0.000804412,6.56992e-05
54.5064,0.00048578,0.000689661
54.5142,0.000207767,0.000325998
54.5221,0.000430424,0.000482114
54.5299,0.000591335,-0.000109542
54.5377,0.000452301,0.000212143
54.5455,0.000440865,0.000205114
54.5534,0.000670918,-3.88122e-05
54.5612,0.000627566,1.543e-05
54.569,0.000360532,0.000222415
54.5769,0.000258934,0.000103527
54.5847,-2.37799e-05,0.000206804
54.5925,0.000215448,0.000202078
54.6003,0.000806722,0.000328526
54.6082,0.000797358,7.48512e-05
54.616,0.000199515,0.000495348
54.6238,0.000505679,0.000307353
54.6317,0.000216076,0.000226979
54.6395,0.000666403,1.97992e-05
54.6473,0.00056287,0.000355668
54.6551,0.000671931,0.0002297
54.663,0.000148559,0.000543667
54.6708,0.000623555,0.000303382
54.6786,0.000477372,0.000463868
54.6865,0.000575665,0.000203185
54.6943,0.000719864,0.000189793
54.7021,0.00077344,0.000380551
54.7099,0.000337534,0.000119854
54.7178,-6.69741e-05,4.72277e-05
54.7256,0.000508433,0.000307797
54.7334,0.000507803,0.000196009
54.7413,0.000364959,0.000523822
54.7491,0.00051369,0.000675614
54.7569,0.000576129,0.000111336
54.7647,0.000618379,9.7787e-05
