0,2.52203,1.74923
0.5,-2.88682,0.0858533
1,2.33407,-1.53672
1.5,-1.40009,2.41433
2,0.239277,-2.76257
2.5,0.831892,2.64162
3,-1.79991,-2.07682
3.5,2.45939,1.26067
4,-2.76545,-0.167603
4.5,2.5942,-0.896312
5,-2.05132,1.88736
5.5,1.14043,-2.48854
6,-0.109306,2.75816
6.5,-0.9874,-2.57234
7,1.891,1.96023
7.5,-2.48854,-1.09306
8,2.71808,0.0327919
8.5,-2.49218,1.03477
9,1.90193,-1.93472
9.5,-1.01655,2.51405
10,-0.0655838,-2.65979
10.5,1.06027,2.44482
11,-1.91286,-1.81448
11.5,2.52133,0.965539
12,-2.6525,0.0983757
12.5,2.37559,-1.14043
13,-1.75254,1.97116
13.5,0.856233,-2.51405
14,0.153029,2.57599
14.5,-1.16593,-2.32094
15,1.96751,1.6906
15.5,-2.46304,-0.805223
16,2.55048,-0.222256
16.5,-2.259,1.20237
17,1.60316,-1.98937
17.5,-0.721422,2.44482
18,-0.280553,-2.51405
18.5,1.2388,2.21527
19,-1.99666,-1.55944
19.5,2.41567,0.648551
20,-2.43389,0.342493
20.5,2.1424,-1.23516
21,-1.49385,2.01488
21.5,0.593898,-2.42296
22,0.382572,2.4266
22.5,-1.28981,-2.08411
23,1.97116,1.40641
23.5,-2.37923,-0.502809
24,2.41567,-0.426295
24.5,-2.05132,1.33354
25,1.33354,-1.97844
25.5,-0.440869,2.32094
26,-0.473661,-2.33915
26.5,1.32989,1.94565
27,-1.95294,-1.27524
27.5,2.32094,0.389859
28,-2.29543,0.488235
28.5,1.89464,-1.33354
29,-1.20237,1.96751
29.5,0.382572,-2.2845
30,0.572036,2.21892
30.5,-1.36633,-1.85456
31,1.95658,1.13314
31.5,-2.26264,-0.309701
32,2.18613,-0.597541
32.5,-1.77441,1.36997
33,1.11492,-1.94201
33.5,-0.251404,2.24807
34,-0.630333,-2.15333
34.5,1.39912,1.71611
35,-1.95294,-1.04205
35.5,2.18248,0.167603
36,-2.10232,0.652194
36.5,1.67967,-1.40641
37,-0.991044,1.92379
37.5,0.167603,-2.17884
38,0.69956,2.04767
38.5,-1.44284,-1.61045
39,1.93472,0.899955
39.5,-2.12783,-0.102019
40,1.96751,-0.735996
40.5,-1.55215,1.42098
41,0.867163,-1.92743
41.5,-0.0655838,2.08775
42,-0.743283,-1.95294
42.5,1.44649,1.49021
43,-1.90193,-0.819797
43.5,2.07318,-0.0109306
44,-1.89464,0.790649
44.5,1.42463,-1.4647
45,-0.776075,1.88371
45.5,-0.0255048,-2.01488
46,0.805223,1.87642
46.5,-1.46106,-1.3809
47,1.86185,0.721422
47.5,-2.0331,0.0255048
48,1.8327,-0.845302
48.5,-1.34447,1.48657
49,0.670412,-1.88371
49.5,0.105663,1.96387
50,-0.86352,-1.75254
50.5,1.45742,1.28253
51,-1.86185,-0.630333
51.5,1.9493,-0.131168
52,-1.73068,0.889024
52.5,1.25702,-1.49021
53,-0.564749,1.8327
53.5,-0.185821,-1.90922
54,0.914529,1.67967
54.5,-1.52664,-1.2133
55,1.79627,0.535601
55.5,-1.87642,0.222256
56,1.65053,-0.918173
56.5,-1.16593,1.4975
57,0.46273,-1.85092
57.5,0.229543,1.82906
58,-0.969183,-1.59952
58.5,1.51207,1.08942
59,-1.77805,-0.451799
59.5,1.81448,-0.284196
60,-1.55579,0.965539
60.5,1.09671,-1.4975
61,-0.393503,1.79262
61.5,-0.331562,-1.79991
62,1.01291,1.47199
62.5,-1.49021,-0.9874
63,1.76348,0.375285
63.5,-1.76712,0.342493
64,1.47928,-1.00197
64.5,-0.958252,1.51571
65,0.335206,-1.7489
65.5,0.386216,1.70518
66,-1.02384,-1.45377
66.5,1.50478,0.929104
67,-1.72704,-0.309701
67.5,1.69425,-0.419008
68,-1.39183,1.03841
68.5,0.896312,-1.50478
69,-0.2259,1.73068
69.5,-0.41172,-1.68332
70,1.04934,1.35175
70.5,-1.51936,-0.841659
71,1.70518,0.204038
71.5,-1.61045,0.480948
72,1.31896,-1.08578
72.5,-0.819797,1.4975
73,0.160316,-1.6651
73.5,0.510096,1.61409
74,-1.07849,-1.28981
74.5,1.50114,0.779718
75,-1.66874,-0.109306
75.5,1.57401,-0.535601
76,-1.24974,1.10035
76.5,0.714135,-1.50114
77,-0.087445,1.64688
77.5,-0.557462,-1.54851
78,1.10399,1.19144
78.5,-1.46835,-0.692273
79,1.62502,0.0437225
79.5,-1.50843,0.572036
80,1.1878,-1.13679
80.5,-0.652194,1.47564
81,0.0437225,-1.59952
81.5,0.612115,1.47564
82,-1.15136,-1.1295
82.5,1.44284,0.593898
83,-1.59952,0
83.5,1.44649,-0.623046
84,-1.10035,1.13679
84.5,0.57568,-1.47564
85,0.0291483,1.55215
85.5,-0.644907,-1.42827
86,1.14043,1.0457
86.5,-1.45742,-0.550175
87,1.55215,-0.087445
87.5,-1.39912,0.659481
88,1.02384,-1.15865
88.5,-0.510096,1.46835
89,-0.0910886,-1.523
89.5,0.684986,1.35904
90,-1.14772,-0.980113
90.5,1.44284,0.470017
91,-1.51207,0.131168
91.5,1.34811,-0.703204
92,-0.943678,1.17322
92.5,0.404433,-1.4647
93,0.127524,1.49385
93.5,-0.717778,-1.27888
94,1.14772,0.929104
94.5,-1.43191,-0.371641
95,1.48292,-0.189464
95.5,-1.28617,0.754214
96,0.867163,-1.16229
96.5,-0.389859,1.42827
97,-0.233187,-1.46835
97.5,0.739639,1.24974
98,-1.19873,-0.827084
98.5,1.41369,0.306058
99,-1.42463,0.229543
99.5,1.1878,-0.761501
100,-0.819797,1.16593
100.5,0.265979,-1.40641
101,0.247761,1.39183
101.5,-0.757857,-1.18415
102,1.17322,0.805223
102.5,-1.41005,-0.295127
103,1.39548,-0.295127
103.5,-1.13314,0.81251
104,0.757857,-1.20966
104.5,-0.214969,1.37362
105,-0.327919,-1.35904
105.5,0.838015,1.11857
106,-1.17686,-0.714135
106.5,1.36633,0.185821
107,-1.33718,0.34978
107.5,1.10035,-0.834371
108,-0.670412,1.18415
108.5,0.171247,-1.36269
109,0.367998,1.29346
109.5,-0.848946,-1.07849
110,1.19508,0.641264
110.5,-1.34811,-0.142098
111,1.26795,-0.404433
111.5,-1.02748,0.878094
112,0.612115,-1.19144
112.5,-0.131168,1.36997
113,-0.415364,-1.2716
113.5,0.870807,0.965539
114,-1.17686,-0.612115
114.5,1.33718,0.0983757
115,-1.23152,0.433582
115.5,0.980113,-0.878094
116,-0.553819,1.20966
116.5,0.0692273,-1.31168
117,0.451799,1.22059
117.5,-0.903599,-0.961896
118,1.18051,0.510096
118.5,-1.2971,-0.0291483
119,1.22787,-0.46273
119.5,-0.932747,0.92546
120,0.484591,-1.1878
120.5,0.0145742,1.28617
121,-0.495522,-1.18051
121.5,0.914529,0.87445
122,-1.17686,-0.46273
122.5,1.26431,-0.0327919
123,-1.16229,0.517383
123.5,0.870807,-0.929104
124,-0.429938,1.15865
124.5,-0.080158,-1.2388
125,0.517383,1.14043
125.5,-0.940034,-0.834371
126,1.16593,0.41172
126.5,-1.26431,0.080158
127,1.12221,-0.57568
127.5,-0.805223,0.950965
128,0.371641,-1.16229
128.5,0.134811,1.25338
129,-0.564749,-1.08213
129.5,0.929104,0.754214
130,-1.17686,-0.34978
130.5,1.19873,-0.120237
131,-1.07485,0.593898
131.5,0.765144,-0.980113
132,-0.291483,1.14407
132.5,-0.160316,-1.16958
133,0.615759,1.06391
133.5,-0.972826,-0.706847
134,1.14407,0.298771
134.5,-1.16229,0.171247
135,1.03112,-0.615759
135.5,-0.703204,0.972826
136,0.247761,-1.16593
136.5,0.204038,1.18051
137,-0.648551,-0.961896
137.5,0.972826,0.644907
138,-1.15865,-0.247761
138.5,1.15865,-0.222256
139,-0.950965,0.652194
139.5,0.619402,-0.983757
140,-0.196751,1.13679
140.5,-0.23683,-1.155
141,0.68863,0.92546
141.5,-0.969183,-0.590254
142,1.13679,0.178534
142.5,-1.08213,0.273266
143,0.961896,-0.692273
143.5,-0.561106,1.00562
144,0.167603,-1.12585
144.5,0.298771,1.09671
145,-0.710491,-0.87445
145.5,0.983757,0.572036
146,-1.10035,-0.0983757
146.5,1.08942,-0.298771
147,-0.878094,0.703204
147.5,0.528314,-0.991044
148,-0.087445,1.11128
148.5,-0.327919,-1.07485
149,0.743283,0.856233
149.5,-0.9874,-0.510096
150,1.08213,0.0655838
150.5,-1.02748,0.371641
151,0.808867,-0.706847
151.5,-0.484591,0.998331
152,0.0655838,-1.09306
152.5,0.382572,1.02384
153,-0.746926,-0.797936
153.5,1.00197,0.437225
154,-1.10035,-0.0619402
154.5,0.994687,-0.393503
155,-0.816154,0.75057
155.5,0.404433,-1.00197
156,0,1.06391
156.5,-0.433582,-1.00562
157,0.768788,0.717778
157.5,-0.983757,-0.40079
158,1.09306,-0.0327919
158.5,-0.950965,0.408077
159,0.717778,-0.75057
159.5,-0.389859,1.00926
160,-0.0546532,-1.07485
160.5,0.451799,0.947321
161,-0.772431,-0.706847
161.5,0.998331,0.357067
162,-1.07849,0.0692273
162.5,0.940034,-0.488235
163,-0.674056,0.797936
163.5,0.316988,-0.961896
164,0.0983757,1.05298
164.5,-0.455443,-0.936391
165,0.805223,0.681343
165.5,-1.03477,-0.276909
166,1.03841,-0.087445
166.5,-0.907242,0.51374
167,0.612115,-0.823441
167.5,-0.269622,0.972826
168,-0.12388,-1.03477
168.5,0.510096,0.841659
169,-0.816154,-0.659481
169.5,0.97647,0.23683
170,-1.01291,0.171247
170.5,0.867163,-0.52467
171,-0.564749,0.805223
171.5,0.240474,-0.9874
172,0.178534,0.991044
172.5,-0.542888,-0.838015
173,0.838015,0.568393
173.5,-0.980113,-0.214969
174,0.980113,-0.185821
174.5,-0.816154,0.531957
175,0.550175,-0.845302
175.5,-0.196751,0.972826
176,-0.207682,-0.950965
176.5,0.579323,0.797936
177,-0.808867,-0.52467
177.5,0.969183,0.185821
178,-0.965539,0.222256
178.5,0.80158,-0.57568
179,-0.491878,0.852589
179.5,0.167603,-0.961896
180,0.23683,0.929104
180.5,-0.601185,-0.765144
181,0.878094,0.477304
181.5,-0.994687,-0.105663
182,0.907242,-0.265979
182.5,-0.721422,0.601185
183,0.451799,-0.838015
183.5,-0.0910886,0.943678
184,-0.28784,-0.892668
184.5,0.619402,0.710491
185,-0.816154,-0.488235
185.5,0.961896,0.080158
186,-0.907242,0.280553
186.5,0.728709,-0.608472
187,-0.408077,0.848946
187.5,0.0473661,-0.965539
188,0.320632,0.885381
188.5,-0.615759,-0.670412
189,0.87445,0.389859
189.5,-0.932747,-0.0145742
190,0.878094,-0.320632
190.5,-0.670412,0.63762
191,0.360711,-0.852589
191.5,-0.0109306,0.940034
192,-0.346137,-0.867163
192.5,0.630333,0.644907
193,-0.87445,-0.346137
193.5,0.92546,-0.0145742
194,-0.845302,0.367998
194.5,0.619402,-0.659481
195,-0.346137,0.859876
195.5,-0.040079,-0.921816
196,0.389859,0.830728
196.5,-0.659481,-0.579323
197,0.859876,0.313345
197.5,-0.899955,0.0582967
198,0.808867,-0.393503
198.5,-0.604828,0.659481
199,0.284196,-0.878094
199.5,0.0765144,0.870807
200,-0.433582,-0.819797
200.5,0.681343,0.572036
201,-0.827084,-0.265979
201.5,0.856233,-0.0582967
202,-0.794293,0.437225
202.5,0.557462,-0.68863
203,-0.240474,0.845302
203.5,-0.0983757,-0.899955
204,0.437225,0.776075
204.5,-0.663125,-0.539244
205,0.848946,0.207682
205.5,-0.885381,0.109306
206,0.735996,-0.419008
206.5,-0.510096,0.725065
207,0.207682,-0.848946
207.5,0.12388,0.856233
208,-0.470017,-0.735996
208.5,0.725065,0.488235
209,-0.834371,-0.200395
209.5,0.856233,-0.185821
210,-0.717778,0.444512
210.5,0.480948,-0.706847
211,-0.153029,0.830728
211.5,-0.149385,-0.816154
212,0.484591,0.725065
212.5,-0.739639,-0.451799
213,0.819797,0.167603
213.5,-0.838015,0.178534
214,0.666768,-0.502809
214.5,-0.440869,0.725065
215,0.116593,-0.841659
215.5,0.193108,0.830728
216,-0.52467,-0.663125
216.5,0.728709,0.451799
217,-0.819797,-0.11295
217.5,0.819797,-0.214969
218,-0.670412,0.521027
218.5,0.404433,-0.728709
219,-0.0947321,0.830728
219.5,-0.2259,-0.823441
220,0.539244,0.615759
220.5,-0.703204,-0.34978
221,0.819797,0.087445
221.5,-0.790649,0.251404
222,0.644907,-0.546532
222.5,-0.371641,0.735996
223,0.040079,-0.827084
223.5,0.265979,0.761501
224,-0.557462,-0.604828
224.5,0.761501,0.353424
225,-0.823441,-0.0510096
225.5,0.739639,-0.284196
226,-0.582967,0.542888
226.5,0.327919,-0.743283
227,0,0.819797
227.5,-0.265979,-0.75057
228,0.579323,0.58661
228.5,-0.75057,-0.327919
229,0.797936,0.00728709
229.5,-0.739639,0.34978
230,0.572036,-0.572036
230.5,-0.298771,0.728709
231,-0.0145742,-0.797936
231.5,0.316988,0.761501
232,-0.597541,-0.517383
232.5,0.746926,0.269622
233,-0.805223,0.0182177
233.5,0.714135,-0.327919
234,-0.51374,0.593898
234.5,0.247761,-0.757857
235,0.0255048,0.772431
235.5,-0.371641,-0.703204
236,0.593898,0.488235
236.5,-0.728709,-0.244117
237,0.772431,-0.0765144
237.5,-0.710491,0.353424
238,0.488235,-0.615759
238.5,-0.185821,0.75057
239,-0.0910886,-0.765144
239.5,0.364354,0.692273
240,-0.601185,-0.440869
240.5,0.754214,0.23683
241,-0.772431,0.087445
241.5,0.641264,-0.382572
242,-0.448156,0.633977
242.5,0.189464,-0.739639
243,0.127524,0.757857
243.5,-0.389859,-0.652194
244,0.626689,0.455443
244.5,-0.746926,-0.163959
245,0.732352,-0.127524
245.5,-0.652194,0.426295
246,0.433582,-0.597541
246.5,-0.145742,0.739639
247,-0.153029,-0.710491
247.5,0.408077,0.644907
248,-0.644907,-0.419008
248.5,0.743283,0.131168
249,-0.75057,0.17489
249.5,0.58661,-0.455443
250,-0.397146,0.604828
250.5,0.105663,-0.75057
251,0.160316,0.732352
251.5,-0.429938,-0.597541
252,0.663125,0.371641
252.5,-0.75057,-0.116593
253,0.695917,-0.196751
253.5,-0.582967,0.455443
254,0.342493,-0.659481
254.5,-0.087445,0.746926
255,-0.196751,-0.681343
255.5,0.459087,0.572036
256,-0.652194,-0.316988
256.5,0.721422,0.080158
257,-0.695917,0.23683
257.5,0.535601,-0.470017
258,-0.309701,0.63762
258.5,0.0765144,-0.728709
259,0.23683,0.663125
259.5,-0.473661,-0.550175
260,0.670412,0.335206
260.5,-0.692273,-0.00728709
261,0.674056,-0.229543
261.5,-0.506453,0.499165
262,0.284196,-0.648551
262.5,-0.0145742,0.706847
263,-0.244117,-0.677699
263.5,0.473661,0.531957
264,-0.670412,-0.251404
264.5,0.703204,-0.00364354
265,-0.663125,0.273266
265.5,0.477304,-0.51374
266,-0.251404,0.670412
266.5,-0.0255048,-0.703204
267,0.273266,0.619402
267.5,-0.499165,-0.488235
268,0.674056,0.218613
268.5,-0.684986,0.0182177
269,0.630333,-0.291483
269.5,-0.46273,0.521027
270,0.2259,-0.652194
270.5,0.0218613,0.692273
271,-0.309701,-0.615759
271.5,0.535601,0.448156
272,-0.633977,-0.211326
272.5,0.68863,-0.0546532
273,-0.619402,0.313345
273.5,0.455443,-0.531957
274,-0.200395,0.648551
274.5,-0.0364354,-0.681343
275,0.342493,0.582967
275.5,-0.564749,-0.433582
276,0.655838,0.17489
276.5,-0.684986,0.0838015
277,0.568393,-0.331562
277.5,-0.408077,0.553819
278,0.163959,-0.663125
278.5,0.087445,0.684986
279,-0.371641,-0.550175
279.5,0.568393,0.378929
280,-0.648551,-0.138455
280.5,0.630333,-0.109306
281,-0.590254,0.371641
281.5,0.364354,-0.564749
282,-0.131168,0.644907
282.5,-0.131168,-0.63762
283,0.375285,0.561106
283.5,-0.564749,-0.357067
284,0.659481,0.11295
284.5,-0.670412,0.156672
285,0.517383,-0.375285
285.5,-0.353424,0.550175
286,0.109306,-0.663125
286.5,0.163959,0.655838
287,-0.386216,-0.517383
287.5,0.57568,0.320632
288,-0.674056,-0.080158
288.5,0.652194,-0.149385
289,-0.495522,0.419008
289.5,0.316988,-0.57568
290,-0.0510096,0.633977
290.5,-0.185821,-0.626689
291,0.41172,0.528314
291.5,-0.572036,-0.295127
292,0.655838,0.0546532
292.5,-0.601185,0.200395
293,0.491878,-0.429938
293.5,-0.291483,0.57568
294,0.0255048,-0.641264
294.5,0.204038,0.615759
295,-0.440869,-0.477304
295.5,0.568393,0.247761
296,-0.608472,-0.0291483
296.5,0.608472,-0.222256
297,-0.477304,0.426295
297.5,0.269622,-0.597541
298,-0.0145742,0.608472
298.5,-0.229543,-0.593898
299,0.484591,0.440869
299.5,-0.58661,-0.258692
300,0.63762,-0.0145742
300.5,-0.550175,0.211326
301,0.408077,-0.448156
301.5,-0.251404,0.582967
302,-0.0145742,-0.626689
302.5,0.269622,0.597541
303,-0.466374,-0.41172
303.5,0.57568,0.207682
304,-0.615759,0.0182177
304.5,0.57568,-0.273266
305,-0.419008,0.459087
305.5,0.207682,-0.593898
306,0.0510096,0.619402
306.5,-0.298771,-0.553819
307,0.484591,0.415364
307.5,-0.572036,-0.189464
308,0.601185,-0.0619402
308.5,-0.542888,0.276909
309,0.386216,-0.491878
309.5,-0.178534,0.593898
310,-0.0838015,-0.608472
310.5,0.309701,0.528314
311,-0.470017,-0.367998
311.5,0.579323,0.149385
312,-0.626689,0.087445
312.5,0.517383,-0.327919
313,-0.335206,0.484591
313.5,0.127524,-0.568393
314,0.0765144,0.626689
314.5,-0.331562,-0.470017
315,0.466374,0.367998
315.5,-0.601185,-0.12388
316,0.615759,-0.109306
316.5,-0.506453,0.342493
317,0.335206,-0.480948
317.5,-0.127524,0.604828
318,-0.153029,-0.604828
318.5,0.327919,0.488235
319,-0.521027,-0.324275
319.5,0.579323,0.080158
320,-0.58661,0.153029
320.5,0.51374,-0.353424
321,-0.309701,0.506453
321.5,0.0910886,-0.572036
322,0.145742,0.561106
322.5,-0.364354,-0.470017
323,0.517383,0.33885
323.5,-0.590254,-0.0582967
324,0.546532,-0.145742
324.5,-0.448156,0.371641
325,0.302414,-0.510096
325.5,-0.0546532,0.601185
326,-0.171247,-0.564749
326.5,0.371641,0.46273
327,-0.52467,-0.284196
327.5,0.597541,0.0473661
328,-0.550175,0.189464
328.5,0.426295,-0.375285
329,-0.280553,0.528314
329.5,0.0291483,-0.57568
330,0.193108,0.539244
330.5,-0.393503,-0.429938
331,0.517383,0.255048
331.5,-0.58661,-0.0327919
332,0.546532,-0.193108
332.5,-0.415364,0.404433
333,0.23683,-0.546532
333.5,-0.0109306,0.582967
334,-0.233187,-0.535601
334.5,0.408077,0.393503
335,-0.542888,-0.218613
335.5,0.57568,-0.00728709
336,-0.531957,0.2259
336.5,0.437225,-0.397146
337,-0.185821,0.539244
337.5,-0.0327919,-0.590254
338,0.2259,0.51374
338.5,-0.437225,-0.375285
339,0.535601,0.189464
339.5,-0.579323,0.040079
340,0.495522,-0.23683
340.5,-0.346137,0.422651
341,0.200395,-0.531957
341.5,0.0364354,0.572036
342,-0.284196,-0.502809
342.5,0.41172,0.34978
343,-0.535601,-0.200395
343.5,0.553819,-0.0838015
344,-0.495522,0.280553
344.5,0.371641,-0.422651
345,-0.163959,0.546532
345.5,-0.0582967,-0.564749
346,0.295127,0.488235
346.5,-0.437225,-0.327919
347,0.542888,0.134811
347.5,-0.553819,0.0765144
348,0.477304,-0.302414
348.5,-0.353424,0.455443
349,0.105663,-0.517383
349.5,0.109306,0.561106
350,-0.298771,-0.466374
350.5,0.433582,0.316988
351,-0.550175,-0.12388
351.5,0.528314,-0.11295
352,-0.459087,0.273266
352.5,0.298771,-0.470017
353,-0.102019,0.57568
353.5,-0.0910886,-0.542888
354,0.320632,0.437225
354.5,-0.495522,-0.306058
355,0.510096,0.105663
355.5,-0.517383,0.120237
356,0.433582,-0.335206
356.5,-0.298771,0.466374
357,0.087445,-0.550175
357.5,0.160316,0.539244
358,-0.320632,-0.419008
358.5,0.502809,0.273266
359,-0.528314,-0.0619402
359.5,0.52467,-0.149385
360,-0.426295,0.327919
360.5,0.255048,-0.473661
361,-0.0546532,0.542888
361.5,-0.131168,-0.506453
362,0.364354,0.433582
362.5,-0.491878,-0.2259
363,0.517383,0.0291483
363.5,-0.51374,0.156672
364,0.393503,-0.33885
364.5,-0.251404,0.488235
365,0.040079,-0.531957
365.5,0.185821,0.521027
366,-0.378929,-0.40079
366.5,0.480948,0.218613
367,-0.521027,0.0182177
367.5,0.488235,-0.178534
368,-0.393503,0.33885
368.5,0.222256,-0.484591
369,0,0.550175
369.5,-0.204038,-0.491878
370,0.371641,0.364354
370.5,-0.477304,-0.200395
371,0.535601,0.0145742
371.5,-0.488235,0.214969
372,0.360711,-0.371641
372.5,-0.196751,0.491878
373,-0.0145742,-0.521027
373.5,0.214969,0.506453
374,-0.378929,-0.378929
374.5,0.491878,0.163959
375,-0.521027,0.0182177
375.5,0.46273,-0.255048
376,-0.353424,0.386216
376.5,0.160316,-0.502809
377,0.040079,0.495522
377.5,-0.23683,-0.451799
378,0.419008,0.360711
378.5,-0.477304,-0.160316
379,0.52467,-0.0692273
379.5,-0.46273,0.222256
380,0.324275,-0.419008
380.5,-0.120237,0.488235
381,-0.0437225,-0.52467
381.5,0.244117,0.429938
382,-0.437225,-0.320632
382.5,0.51374,0.134811
383,-0.499165,0.0582967
383.5,0.433582,-0.265979
384,-0.309701,0.415364
384.5,0.11295,-0.484591
385,0.0838015,0.517383
385.5,-0.273266,-0.448156
386,0.437225,0.295127
386.5,-0.477304,-0.11295
387,0.495522,-0.0910886
387.5,-0.429938,0.276909
388,0.262335,-0.459087
388.5,-0.0983757,0.484591
389,-0.109306,-0.506453
389.5,0.262335,0.408077
390,-0.422651,-0.280553
390.5,0.502809,0.0765144
391,-0.510096,0.11295
391.5,0.40079,-0.316988
392,-0.265979,0.426295
392.5,0.0728709,-0.484591
393,0.142098,0.495522
393.5,-0.28784,-0.382572
394,0.440869,0.255048
394.5,-0.502809,-0.0619402
395,0.480948,-0.127524
395.5,-0.386216,0.306058
396,0.233187,-0.448156
396.5,-0.0437225,0.495522
397,-0.127524,-0.488235
397.5,0.327919,0.367998
398,-0.422651,-0.247761
398.5,0.510096,0.040079
399,-0.477304,0.153029
399.5,0.367998,-0.34978
400,-0.204038,0.440869
400.5,0.0619402,-0.506453
401,0.171247,0.451799
401.5,-0.324275,-0.367998
402,0.451799,0.211326
402.5,-0.499165,-0.0182177
403,0.473661,-0.193108
403.5,-0.364354,0.33885
404,0.200395,-0.426295
404.5,0,0.488235
405,-0.156672,-0.459087
405.5,0.346137,0.327919
406,-0.466374,-0.178534
406.5,0.488235,0.0182177
407,-0.459087,0.214969
407.5,0.33885,-0.34978
408,-0.182177,0.448156
408.5,0.00364354,-0.517383
409,0.229543,0.451799
409.5,-0.360711,-0.335206
410,0.440869,0.167603
410.5,-0.488235,0.0218613
411,0.422651,-0.229543
411.5,-0.331562,0.382572
412,0.153029,-0.422651
412.5,0.0364354,0.488235
413,-0.222256,-0.422651
413.5,0.389859,0.327919
414,-0.451799,-0.160316
414.5,0.491878,-0.0327919
415,-0.422651,0.255048
415.5,0.316988,-0.335206
416,-0.116593,0.459087
416.5,-0.0327919,-0.473661
417,0.244117,0.419008
417.5,-0.364354,-0.309701
418,0.480948,0.105663
418.5,-0.473661,0.0364354
419,0.408077,-0.240474
419.5,-0.284196,0.408077
420,0.138455,-0.448156
420.5,0.0947321,0.46273
421,-0.251404,-0.375285
421.5,0.415364,0.280553
422,-0.470017,-0.11295
422.5,0.451799,-0.080158
423,-0.386216,0.258692
423.5,0.295127,-0.364354
424,-0.0947321,0.480948
424.5,-0.127524,-0.466374
425,0.247761,0.382572
425.5,-0.415364,-0.251404
426,0.470017,0.087445
426.5,-0.444512,0.105663
427,0.393503,-0.280553
427.5,-0.218613,0.382572
428,0.0546532,-0.459087
428.5,0.0910886,0.455443
429,-0.273266,-0.382572
429.5,0.40079,0.207682
430,-0.480948,-0.0582967
430.5,0.429938,-0.0910886
431,-0.357067,0.276909
431.5,0.240474,-0.404433
432,-0.0255048,0.473661
432.5,-0.11295,-0.433582
433,0.316988,0.367998
433.5,-0.389859,-0.211326
434,0.429938,0.0510096
434.5,-0.429938,0.131168
435,0.364354,-0.302414
435.5,-0.211326,0.415364
436,0.0145742,-0.440869
436.5,0.142098,0.429938
437,-0.309701,-0.335206
437.5,0.393503,0.211326
438,-0.440869,-0.0218613
438.5,0.433582,-0.105663
439,-0.33885,0.331562
439.5,0.229543,-0.437225
440,0.0145742,0.448156
440.5,-0.156672,-0.444512
441,0.306058,0.320632
441.5,-0.433582,-0.171247
442,0.455443,0.00364354
442.5,-0.440869,0.189464
443,0.298771,-0.313345
443.5,-0.171247,0.433582
444,-0.040079,-0.444512
444.5,0.189464,0.408077
445,-0.313345,-0.316988
445.5,0.451799,0.142098
446,-0.451799,0.00364354
446.5,0.397146,-0.196751
447,-0.320632,0.34978
447.5,0.160316,-0.41172
448,0.0218613,0.455443
448.5,-0.23683,-0.408077
449,0.327919,0.28784
449.5,-0.415364,-0.131168
450,0.444512,-0.0327919
450.5,-0.41172,0.204038
451,0.276909,-0.33885
451.5,-0.134811,0.451799
452,-0.0582967,-0.444512
452.5,0.2259,0.382572
453,-0.324275,-0.291483
453.5,0.415364,0.120237
454,-0.459087,0.0838015
454.5,0.382572,-0.222256
455,-0.284196,0.357067
455.5,0.109306,-0.426295
456,0.040079,0.422651
456.5,-0.222256,-0.397146
457,0.382572,0.258692
457.5,-0.437225,-0.0765144
458,0.415364,-0.0546532
458.5,-0.375285,0.265979
459,0.258692,-0.357067
459.5,-0.0728709,0.422651
460,-0.080158,-0.426295
460.5,0.23683,0.357067
461,-0.364354,-0.240474
461.5,0.437225,0.105663
462,-0.41172,0.0947321
462.5,0.371641,-0.233187
463,-0.229543,0.393503
463.5,0.0983757,-0.440869
464,0.0728709,0.429938
464.5,-0.28784,-0.353424
465,0.357067,0.222256
465.5,-0.429938,-0.040079
466,0.419008,-0.11295
466.5,-0.34978,0.265979
467,0.214969,-0.34978
467.5,-0.0327919,0.404433
468,-0.11295,-0.426295
468.5,0.273266,0.353424
469,-0.382572,-0.185821
469.5,0.440869,0.0546532
470,-0.41172,0.145742
470.5,0.33885,-0.280553
471,-0.185821,0.367998
471.5,0.0182177,-0.422651
472,0.12388,0.41172
472.5,-0.280553,-0.331562
473,0.393503,0.196751
473.5,-0.444512,-0.0364354
474,0.393503,-0.160316
474.5,-0.331562,0.302414
475,0.189464,-0.378929
475.5,-0.00728709,0.426295
476,-0.171247,-0.397146
476.5,0.306058,0.335206
477,-0.382572,-0.156672
477.5,0.422651,-0.0218613
478,-0.404433,0.145742
478.5,0.331562,-0.28784
479,-0.134811,0.393503
479.5,0,-0.437225
480,0.160316,0.375285
480.5,-0.309701,-0.265979
481,0.404433,0.145742
481.5,-0.419008,-0.0109306
482,0.382572,-0.156672
482.5,-0.273266,0.309701
483,0.145742,-0.386216
483.5,0.0327919,0.426295
484,-0.193108,-0.382572
484.5,0.306058,0.265979
485,-0.397146,-0.131168
485.5,0.408077,-0.00728709
486,-0.364354,0.196751
486.5,0.255048,-0.313345
487,-0.131168,0.408077
487.5,-0.0218613,-0.404433
488,0.178534,0.360711
488.5,-0.342493,-0.265979
489,0.389859,0.102019
489.5,-0.429938,0.0582967
490,0.357067,-0.193108
490.5,-0.244117,0.335206
491,0.087445,-0.404433
491.5,0.0473661,0.404433
492,-0.218613,-0.331562
492.5,0.324275,0.23683
493,-0.386216,-0.116593
493.5,0.393503,-0.0728709
494,-0.357067,0.200395
494.5,0.258692,-0.33885
495,-0.0838015,0.382572
495.5,-0.0619402,-0.415364
496,0.247761,0.324275
496.5,-0.357067,-0.258692
497,0.397146,0.0582967
497.5,-0.382572,0.080158
498,0.34978,-0.218613
498.5,-0.214969,0.33885
499,0.0728709,-0.419008
499.5,0.102019,0.393503
500,-0.229543,-0.316988
500.5,0.324275,0.218613
501,-0.415364,-0.0619402
501.5,0.40079,-0.116593
502,-0.324275,0.23683
502.5,0.207682,-0.357067
503,-0.0582967,0.389859
503.5,-0.0910886,-0.397146
504,0.284196,0.324275
504.5,-0.364354,-0.214969
505,0.408077,0.0364354
505.5,-0.386216,0.134811
506,0.276909,-0.262335
506.5,-0.204038,0.34978
507,0.0291483,-0.404433
507.5,0.0910886,0.364354
508,-0.276909,-0.291483
508.5,0.367998,0.182177
509,-0.393503,-0.0437225
509.5,0.386216,-0.12388
510,-0.316988,0.28784
510.5,0.160316,-0.357067
511,-0.0182177,0.40079
511.5,-0.134811,-0.357067
512,0.276909,0.284196
512.5,-0.360711,-0.163959
513,0.397146,0.00728709
513.5,-0.378929,0.131168
514,0.291483,-0.265979
514.5,-0.160316,0.360711
515,-0.0437225,-0.41172
515.5,0.134811,0.335206
516,-0.273266,-0.28784
516.5,0.360711,0.134811
517,-0.415364,0
517.5,0.34978,-0.149385
518,-0.251404,0.291483
518.5,0.11295,-0.378929
519,0.00364354,0.382572
519.5,-0.142098,-0.342493
520,0.280553,0.258692
520.5,-0.367998,-0.127524
521,0.393503,0.0145742
521.5,-0.375285,0.178534
522,0.23683,-0.302414
522.5,-0.0947321,0.386216
523,-0.0218613,-0.386216
523.5,0.163959,0.316988
524,-0.284196,-0.262335
524.5,0.364354,0.0983757
525,-0.422651,0.0655838
525.5,0.324275,-0.185821
526,-0.265979,0.306058
526.5,0.131168,-0.346137
527,0.0582967,0.382572
527.5,-0.182177,-0.353424
528,0.335206,0.2259
528.5,-0.371641,-0.102019
529,0.378929,-0.040079
529.5,-0.320632,0.204038
530,0.23683,-0.335206
530.5,-0.0983757,0.397146
531,-0.0765144,-0.357067
531.5,0.229543,0.320632
532,-0.302414,-0.193108
532.5,0.364354,0.0983757
533,-0.386216,0.0838015
533.5,0.324275,-0.214969
534,-0.211326,0.306058
534.5,0.0619402,-0.382572
535,0.080158,0.360711
535.5,-0.204038,-0.313345
536,0.331562,0.214969
536.5,-0.367998,-0.0838015
537,0.393503,-0.0838015
537.5,-0.302414,0.2259
538,0.196751,-0.316988
538.5,-0.0619402,0.41172
539,-0.0910886,-0.33885
539.5,0.23683,0.302414
540,-0.353424,-0.189464
540.5,0.367998,0.0437225
541,-0.346137,0.0728709
541.5,0.284196,-0.247761
542,-0.189464,0.327919
542.5,0.0619402,-0.375285
543,0.138455,0.357067
543.5,-0.255048,-0.28784
544,0.33885,0.167603
544.5,-0.382572,-0.0437225
545,0.33885,-0.105663
545.5,-0.280553,0.240474
546,0.163959,-0.360711
546.5,-0.0182177,0.364354
547,-0.116593,-0.364354
547.5,0.265979,0.258692
548,-0.353424,-0.149385
548.5,0.364354,0.0437225
549,-0.357067,0.142098
549.5,0.262335,-0.269622
550,-0.142098,0.335206
550.5,0.0182177,-0.40079
551,0.153029,0.313345
551.5,-0.251404,-0.284196
552,0.357067,0.153029
552.5,-0.367998,-0.0109306
553,0.346137,-0.171247
553.5,-0.262335,0.273266
554,0.12388,-0.346137
554.5,0.0109306,0.360711
555,-0.12388,-0.309701
555.5,0.258692,0.273266
556,-0.335206,-0.11295
556.5,0.364354,-0.0182177
557,-0.357067,0.134811
557.5,0.247761,-0.284196
558,-0.12388,0.353424
558.5,-0.0364354,-0.375285
559,0.12388,0.316988
559.5,-0.302414,-0.2259
560,0.34978,0.0983757
560.5,-0.397146,0
561,0.327919,-0.182177
561.5,-0.218613,0.280553
562,0.0983757,-0.353424
562.5,0.0546532,0.367998
563,-0.182177,-0.302414
563.5,0.273266,0.214969
564,-0.360711,-0.11295
564.5,0.353424,-0.0291483
565,-0.302414,0.185821
565.5,0.214969,-0.291483
566,-0.080158,0.33885
566.5,-0.0728709,-0.346137
567,0.196751,0.313345
567.5,-0.284196,-0.214969
568,0.353424,0.0947321
568.5,-0.382572,0.0619402
569,0.298771,-0.211326
569.5,-0.193108,0.28784
570,0.0765144,-0.346137
570.5,0.080158,0.331562
571,-0.200395,-0.313345
571.5,0.302414,0.207682
572,-0.382572,-0.0765144
572.5,0.327919,-0.0983757
573,-0.273266,0.196751
573.5,0.193108,-0.28784
574,-0.0619402,0.342493
574.5,-0.0838015,-0.357067
575,0.178534,0.276909
575.5,-0.302414,-0.182177
576,0.357067,0.0510096
576.5,-0.34978,0.087445
577,0.280553,-0.200395
577.5,-0.200395,0.335206
578,0.0255048,-0.335206
578.5,0.080158,0.316988
579,-0.244117,-0.291483
579.5,0.309701,0.145742
580,-0.360711,-0.0364354
580.5,0.327919,-0.120237
581,-0.255048,0.207682
581.5,0.17489,-0.313345
582,-0.0182177,0.331562
582.5,-0.0983757,-0.309701
583,0.218613,0.273266
583.5,-0.316988,-0.145742
584,0.353424,0.0291483
584.5,-0.357067,0.116593
585,0.2259,-0.247761
585.5,-0.153029,0.295127
586,-0.00364354,-0.378929
586.5,0.11295,0.313345
587,-0.229543,-0.258692
587.5,0.302414,0.120237
588,-0.367998,-0.0182177
588.5,0.295127,-0.127524
589,-0.265979,0.258692
589.5,0.131168,-0.335206
590,0.0109306,0.367998
590.5,-0.131168,-0.320632
591,0.247761,0.240474
591.5,-0.324275,-0.0983757
592,0.342493,-0.0109306
592.5,-0.309701,0.12388
593,0.251404,-0.262335
593.5,-0.120237,0.33885
594,-0.00728709,-0.331562
594.5,0.163959,0.342493
595,-0.269622,-0.207682
595.5,0.331562,0.109306
596,-0.34978,0.0218613
596.5,0.284196,-0.149385
597,-0.2259,0.262335
597.5,0.105663,-0.313345
598,0.0327919,0.33885
598.5,-0.17489,-0.306058
599,0.284196,0.229543
599.5,-0.335206,-0.087445
600,0.291483,-0.0437225
600.5,-0.284196,0.156672
601,0.211326,-0.273266
601.5,-0.080158,0.335206
602,-0.0437225,-0.33885
602.5,0.178534,0.291483
603,-0.255048,-0.200395
603.5,0.34978,0.0947321
604,-0.298771,0.0692273
604.5,0.309701,-0.185821
605,-0.189464,0.247761
605.5,0.0983757,-0.346137
606,0.0728709,0.335206
606.5,-0.182177,-0.265979
607,0.291483,0.182177
607.5,-0.324275,-0.0838015
608,0.335206,-0.0655838
608.5,-0.291483,0.204038
609,0.167603,-0.313345
609.5,-0.0546532,0.316988
610,-0.080158,-0.320632
610.5,0.171247,0.273266
611,-0.295127,-0.182177
611.5,0.331562,0.0364354
612,-0.342493,0.109306
612.5,0.28784,-0.17489
613,-0.163959,0.302414
613.5,0.0510096,-0.324275
614,0.080158,0.335206
614.5,-0.214969,-0.251404
615,0.324275,0.189464
615.5,-0.34978,-0.0291483
616,0.298771,-0.109306
616.5,-0.262335,0.233187
617,0.17489,-0.28784
617.5,-0.0182177,0.331562
618,-0.105663,-0.306058
618.5,0.229543,0.269622
619,-0.295127,-0.142098
619.5,0.342493,-0.00728709
620,-0.316988,0.102019
620.5,0.247761,-0.2259
621,-0.138455,0.302414
621.5,0.0109306,-0.313345
622,0.0983757,0.313345
622.5,-0.204038,-0.233187
623,0.280553,0.12388
623.5,-0.342493,0
624,0.306058,-0.127524
624.5,-0.2259,0.200395
625,0.149385,-0.313345
625.5,0.00728709,0.342493
626,-0.131168,-0.327919
626.5,0.23683,0.214969
627,-0.291483,-0.131168
627.5,0.327919,-0.0218613
628,-0.28784,0.153029
628.5,0.2259,-0.229543
629,-0.109306,0.298771
629.5,-0.0182177,-0.33885
630,0.116593,0.306058
630.5,-0.229543,-0.207682
631,0.335206,0.0947321
631.5,-0.316988,0.0291483
632,0.302414,-0.167603
632.5,-0.207682,0.207682
633,0.0910886,-0.284196
633.5,0.0327919,0.34978
634,-0.12388,-0.291483
634.5,0.240474,0.218613
635,-0.309701,-0.0947321
635.5,0.357067,-0.0145742
636,-0.273266,0.145742
636.5,0.196751,-0.284196
637,-0.080158,0.291483
637.5,-0.0437225,-0.331562
638,0.160316,0.258692
638.5,-0.255048,-0.167603
639,0.313345,0.0983757
639.5,-0.316988,0.0437225
640,0.265979,-0.153029
640.5,-0.163959,0.251404
641,0.0983757,-0.331562
641.5,0.0510096,0.327919
642,-0.156672,-0.273266
642.5,0.284196,0.153029
643,-0.291483,-0.0838015
643.5,0.316988,-0.0510096
644,-0.276909,0.189464
644.5,0.182177,-0.276909
645,-0.0582967,0.291483
645.5,-0.0510096,-0.324275
646,0.196751,0.269622
646.5,-0.273266,-0.163959
647,0.320632,0.0437225
647.5,-0.313345,0.0983757
648,0.251404,-0.193108
648.5,-0.156672,0.269622
649,0.0655838,-0.306058
649.5,0.0838015,0.284196
650,-0.163959,-0.23683
650.5,0.265979,0.163959
651,-0.346137,-0.0473661
651.5,0.273266,-0.0910886
652,-0.244117,0.196751
652.5,0.178534,-0.276909
653,-0.00728709,0.320632
653.5,-0.080158,-0.306058
654,0.218613,0.218613
654.5,-0.28784,-0.160316
655,0.342493,0.0145742
655.5,-0.306058,0.11295
656,0.218613,-0.189464
656.5,-0.102019,0.28784
657,0.0109306,-0.335206
657.5,0.11295,0.295127
658,-0.200395,-0.233187
658.5,0.291483,0.12388
659,-0.28784,0.0182177
659.5,0.28784,-0.120237
660,-0.229543,0.211326
660.5,0.142098,-0.28784
661,0.0182177,0.313345
661.5,-0.131168,-0.284196
662,0.2259,0.17489
662.5,-0.284196,-0.102019
663,0.28784,0.00728709
663.5,-0.316988,0.0983757
664,0.211326,-0.200395
664.5,-0.0947321,0.306058
665,-0.0182177,-0.291483
665.5,0.134811,0.302414
666,-0.214969,-0.233187
666.5,0.298771,0.0728709
667,-0.313345,0.00728709
667.5,0.276909,-0.127524
668,-0.2259,0.222256
668.5,0.0910886,-0.316988
669,0.0364354,0.28784
669.5,-0.153029,-0.269622
670,0.211326,0.207682
670.5,-0.269622,-0.0838015
671,0.313345,-0.0218613
671.5,-0.280553,0.182177
672,0.189464,-0.273266
672.5,-0.0619402,0.28784
673,-0.0510096,-0.273266
673.5,0.138455,0.262335
674,-0.23683,-0.182177
674.5,0.276909,0.0983757
675,-0.324275,0.040079
675.5,0.262335,-0.153029
676,-0.156672,0.240474
676.5,0.0692273,-0.313345
677,0.040079,0.284196
677.5,-0.178534,-0.244117
678,0.247761,0.189464
678.5,-0.320632,-0.0546532
679,0.280553,-0.0582967
679.5,-0.258692,0.156672
680,0.17489,-0.265979
680.5,-0.0510096,0.295127
681,-0.0838015,-0.295127
681.5,0.145742,0.273266
682,-0.258692,-0.131168
682.5,0.295127,0.0364354
683,-0.309701,0.0619402
683.5,0.244117,-0.178534
684,-0.153029,0.255048
684.5,0.0255048,-0.280553
685,0.0728709,0.298771
685.5,-0.189464,-0.255048
686,0.265979,0.142098
686.5,-0.298771,-0.0145742
687,0.291483,-0.0728709
687.5,-0.218613,0.196751
688,0.12388,-0.244117
688.5,-0.0546532,0.309701
689,-0.102019,-0.273266
689.5,0.211326,0.240474
690,-0.255048,-0.145742
690.5,0.284196,0.0291483
691,-0.302414,0.102019
691.5,0.214969,-0.207682
692,-0.134811,0.273266
692.5,0.0291483,-0.258692
693,0.105663,0.280553
693.5,-0.214969,-0.229543
694,0.262335,0.134811
694.5,-0.298771,0.00364354
695,0.280553,-0.12388
695.5,-0.193108,0.211326
696,0.131168,-0.262335
696.5,0,0.298771
697,-0.109306,-0.265979
697.5,0.214969,0.196751
698,-0.273266,-0.0910886
698.5,0.28784,0.0109306
699,-0.273266,0.0910886
699.5,0.222256,-0.233187
700,-0.0947321,0.28784
700.5,-0.0109306,-0.313345
701,0.105663,0.244117
701.5,-0.189464,-0.196751
702,0.313345,0.102019
702.5,-0.280553,0.0182177
703,0.269622,-0.127524
703.5,-0.200395,0.222256
704,0.116593,-0.269622
704.5,0.0364354,0.284196
705,-0.142098,-0.269622
705.5,0.2259,0.156672
706,-0.298771,-0.0947321
706.5,0.291483,-0.0510096
707,-0.255048,0.109306
707.5,0.17489,-0.211326
708,-0.0619402,0.273266
708.5,-0.0364354,-0.298771
709,0.138455,0.251404
709.5,-0.222256,-0.189464
710,0.291483,0.0655838
710.5,-0.306058,0.0473661
711,0.214969,-0.145742
711.5,-0.167603,0.218613
712,0.0619402,-0.280553
712.5,0.0327919,0.302414
713,-0.134811,-0.251404
713.5,0.244117,0.171247
714,-0.28784,-0.0838015
714.5,0.306058,-0.080158
715,-0.214969,0.156672
715.5,0.156672,-0.269622
716,-0.080158,0.255048
716.5,-0.080158,-0.284196
717,0.156672,0.233187
717.5,-0.251404,-0.17489
718,0.273266,0.00728709
718.5,-0.273266,0.0437225
719,0.229543,-0.17489
719.5,-0.138455,0.2259
720,0.0364354,-0.295127
720.5,0.0510096,0.273266
721,-0.156672,-0.251404
721.5,0.255048,0.11295
722,-0.298771,-0.0582967
722.5,0.295127,-0.0728709
723,-0.229543,0.17489
723.5,0.0983757,-0.273266
724,-0.0437225,0.280553
724.5,-0.0655838,-0.269622
725,0.193108,0.214969
725.5,-0.251404,-0.116593
726,0.269622,0.0291483
726.5,-0.269622,0.102019
727,0.218613,-0.185821
727.5,-0.142098,0.244117
728,0,-0.276909
728.5,0.0983757,0.276909
729,-0.171247,-0.189464
729.5,0.2259,0.0947321
730,-0.313345,-0.0145742
730.5,0.258692,-0.0947321
731,-0.182177,0.17489
731.5,0.116593,-0.269622
732,-0.0255048,0.276909
732.5,-0.0910886,-0.276909
733,0.222256,0.196751
733.5,-0.244117,-0.102019
734,0.269622,0.0109306
734.5,-0.258692,0.102019
735,0.200395,-0.204038
735.5,-0.102019,0.258692
736,-0.00364354,-0.273266
736.5,0.131168,0.273266
737,-0.163959,-0.185821
737.5,0.273266,0.0728709
738,-0.276909,0.0145742
738.5,0.262335,-0.131168
739,-0.200395,0.211326
739.5,0.087445,-0.276909
740,0.0218613,0.258692
740.5,-0.149385,-0.244117
741,0.200395,0.189464
741.5,-0.269622,-0.102019
742,0.291483,-0.0582967
742.5,-0.247761,0.0983757
743,0.182177,-0.229543
743.5,-0.080158,0.280553
744,-0.0255048,-0.247761
744.5,0.138455,0.229543
745,-0.204038,-0.193108
745.5,0.269622,0.0838015
746,-0.291483,0.0619402
746.5,0.23683,-0.145742
747,-0.153029,0.211326
747.5,0.0692273,-0.273266
748,0.0437225,0.273266
748.5,-0.160316,-0.240474
749,0.229543,0.145742
749.5,-0.255048,-0.0692273
750,0.295127,-0.0510096
750.5,-0.207682,0.153029
751,0.149385,-0.2259
751.5,-0.0473661,0.284196
752,-0.0473661,-0.262335
752.5,0.156672,0.218613
753,-0.262335,-0.149385
753.5,0.251404,0.0619402
754,-0.262335,0.0619402
754.5,0.2259,-0.178534
755,-0.134811,0.251404
755.5,0.0473661,-0.265979
756,0.0983757,0.229543
756.5,-0.156672,-0.233187
757,0.17489,0.142098
757.5,-0.280553,-0.0182177
758,0.298771,-0.0655838
758.5,-0.196751,0.185821
759,0.12388,-0.251404
759.5,-0.0218613,0.240474
760,-0.087445,-0.269622
760.5,0.167603,0.211326
761,-0.2259,-0.127524
761.5,0.265979,0.00364354
762,-0.265979,0.0728709
762.5,0.204038,-0.182177
763,-0.11295,0.233187
763.5,0.00728709,-0.258692
764,0.0947321,0.247761
764.5,-0.185821,-0.211326
765,0.233187,0.102019
765.5,-0.262335,0.0182177
766,0.247761,-0.0838015
766.5,-0.207682,0.185821
767,0.0983757,-0.23683
767.5,0.0109306,0.244117
768,-0.087445,-0.258692
768.5,0.167603,0.193108
769,-0.269622,-0.0692273
769.5,0.269622,-0.00364354
770,-0.255048,0.12388
770.5,0.182177,-0.160316
771,-0.105663,0.247761
771.5,0.0109306,-0.276909
772,0.087445,0.218613
772.5,-0.214969,-0.185821
773,0.258692,0.11295
773.5,-0.276909,0.0182177
774,0.222256,-0.116593
774.5,-0.160316,0.200395
775,0.105663,-0.280553
775.5,0,0.276909
776,-0.138455,-0.2259
776.5,0.196751,0.17489
777,-0.265979,-0.087445
777.5,0.258692,-0.0291483
778,-0.247761,0.116593
778.5,0.163959,-0.229543
779,-0.0692273,0.233187
779.5,-0.0364354,-0.269622
780,0.138455,0.229543
780.5,-0.2259,-0.171247
781,0.247761,0.0692273
781.5,-0.244117,0.0145742
782,0.23683,-0.142098
782.5,-0.156672,0.233187
783,0.0910886,-0.269622
783.5,0.0437225,0.240474
784,-0.145742,-0.214969
784.5,0.200395,0.131168
785,-0.247761,-0.0655838
785.5,0.262335,-0.0582967
786,-0.244117,0.127524
786.5,0.12388,-0.2259
787,-0.0510096,0.218613
787.5,-0.0473661,-0.273266
788,0.145742,0.207682
788.5,-0.233187,-0.127524
789,0.258692,0.0510096
789.5,-0.233187,0.0546532
790,0.233187,-0.153029
790.5,-0.131168,0.244117
791,0.0327919,-0.258692
791.5,0.0619402,0.222256
792,-0.149385,-0.207682
792.5,0.229543,0.153029
793,-0.251404,-0.0218613
793.5,0.247761,-0.0765144
794,-0.196751,0.153029
794.5,0.145742,-0.229543
795,-0.0291483,0.269622
795.5,-0.0910886,-0.211326
796,0.138455,0.200395
796.5,-0.251404,-0.120237
797,0.269622,0.0218613
797.5,-0.240474,0.0437225
798,0.193108,-0.189464
798.5,-0.102019,0.222256
799,0.040079,-0.251404
799.5,0.0983757,0.244117
800,-0.196751,-0.214969
800.5,0.211326,0.0910886
801,-0.244117,-0.0145742
801.5,0.258692,-0.105663
802,-0.185821,0.182177
802.5,0.105663,-0.222256
803,0.0109306,0.255048
803.5,-0.0910886,-0.251404
804,0.142098,0.167603
804.5,-0.240474,-0.0728709
805,0.258692,0.0182177
805.5,-0.240474,0.12388
806,0.193108,-0.167603
806.5,-0.087445,0.240474
807,-0.00364354,-0.251404
807.5,0.116593,0.200395
808,-0.204038,-0.189464
808.5,0.251404,0.0983757
809,-0.247761,0.0145742
809.5,0.255048,-0.105663
810,-0.153029,0.17489
810.5,0.087445,-0.247761
811,0.0218613,0.284196
811.5,-0.142098,-0.211326
812,0.211326,0.182177
812.5,-0.262335,-0.0692273
813,0.244117,-0.0473661
813.5,-0.23683,0.120237
814,0.142098,-0.211326
814.5,-0.0582967,0.214969
815,-0.0291483,-0.2259
815.5,0.127524,0.23683
816,-0.185821,-0.171247
816.5,0.258692,0.0546532
817,-0.251404,0.0510096
817.5,0.200395,-0.142098
818,-0.171247,0.185821
818.5,0.0437225,-0.244117
819,0.0437225,0.244117
819.5,-0.120237,-0.218613
820,0.196751,0.127524
820.5,-0.255048,-0.0510096
821,0.211326,-0.0145742
821.5,-0.218613,0.131168
822,0.145742,-0.200395
822.5,-0.080158,0.240474
823,-0.0546532,-0.240474
823.5,0.12388,0.193108
824,-0.214969,-0.163959
824.5,0.273266,0.0291483
825,-0.262335,0.0619402
825.5,0.182177,-0.142098
826,-0.116593,0.2259
826.5,0.0327919,-0.23683
827,0.0655838,0.23683
827.5,-0.145742,-0.204038
828,0.2259,0.138455
828.5,-0.229543,-0.040079
829,0.214969,-0.080158
829.5,-0.211326,0.149385
830,0.12388,-0.214969
830.5,-0.0145742,0.23683
831,-0.0510096,-0.23683
831.5,0.142098,0.193108
832,-0.23683,-0.116593
832.5,0.247761,0.0145742
833,-0.2259,0.080158
833.5,0.196751,-0.149385
834,-0.0910886,0.229543
834.5,0.0218613,-0.255048
835,0.0838015,0.23683
835.5,-0.149385,-0.182177
836,0.2259,0.0910886
836.5,-0.23683,0.00364354
837,0.240474,-0.080158
837.5,-0.167603,0.160316
838,0.120237,-0.204038
838.5,0.0109306,0.262335
839,-0.105663,-0.214969
839.5,0.178534,0.145742
840,-0.222256,-0.11295
840.5,0.262335,0.0109306
841,-0.214969,0.080158
841.5,0.171247,-0.200395
842,-0.0692273,0.251404
842.5,0,-0.255048
843,0.102019,0.211326
843.5,-0.160316,-0.178534
844,0.23683,0.087445
844.5,-0.269622,0.0291483
845,0.2259,-0.0838015
845.5,-0.149385,0.196751
846,0.0546532,-0.240474
846.5,0.0255048,0.251404
847,-0.105663,-0.182177
847.5,0.193108,0.149385
848,-0.204038,-0.0582967
848.5,0.247761,-0.0255048
849,-0.207682,0.0910886
849.5,0.149385,-0.182177
850,-0.080158,0.247761
850.5,-0.0218613,-0.247761
851,0.131168,0.193108
851.5,-0.17489,-0.153029
852,0.240474,0.0692273
852.5,-0.247761,0.0291483
853,0.211326,-0.127524
853.5,-0.163959,0.167603
854,0.0510096,-0.262335
854.5,0.0364354,0.211326
855,-0.134811,-0.207682
855.5,0.196751,0.145742
856,-0.218613,-0.0510096
856.5,0.23683,-0.0364354
857,-0.185821,0.131168
857.5,0.149385,-0.200395
858,-0.0437225,0.265979
858.5,-0.0655838,-0.23683
859,0.134811,0.196751
859.5,-0.196751,-0.120237
860,0.196751,0.0327919
860.5,-0.229543,0.0437225
861,0.193108,-0.138455
861.5,-0.142098,0.200395
862,0.0327919,-0.244117
862.5,0.0546532,0.229543
863,-0.142098,-0.156672
863.5,0.204038,0.0983757
864,-0.255048,-0.0473661
864.5,0.214969,-0.0546532
865,-0.185821,0.131168
865.5,0.116593,-0.214969
866,-0.0619402,0.233187
866.5,-0.0728709,-0.218613
867,0.153029,0.214969
867.5,-0.200395,-0.0910886
868,0.240474,0.0182177
868.5,-0.218613,0.0910886
869,0.17489,-0.142098
869.5,-0.120237,0.204038
870,0.0109306,-0.2259
870.5,0.0692273,0.240474
871,-0.17489,-0.167603
871.5,0.211326,0.0765144
872,-0.233187,0.00364354
872.5,0.207682,-0.0910886
873,-0.17489,0.149385
873.5,0.109306,-0.204038
874,0.0145742,0.2259
874.5,-0.0910886,-0.207682
875,0.149385,0.17489
875.5,-0.196751,-0.080158
876,0.229543,-0.0109306
876.5,-0.229543,0.0473661
877,0.167603,-0.149385
877.5,-0.0838015,0.233187
878,-0.0182177,-0.2259
878.5,0.105663,0.2259
879,-0.153029,-0.149385
879.5,0.244117,0.0619402
880,-0.23683,0.0291483
880.5,0.200395,-0.0765144
881,-0.153029,0.17489
881.5,0.0582967,-0.240474
882,0.00728709,0.218613
882.5,-0.0765144,-0.200395
883,0.185821,0.145742
883.5,-0.247761,-0.0655838
884,0.251404,-0.0291483
884.5,-0.189464,0.12388
885,0.142098,-0.17489
885.5,-0.0692273,0.207682
886,-0.0255048,-0.218613
886.5,0.11295,0.200395
887,-0.167603,-0.153029
887.5,0.251404,0.0619402
888,-0.229543,0.0437225
888.5,0.196751,-0.116593
889,-0.120237,0.178534
889.5,0.0546532,-0.204038
890,0.0473661,0.251404
890.5,-0.116593,-0.167603
891,0.160316,0.171247
891.5,-0.23683,-0.0291483
892,0.233187,-0.040079
892.5,-0.182177,0.116593
893,0.131168,-0.2259
893.5,-0.0619402,0.207682
894,-0.0619402,-0.222256
894.5,0.142098,0.182177
895,-0.178534,-0.0947321
895.5,0.229543,0.0364354
896,-0.193108,0.0510096
896.5,0.185821,-0.12388
897,-0.109306,0.185821
897.5,0.0364354,-0.244117
898,0.0473661,0.218613
898.5,-0.127524,-0.178534
899,0.207682,0.138455
899.5,-0.23683,-0.0327919
900,0.193108,-0.0546532
900.5,-0.17489,0.145742
901,0.0983757,-0.207682
901.5,-0.0182177,0.214969
902,-0.0765144,-0.233187
902.5,0.145742,0.167603
903,-0.200395,-0.105663
903.5,0.211326,0.0109306
904,-0.218613,0.0546532
904.5,0.171247,-0.142098
905,-0.0983757,0.211326
905.5,0.0109306,-0.247761
906,0.0765144,0.193108
906.5,-0.149385,-0.163959
907,0.17489,0.0838015
907.5,-0.233187,-0.0218613
908,0.207682,-0.102019
908.5,-0.171247,0.160316
909,0.0546532,-0.204038
909.5,-0.0109306,0.2259
910,-0.0619402,-0.218613
910.5,0.156672,0.145742
911,-0.196751,-0.0619402
911.5,0.222256,-0.00364354
912,-0.240474,0.0692273
912.5,0.149385,-0.153029
913,-0.0983757,0.185821
913.5,-0.0291483,-0.240474
914,0.0947321,0.182177
914.5,-0.182177,-0.127524
915,0.211326,0.0947321
915.5,-0.2259,0.0145742
916,0.211326,-0.087445
916.5,-0.142098,0.160316
917,0.0437225,-0.214969
917.5,0,0.193108
918,-0.105663,-0.196751
918.5,0.171247,0.127524
919,-0.193108,-0.0765144
919.5,0.229543,0
920,-0.214969,0.102019
920.5,0.142098,-0.178534
921,-0.040079,0.214969
921.5,-0.0218613,-0.196751
922,0.116593,0.17489
922.5,-0.149385,-0.142098
923,0.211326,0.0655838
923.5,-0.214969,0.0510096
924,0.17489,-0.102019
924.5,-0.142098,0.167603
925,0.0546532,-0.229543
925.5,0.0473661,0.214969
926,-0.116593,-0.204038
926.5,0.153029,0.134811
927,-0.23683,-0.0218613
927.5,0.185821,-0.0473661
928,-0.178534,0.116593
928.5,0.116593,-0.153029
929,-0.0619402,0.222256
929.5,-0.0546532,-0.218613
930,0.116593,0.163959
930.5,-0.211326,-0.131168
931,0.196751,0.0546532
931.5,-0.207682,0.0692273
932,0.185821,-0.12388
932.5,-0.11295,0.160316
933,0.0364354,-0.233187
933.5,0.0765144,0.244117
934,-0.11295,-0.167603
934.5,0.207682,0.12388
935,-0.193108,-0.0255048
935.5,0.204038,-0.0692273
936,-0.204038,0.149385
936.5,0.0983757,-0.182177
937,-0.0109306,0.211326
937.5,-0.0619402,-0.229543
938,0.127524,0.156672
938.5,-0.193108,-0.0947321
939,0.193108,0.0291483
939.5,-0.218613,0.0619402
940,0.17489,-0.171247
940.5,-0.0947321,0.200395
941,0.0145742,-0.196751
941.5,0.0692273,0.211326
942,-0.138455,-0.156672
942.5,0.214969,0.109306
943,-0.240474,-0.00728709
943.5,0.185821,-0.102019
944,-0.17489,0.156672
944.5,0.0692273,-0.182177
945,-0.0109306,0.185821
945.5,-0.0692273,-0.200395
946,0.145742,0.145742
946.5,-0.193108,-0.0692273
947,0.23683,0.0182177
947.5,-0.185821,0.0947321
948,0.138455,-0.145742
948.5,-0.080158,0.200395
949,-0.0109306,-0.200395
949.5,0.105663,0.182177
950,-0.138455,-0.163959
950.5,0.193108,0.0692273
951,-0.200395,0.00364354
951.5,0.185821,-0.0838015
952,-0.145742,0.163959
952.5,0.087445,-0.200395
953,0.0145742,0.211326
953.5,-0.087445,-0.189464
954,0.163959,0.156672
954.5,-0.211326,-0.0655838
955,0.211326,-0.0364354
955.5,-0.182177,0.080158
956,0.105663,-0.182177
956.5,-0.0728709,0.204038
957,-0.0145742,-0.222256
957.5,0.11295,0.200395
958,-0.167603,-0.105663
958.5,0.189464,0.0291483
959,-0.207682,0.0364354
959.5,0.17489,-0.087445
960,-0.116593,0.163959
960.5,0.0437225,-0.204038
961,0.0182177,0.200395
961.5,-0.120237,-0.182177
962,0.171247,0.109306
962.5,-0.193108,-0.0473661
963,0.23683,-0.0218613
963.5,-0.167603,0.131168
964,0.12388,-0.189464
964.5,-0.0291483,0.200395
965,-0.0291483,-0.207682
965.5,0.109306,0.163959
966,-0.185821,-0.0910886
966.5,0.200395,0.0473661
967,-0.196751,0.0327919
967.5,0.17489,-0.116593
968,-0.0947321,0.189464
968.5,0.0145742,-0.222256
969,0.0182177,0.182177
969.5,-0.109306,-0.167603
970,0.17489,0.116593
970.5,-0.211326,-0.0364354
971,0.189464,-0.0655838
971.5,-0.167603,0.12388
972,0.0947321,-0.178534
972.5,-0.0510096,0.204038
973,-0.0692273,-0.189464
973.5,0.145742,0.138455
974,-0.17489,-0.0910886
974.5,0.207682,0.0327919
975,-0.182177,0.0582967
975.5,0.142098,-0.156672
976,-0.116593,0.171247
976.5,0.00364354,-0.204038
977,0.080158,0.196751
977.5,-0.134811,-0.149385
978,0.193108,0.120237
978.5,-0.193108,0.0182177
979,0.193108,-0.0728709
979.5,-0.153029,0.127524
980,0.102019,-0.193108
980.5,0.0255048,0.17489
981,-0.0655838,-0.185821
981.5,0.145742,0.171247
982,-0.178534,-0.0655838
982.5,0.2259,-0.00364354
983,-0.182177,0.0765144
983.5,0.116593,-0.127524
984,-0.0947321,0.193108
984.5,0.0109306,-0.214969
985,0.102019,0.193108
985.5,-0.153029,-0.145742
986,0.153029,0.0765144
986.5,-0.204038,0.0182177
987,0.182177,-0.0947321
987.5,-0.149385,0.160316
988,0.0510096,-0.17489
988.5,0.0255048,0.214969
989,-0.080158,-0.163959
989.5,0.160316,0.131168
990,-0.207682,-0.0582967
990.5,0.200395,-0.0510096
991,-0.163959,0.0983757
991.5,0.105663,-0.134811
992,-0.0473661,0.207682
992.5,-0.0218613,-0.185821
993,0.0692273,0.196751
993.5,-0.138455,-0.0910886
994,0.189464,0.0327919
994.5,-0.207682,0.0327919
995,0.200395,-0.109306
995.5,-0.105663,0.138455
996,0.0582967,-0.200395
996.5,0.0582967,0.171247
997,-0.0983757,-0.193108
997.5,0.160316,0.131168
998,-0.189464,-0.0546532
998.5,0.193108,-0.0619402
999,-0.182177,0.0983757
999.5,0.102019,-0.17489
1000,-0.0218613,0.196751
1000.5,-0.0655838,-0.185821
1001,0.109306,0.156672
1001.5,-0.17489,-0.109306
1002,0.196751,0.0546532
1002.5,-0.178534,0.0364354
1003,0.160316,-0.116593
1003.5,-0.102019,0.193108
1004,0.00728709,-0.167603
1004.5,0.0327919,0.193108
1005,-0.102019,-0.153029
1005.5,0.182177,0.116593
1006,-0.182177,-0.0255048
1006.5,0.185821,-0.0582967
1007,-0.178534,0.105663
1007.5,0.12388,-0.17489
1008,-0.0182177,0.178534
1008.5,-0.0692273,-0.17489
1009,0.0983757,0.156672
1009.5,-0.196751,-0.105663
1010,0.196751,0.0327919
1010.5,-0.189464,0.087445
1011,0.167603,-0.149385
1011.5,-0.0947321,0.156672
1012,0.0109306,-0.145742
1012.5,0.0692273,0.193108
1013,-0.127524,-0.149385
1013.5,0.167603,0.080158
1014,-0.204038,-0.0109306
1014.5,0.185821,-0.0692273
1015,-0.134811,0.142098
1015.5,0.0765144,-0.189464
1016,-0.0182177,0.171247
1016.5,-0.0619402,-0.196751
1017,0.134811,0.131168
1017.5,-0.17489,-0.0728709
1018,0.196751,-0.00728709
1018.5,-0.178534,0.0728709
1019,0.149385,-0.138455
1019.5,-0.0619402,0.185821
1020,-0.0109306,-0.204038
1020.5,0.0947321,0.196751
1021,-0.149385,-0.127524
1021.5,0.156672,0.0765144
1022,-0.171247,0.0182177
1022.5,0.160316,-0.0947321
1023,-0.134811,0.142098
1023.5,0.0510096,-0.196751
1024,-0.0182177,0.182177
1024.5,-0.0947321,-0.167603
1025,0.149385,0.127524
1025.5,-0.167603,-0.0582967
1026,0.189464,0.00364354
1026.5,-0.160316,0.0947321
1027,0.134811,-0.131168
1027.5,-0.0765144,0.167603
1028,-0.0364354,-0.189464
1028.5,0.105663,0.160316
1029,-0.160316,-0.142098
1029.5,0.182177,0.0437225
1030,-0.200395,0.0291483
1030.5,0.160316,-0.0765144
1031,-0.109306,0.160316
1031.5,0.0510096,-0.196751
1032,0.0109306,0.160316
1032.5,-0.0765144,-0.163959
1033,0.178534,0.0983757
1033.5,-0.189464,-0.0473661
1034,0.196751,-0.0327919
1034.5,-0.138455,0.0910886
1035,0.109306,-0.153029
1035.5,-0.0327919,0.196751
1036,-0.0619402,-0.182177
1036.5,0.102019,0.163959
1037,-0.163959,-0.105663
1037.5,0.204038,0.0255048
1038,-0.160316,0.0145742
1038.5,0.134811,-0.0947321
1039,-0.087445,0.167603
1039.5,0.0510096,-0.200395
1040,0.0692273,0.17489
1040.5,-0.131168,-0.149385
1041,0.171247,0.109306
1041.5,-0.200395,0.0109306
1042,0.160316,-0.0473661
1042.5,-0.131168,0.12388
1043,0.087445,-0.163959
1043.5,-0.0218613,0.160316
1044,-0.0473661,-0.182177
1044.5,0.127524,0.145742
1045,-0.156672,-0.080158
1045.5,0.178534,0.0218613
1046,-0.171247,0.0619402
1046.5,0.149385,-0.11295
1047,-0.0765144,0.163959
1047.5,0.0109306,-0.185821
1048,0.0364354,0.17489
1048.5,-0.116593,-0.149385
1049,0.185821,0.0692273
1049.5,-0.182177,-0.00364354
1050,0.196751,-0.0765144
1050.5,-0.11295,0.11295
1051,0.0692273,-0.185821
1051.5,-0.0109306,0.204038
1052,-0.0728709,-0.17489
1052.5,0.127524,0.12388
1053,-0.196751,-0.0765144
1053.5,0.185821,0.0255048
1054,-0.171247,0.0838015
1054.5,0.127524,-0.153029
1055,-0.0655838,0.182177
1055.5,-0.00728709,-0.178534
1056,0.087445,0.138455
1056.5,-0.131168,-0.134811
1057,0.160316,0.0437225
1057.5,-0.189464,0.0182177
1058,0.153029,-0.0473661
1058.5,-0.120237,0.160316
1059,0.0765144,-0.171247
1059.5,0.00364354,0.178534
1060,-0.087445,-0.185821
1060.5,0.142098,0.105663
1061,-0.185821,-0.0619402
1061.5,0.17489,0
1062,-0.182177,0.0838015
1062.5,0.109306,-0.160316
1063,-0.0327919,0.178534
1063.5,-0.0473661,-0.171247
1064,0.102019,0.153029
1064.5,-0.163959,-0.105663
1065,0.149385,0.0546532
1065.5,-0.171247,0.0218613
1066,0.156672,-0.102019
1066.5,-0.127524,0.127524
1067,0.0546532,-0.200395
1067.5,0.0291483,0.182177
1068,-0.105663,-0.142098
1068.5,0.145742,0.080158
1069,-0.200395,-0.0655838
1069.5,0.167603,-0.040079
1070,-0.149385,0.0983757
1070.5,0.102019,-0.160316
1071,-0.040079,0.156672
1071.5,-0.0145742,-0.171247
1072,0.127524,0.127524
1072.5,-0.145742,-0.12388
1073,0.167603,0.0255048
1073.5,-0.196751,0.0546532
1074,0.131168,-0.0947321
1074.5,-0.0947321,0.142098
1075,0.0255048,-0.214969
1075.5,0.0619402,0.171247
1076,-0.105663,-0.116593
1076.5,0.134811,0.087445
1077,-0.185821,-0.0364354
1077.5,0.182177,-0.0437225
1078,-0.160316,0.116593
1078.5,0.080158,-0.149385
1079,-0.0255048,0.17489
1079.5,-0.0291483,-0.178534
1080,0.145742,0.156672
1080.5,-0.160316,-0.0838015
1081,0.178534,0.0218613
1081.5,-0.171247,0.0255048
1082,0.142098,-0.109306
1082.5,-0.0983757,0.189464
1083,0.0145742,-0.167603
1083.5,0.040079,0.160316
1084,-0.138455,-0.145742
1084.5,0.17489,0.0546532
1085,-0.182177,-0.0218613
1085.5,0.149385,-0.0582967
1086,-0.134811,0.105663
1086.5,0.0655838,-0.167603
1087,-0.0145742,0.163959
1087.5,-0.087445,-0.142098
1088,0.120237,0.149385
1088.5,-0.160316,-0.0765144
1089,0.167603,0.00364354
1089.5,-0.171247,0.0910886
1090,0.102019,-0.109306
1090.5,-0.0728709,0.196751
1091,0.00364354,-0.163959
1091.5,0.0765144,0.138455
1092,-0.142098,-0.134811
1092.5,0.145742,0.0546532
1093,-0.182177,0
1093.5,0.142098,-0.080158
1094,-0.153029,0.120237
1094.5,0.0692273,-0.153029
1095,0.0291483,0.182177
1095.5,-0.0947321,-0.171247
1096,0.156672,0.0910886
1096.5,-0.145742,-0.0655838
1097,0.189464,-0.0145742
1097.5,-0.145742,0.0692273
1098,0.116593,-0.142098
1098.5,-0.0327919,0.163959
1099,0.0109306,-0.200395
1099.5,0.116593,0.145742
1100,-0.171247,-0.116593
1100.5,0.171247,0.0582967
1101,-0.142098,0.0364354
1101.5,0.163959,-0.087445
1102,-0.105663,0.120237
1102.5,0.0327919,-0.182177
1103,0.040079,0.189464
1103.5,-0.105663,-0.120237
1104,0.109306,0.0947321
1104.5,-0.156672,-0.0182177
1105,0.163959,-0.0218613
1105.5,-0.153029,0.0765144
1106,0.109306,-0.138455
1106.5,-0.0327919,0.167603
1107,-0.0182177,-0.167603
1107.5,0.0728709,0.149385
1108,-0.134811,-0.116593
1108.5,0.17489,0.0182177
1109,-0.149385,0.0218613
1109.5,0.145742,-0.087445
1110,-0.0947321,0.171247
1110.5,0.0510096,-0.17489
1111,0.0473661,0.171247
1111.5,-0.116593,-0.12388
1112,0.131168,0.0947321
1112.5,-0.163959,-0.0182177
1113,0.156672,-0.0255048
1113.5,-0.149385,0.0983757
1114,0.109306,-0.160316
1114.5,-0.0109306,0.171247
1115,-0.0510096,-0.160316
1115.5,0.102019,0.12388
1116,-0.142098,-0.0910886
1116.5,0.171247,-0.00728709
1117,-0.167603,0.0255048
1117.5,0.131168,-0.116593
1118,-0.0692273,0.163959
1118.5,0.0255048,-0.145742
1119,0.0364354,0.160316
1119.5,-0.116593,-0.12388
1120,0.178534,0.087445
1120.5,-0.160316,-0.0255048
1121,0.153029,-0.040079
1121.5,-0.131168,0.11295
1122,0.0582967,-0.163959
1122.5,-0.0182177,0.167603
1123,-0.0910886,-0.153029
1123.5,0.105663,0.11295
1124,-0.171247,-0.0947321
1124.5,0.167603,-0.00728709
1125,-0.149385,0.0546532
1125.5,0.116593,-0.145742
1126,-0.0437225,0.127524
1126.5,-0.00728709,-0.193108
1127,0.0655838,0.145742
1127.5,-0.109306,-0.138455
1128,0.153029,0.0692273
1128.5,-0.171247,0.0145742
1129,0.153029,-0.0546532
1129.5,-0.134811,0.116593
1130,0.0510096,-0.156672
1130.5,0.00364354,0.167603
1131,-0.0838015,-0.185821
1131.5,0.127524,0.109306
1132,-0.171247,-0.0364354
1132.5,0.178534,-0.0291483
1133,-0.138455,0.0655838
1133.5,0.102019,-0.138455
1134,-0.0327919,0.149385
1134.5,-0.0255048,-0.163959
1135,0.0582967,0.145742
1135.5,-0.138455,-0.0983757
1136,0.156672,0.0510096
1136.5,-0.167603,0.0291483
1137,0.131168,-0.0910886
1137.5,-0.120237,0.131168
1138,0.0255048,-0.156672
1138.5,0.0182177,0.142098
1139,-0.0728709,-0.116593
1139.5,0.138455,0.102019
1140,-0.171247,-0.0582967
1140.5,0.138455,-0.0364354
1141,-0.134811,0.0619402
1141.5,0.087445,-0.138455
1142,-0.0510096,0.17489
1142.5,-0.0364354,-0.153029
1143,0.0947321,0.11295
1143.5,-0.153029,-0.11295
1144,0.17489,0.0473661
1144.5,-0.153029,0.0619402
1145,0.153029,-0.109306
1145.5,-0.0582967,0.134811
1146,0.040079,-0.149385
1146.5,0.0437225,0.149385
1147,-0.0983757,-0.120237
1147.5,0.138455,0.0728709
1148,-0.167603,-0.0255048
1148.5,0.160316,-0.0218613
1149,-0.167603,0.0838015
1149.5,0.0728709,-0.163959
1150,-0.00364354,0.17489
1150.5,-0.0510096,-0.142098
1151,0.0838015,0.131168
1151.5,-0.116593,-0.0692273
1152,0.163959,0.0145742
1152.5,-0.178534,0.0291483
1153,0.138455,-0.0983757
1153.5,-0.0765144,0.145742
1154,0.00364354,-0.160316
1154.5,0.0510096,0.156672
1155,-0.087445,-0.149385
1155.5,0.142098,0.087445
1156,-0.163959,-0.00728709
1156.5,0.171247,-0.0692273
1157,-0.109306,0.120237
1157.5,0.0546532,-0.131168
1158,-0.0218613,0.167603
1158.5,-0.0255048,-0.149385
1159,0.153029,0.11295
1159.5,-0.153029,-0.0473661
1160,0.167603,0.0109306
1160.5,-0.138455,0.0473661
1161,0.109306,-0.12388
1161.5,-0.0546532,0.134811
1162,0.0145742,-0.167603
1162.5,0.0838015,0.156672
1163,-0.11295,-0.116593
1163.5,0.167603,0.0728709
1164,-0.149385,0.0327919
1164.5,0.120237,-0.0692273
1165,-0.105663,0.0910886
1165.5,0.0582967,-0.131168
1166,0.00728709,0.182177
1166.5,-0.087445,-0.134811
1167,0.0947321,0.11295
1167.5,-0.134811,-0.0510096
1168,0.200395,-0.0364354
1168.5,-0.142098,0.0546532
1169,0.102019,-0.109306
1169.5,-0.0364354,0.149385
1170,-0.0364354,-0.163959
1170.5,0.0619402,0.138455
1171,-0.109306,-0.105663
1171.5,0.145742,0.0510096
1172,-0.156672,0.0182177
1172.5,0.142098,-0.0655838
1173,-0.0910886,0.12388
1173.5,0.0510096,-0.153029
1174,0.0327919,0.160316
1174.5,-0.0983757,-0.145742
1175,0.12388,0.087445
1175.5,-0.138455,-0.0327919
1176,0.127524,-0.0327919
1176.5,-0.127524,0.0983757
1177,0.102019,-0.120237
1177.5,-0.0473661,0.145742
1178,-0.0255048,-0.167603
1178.5,0.11295,0.142098
1179,-0.149385,-0.087445
1179.5,0.142098,-0.00728709
1180,-0.12388,0.0218613
1180.5,0.138455,-0.11295
1181,-0.0655838,0.134811
1181.5,0.0473661,-0.134811
1182,0.0218613,0.153029
1182.5,-0.11295,-0.12388
1183,0.127524,0.0947321
1183.5,-0.171247,-0.0327919
1184,0.156672,-0.0510096
1184.5,-0.131168,0.0947321
1185,0.0692273,-0.145742
1185.5,-0.0109306,0.171247
1186,-0.0218613,-0.131168
1186.5,0.0947321,0.11295
1187,-0.138455,-0.0728709
1187.5,0.153029,0.0473661
1188,-0.163959,0.0473661
1188.5,0.11295,-0.105663
1189,-0.0546532,0.142098
1189.5,0.0218613,-0.138455
1190,0.0327919,0.171247
1190.5,-0.0983757,-0.149385
1191,0.138455,0.0765144
1191.5,-0.163959,0.0218613
1192,0.153029,-0.040079
1192.5,-0.105663,0.087445
1193,0.105663,-0.153029
1193.5,-0.00364354,0.149385
1194,-0.0692273,-0.160316
1194.5,0.109306,0.0983757
1195,-0.149385,-0.0838015
1195.5,0.149385,-0.0109306
1196,-0.145742,0.0728709
1196.5,0.105663,-0.102019
1197,-0.0765144,0.127524
1197.5,-0.0255048,-0.163959
1198,0.0291483,0.153029
1198.5,-0.11295,-0.0983757
1199,0.156672,0.0473661
1199.5,-0.167603,-0.0109306
1200,0.127524,-0.0692273
1200.5,-0.0765144,0.0947321
1201,0.0838015,-0.156672
1201.5,0,0.171247
1202,-0.0546532,-0.127524
1202.5,0.127524,0.102019
1203,-0.145742,-0.0437225
1203.5,0.178534,0.00364354
1204,-0.138455,0.0692273
1204.5,0.0838015,-0.153029
1205,-0.0145742,0.127524
1205.5,0.00364354,-0.149385
1206,0.0765144,0.131168
1206.5,-0.0983757,-0.0947321
1207,0.163959,0.0655838
1207.5,-0.163959,0.0145742
1208,0.131168,-0.087445
1208.5,-0.0765144,0.11295
1209,0.040079,-0.163959
1209.5,0.0255048,0.163959
1210,-0.0692273,-0.134811
1210.5,0.12388,0.109306
1211,-0.142098,-0.00364354
1211.5,0.116593,-0.0218613
1212,-0.11295,0.087445
1212.5,0.116593,-0.149385
1213,-0.040079,0.134811
1213.5,-0.0437225,-0.171247
1214,0.0728709,0.109306
1214.5,-0.134811,-0.0728709
1215,0.145742,0.0255048
1215.5,-0.138455,0.0218613
1216,0.149385,-0.0838015
1216.5,-0.0728709,0.134811
1217,0.0327919,-0.160316
1217.5,0.040079,0.138455
1218,-0.0692273,-0.127524
1218.5,0.153029,0.0910886
1219,-0.149385,0
1219.5,0.149385,-0.040079
1220,-0.105663,0.080158
1220.5,0.0983757,-0.142098
1221,-0.0327919,0.160316
1221.5,-0.0255048,-0.142098
1222,0.116593,0.142098
1222.5,-0.153029,-0.0582967
1223,0.116593,0.0182177
1223.5,-0.149385,0.0655838
1224,0.109306,-0.102019
1224.5,-0.0582967,0.134811
1225,0.0327919,-0.127524
1225.5,0.040079,0.127524
1226,-0.105663,-0.116593
1226.5,0.134811,0.0728709
1227,-0.153029,0
1227.5,0.138455,-0.040079
1228,-0.116593,0.0910886
1228.5,0.0655838,-0.120237
1229,-0.00364354,0.153029
1229.5,-0.0255048,-0.127524
1230,0.120237,0.105663
1230.5,-0.163959,-0.0510096
1231,0.145742,0.00364354
1231.5,-0.145742,0.0510096
1232,0.0947321,-0.105663
1232.5,-0.0364354,0.116593
1233,-0.0109306,-0.145742
1233.5,0.0364354,0.142098
1234,-0.105663,-0.127524
1234.5,0.131168,0.040079
1235,-0.153029,0.0218613
1235.5,0.153029,-0.0692273
1236,-0.0910886,0.087445
1236.5,0.0437225,-0.138455
1237,-0.0109306,0.138455
1237.5,-0.0728709,-0.12388
1238,0.11295,0.109306
1238.5,-0.145742,-0.0510096
1239,0.145742,0.0109306
1239.5,-0.134811,0.0364354
1240,0.0765144,-0.138455
1240.5,-0.0692273,0.134811
1241,-0.0109306,-0.149385
1241.5,0.0728709,0.120237
1242,-0.109306,-0.0655838
1242.5,0.156672,0.040079
1243,-0.145742,0.0182177
1243.5,0.127524,-0.0582967
1244,-0.080158,0.116593
1244.5,0.040079,-0.120237
1245,0.0145742,0.156672
1245.5,-0.0947321,-0.153029
1246,0.0983757,0.0655838
1246.5,-0.120237,-0.0327919
1247,0.145742,-0.0255048
1247.5,-0.127524,0.080158
1248,0.0765144,-0.0983757
1248.5,-0.0510096,0.12388
1249,-0.00728709,-0.156672
1249.5,0.0910886,0.145742
1250,-0.145742,-0.0692273
1250.5,0.131168,0.040079
1251,-0.145742,0.0182177
1251.5,0.105663,-0.116593
1252,-0.0692273,0.131168
1252.5,0.0473661,-0.153029
1253,0.0291483,0.11295
1253.5,-0.0983757,-0.11295
1254,0.0983757,0.080158
1254.5,-0.127524,-0.0255048
1255,0.149385,-0.0364354
1255.5,-0.0983757,0.0765144
1256,0.0838015,-0.116593
1256.5,-0.0182177,0.167603
1257,-0.0255048,-0.120237
1257.5,0.0947321,0.11295
1258,-0.127524,-0.0582967
1258.5,0.17489,0.0109306
1259,-0.0983757,0.040079
1259.5,0.116593,-0.080158
1260,-0.0765144,0.142098
1260.5,-0.00364354,-0.149385
1261,0.040079,0.134811
1261.5,-0.0947321,-0.0983757
1262,0.127524,0.0838015
1262.5,-0.167603,-0.0182177
1263,0.116593,-0.0473661
1263.5,-0.11295,0.087445
1264,0.0619402,-0.131168
1264.5,-0.0109306,0.156672
1265,-0.040079,-0.105663
1265.5,0.12388,0.0910886
1266,-0.131168,-0.0692273
1266.5,0.116593,0.00728709
1267,-0.102019,0.0582967
1267.5,0.120237,-0.105663
1268,-0.0582967,0.120237
1268.5,0.00728709,-0.134811
1269,0.0655838,0.109306
1269.5,-0.109306,-0.0910886
1270,0.109306,0.0582967
1270.5,-0.149385,0
1271,0.138455,-0.040079
1271.5,-0.0910886,0.080158
1272,0.0510096,-0.131168
1272.5,-0.00364354,0.171247
1273,-0.0510096,-0.12388
1273.5,0.11295,0.087445
1274,-0.105663,-0.0510096
1274.5,0.145742,-0.00364354
1275,-0.127524,0.080158
1275.5,0.0983757,-0.0838015
1276,-0.0510096,0.12388
1276.5,-0.0109306,-0.163959
1277,0.0619402,0.116593
1277.5,-0.109306,-0.0838015
1278,0.138455,0.0364354
1278.5,-0.12388,0.00364354
1279,0.109306,-0.0655838
1279.5,-0.0910886,0.0983757
1280,0.0765144,-0.127524
1280.5,0.0364354,0.145742
1281,-0.0655838,-0.127524
1281.5,0.12388,0.0728709
1282,-0.134811,-0.0364354
1282.5,0.109306,0.00728709
1283,-0.131168,0.0765144
1283.5,0.0728709,-0.120237
1284,-0.0327919,0.145742
1284.5,-0.0218613,-0.138455
1285,0.0947321,0.116593
1285.5,-0.11295,-0.0728709
1286,0.142098,0.040079
1286.5,-0.116593,0.0364354
1287,0.134811,-0.080158
1287.5,-0.0546532,0.116593
1288,0.0255048,-0.138455
1288.5,0.0182177,0.149385
1289,-0.0728709,-0.109306
1289.5,0.0983757,0.0619402
1290,-0.17489,-0.0218613
1290.5,0.134811,-0.0437225
1291,-0.105663,0.105663
1291.5,0.0692273,-0.120237
1292,-0.0182177,0.109306
1292.5,-0.0510096,-0.131168
1293,0.0838015,0.116593
1293.5,-0.116593,-0.0728709
1294,0.142098,0.0145742
1294.5,-0.120237,0.0327919
1295,0.0947321,-0.087445
1295.5,-0.0510096,0.12388
1296,0.0218613,-0.12388
1296.5,0.0473661,0.12388
1297,-0.0765144,-0.0983757
1297.5,0.0983757,0.0728709
1298,-0.156672,-0.0145742
1298.5,0.131168,-0.0582967
1299,-0.080158,0.0947321
1299.5,0.0655838,-0.131168
1300,0.00728709,0.12388
1300.5,-0.0510096,-0.142098
1301,0.0947321,0.0910886
1301.5,-0.109306,-0.0437225
1302,0.145742,0.0218613
1302.5,-0.127524,0.0692273
1303,0.0983757,-0.0910886
1303.5,-0.0619402,0.131168
1304,-0.00728709,-0.12388
1304.5,0.0619402,0.120237
1305,-0.0838015,-0.120237
1305.5,0.120237,0.0364354
1306,-0.160316,0.0510096
1306.5,0.105663,-0.0327919
1307,-0.0728709,0.0838015
1307.5,0.087445,-0.145742
1308,0.0109306,0.120237
1308.5,-0.0655838,-0.109306
1309,0.0655838,0.120237
1309.5,-0.163959,-0.040079
1310,0.12388,-0.00728709
1310.5,-0.142098,0.0582967
1311,0.0582967,-0.134811
1311.5,-0.0473661,0.11295
1312,0.0109306,-0.105663
1312.5,0.0291483,0.120237
1313,-0.127524,-0.105663
1313.5,0.134811,0.0327919
1314,-0.153029,0
1314.5,0.0910886,-0.0546532
1315,-0.0947321,0.0765144
1315.5,0.0582967,-0.109306
1316,0.0364354,0.134811
1316.5,-0.102019,-0.127524
1317,0.0910886,0.0619402
1317.5,-0.145742,-0.0327919
1318,0.11295,0.00364354
1318.5,-0.0728709,0.0655838
1319,0.0910886,-0.102019
1319.5,-0.0473661,0.163959
1320,-0.0255048,-0.11295
1320.5,0.102019,0.116593
1321,-0.127524,-0.0838015
1321.5,0.102019,0.0327919
1322,-0.153029,0.0218613
1322.5,0.0910886,-0.080158
1323,-0.0619402,0.12388
1323.5,0.0182177,-0.11295
1324,0.0255048,0.131168
1324.5,-0.0437225,-0.120237
1325,0.131168,0.0510096
1325.5,-0.156672,-0.0145742
1326,0.153029,-0.0145742
1326.5,-0.105663,0.0947321
1327,0.0728709,-0.160316
1327.5,0.00728709,0.116593
1328,-0.0109306,-0.11295
1328.5,0.0765144,0.0910886
1329,-0.131168,-0.0728709
1329.5,0.156672,0.0182177
1330,-0.102019,0.0546532
1330.5,0.0728709,-0.0910886
1331,-0.0728709,0.109306
1331.5,0.0255048,-0.12388
1332,0.0437225,0.11295
1332.5,-0.0655838,-0.11295
1333,0.131168,0.0655838
1333.5,-0.116593,0.0145742
1334,0.11295,-0.0510096
1334.5,-0.0910886,0.087445
1335,0.0619402,-0.0983757
1335.5,-0.0327919,0.116593
1336,-0.040079,-0.12388
1336.5,0.0947321,0.087445
1337,-0.11295,-0.0910886
1337.5,0.145742,-0.00364354
1338,-0.11295,0.0546532
1338.5,0.087445,-0.0838015
1339,-0.0437225,0.11295
1339.5,0.0182177,-0.12388
1340,0.0655838,0.11295
1340.5,-0.087445,-0.0983757
1341,0.11295,0.0510096
1341.5,-0.11295,0.0218613
1342,0.109306,-0.0546532
1342.5,-0.0983757,0.102019
1343,0.0437225,-0.0983757
1343.5,0.0109306,0.131168
1344,-0.0765144,-0.0983757
1344.5,0.105663,0.0838015
1345,-0.0983757,-0.0364354
1345.5,0.120237,-0.0109306
1346,-0.12388,0.0546532
1346.5,0.0983757,-0.0983757
1347,-0.0546532,0.102019
1347.5,-0.0182177,-0.138455
1348,0.0838015,0.102019
1348.5,-0.11295,-0.0983757
1349,0.142098,0.040079
1349.5,-0.116593,0.00728709
1350,0.116593,-0.0728709
1350.5,-0.087445,0.116593
1351,0.0182177,-0.105663
1351.5,0.0145742,0.127524
1352,-0.0728709,-0.0947321
1352.5,0.0947321,0.087445
1353,-0.142098,-0.0327919
1353.5,0.12388,0.00728709
1354,-0.109306,0.0765144
1354.5,0.0838015,-0.0983757
1355,-0.0218613,0.0728709
1355.5,0.0145742,-0.138455
1356,0.0765144,0.134811
1356.5,-0.11295,-0.0655838
1357,0.127524,0.0364354
1357.5,-0.142098,0.0182177
1358,0.0947321,-0.0655838
1358.5,-0.0728709,0.105663
1359,0.0109306,-0.163959
1359.5,0.0291483,0.134811
1360,-0.0838015,-0.105663
1360.5,0.102019,0.0291483
1361,-0.134811,-0.0182177
1361.5,0.12388,-0.0109306
1362,-0.116593,0.0728709
1362.5,0.0655838,-0.11295
1363,-0.00728709,0.131168
1363.5,-0.0109306,-0.11295
1364,0.087445,0.0983757
1364.5,-0.102019,-0.0546532
1365,0.145742,0.0182177
1365.5,-0.102019,0.0182177
1366,0.0910886,-0.0910886
1366.5,-0.080158,0.12388
1367,0,-0.116593
1367.5,0.0291483,0.0983757
1368,-0.0765144,-0.0983757
1368.5,0.102019,0.0364354
1369,-0.142098,-0.0109306
1369.5,0.12388,-0.0182177
1370,-0.105663,0.0765144
1370.5,0.0327919,-0.138455
1371,-0.00728709,0.120237
1371.5,-0.00728709,-0.131168
1372,0.109306,0.0728709
1372.5,-0.0983757,-0.0838015
1373,0.120237,0.00364354
1373.5,-0.105663,0.0546532
1374,0.0983757,-0.0765144
1374.5,-0.0619402,0.0983757
1375,-0.0182177,-0.134811
1375.5,0.0437225,0.116593
1376,-0.0655838,-0.0692273
1376.5,0.11295,0.0728709
1377,-0.145742,-0.00364354
1377.5,0.12388,-0.040079
1378,-0.0983757,0.087445
1378.5,0.0364354,-0.120237
1379,0.0109306,0.134811
1379.5,-0.040079,-0.105663
1380,0.109306,0.0728709
1380.5,-0.109306,-0.0473661
1381,0.12388,0
1381.5,-0.131168,0.0546532
1382,0.080158,-0.0947321
1382.5,-0.0437225,0.0910886
1383,-0.0145742,-0.142098
1383.5,0.0619402,0.127524
1384,-0.0910886,-0.0728709
1384.5,0.11295,0.0437225
1385,-0.134811,0.00364354
1385.5,0.087445,-0.0546532
1386,-0.0728709,0.102019
1386.5,0.0364354,-0.11295
1387,0.0291483,0.120237
1387.5,-0.0364354,-0.127524
1388,0.0728709,0.0582967
1388.5,-0.116593,-0.0327919
1389,0.131168,-0.0291483
1389.5,-0.127524,0.0655838
1390,0.0619402,-0.0910886
1390.5,-0.0255048,0.116593
1391,0,-0.120237
1391.5,0.0728709,0.134811
1392,-0.12388,-0.0619402
1392.5,0.116593,0.0437225
1393,-0.0947321,0.0364354
1393.5,0.0910886,-0.080158
1394,-0.0765144,0.105663
1394.5,0.0291483,-0.116593
1395,0.0182177,0.127524
1395.5,-0.0692273,-0.0947321
1396,0.105663,0.0728709
1396.5,-0.120237,-0.00728709
1397,0.142098,-0.0255048
1397.5,-0.0910886,0.0619402
1398,0.0765144,-0.0910886
1398.5,0.00364354,0.116593
1399,-0.0473661,-0.138455
1399.5,0.0582967,0.105663
1400,-0.0838015,-0.0838015
1400.5,0.12388,0.0109306
1401,-0.116593,0.040079
1401.5,0.109306,-0.0692273
1402,-0.0437225,0.0983757
1402.5,0.0255048,-0.153029
1403,0.0182177,0.120237
1403.5,-0.0983757,-0.080158
1404,0.109306,0.0364354
1404.5,-0.127524,-0.00364354
1405,0.12388,-0.0327919
1405.5,-0.0619402,0.0692273
1406,0.0655838,-0.087445
1406.5,0.0109306,0.12388
1407,-0.0655838,-0.12388
1407.5,0.0728709,0.102019
1408,-0.120237,-0.0619402
1408.5,0.087445,0.00728709
1409,-0.116593,0.0327919
1409.5,0.0983757,-0.087445
1410,-0.040079,0.120237
1410.5,0.0109306,-0.11295
1411,0.040079,0.109306
1411.5,-0.0910886,-0.0910886
1412,0.12388,0.0437225
1412.5,-0.134811,-0.0218613
1413,0.109306,-0.0765144
1413.5,-0.0983757,0.087445
1414,0.0255048,-0.109306
1414.5,-0.00364354,0.0838015
1415,-0.0473661,-0.12388
1415.5,0.0983757,0.0947321
1416,-0.0983757,-0.0510096
1416.5,0.11295,0.0145742
1417,-0.102019,0.0546532
1417.5,0.0983757,-0.0983757
1418,-0.0546532,0.11295
1418.5,-0.0255048,-0.138455
1419,0.0364354,0.109306
1419.5,-0.0983757,-0.0765144
1420,0.0838015,0.0255048
1420.5,-0.11295,0.0218613
1421,0.142098,-0.0437225
1421.5,-0.0582967,0.080158
1422,0.0218613,-0.102019
1422.5,0.00364354,0.120237
1423,-0.0510096,-0.120237
1423.5,0.087445,0.0692273
1424,-0.120237,-0.0255048
1424.5,0.138455,-0.00728709
1425,-0.080158,0.0510096
1425.5,0.0546532,-0.0947321
1426,-0.0327919,0.127524
1426.5,-0.0145742,-0.102019
1427,0.0510096,0.120237
1427.5,-0.087445,-0.0546532
1428,0.134811,0.0145742
1428.5,-0.105663,0.0255048
1429,0.109306,-0.0838015
1429.5,-0.080158,0.0983757
1430,0.00364354,-0.105663
1430.5,0.0182177,0.087445
1431,-0.0546532,-0.12388
1431.5,0.087445,0.0619402
1432,-0.0983757,-0.00728709
1432.5,0.134811,-0.0327919
1433,-0.0947321,0.0619402
1433.5,0.0655838,-0.102019
1434,-0.0109306,0.116593
1434.5,-0.0510096,-0.0947321
1435,0.080158,0.102019
1435.5,-0.102019,-0.0619402
1436,0.134811,0.0218613
1436.5,-0.0983757,0.00728709
1437,0.0765144,-0.0546532
1437.5,-0.0510096,0.109306
1438,0.0109306,-0.131168
1438.5,0.0364354,0.105663
1439,-0.0473661,-0.087445
1439.5,0.109306,0.0473661
1440,-0.102019,-0.0218613
1440.5,0.11295,-0.0437225
1441,-0.0983757,0.0765144
1441.5,0.0692273,-0.102019
1442,-0.00364354,0.105663
1442.5,-0.0692273,-0.116593
1443,0.0838015,0.087445
1443.5,-0.0910886,-0.040079
1444,0.116593,0.00728709
1444.5,-0.102019,0.0255048
1445,0.080158,-0.0983757
1445.5,-0.0364354,0.087445
1446,0.00728709,-0.12388
1446.5,0.0510096,0.0947321
1447,-0.0728709,-0.0655838
1447.5,0.116593,0.0546532
1448,-0.105663,-0.0145742
1448.5,0.11295,-0.0437225
1449,-0.0728709,0.0838015
1449.5,0.0546532,-0.0910886
1450,0.0145742,0.116593
1450.5,-0.0145742,-0.11295
1451,0.0838015,0.0692273
1451.5,-0.116593,-0.040079
1452,0.109306,-0.00728709
1452.5,-0.105663,0.0437225
1453,0.0546532,-0.0728709
1453.5,-0.080158,0.142098
1454,0,-0.102019
1454.5,0.0582967,0.102019
1455,-0.11295,-0.040079
1455.5,0.109306,0.0510096
1456,-0.102019,-0.00728709
1456.5,0.105663,-0.0182177
1457,-0.0692273,0.0983757
1457.5,0.0364354,-0.102019
1458,0.0109306,0.109306
1458.5,-0.0473661,-0.116593
1459,0.0728709,0.0910886
1459.5,-0.105663,-0.0364354
1460,0.109306,-0.0182177
1460.5,-0.11295,0.0619402
1461,0.0728709,-0.0692273
1461.5,-0.0473661,0.127524
1462,-0.0218613,-0.12388
1462.5,0.0510096,0.080158
1463,-0.120237,-0.0582967
1463.5,0.11295,0.0182177
1464,-0.11295,-0.0109306
1464.5,0.0838015,-0.0728709
1465,-0.0765144,0.109306
1465.5,0.0218613,-0.11295
1466,0.0255048,0.0765144
1466.5,-0.040079,-0.0910886
1467,0.0910886,0.0437225
1467.5,-0.131168,-0.0109306
1468,0.105663,-0.0145742
1468.5,-0.0983757,0.0582967
1469,0.0546532,-0.105663
1469.5,-0.0364354,0.109306
1470,-0.040079,-0.087445
1470.5,0.087445,0.11295
1471,-0.087445,-0.0655838
1471.5,0.087445,0.0145742
1472,-0.109306,0.0327919
1472.5,0.087445,-0.0619402
1473,-0.0546532,0.0910886
1473.5,0.0255048,-0.11295
1474,0.0327919,0.0983757
1474.5,-0.0765144,-0.105663
1475,0.105663,0.0546532
1475.5,-0.127524,0
1476,0.11295,-0.0109306
1476.5,-0.0692273,0.080158
1477,0.0582967,-0.109306
1477.5,0.0109306,0.0910886
1478,-0.0109306,-0.120237
1478.5,0.0437225,0.0765144
1479,-0.0947321,-0.0437225
1479.5,0.156672,0.0145742
1480,-0.0728709,0.0255048
1480.5,0.0655838,-0.0728709
1481,-0.0728709,0.109306
1481.5,0.0109306,-0.12388
1482,0.0145742,0.105663
1482.5,-0.080158,-0.0655838
1483,0.0947321,0.0510096
1483.5,-0.102019,-0.0145742
1484,0.127524,-0.0437225
1484.5,-0.087445,0.102019
1485,0.0437225,-0.102019
1485.5,-0.00364354,0.0838015
1486,-0.0692273,-0.102019
1486.5,0.0765144,0.087445
1487,-0.087445,-0.0655838
1487.5,0.102019,0.0109306
1488,-0.102019,0.0437225
1488.5,0.087445,-0.109306
1489,-0.0255048,0.0947321
1489.5,-0.00728709,-0.0838015
1490,0.0182177,0.0947321
1490.5,-0.0838015,-0.0692273
1491,0.102019,0.0510096
1491.5,-0.116593,-0.00728709
1492,0.109306,-0.040079
1492.5,-0.0619402,0.0910886
1493,0.0182177,-0.0910886
1493.5,0.0145742,0.11295
1494,-0.0255048,-0.11295
1494.5,0.0765144,0.087445
1495,-0.120237,-0.0109306
1495.5,0.116593,-0.0182177
1496,-0.102019,0.0437225
1496.5,0.0838015,-0.0838015
1497,-0.0145742,0.0910886
1497.5,-0.0218613,-0.109306
1498,0.0582967,0.0983757
1498.5,-0.087445,-0.0619402
1499,0.105663,0.0327919
1499.5,-0.102019,-0.00364354
1500,0.0910886,-0.0692273
1500.5,-0.0692273,0.105663
1501,0.0145742,-0.102019
1501.5,0.0182177,0.0947321
1502,-0.0619402,-0.102019
1502.5,0.11295,0.0655838
1503,-0.102019,-0.0218613
1503.5,0.0983757,-0.00364354
1504,-0.087445,0.0655838
1504.5,0.0473661,-0.102019
1505,-0.0182177,0.109306
1505.5,-0.0255048,-0.11295
1506,0.0473661,0.0765144
1506.5,-0.0765144,-0.040079
1507,0.102019,0.0364354
1507.5,-0.105663,0.0182177
1508,0.080158,-0.102019
1508.5,-0.0546532,0.0582967
1509,0.0291483,-0.120237
1509.5,0.0218613,0.120237
1510,-0.0765144,-0.0728709
1510.5,0.0910886,0.0582967
1511,-0.120237,-0.0145742
1511.5,0.0947321,-0.0291483
1512,-0.105663,0.0692273
1512.5,0.0473661,-0.102019
1513,-0.00728709,0.12388
1513.5,-0.0218613,-0.120237
1514,0.0838015,0.0582967
1514.5,-0.120237,-0.0364354
1515,0.087445,0.0255048
1515.5,-0.105663,0.0109306
1516,0.102019,-0.0838015
1516.5,-0.0255048,0.0983757
1517,0,-0.0983757
1517.5,0.0364354,0.109306
1518,-0.080158,-0.0983757
1518.5,0.0728709,0.0437225
1519,-0.134811,-0.0218613
1519.5,0.0947321,-0.0218613
1520,-0.0655838,0.0765144
1520.5,0.0582967,-0.127524
1521,0.00728709,0.102019
1521.5,-0.040079,-0.109306
1522,0.0619402,0.0619402
1522.5,-0.109306,-0.0327919
1523,0.087445,0.00364354
1523.5,-0.087445,0.0145742
1524,0.0655838,-0.080158
1524.5,-0.0546532,0.0947321
1525,-0.0182177,-0.105663
1525.5,0.0364354,0.11295
1526,-0.0692273,-0.0692273
1526.5,0.0983757,0.0582967
1527,-0.102019,-0.00364354
1527.5,0.120237,-0.0437225
1528,-0.0765144,0.0910886
1528.5,0.00364354,-0.102019
1529,0.0145742,0.11295
1529.5,-0.0327919,-0.0692273
1530,0.109306,0.0765144
1530.5,-0.102019,-0.0182177
1531,0.102019,0.0255048
1531.5,-0.0947321,0.0255048
1532,0.0655838,-0.0947321
1532.5,-0.0182177,0.120237
1533,0.0109306,-0.109306
1533.5,0.0692273,0.0983757
1534,-0.0910886,-0.040079
1534.5,0.0983757,0.0145742
1535,-0.109306,0.00728709
1535.5,0.0910886,-0.0364354
1536,-0.040079,0.0838015
1536.5,0.0109306,-0.102019
1537,-0.0109306,0.0910886
1537.5,-0.0546532,-0.0728709
1538,0.0983757,0.105663
1538.5,-0.0838015,-0.0145742
1539,0.0983757,-0.0218613
1539.5,-0.0983757,0.0327919
1540,0.0510096,-0.105663
1540.5,-0.0291483,0.0910886
1541,-0.0291483,-0.116593
1541.5,0.0510096,0.0728709
1542,-0.0728709,-0.0655838
1542.5,0.11295,0.0109306
1543,-0.087445,0.0145742
1543.5,0.0765144,-0.080158
1544,-0.0728709,0.0838015
1544.5,0.00728709,-0.087445
1545,-0.00364354,0.120237
1545.5,-0.0910886,-0.0947321
1546,0.0838015,0.0291483
1546.5,-0.102019,-0.0218613
1547,0.0838015,-0.0291483
1547.5,-0.080158,0.0655838
1548,0.0655838,-0.0910886
1548.5,0.00364354,0.0910886
1549,-0.0327919,-0.11295
1549.5,0.0692273,0.0765144
1550,-0.080158,-0.0473661
1550.5,0.105663,0.0145742
1551,-0.116593,0.0291483
1551.5,0.0619402,-0.0838015
1552,-0.040079,0.105663
1552.5,0.0182177,-0.102019
1553,0.0437225,0.0838015
1553.5,-0.0619402,-0.0983757
1554,0.0910886,0.0218613
1554.5,-0.105663,0.00364354
1555,0.087445,-0.040079
1555.5,-0.087445,0.0728709
1556,0.0437225,-0.0983757
1556.5,0.0218613,0.109306
1557,-0.0255048,-0.102019
1557.5,0.0838015,0.0655838
1558,-0.0910886,-0.0327919
1558.5,0.0983757,-0.00364354
1559,-0.105663,0.040079
1559.5,0.0728709,-0.0838015
1560,-0.00364354,0.0983757
1560.5,-0.0145742,-0.0983757
1561,0.040079,0.0910886
1561.5,-0.040079,-0.0327919
1562,0.11295,0.0692273
1562.5,-0.0983757,-0.00364354
1563,0.0582967,-0.0655838
1563.5,-0.0619402,0.0510096
1564,0.0510096,-0.0910886
1564.5,0.0109306,0.134811
1565,-0.0437225,-0.0692273
1565.5,0.0655838,0.080158
1566,-0.0947321,-0.040079
1566.5,0.109306,-0.0218613
1567,-0.102019,0.0728709
1567.5,0.0728709,-0.0473661
1568,-0.0291483,0.12388
1568.5,-0.0255048,-0.116593
1569,0.0582967,0.080158
1569.5,-0.0910886,-0.0473661
1570,0.0910886,0.0218613
1570.5,-0.11295,0.0255048
1571,0.0910886,-0.040079
1571.5,-0.0838015,0.0546532
1572,-0.0109306,-0.080158
1572.5,-0.0109306,0.0947321
1573,-0.040079,-0.0838015
1573.5,0.0838015,0.0619402
1574,-0.0838015,-0.00364354
1574.5,0.105663,-0.00728709
1575,-0.0947321,0.0619402
1575.5,0.0510096,-0.0838015
1576,-0.0364354,0.0910886
1576.5,-0.0364354,-0.0765144
1577,0.0619402,0.0910886
1577.5,-0.0728709,-0.0655838
1578,0.087445,0.0145742
1578.5,-0.138455,-0.0182177
1579,0.0728709,-0.087445
1579.5,-0.0546532,0.0947321
1580,0.0182177,-0.109306
1580.5,0.0364354,0.0947321
1581,-0.0910886,-0.0947321
1581.5,0.0838015,0.0510096
1582,-0.116593,-0.0218613
1582.5,0.116593,-0.0619402
1583,-0.0473661,0.0692273
1583.5,0.0510096,-0.0765144
1584,-0.0364354,0.0947321
1584.5,-0.0255048,-0.0692273
1585,0.0910886,0.120237
1585.5,-0.087445,-0.0619402
1586,0.0910886,-0.0145742
1586.5,-0.109306,0.0437225
1587,0.0765144,-0.0473661
1587.5,-0.0473661,0.0910886
1588,0.0145742,-0.109306
1588.5,-0.00364354,0.087445
1589,-0.0765144,-0.0838015
1589.5,0.0910886,0.0255048
1590,-0.0692273,-0.0109306
1590.5,0.11295,-0.0255048
1591,-0.0692273,0.0619402
1591.5,0.0510096,-0.0947321
1592,0.00728709,0.134811
1592.5,-0.0291483,-0.11295
1593,0.080158,0.0473661
1593.5,-0.105663,-0.0510096
1594,0.0910886,-0.0109306
1594.5,-0.080158,0.0546532
1595,0.105663,-0.040079
1595.5,-0.0437225,0.087445
1596,-0.00728709,-0.0983757
1596.5,0.0473661,0.12388
1597,-0.0983757,-0.0619402
1597.5,0.102019,0.040079
1598,-0.0910886,0.00364354
1598.5,0.0838015,-0.0510096
1599,-0.087445,0.087445
1599.5,0.0327919,-0.087445
1600,-0.0145742,0.102019
1600.5,-0.0546532,-0.0692273
1601,0.109306,0.0692273
1601.5,-0.0728709,-0.0145742
1602,0.0910886,0.0255048
1602.5,-0.0765144,0.0619402
1603,0.0546532,-0.0728709
1603.5,-0.0255048,0.0910886
1604,-0.0145742,-0.105663
1604.5,0.0327919,0.080158
1605,-0.0728709,-0.0692273
1605.5,0.087445,-0.00364354
1606,-0.0947321,-0.00728709
1606.5,0.0765144,-0.0838015
1607,-0.0765144,0.0582967
1607.5,0.0510096,-0.0765144
1608,0.0145742,0.080158
1608.5,-0.080158,-0.105663
1609,0.087445,0.0582967
1609.5,-0.080158,-0.0255048
1610,0.0728709,-0.0327919
1610.5,-0.0947321,0.0582967
1611,0.0327919,-0.0692273
1611.5,-0.0327919,0.087445
1612,-0.0182177,-0.116593
1612.5,0.0255048,0.0582967
1613,-0.102019,-0.0327919
1613.5,0.0910886,-0.00728709
1614,-0.0983757,0.0182177
1614.5,0.0655838,-0.0437225
1615,-0.0619402,0.0910886
1615.5,0.0218613,-0.0910886
1616,0,0.0947321
1616.5,-0.0546532,-0.087445
1617,0.0619402,0.0510096
1617.5,-0.120237,-0.0145742
1618,0.0983757,-0.0145742
1618.5,-0.0619402,0.087445
1619,0.0728709,-0.0947321
1619.5,-0.0364354,0.080158
1620,-0.040079,-0.087445
1620.5,0.080158,0.102019
1621,-0.0838015,-0.0255048
1621.5,0.0983757,0
1622,-0.087445,0.0109306
1622.5,0.0765144,-0.080158
1623,-0.0327919,0.0947321
1623.5,0.00728709,-0.0947321
1624,0.0255048,0.0947321
1624.5,-0.0364354,-0.0473661
1625,0.102019,0.0473661
1625.5,-0.0692273,-0.0109306
1626,0.105663,-0.0109306
1626.5,-0.040079,0.0510096
1627,0.0619402,-0.0765144
1627.5,-0.0182177,0.105663
1628,-0.0327919,-0.080158
1628.5,0.0473661,0.080158
1629,-0.0947321,-0.0327919
1629.5,0.105663,0.00728709
1630,-0.080158,0.0327919
1630.5,0.0619402,-0.0838015
1631,-0.0255048,0.0838015
1631.5,0,-0.11295
1632,0.0437225,0.109306
1632.5,-0.080158,-0.087445
1633,0.102019,0.0218613
1633.5,-0.0947321,0.0182177
1634,0.0619402,-0.0437225
1634.5,-0.087445,0.0546532
1635,0.00728709,-0.0947321
1635.5,0,0.127524
1636,-0.0473661,-0.0692273
1636.5,0.0619402,0.0655838
1637,-0.0838015,-0.0182177
1637.5,0.12388,-0.0182177
1638,-0.0692273,0.0364354
1638.5,0.0765144,-0.0728709
1639,-0.0255048,0.105663
1639.5,-0.0291483,-0.0910886
1640,0.0255048,0.0692273
1640.5,-0.0947321,-0.0582967
1641,0.0838015,0.0145742
1641.5,-0.0765144,-0.00728709
1642,0.0838015,-0.0582967
1642.5,-0.0692273,0.087445
1643,0.0145742,-0.080158
1643.5,-0.00728709,0.0692273
1644,-0.0510096,-0.0910886
1644.5,0.0947321,0.0692273
1645,-0.0765144,-0.0291483
1645.5,0.116593,-0.0218613
1646,-0.087445,0.0765144
1646.5,0.0510096,-0.0692273
1647,-0.0145742,0.102019
1647.5,-0.040079,-0.109306
1648,0.0437225,0.080158
1648.5,-0.0692273,-0.0619402
1649,0.105663,0.0109306
1649.5,-0.0947321,0.0109306
1650,0.0910886,-0.0473661
1650.5,-0.0291483,0.102019
1651,0.00364354,-0.087445
1651.5,0.0327919,0.087445
1652,-0.080158,-0.087445
1652.5,0.0838015,0.0473661
1653,-0.0947321,-0.00728709
1653.5,0.0765144,-0.0218613
1654,-0.0692273,0.0582967
1654.5,0.0692273,-0.0655838
1655,-0.00728709,0.0655838
1655.5,-0.0145742,-0.105663
1656,0.0546532,0.0619402
1656.5,-0.105663,-0.080158
1657,0.0947321,0.0109306
1657.5,-0.105663,0.0109306
1658,0.0655838,-0.0728709
1658.5,-0.0473661,0.087445
1659,-0.0218613,-0.0692273
1659.5,0.0109306,0.12388
1660,-0.087445,-0.0655838
1660.5,0.0692273,0.0291483
1661,-0.087445,0.0109306
1661.5,0.11295,-0.0364354
1662,-0.0692273,0.0437225
1662.5,0.0510096,-0.0655838
1663,-0.00728709,0.102019
1663.5,-0.0327919,-0.0765144
1664,0.0510096,0.0510096
1664.5,-0.0983757,-0.0655838
1665,0.0910886,0.00728709
1665.5,-0.102019,0.0655838
1666,0.0765144,-0.0473661
1666.5,-0.0327919,0.0692273
1667,0,-0.102019
1667.5,0.0510096,0.127524
1668,-0.0655838,-0.0692273
1668.5,0.0910886,0.0327919
1669,-0.0947321,0.0182177
1669.5,0.080158,-0.0473661
1670,-0.0473661,0.0619402
1670.5,0.0327919,-0.080158
1671,0,0.0947321
1671.5,-0.0182177,-0.0983757
1672,0.0947321,0.0437225
1672.5,-0.0910886,-0.0218613
1673,0.0910886,0.00728709
1673.5,-0.0765144,0.0327919
1674,0.0728709,-0.0546532
1674.5,-0.0182177,0.087445
1675,0.00364354,-0.0947321
1675.5,0.040079,0.0947321
1676,-0.109306,-0.0546532
1676.5,0.0619402,0.0109306
1677,-0.0983757,0.00728709
1677.5,0.080158,-0.0546532
1678,-0.0619402,0.0619402
1678.5,0.0182177,-0.087445
1679,-0.0291483,0.0910886
1679.5,-0.0473661,-0.105663
1680,0.087445,0.0182177
1680.5,-0.087445,-0.0364354
1681,0.102019,-0.0218613
1681.5,-0.0619402,0.0327919
1682,0.0546532,-0.0983757
1682.5,-0.0473661,0.087445
1683,-0.0510096,-0.116593
1683.5,0.040079,0.0582967
1684,-0.0947321,-0.0582967
1684.5,0.087445,0.00728709
1685,-0.0728709,0.0218613
1685.5,0.0692273,-0.040079
1686,-0.0619402,0.0692273
1686.5,0,-0.087445
1687,0.0182177,0.080158
1687.5,-0.0291483,-0.0692273
1688,0.109306,0.0327919
1688.5,-0.0910886,-0.0582967
1689,0.11295,0
1689.5,-0.087445,0.0619402
1690,0.0109306,-0.0983757
1690.5,0.0109306,0.0910886
1691,-0.0255048,-0.0838015
1691.5,0.0510096,0.0655838
1692,-0.102019,-0.0437225
1692.5,0.087445,0.0182177
1693,-0.102019,0.0255048
1693.5,0.0473661,-0.0838015
1694,-0.0327919,0.0728709
1694.5,0.0109306,-0.0838015
1695,0.00728709,0.105663
1695.5,-0.0983757,-0.0692273
1696,0.0692273,0.0327919
1696.5,-0.0983757,-0.0145742
1697,0.087445,-0.0510096
1697.5,-0.040079,0.0655838
1698,0.0546532,-0.0947321
1698.5,-0.00364354,0.0728709
1699,-0.0182177,-0.087445
1699.5,0.0619402,0.0765144
1700,-0.0765144,-0.0291483
1700.5,0.109306,0.0109306
1701,-0.080158,0.0291483
1701.5,0.0765144,-0.0473661
1702,-0.040079,0.0947321
1702.5,-0.0327919,-0.0983757
1703,0.0218613,0.087445
1703.5,-0.0510096,-0.0728709
1704,0.0728709,0.0218613
1704.5,-0.102019,0.0182177
1705,0.0838015,-0.0218613
1705.5,-0.0582967,0.0765144
1706,0.0255048,-0.0910886
1706.5,0,0.0947321
1707,-0.0473661,-0.0983757
1707.5,0.0692273,0.0619402
1708,-0.0947321,-0.0182177
1708.5,0.080158,0.00364354
1709,-0.120237,0.0364354
1709.5,0.0510096,-0.0728709
1710,-0.0291483,0.087445
1710.5,-0.0218613,-0.0983757
1711,0.0473661,0.080158
1711.5,-0.0838015,-0.0728709
1712,0.0765144,0.0145742
1712.5,-0.0728709,-0.00728709
1713,0.087445,-0.040079
1713.5,-0.0619402,0.080158
1714,0.0327919,-0.102019
1714.5,0.0182177,0.0910886
1715,-0.0510096,-0.0619402
1715.5,0.0692273,0.0364354
1716,-0.0983757,-0.0327919
1716.5,0.0983757,-0.0109306
1717,-0.080158,0.0364354
1717.5,0.0364354,-0.0947321
1718,-0.0182177,0.0838015
1718.5,-0.0218613,-0.0910886
1719,0.0692273,0.0692273
1719.5,-0.0947321,-0.0473661
1720,0.087445,0.0145742
1720.5,-0.0582967,0.0437225
1721,0.0619402,-0.0692273
1721.5,-0.0327919,0.0910886
1722,0.0218613,-0.0765144
1722.5,0.0145742,0.0838015
1723,-0.0473661,-0.0910886
1723.5,0.0728709,0.0364354
1724,-0.080158,-0.0218613
1724.5,0.12388,-0.0364354
1725,-0.040079,0.0582967
1725.5,0.0473661,-0.080158
1726,-0.0364354,0.0655838
1726.5,-0.0218613,-0.0728709
1727,0.080158,0.0692273
1727.5,-0.0910886,-0.0473661
1728,0.087445,0.0145742
1728.5,-0.0619402,0.0109306
1729,0.0692273,-0.0765144
1729.5,-0.0582967,0.0947321
1730,0.00728709,-0.0765144
1730.5,-0.0182177,0.0947321
1731,-0.080158,-0.0728709
1731.5,0.0692273,0.040079
1732,-0.102019,0.0255048
1732.5,0.0582967,-0.0145742
1733,-0.080158,0.080158
1733.5,0.0437225,-0.0765144
1734,0,0.0838015
1734.5,-0.0473661,-0.080158
1735,0.040079,0.0546532
1735.5,-0.080158,-0.0255048
1736,0.080158,0.0255048
1736.5,-0.109306,0.040079
1737,0.0582967,-0.0582967
1737.5,-0.040079,0.0947321
1738,-0.0182177,-0.0983757
1738.5,0.0255048,0.0619402
1739,-0.040079,-0.0655838
1739.5,0.0838015,0
1740,-0.080158,-0.0182177
1740.5,0.109306,0.00364354
1741,-0.040079,0.080158
1741.5,0.00728709,-0.109306
1742,0.0255048,0.0619402
1742.5,-0.0145742,-0.0619402
1743,0.0546532,0.0582967
1743.5,-0.0765144,-0.0473661
1744,0.0983757,-0.0109306
1744.5,-0.0728709,0.0291483
1745,0.0364354,-0.080158
1745.5,-0.040079,0.0838015
1746,-0.0109306,-0.0910886
1746.5,0.0473661,0.0692273
1747,-0.0838015,-0.0619402
1747.5,0.0910886,0.0255048
1748,-0.0838015,0.0218613
1748.5,0.0910886,-0.040079
1749,-0.040079,0.0765144
1749.5,0.00364354,-0.105663
1750,0.00364354,0.0546532
1750.5,-0.0327919,-0.0692273
1751,0.080158,0.0582967
1751.5,-0.0910886,-0.0218613
1752,0.0947321,-0.00364354
1752.5,-0.0582967,0.0327919
1753,0.040079,-0.080158
1753.5,-0.0255048,0.0765144
1754,-0.0255048,-0.0728709
1754.5,0.0619402,0.0692273
1755,-0.0546532,-0.0765144
1755.5,0.087445,0.00364354
1756,-0.102019,0.0109306
1756.5,0.0728709,-0.0473661
1757,-0.0437225,0.0728709
1757.5,0.0109306,-0.0910886
1758,0.0364354,0.0765144
1758.5,-0.0510096,-0.0728709
1759,0.0655838,0.0510096
1759.5,-0.0838015,-0.0255048
1760,0.120237,-0.0109306
1760.5,-0.0838015,0.0582967
1761,0.0291483,-0.0765144
1761.5,-0.0255048,0.0947321
1762,-0.0218613,-0.0838015
1762.5,0.0327919,0.0582967
1763,-0.102019,-0.0364354
1763.5,0.0947321,0.0473661
1764,-0.0838015,0.0218613
1764.5,0.0619402,-0.0619402
1765,-0.0473661,0.0947321
1765.5,0.00728709,-0.080158
1766,0.0218613,0.0910886
1766.5,-0.040079,-0.0582967
1767,0.105663,0.0437225
1767.5,-0.0765144,-0.00364354
1768,0.0910886,-0.0109306
1768.5,-0.0437225,0.0947321
1769,0.040079,-0.0765144
1769.5,0.0182177,0.0838015
1770,-0.0364354,-0.0910886
1770.5,0.0582967,0.0728709
1771,-0.11295,-0.0145742
1771.5,0.0510096,-0.0109306
1772,-0.087445,0.0145742
1772.5,0.0437225,-0.087445
1773,-0.0546532,0.0947321
1773.5,-0.0145742,-0.087445
1774,0.0582967,0.0765144
1774.5,-0.0437225,-0.0473661
1775,0.0692273,0.0218613
1775.5,-0.087445,0.0255048
1776,0.0582967,-0.040079
1776.5,-0.0838015,0.0619402
1777,0.0291483,-0.0655838
1777.5,0.00728709,0.0838015
1778,-0.0327919,-0.087445
1778.5,0.0619402,0.0327919
1779,-0.105663,-0.0291483
1779.5,0.0692273,-0.0291483
1780,-0.102019,0.0291483
1780.5,0.040079,-0.0655838
1781,-0.0145742,0.0765144
1781.5,-0.00364354,-0.0947321
1782,0.0437225,0.0910886
1782.5,-0.0692273,-0.0692273
1783,0.0728709,0.0145742
1783.5,-0.080158,0.0145742
1784,0.0655838,-0.0327919
1784.5,-0.0364354,0.0765144
1785,0.0291483,-0.0983757
1785.5,0.0437225,0.0582967
1786,-0.0255048,-0.0582967
1786.5,0.0619402,0.0510096
1787,-0.080158,-0.0255048
1787.5,0.0983757,-0.00728709
1788,-0.0765144,0.0437225
1788.5,0.0510096,-0.080158
1789,-0.0182177,0.0910886
1789.5,-0.0109306,-0.0983757
1790,0.0546532,0.0546532
1790.5,-0.0692273,-0.040079
1791,0.0692273,0.0182177
1791.5,-0.0765144,0.0291483
1792,0.0728709,-0.0619402
1792.5,-0.0473661,0.0655838
1793,0.0255048,-0.0655838
1793.5,0.0255048,0.0728709
1794,-0.0546532,-0.0765144
1794.5,0.0728709,0.0692273
1795,-0.0947321,-0.0291483
1795.5,0.0765144,-0.0218613
1796,-0.080158,0.0692273
1796.5,0.0510096,-0.0655838
1797,0.0109306,0.0546532
1797.5,-0.0182177,-0.0692273
1798,0.0728709,0.0947321
1798.5,-0.087445,-0.0546532
1799,0.0692273,0.0255048
1799.5,-0.0765144,0.0109306
1800,0.0546532,-0.0582967
1800.5,-0.0473661,0.0838015
1801,0.040079,-0.0765144
1801.5,0.0182177,0.0692273
1802,-0.087445,-0.0765144
1802.5,0.0728709,0.040079
1803,-0.0838015,0.00364354
1803.5,0.080158,-0.0182177
1804,-0.0692273,0.0582967
1804.5,0.0291483,-0.0728709
1805,-0.0109306,0.0983757
1805.5,-0.0364354,-0.087445
1806,0.0655838,0.0765144
1806.5,-0.0765144,-0.0182177
1807,0.080158,-0.0145742
1807.5,-0.0619402,0.0182177
1808,0.0182177,-0.0510096
1808.5,-0.0910886,0.080158
1809,-0.0218613,-0.087445
1809.5,0.0218613,0.11295
1810,-0.0437225,-0.0510096
1810.5,0.0765144,0.0109306
1811,-0.0947321,-0.0109306
1811.5,0.0510096,-0.0364354
1812,-0.0510096,0.0692273
1812.5,0.0291483,-0.0910886
1813,-0.0145742,0.087445
1813.5,-0.0291483,-0.0728709
1814,0.0619402,0.0473661
1814.5,-0.087445,-0.0291483
1815,0.0765144,-0.0182177
1815.5,-0.0838015,0.0218613
1816,0.0728709,-0.0327919
1816.5,-0.0218613,0.0619402
1817,-0.00728709,-0.0947321
1817.5,0.040079,0.0947321
1818,-0.0327919,-0.0546532
1818.5,0.0910886,0.0145742
1819,-0.080158,0.0182177
1819.5,0.0728709,-0.0437225
1820,-0.0473661,0.0473661
1820.5,0.0437225,-0.0728709
1821,0.0327919,0.105663
1821.5,-0.0437225,-0.0582967
1822,0.0619402,0.0437225
1822.5,-0.0765144,-0.0218613
1823,0.0619402,0
1823.5,-0.109306,0.0546532
1824,0.0218613,-0.0692273
1824.5,-0.00364354,0.0838015
1825,-0.00364354,-0.0619402
1825.5,0.0218613,0.0910886
1826,-0.0838015,-0.0364354
1826.5,0.0655838,0.0218613
1827,-0.087445,0.0218613
1827.5,0.0473661,-0.0510096
1828,-0.0655838,0.080158
1828.5,0.0291483,-0.080158
1829,0.0182177,0.0983757
1829.5,-0.0291483,-0.0765144
1830,0.0765144,0.040079
1830.5,-0.0728709,-0.00364354
1831,0.0910886,-0.0327919
1831.5,-0.0728709,0.0473661
1832,0.0364354,-0.0838015
1832.5,-0.00364354,0.087445
1833,-0.0109306,-0.0510096
1833.5,0.0655838,0.0728709
1834,-0.0437225,-0.040079
1834.5,0.0692273,0.0145742
1835,-0.0910886,0.0327919
1835.5,0.0765144,-0.0546532
1836,-0.0364354,0.0692273
1836.5,0.00728709,-0.0437225
1837,0.0255048,0.0582967
1837.5,-0.0655838,-0.0910886
1838,0.0947321,0.0291483
1838.5,-0.0655838,-0.0182177
1839,0.0692273,-0.0255048
1839.5,-0.0619402,0.0765144
1840,0.00728709,-0.0728709
1840.5,-0.040079,0.0765144
1841,-0.0145742,-0.080158
1841.5,0.0619402,0.0255048
1842,-0.080158,-0.0218613
1842.5,0.0838015,0.0182177
1843,-0.0765144,0.0473661
1843.5,0.0655838,-0.0546532
1844,-0.0291483,0.0510096
1844.5,0.00364354,-0.11295
1845,0.080158,0.0655838
1845.5,-0.0510096,-0.0546532
1846,0.0728709,0.040079
1846.5,-0.0765144,0.0218613
1847,0.0655838,-0.0182177
1847.5,-0.0655838,0.0728709
1848,0.0109306,-0.0692273
1848.5,-0.00364354,0.0582967
1849,-0.0473661,-0.087445
1849.5,0.0692273,0.0473661
1850,-0.0765144,-0.0437225
1850.5,0.0765144,-0.00364354
1851,-0.0838015,0.040079
1851.5,0.0327919,-0.0655838
1852,-0.0109306,0.0910886
1852.5,-0.0218613,-0.102019
1853,0.0182177,0.0582967
1853.5,-0.040079,-0.040079
1854,0.0510096,0.00364354
1854.5,-0.0910886,0.0182177
1855,0.0765144,-0.0327919
1855.5,-0.0546532,0.0619402
1856,-0.00364354,-0.0983757
1856.5,-0.0291483,0.0619402
1857,-0.0218613,-0.0546532
1857.5,0.0910886,0.0510096
1858,-0.0655838,-0.0182177
1858.5,0.0655838,-0.0291483
1859,-0.0655838,0.0437225
1859.5,0.0619402,-0.0619402
1860,0.00364354,0.0838015
1860.5,-0.0109306,-0.0838015
1861,0.0546532,0.0692273
1861.5,-0.0655838,-0.0510096
1862,0.0655838,0.00364354
1862.5,-0.116593,0.0145742
1863,0.0510096,-0.0145742
1863.5,-0.0218613,0.0910886
1864,0.0182177,-0.0619402
1864.5,0.0182177,0.0692273
1865,-0.0255048,-0.0838015
1865.5,0.0655838,0.0473661
1866,-0.080158,-0.00364354
1866.5,0.080158,-0.0327919
1867,-0.0546532,0.0291483
1867.5,0.0473661,-0.0619402
1868,0,0.087445
1868.5,-0.0327919,-0.0655838
1869,0.0473661,0.0546532
1869.5,-0.0327919,-0.0291483
1870,0.105663,-0.00728709
1870.5,-0.087445,-0.00728709
1871,0.0619402,-0.0619402
1871.5,-0.0145742,0.0619402
1872,0,-0.0838015
1872.5,0.0473661,0.0838015
1873,-0.040079,-0.0765144
1873.5,0.0291483,0.0582967
1874,-0.080158,0.0109306
1874.5,0.0619402,-0.0255048
1875,-0.0546532,0.0546532
1875.5,0.0473661,-0.087445
1876,0.0145742,0.080158
1876.5,-0.0364354,-0.080158
1877,0.0291483,0.080158
1877.5,-0.0728709,-0.00728709
1878,0.0546532,0.00728709
1878.5,-0.0546532,0.040079
1879,0.0910886,-0.0692273
1879.5,-0.0546532,0.0728709
1880,-0.00728709,-0.080158
1880.5,0.0145742,0.0546532
1881,-0.0728709,-0.0838015
1881.5,0.0910886,-0.0145742
1882,-0.0838015,-0.00364354
1882.5,0.0692273,-0.0437225
1883,-0.040079,0.0291483
1883.5,0.0109306,-0.080158
1884,-0.00364354,0.0910886
1884.5,-0.0510096,-0.0510096
1885,0.040079,0.0473661
1885.5,-0.0728709,-0.0364354
1886,0.0692273,-0.0145742
1886.5,-0.0582967,0.0473661
1887,0.0473661,-0.0655838
1887.5,-0.0364354,0.0619402
1888,-0.00728709,-0.0655838
1888.5,0.0291483,0.0765144
1889,-0.0692273,-0.0473661
1889.5,0.0655838,0.0109306
1890,-0.0655838,0.0291483
1890.5,0.0619402,-0.0182177
1891,-0.0218613,0.0655838
1891.5,0.0327919,-0.0838015
1892,-0.00364354,0.0473661
1892.5,-0.0546532,-0.0728709
1893,0.0546532,0.0582967
1893.5,-0.0910886,-0.0291483
1894,0.080158,-0.0218613
1894.5,-0.0582967,0.0437225
1895,0.0582967,-0.0364354
1895.5,-0.0109306,0.080158
1896,-0.0255048,-0.0983757
1896.5,0.0473661,0.0728709
1897,-0.0473661,-0.0291483
1897.5,0.0728709,0.0255048
1898,-0.0728709,0.0327919
1898.5,0.0655838,-0.0255048
1899,-0.0510096,0.0619402
1899.5,0.00728709,-0.0582967
1900,0,0.105663
1900.5,-0.0582967,-0.0582967
1901,0.0765144,0.0291483
1901.5,-0.0910886,-0.0364354
1902,0.040079,-0.0109306
1902.5,-0.0546532,0.040079
1903,0.0218613,-0.0655838
1903.5,0.00728709,0.0765144
1904,-0.0182177,-0.0765144
1904.5,0.0218613,0.080158
1905,-0.0582967,-0.0255048
1905.5,0.080158,0.0109306
1906,-0.0582967,0.040079
1906.5,0.0546532,-0.0364354
1907,-0.0291483,0.0692273
1907.5,0.040079,-0.0655838
1908,0.040079,0.0728709
1908.5,-0.0546532,-0.0582967
1909,0.0692273,0.0145742
1909.5,-0.0692273,-0.0145742
1910,0.0655838,-0.0291483
1910.5,-0.0473661,0.0327919
1911,0.0364354,-0.080158
1911.5,-0.0218613,0.0546532
1912,-0.0582967,-0.0655838
1912.5,0.0473661,0.0510096
1913,-0.0728709,-0.0364354
1913.5,0.0619402,-0.0109306
1914,-0.0655838,0.00364354
1914.5,0.0692273,-0.0473661
1915,-0.0291483,0.0473661
1915.5,-0.00364354,-0.102019
1916,0.0145742,0.0838015
1916.5,-0.0728709,-0.0546532
1917,0.0765144,0.0145742
1917.5,-0.0692273,0.0218613
1918,0.0473661,-0.0327919
1918.5,-0.087445,0.040079
1919,-0.00364354,-0.0692273
1919.5,0,0.0692273
1920,-0.040079,-0.0655838
1920.5,0.0473661,0.0327919
1921,-0.0692273,-0.0327919
1921.5,0.0838015,0.0255048
1922,-0.0655838,0.00728709
1922.5,0.040079,-0.0765144
1923,-0.0182177,0.0655838
1923.5,0.0109306,-0.0655838
1924,0.040079,0.0582967
1924.5,-0.0655838,-0.0437225
1925,0.0437225,0
1925.5,-0.080158,-0.0255048
1926,0.0546532,-0.0619402
1926.5,-0.0510096,0.0437225
1927,0.0473661,-0.0327919
1927.5,0.0145742,0.080158
1928,-0.0510096,-0.0582967
1928.5,0.040079,0.0728709
1929,-0.0947321,-0.0182177
1929.5,0.0728709,-0.0364354
1930,-0.0582967,0.0437225
1930.5,0.0510096,-0.0291483
1931,-0.00364354,0.0510096
1931.5,0,-0.0838015
1932,0.0182177,0.0655838
1932.5,-0.080158,-0.0582967
1933,0.0510096,0.0255048
1933.5,-0.105663,0.00364354
1934,0.0546532,-0.0655838
1934.5,-0.0582967,0.0582967
1935,0.0218613,-0.0838015
1935.5,0.0327919,0.0838015
1936,-0.040079,-0.0582967
1936.5,0.0692273,0.0546532
1937,-0.0655838,-0.00364354
1937.5,0.0655838,-0.040079
1938,-0.0546532,0.0364354
1938.5,0.0364354,-0.0765144
1939,-0.0182177,0.0692273
1939.5,-0.0182177,-0.0655838
1940,0.040079,0.0619402
1940.5,-0.087445,-0.0255048
1941,0.0765144,0
1941.5,-0.0437225,0.00364354
1942,0.0692273,-0.0655838
1942.5,-0.0109306,0.0473661
1943,0.0145742,-0.080158
1943.5,0.0291483,0.0619402
1944,-0.0364354,-0.040079
1944.5,0.0655838,0.0327919
1945,-0.0546532,-0.0218613
1945.5,0.0692273,-0.0218613
1946,-0.0728709,0.0473661
1946.5,0.0145742,-0.0437225
1947,-0.00364354,0.0655838
1947.5,-0.0291483,-0.0910886
1948,0.0619402,0.040079
1948.5,-0.040079,-0.0473661
1949,0.0838015,0.00364354
1949.5,-0.0838015,0.0473661
1950,0.040079,-0.040079
1950.5,-0.00728709,0.0910886
1951,0.0109306,-0.0765144
1951.5,0.0109306,0.0655838
1952,-0.0619402,-0.0327919
1952.5,0.0619402,0.0255048
1953,-0.0765144,0.0218613
1953.5,0.0546532,-0.0109306
1954,-0.0473661,0.0437225
1954.5,0.0364354,-0.0473661
1955,0.0291483,0.0728709
1955.5,-0.0255048,-0.0437225
1956,0.040079,0.0582967
1956.5,-0.0546532,-0.00364354
1957,0.080158,0
1957.5,-0.0291483,0.0109306
1958,0.0473661,-0.0437225
1958.5,-0.0291483,0.0692273
1959,0,-0.0728709
1959.5,0.040079,0.0728709
1960,-0.0510096,-0.0291483
1960.5,0.0619402,0.0291483
1961,-0.080158,0.0182177
1961.5,0.0619402,-0.0473661
1962,-0.040079,0.0364354
1962.5,-0.00364354,-0.0728709
1963,0.00364354,0.0947321
1963.5,-0.0510096,-0.0728709
1964,0.0327919,0.0437225
1964.5,-0.080158,-0.0255048
1965,0.0838015,-0.00728709
1965.5,-0.0473661,0.0510096
1966,0.0327919,-0.0546532
1966.5,-0.0218613,0.0473661
1967,-0.0145742,-0.102019
1967.5,0.0692273,0.0582967
1968,-0.0473661,-0.0255048
1968.5,0.0437225,0.0255048
1969,-0.080158,0.0109306
1969.5,0.0510096,-0.0473661
1970,-0.040079,0.0546532
1970.5,0.0327919,-0.0947321
1971,0.0255048,0.0582967
1971.5,-0.0364354,-0.0582967
1972,0.080158,0.0218613
1972.5,-0.0619402,-0.00728709
1973,0.0765144,-0.0218613
1973.5,-0.0218613,0.040079
1974,0.00364354,-0.102019
1974.5,-0.0218613,0.0546532
1975,-0.00728709,-0.0546532
1975.5,0.0145742,0.0619402
1976,-0.0655838,-0.0182177
1976.5,0.0838015,0.00364354
1977,-0.0765144,0.0109306
1977.5,0.0655838,-0.040079
1978,-0.0510096,0.0655838
1978.5,0.0109306,-0.0692273
1979,0.0291483,0.0765144
1979.5,-0.0364354,-0.0437225
1980,0.080158,0.0327919
1980.5,-0.0619402,0.0291483
1981,0.0546532,-0.0182177
1981.5,-0.0582967,0.0437225
1982,0.0437225,-0.0582967
1982.5,0.00364354,0.0728709
1983,-0.0364354,-0.0838015
1983.5,0.0582967,0.0437225
1984,-0.0582967,-0.0473661
1984.5,0.0546532,-0.00364354
1985,-0.0437225,0.0473661
1985.5,0.0437225,-0.0655838
1986,-0.0582967,0.0437225
1986.5,-0.0109306,-0.0838015
1987,0.0437225,0.0655838
1987.5,-0.0473661,-0.0182177
1988,0.040079,0.040079
1988.5,-0.0619402,0
1989,0.087445,-0.0255048
1989.5,-0.0582967,0.0473661
1990,-0.00364354,-0.080158
1990.5,0.0145742,0.0619402
1991,-0.0655838,-0.0582967
1991.5,0.0291483,0.0546532
1992,-0.0765144,-0.0218613
1992.5,0.0728709,-0.00364354
1993,-0.0765144,0.0327919
1993.5,0.0473661,-0.0327919
1994,-0.0182177,0.0692273
1994.5,-0.0182177,-0.087445
1995,0.0109306,0.0692273
1995.5,-0.0291483,-0.0327919
1996,0.102019,0.0109306
1996.5,-0.0655838,0.00364354
1997,0.0619402,-0.0145742
1997.5,-0.0327919,0.0728709
1998,0.0255048,-0.0619402
1998.5,0.0145742,0.0692273
1999,-0.0473661,-0.080158
1999.5,0.080158,0.0473661
2000,-0.0327919,-0.0109306
2000.5,0.0692273,0.0145742
2001,-0.0437225,0.040079
2001.5,0.0546532,-0.0582967
2002,0.0145742,0.0619402
2002.5,-0.0291483,-0.0838015
2003,0.0364354,0.0364354
2003.5,-0.0582967,-0.0255048
2004,0.0582967,0.0218613
2004.5,-0.0619402,0.00364354
2005,0.0692273,-0.0109306
2005.5,-0.0182177,0.0582967
2006,-0.0182177,-0.0655838
2006.5,0,0.0619402
2007,-0.0291483,-0.0655838
2007.5,0.0692273,0.040079
2008,-0.0692273,-0.0255048
2008.5,0.0765144,-0.00364354
2009,-0.0582967,0.0546532
2009.5,0.040079,-0.0692273
2010,-0.0218613,0.0582967
2010.5,-0.0619402,-0.0838015
2011,0.0364354,0.0473661
2011.5,-0.0765144,-0.0327919
2012,0.0546532,0
2012.5,-0.0655838,0.0546532
2013,0.0692273,-0.0327919
2013.5,-0.0437225,0.0437225
2014,-0.0109306,-0.0619402
2014.5,0.0510096,0.0218613
2015,-0.040079,-0.0692273
2015.5,0.0582967,0.0327919
2016,-0.080158,-0.0327919
2016.5,0.0655838,-0.0291483
2017,-0.0364354,0.0473661
2017.5,0.00364354,-0.0692273
2018,-0.00728709,0.0619402
2018.5,-0.0182177,-0.0510096
2019,0.0473661,0.0619402
2019.5,-0.0510096,-0.0473661
2020,0.0692273,-0.00364354
2020.5,-0.0910886,0.0291483
2021,0.0437225,-0.087445
2021.5,0,0.0546532
2022,0.00364354,-0.102019
2022.5,0.0218613,0
2023,-0.0437225,-0.0619402
2023.5,0.0692273,0.0291483
2024,-0.0582967,-0.0109306
2024.5,0.0692273,-0.0255048
2025,-0.0364354,0.0619402
2025.5,0.0327919,-0.0910886
2026,-0.00364354,0.087445
2026.5,-0.0255048,-0.0364354
2027,0.0546532,0.0692273
2027.5,-0.040079,-0.00728709
2028,0.0327919,-0.0218613
2028.5,-0.0655838,0.0327919
2029,0.040079,-0.0510096
2029.5,-0.0546532,0.0582967
2030,0,-0.0546532
2030.5,0.0291483,0.0327919
2031,-0.0619402,-0.0473661
2031.5,0.0728709,0.0145742
2032,-0.0582967,0.00364354
2032.5,0.080158,-0.0145742
2033,-0.0364354,0.0510096
2033.5,0.0291483,-0.0838015
2034,0.0218613,0.0437225
2034.5,-0.0437225,-0.080158
2035,0.0291483,0.00728709
2035.5,-0.0765144,-0.0364354
2036,0.0655838,0.00728709
2036.5,-0.0546532,0.0619402
2037,0.0327919,-0.0510096
2037.5,-0.0437225,0.0510096
2038,0,-0.040079
2038.5,0.0619402,0.0546532
2039,-0.0619402,-0.0437225
2039.5,0.087445,0.0291483
2040,-0.0838015,0.0182177
2040.5,0.0510096,-0.0437225
2041,-0.00364354,0.040079
2041.5,0.0327919,-0.0728709
2042,0.0218613,0.0619402
2042.5,-0.0364354,-0.0765144
2043,0.0473661,0.0218613
2043.5,-0.0728709,-0.0182177
2044,0.0546532,-0.0255048
2044.5,-0.0327919,0.0510096
2045,0.0619402,-0.0437225
2045.5,0.00364354,0.0546532
2046,-0.00364354,-0.0728709
2046.5,0.0291483,0.0510096
2047,-0.0619402,-0.0327919
2047.5,0.0582967,0.00364354
