-11.2325,-0.532771,0.47638
-11.2247,-0.532513,0.461046
-11.2168,-0.524108,0.45879
-11.209,-0.51159,0.467854
-11.2012,-0.531274,0.479211
-11.1933,-0.528987,0.462674
-11.1855,-0.532161,0.468947
-11.1777,-0.528121,0.457205
-11.1699,-0.528205,0.46443
-11.162,-0.524511,0.456807
-11.1542,-0.526808,0.465791
-11.1464,-0.526752,0.454475
-11.1385,-0.519418,0.460436
-11.1307,-0.517876,0.46466
-11.1229,-0.528954,0.473272
-11.1151,-0.532795,0.457515
-11.1072,-0.523433,0.463657
-11.0994,-0.537362,0.461356
-11.0916,-0.521328,0.442827
-11.0838,-0.507456,0.47403
-11.0759,-0.541998,0.47071
-11.0681,-0.525603,0.454328
-11.0603,-0.52924,0.462466
-11.0524,-0.521442,0.460722
-11.0446,-0.529913,0.467251
-11.0368,-0.525078,0.46826
-11.029,-0.544585,0.468394
-11.0211,-0.527833,0.454795
-11.0133,-0.540039,0.471684
-11.0055,-0.53721,0.450907
-10.9976,-0.532686,0.466617
-10.9898,-0.544378,0.458741
-10.982,-0.539064,0.451685
-10.9742,-0.53142,0.456869
-10.9663,-0.542097,0.459737
-10.9585,-0.538857,0.453115
-10.9507,-0.540129,0.448818
-10.9428,-0.523792,0.456656
-10.935,-0.548073,0.466084
-10.9272,-0.538997,0.448263
-10.9194,-0.5448,0.456715
-10.9115,-0.53311,0.447178
-10.9037,-0.544373,0.466454
-10.8959,-0.549076,0.444352
-10.888,-0.537918,0.451257
-10.8802,-0.542168,0.456303
-10.8724,-0.556785,0.450201
-10.8646,-0.536976,0.433634
-10.8567,-0.536254,0.459475
-10.8489,-0.551324,0.447409
-10.8411,-0.540108,0.443999
-10.8332,-0.54121,0.455446
-10.8254,-0.557168,0.4459
-10.8176,-0.535591,0.438298
-10.8098,-0.548708,0.457879
-10.8019,-0.551577,0.43551
-10.7941,-0.53709,0.441741
-10.7863,-0.536232,0.451819
-10.7784,-0.552392,0.459505
-10.7706,-0.55708,0.442514
-10.7628,-0.547727,0.441209
-10.755,-0.546206,0.449043
-10.7471,-0.557817,0.44719
-10.7393,-0.552299,0.441944
-10.7315,-0.5581,0.440866
-10.7236,-0.548048,0.440064
-10.7158,-0.562936,0.444155
-10.708,-0.552776,0.428392
-10.7002,-0.549975,0.439075
-10.6923,-0.549372,0.439936
-10.6845,-0.559975,0.442244
-10.6767,-0.554051,0.433781
-10.6688,-0.559705,0.438862
-10.661,-0.555915,0.431115
-10.6532,-0.558323,0.432652
-10.6454,-0.549278,0.432016
-10.6375,-0.561646,0.438171
-10.6297,-0.553672,0.428218
-10.6219,-0.562298,0.436836
-10.614,-0.556876,0.422785
-10.6062,-0.556863,0.432315
-10.5984,-0.556753,0.424571
-10.5906,-0.555117,0.425047
-10.5827,-0.542399,0.428232
-10.5749,-0.558336,0.444409
-10.5671,-0.562096,0.429203
-10.5592,-0.566548,0.430194
-10.5514,-0.554058,0.413565
-10.5436,-0.544572,0.43788
-10.5358,-0.564941,0.440765
-10.5279,-0.573242,0.428788
-10.5201,-0.563893,0.417794
-10.5123,-0.561251,0.424276
-10.5045,-0.562253,0.419779
-10.4966,-0.558097,0.419056
-10.4888,-0.553193,0.422969
-10.481,-0.556529,0.427556
-10.4731,-0.558582,0.431028
-10.4653,-0.564313,0.426662
-10.4575,-0.561559,0.435705
-10.4497,-0.585523,0.423021
-10.4418,-0.558965,0.408253
-10.434,-0.564812,0.428025
-10.4262,-0.571361,0.419956
-10.4183,-0.572928,0.408124
-10.4105,-0.549595,0.413488
-10.4027,-0.570526,0.424055
-10.3949,-0.553324,0.412522
-10.387,-0.571283,0.434009
-10.3792,-0.57081,0.406279
-10.3714,-0.559616,0.418605
-10.3635,-0.561328,0.421412
-10.3557,-0.574861,0.425561
-10.3479,-0.567156,0.410254
-10.3401,-0.568654,0.425836
-10.3322,-0.576032,0.415889
-10.3244,-0.577561,0.415474
-10.3166,-0.573161,0.405813
-10.3087,-0.570512,0.410553
-10.3009,-0.565803,0.410174
-10.2931,-0.57565,0.418696
-10.2853,-0.576111,0.403374
-10.2774,-0.569227,0.408911
-10.2696,-0.572258,0.407969
-10.2618,-0.571553,0.407012
-10.2539,-0.571292,0.408242
-10.2461,-0.572643,0.401911
-10.2383,-0.561512,0.410833
-10.2305,-0.58135,0.41161
-10.2226,-0.567757,0.399
-10.2148,-0.570786,0.409303
-10.207,-0.567865,0.407268
-10.1991,-0.577559,0.408035
-10.1913,-0.564593,0.401989
-10.1835,-0.572638,0.413992
-10.1757,-0.569672,0.409631
-10.1678,-0.583237,0.415209
-10.16,-0.576439,0.401088
-10.1522,-0.581304,0.410714
-10.1443,-0.57913,0.397334
-10.1365,-0.575034,0.405511
-10.1287,-0.579238,0.404697
-10.1209,-0.581734,0.397852
-10.113,-0.56613,0.40145
-10.1052,-0.580102,0.415463
-10.0974,-0.587841,0.40913
-10.0895,-0.597506,0.392755
-10.0817,-0.568441,0.389027
-10.0739,-0.583964,0.405963
-10.0661,-0.573,0.395673
-10.0582,-0.589683,0.411634
-10.0504,-0.585161,0.387832
-10.0426,-0.579797,0.401537
-10.0347,-0.581507,0.401282
-10.0269,-0.596789,0.403155
-10.0191,-0.58675,0.387888
-10.0113,-0.595534,0.394688
-10.0034,-0.577516,0.378411
-9.99561,-0.586067,0.405526
-9.98778,-0.589627,0.379958
-9.97995,-0.581109,0.39848
-9.97212,-0.593329,0.386007
-9.96429,-0.585408,0.387421
-9.95647,-0.582924,0.383028
-9.94864,-0.581825,0.394666
-9.94081,-0.589685,0.388642
-9.93298,-0.587439,0.388029
-9.92515,-0.585373,0.38859
-9.91732,-0.595827,0.390958
-9.9095,-0.590063,0.376906
-9.90167,-0.589275,0.385875
-9.89384,-0.590739,0.376483
-9.88601,-0.588497,0.375943
-9.87818,-0.575091,0.370994
-9.87035,-0.578333,0.389821
-9.86253,-0.580932,0.376507
-9.8547,-0.570034,0.393487
-9.84687,-0.589383,0.399327
-9.83904,-0.598478,0.388003
-9.83121,-0.590962,0.375673
-9.82338,-0.58285,0.381242
-9.81556,-0.58208,0.385883
-9.80773,-0.587909,0.391038
-9.7999,-0.590132,0.389097
-9.79207,-0.59824,0.389611
-9.78424,-0.595703,0.379574
-9.77641,-0.596151,0.384192
-9.76859,-0.596426,0.374858
-9.76076,-0.588501,0.380547
-9.75293,-0.596678,0.382558
-9.7451,-0.592089,0.376337
-9.73727,-0.594367,0.388268
-9.72944,-0.605892,0.373911
-9.72161,-0.590103,0.375848
-9.71379,-0.601897,0.376286
-9.70596,-0.58925,0.375273
-9.69813,-0.60508,0.380089
-9.6903,-0.594712,0.365309
-9.68247,-0.589136,0.374275
-9.67464,-0.587666,0.388017
-9.66682,-0.617443,0.383789
-9.65899,-0.595052,0.362935
-9.65116,-0.606794,0.388242
-9.64333,-0.614373,0.355997
-9.6355,-0.588241,0.365293
-9.62768,-0.603677,0.377998
-9.61985,-0.606965,0.358582
-9.61202,-0.587263,0.367776
-9.60419,-0.606375,0.374234
-9.59636,-0.596814,0.363387
-9.58853,-0.60253,0.369945
-9.5807,-0.592335,0.365656
-9.57288,-0.6044,0.379934
-9.56505,-0.605281,0.365061
-9.55722,-0.606052,0.375231
-9.54939,-0.617241,0.36329
-9.54156,-0.606142,0.350961
-9.53373,-0.592287,0.363434
-9.52591,-0.609372,0.370086
-9.51808,-0.60591,0.358175
-9.51025,-0.604729,0.362201
-9.50242,-0.606214,0.36189
-9.49459,-0.607493,0.354996
-9.48676,-0.598785,0.362003
-9.47894,-0.610234,0.356776
-9.47111,-0.594969,0.36124
-9.46328,-0.613342,0.36161
-9.45545,-0.596172,0.360516
-9.44762,-0.621732,0.365236
-9.43979,-0.601371,0.346135
-9.43197,-0.611009,0.362842
-9.42414,-0.60221,0.348543
-9.41631,-0.60826,0.361894
-9.40848,-0.601889,0.351675
-9.40065,-0.608427,0.364433
-9.39282,-0.606275,0.357548
-9.385,-0.620624,0.36448
-9.37717,-0.614221,0.344847
-9.36934,-0.614477,0.355602
-9.36151,-0.615169,0.344581
-9.35368,-0.614411,0.34282
-9.34585,-0.598983,0.34027
-9.33803,-0.608015,0.352921
-9.3302,-0.599828,0.344477
-9.32237,-0.608417,0.358463
-9.31454,-0.606639,0.346942
-9.30671,-0.612106,0.353933
-9.29888,-0.604012,0.342548
-9.29105,-0.604701,0.356618
-9.28323,-0.605715,0.356668
-9.2754,-0.625686,0.359177
-9.26757,-0.611946,0.333646
-9.25974,-0.6053,0.354232
-9.25191,-0.610183,0.350566
-9.24409,-0.618542,0.356389
-9.23626,-0.613964,0.343082
-9.22843,-0.616237,0.356213
-9.2206,-0.620442,0.346633
-9.21277,-0.627247,0.349697
-9.20494,-0.622915,0.329093
-9.19711,-0.608628,0.337936
-9.18929,-0.608677,0.34495
-9.18146,-0.618791,0.350184
-9.17363,-0.618888,0.345552
-9.1658,-0.633351,0.341898
-9.15797,-0.612094,0.321786
-9.15014,-0.610509,0.350851
-9.14232,-0.626876,0.336321
-9.13449,-0.61524,0.33242
-9.12666,-0.611452,0.338584
-9.11883,-0.617779,0.34033
-9.111,-0.611949,0.344237
-9.10317,-0.633829,0.344406
-9.09535,-0.615881,0.326885
-9.08752,-0.627298,0.345505
-9.07969,-0.62206,0.320748
-9.07186,-0.618216,0.340112
-9.06403,-0.621159,0.322819
-9.0562,-0.612015,0.341811
-9.04838,-0.632282,0.331423
-9.04055,-0.616472,0.319914
-9.03272,-0.606314,0.333674
-9.02489,-0.622788,0.342966
-9.01706,-0.62333,0.328394
-9.00923,-0.621049,0.332988
-9.00141,-0.619895,0.328229
-8.99358,-0.620852,0.333012
-8.98575,-0.620361,0.329182
-8.97792,-0.623304,0.330959
-8.97009,-0.61822,0.326992
-8.96226,-0.62357,0.331034
-8.95444,-0.6138,0.323533
-8.94661,-0.61584,0.341512
-8.93878,-0.62766,0.337034
-8.93095,-0.633009,0.330791
-8.92312,-0.623798,0.322112
-8.91529,-0.623336,0.330754
-8.90746,-0.624565,0.32984
-8.89964,-0.632626,0.328355
-8.89181,-0.621597,0.320296
-8.88398,-0.624113,0.332448
-8.87615,-0.626556,0.331677
-8.86832,-0.642055,0.330207
-8.86049,-0.629429,0.31145
-8.85267,-0.628361,0.325726
-8.84484,-0.628823,0.315529
-8.83701,-0.628317,0.321718
-8.82918,-0.623606,0.312126
-8.82135,-0.61818,0.325529
-8.81353,-0.625263,0.326604
-8.8057,-0.630894,0.326072
-8.79787,-0.625885,0.320436
-8.79004,-0.629373,0.329782
-8.78221,-0.635378,0.324403
-8.77438,-0.639574,0.319233
-8.76655,-0.629308,0.311683
-8.75873,-0.629972,0.320882
-8.7509,-0.630128,0.316056
-8.74307,-0.628425,0.319468
-8.73524,-0.629137,0.324714
-8.72741,-0.6413,0.319318
-8.71958,-0.62682,0.316417
-8.71176,-0.643937,0.32597
-8.70393,-0.63791,0.306626
-8.6961,-0.636306,0.314041
-8.68827,-0.62793,0.306613
-8.68044,-0.628491,0.323224
-8.67261,-0.63685,0.320435
-8.66479,-0.644242,0.318695
-8.65696,-0.640641,0.309441
-8.64913,-0.641744,0.309015
-8.6413,-0.631015,0.306434
-8.63347,-0.637185,0.315846
-8.62564,-0.635816,0.314008
-8.61782,-0.650584,0.312469
-8.60999,-0.633428,0.29753
-8.60216,-0.636349,0.315379
-8.59433,-0.637046,0.309006
-8.5865,-0.647886,0.313556
-8.57867,-0.6379,0.2981
-8.57085,-0.641188,0.313678
-8.56302,-0.642522,0.300509
-8.55519,-0.642664,0.305846
-8.54736,-0.634653,0.299175
-8.53953,-0.643698,0.312442
-8.5317,-0.637844,0.29631
-8.52388,-0.643427,0.317101
-8.51605,-0.650224,0.291917
-8.50822,-0.638568,0.306426
-8.50039,-0.651186,0.291029
-8.49256,-0.630654,0.295356
-8.48473,-0.640777,0.30048
-8.4769,-0.634643,0.297849
-8.46908,-0.636969,0.302287
-8.46125,-0.633574,0.303675
-8.45342,-0.643812,0.315013
-8.44559,-0.655252,0.294446
-8.43776,-0.631796,0.297248
-8.42994,-0.650195,0.307047
-8.42211,-0.640681,0.293171
-8.41428,-0.64514,0.304869
-8.40645,-0.642939,0.296881
-8.39862,-0.649531,0.303471
-8.39079,-0.643114,0.292368
-8.38297,-0.647838,0.306726
-8.37514,-0.651364,0.290528
-8.36731,-0.643659,0.300748
-8.35948,-0.655222,0.296989
-8.35165,-0.652555,0.289701
-8.34382,-0.646683,0.287311
-8.33599,-0.643717,0.290345
-8.32817,-0.642147,0.294869
-8.32034,-0.647638,0.294456
-8.31251,-0.641967,0.298923
-8.30468,-0.659079,0.299465
-8.29685,-0.647771,0.288541
-8.28902,-0.657207,0.299541
-8.2812,-0.656057,0.284066
-8.27337,-0.65317,0.288429
-8.26554,-0.648616,0.286601
-8.25771,-0.658424,0.291737
-8.24988,-0.650457,0.277603
-8.24205,-0.64992,0.292145
-8.23423,-0.656326,0.282155
-8.2264,-0.651319,0.280371
-8.21857,-0.640675,0.281368
-8.21074,-0.649586,0.298338
-8.20291,-0.657973,0.283855
-8.19508,-0.650446,0.288325
-8.18726,-0.660041,0.287515
-8.17943,-0.65793,0.277729
-8.1716,-0.64922,0.2807
-8.16377,-0.654044,0.284845
-8.15594,-0.654228,0.284862
-8.14811,-0.661864,0.281199
-8.14029,-0.654245,0.274829
-8.13246,-0.6525,0.276595
-8.12463,-0.647727,0.283675
-8.1168,-0.661038,0.282003
-8.10897,-0.651734,0.278764
-8.10114,-0.662009,0.277139
-8.09332,-0.642627,0.276113
-8.08549,-0.66342,0.292813
-8.07766,-0.66333,0.272272
-8.06983,-0.664951,0.272335
-8.062,-0.647488,0.261464
-8.05417,-0.649901,0.283228
-8.04634,-0.655322,0.271747
-8.03852,-0.650262,0.276889
-8.03069,-0.648686,0.278528
-8.02286,-0.65495,0.285466
-8.01503,-0.657651,0.284486
-8.0072,-0.671512,0.280357
-7.99938,-0.657548,0.265395
-7.99155,-0.656795,0.279229
-7.98372,-0.657724,0.27556
-7.97589,-0.664269,0.280306
-7.96806,-0.662251,0.271992
-7.96023,-0.665984,0.275771
-7.9524,-0.662623,0.26735
-7.94458,-0.661479,0.270358
-7.93675,-0.655335,0.271612
-7.92892,-0.665568,0.277487
-7.92109,-0.660634,0.270113
-7.91326,-0.667249,0.276871
-7.90543,-0.665018,0.270091
-7.89761,-0.673943,0.272139
-7.88978,-0.663882,0.257819
-7.88195,-0.661193,0.272227
-7.87412,-0.668142,0.267533
-7.86629,-0.665841,0.262957
-7.85846,-0.656973,0.270174
-7.85064,-0.675096,0.273399
-7.84281,-0.664438,0.259451
-7.83498,-0.666515,0.272111
-7.82715,-0.669569,0.268334
-7.81932,-0.678416,0.2664
-7.81149,-0.669542,0.257
-7.80367,-0.673162,0.261408
-7.79584,-0.665197,0.25644
-7.78801,-0.67061,0.261524
-7.78018,-0.660763,0.260348
-7.77235,-0.676594,0.270671
-7.76452,-0.673777,0.256196
-7.7567,-0.679514,0.257568
-7.74887,-0.663061,0.248591
-7.74104,-0.676625,0.269702
-7.73321,-0.682187,0.24061
-7.72538,-0.659931,0.245597
-7.71755,-0.662933,0.260346
-7.70973,-0.678117,0.25197
-7.7019,-0.656919,0.247901
-7.69407,-0.675183,0.263944
-7.68624,-0.668518,0.241266
-7.67841,-0.663748,0.255635
-7.67058,-0.662844,0.251072
-7.66276,-0.666835,0.260439
-7.65493,-0.666264,0.257667
-7.6471,-0.683052,0.261088
-7.63927,-0.671491,0.235796
-7.63144,-0.661815,0.254661
-7.62361,-0.66651,0.251171
-7.61579,-0.669741,0.260089
-7.60796,-0.675128,0.247533
-7.60013,-0.664092,0.250439
-7.5923,-0.670573,0.258629
-7.58447,-0.675605,0.245976
-7.57664,-0.659232,0.256261
-7.56882,-0.684919,0.257172
-7.56099,-0.66302,0.244015
-7.55316,-0.679953,0.262135
-7.54533,-0.669701,0.241062
-7.5375,-0.676677,0.26231
-7.52967,-0.676337,0.238027
-7.52184,-0.666743,0.258651
-7.51402,-0.682399,0.250418
-7.50619,-0.675086,0.246333
-7.49836,-0.671295,0.249772
-7.49053,-0.677737,0.253549
-7.4827,-0.676169,0.253755
-7.47487,-0.692789,0.249838
-7.46705,-0.672387,0.234798
-7.45922,-0.680759,0.25636
-7.45139,-0.681996,0.236539
-7.44356,-0.676484,0.24822
-7.43573,-0.679506,0.242437
-7.4279,-0.682411,0.247026
-7.42008,-0.67989,0.23793
-7.41225,-0.68155,0.242731
-7.40442,-0.672642,0.234028
-7.39659,-0.673728,0.251277
-7.38876,-0.679343,0.242818
-7.38093,-0.677837,0.251168
-7.37311,-0.686704,0.248963
-7.36528,-0.693654,0.242927
-7.35745,-0.685019,0.231397
-7.34962,-0.681991,0.238836
-7.34179,-0.68271,0.23664
-7.33396,-0.684872,0.234534
-7.32614,-0.674401,0.23388
-7.31831,-0.683331,0.241109
-7.31048,-0.676527,0.232101
-7.30265,-0.676675,0.24085
-7.29482,-0.67233,0.24259
-7.28699,-0.684802,0.252395
-7.27917,-0.68724,0.244875
-7.27134,-0.698737,0.243438
-7.26351,-0.690301,0.227343
-7.25568,-0.686073,0.230691
-7.24785,-0.675149,0.234125
-7.24002,-0.689969,0.241641
-7.23219,-0.677876,0.232963
-7.22437,-0.693062,0.247681
-7.21654,-0.688182,0.227745
-7.20871,-0.691205,0.239972
-7.20088,-0.685664,0.222136
-7.19305,-0.678087,0.240389
-7.18523,-0.686813,0.238104
-7.1774,-0.687695,0.239231
-7.16957,-0.686204,0.243639
-7.16174,-0.707949,0.240354
-7.15391,-0.685702,0.219888
-7.14608,-0.692648,0.248242
-7.13826,-0.701581,0.223656
-7.13043,-0.689238,0.233479
-7.1226,-0.697247,0.228692
-7.11477,-0.690929,0.229014
-7.10694,-0.693867,0.234069
-7.09911,-0.701809,0.224757
-7.09128,-0.683877,0.225138
-7.08346,-0.700409,0.233949
-7.07563,-0.686513,0.221558
-7.0678,-0.697741,0.239007
-7.05997,-0.693998,0.222159
-7.05214,-0.699381,0.236984
-7.04431,-0.699973,0.217877
-7.03649,-0.693615,0.227636
-7.02866,-0.691541,0.223538
-7.02083,-0.697237,0.236295
-7.013,-0.701802,0.224157
-7.00517,-0.700959,0.228487
-6.99734,-0.701772,0.222979
-6.98952,-0.706187,0.221038
-6.98169,-0.691245,0.215001
-6.97386,-0.702428,0.232456
-6.96603,-0.704487,0.213076
-6.9582,-0.7005,0.217127
-6.95037,-0.688989,0.208486
-6.94255,-0.688138,0.230051
-6.93472,-0.696967,0.223275
-6.92689,-0.696832,0.227212
-6.91906,-0.69558,0.225395
-6.91123,-0.705581,0.231899
-6.9034,-0.703848,0.219046
-6.89558,-0.705544,0.223611
-6.88775,-0.696331,0.216993
-6.87992,-0.706531,0.233292
-6.87209,-0.707815,0.212584
-6.86426,-0.700331,0.225469
-6.85643,-0.705791,0.219901
-6.84861,-0.706541,0.227302
-6.84078,-0.712238,0.219059
-6.83295,-0.711732,0.220308
-6.82512,-0.712,0.213069
-6.81729,-0.709764,0.21327
-6.80946,-0.703443,0.211293
-6.80164,-0.705644,0.218731
-6.79381,-0.704633,0.218705
-6.78598,-0.715188,0.221916
-6.77815,-0.711011,0.213184
-6.77032,-0.718184,0.215511
-6.76249,-0.706201,0.20529
-6.75467,-0.712918,0.221404
-6.74684,-0.71626,0.203768
-6.73901,-0.703195,0.208625
-6.73118,-0.705178,0.223636
-6.72335,-0.732305,0.214949
-6.71552,-0.705589,0.193346
-6.7077,-0.711079,0.220708
-6.69987,-0.715607,0.202523
-6.69204,-0.714164,0.210468
-6.68421,-0.707381,0.197399
-6.67638,-0.703239,0.218534
-6.66855,-0.718511,0.211534
-6.66072,-0.713983,0.202466
-6.6529,-0.697006,0.208317
-6.64507,-0.714118,0.226923
-6.63724,-0.716898,0.213942
-6.62941,-0.728937,0.218985
-6.62158,-0.719176,0.195991
-6.61375,-0.715084,0.215726
-6.60593,-0.719107,0.205302
-6.5981,-0.723802,0.217982
-6.59027,-0.727457,0.194587
-6.58244,-0.710378,0.20925
-6.57461,-0.725232,0.210469
-6.56678,-0.725582,0.207842
-6.55896,-0.728687,0.2015
-6.55113,-0.725888,0.197246
-6.5433,-0.717099,0.19284
-6.53547,-0.709685,0.202466
-6.52764,-0.712529,0.215779
-6.51981,-0.732973,0.215738
-6.51199,-0.729347,0.201979
-6.50416,-0.729905,0.201475
-6.49633,-0.719043,0.204974
-6.4885,-0.741596,0.211238
-6.48067,-0.729388,0.188432
-6.47284,-0.727472,0.204187
-6.46502,-0.727515,0.202857
-6.45719,-0.749989,0.205388
-6.44936,-0.732427,0.174676
-6.44153,-0.729902,0.198781
-6.4337,-0.728088,0.176397
-6.42587,-0.716528,0.200939
-6.41805,-0.729177,0.193303
-6.41022,-0.727816,0.203066
-6.40239,-0.735542,0.18942
-6.39456,-0.727673,0.19768
-6.38673,-0.737441,0.189701
-6.3789,-0.728172,0.189122
-6.37108,-0.728077,0.19119
-6.36325,-0.731259,0.195452
-6.35542,-0.731032,0.189862
-6.34759,-0.733195,0.195235
-6.33976,-0.730892,0.186361
-6.33193,-0.728834,0.200996
-6.32411,-0.745226,0.192435
-6.31628,-0.733879,0.184413
-6.30845,-0.738675,0.194458
-6.30062,-0.743412,0.17327
-6.29279,-0.713627,0.186017
-6.28496,-0.743744,0.1988
-6.27713,-0.725184,0.179636
-6.26931,-0.740078,0.205518
-6.26148,-0.740122,0.175901
-6.25365,-0.730434,0.195676
-6.24582,-0.735603,0.187688
-6.23799,-0.739929,0.207056
-6.23016,-0.759609,0.184561
-6.22234,-0.743014,0.181393
-6.21451,-0.746351,0.180146
-6.20668,-0.74025,0.182252
-6.19885,-0.745708,0.184529
-6.19102,-0.750608,0.177502
-6.18319,-0.736363,0.169107
-6.17537,-0.734762,0.190719
-6.16754,-0.755415,0.181359
-6.15971,-0.740308,0.166665
-6.15188,-0.732036,0.184193
-6.14405,-0.747755,0.183644
-6.13622,-0.740828,0.180916
-6.1284,-0.753933,0.18124
-6.12057,-0.741619,0.168792
-6.11274,-0.742552,0.1786
-6.10491,-0.733908,0.176217
-6.09708,-0.744572,0.195953
-6.08925,-0.758888,0.181889
-6.08143,-0.756863,0.173271
-6.0736,-0.747037,0.169903
-6.06577,-0.750597,0.174761
-6.05794,-0.74401,0.173657
-6.05011,-0.758637,0.177805
-6.04228,-0.744076,0.160281
-6.03446,-0.744066,0.183521
-6.02663,-0.754451,0.174664
-6.0188,-0.762026,0.175323
-6.01097,-0.754157,0.149617
-6.00314,-0.731854,0.169612
-5.99531,-0.748352,0.177057
-5.98749,-0.746907,0.17277
-5.97966,-0.749602,0.178773
-5.97183,-0.760447,0.172277
-5.964,-0.747489,0.162116
-5.95617,-0.743869,0.179792
-5.94834,-0.759566,0.180056
-5.94052,-0.759687,0.1723
-5.93269,-0.7661,0.175497
-5.92486,-0.769325,0.153109
-5.91703,-0.745484,0.160568
-5.9092,-0.759165,0.165562
-5.90137,-0.749012,0.165552
-5.89355,-0.764456,0.166429
-5.88572,-0.751608,0.15694
-5.87789,-0.751596,0.160568
-5.87006,-0.740788,0.175531
-5.86223,-0.773519,0.172544
-5.8544,-0.745219,0.159537
-5.84657,-0.771366,0.180265
-5.83875,-0.758868,0.150384
-5.83092,-0.760159,0.171055
-5.82309,-0.756156,0.157761
-5.81526,-0.763502,0.173633
-5.80743,-0.761611,0.156981
-5.7996,-0.763045,0.169649
-5.79178,-0.761081,0.160721
-5.78395,-0.771619,0.172923
-5.77612,-0.772562,0.150564
-5.76829,-0.76396,0.157627
-5.76046,-0.76264,0.155346
-5.75264,-0.767092,0.158867
-5.74481,-0.759533,0.154344
-5.73698,-0.768323,0.160076
-5.72915,-0.755384,0.153613
-5.72132,-0.770733,0.167912
-5.71349,-0.760238,0.148267
-5.70566,-0.763216,0.171345
-5.69784,-0.768244,0.157892
-5.69001,-0.772141,0.167811
-5.68218,-0.770889,0.155254
-5.67435,-0.777341,0.167158
-5.66652,-0.777816,0.147242
-5.65869,-0.770278,0.157209
-5.65087,-0.770667,0.156696
-5.64304,-0.786248,0.163414
-5.63521,-0.779719,0.137532
-5.62738,-0.77207,0.154113
-5.61955,-0.774761,0.141531
-5.61172,-0.765452,0.156241
-5.6039,-0.778513,0.156932
-5.59607,-0.785874,0.151468
-5.58824,-0.777126,0.136247
-5.58041,-0.766627,0.147592
-5.57258,-0.768012,0.155775
-5.56475,-0.785766,0.164
-5.55693,-0.792233,0.141936
-5.5491,-0.77992,0.13996
-5.54127,-0.78221,0.142788
-5.53344,-0.778278,0.12835
-5.52561,-0.75597,0.149136
-5.51778,-0.790258,0.150933
-5.50996,-0.757614,0.136606
-5.50213,-0.781895,0.173595
-5.4943,-0.790916,0.142786
-5.48647,-0.789294,0.148807
-5.47864,-0.783758,0.136349
-5.47081,-0.787282,0.1419
-5.46299,-0.769438,0.136688
-5.45516,-0.791304,0.159091
-5.44733,-0.783435,0.129659
-5.4395,-0.78638,0.154957
-5.43167,-0.787639,0.132193
-5.42384,-0.792733,0.152948
-5.41601,-0.794513,0.117607
-5.40819,-0.77327,0.142652
-5.40036,-0.789923,0.134187
-5.39253,-0.782411,0.139865
-5.3847,-0.78409,0.129648
-5.37687,-0.774861,0.145094
-5.36904,-0.785958,0.145355
-5.36122,-0.797185,0.149512
-5.35339,-0.795239,0.120391
-5.34556,-0.770784,0.142737
-5.33773,-0.796084,0.145705
-5.3299,-0.784724,0.138245
-5.32207,-0.795742,0.153753
-5.31425,-0.8093,0.131278
-5.30642,-0.782422,0.134187
-5.29859,-0.810519,0.150286
-5.29076,-0.805127,0.118538
-5.28293,-0.798871,0.130838
-5.2751,-0.798249,0.116634
-5.26728,-0.788359,0.119746
-5.25945,-0.771715,0.126414
-5.25162,-0.792221,0.150325
-5.24379,-0.790189,0.128866
-5.23596,-0.798642,0.152384
-5.22813,-0.803182,0.121503
-5.22031,-0.792026,0.146922
-5.21248,-0.810837,0.126609
-5.20465,-0.793944,0.138487
-5.19682,-0.81217,0.128463
-5.18899,-0.795502,0.133978
-5.18116,-0.817825,0.132242
-5.17334,-0.802434,0.115717
-5.16551,-0.794757,0.130651
-5.15768,-0.810405,0.137737
-5.14985,-0.81493,0.117619
-5.14202,-0.798511,0.119966
-5.13419,-0.799716,0.125534
-5.12637,-0.799894,0.135301
-5.11854,-0.815896,0.132735
-5.11071,-0.810356,0.124718
-5.10288,-0.818552,0.130855
-5.09505,-0.822413,0.110181
-5.08722,-0.801552,0.112897
-5.0794,-0.810025,0.122664
-5.07157,-0.811049,0.116104
-5.06374,-0.805938,0.109366
-5.05591,-0.78875,0.12733
-5.04808,-0.825159,0.138727
-5.04025,-0.815619,0.102282
-5.03242,-0.798874,0.123443
-5.0246,-0.810526,0.124082
-5.01677,-0.808954,0.127959
-5.00894,-0.818565,0.129597
-5.00111,-0.822722,0.12362
-4.99328,-0.825756,0.121734
-4.98545,-0.825248,0.106979
-4.97763,-0.80753,0.119541
-4.9698,-0.83429,0.121852
-4.96197,-0.816899,0.101786
-4.95414,-0.817817,0.120417
-4.94631,-0.822726,0.111418
-4.93849,-0.819231,0.113333
-4.93066,-0.818184,0.120303
-4.92283,-0.837412,0.120579
-4.915,-0.83572,0.101503
-4.90717,-0.827507,0.0944233
-4.89934,-0.811122,0.101895
-4.89151,-0.825064,0.110563
-4.88369,-0.822193,0.101513
-4.87586,-0.820009,0.0953305
-4.86803,-0.796663,0.110876
-4.8602,-0.830966,0.129021
-4.85237,-0.830205,0.102166
-4.84454,-0.825164,0.10192
-4.83672,-0.807881,0.106925
-4.82889,-0.826545,0.124499
-4.82106,-0.829297,0.114972
-4.81323,-0.842663,0.112319
-4.8054,-0.830155,0.103847
-4.79757,-0.848921,0.105711
-4.78975,-0.829754,0.0807015
-4.78192,-0.818007,0.0940338
-4.77409,-0.810129,0.112487
-4.76626,-0.847651,0.111157
-4.75843,-0.815886,0.0874011
-4.7506,-0.826853,0.116064
-4.74278,-0.8214,0.109331
-4.73495,-0.855246,0.118257
-4.72712,-0.829283,0.0754531
-4.71929,-0.821793,0.111003
-4.71146,-0.824095,0.1017
-4.70363,-0.833963,0.114108
-4.69581,-0.820692,0.107729
-4.68798,-0.853362,0.123547
-4.68015,-0.820993,0.0873462
-4.67232,-0.840418,0.146734
-4.66449,-0.856592,0.0941075
-4.65666,-0.843348,0.12758
-4.64884,-0.865549,0.0992394
-4.64101,-0.860964,0.107652
-4.63318,-0.854131,0.0737985
-4.62535,-0.838801,0.108618
-4.61752,-0.846692,0.0844548
-4.60969,-0.836497,0.131889
-4.60186,-0.88754,0.0952319
-4.59404,-0.846555,0.0923352
-4.58621,-0.871223,0.0949191
-4.57838,-0.857248,0.0861611
-4.57055,-0.861194,0.0798576
-4.56272,-0.844191,0.0874247
-4.55489,-0.853677,0.0881796
-4.54707,-0.844067,0.101345
-4.53924,-0.871215,0.100799
-4.53141,-0.865175,0.0879968
-4.52358,-0.866898,0.0831487
-4.51575,-0.858427,0.0934101
-4.50793,-0.889205,0.081881
-4.5001,-0.853499,0.0565357
-4.49227,-0.862164,0.0900756
-4.48444,-0.86136,0.0520143
-4.47661,-0.830371,0.0909624
-4.46878,-0.870995,0.0850605
-4.46095,-0.84111,0.0865431
-4.45313,-0.882181,0.0991839
-4.4453,-0.864243,0.0700067
-4.43747,-0.881026,0.0827743
-4.42964,-0.855851,0.0484089
-4.42181,-0.848926,0.0911037
-4.41398,-0.865538,0.0730241
-4.40616,-0.855505,0.0887527
-4.39833,-0.877323,0.0846066
-4.3905,-0.877265,0.0654251
-4.38267,-0.848075,0.0623424
-4.37484,-0.856962,0.0968444
-4.36701,-0.874325,0.0858438
-4.35919,-0.884743,0.087539
-4.35136,-0.885632,0.0636134
-4.34353,-0.87764,0.0679002
-4.3357,-0.873496,0.060898
-4.32787,-0.881371,0.0703178
-4.32004,-0.87747,0.0422805
-4.31222,-0.857803,0.0540863
-4.30439,-0.848093,0.0514698
-4.29656,-0.842666,0.0892632
-4.28873,-0.880423,0.0804007
-4.2809,-0.862096,0.0631514
-4.27307,-0.85812,0.084723
-4.26525,-0.88158,0.0810521
-4.25742,-0.862422,0.0706792
-4.24959,-0.883575,0.0966381
-4.24176,-0.886397,0.0575988
-4.23393,-0.867635,0.0841324
-4.2261,-0.887568,0.0717635
-4.21828,-0.873828,0.0873804
-4.21045,-0.905682,0.0801212
-4.20262,-0.892449,0.0671618
-4.19479,-0.898066,0.0665736
-4.18696,-0.893472,0.0684407
-4.17913,-0.908771,0.0570294
-4.1713,-0.886197,0.0472824
-4.16348,-0.888864,0.058359
-4.15565,-0.881995,0.0616307
-4.14782,-0.904504,0.0682579
-4.13999,-0.892722,0.0407863
-4.13216,-0.883356,0.0689581
-4.12433,-0.913195,0.0560466
-4.11651,-0.889594,0.0338344
-4.10868,-0.875819,0.0606007
-4.10085,-0.902972,0.0646748
-4.09302,-0.897444,0.0469429
-4.08519,-0.897053,0.0498371
-4.07736,-0.882682,0.0463007
-4.06954,-0.89539,0.0669809
-4.06171,-0.889842,0.0501062
-4.05388,-0.90784,0.0881621
-4.04605,-0.938281,0.0273479
-4.03822,-0.878605,0.0396246
-4.03039,-0.91655,0.0631641
-4.02257,-0.927105,0.0338369
-4.01474,-0.903325,0.00025232
-4.00691,-0.860754,0.0360622
-3.99908,-0.889766,0.0514763
-3.99125,-0.884409,0.0558603
-3.98342,-0.895064,0.0518549
-3.9756,-0.892779,0.0829931
-3.96777,-0.948318,0.0483119
-3.95994,-0.8912,0.034586
-3.95211,-0.92986,0.0593978
-3.94428,-0.912568,0.0292037
-3.93645,-0.925211,0.0431094
-3.92863,-0.915733,0.0209349
-3.9208,-0.91316,0.0246728
-3.91297,-0.901681,0.0222964
-3.90514,-0.899276,0.0165391
-3.89731,-0.86906,0.0433304
-3.88948,-0.912125,0.0581009
-3.88166,-0.895649,0.049499
-3.87383,-0.932009,0.0597283
-3.866,-0.914407,0.0325209
-3.85817,-0.925834,0.0490135
-3.85034,-0.925001,0.0365034
-3.84251,-0.936693,0.0259464
-3.83469,-0.904207,0.0221616
-3.82686,-0.924567,0.0404237
-3.81903,-0.915437,0.0351829
-3.8112,-0.940119,0.0322356
-3.80337,-0.910637,0.0278762
-3.79554,-0.949823,0.0400311
-3.78771,-0.931816,0.0142318
-3.77989,-0.957496,0.000578571
-3.77206,-0.880347,-0.0238107
-3.76423,-0.903837,0.0465809
-3.7564,-0.899082,0.026127
-3.74857,-0.942306,0.0645348
-3.74074,-0.938074,-0.00280067
-3.73292,-0.917892,0.0320444
-3.72509,-0.92151,0.0230031
-3.71726,-0.948395,0.0493794
-3.70943,-0.956641,-0.008679
-3.7016,-0.922633,0.00175894
-3.69378,-0.913797,0.00857063
-3.68595,-0.935393,0.0332858
-3.67812,-0.939789,-0.00584887
-3.67029,-0.915047,0.0096301
-3.66246,-0.923728,0.0198955
-3.65463,-0.938127,0.0112084
-3.6468,-0.908301,0.0110231
-3.63898,-0.946292,0.0400123
-3.63115,-0.9397,-0.00254139
-3.62332,-0.941964,0.0199618
-3.61549,-0.938283,-0.00897927
-3.60766,-0.937474,0.00596532
-3.59983,-0.915803,-0.0193809
-3.59201,-0.91198,0.0306204
-3.58418,-0.932275,0.00877152
-3.57635,-0.93057,0.0372102
-3.56852,-0.970545,-0.00196618
-3.56069,-0.914774,-0.0274509
-3.55286,-0.893311,0.0218203
-3.54504,-0.926572,0.0471935
-3.53721,-0.95036,0.0449674
-3.52938,-0.978595,0.0169078
-3.52155,-0.939319,-0.00128236
-3.51372,-0.966421,0.0299349
-3.50589,-0.967892,-0.0220924
-3.49807,-0.929522,-0.00652677
-3.49024,-0.94025,0.0198325
-3.48241,-0.972471,0.00580696
-3.47458,-0.943416,-0.0200709
-3.46675,-0.938358,0.00334481
-3.45892,-0.938105,0.00603095
-3.4511,-0.945464,0.00835739
-3.44327,-0.935515,0.0334577
-3.43544,-1.00251,0.0202178
-3.42761,-0.944847,-0.0178066
-3.41978,-0.991802,0.0274618
-3.41195,-0.9645,-0.043105
-3.40413,-0.970962,0.0150411
-3.3963,-0.967174,-0.0621071
-3.38847,-0.91317,0.01284
-3.38064,-0.981655,0.00132653
-3.37281,-0.94421,-0.0127574
-3.36498,-0.962893,0.0182825
-3.35715,-0.991406,-0.00985904
-3.34933,-0.951295,-0.0235614
-3.3415,-0.976866,0.0154839
-3.33367,-0.991003,-0.0289314
-3.32584,-0.971893,-0.035411
-3.31801,-0.933361,-0.031793
-3.31018,-0.970582,0.0257916
-3.30236,-0.9902,-0.0414589
-3.29453,-0.954016,-0.013309
-3.2867,-0.972343,-0.0324434
-3.27887,-0.946288,-0.00183098
-3.27104,-0.993669,-0.0173412
-3.26322,-0.94668,-0.028297
-3.25539,-0.983984,0.00438065
-3.24756,-0.964896,-0.0519085
-3.23973,-0.929097,0.0256355
-3.2319,-1.02806,0.0184875
-3.22407,-0.995915,-0.040081
-3.21624,-0.999978,-0.0321241
-3.20842,-0.961262,-0.0529092
-3.20059,-0.971949,-0.00495604
-3.19276,-0.98428,-0.032569
-3.18493,-0.97952,-0.0189123
-3.1771,-0.979991,-0.0358592
-3.16927,-0.965728,-0.0136181
-3.16145,-0.997212,-0.00228513
-3.15362,-1.0066,-0.0436304
-3.14579,-0.957913,-0.0183333
-3.13796,-1.03714,0.0031232
-3.13013,-1.0041,-0.0810057
-3.1223,-0.982589,-0.0235327
-3.11448,-1.01182,-0.0681848
-3.10665,-0.947533,-0.0598407
-3.09882,-0.966328,-0.00738086
-3.09099,-0.994642,-0.0172666
-3.08316,-1.00837,-0.00731731
-3.07533,-1.04109,-0.0650505
-3.06751,-0.955306,-0.060564
-3.05968,-1.02708,-0.0137675
-3.05185,-0.999377,-0.100962
-3.04402,-0.952111,-0.0548243
-3.03619,-0.951357,-0.0217528
-3.02836,-1.01685,-0.00194963
-3.02054,-0.985938,-0.0695968
-3.01271,-0.98005,0.00341325
-3.00488,-1.02017,-0.0430611
-2.99705,-0.985208,-0.0235957
-2.98922,-1.01798,-0.0153052
-2.98139,-1.03955,-0.0263953
-2.97357,-1.03358,-0.0747308
-2.96574,-0.988774,-0.0496703
-2.95791,-1.03753,-0.0294088
-2.95008,-1.03239,-0.101581
-2.94225,-0.948189,-0.0639714
-2.93442,-1.01347,-0.00505485
-2.9266,-1.01883,-0.0551441
-2.91877,-1.02141,-0.0294995
-2.91094,-1.03187,-0.0651607
-2.90311,-1.00831,-0.0433978
-2.89528,-1.05046,-0.0493412
-2.88745,-1.01322,-0.0913556
-2.87962,-1.00982,-0.019091
-2.8718,-1.08514,-0.0929771
-2.86397,-0.962627,-0.104769
-2.85614,-1.02473,-0.0293152
-2.84831,-1.00556,-0.0869404
-2.84048,-1.00725,-0.0374863
-2.83265,-1.00981,-0.0496869
-2.82483,-1.04789,-0.0173113
-2.817,-1.06739,-0.0802499
-2.80917,-1.02623,-0.0903792
-2.80134,-1.0084,-0.0519586
-2.79351,-1.06573,-0.0552802
-2.78568,-1.02731,-0.0798616
-2.77786,-1.0769,-0.0691371
-2.77003,-1.00651,-0.130662
-2.7622,-1.00898,-0.0299361
-2.75437,-1.06273,-0.065386
-2.74654,-1.06087,-0.0857735
-2.73871,-1.0204,-0.0916848
-2.73089,-1.06939,-0.0484692
-2.72306,-1.06918,-0.126179
-2.71523,-1.03172,-0.108264
-2.7074,-1.01634,-0.10242
-2.69957,-1.03581,-0.0771807
-2.69174,-1.02649,-0.084156
-2.68392,-1.07438,-0.0773552
-2.67609,-1.02646,-0.127573
-2.66826,-1.04702,-0.0782393
-2.66043,-1.01118,-0.123774
-2.6526,-1.03467,-0.03671
-2.64477,-1.06779,-0.10243
-2.63695,-1.06245,-0.0768455
-2.62912,-1.06311,-0.128786
-2.62129,-1.05097,-0.0915608
-2.61346,-1.05914,-0.13841
-2.60563,-1.02451,-0.105105
-2.5978,-1.0493,-0.0987829
-2.58998,-1.07635,-0.116046
-2.58215,-1.03321,-0.150402
-2.57432,-1.05385,-0.136718
-2.56649,-0.944345,-0.180133
-2.55866,-0.98385,0.00504347
-2.55083,-1.07758,-0.119036
-2.54301,-0.981295,-0.059723
-2.53518,-1.08691,-0.0308523
-2.52735,-1.13174,-0.0951189
-2.51952,-1.07341,-0.194659
-2.51169,-0.999957,-0.10966
-2.50386,-1.05371,-0.121876
-2.49604,-1.00784,-0.101508
-2.48821,-1.0491,-0.0828136
-2.48038,-1.05669,-0.0850404
-2.47255,-1.07972,-0.110355
-2.46472,-1.04868,-0.128295
-2.45689,-1.03414,-0.0942076
-2.44906,-1.09114,-0.100358
-2.44124,-1.01793,-0.153838
-2.43341,-1.03385,-0.0243535
-2.42558,-1.13369,-0.111357
-2.41775,-1.05085,-0.126359
-2.40992,-1.0922,-0.0902623
-2.40209,-1.10795,-0.148856
-2.39427,-1.03748,-0.157074
-2.38644,-1.05942,-0.0942213
-2.37861,-1.07549,-0.129775
-2.37078,-1.08104,-0.104032
-2.36295,-1.11023,-0.15301
-2.35512,-1.06476,-0.19473
-2.3473,-0.977143,-0.152679
-2.33947,-1.05019,-0.0652301
-2.33164,-1.04819,-0.129118
-2.32381,-1.07846,-0.0592964
-2.31598,-1.0923,-0.157473
-2.30815,-1.05976,-0.0837922
-2.30033,-1.10321,-0.161618
-2.2925,-1.02884,-0.0954192
-2.28467,-1.1226,-0.125095
-2.27684,-1.03092,-0.132933
-2.26901,-1.1037,-0.0730255
-2.26118,-1.10411,-0.149021
-2.25336,-1.06681,-0.108583
-2.24553,-1.12389,-0.11463
-2.2377,-1.0849,-0.139265
-2.22987,-1.13098,-0.118634
-2.22204,-1.07834,-0.175158
-2.21421,-1.11766,-0.0945209
-2.20639,-1.11304,-0.210873
-2.19856,-1.06155,-0.11851
-2.19073,-1.10313,-0.180994
-2.1829,-1.05017,-0.102123
-2.17507,-1.13375,-0.150162
-2.16724,-1.07583,-0.12056
-2.15942,-1.15342,-0.169587
-2.15159,-1.05237,-0.162656
-2.14376,-1.13006,-0.151017
-2.13593,-1.03863,-0.175813
-2.1281,-1.09815,-0.101431
-2.12027,-1.07937,-0.147419
-2.11245,-1.11893,-0.0874999
-2.10462,-1.12546,-0.166397
-2.09679,-1.09989,-0.0845369
-2.08896,-1.22593,-0.150658
-2.08113,-1.1079,-0.242655
-2.0733,-1.08515,-0.149589
-2.06547,-1.11415,-0.145802
-2.05765,-1.16302,-0.160015
-2.04982,-1.08535,-0.21902
-2.04199,-1.11598,-0.0947704
-2.03416,-1.17395,-0.21297
-2.02633,-1.11235,-0.15359
-2.01851,-1.19261,-0.255134
-2.01068,-0.99937,-0.24258
-2.00285,-1.0846,-0.10034
-1.99502,-1.14059,-0.157996
-1.98719,-1.13752,-0.192498
-1.97936,-1.092,-0.183786
-1.97153,-1.14326,-0.157666
-1.96371,-1.13889,-0.22391
-1.95588,-1.08834,-0.228786
-1.94805,-1.04043,-0.192894
-1.94022,-1.06883,-0.111946
-1.93239,-1.14938,-0.139978
-1.92456,-1.09829,-0.185828
-1.91674,-1.11241,-0.0988783
-1.90891,-1.1965,-0.166229
-1.90108,-1.12267,-0.191917
-1.89325,-1.14908,-0.152066
-1.88542,-1.1718,-0.163789
-1.87759,-1.21244,-0.221859
-1.86977,-1.10061,-0.274728
-1.86194,-1.0962,-0.14783
-1.85411,-1.18951,-0.198952
-1.84628,-1.12605,-0.245611
-1.83845,-1.11311,-0.211787
-1.83062,-1.09811,-0.224743
-1.8228,-1.06571,-0.155171
-1.81497,-1.17201,-0.133686
-1.80714,-1.14539,-0.217221
-1.79931,-1.14699,-0.15705
-1.79148,-1.16961,-0.228734
-1.78365,-1.12368,-0.176619
-1.77583,-1.1881,-0.219575
-1.768,-1.10883,-0.212072
-1.76017,-1.17248,-0.183606
-1.75234,-1.16028,-0.212409
-1.74451,-1.19592,-0.242258
-1.73668,-1.11101,-0.280224
-1.72886,-1.11197,-0.223119
-1.72103,-1.09159,-0.228331
-1.7132,-1.11396,-0.180003
-1.70537,-1.13149,-0.212453
-1.69754,-1.09576,-0.20044
-1.68971,-1.13147,-0.141767
-1.68189,-1.18228,-0.223419
-1.67406,-1.07708,-0.193234
-1.66623,-1.17361,-0.147663
-1.6584,-1.13391,-0.191948
-1.65057,-1.19286,-0.151948
-1.64274,-1.16505,-0.216959
-1.63491,-1.18413,-0.168188
-1.62709,-1.18452,-0.23346
-1.61926,-1.13044,-0.193458
-1.61143,-1.18645,-0.126284
-1.6036,-1.26725,-0.21486
-1.59577,-1.17581,-0.210942
-1.58794,-1.30518,-0.223673
-1.58012,-1.16766,-0.350189
-1.57229,-1.1548,-0.235745
-1.56446,-1.14015,-0.246553
-1.55663,-1.23404,-0.218916
-1.5488,-1.12261,-0.349539
-1.54097,-1.10029,-0.1739
-1.53315,-1.15354,-0.213052
-1.52532,-1.22716,-0.153146
-1.51749,-1.21339,-0.34883
-1.50966,-1.07066,-0.197829
-1.50183,-1.21881,-0.199936
-1.494,-1.16441,-0.231278
-1.48618,-1.20612,-0.22524
-1.47835,-1.16998,-0.26276
-1.47052,-1.1462,-0.219626
-1.46269,-1.18425,-0.207251
-1.45486,-1.17144,-0.210651
-1.44703,-1.2257,-0.199406
-1.43921,-1.18692,-0.264096
-1.43138,-1.16863,-0.188636
-1.42355,-1.23101,-0.18973
-1.41572,-1.251,-0.238545
-1.40789,-1.20294,-0.230065
-1.40006,-1.28757,-0.227317
-1.39224,-1.22761,-0.313314
-1.38441,-1.21627,-0.289987
-1.37658,-1.1285,-0.271476
-1.36875,-1.25337,-0.18338
-1.36092,-1.20251,-0.314984
-1.35309,-1.22361,-0.205771
-1.34527,-1.20824,-0.308009
-1.33744,-1.23885,-0.19662
-1.32961,-1.24847,-0.373474
-1.32178,-1.11586,-0.247892
-1.31395,-1.20884,-0.228261
-1.30612,-1.23572,-0.227255
-1.2983,-1.19967,-0.298709
-1.29047,-1.20226,-0.166813
-1.28264,-1.31486,-0.273624
-1.27481,-1.22923,-0.306774
-1.26698,-1.18462,-0.284202
-1.25915,-1.25669,-0.193971
-1.25133,-1.29143,-0.351037
-1.2435,-1.1622,-0.302301
-1.23567,-1.18483,-0.238762
-1.22784,-1.27663,-0.210375
-1.22001,-1.24322,-0.323845
-1.21218,-1.2474,-0.233131
-1.20436,-1.22158,-0.337931
-1.19653,-1.24119,-0.175
-1.1887,-1.29545,-0.38902
-1.18087,-1.12426,-0.193479
-1.17304,-1.36488,-0.242736
-1.16521,-1.248,-0.29531
-1.15738,-1.31164,-0.316201
-1.14956,-1.21181,-0.313595
-1.14173,-1.2546,-0.288186
-1.1339,-1.23929,-0.25328
-1.12607,-1.29678,-0.301583
-1.11824,-1.23786,-0.263009
-1.11041,-1.30628,-0.281981
-1.10259,-1.29584,-0.238816
-1.09476,-1.40436,-0.357858
-1.08693,-1.23561,-0.378021
-1.0791,-1.30094,-0.314112
-1.07127,-1.29003,-0.344012
-1.06344,-1.30212,-0.3893
-1.05562,-1.2183,-0.363275
-1.04779,-1.24404,-0.348248
-1.03996,-1.23123,-0.259843
-1.03213,-1.4048,-0.359443
-1.0243,-1.20379,-0.472456
-1.01647,-1.1907,-0.327192
-1.00865,-1.2124,-0.333181
-1.00082,-1.2073,-0.303333
-0.992989,-1.23481,-0.249984
-0.985161,-1.30179,-0.270459
-0.977333,-1.34649,-0.257918
-0.969504,-1.41753,-0.433711
-0.961676,-1.17929,-0.452625
-0.953847,-1.22227,-0.29318
-0.946019,-1.28042,-0.308648
-0.93819,-1.30109,-0.339841
-0.930362,-1.30634,-0.323837
-0.922534,-1.33986,-0.436191
-0.914706,-1.17758,-0.392043
-0.906877,-1.2699,-0.331547
-0.899049,-1.22647,-0.331622
-0.891221,-1.31782,-0.348362
-0.883392,-1.18598,-0.349615
-0.875564,-1.35497,-0.25876
-0.867735,-1.29436,-0.442229
-0.859907,-1.24212,-0.350689
-0.852078,-1.20523,-0.354763
-0.84425,-1.27407,-0.234075
-0.836422,-1.32346,-0.321877
-0.828594,-1.36156,-0.282788
-0.820765,-1.36621,-0.434565
-0.812937,-1.26027,-0.353587
-0.805109,-1.33189,-0.366882
-0.79728,-1.29518,-0.340557
-0.789452,-1.37631,-0.38109
-0.781623,-1.29311,-0.40934
-0.773795,-1.35666,-0.388905
-0.765966,-1.27752,-0.488404
-0.758138,-1.2155,-0.372769
-0.75031,-1.28418,-0.366978
-0.742482,-1.27817,-0.36598
-0.734653,-1.29951,-0.41076
-0.726825,-1.18596,-0.387589
-0.718997,-1.26186,-0.260229
-0.711168,-1.32335,-0.326109
-0.70334,-1.33164,-0.305158
-0.695511,-1.37033,-0.37366
-0.687683,-1.31694,-0.374664
-0.679855,-1.3217,-0.366985
-0.672026,-1.35248,-0.318759
-0.664198,-1.42283,-0.448798
-0.65637,-1.23742,-0.442685
-0.648541,-1.33964,-0.336938
-0.640713,-1.30732,-0.440292
-0.632885,-1.26291,-0.356693
-0.625056,-1.30366,-0.304194
-0.617228,-1.4278,-0.333449
-0.609399,-1.33287,-0.451508
-0.601571,-1.33675,-0.320758
-0.593743,-1.40137,-0.414163
-0.585914,-1.35614,-0.401917
-0.578086,-1.35318,-0.441367
-0.570258,-1.3303,-0.385864
-0.562429,-1.36615,-0.449358
-0.554601,-1.25843,-0.416181
-0.546772,-1.30714,-0.30947
-0.538944,-1.43181,-0.321493
-0.531116,-1.41566,-0.459204
-0.523287,-1.34463,-0.385829
-0.515459,-1.43878,-0.431835
-0.507631,-1.33803,-0.475316
-0.499802,-1.34221,-0.409748
-0.491974,-1.37369,-0.402819
-0.484146,-1.40229,-0.467135
-0.476317,-1.2899,-0.461992
-0.468489,-1.35738,-0.38142
-0.46066,-1.31261,-0.443175
-0.452832,-1.36766,-0.28372
-0.445004,-1.50614,-0.473385
-0.437175,-1.32176,-0.469212
-0.429347,-1.41214,-0.456864
-0.421519,-1.27345,-0.453364
-0.41369,-1.41998,-0.372688
-0.405862,-1.32085,-0.492958
-0.398034,-1.35804,-0.354628
-0.390205,-1.35247,-0.423403
-0.382377,-1.4373,-0.350692
-0.374548,-1.34488,-0.514526
-0.36672,-1.33958,-0.233959
-0.358891,-1.58433,-0.409795
-0.351063,-1.45936,-0.497098
-0.343235,-1.38886,-0.545018
-0.335407,-1.32785,-0.361051
-0.327578,-1.51913,-0.457349
-0.31975,-1.32609,-0.491258
-0.311922,-1.43113,-0.359568
-0.304093,-1.44807,-0.480941
-0.296265,-1.3539,-0.394132
-0.288436,-1.54556,-0.3372
-0.280608,-1.48578,-0.55325
-0.27278,-1.42421,-0.348029
-0.264951,-1.61783,-0.483678
-0.257123,-1.50815,-0.491091
-0.249295,-1.62792,-0.62298
-0.241466,-1.3573,-0.667086
-0.233638,-1.42917,-0.541436
-0.22581,-1.32552,-0.56722
-0.217981,-1.44963,-0.405219
-0.210153,-1.53483,-0.600232
-0.202324,-1.36189,-0.656138
-0.194496,-1.27915,-0.478963
-0.186668,-1.49571,-0.445396
-0.178839,-1.40425,-0.622441
-0.171011,-1.36876,-0.49576
-0.163183,-1.35965,-0.573351
-0.155354,-1.29937,-0.392999
-0.147526,-1.5123,-0.420806
-0.139698,-1.44675,-0.538296
-0.131869,-1.39374,-0.502787
-0.124041,-1.42347,-0.404984
-0.116212,-1.57193,-0.519987
-0.108384,-1.32599,-0.598504
-0.100556,-1.40424,-0.276222
-0.0927272,-1.69743,-0.457934
-0.0848989,-1.5213,-0.635305
-0.0770707,-1.50072,-0.512923
-0.0692425,-1.56503,-0.622168
-0.0614138,-1.44523,-0.613822
-0.0535855,-1.50733,-0.629149
-0.0457573,-1.33973,-0.661014
-0.0379286,-1.37754,-0.49403
-0.0301003,-1.40159,-0.511146
-0.0222721,-1.49382,-0.428288
-0.0144439,-1.56815,-0.556165
-0.00661516,-1.53783,-0.629396
0.00121307,-1.36814,-0.668517
0.00904131,-1.41273,-0.423159
0.0168695,-1.57196,-0.586899
0.0246983,-1.42082,-0.563366
0.0325265,-1.55717,-0.524183
0.0403547,-1.51207,-0.662727
0.0481834,-1.42241,-0.566508
0.0560117,-1.58525,-0.567733
0.0638399,-1.45031,-0.751482
0.0716681,-1.36422,-0.536837
0.0794969,-1.5158,-0.578495
0.0873251,-1.4532,-0.596879
0.0951533,-1.51085,-0.593647
0.102982,-1.48758,-0.678455
0.11081,-1.35541,-0.653296
0.118639,-1.43211,-0.504026
0.126467,-1.48375,-0.631631
0.134295,-1.41346,-0.553887
0.142124,-1.49382,-0.602037
0.149952,-1.41793,-0.583801
0.15778,-1.45897,-0.592156
0.165609,-1.37497,-0.527399
0.173437,-1.54905,-0.441841
0.181265,-1.59681,-0.638628
0.189094,-1.43376,-0.625441
0.196922,-1.5353,-0.522295
0.204751,-1.55379,-0.680523
0.212579,-1.42268,-0.650047
0.220407,-1.40035,-0.558803
0.228236,-1.52747,-0.447615
0.236064,-1.64352,-0.623509
0.243892,-1.51878,-0.683964
0.251721,-1.45408,-0.661492
0.259549,-1.46071,-0.533476
0.267377,-1.60452,-0.601303
0.275206,-1.52371,-0.710215
0.283034,-1.40994,-0.67722
0.290863,-1.43155,-0.542091
0.298691,-1.4889,-0.590612
0.306519,-1.46507,-0.502228
0.314348,-1.59389,-0.536947
0.322176,-1.58437,-0.564458
0.330004,-1.63772,-0.66832
0.337833,-1.45621,-0.685186
0.345661,-1.502,-0.510069
0.353489,-1.648,-0.560047
0.361318,-1.61373,-0.656652
0.369146,-1.64272,-0.637205
0.376975,-1.59125,-0.799493
0.384803,-1.45012,-0.645196
0.392631,-1.60325,-0.675838
0.40046,-1.45125,-0.695651
0.408288,-1.5395,-0.580038
0.416116,-1.58592,-0.645717
0.423944,-1.57361,-0.719002
0.431773,-1.44062,-0.674685
0.439601,-1.54193,-0.570151
0.44743,-1.54939,-0.633606
0.455258,-1.60053,-0.590858
0.463087,-1.59768,-0.710747
0.470915,-1.5255,-0.623184
0.478743,-1.64805,-0.685789
0.486572,-1.45416,-0.74926
0.4944,-1.49507,-0.534886
0.502228,-1.58483,-0.615552
0.510056,-1.56076,-0.548539
0.517885,-1.66526,-0.558779
0.525713,-1.75507,-0.590547
0.533542,-1.75445,-0.834085
0.54137,-1.48797,-0.755771
0.549199,-1.65262,-0.638299
0.557027,-1.58744,-0.79616
0.564855,-1.51069,-0.647107
0.572684,-1.62009,-0.65409
0.580512,-1.57895,-0.63818
0.58834,-1.71717,-0.645992
0.596169,-1.61568,-0.7732
0.603997,-1.6538,-0.680718
0.611825,-1.55292,-0.848912
0.619654,-1.46926,-0.544872
0.627482,-1.74035,-0.648169
0.635311,-1.60786,-0.703277
0.643139,-1.65613,-0.705036
0.650967,-1.62043,-0.666164
0.658796,-1.67141,-0.80813
0.666624,-1.36832,-0.629937
0.674452,-1.78767,-0.411584
0.682281,-1.76071,-0.793269
0.690109,-1.63018,-0.598578
0.697937,-1.84022,-0.649846
0.705766,-1.77415,-0.812705
0.713594,-1.66432,-0.780021
0.721423,-1.67934,-0.742129
0.729251,-1.64576,-0.703532
0.737079,-1.75922,-0.647331
0.744908,-1.80432,-0.747945
0.752736,-1.82172,-0.815432
0.760564,-1.68692,-0.923468
0.768393,-1.61706,-0.74803
0.776221,-1.74631,-0.777577
0.78405,-1.69303,-0.805057
0.791878,-1.73883,-0.834852
0.799706,-1.6112,-0.89156
0.807534,-1.55903,-0.731738
0.815363,-1.71149,-0.661673
0.823191,-1.77401,-0.833662
0.83102,-1.57036,-0.807739
0.838848,-1.70732,-0.638979
0.846676,-1.77105,-0.803638
0.854505,-1.63966,-0.787072
0.862333,-1.67057,-0.6407
0.870162,-1.8434,-0.689153
0.87799,-1.76232,-0.731541
0.885818,-1.97795,-0.723413
0.893646,-1.78609,-1.02141
0.901475,-1.72568,-0.733859
0.909303,-1.82123,-0.924095
0.917132,-1.72244,-0.74988
0.92496,-1.87656,-0.953756
0.932788,-1.58948,-0.810536
0.940617,-1.91702,-0.758012
0.948445,-1.75017,-0.951576
0.956274,-1.78071,-0.818112
0.964102,-1.76696,-0.901427
0.97193,-1.75081,-0.82581
0.979759,-1.8261,-0.83924
0.987587,-1.79862,-0.929896
0.995415,-1.73216,-0.831306
1.00324,-1.87,-0.864785
1.01107,-1.78629,-0.902852
1.0189,-1.89593,-0.919922
1.02673,-1.73131,-1.06775
1.03456,-1.64238,-0.857001
1.04239,-1.8195,-0.82428
1.05021,-1.78106,-0.980534
1.05804,-1.66032,-0.803099
1.06587,-1.94079,-0.801591
1.0737,-1.80371,-1.00706
1.08153,-1.77141,-0.82759
1.08936,-1.92669,-0.849845
1.09718,-1.98985,-1.02156
1.10501,-1.80504,-1.11124
1.11284,-1.83305,-1.07265
1.12067,-1.58855,-1.19475
1.1285,-1.54166,-0.785678
1.13633,-1.83635,-0.88232
1.14415,-1.69487,-0.944698
1.15198,-1.73748,-0.829233
1.15981,-1.89112,-0.863269
1.16764,-1.79069,-1.10034
1.17547,-1.57512,-0.859965
1.1833,-1.80715,-0.780447
1.19112,-1.81793,-0.797436
1.19895,-1.95352,-0.894421
1.20678,-1.7832,-0.905505
1.21461,-1.98511,-0.839014
1.22244,-1.89633,-1.02526
1.23027,-1.90529,-0.972928
1.23809,-1.7679,-1.02223
1.24592,-1.91374,-0.851779
1.25375,-1.82333,-1.12122
1.26158,-1.72416,-0.728655
1.26941,-2.14886,-0.917154
1.27724,-1.83534,-1.11336
1.28506,-1.88127,-0.850504
1.29289,-2.07764,-0.996335
1.30072,-1.9435,-1.16857
1.30855,-1.79267,-1.08125
1.31638,-1.83744,-0.943839
1.32421,-1.99065,-0.971991
1.33203,-1.95046,-1.13165
1.33986,-1.82378,-1.05779
1.34769,-1.98135,-0.986565
1.35552,-1.9418,-1.28534
1.36335,-1.57537,-1.02849
1.37118,-2.02689,-0.822171
1.37901,-1.95953,-1.20236
1.38683,-1.88613,-1.07171
1.39466,-1.81063,-1.17933
1.40249,-1.82499,-0.980567
1.41032,-1.83557,-1.12391
1.41815,-1.84386,-0.926586
1.42598,-1.91094,-1.15704
1.4338,-1.75029,-0.932269
1.44163,-1.98899,-1.03988
1.44946,-1.80337,-1.02018
1.45729,-1.94262,-0.999592
1.46512,-1.85692,-0.985916
1.47295,-2.00764,-0.951985
1.48077,-2.04989,-1.08482
1.4886,-1.86495,-1.25628
1.49643,-1.68598,-0.856617
1.50426,-2.17512,-0.888025
1.51209,-1.97416,-1.15573
1.51992,-1.97113,-1.02256
1.52774,-1.96985,-1.01617
1.53557,-2.13984,-1.04007
1.5434,-1.99929,-1.2404
1.55123,-1.92342,-1.07453
1.55906,-2.04614,-1.09386
1.56689,-2.00583,-1.2451
1.57471,-1.76694,-1.16736
1.58254,-1.89566,-0.920627
1.59037,-2.02473,-1.03872
1.5982,-1.95457,-1.01241
1.60603,-2.0769,-0.948909
1.61386,-2.16391,-1.06485
1.62168,-2.14061,-1.15776
1.62951,-2.04206,-1.22107
1.63734,-2.00018,-1.12085
1.64517,-2.00993,-1.1792
1.653,-1.91278,-1.00376
1.66083,-2.19027,-0.970409
1.66865,-2.18012,-1.15419
1.67648,-2.12989,-1.19376
1.68431,-2.0648,-1.12879
1.69214,-2.20266,-1.18499
1.69997,-1.96143,-1.24087
1.7078,-2.1054,-0.929019
1.71562,-2.34947,-1.13963
1.72345,-2.29043,-1.31368
1.73128,-2.09654,-1.4308
1.73911,-1.96872,-1.17203
1.74694,-2.25322,-1.17887
1.75477,-2.09387,-1.4217
1.76259,-1.93586,-1.17495
1.77042,-2.18363,-1.10084
1.77825,-2.20943,-1.29145
1.78608,-2.06312,-1.29192
1.79391,-2.11428,-1.14712
1.80174,-2.23102,-1.27792
1.80957,-2.06589,-1.29487
1.81739,-2.11678,-1.17104
1.82522,-2.22562,-1.15179
1.83305,-2.34401,-1.36817
1.84088,-2.00379,-1.42429
1.84871,-2.1031,-1.15376
1.85654,-2.12976,-1.21743
1.86436,-2.33883,-1.12975
1.87219,-2.23454,-1.50257
1.88002,-2.06787,-1.16717
1.88785,-2.28636,-1.32798
1.89568,-2.11651,-1.1453
1.90351,-2.51776,-1.28505
1.91133,-2.18529,-1.50932
1.91916,-2.20385,-1.33055
1.92699,-2.16885,-1.31579
1.93482,-2.33603,-1.33314
1.94265,-2.14059,-1.4332
1.95048,-2.24753,-1.29422
1.9583,-2.11176,-1.3801
1.96613,-2.28419,-1.14517
1.97396,-2.27607,-1.39393
1.98179,-2.32338,-1.14294
1.98962,-2.43848,-1.48496
1.99745,-2.22126,-1.20066
2.00527,-2.72244,-1.41418
2.0131,-2.23052,-1.76047
2.02093,-2.14427,-1.34576
2.02876,-2.35825,-1.29485
2.03659,-2.57771,-1.49215
2.04442,-2.19793,-1.78348
2.05224,-2.10288,-1.28648
2.06007,-2.43331,-1.47819
2.0679,-2.15871,-1.4694
2.07573,-2.3484,-1.34143
2.08356,-2.36852,-1.43631
2.09139,-2.37394,-1.56371
2.09921,-2.09041,-1.4234
2.10704,-2.45299,-1.17992
2.11487,-2.50823,-1.5221
2.1227,-2.37246,-1.47481
2.13053,-2.40171,-1.41186
2.13836,-2.55053,-1.46983
2.14618,-2.39487,-1.58128
2.15401,-2.4881,-1.42117
2.16184,-2.54993,-1.60184
2.16967,-2.47924,-1.65403
2.1775,-2.32599,-1.62359
2.18533,-2.46021,-1.48058
2.19316,-2.44544,-1.55426
2.20098,-2.69961,-1.5229
2.20881,-2.49412,-1.97321
2.21664,-2.26069,-1.6171
2.22447,-2.41468,-1.69103
2.2323,-2.34685,-1.56768
2.24013,-2.42887,-1.67421
2.24795,-2.34153,-1.51335
2.25578,-2.5482,-1.57178
2.26361,-2.53602,-1.60479
2.27144,-2.57786,-1.80261
2.27927,-2.30779,-1.73747
2.2871,-2.43826,-1.57178
2.29492,-2.54839,-1.66122
2.30275,-2.42998,-1.80519
2.31058,-2.32552,-1.58044
2.31841,-2.50606,-1.56893
2.32624,-2.56819,-1.52422
2.33407,-2.73128,-1.75191
2.34189,-2.5111,-1.77095
2.34972,-2.65888,-1.84647
2.35755,-2.25152,-1.9006
2.36538,-2.48707,-1.4409
2.37321,-2.66548,-1.85903
2.38104,-2.35421,-1.65003
2.38886,-2.72818,-1.63241
2.39669,-2.55051,-1.79618
2.40452,-2.73485,-1.72465
2.41235,-2.52598,-1.97194
2.42018,-2.56886,-1.66319
2.42801,-2.68286,-1.94546
2.43583,-2.49785,-1.89067
2.44366,-2.41438,-1.8959
2.45149,-2.4546,-1.57415
2.45932,-2.76099,-1.76663
2.46715,-2.61141,-1.88678
2.47498,-2.50922,-1.8874
2.4828,-2.5471,-1.65595
2.49063,-2.73427,-1.86356
2.49846,-2.52407,-1.82934
2.50629,-2.6228,-1.75941
2.51412,-2.7016,-1.7209
2.52195,-2.73537,-1.93943
2.52977,-2.58785,-1.74213
2.5376,-2.85937,-1.93235
2.54543,-2.43839,-1.92832
2.55326,-2.69524,-1.60614
2.56109,-2.82711,-1.73573
2.56892,-2.99819,-1.85992
2.57674,-2.76751,-2.09881
2.58457,-2.71087,-1.83391
2.5924,-2.94812,-1.94947
2.60023,-2.76462,-2.2056
2.60806,-2.44669,-1.98255
2.61589,-2.67646,-1.63546
2.62371,-2.98153,-1.79113
2.63154,-2.91923,-1.96937
2.63937,-2.92875,-1.95504
2.6472,-2.88424,-2.10158
2.65503,-2.73649,-1.96215
2.66286,-2.89602,-1.84819
2.67069,-3.0957,-1.9175
2.67851,-3.0644,-2.25877
2.68634,-2.73734,-2.11872
2.69417,-2.96907,-1.98539
2.702,-2.93817,-2.13396
2.70983,-2.93715,-2.10473
2.71766,-2.87346,-2.13825
2.72548,-2.88119,-1.99255
2.73331,-3.07948,-1.98768
2.74114,-3.13812,-2.17765
2.74897,-3.06089,-2.26185
2.7568,-2.94789,-2.32387
2.76463,-2.86141,-2.16488
2.77245,-2.97229,-2.15249
2.78028,-2.96311,-2.0889
2.78811,-3.14549,-2.13646
2.79594,-3.09207,-2.26146
2.80377,-3.03008,-2.26992
2.8116,-3.05932,-2.09848
2.81942,-3.36104,-2.32802
2.82725,-2.97478,-2.52665
2.83508,-3.03782,-2.23904
2.84291,-3.05639,-2.41913
2.85074,-2.9766,-2.27445
2.85857,-3.05826,-2.29604
2.86639,-3.06043,-2.23987
2.87422,-3.12958,-2.27235
2.88205,-3.16754,-2.22445
2.88988,-3.30256,-2.36378
2.89771,-3.11868,-2.45738
2.90554,-3.12281,-2.26345
2.91336,-3.30576,-2.31589
2.92119,-3.24959,-2.38194
2.92902,-3.4459,-2.32938
2.93685,-3.43813,-2.7879
2.94468,-2.92922,-2.63782
2.95251,-3.15526,-2.33023
2.96033,-3.19167,-2.41413
2.96816,-3.34027,-2.32102
2.97599,-3.38529,-2.50846
2.98382,-3.38218,-2.46625
2.99165,-3.42012,-2.60416
2.99948,-3.34358,-2.56162
3.0073,-3.43775,-2.60479
3.01513,-3.39614,-2.67322
3.02296,-3.37848,-2.74501
3.03079,-3.17224,-2.72531
3.03862,-3.27565,-2.43123
3.04645,-3.51547,-2.6621
3.05428,-3.19533,-2.66509
3.0621,-3.43197,-2.35567
3.06993,-3.65094,-2.61034
3.07776,-3.5206,-2.72498
3.08559,-3.50307,-2.60263
3.09342,-3.71759,-2.67738
3.10125,-3.61722,-2.83551
3.10907,-3.65435,-2.83053
3.1169,-3.54633,-2.93564
3.12473,-3.49293,-2.84235
3.13256,-3.53421,-2.66656
3.14039,-3.97205,-2.84168
3.14822,-3.55916,-3.26544
3.15604,-3.48096,-2.88675
3.16387,-3.48785,-2.99233
3.1717,-3.57816,-2.73669
3.17953,-3.70468,-2.95951
3.18736,-3.70775,-2.92499
3.19519,-3.543,-3.09931
3.20301,-3.61752,-2.66554
3.21084,-3.87414,-2.99356
3.21867,-3.82258,-2.79836
3.2265,-4.09827,-3.26598
3.23433,-3.55511,-3.1587
3.24216,-3.9178,-3.01462
3.24998,-3.75269,-3.17887
3.25781,-3.8787,-3.03929
3.26564,-3.92483,-3.18713
3.27347,-3.86183,-3.23183
3.2813,-3.86834,-3.1071
3.28913,-4.09424,-3.24205
3.29695,-3.93671,-3.4305
3.30478,-3.82273,-3.39458
3.31261,-3.75946,-3.25062
3.32044,-3.94174,-3.18632
3.32827,-3.96386,-3.3063
3.3361,-3.90229,-3.2335
3.34392,-4.13711,-3.13525
3.35175,-4.25329,-3.46332
3.35958,-3.9985,-3.49928
3.36741,-4.01239,-3.33035
3.37524,-4.23882,-3.284
3.38307,-4.31549,-3.57304
3.39089,-4.14585,-3.56588
3.39872,-4.19051,-3.57509
3.40655,-4.17426,-3.48954
3.41438,-4.40724,-3.58846
3.42221,-4.27894,-3.808
3.43004,-4.183,-3.75073
3.43786,-4.18171,-3.76808
3.44569,-4.06357,-3.70662
3.45352,-4.23351,-3.52221
3.46135,-4.32018,-3.73789
3.46918,-4.22632,-3.56694
3.47701,-4.55988,-3.66235
3.48484,-4.33929,-3.87288
3.49266,-4.40732,-3.57354
3.50049,-4.73895,-3.83765
3.50832,-4.42175,-4.04173
3.51615,-4.47935,-3.77001
3.52398,-4.59261,-3.98895
3.53181,-4.40214,-3.84103
3.53963,-4.77271,-3.69763
3.54746,-4.90725,-4.1081
3.55529,-4.63599,-4.11046
3.56312,-4.84825,-4.04904
3.57095,-4.74732,-4.2509
3.57878,-4.80092,-4.12075
3.5866,-4.84802,-4.28082
3.59443,-4.89027,-4.27214
3.60226,-4.85583,-4.50517
3.61009,-4.61333,-4.43362
3.61792,-4.66481,-4.11012
3.62575,-5.18075,-4.24171
3.63357,-4.82686,-4.66308
3.6414,-4.83984,-4.25724
3.64923,-4.925,-4.45739
3.65706,-5.04569,-4.22708
3.66489,-5.12669,-4.56953
3.67272,-5.14025,-4.2735
3.68054,-5.4386,-4.73511
3.68837,-5.05594,-4.68333
3.6962,-5.21386,-4.64601
3.70403,-5.20543,-4.52714
3.71186,-5.45887,-4.63906
3.71969,-5.49968,-4.65363
3.72751,-5.65175,-4.94252
3.73534,-5.48906,-4.91666
3.74317,-5.63918,-5.11508
3.751,-5.36387,-5.01112
3.75883,-5.75402,-4.96817
3.76666,-5.65167,-5.26578
3.77448,-5.62884,-5.20606
3.78231,-5.65924,-5.23411
3.79014,-5.79078,-5.27677
3.79797,-5.74985,-5.53636
3.8058,-5.4488,-5.3571
3.81363,-5.9397,-5.12332
3.82145,-5.85465,-5.70008
3.82928,-5.69741,-5.16332
3.83711,-6.32464,-5.54429
3.84494,-5.82967,-5.71314
3.85277,-6.14094,-5.49604
3.8606,-6.06598,-5.76077
3.86842,-6.19838,-5.5214
3.87625,-6.48251,-5.86241
3.88408,-6.25634,-5.98343
3.89191,-6.42066,-5.94823
3.89974,-6.32585,-6.1756
3.90757,-6.3079,-5.99882
3.9154,-6.45284,-6.07139
3.92322,-6.53636,-6.03782
3.93105,-6.72253,-6.15455
3.93888,-6.79754,-6.31186
3.94671,-6.76384,-6.39047
3.95454,-6.9492,-6.43366
3.96237,-6.87571,-6.6552
3.97019,-6.93238,-6.57664
3.97802,-6.98281,-6.64292
3.98585,-7.27236,-6.7365
3.99368,-6.98313,-7.02835
4.00151,-7.21717,-6.61964
4.00934,-7.41051,-7.04124
4.01716,-7.5072,-6.93674
4.02499,-7.52675,-7.34566
4.03282,-7.60686,-7.04142
4.04065,-7.89368,-7.58293
4.04848,-7.69329,-7.52721
4.05631,-7.77171,-7.83716
4.06413,-7.59604,-7.4924
4.07196,-8.14095,-7.67735
4.07979,-8.03813,-7.88351
4.08762,-8.17253,-7.95277
4.09545,-8.30671,-8.05858
4.10328,-8.21898,-8.26366
4.1111,-8.50972,-7.94029
4.11893,-8.89843,-8.60199
4.12676,-8.58604,-8.68203
4.13459,-8.67846,-8.76697
4.14242,-8.81346,-8.63981
4.15025,-9.0185,-9.00123
4.15807,-9.03608,-8.85208
4.1659,-9.40948,-9.18137
4.17373,-9.44323,-9.29594
4.18156,-9.55132,-9.59014
4.18939,-9.76599,-9.56465
4.19722,-9.75756,-10.1584
4.20504,-9.75126,-9.75438
4.21287,-10.1566,-10.3713
4.2207,-9.93835,-10.115
4.22853,-10.5159,-10.5207
4.23636,-10.4131,-10.5063
4.24419,-10.9115,-10.9906
4.25201,-10.7015,-11.0174
4.25984,-11.2076,-11.4145
4.26767,-10.9564,-11.5243
4.2755,-11.4046,-11.7115
4.28333,-11.4614,-11.8434
4.29116,-11.787,-12.3305
4.29899,-11.6072,-12.1452
4.30681,-12.5157,-12.4665
4.31464,-12.4198,-12.9949
4.32247,-12.7324,-13.3252
4.3303,-12.6165,-13.4659
4.33813,-13.2024,-13.679
4.34595,-13.2045,-14.0148
4.35378,-13.7761,-14.1039
4.36161,-14.2117,-14.6508
4.36944,-14.4792,-15.2264
4.37727,-14.6428,-15.5386
4.3851,-15.035,-16.0248
4.39293,-15.2476,-16.3876
4.40075,-15.6502,-16.8155
4.40858,-16.1319,-17.2686
4.41641,-16.3426,-17.9582
4.42424,-16.9084,-18.1436
4.43207,-17.3126,-19.1967
4.4399,-17.6404,-19.2846
4.44772,-18.4614,-20.3787
4.45555,-18.6831,-20.9433
4.46338,-19.1912,-21.9678
4.47121,-19.5829,-22.2627
4.47904,-20.562,-23.5196
4.48687,-20.8951,-24.475
4.49469,-21.1751,-25.7787
4.50252,-21.7234,-25.9704
4.51035,-22.8433,-27.7728
4.51818,-23.003,-28.5515
4.52601,-24.0704,-30.2019
4.53384,-24.357,-31.1043
4.54166,-25.7034,-32.7138
4.54949,-26.5511,-34.178
4.55732,-27.6402,-36.4356
4.56515,-28.6629,-37.97
4.57298,-29.725,-40.9978
4.58081,-30.619,-42.2098
4.58863,-32.9026,-45.7864
4.59646,-33.9448,-48.3356
4.60429,-36.311,-52.7407
4.61212,-37.7559,-56.3071
4.61995,-40.4181,-62.3626
4.62778,-41.8899,-67.3929
4.6356,-45.165,-75.5596
4.64343,-46.9188,-83.7074
4.65126,-49.605,-95.7572
4.65909,-51.6886,-107.94
4.66692,-53.6663,-129.3
4.67475,-50.5747,-150.893
4.68257,-45.7719,-188.252
4.6904,-20.052,-230.887
4.69823,35.0424,-288.541
4.70606,154.284,-294.081
4.71389,237.568,-228.127
4.72172,295.846,-136.711
4.72955,270.37,-16.1718
4.73737,199.494,18.2594
4.7452,167.369,25.4755
4.75303,141.543,28.1197
4.76086,126.935,28.8188
4.76869,116.759,28.4276
4.77652,110.676,35.2287
4.78434,97.2055,39.7679
4.79217,87.0293,40.2047
4.8,78.2767,39.0858
4.80783,71.9914,38.7723
4.81566,65.6472,37.4578
4.82349,60.8131,36.9448
4.83131,56.0137,35.2046
4.83914,52.5764,34.8037
4.84697,48.5313,33.19
4.8548,45.9604,32.5285
4.86263,42.838,31.1057
4.87046,40.8618,30.6061
4.87828,38.1637,29.4407
4.88611,36.4736,28.8928
4.89394,34.1762,27.7838
4.90177,32.9177,27.181
4.9096,30.936,26.5487
4.91743,29.3367,25.6669
4.92525,28.2214,24.6837
4.93308,26.7789,24.4578
4.94091,25.5162,23.0627
4.94874,24.8289,22.7893
4.95657,23.7534,21.8136
4.9644,23.2236,21.713
4.97222,21.9691,21.1145
4.98005,21.1248,20.5522
4.98788,20.6522,19.6417
4.99571,20.0934,19.923
5.00354,18.8577,18.9837
5.01137,18.8106,18.5776
5.01919,18.0007,18.455
5.02702,17.1218,17.9214
5.03485,16.9203,17.1458
5.04268,16.39,17.2328
5.05051,15.8967,16.5038
5.05834,15.3732,16.5311
5.06616,14.982,15.5855
5.07399,14.8188,15.8543
5.08182,14.1616,15.0546
5.08965,14.1991,15.1921
5.09748,13.4964,14.686
5.10531,13.367,14.7655
5.11313,12.4534,14.0821
5.12096,12.7581,13.5716
5.12879,12.5802,13.5617
5.13662,12.2118,13.5727
5.14445,11.8571,13.0643
5.15228,11.8002,13.0854
5.1601,11.4837,12.752
5.16793,11.3046,13.0366
5.17576,10.3981,12.4801
5.18359,10.695,11.91
5.19142,10.6081,12.0794
5.19925,10.1347,11.9424
5.20708,10.0867,11.5898
5.2149,9.68018,11.7467
5.22273,9.31948,11.0069
5.23056,9.53934,10.8876
5.23839,9.4519,10.707
5.24622,9.41816,10.8525
5.25405,9.05959,10.8125
5.26187,8.56113,10.5596
5.2697,8.84777,9.95367
5.27753,8.71719,10.525
5.28536,8.24906,9.9247
5.29319,8.3414,10.0129
5.30102,8.12413,9.57505
5.30884,8.21706,9.91415
5.31667,7.56376,9.44118
5.3245,7.9601,9.20529
5.33233,7.80263,9.27452
5.34016,7.66874,9.29333
5.34799,7.46222,9.04325
5.35581,7.44383,9.06975
5.36364,7.26135,8.86275
5.37147,7.17195,8.92067
5.3793,7.00104,8.61864
5.38713,6.95418,8.72779
5.39496,6.73807,8.35984
5.40278,6.8253,8.46573
5.41061,6.57174,8.19109
5.41844,6.67533,8.25063
5.42627,6.4435,8.07866
5.4341,6.40984,8.13284
5.44193,6.18018,7.80215
5.44975,6.32793,7.83177
5.45758,6.13219,7.67842
5.46541,6.13417,7.70549
5.47324,6.01388,7.43497
5.48107,6.09,7.60916
5.4889,5.80474,7.2936
5.49672,6.11226,7.37566
5.50455,5.79436,7.43463
5.51238,5.70037,7.42264
5.52021,5.41305,7.10355
5.52804,5.71525,7.04039
5.53587,5.41544,7.13173
5.54369,5.43256,6.86716
5.55152,5.42497,6.95228
5.55935,5.19764,6.83112
5.56718,5.28223,6.64275
5.57501,5.14346,6.66706
5.58284,5.25218,6.35878
5.59066,5.29813,6.55988
5.59849,5.32254,6.34986
5.60632,5.41494,6.77769
5.61415,4.89073,6.74551
5.62198,4.71567,6.45259
5.62981,4.92234,6.1428
5.63764,4.91383,6.50393
5.64546,4.55302,6.1514
5.65329,4.79328,6.00507
5.66112,4.88093,6.00343
5.66895,4.80203,6.18102
5.67678,4.781,5.99385
5.68461,4.71124,6.29454
5.69243,4.4256,5.96523
5.70026,4.58783,5.96917
5.70809,4.59037,5.94333
5.71592,4.32328,6.22001
5.72375,4.1218,5.61515
5.73158,4.45588,5.81347
5.7394,4.28403,5.61844
5.74723,4.47893,6.01412
5.75506,3.80012,5.80032
5.76289,4.10241,5.5123
5.77072,3.95948,5.54111
5.77855,3.99451,5.42384
5.78637,3.98189,5.23604
5.7942,4.245,5.34548
5.80203,3.98461,5.47284
5.80986,3.94549,5.18829
5.81769,4.34051,5.30725
5.82552,3.79333,5.80804
5.83334,3.60566,5.00999
5.84117,3.95089,5.34418
5.849,3.65552,5.00513
5.85683,3.99618,5.29768
5.86466,3.53002,5.0885
5.87249,3.84605,5.19164
5.88031,3.34739,4.94649
5.88814,3.96537,4.85853
5.89597,3.50775,5.1664
5.9038,3.65332,4.80076
5.91163,3.61586,5.00381
5.91946,3.54951,4.8886
5.92728,3.56642,4.85064
5.93511,3.54388,5.00518
5.94294,3.21228,4.79228
5.95077,3.46928,4.58423
5.9586,3.48505,4.6202
5.96643,3.61414,4.6892
5.97425,3.49465,4.73157
5.98208,3.53613,4.85426
5.98991,3.17313,4.77934
5.99774,3.37322,4.5198
6.00557,3.44,4.70222
6.0134,3.24389,4.82423
6.02122,3.04763,4.47747
6.02905,3.4707,4.49489
6.03688,3.22648,4.78636
6.04471,3.06424,4.69042
6.05254,2.85775,4.45739
6.06037,3.24216,4.26177
6.0682,3.15587,4.67684
6.07602,2.84886,4.43157
6.08385,3.01223,4.29879
6.09168,2.96983,4.294
6.09951,3.15093,4.19568
6.10734,3.11097,4.49522
6.11517,2.92281,4.2762
6.12299,3.16277,4.39663
6.13082,2.89019,4.58386
6.13865,2.62192,4.47555
6.14648,2.5641,4.07991
6.15431,2.86701,4.10778
6.16214,2.72802,4.14008
6.16996,2.82172,4.12762
6.17779,2.62658,4.10132
6.18562,2.82096,3.85577
6.19345,3.04774,4.17884
6.20128,2.53737,4.45049
6.20911,2.29781,3.75549
6.21693,2.95263,3.73116
6.22476,2.78166,4.13029
6.23259,2.5979,3.94541
6.24042,2.76882,3.84848
6.24825,2.77002,4.08459
6.25608,2.56735,3.99099
6.2639,2.57492,3.95992
6.27173,2.62624,3.75957
6.27956,2.83248,4.16903
6.28739,2.14896,4.08796
6.29522,2.49054,3.63322
6.30305,2.42067,3.91692
6.31087,2.43873,3.52871
6.3187,2.80193,3.82889
6.32653,2.43729,4.0332
6.33436,2.36564,3.89928
6.34219,2.09766,3.87065
6.35002,2.22928,3.38242
6.35784,2.53209,3.66192
6.36567,2.2958,3.6487
6.3735,2.31076,3.61281
6.38133,2.34283,3.38158
6.38916,2.5582,3.67904
6.39699,2.18361,3.47133
6.40481,2.71666,3.49926
6.41264,2.23866,3.82784
6.42047,2.37277,3.42373
6.4283,2.3182,3.69252
6.43613,2.3553,3.42064
6.44396,2.39614,3.75456
6.45179,2.16198,3.53291
6.45961,2.30604,3.65554
6.46744,2.01625,3.52946
6.47527,2.22226,3.44546
6.4831,2.02217,3.4359
6.49093,2.27337,3.23073
6.49876,2.28551,3.46091
6.50658,2.27398,3.45039
6.51441,2.09884,3.51122
6.52224,2.24636,3.33883
6.53007,2.04256,3.67008
6.5379,1.84427,3.10912
6.54573,2.33644,3.15259
6.55355,2.34118,3.32779
6.56138,2.29947,3.6048
6.56921,1.96019,3.48875
6.57704,2.06953,3.39684
6.58487,1.95872,3.37379
6.5927,2.03043,3.29575
6.60052,2.05699,3.29994
6.60835,2.08094,3.40344
6.61618,1.9375,3.41471
6.62401,1.87509,3.35447
6.63184,1.90954,3.27875
6.63967,1.79666,3.40237
6.64749,1.69339,3.06464
6.65532,1.97112,3.17267
6.66315,1.70482,3.16165
6.67098,1.865,2.91866
6.67881,2.10841,2.99818
6.68664,2.05704,3.36213
6.69446,1.7158,3.16381
6.70229,1.99701,3.14572
6.71012,1.68879,3.27405
6.71795,1.79107,2.96352
6.72578,1.89186,3.17599
6.73361,1.6821,3.15607
6.74143,1.69565,3.00158
6.74926,1.72995,3.01977
6.75709,1.69102,2.91511
6.76492,1.82425,2.90696
6.77275,1.80932,2.94077
6.78058,1.87533,3.0008
6.7884,1.68027,3.08883
6.79623,1.62659,2.76476
6.80406,2.08325,2.80812
6.81189,1.87496,3.36231
6.81972,1.38854,3.04583
6.82755,1.62419,2.80602
6.83537,1.6137,2.85727
6.8432,1.65889,2.71259
6.85103,1.88852,2.76072
6.85886,1.79477,3.08014
6.86669,1.46651,2.8965
6.87452,1.66752,2.69764
6.88235,1.6782,2.8521
6.89017,1.52412,2.69663
6.898,1.80864,2.51511
6.90583,1.93183,2.84083
6.91366,1.70529,2.83439
6.92149,1.80072,2.74517
6.92932,1.87877,2.87477
6.93714,1.7319,3.03572
6.94497,1.56554,2.94574
6.9528,1.49586,2.86543
6.96063,1.53529,2.68974
6.96846,1.63099,2.7499
6.97629,1.5823,2.70785
6.98411,1.65492,2.67279
6.99194,1.74669,2.76184
6.99977,1.52834,2.83915
7.0076,1.70996,2.55197
7.01543,1.78615,3.04223
7.02326,1.32117,2.80276
7.03108,1.62524,2.6856
7.03891,1.48527,2.81834
7.04674,1.43913,2.72463
7.05457,1.38352,2.59386
7.0624,1.5576,2.47702
7.07023,1.69058,2.57142
7.07805,1.65578,2.69807
7.08588,1.6292,2.65544
7.09371,1.65462,2.73349
7.10154,1.65651,2.74459
7.10937,1.55426,2.91918
7.1172,1.41716,2.71858
7.12502,1.5381,2.83491
7.13285,1.27936,2.77155
7.14068,1.40629,2.60962
7.14851,1.45371,2.68209
7.15634,1.39801,2.72722
7.16417,1.36584,2.68804
7.17199,1.27896,2.70887
7.17982,1.29056,2.54434
7.18765,1.29172,2.59993
7.19548,1.39721,2.42498
7.20331,1.40842,2.76705
7.21114,1.15192,2.4704
7.21896,1.36012,2.60417
7.22679,1.03315,2.3155
7.23462,1.64567,2.20113
7.24245,1.52486,2.67505
7.25028,1.29693,2.57752
7.25811,1.37128,2.38568
7.26593,1.56482,2.67943
7.27376,1.06066,2.71738
7.28159,1.15702,2.31071
7.28942,1.3139,2.33281
7.29725,1.43219,2.38245
7.30508,1.37337,2.54402
7.31291,1.17153,2.50664
7.32073,1.22107,2.20996
7.32856,1.46699,2.37064
7.33639,1.28428,2.31798
7.34422,1.60506,2.35373
7.35205,1.30933,2.61239
7.35988,1.33694,2.29383
7.3677,1.47764,2.48767
7.37553,1.3847,2.49123
7.38336,1.36148,2.61472
7.39119,1.15479,2.4736
7.39902,1.38555,2.44046
7.40685,1.14225,2.59702
7.41467,1.2127,2.31342
7.4225,1.20488,2.49052
7.43033,1.25622,2.23231
7.43816,1.37867,2.59549
7.44599,1.03974,2.4452
7.45382,1.11922,2.37717
7.46164,1.14643,2.13668
7.46947,1.41201,2.40042
7.4773,1.10837,2.31666
7.48513,1.38494,2.31785
7.49296,1.19407,2.37719
7.50079,1.35035,2.36548
7.50861,1.21378,2.39804
7.51644,1.38561,2.47157
7.52427,1.05967,2.61504
7.5321,1.02591,2.36583
7.53993,1.05978,2.30851
7.54776,1.11564,2.29072
7.55558,1.18083,2.17254
7.56341,1.38706,2.49581
7.57124,0.873926,2.47595
7.57907,1.15345,2.18392
7.5869,1.05546,2.37843
7.59473,1.16432,2.20845
7.60255,1.09009,2.45164
7.61038,0.927647,2.18959
7.61821,1.20127,2.08878
7.62604,1.31084,2.34609
7.63387,1.0893,2.40178
7.6417,1.15322,2.3215
7.64952,1.09679,2.46864
7.65735,0.907138,2.41749
7.66518,0.932942,2.22746
7.67301,0.970976,2.33395
7.68084,0.866265,2.09586
7.68867,1.21075,2.24478
7.6965,0.817582,2.38406
7.70432,0.883073,2.08626
7.71215,0.901589,2.03589
7.71998,1.21052,1.97138
7.72781,1.17075,2.31138
7.73564,1.00264,2.2565
7.74347,0.989985,2.17103
7.75129,1.11227,2.22432
7.75912,0.91774,2.30225
7.76695,0.962223,2.12781
7.77478,1.01837,2.19083
7.78261,1.02196,2.27998
7.79044,0.818402,2.26453
7.79826,0.898167,2.14167
7.80609,0.817972,2.15983
7.81392,0.903139,2.09013
7.82175,0.777511,2.0871
7.82958,0.978172,1.97155
7.83741,0.810484,2.15723
7.84523,0.851036,1.8283
7.85306,1.03473,1.93757
7.86089,1.13563,1.99475
7.86872,0.937655,2.23221
7.87655,0.892449,1.87824
7.88438,1.11718,2.09705
7.8922,0.914491,2.06374
7.90003,1.00749,2.06802
7.90786,0.943524,2.05365
7.91569,0.952127,2.12827
7.92352,0.792711,1.97406
7.93135,1.03911,1.89877
7.93917,1.02761,2.07411
7.947,0.900774,2.09358
7.95483,0.872453,1.85618
7.96266,1.21141,1.99574
7.97049,0.862102,2.17899
7.97832,1.02527,1.86825
7.98614,1.01785,2.19528
7.99397,0.930895,1.91685
8.0018,1.14546,2.22342
8.00963,0.726511,2.15975
8.01746,0.929512,1.98091
8.02529,0.858665,2.07412
8.03311,0.891427,1.98794
8.04094,0.924696,1.97929
8.04877,1.00201,2.12769
8.0566,0.689766,2.08664
8.06443,0.952128,1.86939
8.07226,0.812288,2.14861
8.08008,0.833926,1.75198
8.08791,1.11124,2.13428
8.09574,0.644952,2.05574
8.10357,0.951834,1.81137
8.1114,0.964153,2.0507
8.11923,0.905887,2.07849
8.12706,0.706789,2.03441
8.13488,0.919932,1.81393
8.14271,0.922434,2.10368
8.15054,0.830637,1.9144
8.15837,0.950019,2.08825
8.1662,0.770223,2.03111
8.17403,0.797687,2.06321
8.18185,0.699518,1.87419
8.18968,0.966721,1.99205
8.19751,0.633013,2.0758
8.20534,0.744565,1.76212
8.21317,0.955062,1.88308
8.22099,0.85642,2.11785
8.22882,0.595491,1.88015
8.23665,0.989301,1.81412
8.24448,0.768549,2.10285
8.25231,0.802078,1.84434
8.26014,0.827516,2.07769
8.26797,0.678927,1.95461
8.27579,0.655775,1.9527
8.28362,0.710414,1.73186
8.29145,0.838678,1.95386
8.29928,0.646286,1.7564
8.30711,0.997687,1.8714
8.31494,0.609418,1.97967
8.32276,0.878447,1.66716
8.33059,0.884158,2.02288
8.33842,0.768793,1.89715
8.34625,0.713588,1.96618
8.35408,0.773367,1.71837
8.36191,0.957103,2.00841
8.36973,0.661248,2.01048
8.37756,0.698558,1.89117
8.38539,0.735889,1.8712
8.39322,0.703458,1.97177
8.40105,0.574974,1.81217
8.40888,0.735127,1.73251
8.4167,0.812587,1.77587
8.42453,0.820451,1.87313
8.43236,0.832085,1.8632
8.44019,0.782568,2.04752
8.44802,0.592475,1.91057
8.45585,0.65301,1.8499
8.46367,0.73657,1.73168
8.4715,0.860963,2.02787
8.47933,0.473983,1.97107
8.48716,0.60657,1.75379
8.49499,0.646291,1.75105
8.50282,0.762512,1.79221
8.51064,0.69557,1.86869
8.51847,0.648887,1.87874
8.5263,0.605868,1.77196
8.53413,0.696932,1.81265
8.54196,0.660972,1.78721
8.54979,0.652783,1.92148
8.55762,0.462915,1.67821
8.56544,0.78864,1.70865
8.57327,0.560873,1.75721
8.5811,0.822259,1.64121
8.58893,0.719998,1.87602
8.59676,0.713079,1.77041
8.60458,0.705116,1.85198
8.61241,0.670764,1.8903
8.62024,0.489211,1.83234
8.62807,0.599055,1.65769
8.6359,0.662914,1.66425
8.64373,0.833027,1.74663
8.65156,0.626869,1.91543
8.65938,0.645253,1.70031
8.66721,0.74118,1.86993
8.67504,0.555033,1.89651
8.68287,0.505383,1.74875
8.6907,0.607442,1.67017
8.69853,0.729315,1.72735
8.70635,0.644375,1.92835
8.71418,0.465862,1.73816
8.72201,0.667838,1.76035
8.72984,0.494107,1.79628
8.73767,0.584081,1.74484
8.7455,0.417145,1.71862
8.75332,0.620035,1.5566
8.76115,0.608823,1.69561
8.76898,0.70796,1.64328
8.77681,0.647406,1.84154
8.78464,0.553412,1.75313
8.79247,0.54905,1.7618
8.80029,0.517752,1.74128
8.80812,0.450092,1.66371
8.81595,0.587226,1.5757
8.82378,0.621391,1.66559
8.83161,0.627254,1.73963
8.83944,0.445517,1.70983
8.84726,0.592912,1.56315
8.85509,0.581477,1.67143
8.86292,0.676906,1.6513
8.87075,0.505053,1.84348
8.87858,0.437782,1.58106
8.88641,0.507312,1.64521
8.89423,0.485603,1.46705
8.90206,0.674644,1.54796
8.90989,0.600389,1.54942
8.91772,0.73919,1.54494
8.92555,0.755315,1.66165
8.93338,0.739524,1.78015
8.94121,0.540501,1.82031
8.94903,0.530079,1.64293
8.95686,0.600065,1.68009
8.96469,0.603293,1.6464
8.97252,0.639348,1.77706
8.98035,0.429983,1.71147
8.98818,0.588962,1.55465
8.996,0.654786,1.71498
9.00383,0.537806,1.75202
9.01166,0.521355,1.6553
9.01949,0.599594,1.72217
9.02732,0.452174,1.76602
9.03515,0.406522,1.60362
9.04297,0.582047,1.53608
9.0508,0.57645,1.7294
9.05863,0.503854,1.58811
9.06646,0.60805,1.76414
9.07429,0.35913,1.60742
9.08212,0.68071,1.60781
9.08994,0.437853,1.77949
9.09777,0.460447,1.61303
9.1056,0.471237,1.5572
9.11343,0.679378,1.71023
9.12126,0.268027,1.77917
9.12909,0.466392,1.44833
9.13691,0.46477,1.57852
9.14474,0.686693,1.50503
9.15257,0.510521,1.83954
9.1604,0.428464,1.56915
9.16823,0.47209,1.64632
9.17606,0.565464,1.54806
9.18388,0.499722,1.79317
9.19171,0.385146,1.5908
9.19954,0.459809,1.62139
9.20737,0.520469,1.58838
9.2152,0.401818,1.7389
9.22303,0.418926,1.47873
9.23085,0.531807,1.68762
9.23868,0.430853,1.59
9.24651,0.483914,1.74733
9.25434,0.268298,1.63797
9.26217,0.360975,1.55092
9.27,0.382372,1.51675
9.27782,0.419329,1.55879
9.28565,0.403336,1.53094
9.29348,0.385551,1.5384
9.30131,0.464486,1.457
9.30914,0.459511,1.605
9.31697,0.41,1.50158
9.32479,0.410427,1.55278
9.33262,0.479055,1.39085
9.34045,0.586247,1.64356
9.34828,0.387917,1.5665
9.35611,0.478178,1.57782
9.36394,0.43282,1.52273
9.37176,0.525202,1.62647
9.37959,0.378673,1.6199
9.38742,0.4155,1.58059
9.39525,0.440914,1.57645
9.40308,0.375901,1.70984
9.41091,0.260462,1.5285
9.41873,0.350609,1.57809
9.42656,0.288129,1.42917
9.43439,0.46238,1.59312
9.44222,0.137651,1.51865
9.45005,0.359725,1.27276
9.45788,0.524238,1.3458
9.4657,0.602277,1.60971
9.47353,0.275443,1.57788
9.48136,0.475098,1.43605
9.48919,0.393272,1.56765
9.49702,0.462759,1.52458
9.50485,0.302065,1.64409
9.51268,0.280501,1.42703
9.5205,0.369252,1.44095
9.52833,0.408426,1.4285
9.53616,0.421049,1.45725
9.54399,0.485486,1.47642
9.55182,0.429769,1.57622
9.55965,0.40859,1.53702
9.56747,0.386223,1.62864
9.5753,0.209261,1.57713
9.58313,0.285851,1.36605
9.59096,0.415863,1.53064
9.59879,0.182901,1.44981
9.60662,0.454129,1.29553
9.61444,0.455538,1.58292
9.62227,0.256838,1.5405
9.6301,0.236988,1.3643
9.63793,0.440774,1.33431
9.64576,0.41521,1.46596
9.65359,0.432668,1.46152
9.66141,0.334776,1.51046
9.66924,0.409761,1.40019
9.67707,0.403237,1.5546
9.6849,0.332561,1.48837
9.69273,0.294268,1.52536
9.70056,0.274943,1.36625
9.70838,0.408157,1.41889
9.71621,0.369077,1.42648
9.72404,0.462242,1.46941
9.73187,0.371358,1.61932
9.7397,0.198221,1.52531
9.74753,0.293175,1.4209
9.75535,0.233386,1.4891
9.76318,0.257548,1.31596
9.77101,0.371692,1.44089
9.77884,0.21733,1.39902
9.78667,0.36506,1.27062
9.7945,0.459433,1.44814
9.80233,0.287473,1.4715
9.81015,0.396517,1.36468
9.81798,0.365206,1.57191
9.82581,0.197905,1.4406
9.83364,0.286167,1.38497
9.84147,0.311658,1.36935
9.8493,0.334337,1.45649
9.85712,0.220314,1.39721
9.86495,0.315063,1.33449
9.87278,0.34021,1.39659
9.88061,0.264092,1.44407
9.88844,0.21245,1.27487
9.89627,0.435691,1.29151
9.90409,0.348141,1.44905
9.91192,0.303019,1.3767
9.91975,0.28113,1.38255
9.92758,0.30267,1.25961
9.93541,0.465313,1.3404
9.94324,0.34755,1.44194
9.95106,0.37343,1.36891
9.95889,0.304409,1.45449
9.96672,0.329664,1.25096
9.97455,0.510889,1.45815
9.98238,0.268036,1.46035
9.99021,0.426093,1.37772
9.99803,0.34171,1.53348
10.0059,0.316862,1.4429
10.0137,0.300925,1.55916
10.0215,0.0995351,1.45489
10.0293,0.245858,1.24381
10.0372,0.382705,1.41131
10.045,0.246656,1.44244
10.0528,0.23621,1.40751
10.0607,0.194662,1.28874
10.0685,0.438995,1.28947
10.0763,0.337173,1.5458
10.0841,0.159774,1.41343
10.092,0.252277,1.27942
10.0998,0.420085,1.37866
10.1076,0.22979,1.56662
10.1155,0.120993,1.30539
10.1233,0.336227,1.34376
10.1311,0.189272,1.43025
10.1389,0.202559,1.28451
10.1468,0.258387,1.30318
10.1546,0.295048,1.26269
10.1624,0.376877,1.32614
10.1703,0.361418,1.40588
10.1781,0.286215,1.45415
10.1859,0.251033,1.39479
10.1937,0.242911,1.43522
10.2016,0.180212,1.33611
10.2094,0.295756,1.34405
10.2172,0.237555,1.37173
10.2251,0.299685,1.37715
10.2329,0.199112,1.43529
10.2407,0.190193,1.34456
10.2485,0.179463,1.32001
10.2564,0.285825,1.23867
10.2642,0.36457,1.3934
10.272,0.249988,1.4485
10.2799,0.225484,1.43353
10.2877,0.114525,1.46745
10.2955,0.0505016,1.23434
10.3033,0.315715,1.2443
10.3112,0.205008,1.37859
10.319,0.273461,1.3079
10.3268,0.177347,1.45284
10.3347,0.12554,1.28181
10.3425,0.181905,1.31259
10.3503,0.210129,1.25121
10.3581,0.212906,1.36536
10.366,0.136352,1.24625
10.3738,0.229363,1.24225
10.3816,0.313192,1.20853
10.3895,0.343648,1.46378
10.3973,0.094157,1.33365
10.4051,0.307769,1.33353
10.4129,0.0836657,1.42454
10.4208,0.147561,1.22779
10.4286,0.190883,1.28043
10.4364,0.244695,1.29765
10.4443,0.126004,1.35191
10.4521,0.195009,1.21321
10.4599,0.198695,1.36358
10.4677,0.0990869,1.2307
10.4756,0.235678,1.23363
10.4834,0.175961,1.28709
10.4912,0.181825,1.22273
10.499,0.222972,1.22855
10.5069,0.256065,1.22416
10.5147,0.298413,1.30919
10.5225,0.191813,1.33195
10.5304,0.230614,1.27296
10.5382,0.208324,1.33246
10.546,0.199908,1.28137
10.5538,0.204752,1.32568
10.5617,0.171583,1.26984
10.5695,0.261413,1.28493
10.5773,0.223918,1.39992
10.5852,0.0882806,1.3808
10.593,0.0728071,1.25919
10.6008,0.150126,1.2166
10.6086,0.191643,1.25992
10.6165,0.17516,1.26698
10.6243,0.197504,1.30362
10.6321,0.115127,1.31185
10.64,0.125844,1.25921
10.6478,0.112593,1.22736
10.6556,0.208112,1.22675
10.6634,0.133889,1.29117
10.6713,0.18647,1.23998
10.6791,0.0765368,1.3299
10.6869,0.105582,1.10911
10.6948,0.240309,1.25952
10.7026,0.126251,1.23621
10.7104,0.17541,1.23382
10.7182,0.180993,1.19718
10.7261,0.238366,1.31492
10.7339,0.0850468,1.29165
10.7417,0.152812,1.24891
10.7496,0.0815771,1.25854
10.7574,0.128633,1.19712
10.7652,0.114463,1.20272
10.773,0.196529,1.16743
10.7809,0.194753,1.27489
10.7887,0.142793,1.26087
10.7965,0.119005,1.27417
10.8044,0.0897396,1.2247
10.8122,0.108206,1.21453
10.82,0.118404,1.19552
10.8278,0.0956181,1.23652
10.8357,0.0517599,1.10073
10.8435,0.245463,1.12057
10.8513,0.170217,1.22704
10.8592,0.20299,1.21243
10.867,0.0726945,1.26127
10.8748,0.141131,1.0542
10.8826,0.298503,1.19563
10.8905,0.231315,1.28118
10.8983,0.163885,1.31556
10.9061,0.146857,1.27761
10.914,0.0973618,1.35508
10.9218,-0.0210071,1.2504
10.9296,0.0402085,1.16221
10.9374,0.0907506,1.17705
10.9453,0.0335398,1.18681
10.9531,0.0847672,1.08638
10.9609,0.117449,1.16009
10.9688,0.103083,1.09224
10.9766,0.164459,1.13344
10.9844,0.154788,1.12103
10.9922,0.178748,1.14917
11.0001,0.209112,1.1461
11.0079,0.170501,1.24058
11.0157,0.150369,1.14262
11.0235,0.193211,1.24975
11.0314,0.112296,1.18914
11.0392,0.12828,1.25678
11.047,0.0314728,1.10594
11.0549,0.214786,1.14834
11.0627,0.101104,1.14317
11.0705,0.284586,1.16102
11.0783,0.111848,1.31648
11.0862,0.0830897,1.16003
11.094,0.127385,1.15944
11.1018,0.197942,1.17246
11.1097,0.127166,1.28938
11.1175,0.0220606,1.17316
11.1253,0.142999,1.10359
11.1331,0.151591,1.20165
11.141,0.139015,1.13907
11.1488,0.194342,1.2655
11.1566,0.00412564,1.20458
11.1645,0.159462,1.10872
11.1723,0.1205,1.20238
11.1801,0.186058,1.15537
11.1879,0.130855,1.30766
11.1958,0.0202393,1.18927
11.2036,0.102368,1.15664
11.2114,0.108298,1.17043
11.2193,0.137505,1.20041
11.2271,0.0721691,1.25142
11.2349,0.0177523,1.16822
11.2427,0.0899163,1.13776
11.2506,0.0901854,1.18427
11.2584,0.0554303,1.17779
11.2662,0.0525032,1.14269
11.2741,0.0708708,1.13058
11.2819,0.101902,1.12314
11.2897,0.0974479,1.17758
11.2975,0.0595633,1.12722
11.3054,0.116707,1.1559
11.3132,0.0383468,1.14828
11.321,0.116459,1.09097
11.3289,0.118018,1.18067
11.3367,0.0546513,1.14777
11.3445,0.10746,1.11038
11.3523,0.0976541,1.18653
11.3602,0.0320727,1.08922
11.368,0.197352,1.09532
11.3758,0.118385,1.23956
11.3837,0.0553974,1.16057
11.3915,0.0832466,1.14734
11.3993,0.114316,1.14893
11.4071,0.0986744,1.22357
11.415,0.00143962,1.19605
11.4228,0.0257785,1.10902
11.4306,0.076954,1.14018
11.4385,0.0274303,1.15076
11.4463,0.0276254,1.09595
11.4541,0.0723655,1.06293
11.4619,0.151532,1.09949
11.4698,0.123744,1.19829
11.4776,0.0327374,1.19113
11.4854,0.024691,1.11262
11.4933,0.0883543,1.12141
11.5011,0.0439261,1.15062
11.5089,0.0674963,1.09537
11.5167,0.0942345,1.15753
11.5246,0.038174,1.15441
11.5324,0.0242065,1.13577
11.5402,0.0295156,1.05761
11.548,0.157571,1.10902
11.5559,0.042757,1.20802
11.5637,0.0378163,1.0909
11.5715,0.0890998,1.15549
11.5794,0.0353899,1.15101
11.5872,0.040818,1.14099
11.595,0.0450273,1.14742
11.6028,-0.0143757,1.17217
11.6107,-0.0311143,1.05666
11.6185,0.0755382,1.07273
11.6263,0.0452027,1.13538
11.6342,-0.00713941,1.10522
11.642,0.0357089,1.04586
11.6498,0.060621,1.08411
11.6576,0.0817434,1.05875
11.6655,0.0986706,1.13267
11.6733,0.0715416,1.09651
11.6811,0.123669,1.17682
11.689,0.010745,1.20188
11.6968,-0.01173,1.15774
11.7046,-0.0206176,1.11161
11.7124,0.00590571,1.13406
11.7203,-0.061061,1.09776
11.7281,-0.00501557,1.04541
11.7359,0.00295784,1.04953
11.7438,0.0520163,1.03073
11.7516,0.0878833,1.08799
11.7594,0.0390747,1.13763
11.7672,0.000594231,1.09938
11.7751,0.00458437,1.08101
11.7829,0.0372599,1.04951
11.7907,0.0555828,1.10483
11.7986,0.0360183,1.09023
11.8064,0.0325419,1.13479
11.8142,-0.00682796,1.09417
11.822,-0.00453864,1.11445
11.8299,-0.0224626,1.03455
11.8377,0.0508347,1.0828
11.8455,0.00396429,1.06343
11.8534,0.0471054,1.10349
11.8612,-0.0122175,1.06297
11.869,0.0641999,1.10448
11.8768,-0.0349187,1.09463
11.8847,0.0384615,1.08115
11.8925,-0.0315694,1.089
11.9003,0.0333201,1.07126
11.9082,-0.0200835,1.09514
11.916,0.00166709,1.10075
11.9238,-0.0919195,1.03385
11.9316,0.0940704,1.00003
11.9395,-0.00723596,1.14832
11.9473,-0.0123813,1.04767
11.9551,-0.0441749,1.0827
11.963,0.00696142,0.987339
11.9708,0.0371477,1.07157
11.9786,0.0448662,1.05549
11.9864,0.0115467,1.14403
11.9943,-0.0420431,1.07272
12.0021,-0.0232035,1.09587
12.0099,-0.0630727,1.05002
12.0178,-0.0243593,1.0366
12.0256,-0.0157416,1.03541
12.0334,-0.0121702,1.06768
12.0412,-0.0677319,1.03998
12.0491,-0.0122824,0.977811
12.0569,0.0271723,1.04129
12.0647,-0.0109179,1.02997
12.0726,0.0337304,1.04924
12.0804,-0.0142409,1.0706
12.0882,0.000334249,1.08012
12.096,-0.0955209,1.07278
12.1039,-0.0355885,0.979445
12.1117,-0.0365618,1.02976
12.1195,-0.0123572,0.963565
12.1273,0.0276878,1.02634
12.1352,0.00697582,1.02037
12.143,0.0104775,1.0491
12.1508,-0.0153586,1.03166
12.1587,0.00184441,1.02207
12.1665,0.0225582,1.04423
12.1743,-0.0267213,1.06386
12.1821,0.000848718,1.01558
12.19,-0.00809737,1.07878
12.1978,-0.031812,1.02216
12.2056,-0.00236062,1.0667
12.2135,-0.0476139,1.03647
12.2213,-0.00862729,1.05907
12.2291,-0.0747475,1.06296
12.2369,-0.0793306,1.0245
12.2448,-0.0808873,0.963454
12.2526,0.0167499,0.975441
12.2604,-0.0394386,1.02791
12.2683,-0.00666187,0.966631
12.2761,0.00823095,1.03091
12.2839,-0.0063739,1.00905
12.2917,-0.00629622,1.05147
12.2996,-0.0287965,0.999674
12.3074,0.03966,1.06195
12.3152,-0.0752248,1.09745
12.3231,-0.0813095,1.02207
12.3309,-0.0837183,0.996962
12.3387,-0.0194252,0.972749
12.3465,-0.0395542,1.03023
12.3544,-0.0300726,0.97857
12.3622,-0.0136231,1.05349
12.37,-0.0911086,1.00785
12.3779,-0.0262362,0.974044
12.3857,-0.012183,1.00968
12.3935,-0.0230909,1.05487
12.4013,-0.0958007,1.03615
12.4092,-0.0699957,0.996627
12.417,-0.0949745,0.993356
12.4248,-0.0529131,0.953616
12.4327,-0.0627077,0.987608
12.4405,-0.044764,0.941518
12.4483,-0.0299227,0.98191
12.4561,-0.0225601,0.95195
12.464,-0.0151813,1.01246
12.4718,-0.0441393,0.949907
12.4796,0.0377491,1.02016
12.4875,-0.0861112,1.03608
12.4953,-0.0281573,0.965316
12.5031,-0.0483532,1.02289
12.5109,-0.0460565,0.976496
12.5188,-0.0470845,1.02044
12.5266,-0.073811,0.977135
12.5344,-0.0529656,0.995276
12.5423,-0.0897484,0.950547
12.5501,-0.000226252,0.937351
12.5579,-0.0198343,1.01996
12.5657,-0.0738115,0.996894
12.5736,-0.0705613,0.946303
12.5814,0.0015996,0.950263
12.5892,-0.0435426,1.01985
12.5971,-0.0594524,0.928899
12.6049,0.0349817,0.976459
12.6127,-0.0261734,1.02834
12.6205,-0.021665,1.00695
12.6284,-0.0456574,1.05005
12.6362,-0.0906003,1.01314
12.644,-0.0757497,1.00213
12.6518,-0.0979792,0.979046
12.6597,-0.0527871,0.967682
12.6675,-0.0818053,0.994582
12.6753,-0.0724401,0.95818
12.6832,-0.0741386,0.966327
12.691,-0.0400172,0.943438
12.6988,-0.0415318,0.992565
12.7066,-0.0470922,0.981072
12.7145,-0.0767132,1.00922
12.7223,-0.0742898,0.955542
12.7301,-0.0700041,0.989729
12.738,-0.0644668,0.942973
12.7458,-0.0513755,0.999227
12.7536,-0.0699287,0.95323
12.7614,-0.0528053,1.01131
12.7693,-0.0891197,0.947928
12.7771,-0.0338817,1.02523
12.7849,-0.161121,0.97227
12.7928,-0.0409168,0.920801
12.8006,-0.074209,0.998653
12.8084,-0.0946992,0.966217
12.8162,-0.0888694,0.935468
12.8241,-0.031422,0.965669
12.8319,-0.0968257,0.998234
12.8397,-0.0842033,0.950164
12.8476,-0.0746811,0.973661
12.8554,-0.0911574,0.980129
12.8632,-0.109476,0.955669
12.871,-0.081669,0.955102
12.8789,-0.110502,0.960587
12.8867,-0.0957588,0.927387
12.8945,-0.0703328,0.94074
12.9024,-0.0894502,0.966858
12.9102,-0.104235,0.924912
12.918,-0.068602,0.940702
12.9258,-0.0882722,0.921877
12.9337,-0.0288837,0.947035
12.9415,-0.0894666,0.977593
12.9493,-0.0584575,0.944151
12.9572,-0.075756,0.997974
12.965,-0.104564,0.976859
12.9728,-0.127029,0.975274
12.9806,-0.121266,0.916201
12.9885,-0.064993,0.956228
12.9963,-0.142362,0.975708
13.0041,-0.112458,0.899327
13.012,-0.0900029,0.956328
13.0198,-0.125959,0.921497
13.0276,-0.0908992,0.926848
13.0354,-0.101589,0.923162
13.0433,-0.0887678,0.943414
13.0511,-0.122539,0.928584
13.0589,-0.0997856,0.911575
13.0668,-0.0872743,0.911517
13.0746,-0.0825252,0.936252
13.0824,-0.0878866,0.92504
13.0902,-0.0979846,0.967738
13.0981,-0.144969,0.899336
13.1059,-0.0641998,0.910135
13.1137,-0.117054,0.926763
13.1216,-0.0715074,0.89426
13.1294,-0.0685017,0.938469
13.1372,-0.0867938,0.946779
13.145,-0.0956051,0.933424
13.1529,-0.0917724,0.955983
13.1607,-0.124565,0.92595
13.1685,-0.0825188,0.93645
13.1763,-0.128725,0.941314
13.1842,-0.0993093,0.918077
13.192,-0.112419,0.937316
13.1998,-0.115258,0.923299
13.2077,-0.100506,0.90933
13.2155,-0.0873716,0.957228
13.2233,-0.147893,0.92964
13.2311,-0.0935663,0.919478
13.239,-0.133579,0.941815
13.2468,-0.114191,0.922515
13.2546,-0.145771,0.934358
13.2625,-0.127863,0.897559
13.2703,-0.116967,0.919894
13.2781,-0.140488,0.928253
13.2859,-0.1526,0.873833
13.2938,-0.076877,0.897127
13.3016,-0.145813,0.936814
13.3094,-0.128704,0.873631
13.3173,-0.112919,0.902634
13.3251,-0.115677,0.884066
13.3329,-0.085159,0.896742
13.3407,-0.0969759,0.935587
13.3486,-0.125515,0.920709
13.3564,-0.115393,0.933026
13.3642,-0.154174,0.918696
13.3721,-0.13013,0.906006
13.3799,-0.153752,0.897617
13.3877,-0.108175,0.883429
13.3955,-0.124974,0.926746
13.4034,-0.14671,0.911108
13.4112,-0.15117,0.892282
13.419,-0.129579,0.894347
13.4269,-0.156204,0.898078
13.4347,-0.138516,0.865532
13.4425,-0.113136,0.886928
13.4503,-0.138413,0.91229
13.4582,-0.154995,0.876522
13.466,-0.139075,0.884052
13.4738,-0.142667,0.846861
13.4817,-0.0891719,0.890999
13.4895,-0.15658,0.888922
13.4973,-0.102232,0.873036
13.5051,-0.150336,0.903119
13.513,-0.125465,0.858062
13.5208,-0.121122,0.887346
13.5286,-0.121168,0.885284
13.5365,-0.131976,0.883165
13.5443,-0.108291,0.89629
13.5521,-0.15748,0.90652
13.5599,-0.136247,0.872161
13.5678,-0.144218,0.885351
13.5756,-0.125973,0.880642
13.5834,-0.158731,0.889278
13.5913,-0.123686,0.860848
13.5991,-0.143944,0.904119
13.6069,-0.147105,0.866397
13.6147,-0.146844,0.892237
13.6226,-0.160013,0.860176
13.6304,-0.141729,0.86964
13.6382,-0.157599,0.853125
13.6461,-0.116066,0.839413
13.6539,-0.110261,0.891295
13.6617,-0.151006,0.877177
13.6695,-0.119049,0.870337
13.6774,-0.136892,0.902646
13.6852,-0.168608,0.894788
13.693,-0.175762,0.850997
13.7009,-0.135783,0.857988
13.7087,-0.157584,0.858141
13.7165,-0.123744,0.860086
13.7243,-0.155952,0.879493
13.7322,-0.14621,0.863779
13.74,-0.169921,0.863434
13.7478,-0.142453,0.839458
13.7556,-0.14839,0.85372
13.7635,-0.123302,0.847388
13.7713,-0.147494,0.87431
13.7791,-0.135495,0.842513
13.787,-0.129643,0.875594
13.7948,-0.14411,0.862331
13.8026,-0.129562,0.870761
13.8104,-0.143816,0.89293
13.8183,-0.175285,0.878757
13.8261,-0.169228,0.859665
13.8339,-0.164377,0.839331
13.8418,-0.123811,0.863619
13.8496,-0.177413,0.887743
13.8574,-0.171687,0.845349
13.8652,-0.166372,0.850983
13.8731,-0.154614,0.847814
13.8809,-0.165491,0.853362
13.8887,-0.155509,0.856459
13.8966,-0.191403,0.84608
13.9044,-0.141704,0.818179
13.9122,-0.160468,0.864865
13.92,-0.162584,0.829404
13.9279,-0.158948,0.849405
13.9357,-0.161279,0.831813
13.9435,-0.163675,0.833078
13.9514,-0.129792,0.812602
13.9592,-0.123947,0.873197
13.967,-0.167614,0.863818
13.9748,-0.170182,0.849376
13.9827,-0.161272,0.833191
13.9905,-0.155626,0.844136
13.9983,-0.14812,0.834662
14.0062,-0.144795,0.870362
14.014,-0.191119,0.855292
14.0218,-0.166746,0.819456
14.0296,-0.148173,0.838761
14.0375,-0.150491,0.84464
14.0453,-0.155346,0.864718
14.0531,-0.18255,0.850421
14.061,-0.166916,0.846027
14.0688,-0.193451,0.837805
14.0766,-0.150033,0.806558
14.0844,-0.137585,0.864532
14.0923,-0.179709,0.864637
14.1001,-0.181356,0.850332
14.1079,-0.186791,0.850061
14.1158,-0.19474,0.842854
14.1236,-0.204288,0.828817
14.1314,-0.183905,0.802078
14.1392,-0.166464,0.83041
14.1471,-0.187054,0.817904
14.1549,-0.166208,0.823805
14.1627,-0.182256,0.817845
14.1706,-0.160882,0.828061
14.1784,-0.192973,0.818817
14.1862,-0.146825,0.811083
14.194,-0.179469,0.84717
14.2019,-0.177643,0.812472
14.2097,-0.167729,0.825379
14.2175,-0.16646,0.832986
14.2254,-0.189365,0.83051
14.2332,-0.16586,0.819641
14.241,-0.189284,0.840337
14.2488,-0.181858,0.811118
14.2567,-0.182148,0.828492
14.2645,-0.178914,0.809124
14.2723,-0.167113,0.828055
14.2801,-0.17839,0.837469
14.288,-0.201564,0.835553
14.2958,-0.198033,0.811297
14.3036,-0.194868,0.812857
14.3115,-0.188242,0.799174
14.3193,-0.172566,0.801961
14.3271,-0.15904,0.822469
14.3349,-0.188073,0.842801
14.3428,-0.20041,0.821241
14.3506,-0.197149,0.81589
14.3584,-0.195592,0.817042
14.3663,-0.209837,0.806745
14.3741,-0.186065,0.789172
14.3819,-0.173667,0.813719
14.3897,-0.197843,0.831944
14.3976,-0.21893,0.791935
14.4054,-0.168004,0.800891
14.4132,-0.219876,0.824227
14.4211,-0.193822,0.769758
14.4289,-0.178793,0.817497
14.4367,-0.214198,0.803124
14.4445,-0.199985,0.77584
14.4524,-0.16676,0.793254
14.4602,-0.200695,0.816505
14.468,-0.195604,0.788269
14.4759,-0.203233,0.801854
14.4837,-0.197803,0.774005
14.4915,-0.188467,0.781966
14.4993,-0.163801,0.773897
14.5072,-0.171009,0.81961
14.515,-0.187576,0.796312
14.5228,-0.184686,0.824038
14.5307,-0.215079,0.794443
14.5385,-0.189089,0.79809
14.5463,-0.210404,0.786999
14.5541,-0.174623,0.788401
14.562,-0.210791,0.812137
14.5698,-0.204716,0.763874
14.5776,-0.170809,0.788685
14.5855,-0.193614,0.800628
14.5933,-0.193421,0.790585
14.6011,-0.189591,0.789642
14.6089,-0.184051,0.801832
14.6168,-0.207168,0.804542
14.6246,-0.201741,0.786236
14.6324,-0.202873,0.792993
14.6403,-0.20034,0.777278
14.6481,-0.184988,0.788797
14.6559,-0.195218,0.799467
14.6637,-0.208724,0.795813
14.6716,-0.20461,0.77528
14.6794,-0.183356,0.788897
14.6872,-0.202844,0.801521
14.6951,-0.204918,0.791698
14.7029,-0.213431,0.791937
14.7107,-0.20699,0.777322
14.7185,-0.205581,0.786877
14.7264,-0.205433,0.775295
14.7342,-0.199242,0.786393
14.742,-0.206193,0.781423
14.7499,-0.20657,0.784456
14.7577,-0.203311,0.770704
14.7655,-0.194665,0.788434
14.7733,-0.203055,0.778653
14.7812,-0.195312,0.801644
14.789,-0.228132,0.78319
14.7968,-0.19801,0.779289
14.8046,-0.221425,0.787441
14.8125,-0.205682,0.77121
14.8203,-0.2053,0.784081
14.8281,-0.206887,0.793677
14.836,-0.232314,0.786374
14.8438,-0.215719,0.771855
14.8516,-0.224494,0.779662
14.8594,-0.219406,0.77121
14.8673,-0.230018,0.770664
14.8751,-0.21811,0.753049
14.8829,-0.205537,0.758051
14.8908,-0.196416,0.775046
14.8986,-0.220721,0.779787
14.9064,-0.210956,0.768587
14.9142,-0.22356,0.775414
14.9221,-0.214155,0.759594
14.9299,-0.214094,0.769721
14.9377,-0.207099,0.765437
14.9456,-0.214483,0.780253
14.9534,-0.218202,0.771179
14.9612,-0.224074,0.776483
14.969,-0.222272,0.763576
14.9769,-0.222929,0.775872
14.9847,-0.233392,0.758772
14.9925,-0.214,0.760901
15.0004,-0.22959,0.772099
15.0082,-0.230163,0.748591
15.016,-0.207587,0.759721
15.0238,-0.227321,0.773212
15.0317,-0.230713,0.75539
15.0395,-0.223863,0.756006
15.0473,-0.221955,0.751836
15.0552,-0.212005,0.760169
15.063,-0.227155,0.769308
15.0708,-0.22907,0.754829
15.0786,-0.227565,0.758482
15.0865,-0.224082,0.745965
15.0943,-0.21255,0.763203
15.1021,-0.230125,0.763646
15.11,-0.228757,0.760891
15.1178,-0.233854,0.75415
15.1256,-0.227436,0.756895
15.1334,-0.234581,0.752917
15.1413,-0.229433,0.755045
15.1491,-0.236525,0.750018
15.1569,-0.232547,0.752669
15.1648,-0.240574,0.738862
15.1726,-0.217139,0.742084
15.1804,-0.228393,0.7546
15.1882,-0.229924,0.754386
15.1961,-0.242413,0.750249
15.2039,-0.238745,0.740824
15.2117,-0.234784,0.730309
15.2196,-0.215644,0.740426
15.2274,-0.229103,0.748907
15.2352,-0.225044,0.747672
15.243,-0.234449,0.750779
15.2509,-0.235962,0.747967
15.2587,-0.241696,0.737573
15.2665,-0.2259,0.736907
15.2744,-0.230798,0.744898
15.2822,-0.232502,0.746055
15.29,-0.236532,0.740705
15.2978,-0.232738,0.746474
15.3057,-0.241749,0.738895
15.3135,-0.233172,0.743419
15.3213,-0.245122,0.738316
15.3292,-0.237603,0.737487
15.337,-0.241018,0.729118
15.3448,-0.229128,0.742654
15.3526,-0.250986,0.734188
15.3605,-0.233458,0.733213
15.3683,-0.251885,0.728709
15.3761,-0.229996,0.720482
15.3839,-0.235499,0.725305
15.3918,-0.218534,0.733076
15.3996,-0.243195,0.741048
15.4074,-0.232664,0.729007
15.4153,-0.242418,0.732052
15.4231,-0.227199,0.727477
15.4309,-0.240756,0.738587
15.4387,-0.237791,0.728089
15.4466,-0.240718,0.723627
15.4544,-0.21874,0.727881
15.4622,-0.238897,0.745108
15.4701,-0.237333,0.732501
15.4779,-0.244977,0.734307
15.4857,-0.231815,0.72806
15.4935,-0.242171,0.741103
15.5014,-0.238025,0.732925
15.5092,-0.249986,0.747851
15.517,-0.265865,0.726951
15.5249,-0.249396,0.706492
15.5327,-0.226355,0.725524
15.5405,-0.250919,0.735732
15.5483,-0.246126,0.721442
15.5562,-0.24701,0.722898
15.564,-0.239489,0.72637
15.5718,-0.255619,0.723636
15.5797,-0.233956,0.716459
15.5875,-0.250319,0.736365
15.5953,-0.251565,0.715052
15.6031,-0.245971,0.720463
15.611,-0.24203,0.717221
15.6188,-0.243374,0.725245
15.6266,-0.245102,0.723474
15.6345,-0.248739,0.724815
15.6423,-0.248915,0.723081
15.6501,-0.250622,0.719411
15.6579,-0.245694,0.728008
15.6658,-0.267699,0.720951
15.6736,-0.248329,0.704964
15.6814,-0.251398,0.717119
15.6893,-0.244746,0.706246
15.6971,-0.238815,0.721488
15.7049,-0.252376,0.723941
15.7127,-0.24969,0.710379
15.7206,-0.240079,0.72763
15.7284,-0.264436,0.720608
15.7362,-0.244211,0.713734
15.7441,-0.25918,0.725107
15.7519,-0.253828,0.712991
15.7597,-0.25782,0.718657
15.7675,-0.25432,0.714872
15.7754,-0.261593,0.716994
15.7832,-0.259872,0.712255
15.791,-0.263513,0.702754
15.7989,-0.243609,0.708424
15.8067,-0.262238,0.710652
15.8145,-0.233414,0.708847
15.8223,-0.267428,0.741997
15.8302,-0.276552,0.698611
15.838,-0.259148,0.70456
15.8458,-0.256839,0.697708
15.8537,-0.247471,0.706783
15.8615,-0.247329,0.716115
15.8693,-0.265488,0.722772
15.8771,-0.261391,0.704764
15.885,-0.261914,0.722912
15.8928,-0.280745,0.704381
15.9006,-0.260708,0.694148
15.9084,-0.257177,0.706782
15.9163,-0.264081,0.707395
15.9241,-0.263702,0.706247
15.9319,-0.269801,0.704939
15.9398,-0.264637,0.695058
15.9476,-0.255179,0.704926
15.9554,-0.271562,0.713237
15.9632,-0.27667,0.691255
15.9711,-0.257848,0.69179
15.9789,-0.25856,0.699719
15.9867,-0.261185,0.706776
15.9946,-0.271692,0.69927
16.0024,-0.26213,0.696427
16.0102,-0.265696,0.6988
16.018,-0.265571,0.698135
16.0259,-0.264002,0.687579
16.0337,-0.245003,0.701465
16.0415,-0.26479,0.713095
16.0494,-0.264508,0.706075
16.0572,-0.269363,0.709566
16.065,-0.275998,0.712272
16.0728,-0.288852,0.693455
16.0807,-0.262533,0.690067
16.0885,-0.274931,0.706053
16.0963,-0.276791,0.696338
16.1042,-0.280831,0.693813
16.112,-0.270364,0.687797
16.1198,-0.270376,0.697401
16.1276,-0.275269,0.702249
16.1355,-0.291954,0.694104
16.1433,-0.280026,0.675587
16.1511,-0.26564,0.680231
16.159,-0.261309,0.699108
16.1668,-0.285926,0.699885
16.1746,-0.278403,0.686112
16.1824,-0.286373,0.690797
16.1903,-0.280136,0.67157
16.1981,-0.264982,0.683846
16.2059,-0.277421,0.689619
16.2138,-0.271784,0.678962
16.2216,-0.26874,0.696924
16.2294,-0.289245,0.687409
16.2372,-0.275207,0.677875
16.2451,-0.27443,0.685878
16.2529,-0.282464,0.690058
16.2607,-0.288269,0.670551
16.2686,-0.265569,0.675122
16.2764,-0.27771,0.683218
16.2842,-0.274789,0.676874
16.292,-0.271317,0.671995
16.2999,-0.258855,0.685675
16.3077,-0.274293,0.687618
16.3155,-0.265053,0.693568
16.3234,-0.288964,0.693451
16.3312,-0.27324,0.683525
16.339,-0.292324,0.696056
16.3468,-0.288361,0.667117
16.3547,-0.268688,0.679636
16.3625,-0.280678,0.692356
16.3703,-0.289962,0.679548
16.3782,-0.277964,0.681558
16.386,-0.293512,0.685564
16.3938,-0.290863,0.665297
16.4016,-0.269173,0.668617
16.4095,-0.278945,0.692511
16.4173,-0.292373,0.669657
16.4251,-0.272085,0.680139
16.4329,-0.29091,0.676344
16.4408,-0.272896,0.678659
16.4486,-0.293855,0.679873
16.4564,-0.27316,0.671231
16.4643,-0.284983,0.688742
16.4721,-0.287691,0.681361
16.4799,-0.296591,0.67864
16.4877,-0.287399,0.671599
16.4956,-0.291531,0.673997
16.5034,-0.286293,0.674918
16.5112,-0.298023,0.667968
16.5191,-0.275083,0.666296
16.5269,-0.294054,0.67978
16.5347,-0.281601,0.660732
16.5425,-0.280774,0.682844
16.5504,-0.291977,0.675334
16.5582,-0.29092,0.67306
16.566,-0.288521,0.670361
16.5739,-0.286726,0.669778
16.5817,-0.277805,0.677003
16.5895,-0.292095,0.691326
16.5973,-0.308975,0.678696
16.6052,-0.297818,0.661057
16.613,-0.291585,0.680619
16.6208,-0.314033,0.662542
16.6287,-0.283046,0.656653
16.6365,-0.293528,0.672796
16.6443,-0.287811,0.668894
16.6521,-0.298064,0.67751
16.66,-0.299132,0.672007
16.6678,-0.308087,0.667624
16.6756,-0.294298,0.659352
16.6835,-0.296047,0.672989
16.6913,-0.306049,0.673591
16.6991,-0.316301,0.658862
16.7069,-0.299339,0.65065
16.7148,-0.299109,0.654553
16.7226,-0.289382,0.657668
16.7304,-0.298594,0.663785
16.7383,-0.296287,0.660839
16.7461,-0.301495,0.657971
16.7539,-0.291428,0.65905
16.7617,-0.300606,0.660196
16.7696,-0.289499,0.659165
16.7774,-0.298317,0.665331
16.7852,-0.294521,0.665897
16.7931,-0.308175,0.662215
16.8009,-0.291355,0.657367
16.8087,-0.303439,0.666118
16.8165,-0.2898,0.659483
16.8244,-0.303139,0.680199
16.8322,-0.311918,0.664583
16.84,-0.31234,0.664909
16.8479,-0.311271,0.65773
16.8557,-0.312989,0.660403
16.8635,-0.316446,0.652297
16.8713,-0.309462,0.642831
16.8792,-0.296203,0.650709
16.887,-0.303324,0.6567
16.8948,-0.303086,0.660641
16.9027,-0.315559,0.651933
16.9105,-0.295534,0.650151
16.9183,-0.310273,0.663802
16.9261,-0.308358,0.651461
16.934,-0.311523,0.655455
16.9418,-0.30552,0.64865
16.9496,-0.30846,0.657681
16.9575,-0.311027,0.651055
16.9653,-0.311722,0.651703
16.9731,-0.310499,0.64365
16.9809,-0.297903,0.64407
16.9888,-0.295522,0.661215
16.9966,-0.311367,0.664639
17.0044,-0.318734,0.657225
17.0122,-0.312348,0.642973
17.0201,-0.300675,0.660087
17.0279,-0.318852,0.658757
17.0357,-0.314794,0.660135
17.0436,-0.33088,0.648838
17.0514,-0.31091,0.644407
17.0592,-0.323193,0.648398
17.067,-0.307808,0.642566
17.0749,-0.318902,0.655495
17.0827,-0.319581,0.644673
17.0905,-0.320113,0.642348
17.0984,-0.30884,0.642035
17.1062,-0.315642,0.650617
17.114,-0.316373,0.647813
17.1218,-0.321435,0.643327
17.1297,-0.308685,0.644239
17.1375,-0.321511,0.653135
17.1453,-0.319752,0.640707
17.1532,-0.314636,0.645664
17.161,-0.319065,0.650388
17.1688,-0.322929,0.642532
17.1766,-0.316949,0.650097
17.1845,-0.333001,0.643063
17.1923,-0.31822,0.633679
17.2001,-0.314742,0.640881
17.208,-0.317347,0.652433
17.2158,-0.331841,0.639526
17.2236,-0.315651,0.641741
17.2314,-0.328817,0.638225
17.2393,-0.309056,0.642874
17.2471,-0.334022,0.647968
17.2549,-0.314564,0.634525
17.2628,-0.326949,0.652733
17.2706,-0.326126,0.639488
17.2784,-0.332428,0.644399
17.2862,-0.325247,0.631675
17.2941,-0.321681,0.643652
17.3019,-0.328936,0.645933
17.3097,-0.338074,0.637298
17.3176,-0.324348,0.631852
17.3254,-0.33031,0.640407
17.3332,-0.328104,0.632621
17.341,-0.325054,0.638027
17.3489,-0.330489,0.642053
17.3567,-0.333328,0.632495
17.3645,-0.326916,0.642279
17.3724,-0.343805,0.63251
17.3802,-0.327216,0.627943
17.388,-0.332174,0.626901
17.3958,-0.314128,0.636815
17.4037,-0.340733,0.645567
17.4115,-0.333331,0.629338
17.4193,-0.335379,0.63024
17.4272,-0.321948,0.636004
17.435,-0.347677,0.639694
17.4428,-0.327716,0.619233
17.4506,-0.331542,0.642172
17.4585,-0.337791,0.632171
17.4663,-0.34311,0.632081
17.4741,-0.332916,0.618613
17.4819,-0.324763,0.635341
17.4898,-0.340486,0.64233
17.4976,-0.349842,0.624624
17.5054,-0.333789,0.622817
17.5133,-0.338837,0.622482
17.5211,-0.324969,0.629713
17.5289,-0.347727,0.630411
17.5368,-0.323756,0.617693
17.5446,-0.33582,0.643164
17.5524,-0.34079,0.625802
17.5602,-0.337355,0.63244
17.5681,-0.338012,0.631408
17.5759,-0.345263,0.63675
17.5837,-0.352073,0.630383
17.5915,-0.356985,0.616526
17.5994,-0.336354,0.608591
17.6072,-0.332935,0.621699
17.615,-0.3337,0.627389
17.6229,-0.340759,0.624985
17.6307,-0.33167,0.632649
17.6385,-0.353693,0.632452
17.6463,-0.33762,0.622548
17.6542,-0.351462,0.635609
17.662,-0.348641,0.622308
17.6698,-0.355638,0.62628
17.6777,-0.347355,0.615493
17.6855,-0.353622,0.622745
17.6933,-0.34476,0.609407
17.7011,-0.342319,0.623864
17.709,-0.346196,0.622048
17.7168,-0.353609,0.623536
17.7246,-0.349416,0.615368
17.7325,-0.35419,0.617815
17.7403,-0.343828,0.609201
17.7481,-0.348447,0.622751
17.7559,-0.34824,0.609024
17.7638,-0.341605,0.620535
17.7716,-0.349496,0.618128
17.7794,-0.346879,0.616737
17.7873,-0.343522,0.61929
17.7951,-0.351588,0.626152
17.8029,-0.354791,0.615067
17.8107,-0.348032,0.618938
17.8186,-0.355277,0.619206
17.8264,-0.349711,0.614223
17.8342,-0.351672,0.625121
17.8421,-0.362177,0.616435
17.8499,-0.355536,0.613641
17.8577,-0.356275,0.6103
17.8655,-0.349512,0.616536
17.8734,-0.358698,0.613539
17.8812,-0.347646,0.617551
17.889,-0.365996,0.621463
17.8969,-0.358115,0.60767
17.9047,-0.36009,0.615044
17.9125,-0.357544,0.607717
17.9203,-0.357678,0.616127
17.9282,-0.365763,0.608785
17.936,-0.356819,0.602191
17.9438,-0.352513,0.60799
17.9517,-0.348713,0.611822
17.9595,-0.360564,0.624357
17.9673,-0.364392,0.603231
17.9751,-0.351812,0.621639
17.983,-0.37669,0.610422
17.9908,-0.355534,0.604873
17.9986,-0.366186,0.610937
18.0065,-0.357817,0.607718
18.0143,-0.36494,0.611618
18.0221,-0.363591,0.611171
18.0299,-0.368775,0.603492
18.0378,-0.357224,0.610904
18.0456,-0.373219,0.606092
18.0534,-0.35566,0.606792
18.0612,-0.374726,0.611028
18.0691,-0.360599,0.600317
18.0769,-0.367029,0.610488
18.0847,-0.365475,0.607502
18.0926,-0.373235,0.602587
18.1004,-0.355675,0.602623
18.1082,-0.366532,0.614873
18.116,-0.36812,0.617462
18.1239,-0.390346,0.607129
18.1317,-0.365686,0.593871
18.1395,-0.377326,0.608855
18.1474,-0.368419,0.595274
18.1552,-0.373039,0.609609
18.163,-0.375268,0.601136
18.1708,-0.379738,0.601833
18.1787,-0.372768,0.594556
18.1865,-0.373592,0.600358
18.1943,-0.37343,0.602902
18.2022,-0.385368,0.594773
18.21,-0.365154,0.59337
18.2178,-0.386021,0.602187
18.2256,-0.369188,0.58313
18.2335,-0.377121,0.601348
18.2413,-0.366557,0.58028
18.2491,-0.363557,0.612511
18.257,-0.38674,0.59306
18.2648,-0.365382,0.590754
18.2726,-0.370116,0.599728
18.2804,-0.366496,0.60248
18.2883,-0.378868,0.61565
18.2961,-0.395434,0.599235
18.3039,-0.383932,0.589676
18.3118,-0.384683,0.589411
18.3196,-0.375745,0.585389
18.3274,-0.372379,0.595263
18.3352,-0.38458,0.599707
18.3431,-0.3843,0.579931
18.3509,-0.365799,0.593943
18.3587,-0.384722,0.59547
18.3666,-0.373606,0.591958
18.3744,-0.385016,0.594065
18.3822,-0.372624,0.590302
18.39,-0.384277,0.599208
18.3979,-0.380029,0.5906
18.4057,-0.385574,0.59519
18.4135,-0.381917,0.589027
18.4214,-0.385537,0.58856
18.4292,-0.370334,0.586691
18.437,-0.380709,0.606095
18.4448,-0.389004,0.59323
18.4527,-0.386131,0.595972
18.4605,-0.390898,0.591372
18.4683,-0.385519,0.589808
18.4762,-0.389693,0.596135
18.484,-0.396092,0.585645
18.4918,-0.385868,0.582995
18.4996,-0.382416,0.585656
18.5075,-0.382201,0.598673
18.5153,-0.399952,0.592202
18.5231,-0.389681,0.583381
18.531,-0.390256,0.587892
18.5388,-0.391351,0.587649
18.5466,-0.390011,0.581625
18.5544,-0.383265,0.591091
18.5623,-0.391547,0.590487
18.5701,-0.391918,0.597492
18.5779,-0.404268,0.58407
18.5858,-0.387369,0.587106
18.5936,-0.399829,0.590816
18.6014,-0.398611,0.592024
18.6092,-0.411053,0.578594
18.6171,-0.390288,0.57839
18.6249,-0.402208,0.582922
18.6327,-0.394317,0.581869
18.6405,-0.404355,0.576742
18.6484,-0.386575,0.579707
18.6562,-0.402994,0.583613
18.664,-0.389619,0.581894
18.6719,-0.408757,0.58561
18.6797,-0.394109,0.572527
18.6875,-0.397273,0.582058
18.6953,-0.390563,0.585441
18.7032,-0.409289,0.589641
18.711,-0.402262,0.579937
18.7188,-0.414181,0.578969
18.7267,-0.395686,0.567239
18.7345,-0.399564,0.584444
18.7423,-0.403968,0.580382
18.7501,-0.410671,0.573487
18.758,-0.392781,0.570895
18.7658,-0.401046,0.58219
18.7736,-0.394522,0.582669
18.7815,-0.412943,0.591491
18.7893,-0.411674,0.57643
18.7971,-0.414111,0.577432
18.8049,-0.409529,0.574349
18.8128,-0.418764,0.568383
18.8206,-0.395725,0.562963
18.8284,-0.407436,0.581549
18.8363,-0.405075,0.567669
18.8441,-0.403339,0.577315
18.8519,-0.403627,0.577559
18.8597,-0.411515,0.580069
18.8676,-0.407838,0.578096
18.8754,-0.419776,0.577733
18.8832,-0.406798,0.570843
18.8911,-0.419962,0.582498
18.8989,-0.415205,0.566116
18.9067,-0.41817,0.578707
18.9145,-0.421038,0.561029
18.9224,-0.407202,0.570092
18.9302,-0.419619,0.574399
18.938,-0.417972,0.5643
18.9459,-0.41524,0.570729
18.9537,-0.421281,0.561043
18.9615,-0.404776,0.564815
18.9693,-0.415388,0.575641
18.9772,-0.420225,0.572216
18.985,-0.425383,0.563252
18.9928,-0.413737,0.561395
19.0007,-0.414506,0.564321
19.0085,-0.411797,0.573846
19.0163,-0.427266,0.566897
19.0241,-0.411813,0.566543
19.032,-0.429615,0.573188
19.0398,-0.424776,0.555775
19.0476,-0.413435,0.55818
19.0555,-0.413044,0.57469
19.0633,-0.42913,0.564462
19.0711,-0.413674,0.570401
19.0789,-0.437572,0.568869
19.0868,-0.420118,0.557743
19.0946,-0.42863,0.564488
19.1024,-0.41793,0.564381
19.1102,-0.438143,0.56848
19.1181,-0.425121,0.552357
19.1259,-0.428064,0.56209
19.1337,-0.423099,0.558681
19.1416,-0.431561,0.560771
19.1494,-0.420171,0.558097
19.1572,-0.43417,0.565908
19.1651,-0.426329,0.554124
19.1729,-0.430539,0.564419
19.1807,-0.434205,0.558168
19.1885,-0.435684,0.549124
19.1964,-0.417998,0.55318
19.2042,-0.430952,0.55964
19.212,-0.417312,0.559887
19.2198,-0.439389,0.573728
19.2277,-0.439102,0.554147
19.2355,-0.438514,0.55608
19.2433,-0.433818,0.554381
19.2512,-0.442629,0.549674
19.259,-0.419876,0.54771
19.2668,-0.436479,0.568395
19.2746,-0.43866,0.554786
19.2825,-0.447496,0.55791
19.2903,-0.440899,0.541869
19.2981,-0.43873,0.548604
19.306,-0.434585,0.542846
19.3138,-0.432958,0.546623
19.3216,-0.424872,0.551795
19.3294,-0.440623,0.560767
19.3373,-0.437322,0.549087
19.3451,-0.443093,0.557828
19.3529,-0.446269,0.543885
19.3608,-0.435705,0.544588
19.3686,-0.439757,0.555141
19.3764,-0.449146,0.539939
19.3842,-0.427863,0.54576
19.3921,-0.447103,0.552092
19.3999,-0.434819,0.545239
19.4077,-0.451463,0.551703
19.4156,-0.437275,0.533053
19.4234,-0.43294,0.551597
19.4312,-0.439859,0.554376
19.439,-0.450818,0.550847
19.4469,-0.443257,0.54686
19.4547,-0.453736,0.546193
19.4625,-0.440476,0.542575
19.4704,-0.45698,0.546325
19.4782,-0.435411,0.53215
19.486,-0.445983,0.561078
19.4938,-0.458247,0.539216
19.5017,-0.448616,0.540769
19.5095,-0.449878,0.540134
19.5173,-0.450731,0.539032
19.5252,-0.447757,0.541313
19.533,-0.458586,0.533714
19.5408,-0.433087,0.527424
19.5486,-0.441504,0.554159
19.5565,-0.450679,0.544517
19.5643,-0.453673,0.547994
19.5721,-0.454618,0.542965
19.58,-0.463556,0.546163
19.5878,-0.464154,0.527611
19.5956,-0.449398,0.530676
19.6034,-0.455967,0.538313
19.6113,-0.456761,0.526329
19.6191,-0.446344,0.533955
19.6269,-0.452062,0.53043
19.6348,-0.43973,0.545513
19.6426,-0.47328,0.545232
19.6504,-0.455117,0.519797
19.6582,-0.450597,0.536367
19.6661,-0.453667,0.536378
19.6739,-0.461364,0.535347
19.6817,-0.454111,0.531685
19.6895,-0.46299,0.534309
19.6974,-0.454425,0.52501
19.7052,-0.452312,0.533106
19.713,-0.452918,0.539063
19.7209,-0.466088,0.535961
19.7287,-0.456885,0.531669
19.7365,-0.466811,0.533402
19.7443,-0.456555,0.527988
19.7522,-0.465422,0.533145
19.76,-0.454609,0.527503
19.7678,-0.465932,0.541361
19.7757,-0.4695,0.525149
19.7835,-0.461489,0.526741
19.7913,-0.460805,0.532482
19.7991,-0.469413,0.532337
19.807,-0.468266,0.529856
19.8148,-0.474699,0.525326
19.8226,-0.468531,0.521137
19.8305,-0.468021,0.516536
19.8383,-0.457742,0.525539
19.8461,-0.472695,0.522215
19.8539,-0.456653,0.519382
19.8618,-0.463606,0.526392
19.8696,-0.458474,0.533965
19.8774,-0.482466,0.529565
19.8853,-0.463721,0.517561
19.8931,-0.473091,0.527611
19.9009,-0.466461,0.523723
19.9087,-0.482588,0.52371
19.9166,-0.464608,0.510866
19.9244,-0.472679,0.522847
19.9322,-0.459613,0.512639
19.9401,-0.466849,0.533861
19.9479,-0.473259,0.520332
19.9557,-0.468616,0.526328
19.9635,-0.476626,0.528534
19.9714,-0.482175,0.517032
19.9792,-0.470144,0.519316
19.987,-0.482301,0.51619
19.9949,-0.461899,0.5127
20.0027,-0.473463,0.529833
20.0105,-0.475646,0.521939
20.0183,-0.480162,0.523703
20.0262,-0.48063,0.522106
20.034,-0.485941,0.511961
20.0418,-0.468761,0.51911
20.0497,-0.491689,0.521715
20.0575,-0.478069,0.507962
20.0653,-0.482494,0.510751
20.0731,-0.464027,0.51089
20.081,-0.477388,0.527358
20.0888,-0.479077,0.523805
20.0966,-0.491682,0.518225
20.1045,-0.474671,0.519077
20.1123,-0.500715,0.522119
20.1201,-0.476499,0.503439
20.1279,-0.486149,0.52909
20.1358,-0.492689,0.517792
20.1436,-0.502598,0.513013
20.1514,-0.483753,0.504409
20.1593,-0.498319,0.519131
20.1671,-0.494878,0.503599
20.1749,-0.501919,0.503069
20.1827,-0.480318,0.494096
20.1906,-0.494015,0.511791
20.1984,-0.483535,0.49569
20.2062,-0.493205,0.510817
20.2141,-0.479157,0.493017
20.2219,-0.486497,0.522927
20.2297,-0.494835,0.49951
20.2375,-0.488647,0.514668
20.2454,-0.498373,0.501705
20.2532,-0.490545,0.508188
20.261,-0.499404,0.504846
20.2688,-0.497364,0.500634
20.2767,-0.493373,0.500977
20.2845,-0.500286,0.502588
20.2923,-0.495249,0.494343
20.3002,-0.494698,0.498834
20.308,-0.492404,0.497561
20.3158,-0.495353,0.498186
20.3236,-0.488507,0.501383
20.3315,-0.504426,0.50394
20.3393,-0.494336,0.489702
20.3471,-0.493055,0.499866
20.355,-0.491819,0.499417
20.3628,-0.498411,0.502698
20.3706,-0.494417,0.501882
20.3784,-0.506426,0.503199
20.3863,-0.496447,0.496597
20.3941,-0.5078,0.507508
20.4019,-0.512084,0.494794
20.4098,-0.513338,0.485914
20.4176,-0.494325,0.481959
20.4254,-0.497459,0.495958
20.4332,-0.499145,0.499529
20.4411,-0.515523,0.494015
20.4489,-0.500261,0.487084
20.4567,-0.514338,0.489326
20.4646,-0.49205,0.480387
20.4724,-0.509297,0.500128
20.4802,-0.502053,0.478359
20.488,-0.501814,0.495407
20.4959,-0.503206,0.487694
20.5037,-0.51032,0.492202
20.5115,-0.500358,0.482266
20.5194,-0.508207,0.495617
20.5272,-0.503048,0.484242
20.535,-0.512905,0.498371
20.5428,-0.511215,0.478255
20.5507,-0.508707,0.493339
20.5585,-0.516725,0.480364
20.5663,-0.509448,0.480417
20.5742,-0.504965,0.483313
20.582,-0.519505,0.487613
20.5898,-0.51025,0.466973
20.5976,-0.502396,0.48162
20.6055,-0.502769,0.479025
20.6133,-0.506714,0.490766
20.6211,-0.511218,0.481131
20.629,-0.51081,0.488483
20.6368,-0.517558,0.479002
20.6446,-0.510066,0.479015
20.6524,-0.513057,0.48212
20.6603,-0.516796,0.476441
20.6681,-0.50702,0.474506
20.6759,-0.5109,0.483313
20.6838,-0.515946,0.477199
20.6916,-0.50713,0.469837
20.6994,-0.497434,0.490124
20.7072,-0.524591,0.489737
20.7151,-0.511137,0.477687
20.7229,-0.519836,0.48808
20.7307,-0.518912,0.482321
20.7385,-0.529754,0.479086
20.7464,-0.512399,0.472264
20.7542,-0.52666,0.486119
20.762,-0.520424,0.470081
20.7699,-0.525511,0.482936
20.7777,-0.524378,0.469662
20.7855,-0.527855,0.479887
20.7934,-0.531786,0.463094
20.8012,-0.519713,0.462248
20.809,-0.511226,0.470455
20.8168,-0.524202,0.480397
20.8247,-0.524351,0.472066
