-37.0568,3.73148e-05,-9.98662e-05
-37.0519,0.000383931,-0.000110545
-37.047,0.000182714,0.000292417
-37.0421,9.22532e-05,4.75108e-05
-37.0372,0.000122112,0.000173474
-37.0323,0.000156336,5.04446e-05
-37.0274,0.000197865,0.000323474
-37.0226,-8.80772e-05,0.000289088
-37.0177,-0.00013832,4.66598e-05
-37.0128,0.000216448,-1.36527e-05
-37.0079,6.35418e-05,0.000385446
-37.003,-3.37535e-05,0.000105314
-36.9981,-1.65638e-05,0.000437325
-36.9932,-0.000464435,2.52555e-05
-36.9883,0.000100382,-0.000195825
-36.9834,9.98498e-05,0.000190065
-36.9785,-6.64553e-05,0.000156908
-36.9736,-5.21857e-05,8.52143e-05
-36.9687,-2.41342e-05,0.000176462
-36.9638,-0.000257787,0.000133724
-36.959,-0.000126636,-0.000184563
-36.9541,0.000106161,4.84568e-06
-36.9492,-7.7815e-06,-1.41029e-06
-36.9443,0.000128797,0.000151383
-36.9394,-0.000248251,2.83844e-05
-36.9345,0.000340056,-0.000147881
-36.9296,-5.1947e-05,0.000532686
-36.9247,-0.000284382,-0.000195865
-36.9198,0.00020547,-4.77299e-05
-36.9149,0.000290106,8.43032e-05
-36.91,6.42847e-05,0.000647201
-36.9051,-0.00047958,9.27743e-05
-36.9002,-1.71131e-06,3.87042e-05
-36.8953,-0.00018482,2.96132e-05
-36.8905,8.69058e-05,0.000134981
-36.8856,-0.000302681,0.000197744
-36.8807,-0.000152133,-5.82216e-05
-36.8758,-0.000157584,-2.05036e-05
-36.8709,-7.40498e-05,-4.65172e-05
-36.866,-9.54143e-05,-0.000143412
-36.8611,0.000189306,6.1838e-06
-36.8562,-0.000156492,9.55705e-05
-36.8513,0.000129694,-0.000126734
-36.8464,2.63069e-05,0.000235535
-36.8415,-9.47771e-05,-1.46847e-05
-36.8366,8.76537e-05,4.06663e-05
-36.8317,6.91458e-05,0.000200164
-36.8268,-0.000153868,0.000236943
-36.822,-0.000161155,4.80765e-05
-36.8171,-9.43661e-05,5.16031e-05
-36.8122,-7.39522e-05,9.14143e-05
-36.8073,-0.000127982,7.84023e-05
-36.8024,-0.000105847,0.00020589
-36.7975,-0.000532177,1.71705e-05
-36.7926,9.33945e-06,-0.000417538
-36.7877,2.56052e-05,0.000267522
-36.7828,-0.000432596,-0.000173859
-36.7779,8.65894e-05,-0.000253888
-36.773,-8.3334e-05,-3.67737e-05
-36.7681,0.000114944,-0.000233799
-36.7632,0.00012361,0.00025764
-36.7584,-0.00036231,-3.37686e-05
-36.7535,3.03988e-05,-0.000160234
-36.7486,-0.000279744,-0.000124828
-36.7437,0.00023952,-0.000492947
-36.7388,0.000221743,0.000161816
-36.7339,2.45267e-05,-0.00021003
-36.729,0.000320657,0.00010874
-36.7241,-6.16518e-05,7.50107e-05
-36.7192,0.000147499,-5.43689e-05
-36.7143,0.000119489,8.11658e-05
-36.7094,0.000150642,6.03186e-05
-36.7045,0.000167653,0.000275937
-36.6996,-0.00019707,0.00029164
-36.6947,-0.000159388,-7.1234e-06
-36.6899,-0.000173925,-2.65754e-05
-36.685,0.000111183,-0.000258853
-36.6801,0.000172919,0.000183593
-36.6752,1.19017e-05,-6.98663e-05
-36.6703,0.000282177,0.000230811
-36.6654,-0.000108456,0.000248639
-36.6605,2.29143e-06,0.000177753
-36.6556,-0.000184937,0.000199659
-36.6507,-0.000161174,2.08495e-05
-36.6458,1.90365e-05,1.33415e-06
-36.6409,-8.13567e-05,0.000329157
-36.636,-0.000429079,-4.68487e-05
-36.6311,-3.45919e-06,-0.000142503
-36.6262,-0.000131285,-2.81638e-05
-36.6213,3.91278e-05,-9.41507e-05
-36.6165,-5.70114e-05,6.07791e-06
-36.6116,7.4109e-05,-9.56791e-05
-36.6067,0.000107618,9.26039e-05
-36.6018,1.75495e-05,0.000148102
-36.5969,-4.44934e-05,0.000118087
-36.592,-4.69545e-05,0.000201486
-36.5871,-0.000266235,0.000104485
-36.5822,-0.0001212,-4.35014e-05
-36.5773,-9.71761e-05,-2.4682e-05
-36.5724,3.21892e-05,8.96683e-05
-36.5675,-0.000275578,0.000151115
-36.5626,-0.00012225,-8.70803e-05
-36.5577,-0.000270652,0.000139047
-36.5529,-0.000344694,-0.000349391
-36.548,0.000145549,-0.000253625
-36.5431,3.41757e-05,5.49383e-06
-36.5382,-3.36723e-05,-2.80637e-05
-36.5333,-2.46415e-05,-3.97498e-05
-36.5284,-3.25402e-05,3.56808e-05
-36.5235,-0.000173872,-4.40962e-05
-36.5186,-7.73493e-06,-0.000129348
-36.5137,-0.000126161,3.43951e-05
-36.5088,-0.000166967,-0.00030303
-36.5039,0.000227275,-0.000190587
-36.499,2.94082e-05,6.58597e-05
-36.4941,-3.40604e-06,-0.000164051
-36.4892,0.000242483,3.81336e-05
-36.4844,-0.000175396,0.000182378
-36.4795,1.83034e-05,-0.0002804
-36.4746,0.000167364,0.000314101
-36.4697,-0.000481049,-6.89979e-05
-36.4648,0.000160182,-0.000291418
-36.4599,-0.000111989,5.76009e-05
-36.455,1.6769e-05,-0.000283131
-36.4501,4.41444e-05,-8.22386e-05
-36.4452,0.000227297,-0.000245785
-36.4403,0.000181576,0.000214995
-36.4354,-1.1601e-05,-0.000119751
-36.4305,0.000206589,0.000239388
-36.4256,-0.000352135,-4.83981e-05
-36.4207,0.000289525,-0.000234555
-36.4159,-1.08968e-05,0.000222105
-36.411,-2.54859e-05,-0.00014234
-36.4061,3.92703e-05,-4.39637e-05
-36.4012,0.000264022,-0.000140687
-36.3963,0.000186063,0.000361483
-36.3914,-0.000193795,0.00011875
-36.3865,-7.93336e-05,2.86675e-05
-36.3816,-8.75225e-05,-4.18666e-05
-36.3767,-9.21193e-05,-2.69969e-05
-36.3718,-8.21381e-06,-0.000205259
-36.3669,0.000107531,2.65241e-06
-36.362,-1.98506e-05,-7.4463e-05
-36.3571,4.37811e-05,-6.15873e-05
-36.3523,0.000121787,-0.000124698
-36.3474,4.72957e-05,0.000112682
-36.3425,-2.1604e-05,-0.000276085
-36.3376,0.000349546,1.72888e-05
-36.3327,5.93653e-05,-2.67969e-05
-36.3278,0.000372863,0.000112585
-36.3229,-3.76185e-05,0.000268486
-36.318,1.05559e-05,4.19417e-05
-36.3131,-1.30259e-06,2.76544e-05
-36.3082,8.94861e-05,4.36996e-05
-36.3033,5.18138e-05,-6.18381e-06
-36.2984,0.000179558,0.000178781
-36.2935,-0.000167383,7.44705e-05
-36.2886,0.000184294,-0.000108136
-36.2837,0.000177743,0.00019877
-36.2789,-3.54345e-05,0.000277143
-36.274,-0.000186676,-9.11326e-05
-36.2691,0.000321331,1.04731e-05
-36.2642,-2.98871e-05,0.000289429
-36.2593,2.67253e-05,0.000134396
-36.2544,-0.000207786,0.000170353
-36.2495,-1.73784e-05,-0.000102712
-36.2446,7.42941e-06,3.41363e-05
-36.2397,0.000162749,-1.17909e-05
-36.2348,0.000101787,0.000219364
-36.2299,4.84028e-05,0.000252173
-36.225,-0.000231124,0.000229888
-36.2201,-1.4202e-05,-5.26723e-06
-36.2153,-0.000150531,0.000276864
-36.2104,-0.000247643,-0.000101948
-36.2055,5.30161e-05,-5.28361e-05
-36.2006,3.89973e-05,0.000140627
-36.1957,-0.000199231,0.000149645
-36.1908,-0.000126111,-0.000124412
-36.1859,0.000106291,-4.17759e-06
-36.181,-5.73832e-06,0.000254111
-36.1761,-0.000326543,8.69833e-05
-36.1712,-0.000134648,-0.000126365
-36.1663,-0.000131207,-0.000136985
-36.1614,0.000150431,-0.000155513
-36.1565,2.62984e-05,0.000109688
-36.1516,3.66591e-06,-2.08698e-05
-36.1468,1.91689e-05,3.66418e-05
-36.1419,5.44308e-05,0.000128476
-36.137,-0.000262174,5.89067e-05
-36.1321,0.000110299,-0.000226356
-36.1272,9.40636e-05,0.000198067
-36.1223,-4.90139e-05,8.11638e-05
-36.1174,-0.000155363,6.5384e-05
-36.1125,8.58963e-05,-0.000122431
-36.1076,1.6993e-05,0.000230665
-36.1027,-3.8566e-05,4.4089e-05
-36.0978,-0.000180343,0.000252903
-36.0929,-0.000176777,-0.000198901
-36.088,8.22157e-05,0.000181928
-36.0831,-0.000298908,4.85886e-05
-36.0783,-0.000137232,-4.23625e-05
-36.0734,-0.000150221,-0.000122405
-36.0685,-7.70902e-05,1.51413e-05
-36.0636,-0.000277967,-0.000228961
-36.0587,0.000148339,-0.000281687
-36.0538,7.46629e-05,-5.22961e-05
-36.0489,0.000198592,-5.22013e-05
-36.044,-1.1367e-05,0.000276715
-36.0391,-0.000285287,-0.000130712
-36.0342,0.000161489,-0.000132129
-36.0293,-0.000134483,0.000105474
-36.0244,-6.24946e-05,-0.000225392
-36.0195,-2.44134e-05,-8.10683e-05
-36.0147,7.90025e-05,-0.000356533
-36.0098,0.000396081,-2.88824e-05
-36.0049,0.000144067,0.000145889
-36,6.26657e-05,8.69713e-05
-35.9951,8.77451e-05,4.16356e-05
-35.9902,7.49789e-05,0.000114691
-35.9853,4.90511e-05,0.000117526
-35.9804,-0.000115616,9.95146e-05
-35.9755,0.000124377,-0.000173868
-35.9706,0.000269474,0.000328313
-35.9657,-0.00021591,0.000279069
-35.9608,-0.000142066,2.33662e-05
-35.9559,-3.79806e-05,7.07162e-05
-35.951,-0.000223957,9.98031e-05
-35.9461,-5.53247e-05,-0.000229036
-35.9413,0.000120491,0.000167298
-35.9364,-0.000240634,3.32267e-05
-35.9315,-7.06593e-05,-7.71346e-05
-35.9266,-6.45121e-05,-0.000190443
-35.9217,0.000254251,-5.33114e-05
-35.9168,5.66183e-05,0.000187791
-35.9119,-4.56757e-05,0.000168029
-35.907,-0.000233889,8.63997e-05
-35.9021,-0.000193569,-0.000159508
-35.8972,7.4766e-05,-0.000300074
-35.8923,0.000382946,7.84491e-05
-35.8874,-8.40019e-05,0.000383583
-35.8825,-0.000296998,-1.77907e-05
-35.8777,-7.37446e-05,-0.000178867
-35.8728,4.10244e-05,-0.000183617
-35.8679,0.000349335,-0.000180056
-35.863,0.000473858,0.000435668
-35.8581,-0.000212414,0.000640145
-35.8532,-0.000470175,0.000242845
-35.8483,-0.000522163,-5.63314e-05
-35.8434,-0.000239073,-0.000420658
-35.8385,0.00020665,-0.000205577
-35.8336,2.92442e-05,0.000174464
-35.8287,-0.000214526,-1.10666e-05
-35.8238,-5.92828e-05,-8.49511e-05
-35.8189,-0.000132908,-3.18465e-05
-35.814,-7.32632e-05,-0.00017536
-35.8092,4.39443e-05,-1.98662e-05
-35.8043,-0.000210159,-2.18183e-05
-35.7994,-4.75182e-05,-0.000309941
-35.7945,9.62568e-05,-8.78199e-05
-35.7896,3.80144e-05,-0.000200143
-35.7847,0.000273251,3.42959e-05
-35.7798,-0.000110682,0.000155333
-35.7749,-8.00947e-05,-8.81478e-05
-35.77,-0.000110496,-0.000111756
-35.7651,0.000152808,-0.000268416
-35.7602,0.00017454,0.000184619
-35.7553,-0.000240823,-5.64901e-05
-35.7504,0.000164958,-0.000238217
-35.7455,9.50738e-05,0.00012023
-35.7407,-8.55888e-05,-5.82525e-05
-35.7358,5.21237e-05,-8.80282e-05
-35.7309,-8.48352e-06,-1.14936e-05
-35.726,-8.61918e-05,-0.000195134
-35.7211,0.000254213,-0.000275864
-35.7162,0.000289873,9.19732e-05
-35.7113,9.59261e-05,0.000135188
-35.7064,-9.36859e-05,0.00012355
-35.7015,-7.42088e-05,-0.00021147
-35.6966,0.000201597,-9.52445e-05
-35.6917,0.000124954,-2.87579e-05
-35.6868,0.000179243,4.15471e-05
-35.6819,6.96143e-05,8.22549e-05
-35.6771,-1.12174e-05,5.11487e-05
-35.6722,3.3556e-05,-0.000177865
-35.6673,0.000307592,9.80265e-06
-35.6624,8.68933e-05,9.08571e-05
-35.6575,0.00026425,8.00514e-05
-35.6526,1.93955e-05,0.000367301
-35.6477,-0.000278492,5.92981e-05
-35.6428,-7.23953e-05,-0.000316468
-35.6379,0.000412898,-0.000202795
-35.633,0.000321935,0.000211841
-35.6281,0.000234489,0.000139898
-35.6232,0.000228683,0.000424839
-35.6183,-0.000154613,0.000275066
-35.6134,0.000132703,0.000179456
-35.6085,-0.000187925,0.000445406
-35.6037,-0.000224608,2.89362e-06
-35.5988,-6.34443e-05,0.000159406
-35.5939,-7.58923e-05,4.98314e-05
-35.589,-0.000159717,0.000392646
-35.5841,-0.000564376,-0.000177423
-35.5792,0.000118067,-0.00015987
-35.5743,-0.000332124,-1.12846e-05
-35.5694,0.000146927,-0.000375375
-35.5645,5.19414e-05,0.000145197
-35.5596,1.39886e-05,-0.000181647
-35.5547,0.000113255,0.000142292
-35.5498,-9.97593e-05,-8.6544e-05
-35.5449,0.000199104,1.14692e-05
-35.5401,-4.34149e-05,0.000208245
-35.5352,-0.000218739,-3.50867e-05
-35.5303,9.46026e-05,-0.000248863
-35.5254,0.000181851,0.000185214
-35.5205,-0.000194816,-5.49647e-05
-35.5156,0.000311165,-0.000121282
-35.5107,4.47156e-05,0.000329454
-35.5058,-7.23674e-05,-5.5141e-06
-35.5009,4.14985e-05,0.000199285
-35.496,-0.000253178,5.60295e-05
-35.4911,-6.07233e-05,-0.000151708
-35.4862,7.53075e-05,-8.72276e-05
-35.4813,7.95288e-05,3.31193e-05
-35.4764,6.1078e-05,-7.69433e-05
-35.4716,0.000329253,0.000138403
-35.4667,-4.30856e-05,0.000426342
-35.4618,-0.000245897,0.000178224
-35.4569,-0.00028373,1.15699e-05
-35.452,-0.000115009,-0.000165611
-35.4471,-8.73733e-06,-0.000120934
-35.4422,0.000191917,-3.73909e-05
-35.4373,-7.50087e-05,0.000256609
-35.4324,-0.000135161,-0.000175633
-35.4275,0.000158439,8.30197e-05
-35.4226,-0.000108098,4.76607e-05
-35.4177,4.31589e-05,9.6359e-05
-35.4128,-0.000235353,5.94671e-06
-35.4079,0.000153415,-0.00013567
-35.4031,-8.33543e-06,0.000296556
-35.3982,-0.000295151,1.2632e-05
-35.3933,-7.95527e-05,-0.000175969
-35.3884,6.31325e-05,2.14353e-05
-35.3835,-0.000209323,7.52457e-06
-35.3786,4.19314e-05,-0.000233245
-35.3737,9.11341e-05,0.00011627
-35.3688,-0.00016829,2.02649e-05
-35.3639,-8.10398e-05,-0.000144064
-35.359,5.05646e-05,-6.44632e-05
-35.3541,-0.000101837,-4.76164e-05
-35.3492,6.16371e-05,-0.000161094
-35.3443,-6.83147e-05,-5.58323e-05
-35.3395,0.000229039,-0.000342123
-35.3346,0.000310346,0.00029646
-35.3297,-0.000196269,2.5148e-05
-35.3248,0.000167349,-5.47488e-05
-35.3199,9.03805e-06,0.000138134
-35.315,-5.73598e-05,1.67369e-05
-35.3101,3.92743e-05,-2.01749e-05
-35.3052,-5.45067e-05,0.000123413
-35.3003,-9.18027e-05,-0.000135285
-35.2954,5.5707e-05,5.14695e-05
-35.2905,-0.000124376,-0.000134047
-35.2856,0.000151564,-4.19017e-05
-35.2807,-3.96445e-05,-4.93438e-05
-35.2758,0.000156603,4.36634e-05
-35.2709,-0.000199785,2.57569e-05
-35.2661,5.63956e-05,-0.000196364
-35.2612,3.59042e-06,-0.000104423
-35.2563,0.000211277,-0.000129109
-35.2514,-4.45045e-06,-2.27088e-05
-35.2465,0.000312533,-0.000266726
-35.2416,0.00032094,0.000221263
-35.2367,9.64628e-05,6.79302e-05
-35.2318,0.000201129,0.000114591
-35.2269,0.000216101,0.000178293
-35.222,4.69847e-05,0.000398078
-35.2171,-0.000173024,0.000127512
-35.2122,2.73507e-05,0.00014565
-35.2073,-0.000230733,0.00012559
-35.2024,3.38699e-05,-0.00017182
-35.1976,0.00017828,0.000210304
-35.1927,-6.62031e-05,0.000229506
-35.1878,-0.000217761,0.000298548
-35.1829,-0.000457431,-0.000150769
-35.178,4.79442e-05,-0.000258898
-35.1731,4.26986e-06,-0.000118591
-35.1682,0.000265275,-3.67206e-05
-35.1633,-9.17729e-06,0.000240538
-35.1584,-0.000122021,9.71247e-05
-35.1535,-0.000296509,-0.000173709
-35.1486,0.000391403,-0.000351404
-35.1437,0.000238464,0.000421029
-35.1388,-0.000105102,0.000154366
-35.134,-0.000175096,0.000216638
-35.1291,-0.000194421,-0.000158355
-35.1242,7.28785e-06,3.17929e-05
-35.1193,-0.000110312,-0.000174841
-35.1144,0.000244381,-1.73324e-05
-35.1095,-1.8616e-05,0.000170161
-35.1046,6.717e-06,3.21862e-05
-35.0997,5.77585e-06,0.000200656
-35.0948,-0.000244825,0.000127015
-35.0899,-0.000106828,-3.0109e-05
-35.085,-0.000260486,0.000105171
-35.0801,-0.000248276,-0.000279517
-35.0752,-2.14826e-05,-0.000128381
-35.0703,-8.43017e-05,-0.000287129
-35.0655,0.000255121,-0.000106049
-35.0606,-4.33634e-05,0.000104629
-35.0557,-0.000101545,-8.40215e-05
-35.0508,-8.40443e-05,-0.000157027
-35.0459,5.11793e-05,-0.00019712
-35.041,-5.17016e-06,-0.000107945
-35.0361,3.90546e-05,-0.000373387
-35.0312,0.00050476,-0.000206279
-35.0263,0.00030077,0.000261417
-35.0214,8.24557e-05,0.000178114
-35.0165,-0.000110111,0.000229336
-35.0116,-0.000162755,-0.000211964
-35.0067,0.000260573,4.2216e-06
-35.0019,-0.000217302,0.000102332
-34.997,0.000109564,-0.000363475
-34.9921,0.000233074,0.000206924
-34.9872,-0.000218784,-0.000153064
-34.9823,0.000399342,-0.000178074
-34.9774,3.88193e-05,0.000219165
-34.9725,0.000112626,-9.20476e-05
-34.9676,-1.48328e-05,0.000128568
-34.9627,0.000150341,-0.00029387
-34.9578,0.000356439,0.000288914
-34.9529,-0.000115532,8.08376e-05
-34.948,0.000135225,9.50005e-05
-34.9431,-0.000129841,-2.45958e-05
-34.9382,0.000294364,-0.000122848
-34.9333,0.000230894,0.000266497
-34.9285,-3.84484e-05,0.000363038
-34.9236,-0.000367226,-1.73263e-05
-34.9187,0.000270409,-0.000235244
-34.9138,2.71194e-05,0.000471383
-34.9089,-0.000400673,-0.000183122
-34.904,0.000238929,-0.000157545
-34.8991,-7.8706e-05,3.1391e-05
-34.8942,0.00025466,-0.000218737
-34.8893,0.000224235,0.000290169
-34.8844,-5.19792e-05,0.00011962
-34.8795,-1.76577e-05,0.000145983
-34.8746,-0.000122629,7.7693e-06
-34.8697,-9.92448e-07,-3.42918e-05
-34.8648,3.15143e-05,1.30419e-05
-34.86,-8.76647e-05,2.43206e-05
-34.8551,7.5787e-05,-0.000176453
-34.8502,0.000115636,0.000158363
-34.8453,-0.000120916,-8.26541e-05
-34.8404,0.000171134,-4.84578e-05
-34.8355,3.79884e-05,5.92367e-05
-34.8306,1.96063e-05,3.58188e-05
-34.8257,2.35937e-05,-8.01618e-05
-34.8208,0.00015612,8.43368e-05
-34.8159,-7.01808e-05,4.46959e-05
-34.811,6.86462e-05,2.53338e-05
-34.8061,-0.000181693,1.00893e-05
-34.8012,5.3241e-05,-0.0003226
-34.7964,0.000280521,-3.21442e-05
-34.7915,7.68174e-05,2.17213e-05
-34.7866,0.00015866,-5.38495e-05
-34.7817,8.32266e-05,-1.11568e-05
-34.7768,0.000286313,-0.000185518
-34.7719,0.000380026,0.000184043
-34.767,0.000239405,9.70711e-05
-34.7621,0.000371321,0.000396152
-34.7572,-6.74822e-05,0.000441831
-34.7523,-0.000132432,0.000246671
-34.7474,-0.000131188,7.11061e-05
-34.7425,-5.24409e-05,0.000117933
-34.7376,-6.00988e-05,-0.000100361
-34.7327,0.000219276,0.000148977
-34.7279,-8.84886e-05,0.000105773
-34.723,0.000181731,0.000175284
-34.7181,-0.000231482,0.000198584
-34.7132,0.000146379,-5.20353e-05
-34.7083,1.81867e-05,0.000416274
-34.7034,-0.000329791,0.000245143
-34.6985,-0.000384484,-8.84732e-05
-34.6936,-8.7677e-05,-0.000192128
-34.6887,-0.00011768,-0.000232959
-34.6838,0.000324999,-0.000245763
-34.6789,0.00021903,0.000213247
-34.674,-7.01311e-06,0.000225881
-34.6691,-0.000263066,-4.69044e-05
-34.6642,0.000321602,-0.000183418
-34.6594,-4.95571e-06,0.000383393
-34.6545,-3.90488e-05,-0.00011025
-34.6496,4.14887e-05,0.000322383
-34.6447,-0.000321648,-4.11265e-05
-34.6398,-4.76627e-05,-0.00011021
-34.6349,4.47853e-05,-0.000231001
-34.63,0.000254792,0.000167822
-34.6251,-0.000263543,5.68728e-05
-34.6202,0.000118251,-0.000192802
-34.6153,-1.70188e-05,6.21544e-05
-34.6104,9.78469e-05,-0.00022704
-34.6055,0.000238032,0.000108614
-34.6006,1.85796e-05,-4.35036e-06
-34.5958,0.000226056,5.59113e-05
-34.5909,5.56614e-05,0.000106032
-34.586,0.000249784,0.000120211
-34.5811,-8.27584e-06,0.000420909
-34.5762,-0.000271917,0.000160104
-34.5713,-0.000220404,-9.71887e-05
-34.5664,0.0001226,-0.000172727
-34.5615,0.000106809,0.00021556
-34.5566,-0.000181747,5.11449e-05
-34.5517,2.99238e-05,-4.11618e-05
-34.5468,-8.4555e-05,0.000164251
-34.5419,-0.000317693,-0.000109665
-34.537,-2.18634e-05,-0.000368307
-34.5321,0.000206101,-0.000237568
-34.5272,0.000270798,-6.23603e-05
-34.5224,0.000150815,-2.26447e-05
-34.5175,0.000358901,-1.09243e-05
-34.5126,9.40198e-05,0.000368627
-34.5077,-0.000145639,-0.000164188
-34.5028,0.000476059,-6.63237e-05
-34.4979,0.000170768,0.000345119
-34.493,0.000182991,0.000183068
-34.4881,-6.64985e-05,0.000516195
-34.4832,-0.00030048,-4.35277e-05
-34.4783,9.63231e-05,0.000161748
-34.4734,-0.000381067,-1.20476e-05
-34.4685,0.000212923,-0.000250952
-34.4636,8.47029e-06,0.000187834
-34.4588,1.19222e-05,-0.000120815
-34.4539,8.33805e-05,-1.68324e-05
-34.449,0.000305097,-3.635e-05
-34.4441,0.000111231,0.000399858
-34.4392,-0.000123643,0.000124863
-34.4343,-0.000203629,0.000133239
-34.4294,-7.77147e-05,-0.000372826
-34.4245,0.000415818,7.44719e-05
-34.4196,-7.99411e-05,0.000207668
-34.4147,-1.78837e-05,-5.08254e-05
-34.4098,0.000110674,-0.000125869
-34.4049,0.000284167,0.000132344
-34.4,-5.79562e-05,4.14907e-05
-34.3951,0.000462642,-5.07093e-05
-34.3903,0.000124824,0.000587856
-34.3854,-0.000151812,5.90786e-05
-34.3805,0.000142449,0.000267391
-34.3756,-0.000188715,0.00016967
-34.3707,3.07795e-05,0.00013095
-34.3658,-0.000207311,0.000106603
-34.3609,7.97902e-05,-2.87396e-05
-34.356,-0.000122158,0.000194315
-34.3511,-3.55683e-05,-0.000189959
-34.3462,0.000278169,0.000121119
-34.3413,-6.26511e-05,0.000301292
-34.3364,-0.00011165,-9.8368e-06
-34.3315,0.000131808,0.000155546
-34.3266,-0.000215093,0.000181365
-34.3218,2.68053e-05,-5.28207e-05
-34.3169,-6.91262e-05,0.000226377
-34.312,-0.000163361,-9.41e-06
-34.3071,-8.1839e-05,-3.77809e-05
-34.3022,0.000105811,-2.02503e-05
-34.2973,-0.000143191,0.00022362
-34.2924,-0.000164386,-0.000184882
-34.2875,-4.64802e-07,-3.49903e-05
-34.2826,4.27821e-06,-0.000233734
-34.2777,0.000246704,-5.13953e-05
-34.2728,0.000259248,4.28654e-05
-34.2679,8.50721e-05,0.000408743
-34.263,-0.000262697,-2.43399e-05
-34.2582,0.000165118,4.69462e-05
-34.2533,-0.000248612,0.000117621
-34.2484,-9.35924e-06,-0.000304935
-34.2435,0.000289795,-4.77699e-05
-34.2386,0.000107867,0.000175604
-34.2337,-9.61181e-06,-4.48592e-05
-34.2288,0.000286594,-8.94496e-06
-34.2239,0.000211054,0.00031811
-34.219,-0.000199485,0.000314804
-34.2141,-0.000119757,-0.000235731
-34.2092,0.000402183,0.000167326
-34.2043,-0.000288343,0.000392231
-34.1994,-0.000218763,-0.000274432
-34.1945,0.000215235,-0.000222548
-34.1896,0.000422431,5.05227e-05
-34.1848,0.000166966,0.000408715
-34.1799,-2.85193e-05,0.000178753
-34.175,4.59507e-05,0.000331718
-34.1701,-0.000340818,0.000163991
-34.1652,-1.08232e-05,-0.000149575
-34.1603,2.77938e-05,0.000109691
-34.1554,1.93332e-05,-9.25998e-06
-34.1505,1.92136e-05,0.000123414
-34.1456,5.03829e-05,-3.64118e-05
-34.1407,0.000104934,0.000239247
-34.1358,-0.000106245,4.76934e-05
-34.1309,4.58615e-05,0.000188227
-34.126,-0.000292481,-5.95646e-05
-34.1212,0.000264256,-0.000221871
-34.1163,0.000181217,0.000200441
-34.1114,0.000115207,0.000126636
-34.1065,5.43245e-05,0.000226713
-34.1016,2.9569e-06,0.000185643
-34.0967,-6.76286e-05,0.000152339
-34.0918,2.03403e-06,0.000115488
-34.0869,-6.61797e-05,8.34228e-05
-34.082,0.000189821,0.000138741
-34.0771,-0.000213125,0.000466743
-34.0722,-0.000352286,-0.000127037
-34.0673,4.15413e-05,-5.51873e-05
-34.0624,-2.00482e-05,-3.72849e-05
-34.0575,0.000177796,7.17657e-05
-34.0527,-4.75687e-05,0.000263989
-34.0478,-0.000166217,4.7766e-05
-34.0429,7.88317e-06,-2.89093e-05
-34.038,7.55385e-05,0.000153076
-34.0331,-0.000156615,0.000259333
-34.0282,-0.000373489,1.52306e-06
-34.0233,-0.000200236,-0.000356603
-34.0184,0.000257078,-0.000411946
-34.0135,0.000572923,8.22048e-05
-34.0086,9.60945e-05,0.000478244
-34.0037,-0.000111186,0.000101939
-33.9988,6.37727e-05,0.000182268
-33.9939,-0.000145105,0.000145128
-33.989,-3.21463e-05,2.78012e-05
-33.9842,-5.44208e-05,5.21985e-05
-33.9793,2.847e-05,6.07547e-06
-33.9744,1.45426e-05,7.27026e-05
-33.9695,3.47147e-05,4.45162e-05
-33.9646,2.16696e-05,4.28145e-05
-33.9597,0.00019028,5.91833e-05
-33.9548,3.29013e-05,0.000338641
-33.9499,-0.000129193,0.000107352
-33.945,-8.97461e-05,0.000147264
-33.9401,-0.000107046,-0.000184353
-33.9352,0.000445318,7.47186e-05
-33.9303,-1.48977e-06,0.000520992
-33.9254,-0.000202069,0.000225083
-33.9206,-0.000192102,0.000147966
-33.9157,-0.000132588,8.38158e-05
-33.9108,-0.000172855,6.09825e-05
-33.9059,-3.91456e-05,6.56184e-05
-33.901,-0.000308111,0.000141037
-33.8961,-0.000183607,-0.000310432
-33.8912,0.000190466,-0.000114343
-33.8863,0.000111411,0.000113433
-33.8814,-5.66938e-05,5.48038e-05
-33.8765,0.000213583,2.87167e-05
-33.8716,-9.26423e-05,0.000432782
-33.8667,-0.000296011,-0.000100788
-33.8618,0.000100208,-6.00003e-05
-33.8569,0.000177426,0.000136681
-33.852,-0.000209435,0.000496609
-33.8472,-0.000469651,-0.000274504
-33.8423,0.000237328,-5.67318e-05
-33.8374,-0.000230988,5.64088e-05
-33.8325,0.000109863,-0.000167639
-33.8276,5.00532e-05,6.33632e-05
-33.8227,7.73287e-05,5.48308e-05
-33.8178,1.35656e-05,-2.91667e-05
-33.8129,0.00038986,0.00020236
-33.808,-0.000219336,0.00055861
-33.8031,-0.000266423,3.38176e-05
-33.7982,-0.000235527,0.000167808
-33.7933,-0.000306066,-0.000177362
-33.7884,7.97914e-05,-0.000161328
-33.7836,2.34598e-05,0.000135074
-33.7787,-0.000151819,-1.16422e-06
-33.7738,-1.82554e-05,4.95552e-05
-33.7689,-0.000244462,-6.33274e-05
-33.764,0.00010872,-0.000159521
-33.7591,-3.72722e-05,4.91097e-05
-33.7542,9.54772e-05,2.1026e-05
-33.7493,-0.00030734,0.000134836
-33.7444,-4.36932e-05,-0.00041863
-33.7395,0.00017454,-4.27433e-05
-33.7346,0.000174169,-0.000117889
-33.7297,0.000105539,0.000168867
-33.7248,5.22509e-05,-0.000120628
-33.7199,0.000175127,0.000167463
-33.715,-7.66321e-06,-5.65252e-05
-33.7102,0.000241133,0.000132804
-33.7053,-4.99256e-05,8.42641e-05
-33.7004,0.00020297,-1.82878e-06
-33.6955,0.000143012,0.000171778
-33.6906,0.00020282,0.000113479
-33.6857,0.000307735,0.000444469
-33.6808,-0.000224559,0.000645144
-33.6759,-0.000431868,0.00021219
-33.671,-0.000429138,-2.5914e-05
-33.6661,2.88977e-05,-0.000346635
-33.6612,0.000199186,0.000266716
-33.6563,-0.000133135,0.000159175
-33.6514,-0.00024597,0.000315613
-33.6466,-0.00045653,-0.000440523
-33.6417,0.000638897,-0.000175073
-33.6368,6.73407e-07,0.000627793
-33.6319,-0.000352698,0.000142983
-33.627,-0.000198054,-8.55285e-05
-33.6221,7.82574e-05,3.21387e-05
-33.6172,-0.000166334,0.000184087
-33.6123,-0.000108476,3.80512e-05
-33.6074,-0.000215562,8.70811e-05
-33.6025,-8.58274e-05,6.26578e-06
-33.5976,-0.00040399,0.000127349
-33.5927,-0.000194269,-0.000517574
-33.5878,0.000288314,6.20837e-05
-33.5829,-0.000349779,2.64963e-05
-33.5781,3.42935e-05,-0.00032869
-33.5732,6.54724e-05,-8.85529e-05
-33.5683,0.000238909,-0.000120446
-33.5634,9.07485e-05,0.000257448
-33.5585,-0.00013659,-3.13312e-05
-33.5536,0.000111223,-8.68656e-05
-33.5487,0.000270825,0.000134096
-33.5438,-0.000109722,0.000481428
-33.5389,-0.000351886,-1.47541e-05
-33.534,-0.000129234,9.40447e-05
-33.5291,-0.000412785,-0.000227156
-33.5242,0.000216065,-0.000341058
-33.5193,0.000115746,0.000135114
-33.5144,-4.72506e-05,6.38629e-05
-33.5096,-0.000166524,3.87611e-05
-33.5047,-0.000113351,-0.000221634
-33.4998,0.000198221,-0.00012513
-33.4949,9.50945e-05,0.000195307
-33.49,-0.000211132,0.000166149
-33.4851,-0.000364866,-0.00018403
-33.4802,0.000159743,-0.000414329
-33.4753,6.74308e-05,0.00020513
-33.4704,-0.000227517,-0.000405464
-33.4655,0.000438386,-9.82225e-05
-33.4606,-7.9987e-05,-2.98417e-05
-33.4557,0.000388574,-7.38965e-05
-33.4508,-8.10857e-05,0.000205087
-33.4459,0.000171169,-5.87051e-05
-33.4411,-0.000230519,0.000197561
-33.4362,4.71363e-05,-0.000358373
-33.4313,-5.55739e-05,0.000106679
-33.4264,8.34434e-05,-0.000658536
-33.4215,0.000696248,0.000217629
-33.4166,-0.000224779,5.76187e-05
-33.4117,0.000494479,-0.000278022
-33.4068,0.000309675,0.000341343
-33.4019,0.000192713,0.000107636
-33.397,0.000148104,0.000407073
-33.3921,-0.000198356,5.31592e-05
-33.3872,0.000297638,1.17984e-05
-33.3823,-3.72007e-05,0.000372471
-33.3774,-6.66528e-05,-5.10919e-05
-33.3726,9.37029e-05,0.000130855
-33.3677,1.40299e-05,1.71789e-05
-33.3628,0.000119894,0.000115003
-33.3579,9.80001e-05,0.000107807
-33.353,-9.87503e-06,0.000297493
-33.3481,-0.000165613,-5.63772e-05
-33.3432,0.00016962,6.29388e-05
-33.3383,-6.77232e-05,9.71224e-05
-33.3334,5.89426e-05,1.86977e-05
-33.3285,4.07091e-05,1.34108e-05
-33.3236,7.95153e-05,0.000118748
-33.3187,-3.8079e-05,-0.00016187
-33.3138,0.000546761,2.27082e-05
-33.309,0.000114211,0.000482125
-33.3041,-2.27441e-06,0.000206773
-33.2992,-6.05949e-06,0.000190771
-33.2943,0.000115372,0.000215265
-33.2894,-6.05926e-05,0.000297384
-33.2845,6.39845e-06,0.000304601
-33.2796,-0.000404799,0.000307477
-33.2747,-0.000184312,-0.000231228
-33.2698,0.000208523,2.69731e-05
-33.2649,4.11656e-05,0.000444617
-33.26,-0.000565275,0.000130726
-33.2551,1.57418e-05,-0.000364332
-33.2502,0.000131468,9.0107e-05
-33.2453,0.000120544,0.000154118
-33.2405,-0.000269261,0.000203434
-33.2356,0.000103527,-0.000161249
-33.2307,-0.000129361,0.000295661
-33.2258,1.93768e-05,-0.000263684
-33.2209,8.49801e-05,0.000308542
-33.216,-4.48476e-06,-0.000182587
-33.2111,0.000243355,0.000425721
-33.2062,-0.000241191,8.70879e-05
-33.2013,6.7125e-05,0.000284076
-33.1964,-0.000355185,0.000103655
-33.1915,-0.000113404,-1.30497e-05
-33.1866,-7.90192e-05,-0.000147174
-33.1817,7.99564e-05,0.000102324
-33.1768,-6.19967e-06,-0.000140922
-33.172,0.000299509,0.000338049
-33.1671,-0.000347872,0.000180819
-33.1622,9.81482e-05,-1.77852e-05
-33.1573,-6.76615e-05,0.000266779
-33.1524,-0.000290725,0.000114302
-33.1475,4.35783e-05,-0.000317635
-33.1426,0.000348814,0.000547102
-33.1377,-0.000602418,0.000274135
-33.1328,-0.000149226,3.51295e-05
-33.1279,-0.000541837,-0.000117554
-33.123,0.000130135,-0.000310904
-33.1181,-0.000153516,6.12948e-05
-33.1132,3.10839e-06,-0.000173231
-33.1083,-7.14594e-05,-4.77807e-05
-33.1035,1.56549e-05,-7.78311e-05
-33.0986,-6.48275e-05,-0.000305642
-33.0937,0.000616395,1.80082e-05
-33.0888,-0.000240353,0.000436849
-33.0839,0.000109299,-0.000270344
-33.079,0.000151689,0.000421204
-33.0741,-0.000328185,0.00013325
-33.0692,-0.000153915,-0.000237936
-33.0643,0.000316529,-2.73988e-05
-33.0594,-9.49759e-05,0.000217506
-33.0545,0.000175238,4.04805e-05
-33.0496,-0.000275409,0.00041526
-33.0447,-0.000220858,-0.00025694
-33.0398,4.34094e-05,5.56945e-05
-33.035,-3.76479e-05,1.18787e-05
-33.0301,-0.000217202,0.000122016
-33.0252,-0.000152186,-0.000296127
-33.0203,3.8831e-05,-0.000140166
-33.0154,0.000228088,-0.000320261
-33.0105,0.000452892,0.000274697
-33.0056,-0.000166904,0.000292036
-33.0007,1.18069e-05,-5.22071e-05
-32.9958,-2.74646e-05,0.00023686
-32.9909,-0.000166677,-0.000256507
-32.986,0.00052075,0.000210789
-32.9811,-0.000530607,0.000347858
-32.9762,0.000246385,-0.000359736
-32.9714,-0.000218565,0.000491073
-32.9665,2.25336e-05,-0.000608184
-32.9616,0.000453335,0.000561061
-32.9567,-0.000277275,0.000110873
-32.9518,-9.97046e-05,0.00047611
-32.9469,-0.000668125,-0.000318479
-32.942,0.000238128,-0.000103809
-32.9371,-0.000432029,-0.000204088
-32.9322,0.0004136,-0.000417738
-32.9273,0.000168399,-6.53736e-07
-32.9224,0.000616392,0.000107552
-32.9175,-0.000160727,0.000771054
-32.9126,-0.000426316,-8.23528e-05
-32.9077,-9.99018e-05,-5.98751e-05
-32.9029,-8.41893e-05,-0.00019748
-32.898,0.000138451,-0.000162463
-32.8931,0.000247102,8.18837e-06
-32.8882,1.93591e-05,0.000179217
-32.8833,4.66838e-05,-0.000188935
-32.8784,0.000501258,0.000200144
-32.8735,-0.000223572,0.000553437
-32.8686,-0.000218925,-0.000317828
-32.8637,0.000492268,0.000136012
-32.8588,-0.000144663,0.000444084
-32.8539,-7.62883e-05,1.35666e-05
-32.849,8.29496e-05,0.000258829
-32.8441,-0.000278353,0.000410079
-32.8392,-0.000536759,-0.000171551
-32.8344,0.000205373,-0.000294713
-32.8295,6.07046e-06,0.000264407
-32.8246,-0.000120231,2.48609e-06
-32.8197,-0.00022755,0.000116212
-32.8148,-0.000173825,-0.000389727
-32.8099,0.000307318,-5.10094e-05
-32.805,-7.08658e-05,5.62057e-05
-32.8001,0.000114175,-0.000166508
-32.7952,0.00028635,4.05723e-05
-32.7903,0.000125946,0.000296566
-32.7854,-5.67602e-05,8.92851e-05
-32.7805,0.000144251,0.000238831
-32.7756,-0.000241812,0.000239643
-32.7707,-6.6092e-05,5.77305e-05
-32.7659,-0.000301964,7.17602e-05
-32.761,5.50344e-05,-0.000222676
-32.7561,-9.46796e-05,0.000206567
-32.7512,-9.69551e-05,-0.000389394
-32.7463,0.000478356,0.00011714
-32.7414,-0.000146417,0.000340478
-32.7365,-9.35588e-05,-7.52987e-05
-32.7316,0.000129332,0.000113979
-32.7267,-0.000240348,0.000190844
-32.7218,-3.0504e-05,-0.00031416
-32.7169,0.000279437,0.000176465
-32.712,-9.36858e-05,7.66388e-05
-32.7071,0.000110738,0.00014494
-32.7022,-0.000102193,-2.64438e-06
-32.6974,0.000317273,0.000213383
-32.6925,-0.000333842,0.000355804
-32.6876,5.26602e-05,-0.000106511
-32.6827,-8.35167e-05,0.000456484
-32.6778,-0.000423997,-3.46191e-06
-32.6729,-5.97362e-05,-0.000150174
-32.668,5.8405e-05,0.000120458
-32.6631,-0.000243916,0.000113143
-32.6582,5.79166e-06,1.5265e-05
-32.6533,-0.000380209,0.000260489
-32.6484,-0.000307659,-0.000306998
-32.6435,-0.000195884,-0.000113148
-32.6386,1.27638e-05,-0.000526518
-32.6338,0.000293405,0.000127101
-32.6289,-0.000162055,-0.000198282
-32.624,0.000410171,7.94731e-05
-32.6191,-0.000345319,0.000261915
-32.6142,-0.000110417,-0.000291892
-32.6093,-3.28809e-05,-0.000159324
-32.6044,0.000209639,-0.000270656
-32.5995,0.000216656,7.33414e-05
-32.5946,5.68086e-05,3.5314e-05
-32.5897,-4.70308e-06,-9.56121e-05
-32.5848,0.000392004,-0.000146726
-32.5799,0.000222273,0.000422896
-32.575,-0.000126757,0.000112441
-32.5701,-3.16485e-05,9.57262e-05
-32.5653,2.40492e-05,-0.000179458
-32.5604,0.000334484,0.000261385
-32.5555,-0.000316095,0.000136611
-32.5506,0.000276596,-0.000265305
-32.5457,0.00030531,0.000352457
-32.5408,6.64557e-05,0.000305616
-32.5359,-2.44873e-05,0.000461417
-32.531,-0.000374332,0.000359267
-32.5261,-0.000378171,-1.34732e-05
-32.5212,-0.000160573,2.64498e-05
-32.5163,-0.000345251,-8.68145e-05
-32.5114,1.4409e-06,-0.000198266
-32.5065,-0.000140406,-1.48956e-05
-32.5016,3.30285e-05,-0.00017212
-32.4968,-0.000109399,5.53627e-05
-32.4919,-0.000108037,-0.00027391
-32.487,0.000130503,-0.00030983
-32.4821,0.000574536,-3.36146e-05
-32.4772,-4.04731e-05,0.000551097
-32.4723,-0.000169319,-0.000183365
-32.4674,0.000116595,0.000113195
-32.4625,9.8349e-06,-8.15553e-05
-32.4576,0.000132374,0.000158628
-32.4527,9.70116e-05,3.12781e-05
-32.4478,-2.0019e-05,0.000448978
-32.4429,-0.000329282,-0.000136708
-32.438,0.000157373,0.000110635
-32.4331,-0.000228382,1.95984e-05
-32.4283,5.74338e-05,5.25273e-05
-32.4234,-0.000181354,-2.17519e-05
-32.4185,5.28332e-05,4.07154e-05
-32.4136,-0.000194171,-8.34962e-05
-32.4087,0.000195888,-7.94309e-05
-32.4038,7.87276e-05,0.000142297
-32.3989,-9.51207e-05,0.000407899
-32.394,-0.000654634,-0.000204937
-32.3891,0.000299257,-0.000440632
-32.3842,2.85631e-05,0.000189382
-32.3793,-1.95627e-06,-0.000142021
-32.3744,0.000115134,7.77022e-05
-32.3695,-0.00011982,0.000194875
-32.3646,-0.000378753,-0.000215418
-32.3598,0.00022026,-0.000432304
-32.3549,0.000312189,6.41198e-05
-32.35,-1.47762e-05,0.000148144
-32.3451,2.4871e-05,-0.00024924
-32.3402,0.000448998,0.000195193
-32.3353,-0.000205873,0.000257327
-32.3304,0.000113832,1.82278e-05
-32.3255,-0.000223151,0.000200686
-32.3206,3.06515e-06,-0.000137292
-32.3157,-9.13316e-05,0.000130385
-32.3108,-5.52575e-05,-0.000115508
-32.3059,-4.6351e-05,4.32565e-05
-32.301,-6.98684e-05,-5.64782e-05
-32.2962,-0.000143733,-3.15995e-05
-32.2913,-0.000140547,-0.000195985
-32.2864,-9.68956e-05,-0.000368269
-32.2815,0.000295226,-0.000412645
-32.2766,0.000349561,-0.000143915
-32.2717,0.00036206,-1.69663e-05
-32.2668,0.000262965,-7.77612e-05
-32.2619,0.000648384,0.000158809
-32.257,0.000137728,0.000578164
-32.2521,-7.409e-05,0.000341784
-32.2472,-0.000293329,4.63091e-05
-32.2423,0.000269405,-2.29335e-06
-32.2374,-0.000374955,0.000304741
-32.2325,9.45065e-05,-0.000622968
-32.2276,0.000663364,0.000248459
-32.2228,0.000126113,0.000617238
-32.2179,-0.000562069,0.000430352
-32.213,-0.000262751,-0.000362956
-32.2081,-4.4347e-05,-5.32514e-05
-32.2032,0.000165058,-0.000352429
-32.1983,0.000213239,0.00020354
-32.1934,0.000201175,-0.000183213
-32.1885,0.00028097,0.000614907
-32.1836,-0.000455524,-3.2226e-05
-32.1787,0.000243328,7.29909e-05
-32.1738,-0.0003335,2.40527e-05
-32.1689,0.000247099,-0.000193294
-32.164,3.99644e-05,0.000114484
-32.1592,0.000208412,9.66146e-05
-32.1543,-0.000219648,0.000202903
-32.1494,0.000113224,-0.000253686
-32.1445,0.000209014,0.000249676
-32.1396,-3.12817e-05,0.000152667
-32.1347,-0.000163115,0.000203174
-32.1298,-0.000185345,-0.000310718
-32.1249,0.000530552,-3.5728e-05
-32.12,-5.66395e-05,0.000617964
-32.1151,-0.000448314,-7.12919e-05
-32.1102,3.73143e-06,-0.000112654
-32.1053,-0.00017211,-0.000164444
-32.1004,0.0002798,-0.000197055
-32.0955,-8.33304e-05,0.000148288
-32.0907,8.92982e-05,-0.000385439
-32.0858,0.000296097,6.77407e-05
-32.0809,0.000245267,-0.000147306
-32.076,0.000378353,0.000466103
-32.0711,-0.000368375,0.000110568
-32.0662,0.000173263,-0.000174385
-32.0613,0.000136921,-4.49895e-06
-32.0564,0.000304946,0.000176435
-32.0515,-0.000111995,0.000175195
-32.0466,0.000170699,3.94415e-05
-32.0417,-0.000169495,0.000180822
-32.0368,-6.33183e-06,-0.000241935
-32.0319,0.000222899,-0.000165846
-32.0271,0.000455896,8.52778e-05
-32.0222,3.93377e-05,0.000277317
-32.0173,0.000121729,-1.22793e-05
-32.0124,0.000102842,-7.13448e-05
-32.0075,0.000720448,-7.29221e-05
-32.0026,0.000451953,0.000783534
-31.9977,-4.29613e-05,0.000594776
-31.9928,-0.000341188,0.000484511
-31.9879,-0.000208991,-5.17579e-05
-31.983,7.72266e-06,0.000205166
-31.9781,-0.000149954,1.1024e-05
-31.9732,0.000148119,-6.71897e-06
-31.9683,0.000150401,0.000254276
-31.9634,-6.35524e-05,0.000149803
-31.9586,0.00029018,0.000213129
-31.9537,-0.000228919,0.000586102
-31.9488,-0.000278849,-3.79517e-05
-31.9439,-7.7345e-05,0.000100763
-31.939,2.691e-05,-8.67608e-05
-31.9341,0.000128937,0.000302697
-31.9292,-0.000205323,0.000147864
-31.9243,-1.80641e-05,-4.34501e-05
-31.9194,0.000298807,0.000121932
-31.9145,-6.18639e-05,0.000662388
-31.9096,-0.000613711,7.99376e-05
-31.9047,-4.87502e-05,-0.000364945
-31.8998,0.000363034,6.28128e-05
-31.8949,4.50579e-05,0.000403782
-31.8901,-0.000102348,0.000316216
-31.8852,-0.000377217,0.000264443
-31.8803,-0.000240829,-0.000159479
-31.8754,1.94191e-05,-4.15551e-05
-31.8705,7.78072e-05,0.000128667
-31.8656,-0.000193225,0.000107298
-31.8607,0.000263061,3.62833e-06
-31.8558,-0.000173341,0.000662407
-31.8509,-0.000474013,3.91895e-05
-31.846,-0.000469144,7.73433e-05
-31.8411,-0.000278387,-0.000658239
-31.8362,0.000501526,-8.7813e-05
-31.8313,3.33279e-05,0.000279724
-31.8264,-0.000128583,0.000175594
-31.8216,-9.37976e-05,9.18444e-05
-31.8167,-0.000353649,0.000226801
-31.8118,-0.000369526,-0.000339858
-31.8069,-1.6653e-05,-0.000287098
-31.802,0.000320205,-0.000265529
-31.7971,6.49514e-05,0.000449475
-31.7922,-0.000294701,-0.000233123
-31.7873,0.000106963,0.000134087
-31.7824,-0.000391168,-0.000224873
-31.7775,4.90277e-05,-0.000320711
-31.7726,0.000186447,-0.000668186
-31.7677,0.00103982,8.93125e-05
-31.7628,0.000101651,0.000484652
-31.7579,0.000389077,0.00024838
-31.7531,-4.21699e-05,0.000606615
-31.7482,-0.000120016,0.000346571
-31.7433,-0.000364496,0.000290913
-31.7384,-0.000168393,6.01559e-05
-31.7335,-0.000340076,0.000170772
-31.7286,-0.000268978,-9.16935e-05
-31.7237,-0.000330792,-7.58743e-05
-31.7188,-0.000204794,-0.000383813
-31.7139,4.29568e-05,-0.000398354
-31.709,0.00037916,-0.000237698
-31.7041,4.93087e-05,0.000113934
-31.6992,0.000216923,-0.00056621
-31.6943,0.0010756,0.000355897
-31.6895,-0.00026298,0.000903014
-31.6846,-0.00012418,-0.000104907
-31.6797,-4.03575e-06,0.000476027
-31.6748,-0.000331539,-6.14649e-05
-31.6699,6.27943e-05,0.000165307
-31.665,-0.00026122,3.70327e-05
-31.6601,-9.07187e-05,6.91138e-05
-31.6552,-0.000191501,-0.000209038
-31.6503,0.000172674,0.000157289
-31.6454,-0.000537031,-8.85766e-05
-31.6405,0.000271892,-0.000552478
-31.6356,0.000361252,0.000137513
-31.6307,6.51073e-05,0.000258997
-31.6258,-0.000221846,-8.24626e-06
-31.621,0.000202901,-0.000105327
-31.6161,-3.63049e-05,0.00013331
-31.6112,0.000136716,-8.42591e-05
-31.6063,9.73938e-05,0.000210299
-31.6014,-4.3808e-05,0.000205303
-31.5965,-0.000379838,3.30944e-05
-31.5916,6.55312e-05,-0.000471403
-31.5867,0.000414869,0.000104041
-31.5818,-7.56493e-05,0.000298992
-31.5769,-0.000241414,-0.000267022
-31.572,0.000669742,-0.000236021
-31.5671,0.000154115,0.000831855
-31.5622,-0.000471858,-7.08222e-05
-31.5573,0.000305041,0.00012766
-31.5525,-0.000468544,0.000364057
-31.5476,-0.000266879,-0.000310611
-31.5427,-0.00020554,-0.00019144
-31.5378,0.000197255,-0.000639078
-31.5329,0.000551914,0.000175031
-31.528,-6.35961e-05,3.62844e-05
-31.5231,0.000255062,7.94382e-05
-31.5182,-0.000203496,-3.28858e-05
-31.5133,0.000391712,-0.000253884
-31.5084,0.000107725,0.000257242
-31.5035,2.56853e-05,-0.000202248
-31.4986,0.000303893,-0.000183049
-31.4937,0.00059353,-8.64579e-05
-31.4888,0.000619665,0.000400345
-31.484,0.000231614,0.000667692
-31.4791,-0.000213663,0.000281154
-31.4742,0.000413547,0.000134576
-31.4693,-6.25558e-05,0.000778013
-31.4644,-0.000231826,0.000106217
-31.4595,-0.000107009,0.00036447
-31.4546,-0.000130054,-0.000138277
-31.4497,0.000321201,0.000473938
-31.4448,-0.000519931,0.000370827
-31.4399,-0.000155491,-6.43149e-05
-31.435,-0.000180417,-2.93242e-05
-31.4301,0.000207397,-7.17802e-05
-31.4252,4.25047e-05,0.000317195
-31.4203,-1.70732e-05,0.000216427
-31.4155,-0.000311748,0.000390212
-31.4106,-0.000434851,-0.000238431
-31.4057,0.000156718,-0.000182985
-31.4008,-1.08551e-05,9.02557e-05
-31.3959,1.3703e-05,-0.000112753
-31.391,0.000291949,2.0496e-05
-31.3861,0.000155027,0.000475454
-31.3812,-0.000482282,0.000267107
-31.3763,-0.00010574,-0.000387858
-31.3714,0.000360677,0.000103817
-31.3665,-7.07108e-05,0.000345723
-31.3616,-0.000255866,6.43713e-05
-31.3567,-1.88545e-05,-0.000242012
-31.3519,0.000429543,0.000114226
-31.347,-7.04351e-05,0.000617798
-31.3421,-0.000571152,0.000102299
-31.3372,-0.000178911,-0.000384181
-31.3323,0.000257715,-0.000163516
-31.3274,0.000190139,0.000156536
-31.3225,1.35498e-05,0.00023174
-31.3176,-0.000221748,0.000136423
-31.3127,-8.63704e-05,-0.000207073
-31.3078,0.000115011,3.14397e-05
-31.3029,-8.55364e-05,-0.000266335
-31.298,0.00078287,-0.000113242
-31.2931,0.000119009,0.00086393
-31.2882,-0.000373383,-2.95174e-07
-31.2833,0.000140032,8.88774e-06
-31.2785,0.000228168,-2.03122e-06
-31.2736,0.000370074,0.000592517
-31.2687,-0.00039272,0.000461701
-31.2638,-9.4296e-05,0.000122882
-31.2589,-0.000235294,0.000222334
-31.254,-5.81103e-05,2.91012e-05
-31.2491,-6.83363e-05,0.000271873
-31.2442,-0.000276271,0.000157136
-31.2393,-0.000140079,-7.61813e-05
-31.2344,7.68454e-05,0.000106423
-31.2295,-1.17205e-05,0.000215168
-31.2246,-0.000142084,0.000430304
-31.2197,-0.000495131,8.33701e-05
-31.2149,-8.59369e-05,4.83388e-05
-31.21,-0.0004678,0.000152629
-31.2051,-0.00025086,-0.000233888
-31.2002,-0.00016769,-4.54298e-05
-31.1953,-0.000178533,-0.000120928
-31.1904,-0.000148137,-0.000123186
-31.1855,-0.000143803,-0.000139587
-31.1806,3.42987e-05,-0.000298005
-31.1757,0.000113333,0.000307426
-31.1708,-0.000760805,-0.000270753
-31.1659,0.000430017,-0.000746246
-31.161,0.000206012,0.000148668
-31.1561,0.000234638,-0.000243855
-31.1512,0.000262241,0.000266215
-31.1464,-6.15931e-05,0.000153581
-31.1415,-0.000195038,-7.56654e-05
-31.1366,0.00024933,-0.000206575
-31.1317,1.97572e-05,5.2276e-05
-31.1268,0.000526119,-0.000137548
-31.1219,5.04323e-05,0.000793758
-31.117,-0.000446928,-7.08991e-05
-31.1121,-5.04688e-05,-7.85133e-05
-31.1072,0.000165298,-0.000260005
-31.1023,0.000205755,0.000293884
-31.0974,1.62549e-05,-0.000105436
-31.0925,0.00034689,0.000391515
-31.0876,-0.000241754,0.000360319
-31.0827,-0.000264167,0.000193424
-31.0779,-0.000230851,-0.000143216
-31.073,-2.36081e-05,0.000154832
-31.0681,-0.000375097,-0.000143026
-31.0632,5.74526e-05,-0.000181313
-31.0583,-9.58624e-05,-0.000148625
-31.0534,0.000202241,-0.000153049
-31.0485,-5.07386e-07,4.86587e-05
-31.0436,9.35282e-05,-0.000280599
-31.0387,0.000582186,0.000113202
-31.0338,-0.000100569,0.000677861
-31.0289,-0.000445717,-2.35653e-05
-31.024,-0.000262803,-0.000104533
-31.0191,-5.75445e-05,-0.00057094
-31.0142,0.000438301,-2.27232e-05
-31.0094,-9.21116e-05,-0.000125537
-31.0045,0.000448318,-0.000225807
-30.9996,0.000231655,0.000125059
-30.9947,0.000331399,-6.01616e-05
-30.9898,0.00041356,0.000269495
-30.9849,9.36551e-05,0.000311249
-30.98,0.000210714,0.000100546
-30.9751,0.00020816,0.000437389
-30.9702,-6.04547e-05,0.000182063
-30.9653,0.00028123,0.000268572
-30.9604,9.68873e-06,0.000500644
-30.9555,-0.000123755,0.000433593
-30.9506,-0.000327782,0.000264536
-30.9457,-4.25806e-05,8.26657e-05
-30.9409,-0.000189729,0.000495284
-30.936,-0.000602613,-0.000111238
-30.9311,0.000343271,-0.000164686
-30.9262,-0.000217035,0.000680802
-30.9213,-0.000496165,-0.000110978
-30.9164,-0.000233895,8.73401e-05
-30.9115,-0.000289795,-0.000321461
-30.9066,3.85706e-05,6.74443e-05
-30.9017,-0.000296732,-0.000292196
-30.8968,0.000342944,4.80604e-05
-30.8919,-0.000567864,0.00012812
-30.887,5.85917e-05,-0.000710384
-30.8821,0.000454803,-1.1973e-05
-30.8773,0.000256913,0.000118606
-30.8724,5.70521e-05,0.000380729
-30.8675,-0.000202325,1.2769e-05
-30.8626,8.5688e-05,0.000144519
-30.8577,-0.000351636,-7.50382e-05
-30.8528,0.000512784,-0.00027885
-30.8479,0.000119199,0.000752694
-30.843,-0.000471617,0.000142005
-30.8381,-0.000281904,-7.80418e-05
-30.8332,0.000116919,-0.000176091
-30.8283,-0.000267024,0.000368369
-30.8234,-0.000216737,-0.000566109
-30.8185,0.000234157,0.000277013
-30.8136,-0.000453195,-0.000489853
-30.8088,0.000866495,-0.000147015
-30.8039,-0.000100102,0.000584439
-30.799,-5.63387e-05,-3.37693e-06
-30.7941,-7.1629e-05,0.000241798
-30.7892,-0.000279284,0.000108431
-30.7843,-0.000182392,-0.000204086
-30.7794,2.86584e-05,0.000136583
-30.7745,-0.000493684,-0.000185103
-30.7696,0.000200365,-0.000407444
-30.7647,-2.27354e-05,-7.53531e-05
-30.7598,0.000415722,-0.000300873
-30.7549,0.000200956,0.000589971
-30.75,-0.000576566,-4.39399e-05
-30.7451,0.000108041,-0.000386867
-30.7403,5.28912e-05,-4.78066e-05
-30.7354,0.000139827,-0.00014367
-30.7305,-8.73769e-05,-9.49858e-05
-30.7256,0.000495691,-0.000472327
-30.7207,0.00041028,0.000602664
-30.7158,-0.000309028,-6.73054e-05
-30.7109,0.000244977,-7.83978e-05
-30.706,0.00023896,-0.000116348
-30.7011,0.000328294,0.000426365
-30.6962,-0.000185022,-8.84825e-05
-30.6913,0.000581625,0.000209033
-30.6864,-0.000142113,0.000492157
-30.6815,-0.000125528,0.000338472
-30.6766,-0.000611034,-0.000153153
-30.6718,0.00047626,-0.000458886
-30.6669,0.000241787,0.000493232
-30.662,-0.000138627,0.000114055
-30.6571,0.000156101,0.000112452
-30.6522,-4.58671e-05,0.000494275
-30.6473,-0.000442577,0.000136645
-30.6424,-0.000266723,-7.76925e-06
-30.6375,-0.000171625,-0.000278899
-30.6326,6.502e-05,0.000158319
-30.6277,-0.000410722,-0.000287151
-30.6228,0.000412315,-0.000158336
-30.6179,-0.000113819,0.000216527
-30.613,-9.17392e-05,0.000147308
-30.6081,-0.000576657,-0.000210123
-30.6033,0.000178052,-0.000494598
-30.5984,5.11919e-05,-0.000160495
-30.5935,0.000280663,-6.74795e-05
-30.5886,-0.00018025,-7.79477e-05
-30.5837,0.000288499,-0.00017621
-30.5788,-0.000253389,-0.000113952
-30.5739,0.000548608,-0.000570807
-30.569,0.000482158,0.000409741
-30.5641,-0.000161553,0.000364903
-30.5592,-0.000472388,-0.00039947
-30.5543,0.000618192,-0.000438928
-30.5494,-3.02474e-06,0.000119377
-30.5445,0.00056329,-0.000430087
-30.5397,0.000376584,0.000493819
-30.5348,8.22004e-06,7.57909e-05
-30.5299,2.54225e-05,-1.80838e-05
-30.525,0.000408293,5.08784e-05
-30.5201,-0.000313976,0.000276896
-30.5152,0.000200283,-0.000523305
-30.5103,0.000200398,8.62178e-05
-30.5054,0.000450543,-0.000322077
-30.5005,0.000261544,0.000325454
-30.4956,0.000427552,-0.000275659
-30.4907,0.000330608,0.000604976
-30.4858,9.64653e-07,-0.000334107
-30.4809,0.000748594,0.000185653
-30.476,0.000508496,0.000286603
-30.4712,0.000306733,0.000957261
-30.4663,-0.000420297,0.000167996
-30.4614,0.000281104,0.000253215
-30.4565,-0.000190778,0.000143222
-30.4516,0.000411004,0.000142509
-30.4467,-5.11126e-05,0.000524775
-30.4418,-0.000163744,0.000151294
-30.4369,3.38998e-05,-6.96049e-05
-30.432,0.000383139,0.000258421
-30.4271,-6.44313e-05,0.000470167
-30.4222,-0.000145317,0.000200879
-30.4173,-7.41187e-05,2.55339e-05
-30.4124,0.000181172,0.000164151
-30.4075,-9.19876e-05,0.00026614
-30.4027,5.79893e-07,7.78519e-05
-30.3978,-2.05069e-05,0.000147977
-30.3929,7.37391e-05,6.07856e-05
-30.388,5.43728e-05,0.000214937
-30.3831,-4.52229e-06,0.000106342
-30.3782,6.09666e-05,0.000109169
-30.3733,0.000198163,9.8345e-05
-30.3684,0.000133843,0.000488893
-30.3635,-0.000339412,0.000183487
-30.3586,0.000116962,-8.10665e-05
-30.3537,0.000138518,0.000189734
-30.3488,0.000251141,0.000229915
-30.3439,6.9376e-05,0.000519253
-30.339,-5.39826e-05,0.000456575
-30.3342,-0.000360962,0.00055561
-30.3293,-0.000483805,5.55798e-05
-30.3244,-0.000116552,3.28714e-05
-30.3195,-0.000197093,0.00031336
-30.3146,-0.000668417,5.09248e-05
-30.3097,-0.000134833,-0.000531253
-30.3048,7.69962e-05,9.6696e-05
-30.2999,-0.000248502,-0.00034329
-30.295,0.000598062,-0.000132815
-30.2901,-4.47013e-05,0.00069961
-30.2852,-0.00067862,-0.000128243
-30.2803,0.000113392,-0.000590812
-30.2754,0.000439866,-3.49592e-05
-30.2705,0.000235359,0.000139017
-30.2657,0.000268723,0.000185124
-30.2608,0.000191631,0.000485819
-30.2559,-0.000303183,0.000454387
-30.251,-0.000221624,3.7618e-05
-30.2461,-8.65486e-05,0.000218133
-30.2412,-0.000295659,0.000256413
-30.2363,-0.000637706,4.72505e-05
-30.2314,-0.00036313,-0.000686196
-30.2265,0.000396895,-0.000353568
-30.2216,0.000163589,8.07544e-05
-30.2167,-1.75924e-05,8.68053e-05
-30.2118,-0.000219028,-0.000170034
-30.2069,0.000267301,-0.000385914
-30.2021,0.000336526,0.000202377
-30.1972,-0.000195469,6.70154e-05
-30.1923,0.000115029,-0.00039872
-30.1874,0.000538488,5.49145e-06
-30.1825,0.00017471,0.000284882
-30.1776,0.000160559,0.000133953
-30.1727,3.34582e-05,0.000281234
-30.1678,-2.20741e-06,0.000111623
-30.1629,-0.000216708,0.000240308
-30.158,-0.000204555,-0.000496525
-30.1531,0.000654523,-0.000115354
-30.1482,0.000134271,0.000378441
-30.1433,1.54289e-05,7.21199e-05
-30.1384,0.000171508,5.236e-05
-30.1336,5.42399e-05,0.000339351
-30.1287,-0.000241863,-0.000179166
-30.1238,0.000506701,-7.90993e-05
-30.1189,8.59567e-05,0.000320092
-30.114,0.000163511,0.000164276
-30.1091,-9.85969e-05,0.000141698
-30.1042,0.000394586,0.000107553
-30.0993,-0.000285186,0.000622199
-30.0944,-0.000279398,-0.000291851
-30.0895,7.98957e-05,1.24266e-05
-30.0846,5.32559e-05,-0.000217344
-30.0797,0.000301309,7.7291e-05
-30.0748,4.29767e-05,8.13037e-05
-30.0699,9.11516e-05,-0.000125669
-30.0651,0.000506814,-6.46852e-05
-30.0602,0.000209976,0.000385964
-30.0553,0.000297825,-9.65571e-05
-30.0504,0.000518829,0.000656884
-30.0455,-0.000287964,0.000337106
-30.0406,0.000325383,9.20503e-05
-30.0357,7.68722e-05,0.000546443
-30.0308,-1.46057e-05,0.000356003
-30.0259,-0.000270709,0.000509827
-30.021,-0.000447901,-8.11692e-05
-30.0161,3.76839e-05,-0.000219856
-30.0112,0.000336745,-0.000127991
-30.0063,0.000405208,0.00051556
-30.0014,-0.000350109,0.000210091
-29.9966,0.000510369,-0.000164167
-29.9917,0.000427528,0.000876806
-29.9868,-0.000417294,0.000826157
-29.9819,-0.000709249,0.00015919
-29.977,-0.000172656,-0.000155373
-29.9721,-0.000140877,2.0264e-05
-29.9672,8.97819e-05,0.000109323
-29.9623,-0.000491443,0.000245267
-29.9574,-0.000128086,-0.000531188
-29.9525,0.000157372,-7.14875e-05
-29.9476,0.000318847,-0.000400711
-29.9427,0.000791531,0.000436822
-29.9378,-0.000169592,0.000715643
-29.933,-0.000252916,7.18668e-06
-29.9281,0.000150236,9.93946e-05
-29.9232,3.54936e-06,0.000110516
-29.9183,0.000317738,0.000295404
-29.9134,-0.000276603,0.000403043
-29.9085,0.000168072,0.000109701
-29.9036,-0.000448267,0.000495134
-29.8987,3.29165e-05,-0.00037982
-29.8938,-4.56986e-05,0.000565964
-29.8889,-0.000242342,-0.000437313
-29.884,0.000381805,0.000276267
-29.8791,-1.47659e-05,-0.000137768
-29.8742,0.000605658,0.00054829
-29.8693,-0.000383658,0.000513054
-29.8645,-3.87894e-05,0.000208803
-29.8596,-0.000184041,0.000178348
-29.8547,3.57214e-05,0.000344884
-29.8498,-0.000365901,0.000195045
-29.8449,-4.93754e-06,0.000198532
-29.84,-0.000436158,0.000166745
-29.8351,3.81131e-05,-0.000100934
-29.8302,-6.49473e-05,0.000341505
-29.8253,-0.000282809,0.00030557
-29.8204,-0.000720568,8.17523e-05
-29.8155,-0.000339238,-0.000783081
-29.8106,0.000594671,-0.000305488
-29.8057,0.000111186,0.000178133
-29.8008,0.000527319,-6.53449e-05
-29.7959,8.57442e-05,0.00107194
-29.7911,-0.000837996,-9.07423e-05
-29.7862,0.000234453,-4.63104e-05
-29.7813,-0.000418173,1.90342e-05
-29.7764,0.000442383,-0.000236408
-29.7715,-6.3058e-05,0.000584664
-29.7666,-0.000159484,-6.47894e-05
-29.7617,-6.06431e-05,0.000332065
-29.7568,-0.00028498,-9.96979e-05
-29.7519,0.000115592,0.000207346
-29.747,-0.000517205,0.000145649
-29.7421,-0.000140836,-0.000278192
-29.7372,-0.000236494,-0.000205383
-29.7323,0.000409891,-0.000445784
-29.7275,6.16949e-05,0.000488823
-29.7226,-0.0002201,-0.000561939
-29.7177,0.000740944,0.00010489
-29.7128,-0.00012266,0.000287273
-29.7079,0.000178115,-2.83579e-05
-29.703,0.000170576,7.47619e-05
-29.6981,0.000255566,0.000343758
-29.6932,-0.000182149,9.62608e-05
-29.6883,0.000433741,5.11737e-05
-29.6834,0.000141558,0.00051499
-29.6785,4.80947e-05,0.000548131
-29.6736,-0.000523099,0.000513756
-29.6687,-0.000393844,-4.85691e-05
-29.6638,-0.000304322,-0.000109749
-29.659,0.000133471,-0.000357788
-29.6541,0.000439018,0.000256683
-29.6492,-0.000148169,0.000576984
-29.6443,-0.000441721,4.07728e-05
-29.6394,-9.6671e-05,-0.000112312
-29.6345,8.03698e-05,-0.000175076
-29.6296,0.000352551,0.000379647
-29.6247,-0.000476187,0.000302692
-29.6198,0.000116174,-0.000177434
-29.6149,-6.65962e-05,0.00046631
-29.61,-0.00038374,3.48587e-05
-29.6051,-0.000177848,-0.000135417
-29.6002,7.27543e-05,-7.43278e-05
-29.5954,-9.87337e-05,2.75563e-05
-29.5905,0.000247379,-0.000139702
-29.5856,0.000187358,0.000491239
-29.5807,-0.000333209,0.000335018
-29.5758,-0.000324916,7.15689e-05
-29.5709,-0.000300638,1.58298e-05
-29.566,-0.000348923,-0.000268851
-29.5611,0.000151179,-0.000196108
-29.5562,-0.000409636,-4.53443e-06
-29.5513,0.000186026,-0.000915837
-29.5464,0.000863289,0.000210018
-29.5415,2.22443e-05,0.000366835
-29.5366,2.74313e-05,0.000294881
-29.5317,-0.000388604,-7.23102e-05
-29.5268,0.00049816,-0.000370124
-29.522,0.000351042,0.000760354
-29.5171,-0.000633117,0.000261048
-29.5122,-6.05403e-05,-0.000329619
-29.5073,0.000122832,0.00014055
-29.5024,-0.000319362,6.07256e-05
-29.4975,-9.3646e-05,-0.000526622
-29.4926,0.000562316,-0.000180376
-29.4877,0.000191909,0.000163201
-29.4828,0.000384573,2.49286e-05
-29.4779,0.000119755,0.000422385
-29.473,0.000105269,-6.77054e-05
-29.4681,0.000466063,0.000482226
-29.4632,-0.000267723,0.000603996
-29.4584,-0.000367832,0.00013834
-29.4535,-0.00025764,-0.000138007
-29.4486,0.000107152,-0.000176353
-29.4437,8.02893e-05,3.64354e-05
-29.4388,0.00013319,-0.000153818
-29.4339,0.000476413,7.53834e-05
-29.429,0.000242163,0.00044201
-29.4241,5.96129e-05,0.00034801
-29.4192,-9.12481e-05,0.000468793
-29.4143,-0.000410701,2.81087e-05
-29.4094,0.000209059,-0.000247921
-29.4045,0.000314155,0.000235069
-29.3996,0.000285321,0.000297293
-29.3947,5.28753e-05,0.000679326
-29.3899,-0.00029461,0.000309453
-29.385,-0.000131761,0.000334766
-29.3801,-0.000280512,1.36365e-05
-29.3752,0.000349511,0.000284615
-29.3703,-0.000387876,0.00077433
-29.3654,-0.000583148,0.000200936
-29.3605,-0.000715283,-1.06617e-05
-29.3556,-0.000206866,-0.000618205
-29.3507,0.000192027,-1.28134e-05
-29.3458,-6.25032e-05,-0.000160622
-29.3409,0.000420584,9.80977e-05
-29.336,-0.000144733,0.000593391
-29.3311,-0.000495517,-4.23628e-05
-29.3262,9.77284e-05,-0.000131884
-29.3214,-0.000172864,0.000266958
-29.3165,-0.000162236,-0.000207783
-29.3116,0.000106729,0.000242252
-29.3067,-0.000530966,4.64731e-05
-29.3018,-9.88971e-06,-0.000498541
-29.2969,0.000349921,7.18261e-05
-29.292,-0.00016932,0.000237707
-29.2871,-8.63044e-05,-0.000201219
-29.2822,0.000108642,8.97333e-05
-29.2773,-0.000115779,-7.64644e-05
-29.2724,0.000185026,3.0596e-05
-29.2675,-0.000139442,9.37196e-05
-29.2626,2.19729e-05,-2.6757e-05
-29.2577,-0.000310917,-9.00377e-05
-29.2529,0.000256782,-0.000708245
-29.248,0.000849401,5.29551e-05
-29.2431,0.000416828,0.000491624
-29.2382,0.000134703,0.000494668
-29.2333,9.92779e-06,0.000428407
-29.2284,-0.000168615,0.000415676
-29.2235,-0.000208896,0.000145152
-29.2186,-6.61696e-06,0.000147621
-29.2137,-2.2514e-05,0.000368413
-29.2088,-0.000415666,0.000349512
-29.2039,-0.000362959,-5.79361e-05
-29.199,-0.000270349,-0.000102096
-29.1941,8.5385e-05,-0.000273465
-29.1892,6.31303e-05,0.000274297
-29.1844,-0.000206884,-0.000148349
-29.1795,0.000290888,4.87339e-05
-29.1746,4.53661e-05,0.000380441
-29.1697,-0.000427911,0.00048348
-29.1648,-0.000597962,-0.000408186
-29.1599,0.000265808,-0.000126122
-29.155,-0.000322471,2.48685e-05
-29.1501,0.000159916,-0.000171831
-29.1452,-0.000295489,0.000243494
-29.1403,-0.000448187,-0.000405722
-29.1354,4.22028e-05,-0.000853386
-29.1305,0.00100265,-0.000279633
-29.1256,0.000178118,0.000450446
-29.1208,0.000394803,-8.79191e-05
-29.1159,1.14691e-05,0.000649369
-29.111,-0.000214572,-0.000396019
-29.1061,0.000519365,8.83823e-05
-29.1012,0.000183929,-1.71747e-05
-29.0963,0.000705337,0.000461531
-29.0914,-0.000181941,0.000776024
-29.0865,-0.000294704,0.000297747
-29.0816,-0.000337284,-1.9975e-05
-29.0767,0.000191725,1.28947e-05
-29.0718,-0.000238367,0.000234724
-29.0669,0.000129561,-0.000148657
-29.062,-6.39819e-05,0.000329215
-29.0571,2.75176e-05,-0.000233294
-29.0523,0.000269739,0.000361414
-29.0474,-5.57647e-05,7.86845e-05
-29.0425,0.000246382,0.000472236
-29.0376,-0.000466332,0.000414334
-29.0327,-0.000344805,-9.7422e-05
-29.0278,0.000102181,-0.000279043
-29.0229,0.000334022,0.000477414
-29.018,-0.000522655,0.000332001
-29.0131,-0.000205584,-7.46957e-05
-29.0082,-0.000255316,-0.000135482
-29.0033,0.000168314,-0.00014117
-28.9984,-3.34514e-05,0.000166778
-28.9935,-0.000204728,7.08871e-06
-28.9886,2.17251e-05,-0.000456933
-28.9838,0.000655513,0.000299769
-28.9789,-0.00047121,0.000329937
-28.974,0.000325017,-0.00027502
-28.9691,5.57274e-05,0.000564547
-28.9642,-0.000208076,0.000192886
-28.9593,-0.000444133,0.00014555
-28.9544,-0.000156341,-0.000353838
-28.9495,3.13424e-05,-0.000130753
-28.9446,0.000196513,-1.2229e-05
-28.9397,-0.000303041,4.98467e-05
-28.9348,0.000221518,-0.000469028
-28.9299,0.000145225,8.58185e-05
-28.925,0.000345363,-0.000343528
-28.9201,0.000474979,0.000274558
-28.9153,0.000345329,0.000200474
-28.9104,0.000133336,0.000534681
-28.9055,2.63721e-05,0.000319932
-28.9006,-0.000377548,0.000327827
-28.8957,0.000229937,-0.000220055
-28.8908,-0.00026311,0.000750287
-28.8859,-0.000442454,-0.000743064
-28.881,0.000613014,-1.42283e-05
-28.8761,0.000282908,-0.000131395
-28.8712,0.000677625,0.00060193
-28.8663,-9.87361e-05,0.000448581
-28.8614,9.86577e-05,0.000544506
-28.8565,-0.000178858,0.00021989
-28.8516,3.46167e-05,0.000701347
-28.8468,-0.000680289,0.000142512
-28.8419,-0.000111698,0.00019464
-28.837,-0.000504173,-0.00033115
-28.8321,0.000664371,0.000197777
-28.8272,-0.000785467,0.000598672
-28.8223,-0.000207354,-0.000455194
-28.8174,-0.000231983,-5.57908e-05
-28.8125,0.000176064,-0.000521802
-28.8076,0.000468732,9.02471e-05
-28.8027,0.000120661,0.000370861
-28.7978,-0.000192795,-0.000149915
-28.7929,0.000758953,3.63648e-05
-28.788,-2.16401e-05,0.000739501
-28.7831,9.89736e-05,0.000253691
-28.7783,-0.000384067,0.000650123
-28.7734,-0.000202633,-0.000168505
-28.7685,-0.000124941,0.000424936
-28.7636,-0.000236544,-0.000224038
-28.7587,0.000117176,0.000411888
-28.7538,-0.000585451,-0.000132722
-28.7489,0.000373761,-0.000280223
-28.744,0.000104842,0.000278795
-28.7391,0.000225012,5.60968e-05
-28.7342,0.000274905,0.000624697
-28.7293,-0.000471042,0.00066327
-28.7244,-0.00050823,-0.000115344
-28.7195,0.000158644,6.32336e-05
-28.7147,-0.000335281,0.000428797
-28.7098,-0.000270923,-0.000152527
-28.7049,3.29011e-05,0.000316574
-28.7,-0.000652314,0.000167551
-28.6951,-0.000170323,-0.000433225
-28.6902,7.40439e-05,0.000103451
-28.6853,-0.000266743,-2.93047e-05
-28.6804,-8.23954e-05,-9.14427e-05
-28.6755,-0.000152387,-0.000253086
-28.6706,0.000361922,-0.000219882
-28.6657,0.000212799,0.000198893
-28.6608,0.000259526,0.000222838
-28.6559,-0.000140361,0.000567829
-28.651,-0.000354403,1.87874e-05
-28.6462,-2.36988e-05,4.70082e-05
-28.6413,-9.35556e-05,0.00016302
-28.6364,-0.000248205,0.000112917
-28.6315,-0.000145116,-5.13612e-05
-28.6266,-0.000207893,-0.000103487
-28.6217,0.000327958,-0.000232518
-28.6168,4.21426e-05,0.000530954
-28.6119,-0.000163899,-0.000103963
-28.607,4.79638e-05,0.000503725
-28.6021,-0.0006494,-0.000106163
-28.5972,0.000133553,-0.000184293
-28.5923,-0.000187126,-2.17386e-05
-28.5874,0.000122919,-0.000164084
-28.5825,0.000107783,-5.6624e-05
-28.5777,0.00030977,9.61775e-05
-28.5728,0.000201166,0.000161298
-28.5679,0.000410607,0.00059047
-28.563,-0.000419513,0.000753082
-28.5581,-0.000345216,0.000183383
-28.5532,-0.000272464,0.000418833
-28.5483,-0.000659957,0.0003469
-28.5434,-0.000666418,-0.000140274
-28.5385,-0.000446016,-0.000128344
-28.5336,-0.000405579,-0.000383158
-28.5287,-0.000181409,-9.59515e-05
-28.5238,-0.000487244,-0.000481338
-28.5189,0.000131516,-0.000386321
-28.514,-0.000145501,-0.000398191
-28.5092,0.000439093,-0.000165712
-28.5043,-0.000377271,4.8165e-05
-28.4994,9.65681e-05,-0.000699437
-28.4945,0.000519629,-0.000267009
-28.4896,0.00057135,0.000288695
-28.4847,-0.000198469,0.000343001
-28.4798,-1.51441e-05,4.85783e-05
-28.4749,-0.000429546,-0.00022099
-28.47,0.000673397,-0.000459101
-28.4651,5.50363e-05,0.000579626
-28.4602,-6.22215e-07,-0.000220945
-28.4553,7.12426e-05,0.000162917
-28.4504,0.000363844,-5.24811e-05
-28.4456,-0.000261878,0.000745208
-28.4407,-0.000356464,-0.000676468
-28.4358,0.000643681,0.000290984
-28.4309,-0.000478414,0.000236068
-28.426,7.62567e-05,-0.000386165
-28.4211,0.00058134,0.000188062
-28.4162,-0.000334873,0.000939182
-28.4113,-0.000840318,-0.000441878
-28.4064,0.00010603,-0.000177239
-28.4015,-0.000491802,-0.000672765
-28.3966,0.0012622,-0.000688064
-28.3917,0.000435604,0.0011643
-28.3868,-0.000644672,3.46374e-05
-28.3819,0.000214488,-0.000285358
-28.3771,0.00021181,0.000155166
-28.3722,7.19584e-05,0.000167152
-28.3673,-0.000137174,0.000126888
-28.3624,9.78361e-05,-0.000362105
-28.3575,0.000729223,0.000340208
-28.3526,-0.00040331,0.000702984
-28.3477,-8.15354e-05,-0.000410327
-28.3428,0.000429358,0.00059808
-28.3379,-0.000732442,0.000230936
-28.333,0.000261623,-0.000426482
-28.3281,0.000225376,0.000625396
-28.3232,-0.000443495,0.000292974
-28.3183,-0.000310765,7.10448e-05
-28.3134,-0.000338345,-0.000126141
-28.3086,1.78129e-05,-0.000152323
-28.3037,-0.000164373,0.000188174
-28.2988,-0.000391023,-0.000245463
-28.2939,6.10392e-05,-0.000332005
-28.289,0.000167211,-0.000133111
-28.2841,7.80002e-05,0.000245222
-28.2792,-0.000477422,-0.00019244
-28.2743,0.000319796,-0.000381783
-28.2694,-0.000178271,5.20688e-05
-28.2645,0.000338853,-0.000687293
-28.2596,0.000646239,0.000367851
-28.2547,-3.31081e-05,0.000241252
-28.2498,1.80537e-05,0.000201209
-28.2449,-0.000142608,0.000101236
-28.2401,-0.000373031,-0.000113448
-28.2352,0.00034546,-0.00076055
-28.2303,0.000652167,0.000628934
-28.2254,-0.000759175,-0.000130517
-28.2205,0.000834735,-0.000854835
-28.2156,0.000981038,0.000707971
-28.2107,-2.4404e-05,0.000895424
-28.2058,-0.000461693,0.000354494
-28.2009,-0.000167055,4.50214e-05
-28.196,-0.00030374,9.31477e-05
-28.1911,-5.63286e-05,-0.00030821
-28.1862,0.000199652,0.00011964
-28.1813,-0.000229305,8.94172e-05
-28.1764,-0.000144898,-0.000312003
-28.1716,0.000340467,-0.00041964
-28.1667,0.000542489,0.000135371
-28.1618,0.000210074,0.000140002
-28.1569,0.000370132,0.000263465
-28.152,0.000129805,0.000164052
-28.1471,0.000611298,0.000509563
-28.1422,-0.000366118,0.000757806
-28.1373,0.000210698,0.000198034
-28.1324,-0.000636997,0.00114573
-28.1275,-0.000854713,-0.000630325
-28.1226,0.000344588,0.000173282
-28.1177,-0.000592343,0.000113992
-28.1128,-6.98296e-05,-0.000158904
-28.108,-0.00024054,-0.000107323
-28.1031,0.000106655,-0.000173711
-28.0982,8.71164e-05,8.82867e-05
-28.0933,-0.000107026,0.000196165
-28.0884,-9.58132e-05,-8.47018e-05
-28.0835,-6.63805e-05,0.000292407
-28.0786,-0.000370854,-0.00018535
-28.0737,2.43472e-05,0.000134315
-28.0688,-0.00061758,-0.000276925
-28.0639,0.000262664,-0.000510232
-28.059,0.000102767,-0.000122768
-28.0541,0.0003321,-5.15156e-05
-28.0492,-1.10876e-05,4.04372e-05
-28.0443,0.000279253,2.26867e-05
-28.0395,-5.77928e-05,7.13999e-05
-28.0346,0.000410314,0.000125011
-28.0297,-0.000260706,0.000519592
-28.0248,-0.000229404,-5.2291e-06
-28.0199,-0.000291421,-5.43103e-05
-28.015,0.000134879,-3.41586e-05
-28.0101,-0.000490511,0.000108362
-28.0052,0.000137097,-0.000367152
-28.0003,-0.000432815,0.000251804
-27.9954,-5.64828e-05,-0.000788434
-27.9905,0.000127123,0.000176716
-27.9856,-0.000189779,-0.000582258
-27.9807,0.000306506,-2.39041e-05
-27.9758,-0.000227809,-0.000406305
-27.971,0.000337868,-0.000514154
-27.9661,0.000630887,-0.000404158
-27.9612,0.000599724,0.000369063
-27.9563,9.1194e-05,-8.45253e-05
-27.9514,0.000676331,0.00032986
-27.9465,-0.000244894,0.000593293
-27.9416,-0.000422477,-8.54879e-05
-27.9367,-2.61195e-05,-0.00061867
-27.9318,0.000677119,-0.000182568
-27.9269,0.000342479,0.000227395
-27.922,0.000159799,0.000339974
-27.9171,-0.000234801,3.64208e-05
-27.9122,2.27517e-05,-0.000244478
-27.9073,0.000357373,-0.000532472
-27.9025,0.00111475,0.000400612
-27.8976,-0.000410871,0.000901383
-27.8927,-0.000175055,-0.000518707
-27.8878,0.000561602,0.000214307
-27.8829,-0.000172188,0.000269009
-27.878,0.00022716,-0.000187266
-27.8731,0.000314875,0.000491746
-27.8682,-0.000343937,0.000270752
-27.8633,-0.000142843,2.71919e-05
-27.8584,-0.000366015,-0.000151643
-27.8535,0.000103086,-0.000450241
-27.8486,0.000136512,-0.000132027
-27.8437,9.79213e-05,-0.00033788
-27.8388,0.000424926,-0.000459182
-27.834,0.000865104,2.19577e-05
-27.8291,0.00026946,0.000496179
-27.8242,0.000125025,7.68238e-05
-27.8193,0.000118354,0.000202107
-27.8144,3.52808e-05,-0.000126098
-27.8095,0.000347281,1.50117e-05
-27.8046,-6.79381e-05,-4.50189e-06
-27.7997,0.000508375,-0.000645481
-27.7948,0.000987949,0.000470605
-27.7899,-9.89602e-05,0.000173432
-27.785,0.00102301,4.89695e-05
-27.7801,-0.000195744,0.00108044
-27.7752,-0.000218497,-0.000738277
-27.7703,0.00109369,-5.1368e-05
-27.7655,0.000861975,0.000538427
-27.7606,0.000273395,0.00121526
-27.7557,-0.000506029,0.00016916
-27.7508,0.000526462,8.41352e-05
-27.7459,0.000278741,0.000518557
-27.741,0.000154362,0.000779424
-27.7361,-0.000538442,0.000209811
-27.7312,0.000504706,3.63149e-05
-27.7263,-0.000285262,0.000719796
-27.7214,-8.55027e-05,-0.000349799
-27.7165,0.000421691,0.00022017
-27.7116,0.000253833,0.00016058
-27.7067,0.000411986,0.000386994
-27.7019,0.000303976,0.000582905
-27.697,-0.000169991,0.000570113
-27.6921,0.000358384,7.1047e-05
-27.6872,0.000145331,0.00124667
-27.6823,-0.00086569,8.32676e-05
-27.6774,0.000486698,1.41009e-05
-27.6725,-9.07886e-05,0.000576114
-27.6676,0.000312137,0.000325586
-27.6627,-0.00017939,0.00107045
-27.6578,-0.000664987,0.00038957
-27.6529,-0.000527166,0.000225471
-27.648,-0.00043007,-0.00026578
-27.6431,0.000190201,-0.000128943
-27.6382,0.000191671,0.000196506
-27.6334,6.04388e-05,0.00050568
-27.6285,-0.000329508,0.000145891
-27.6236,0.000377414,0.000246519
-27.6187,-0.000493536,0.000778265
-27.6138,-0.000167107,-0.000347694
-27.6089,0.000356244,0.000848742
-27.604,-0.000963647,0.00055302
-27.5991,-0.000444194,-0.000231685
-27.5942,-0.00014233,1.20785e-06
-27.5893,-0.000268323,0.000172441
-27.5844,-0.000302785,-0.000166013
-27.5795,2.13823e-05,0.000159225
-27.5746,-0.000573569,3.60238e-05
-27.5697,-8.44995e-05,-0.000528302
-27.5649,0.000441621,-0.000112827
-27.56,0.00018931,0.000559781
-27.5551,-0.000441553,0.000208813
-27.5502,-2.25358e-05,0.000115529
-27.5453,-0.000526965,0.000192605
-27.5404,-0.000116471,-0.000314487
-27.5355,-0.00011584,0.000191467
-27.5306,-0.000305783,-0.000105803
-27.5257,-0.000294629,-7.87195e-06
-27.5208,-0.000369567,-0.000484154
-27.5159,0.000199389,-0.000259643
-27.511,-0.000451219,-0.00015187
-27.5061,5.48617e-05,-0.00107463
-27.5012,0.000746708,-0.000411551
-27.4964,0.000602203,-0.000388731
-27.4915,0.00105777,0.000113373
-27.4866,0.000613142,0.000416569
-27.4817,0.000719263,0.000809563
-27.4768,-0.000394118,0.000984209
-27.4719,-0.000407075,2.54483e-05
-27.467,-0.000119646,-0.000169725
-27.4621,0.00060932,-0.000138762
-27.4572,0.000156078,0.000763556
-27.4523,-9.64044e-05,-0.0001518
-27.4474,0.000638522,0.000598147
-27.4425,-0.000515625,0.000494939
-27.4376,0.000477032,-2.96611e-06
-27.4327,-0.000210869,0.00120213
-27.4279,-0.000746246,-9.40326e-05
-27.423,1.56474e-05,0.000249286
-27.4181,-0.000464977,5.97634e-05
-27.4132,-0.000160054,0.000232824
-27.4083,-0.000805898,-0.000337521
-27.4034,0.000423751,-0.000653048
-27.3985,0.000223161,0.000129379
-27.3936,0.000358461,6.46088e-05
-27.3887,-0.00013084,0.000496797
-27.3838,-0.000262908,-0.000164655
-27.3789,0.000118759,-0.000150289
-27.374,0.000200643,2.44914e-05
-27.3691,0.000105066,-1.61318e-05
-27.3643,0.000339447,0.000145555
-27.3594,2.9597e-05,8.16242e-05
-27.3545,0.000578149,0.000312643
-27.3496,-0.000508542,0.000530399
-27.3447,0.000452649,-0.000611707
-27.3398,0.00066363,0.00111748
-27.3349,-0.000614352,0.00052485
-27.33,-0.000114283,0.000232636
-27.3251,-0.000353743,0.000315874
-27.3202,-0.000471765,3.99871e-06
-27.3153,-7.80781e-05,-0.000392809
-27.3104,0.000257399,6.88564e-05
-27.3055,-3.36397e-05,9.08332e-05
-27.3006,2.82146e-05,-2.58404e-05
-27.2958,0.000308148,-0.000171621
-27.2909,0.000675162,0.000441631
-27.286,-7.59292e-05,0.000909074
-27.2811,-0.000447202,0.000225237
-27.2762,8.00992e-05,0.000291651
-27.2713,-0.000571705,0.000466699
-27.2664,-0.000248664,-0.000337146
-27.2615,0.000150906,0.000153902
-27.2566,5.01256e-05,0.000320712
-27.2517,-0.000624583,0.000606658
-27.2468,-0.0006687,-0.000785566
-27.2419,0.000707571,-0.00020937
-27.237,-0.000116316,0.000329093
-27.2321,0.000260071,-0.000146134
-27.2273,0.000187563,0.000614208
-27.2224,-0.000333244,0.000159754
-27.2175,0.000177883,0.000325796
-27.2126,-0.000661265,0.000421674
-27.2077,-2.60147e-05,-0.000365442
-27.2028,-0.000211638,0.000588341
-27.1979,-0.000506774,-0.000606883
-27.193,0.000667769,0.000199784
-27.1881,-0.00053804,0.000449544
-27.1832,-0.000101224,-0.000148908
-27.1783,-0.000245906,9.69988e-05
-27.1734,3.56507e-05,-0.000114888
-27.1685,-0.000143235,0.000226489
-27.1636,1.21596e-05,-6.01585e-05
-27.1588,-0.000121154,0.000657852
-27.1539,-0.00104323,1.75028e-05
-27.149,-0.000334801,-0.00068253
-27.1441,-3.42196e-05,-0.000393751
-27.1392,9.7379e-05,-0.000293136
-27.1343,-0.000126762,-0.000306966
-27.1294,0.000608524,-0.00064012
-27.1245,0.000677897,0.000725663
-27.1196,-0.000601646,0.000370559
-27.1147,-0.000207693,-0.000276981
-27.1098,-1.5312e-05,-0.000292561
-27.1049,0.000308481,-4.3064e-05
-27.1,-0.000131722,0.000118777
-27.0951,4.67297e-05,-0.000213333
-27.0903,9.54757e-05,6.40087e-05
-27.0854,-0.000125623,7.35273e-05
-27.0805,-0.000422877,-0.000291422
-27.0756,0.000260492,-0.000841303
-27.0707,0.000690388,-9.99848e-05
-27.0658,0.000378854,-8.73524e-05
-27.0609,0.000727593,0.000174064
-27.056,0.000273905,0.000633007
-27.0511,-0.000183588,0.000427209
-27.0462,-0.000190788,-8.66162e-05
-27.0413,0.000298572,0.000114221
-27.0364,-0.000290449,0.000239071
-27.0315,0.000171159,-0.000336286
-27.0266,0.000189313,0.000415577
-27.0218,-0.00023567,-0.000134322
-27.0169,0.000317376,9.93529e-05
-27.012,-0.000339839,0.00011697
-27.0071,0.000190384,-0.000444672
-27.0022,0.000284219,0.000160538
-26.9973,0.00020326,-0.000201648
-26.9924,0.000611004,0.000581684
-26.9875,-0.000825722,0.000497476
-26.9826,-0.000100135,-0.000886535
-26.9777,0.000597574,6.6808e-06
-26.9728,0.000148388,3.88305e-05
-26.9679,0.000245208,9.3309e-05
-26.963,0.000147801,-2.76468e-05
-26.9582,0.000329606,0.000134683
-26.9533,6.78006e-05,0.000159315
-26.9484,3.86931e-05,-3.94938e-05
-26.9435,0.000432485,-0.000372217
-26.9386,0.000982741,0.000580671
-26.9337,-0.000386002,0.000887495
-26.9288,-0.000194983,-0.000207318
-26.9239,5.99976e-05,0.000135751
-26.919,0.000146342,-0.000227438
-26.9141,0.000255118,0.000334938
-26.9092,-0.000100334,-0.000369747
-26.9043,0.000884187,7.30645e-05
-26.8994,4.014e-05,0.00022376
-26.8945,0.00102412,-2.22092e-05
-26.8897,0.000466218,0.0011538
-26.8848,-1.01155e-05,0.000822466
-26.8799,-0.000792169,0.000651713
-26.875,3.99753e-05,-0.000662281
-26.8701,0.000593942,0.000753005
-26.8652,-0.000287882,0.000332153
-26.8603,8.27183e-05,0.000495882
-26.8554,-0.000325895,0.000127711
-26.8505,0.000343149,0.000338404
-26.8456,-0.000263552,0.000763249
-26.8407,-0.000665988,0.000479441
-26.8358,-0.000851672,-0.000205544
-26.8309,-0.000290072,-0.000587749
-26.826,0.000294189,-0.000626957
-26.8212,0.000550087,0.000253149
-26.8163,-0.000226548,-9.51229e-06
-26.8114,0.000472135,-0.000127765
-26.8065,2.64398e-05,0.000224058
-26.8016,0.000320619,-0.000173793
-26.7967,0.000389745,0.000217397
-26.7918,0.00047416,0.000172744
-26.7869,0.000495227,0.000761145
-26.782,-0.000375157,0.000813513
-26.7771,-0.000275955,-0.000102611
-26.7722,0.00024683,0.000428877
-26.7673,-0.000389807,0.000107538
-26.7624,0.000573242,0.000215235
-26.7575,-0.000563732,0.000968129
-26.7527,-0.00058329,-0.00043473
-26.7478,0.000203002,-0.000107659
-26.7429,0.000145651,9.76212e-06
-26.738,0.000255183,0.000245516
-26.7331,3.52263e-05,0.000425185
-26.7282,-0.000217681,0.000194985
-26.7233,0.000193234,0.000242284
-26.7184,-0.000561477,0.000520693
-26.7135,-0.00016774,-0.000562639
-26.7086,0.00031848,0.000362472
-26.7037,-0.00031956,-2.88374e-06
-26.6988,0.000114133,2.15457e-05
-26.6939,5.18742e-05,-0.000163317
-26.689,0.000506044,0.000456652
-26.6842,-0.000624975,0.000439531
-26.6793,-0.000143384,-0.000518264
-26.6744,0.000433506,-0.000213287
-26.6695,0.000573432,0.000287332
-26.6646,4.69232e-05,0.000531061
-26.6597,-5.72785e-05,0.00016247
-26.6548,0.00025733,4.94859e-05
-26.6499,0.000420652,0.000678573
-26.645,-0.00045374,0.000641687
-26.6401,-0.000176244,7.67217e-05
-26.6352,-0.000119613,0.000284708
-26.6303,-0.000173688,0.000264766
-26.6254,-0.000340174,8.07627e-05
-26.6206,-7.65104e-05,1.6123e-05
-26.6157,-0.000156614,-0.000198726
-26.6108,0.000612184,0.000205582
-26.6059,-0.00056562,0.000625035
-26.601,6.97114e-05,-0.000485771
-26.5961,0.000200603,0.000597624
-26.5912,-0.000308701,0.000117045
-26.5863,-0.000210764,5.53304e-05
-26.5814,0.000336045,-0.000209583
-26.5765,6.92453e-05,0.000898621
-26.5716,-0.000629817,-2.21182e-05
-26.5667,3.18024e-06,0.00018356
-26.5618,-0.000490289,6.40055e-05
-26.5569,-0.000323919,-0.00012133
-26.5521,-0.000233217,-0.000511935
-26.5472,0.000232845,-0.000230283
-26.5423,4.98342e-05,-0.000390035
-26.5374,0.000694199,-0.000210487
-26.5325,0.000455391,0.000348303
-26.5276,0.000134317,0.000377184
-26.5227,-5.63509e-05,0.000151022
-26.5178,0.000114159,-0.000155111
-26.5129,0.000790071,0.000121629
-26.508,9.9986e-05,0.00101619
-26.5031,-0.000290773,0.000164561
-26.4982,-0.000123408,0.000447115
-26.4933,-0.000214224,-0.000222007
-26.4884,0.000163727,0.000382815
-26.4836,-0.000207486,-0.00041564
-26.4787,0.000974581,0.000464784
-26.4738,-0.000466493,0.000685779
-26.4689,8.97741e-05,0.000326044
-26.464,-0.000969058,0.000191289
-26.4591,0.00044484,-0.0010116
-26.4542,0.000779778,0.000617404
-26.4493,0.000169523,0.000398297
-26.4444,0.000197835,0.000931834
-26.4395,-0.000856133,0.000499869
-26.4346,6.78909e-05,-0.000427982
-26.4297,0.000295784,0.000989004
-26.4248,-0.00115701,0.000216254
-26.4199,0.0001131,-0.00045861
-26.4151,-0.000204463,0.000242171
-26.4102,0.000178155,-0.000356771
-26.4053,0.000347519,0.000631079
-26.4004,-0.000606584,0.000404976
-26.3955,-0.000358159,-0.000408081
-26.3906,0.000369371,-0.000275634
-26.3857,0.000396418,0.000153614
-26.3808,0.000379944,0.000462181
-26.3759,-5.84908e-05,0.000516179
-26.371,0.000172226,0.000468616
-26.3661,-0.000413318,0.000821278
-26.3612,-0.00045617,6.58657e-05
-26.3563,-0.000153186,0.000450578
-26.3514,-0.000660412,0.000236812
-26.3466,-0.00035361,3.8251e-05
-26.3417,-0.000719876,5.59979e-05
-26.3368,-0.000385012,-0.000706713
-26.3319,0.000179804,-0.000297663
-26.327,0.000195753,-0.000379157
-26.3221,0.000603837,0.000303563
-26.3172,-0.000245406,0.000292339
-26.3123,0.000332418,0.00013325
-26.3074,-0.000376965,0.000634061
-26.3025,-0.000358282,-0.000213926
-26.2976,-1.1785e-05,-8.65971e-05
-26.2927,0.000363581,-4.27483e-05
-26.2878,0.000133084,0.000788295
-26.283,-0.000627221,0.000408429
-26.2781,-0.00046724,2.6058e-05
-26.2732,-0.000429588,-4.75545e-05
-26.2683,-0.000448913,-0.000314344
-26.2634,0.000130794,-0.000513924
-26.2585,0.000189615,0.000247883
-26.2536,-0.000486178,-0.00016678
-26.2487,0.000377358,-0.000485834
-26.2438,0.00016571,0.000394432
-26.2389,-0.000129737,-0.000211348
-26.234,0.000269889,0.000344934
-26.2291,-0.000706223,-6.91428e-05
-26.2242,0.000369934,-0.00074837
-26.2193,0.000616045,0.000171238
-26.2145,0.000285753,0.000507327
-26.2096,-0.000419634,0.000300727
-26.2047,0.000221864,-0.000337573
-26.1998,0.00035057,0.000564295
-26.1949,-0.000282288,0.000386639
-26.19,-0.000155111,0.000144438
-26.1851,-0.000110734,0.000371613
-26.1802,-0.000697997,0.000263674
-26.1753,-0.000515344,-0.000386014
-26.1704,-0.00026459,-0.000529283
-26.1655,0.00038972,-0.000513952
-26.1606,0.000141702,3.74713e-05
-26.1557,0.00043233,-0.000289976
-26.1508,0.000274099,0.000569006
-26.146,-0.000163551,8.31826e-05
-26.1411,-0.000288779,0.00031951
-26.1362,-0.000370186,-0.000783311
-26.1313,0.000845605,-0.000149267
-26.1264,0.000119256,0.000249167
-26.1215,0.000284333,0.000269679
-26.1166,-0.00019983,8.29198e-05
-26.1117,0.000506952,0.000201108
-26.1068,-0.000572738,0.00067126
-26.1019,-0.000300831,-0.000543279
-26.097,0.000160707,1.94732e-05
-26.0921,1.75941e-05,-0.000107832
-26.0872,-0.000176428,0.000182887
-26.0823,-0.000351101,-0.000833424
-26.0775,0.00110094,-0.000665341
-26.0726,0.000984608,0.000587671
-26.0677,8.4108e-05,0.00086433
-26.0628,-0.000277118,0.000139884
-26.0579,0.000138152,0.000249835
-26.053,-0.000403754,-0.000107615
-26.0481,0.000787908,-0.000409374
-26.0432,0.000411536,0.000892121
-26.0383,-0.000151839,0.000183817
-26.0334,0.00027727,0.000448171
-26.0285,-0.000228148,0.00050419
-26.0236,-0.000267091,0.000161653
-26.0187,9.11159e-05,3.01563e-05
-26.0138,-3.69447e-05,0.000641098
-26.009,-0.000632246,6.93061e-06
-26.0041,0.00015583,-6.11443e-05
-25.9992,-0.000319029,0.000217109
-25.9943,0.0001787,-0.00012666
-25.9894,-0.000282635,0.000734604
-25.9845,-0.000868466,-0.00040479
-25.9796,7.57244e-05,-0.000517349
-25.9747,8.63109e-05,-0.000489451
-25.9698,0.00084494,-0.000204005
-25.9649,0.000450187,0.000662055
-25.96,-0.000100862,0.000657367
-25.9551,-0.000633421,0.00035945
-25.9502,-0.000495987,-0.000335155
-25.9454,4.89667e-05,-0.000456208
-25.9405,0.000355261,0.000116411
-25.9356,-0.000538137,0.00019279
-25.9307,-0.000116404,-0.000897373
-25.9258,0.000756752,-0.000252841
-25.9209,0.000327599,0.000174884
-25.916,0.000328598,1.8629e-05
-25.9111,0.000399861,0.000419353
-25.9062,-0.000297475,0.000430231
-25.9013,-0.000255778,-0.000224457
-25.8964,8.9584e-05,-0.000460061
-25.8915,0.000902189,-0.000205332
-25.8866,0.000355907,0.000837789
-25.8817,-0.000249686,0.000159867
-25.8769,-6.93051e-06,-6.45813e-06
-25.872,0.000409226,-0.000250311
-25.8671,0.000504483,0.000625777
-25.8622,-6.36086e-05,0.000312637
-25.8573,-8.21975e-05,0.000630353
-25.8524,-0.000595774,-0.000417596
-25.8475,0.000895296,-5.08671e-05
-25.8426,-0.000156373,0.000648523
-25.8377,5.25651e-05,0.000201353
-25.8328,-0.000582112,0.000110154
-25.8279,0.000532168,-0.000504094
-25.823,4.06162e-05,0.00073415
-25.8181,-0.000103404,-0.000381286
-25.8132,0.000433697,0.000330572
-25.8084,0.000107406,0.000236359
-25.8035,-0.000224551,0.000625792
-25.7986,-0.000374837,-0.000478162
-25.7937,0.000463074,0.000187379
-25.7888,-0.000228171,-0.000110661
-25.7839,0.000547178,0.000102392
-25.779,-0.000192918,3.30593e-05
-25.7741,0.00101463,-9.74152e-05
-25.7692,0.00018661,0.00138959
-25.7643,-0.000784573,0.000256889
-25.7594,6.66265e-05,-6.64013e-05
-25.7545,-0.000153351,0.000435509
-25.7496,-0.000168334,-0.000209373
-25.7447,0.000462289,0.000671814
-25.7399,-0.00129825,0.000638143
-25.735,-0.000424303,-0.00118525
-25.7301,0.000532192,4.14838e-07
-25.7252,-0.000313187,-0.000109428
-25.7203,0.000304788,-0.000373879
-25.7154,0.000121503,2.87357e-05
-25.7105,0.00024823,-0.000315859
-25.7056,0.00049386,3.67569e-05
-25.7007,0.000452701,0.000226862
-25.6958,-5.06704e-05,0.000502596
-25.6909,3.13945e-05,-0.000413669
-25.686,0.000788056,0.000426444
-25.6811,-0.00018776,0.000476381
-25.6762,0.000132703,0.000201422
-25.6714,-0.00010347,0.000200162
-25.6665,0.000105785,0.000265737
-25.6616,-0.000259741,5.41044e-05
-25.6567,0.00015011,0.000163411
-25.6518,-0.000454966,-0.000224726
-25.6469,0.000829955,-0.000314838
-25.642,-1.00846e-05,0.000658216
-25.6371,9.92904e-05,-0.00017016
-25.6322,6.75232e-05,0.000334192
-25.6273,-7.45093e-05,-0.000172568
-25.6224,0.000323036,-0.000384368
-25.6175,0.00114538,0.000216226
-25.6126,5.54089e-05,0.000981611
-25.6077,0.00024583,0.000198812
-25.6029,-7.07595e-05,0.000933926
-25.598,-0.000344647,0.00015927
-25.5931,-0.000240558,0.000270826
-25.5882,4.72754e-05,-0.000104275
-25.5833,-9.6016e-05,0.000484675
-25.5784,-0.000232481,-0.000100918
-25.5735,-0.000186693,7.35568e-05
-25.5686,0.000150256,-0.00045106
-25.5637,0.000242408,0.000169559
-25.5588,0.000545744,-0.000332513
-25.5539,0.000600091,0.00100785
-25.549,-0.00029044,0.000272772
-25.5441,9.99105e-05,0.00081114
-25.5393,-0.00102256,4.66801e-05
-25.5344,6.41133e-05,-0.000446886
-25.5295,-1.55167e-05,-0.000209505
-25.5246,0.000472633,-0.000124765
-25.5197,8.47921e-05,0.000166037
-25.5148,0.000369739,-0.000179208
-25.5099,0.000515743,0.000413069
-25.505,-7.42793e-06,0.000268354
-25.5001,0.000581867,0.00032944
-25.4952,-0.000570128,0.00101104
-25.4903,-0.000549299,-0.000851393
-25.4854,0.00071232,-0.000131623
-25.4805,0.000445112,-0.000156916
-25.4756,0.00088352,0.000716204
-25.4708,-0.000239562,0.000466475
-25.4659,0.000525437,0.000194708
-25.461,0.000282721,0.000743199
-25.4561,-0.000200225,0.000958934
-25.4512,-0.00074014,-4.09995e-05
-25.4463,0.000432,-1.89719e-05
-25.4414,-0.000128934,0.000463735
-25.4365,-8.94033e-05,0.000230325
-25.4316,-0.000320491,-0.000253006
-25.4267,0.000908595,-0.000184784
-25.4218,0.000358964,0.00085815
-25.4169,3.45883e-05,0.000621868
-25.412,-0.000425292,0.000403861
-25.4071,0.000255141,-4.74654e-05
-25.4023,6.87521e-05,0.000699912
-25.3974,-0.000199157,0.000224109
-25.3925,1.75263e-05,0.00021939
-25.3876,0.000204359,0.000280571
-25.3827,7.75591e-05,0.000516199
-25.3778,8.56344e-05,0.000663835
-25.3729,-0.000630671,0.000588958
-25.368,9.60233e-05,-0.000120243
-25.3631,-8.99988e-05,0.00109646
-25.3582,-0.000933525,1.23191e-05
-25.3533,0.000150889,9.57419e-05
-25.3484,-0.000536517,0.000496695
-25.3435,-0.000420492,-5.37682e-05
-25.3386,-0.00044591,6.57074e-06
-25.3338,-0.000102933,-0.000462493
-25.3289,0.000272637,0.000258161
-25.324,-0.0005156,5.06711e-06
-25.3191,0.000404447,-0.000354665
-25.3142,-5.99944e-05,0.000584388
-25.3093,-0.000148779,-0.000615717
-25.3044,0.00121836,0.000451561
-25.2995,-0.000452065,0.00142304
-25.2946,-0.000880781,5.23614e-05
-25.2897,-0.000323371,-4.87613e-06
-25.2848,-0.000475662,-0.000162101
-25.2799,4.06527e-05,-0.00043498
-25.275,0.000249675,0.000193296
-25.2701,-0.000339856,8.69e-05
-25.2653,0.000104674,-0.000258382
-25.2604,2.41813e-05,0.000205627
-25.2555,-0.000110194,-0.000259156
-25.2506,0.000487855,-7.78243e-06
-25.2457,1.60765e-05,0.000442521
-25.2408,-7.24665e-05,-7.34651e-05
-25.2359,0.000279924,0.000248482
-25.231,-0.000131971,0.000216493
-25.2261,0.0001558,0.000290659
-25.2212,-0.000550562,0.000222486
-25.2163,0.000285129,-0.000429291
-25.2114,0.000136052,0.000702783
-25.2065,-0.000493339,1.27184e-05
-25.2017,-0.000188905,-0.000145035
-25.1968,0.00024474,-0.000435321
-25.1919,0.000391909,0.000401763
-25.187,-1.90551e-05,6.45612e-05
-25.1821,0.000133061,0.000512817
-25.1772,-0.000435861,6.07784e-05
-25.1723,-0.000145524,3.73889e-05
-25.1674,-7.86797e-05,-0.000553624
-25.1625,0.000631674,0.000348524
-25.1576,-0.000463906,-9.06015e-05
-25.1527,0.000888265,3.80911e-05
-25.1478,-0.000557316,0.000813398
-25.1429,-0.000207042,-0.000506427
-25.138,4.6638e-06,-6.80199e-05
-25.1332,0.000308222,-0.000438278
-25.1283,0.000505869,3.19244e-05
-25.1234,0.000668079,0.000292414
-25.1185,-0.000139872,0.000755295
-25.1136,-0.000116381,-0.000191721
-25.1087,0.000130278,0.000204189
-25.1038,0.000142132,-0.000316985
-25.0989,0.000716328,0.000290417
-25.094,0.000125273,0.000401685
-25.0891,0.000398587,0.00029384
-25.0842,0.000191213,0.000722951
-25.0793,-0.00029738,0.000539219
-25.0744,-0.00022475,0.000108828
-25.0695,2.51237e-06,0.00010626
-25.0647,6.95254e-05,0.000155837
-25.0598,9.75567e-05,0.000200336
-25.0549,0.000204602,0.000428476
-25.05,-0.000461795,0.000602706
-25.0451,-0.00039136,-0.000373734
-25.0402,0.000286015,9.59568e-05
-25.0353,-0.000279057,-5.08204e-05
-25.0304,0.000519772,-0.000167435
-25.0255,-4.52747e-05,0.000520593
-25.0206,-3.99961e-05,-0.000363686
-25.0157,0.000547232,0.00016675
-25.0108,8.63571e-05,0.000212009
-25.0059,0.000305567,3.91711e-05
-25.001,0.000512355,0.000220871
-24.9962,0.000330173,0.00061336
-24.9913,0.000197174,0.000403434
-24.9864,6.1134e-05,0.000903723
-24.9815,-0.000623149,0.000104915
-24.9766,0.0003658,-7.23735e-06
-24.9717,-1.07448e-05,0.000212743
-24.9668,0.000838286,0.00024663
-24.9619,-6.76448e-05,0.00143709
-24.957,-0.000783139,0.000264807
-24.9521,-0.00017933,5.69341e-05
-24.9472,-9.67705e-07,-4.92789e-06
-24.9423,0.000224611,0.000402044
-24.9374,-0.000287929,0.00037902
-24.9325,3.55355e-05,-1.77478e-05
-24.9277,0.000184929,0.000378964
-24.9228,0.000100992,0.00035189
-24.9179,-2.28918e-05,0.000773166
-24.913,-0.000549947,0.000250795
-24.9081,6.20917e-05,0.000287078
-24.9032,-0.000604168,0.000365267
-24.8983,-5.75119e-05,-0.000283262
-24.8934,0.000135412,0.000272436
-24.8885,6.97654e-05,0.000272036
-24.8836,-1.02062e-05,0.000599344
-24.8787,-0.000591675,0.000688366
-24.8738,-0.00100437,-0.000346848
-24.8689,0.00041047,-0.000580522
-24.864,-1.42688e-05,0.000487255
-24.8592,-0.00021713,-0.000246349
-24.8543,0.000167014,-6.83697e-05
-24.8494,0.000379435,-4.35509e-05
-24.8445,0.000303191,0.000495061
-24.8396,6.89709e-05,0.000374433
-24.8347,-5.30692e-05,0.000620128
-24.8298,-0.000523121,0.000393407
-24.8249,-0.000507133,-0.00034385
-24.82,0.000625228,-0.000259821
-24.8151,-4.32233e-05,0.000691564
-24.8102,4.62727e-05,-0.000242802
-24.8053,0.000297622,0.000752018
-24.8004,-0.000535256,0.00012637
-24.7956,9.93885e-05,-5.80839e-05
-24.7907,0.000288628,-5.53112e-05
-24.7858,0.00055914,0.000731342
-24.7809,-0.000502356,0.000697975
-24.776,-9.47947e-05,-0.000125332
-24.7711,0.000485035,0.000616219
-24.7662,-0.000692427,0.000922687
-24.7613,-0.000308382,-0.000283305
-24.7564,-5.24893e-05,0.000730274
-24.7515,-0.000697187,-0.000219235
-24.7466,0.000338016,0.000165847
-24.7417,-0.000259501,0.000238861
-24.7368,0.000119241,0.000636533
-24.7319,-0.00109599,0.000285831
-24.7271,-2.46103e-05,-0.000540378
-24.7222,-7.65865e-06,0.000203052
-24.7173,-7.00937e-05,3.72445e-05
-24.7124,0.000110741,-1.30085e-05
-24.7075,0.000355508,0.000932203
-24.7026,-0.00156566,0.000556523
-24.6977,-0.000134821,-0.00119121
-24.6928,0.00025907,0.000380244
-24.6879,-0.000311693,-0.000362384
-24.683,0.000537839,1.55634e-05
-24.6781,7.7604e-05,0.000571571
-24.6732,-0.000531895,0.000435896
-24.6683,-0.000492402,-0.000400538
-24.6634,0.000315921,-0.000327297
-24.6586,0.000327086,0.000275033
-24.6537,-6.11935e-05,0.0002977
-24.6488,8.01241e-05,0.0002955
-24.6439,-0.000438119,0.000368928
-24.639,1.82653e-05,-0.000219756
-24.6341,-9.23583e-05,0.000694406
-24.6292,-0.000795648,-0.000222304
-24.6243,0.00011283,-0.000315577
-24.6194,-2.35431e-05,-0.000220719
-24.6145,0.000642576,1.33506e-05
-24.6096,-4.09871e-05,0.000769595
-24.6047,-0.000344615,3.0603e-05
-24.5998,0.000131214,0.000308864
-24.5949,-0.000620392,0.00052557
-24.5901,-0.000699811,-0.00049739
-24.5852,0.000329273,-0.000411736
-24.5803,-0.00012774,0.000355555
-24.5754,-0.000419792,-0.000585649
-24.5705,0.000666362,-0.000310265
-24.5656,3.50271e-05,0.000192406
-24.5607,0.00055189,-0.000217974
-24.5558,0.000236312,0.000884569
-24.5509,-0.000548665,1.73793e-05
-24.546,0.00011071,-8.55768e-05
-24.5411,1.00487e-05,-0.000111017
-24.5362,0.000350476,0.00012094
-24.5313,-6.01793e-05,5.35904e-05
-24.5264,0.000592574,3.12291e-05
-24.5216,6.61029e-05,0.000727363
-24.5167,-9.37929e-05,0.00014495
-24.5118,-1.78718e-05,0.000465906
-24.5069,-0.000222645,8.3601e-05
-24.502,-2.05014e-05,0.000393019
-24.4971,-0.000524142,-3.24096e-05
-24.4922,0.000102371,-0.000121894
-24.4873,-0.000199176,-0.000175363
-24.4824,0.000643015,-0.000158606
-24.4775,1.76727e-05,0.000470336
-24.4726,0.000393728,-1.52176e-05
-24.4677,4.87903e-05,0.000761324
-24.4628,-3.46026e-05,0.000215588
-24.458,-0.000432531,0.000647852
-24.4531,-0.000196812,-0.000463819
-24.4482,0.00016724,0.000582896
-24.4433,-0.000325587,-0.000233991
-24.4384,0.000266861,0.000599505
-24.4335,-0.000727935,-0.000148633
-24.4286,0.000429753,0.000120728
-24.4237,-0.000736497,0.00013298
-24.4188,0.000309671,-0.000539119
-24.4139,0.000172932,0.000275013
-24.409,7.11403e-06,0.000125325
-24.4041,-0.000139836,-6.78557e-05
-24.3992,0.000301404,-0.000106111
-24.3943,0.000311278,4.60934e-05
-24.3895,0.000482356,0.000639709
-24.3846,-0.000587357,0.00043589
-24.3797,0.000187375,-0.000220949
-24.3748,0.000141091,0.000517261
-24.3699,-0.000294073,0.000373424
-24.365,-0.000282478,-0.000144263
-24.3601,0.00029761,0.00024382
-24.3552,-0.000508264,0.000285717
-24.3503,-3.46732e-05,-0.000181266
-24.3454,-0.000152542,1.35764e-06
-24.3405,0.000116324,-2.10661e-05
-24.3356,-0.00016465,-6.93684e-05
-24.3307,0.000257085,0.000116918
-24.3258,-0.000577684,-0.000196363
-24.321,0.000776382,-0.000579408
-24.3161,0.0001454,0.00043364
-24.3112,0.000333656,-9.02908e-05
-24.3063,-0.000154398,3.75814e-05
-24.3014,0.00104465,-0.000411974
-24.2965,0.000188595,0.0010138
-24.2916,0.000323789,-0.000255712
-24.2867,0.000237428,0.000855617
-24.2818,0.000237841,-0.000297403
-24.2769,0.000559256,0.000964509
-24.272,2.44063e-05,3.31935e-05
-24.2671,0.000669915,0.00106322
-24.2622,-0.000414397,0.000649019
-24.2573,-4.46072e-05,0.000764926
-24.2525,-0.0006261,0.000239579
-24.2476,4.69481e-05,0.000201628
-24.2427,-0.000101223,0.00027265
-24.2378,-9.4707e-05,0.000517296
-24.2329,-0.000288424,0.000112317
-24.228,-0.000131125,0.00030986
-24.2231,0.000111574,-0.000214192
-24.2182,0.000289201,0.00104868
-24.2133,-0.000857675,-0.000106749
-24.2084,0.000736764,0.000295206
-24.2035,-0.0007438,0.000592334
-24.1986,0.000534365,-0.000189897
-24.1937,-0.000136723,0.00142454
-24.1888,-0.0010714,5.01913e-05
-24.184,0.00018287,-4.62406e-05
-24.1791,-0.00050752,0.000814202
-24.1742,-0.000687,-0.00040901
-24.1693,0.000173445,0.000265988
-24.1644,-0.000688734,-2.58357e-05
-24.1595,0.000252824,-7.33482e-05
-24.1546,-0.000495521,0.000257136
-24.1497,0.000143499,-0.00031588
-24.1448,6.9798e-05,0.000573847
-24.1399,-0.000646798,0.00030163
-24.135,-0.000449777,-0.000524277
-24.1301,0.000408349,-6.26155e-05
-24.1252,-0.000327275,9.68102e-05
-24.1203,0.00038762,-0.00023075
-24.1155,3.40955e-05,0.000438678
-24.1106,0.000178627,0.000167531
-24.1057,-0.00032583,0.000693529
-24.1008,-0.000387672,-0.000107903
-24.0959,-0.000251466,0.000336578
-24.091,-0.000679445,-0.000287847
-24.0861,-3.93213e-05,-0.000610545
-24.0812,0.000541529,-0.000422628
-24.0763,0.000580773,0.000437896
-24.0714,-9.68623e-05,0.000432316
-24.0665,-0.000184088,0.000187551
-24.0616,-5.73946e-05,-0.000172178
-24.0567,0.000357221,0.000214537
-24.0519,-0.000176849,0.000283629
-24.047,0.000139832,6.39091e-05
-24.0421,-0.000195879,0.000334187
-24.0372,6.50002e-06,-0.000312797
-24.0323,0.000531462,0.000305207
-24.0274,-7.94897e-05,0.000517982
-24.0225,-7.76685e-05,0.000163604
-24.0176,0.000165918,0.000290104
-24.0127,-0.000125005,0.000615096
-24.0078,-0.000449257,0.000195738
-24.0029,-9.27622e-05,5.55509e-05
-23.998,-0.000149734,0.000254853
-23.9931,-0.000292835,7.62312e-05
-23.9882,-3.57291e-05,-3.33027e-06
-23.9834,-0.000247231,0.000149137
-23.9785,4.47529e-05,-0.000372305
-23.9736,0.000460164,0.000405395
-23.9687,-0.000341249,0.000413303
-23.9638,-0.000238816,-4.99244e-05
-23.9589,0.000137443,-0.000229021
-23.954,0.000355907,0.000371727
-23.9491,-7.16919e-05,8.62148e-05
-23.9442,0.000642636,0.000497988
-23.9393,-0.000443857,0.000961011
-23.9344,-0.000287311,0.000162359
-23.9295,-0.000334537,0.000658763
-23.9246,-0.00086826,0.000188737
-23.9197,-0.000654255,-0.000464053
-23.9149,0.000239208,-0.000710638
-23.91,0.000813608,0.000311148
-23.9051,-0.000199966,0.00104313
-23.9002,-0.000814036,0.000115425
-23.8953,-0.000181522,-0.00010307
-23.8904,-0.000239811,4.63189e-05
-23.8855,-0.000110897,0.000138913
-23.8806,-0.000487284,0.000201714
-23.8757,-0.000613616,-0.000219454
-23.8708,-0.000171903,-0.000794146
-23.8659,0.000648058,-5.5133e-05
-23.861,-0.000325832,0.000311835
-23.8561,-0.000122186,-0.000409711
-23.8512,0.000217181,-0.000315437
-23.8464,0.000600133,6.22668e-05
-23.8415,0.000103397,0.00046642
-23.8366,-2.82389e-05,0.000440353
-23.8317,-0.000698246,7.82839e-05
-23.8268,0.000223653,-0.000523071
-23.8219,6.3537e-05,0.000288143
-23.817,9.09243e-05,-0.000220119
-23.8121,0.000245405,0.000292604
-23.8072,-2.34172e-05,0.000392117
-23.8023,-0.000867162,0.000139222
-23.7974,0.000143972,-0.00128794
-23.7925,0.00110274,0.000354581
-23.7876,-0.000202678,0.000361459
-23.7828,0.000198452,-0.00024979
-23.7779,0.000718274,3.15114e-05
-23.773,0.00047547,0.000793515
-23.7681,-1.75903e-05,0.000559601
-23.7632,-0.000222923,0.000697812
-23.7583,-0.000503051,-0.000147122
-23.7534,0.00044086,-4.05486e-05
-23.7485,0.000253141,0.000368612
-23.7436,0.000305293,0.000701663
-23.7387,-0.000439366,0.000657493
-23.7338,-3.32833e-05,0.000200072
-23.7289,-0.000185311,0.000685127
-23.724,-0.000282653,0.000361627
-23.7191,-0.000415758,0.000864604
-23.7143,-0.00128092,0.000123515
-23.7094,-0.00032133,-0.000581096
-23.7045,-8.02299e-05,0.000118624
-23.6996,-0.000409144,0.000146616
-23.6947,-0.0006808,-6.92535e-05
-23.6898,-0.000372875,-0.000642992
-23.6849,0.000153029,-0.000350867
-23.68,5.2977e-05,-0.00014266
-23.6751,0.00017534,-6.84338e-05
-23.6702,-5.26357e-05,0.000337347
-23.6653,-0.000600358,-0.000196237
-23.6604,0.000200158,-0.000490442
-23.6555,-7.43368e-05,6.64599e-05
-23.6506,5.53877e-05,-0.000525819
-23.6458,0.000434715,4.5505e-05
-23.6409,-6.93165e-05,0.000126992
-23.636,-0.000144201,-0.000353542
-23.6311,0.000630638,-0.00036069
-23.6262,0.0001896,0.000365724
-23.6213,0.000292186,-0.000352853
-23.6164,0.000466835,0.000539228
-23.6115,-0.000210826,-0.000213551
-23.6066,0.000843805,-0.000142384
-23.6017,0.000720406,0.0004626
-23.5968,0.000553311,0.00106967
-23.5919,-0.000476922,0.000957596
-23.587,-0.000378096,0.000320848
-23.5821,-0.000299138,0.000306429
-23.5773,-0.000377404,0.00019569
-23.5724,-0.00013035,-0.000172039
-23.5675,0.000294112,0.000467395
-23.5626,-0.000699921,0.000680486
-23.5577,-0.000862839,-0.000371003
-23.5528,0.000134527,-0.000646451
-23.5479,0.00019413,0.000237305
-23.543,-0.000236314,-0.000189981
-23.5381,0.000194528,5.46979e-05
-23.5332,-0.00030145,-0.000192788
-23.5283,0.000477908,-0.000346943
-23.5234,0.000352114,0.000222623
-23.5185,0.000249183,0.00026465
-23.5136,9.4459e-05,0.000302819
-23.5088,-4.40576e-05,0.000474181
-23.5039,-0.000462379,-0.00014722
-23.499,0.000672685,-0.000234908
-23.4941,0.000288179,0.000950518
-23.4892,-0.000716146,0.000493769
-23.4843,-0.000228781,-0.000423132
-23.4794,0.000279554,0.000501098
-23.4745,-0.000871069,-3.84499e-05
-23.4696,0.000491862,-0.00040135
-23.4647,-0.000343028,0.000534657
-23.4598,-0.000174657,-0.000564739
-23.4549,0.000288548,-0.000118545
-23.45,0.000475189,0.000180782
-23.4452,-0.000513369,0.000436679
-23.4403,0.000230831,-0.000743051
-23.4354,0.000286817,0.000545527
-23.4305,0.000107052,-0.000523531
-23.4256,0.000713953,0.000830509
-23.4207,-0.000577221,3.67666e-06
-23.4158,0.000699114,0.000243895
-23.4109,-0.000526848,0.00060028
-23.406,-0.000227826,-0.000145624
-23.4011,-0.000148028,-0.000486425
-23.3962,0.000993984,-2.83855e-05
-23.3913,-0.000145865,0.000623597
-23.3864,0.000465356,-9.77881e-05
-23.3815,-9.55897e-05,0.000856955
-23.3767,-0.000185074,-0.000301834
-23.3718,0.000378691,0.000177354
-23.3669,0.000606336,0.000169389
-23.362,0.000181295,0.00138396
-23.3571,-0.000879637,0.00026254
-23.3522,-2.48301e-05,0.000263915
-23.3473,-0.000608725,0.000103839
-23.3424,4.30934e-05,-0.000126142
-23.3375,-0.00013758,0.00012408
-23.3326,-1.53983e-05,4.91405e-05
-23.3277,8.03268e-06,-5.70517e-05
-23.3228,0.000296126,0.000455707
-23.3179,-0.000614727,0.000300732
-23.313,-5.26107e-05,-0.000146498
-23.3082,-0.000508583,-0.000111048
-23.3033,0.000489343,-0.000870214
-23.2984,0.000834732,0.000394099
-23.2935,0.000366467,0.000448004
-23.2886,6.52065e-05,0.000796292
-23.2837,-0.000276902,0.000221677
-23.2788,0.000133182,0.000326318
-23.2739,-5.24758e-05,0.000409505
-23.269,-9.31272e-05,0.000592564
-23.2641,-0.000545359,0.000338043
-23.2592,-7.08249e-05,8.0042e-05
-23.2543,-0.000314154,0.000737888
-23.2494,-0.00114076,0.0001116
-23.2445,-0.000613066,-0.000760979
-23.2397,0.000188551,-0.000827924
-23.2348,0.000875105,3.03271e-05
-23.2299,-0.000251913,0.000754407
-23.225,-0.000322984,-0.000512741
-23.2201,0.000580023,0.000233407
-23.2152,-0.000514936,0.000346165
-23.2103,9.91982e-05,-0.000376182
-23.2054,-7.83385e-05,0.000381331
-23.2005,-0.000214875,-0.00065178
-23.1956,0.000932128,0.000149279
-23.1907,-0.000211493,0.000527175
-23.1858,0.000261587,8.70461e-05
-23.1809,-0.000325209,0.000613549
-23.176,-0.000346111,-0.000233803
-23.1712,1.39006e-05,-0.000132813
-23.1663,0.000224262,-4.4178e-05
-23.1614,-4.7137e-06,-4.66517e-05
-23.1565,0.000886745,0.000135181
-23.1516,-0.000535996,0.00124609
-23.1467,-0.000334657,-0.000844468
-23.1418,0.000695456,0.000938448
-23.1369,-0.00112516,0.000281394
-23.132,-0.000183181,-0.000219166
-23.1271,-0.000569674,-0.000510951
-23.1222,0.00066312,-0.000558405
-23.1173,0.000124308,0.000266274
-23.1124,0.000165098,-0.000177311
-23.1075,0.000161638,5.63142e-05
-23.1027,0.000266878,-0.000104976
-23.0978,0.000338145,0.000213643
-23.0929,-3.99686e-05,0.000206452
-23.088,0.000134448,-0.00033669
-23.0831,0.000780242,0.000168282
-23.0782,1.9275e-05,0.000576308
-23.0733,4.19846e-05,-0.000280381
-23.0684,0.00102954,5.1738e-05
-23.0635,0.000625973,0.00112478
-23.0586,-0.000154853,0.000957953
-23.0537,-0.000520539,0.000681481
-23.0488,-0.000408619,-5.64232e-05
-23.0439,2.99561e-05,0.000133786
-23.0391,0.000183372,-2.96179e-05
-23.0342,0.000330107,0.000750669
-23.0293,-0.000347606,0.000304412
-23.0244,0.000151682,0.000545288
-23.0195,-0.000463478,0.000230217
-23.0146,0.00033618,0.000458174
-23.0097,-0.000614217,0.000631689
-23.0048,-0.000144405,0.000379131
-22.9999,-0.00104513,0.000225025
-22.995,0.000318478,-0.000462895
-22.9901,-0.000402559,0.00103038
-22.9852,-0.000783615,-0.000439485
-22.9803,1.1736e-06,0.000205718
-22.9754,-0.000869949,-7.44096e-05
-22.9706,-9.19165e-05,-0.000821459
-22.9657,0.000423955,7.7247e-05
-22.9608,-0.000470871,-6.40269e-05
-22.9559,0.000503595,-0.000582315
-22.951,0.000434796,0.000545707
-22.9461,-0.000105997,0.000396209
-22.9412,-0.000401515,0.000281101
-22.9363,-0.000247224,-8.31342e-05
-22.9314,-0.000490864,-0.000194593
-22.9265,0.000489589,-0.000816721
-22.9216,0.000663905,0.000687094
-22.9167,-0.000289034,0.000333604
-22.9118,-0.000178961,0.000307678
-22.9069,-0.000401329,-0.000200185
-22.9021,0.000189235,-5.37113e-05
-22.8972,-0.000157751,3.73403e-05
-22.8923,0.00021849,-5.04478e-05
-22.8874,-0.000155682,0.000510037
-22.8825,-0.000743973,-0.000365364
-22.8776,0.000548756,-0.000741447
-22.8727,0.000363072,0.000494219
-22.8678,-0.000128756,-0.000220887
-22.8629,0.000552679,0.000227508
-22.858,-0.000300376,0.00037116
-22.8531,2.63486e-05,-0.000188293
-22.8482,-3.70175e-06,0.000134302
-22.8433,0.000121774,-0.000349947
-22.8384,0.000676013,0.000363547
-22.8336,-0.000325856,0.000555157
-22.8287,-3.48451e-05,-0.000126343
-22.8238,-3.38858e-05,0.000262893
-22.8189,-8.11999e-05,-0.000115073
-22.814,0.000138747,7.69267e-05
-22.8091,0.00019333,0.000130365
-22.8042,-0.000187215,0.000604359
-22.7993,-0.00074704,-0.000329387
-22.7944,0.000317915,-0.000605266
-22.7895,0.000254492,-4.74966e-05
-22.7846,0.000500628,-0.000255275
-22.7797,0.000528191,0.000576192
-22.7748,-0.000280092,0.000136986
-22.7699,0.000505403,-6.27867e-05
-22.7651,0.000127772,0.000488247
-22.7602,0.00017618,0.000223746
-22.7553,-0.000149471,0.000482125
-22.7504,-4.87644e-05,1.07874e-06
-22.7455,-0.000141631,0.000313446
-22.7406,-7.14293e-05,-0.000287165
-22.7357,0.000319999,0.000151732
-22.7308,0.000232616,0.000129298
-22.7259,2.53529e-05,0.000765399
-22.721,-0.00081129,-0.00018338
-22.7161,0.000498758,-0.000533911
-22.7112,0.000332118,0.000346621
-22.7063,0.000202097,0.000131023
-22.7015,0.00014179,0.000421472
-22.6966,-4.52388e-05,0.00015376
-22.6917,0.000187173,0.000299244
-22.6868,-7.4196e-05,0.000418323
-22.6819,-0.000320147,0.000357299
-22.677,-0.000318699,-0.000272646
-22.6721,0.0004431,0.000209497
-22.6672,-0.000634037,0.000451323
-22.6623,-0.000173748,-0.000545488
-22.6574,0.000160532,1.67276e-05
-22.6525,-7.99368e-05,2.39425e-05
-22.6476,-0.000358791,-0.000368379
-22.6427,0.000644016,-0.000714765
-22.6378,0.000443857,0.000235252
-22.633,0.000549473,-0.00038481
-22.6281,0.000937491,0.000536462
-22.6232,0.000369616,0.000737898
-22.6183,-0.000301841,0.00082703
-22.6134,-0.000206009,-0.0002004
-22.6085,0.000143012,0.000449088
-22.6036,-0.000345353,-0.000268465
-22.5987,0.000529764,-0.000220727
-22.5938,0.000695762,3.7795e-05
-22.5889,0.000582754,0.000898144
-22.584,-2.65418e-05,0.000231079
-22.5791,0.000825725,0.00100986
-22.5742,-0.000928259,0.00121176
-22.5693,-0.000540972,-4.02069e-05
-22.5645,-0.000473125,9.68726e-05
-22.5596,5.63338e-05,-0.000417076
-22.5547,0.000412875,0.000444334
-22.5498,-0.000402188,0.000543976
-22.5449,-0.000394294,-0.000143503
-22.54,2.77014e-05,2.9719e-05
-22.5351,-0.000390654,-0.00011833
-22.5302,0.000393205,-0.000614055
-22.5253,0.000693676,0.00043968
-22.5204,-0.00019244,0.00045288
-22.5155,-4.17038e-05,-0.000171529
-22.5106,0.000538957,3.80529e-05
-22.5057,0.000148009,0.000687009
-22.5008,-0.00027538,-7.84771e-05
-22.496,0.000722873,0.000135132
-22.4911,-5.01338e-05,0.000906635
-22.4862,-0.000417791,0.00013215
-22.4813,8.55976e-05,-0.000164379
-22.4764,0.000487566,0.000358772
-22.4715,-0.000108564,0.000501033
-22.4666,0.000111879,0.000399297
-22.4617,-0.000356365,0.000258779
-22.4568,0.000560691,0.000396302
-22.4519,-0.00109783,0.00105857
-22.447,-0.000297355,-0.00101301
-22.4421,0.000279342,0.00053167
-22.4372,-5.82851e-05,-0.000309743
-22.4323,0.000247944,0.000923302
-22.4275,-0.000853635,-0.000131538
-22.4226,0.000217301,-1.2062e-05
-22.4177,-0.000188334,6.38697e-05
-22.4128,-0.000233223,0.000337599
-22.4079,-0.000508918,-0.000673592
-22.403,0.000610133,-0.000144769
-22.3981,5.36132e-05,-8.05419e-05
-22.3932,0.000378571,0.000371647
-22.3883,-0.000425727,-0.000274619
-22.3834,0.00087594,-8.27317e-05
-22.3785,-0.000129938,0.000399676
-22.3736,0.000487433,-8.97748e-05
-22.3687,0.000114926,0.000550118
-22.3638,-1.69781e-05,0.000174036
-22.359,-5.30217e-05,3.656e-05
-22.3541,0.000315097,5.24141e-05
-22.3492,9.73069e-06,0.000187375
-22.3443,0.00022966,-0.00013603
-22.3394,0.000552213,-1.96321e-05
-22.3345,0.000684697,0.000456364
-22.3296,0.000446381,0.000553956
-22.3247,0.000347933,0.00102628
-22.3198,-0.000387393,0.000721419
-22.3149,-0.00027534,0.000466698
-22.31,-0.000130305,-9.56872e-05
-22.3051,0.000443313,0.000862994
-22.3002,-0.000915062,0.00020346
-22.2954,0.000899269,2.1402e-05
-22.2905,-0.000539921,0.00149388
-22.2856,-0.000802752,-0.000170132
-22.2807,-0.000167826,6.78613e-05
-22.2758,-3.34736e-05,-4.17948e-05
-22.2709,8.15816e-05,0.000350604
-22.266,-0.000209114,0.000479478
-22.2611,-0.000499643,0.000129771
-22.2562,-2.8837e-05,0.000125977
-22.2513,-0.000630469,0.000233879
-22.2464,-0.000180952,-0.000478211
-22.2415,0.000106172,-5.2318e-05
-22.2366,0.000103489,-7.03701e-06
-22.2317,5.66585e-05,-1.52853e-05
-22.2269,0.000364494,0.000275817
-22.222,-0.000378346,0.000245139
-22.2171,0.000539623,-6.8936e-05
-22.2122,-0.000447787,0.000991798
-22.2073,-0.000379884,-0.00077811
-22.2024,0.00076456,0.000566442
-22.1975,-0.000806876,0.000476541
-22.1926,-0.000136119,-0.000426981
-22.1877,4.9237e-05,-6.10119e-05
-22.1828,0.000332709,-0.000302749
-22.1779,0.000807605,0.00057503
-22.173,-0.00036827,0.00107361
-22.1681,-0.000709108,0.000233
-22.1632,-0.000828347,-9.67265e-05
-22.1584,-0.000186626,-0.00108758
-22.1535,0.000847106,-0.000204698
-22.1486,0.000279703,0.000160959
-22.1437,0.00051532,0.000325198
-22.1388,-0.000140176,0.000626914
-22.1339,-0.00023755,0.000143186
-22.129,-0.000352767,3.65154e-05
-22.1241,3.47898e-05,-0.000482035
-22.1192,0.000324669,7.8236e-05
-22.1143,-1.28203e-05,-0.000386417
-22.1094,0.00120822,-0.000300203
-22.1045,0.000950286,0.00120989
-22.0996,-0.000325763,0.00119544
-22.0947,-0.000664677,0.000387874
-22.0899,-0.000256663,-1.15832e-05
-22.085,-0.000169247,0.000128558
-22.0801,1.72746e-05,-0.000165625
-22.0752,0.000326859,0.000571392
-22.0703,-0.000958079,0.000378962
-22.0654,-0.000208887,-0.000940601
-22.0605,0.00053227,-0.000335131
-22.0556,0.000847865,-0.000163328
-22.0507,0.00069547,0.000899142
-22.0458,-0.000108002,0.000578602
-22.0409,-8.19861e-05,0.000555841
-22.036,-0.000282334,6.97245e-05
-22.0311,0.000128837,0.000197936
-22.0262,9.98608e-05,2.81844e-05
-22.0214,0.000395212,0.000674324
-22.0165,-0.000425755,0.000464235
-22.0116,-0.000130257,0.000423686
-22.0067,-0.000719625,-0.000108765
-22.0018,0.000458909,-0.000255054
-21.9969,-9.18471e-05,0.000383984
-21.992,0.000201966,9.77085e-05
-21.9871,-0.000289292,0.000332026
-21.9822,0.000280315,-2.72184e-05
-21.9773,-0.000461022,0.000581859
-21.9724,8.38124e-05,-0.000724829
-21.9675,0.000551343,0.000915228
-21.9626,-0.00107317,7.36914e-05
-21.9578,0.000203947,-0.000898311
-21.9529,0.000899695,-0.000146597
-21.948,0.000703349,0.000726352
-21.9431,-5.837e-05,0.000509566
-21.9382,0.000463287,0.000508746
-21.9333,-0.000372022,0.00103192
-21.9284,-0.000526428,0.000140874
-21.9235,-0.000475557,0.000186169
-21.9186,-0.00015473,-0.000643049
-21.9137,0.000691531,0.000205395
-21.9088,-9.85646e-05,0.000320162
-21.9039,0.000355133,0.000170402
-21.899,0.000100946,0.000590133
-21.8941,-0.00017379,0.0005832
-21.8893,-0.000467759,0.000134173
-21.8844,0.000128725,7.94412e-05
-21.8795,-0.00024835,0.000423216
-21.8746,-0.000302903,7.20088e-06
-21.8697,-4.47493e-05,-0.000140247
-21.8648,0.000200944,0.000245662
-21.8599,-0.000357166,0.000111706
-21.855,0.000171779,-0.00015011
-21.8501,3.84607e-06,4.6673e-05
-21.8452,0.00048242,7.26545e-05
-21.8403,-0.000124265,0.000505496
-21.8354,0.000149212,-3.22466e-05
-21.8305,-0.000112333,0.000352186
-21.8256,0.000383743,-0.000219239
-21.8208,0.000168522,0.000818837
-21.8159,2.91919e-05,-0.000123665
-21.811,0.000372131,0.00112053
-21.8061,-0.000955164,0.000167997
-21.8012,0.000258864,0.000154789
-21.7963,-0.000779515,0.000240784
-21.7914,0.000178578,-0.000521192
-21.7865,9.63396e-05,0.00022751
-21.7816,0.000204378,-9.65549e-05
-21.7767,0.000176935,0.000278873
-21.7718,0.000298835,1.85066e-05
-21.7669,0.000504446,0.000730035
-21.762,-0.000559458,0.000852243
-21.7571,-0.000471959,-0.000333684
-21.7523,0.000263342,0.00018707
-21.7474,-0.000283776,-0.000252139
-21.7425,0.00104005,7.61987e-05
-21.7376,-6.79069e-05,0.000825058
-21.7327,0.000480702,0.000479185
-21.7278,-0.000846384,0.000981849
-21.7229,0.000303218,-0.000544323
-21.718,-6.62677e-05,0.00154599
-21.7131,-0.000882167,-0.000359271
-21.7082,0.000168922,0.000588936
-21.7033,-0.000730267,-0.000148215
-21.6984,0.000135443,0.000122621
-21.6935,-7.46071e-05,-0.000275755
-21.6887,0.00066666,0.00088234
-21.6838,-0.00101272,0.000669914
-21.6789,-0.000471246,6.9087e-06
-21.674,-0.000659891,-0.00041257
-21.6691,0.000322514,-0.000308891
-21.6642,-9.33773e-06,-0.000136164
-21.6593,0.000638079,0.000238285
-21.6544,-0.000241524,0.000546409
-21.6495,-4.26299e-05,0.000350652
-21.6446,-0.000662272,2.71698e-05
-21.6397,0.000476434,-0.000225323
-21.6348,-0.000201785,0.000737829
-21.6299,-0.00033176,-5.93838e-05
-21.625,-0.000142512,0.000130817
-21.6202,-5.41599e-05,3.47307e-05
-21.6153,-0.000172814,0.0002843
-21.6104,-0.000341626,4.34853e-05
-21.6055,-0.00013507,-0.000101291
-21.6006,-0.0001066,0.00028803
-21.5957,-0.000783538,-6.009e-05
-21.5908,-0.000271171,-0.000762612
-21.5859,0.000304627,-0.000636166
-21.581,0.0005279,-9.78962e-05
-21.5761,0.000141631,-0.000158348
-21.5712,0.00068953,-0.000124142
-21.5663,0.000346598,0.000411208
-21.5614,0.000188955,0.000122898
-21.5565,0.000402697,0.000198816
-21.5517,0.000256524,0.000472624
-21.5468,0.000232077,0.000327635
-21.5419,3.17306e-05,0.00090145
-21.537,-0.000670694,4.62926e-05
-21.5321,0.000455661,7.12841e-05
-21.5272,-0.000321177,0.000774584
-21.5223,-0.000519074,1.32022e-05
-21.5174,-0.000235648,-1.86937e-05
-21.5125,-0.000385191,-0.000178117
-21.5076,0.000290939,-0.000508636
-21.5027,4.52491e-05,0.000589611
-21.4978,-0.000590319,-0.000846477
-21.4929,0.00110872,-0.000248513
-21.488,-2.04186e-06,0.000161964
-21.4832,0.000812176,-9.79451e-05
-21.4783,0.00033631,0.000427683
-21.4734,0.000621355,0.000607765
-21.4685,-0.000533864,0.000580528
-21.4636,0.000515568,-0.000272207
-21.4587,0.000296605,0.0010207
-21.4538,-0.000474934,0.000479317
-21.4489,-0.000279352,-8.09842e-05
-21.444,0.000349456,0.000259852
-21.4391,-0.000573787,0.000413669
-21.4342,6.09549e-05,-0.000508333
-21.4293,0.000326961,0.000336427
-21.4244,-0.000287878,-6.64749e-06
-21.4195,0.000601738,-0.000636124
-21.4147,0.00118088,0.000914479
-21.4098,-0.00033456,0.000835805
-21.4049,0.000217439,0.000609629
-21.4,-0.000759173,0.000505816
-21.3951,0.000190601,-3.61996e-05
-21.3902,-0.000478814,0.000445684
-21.3853,0.000156872,-0.000251159
-21.3804,-8.95599e-05,0.000265713
-21.3755,0.000634413,-3.87232e-05
-21.3706,-3.90908e-05,0.00118048
-21.3657,-0.000627815,0.000148248
-21.3608,-0.0001848,-0.000144822
-21.3559,0.000509788,0.000199507
-21.351,-0.000498225,0.000671738
-21.3462,0.000122777,-0.000258944
-21.3413,-0.000119291,0.000794513
-21.3364,-0.000423124,-2.09492e-05
-21.3315,-0.000438738,7.49001e-05
-21.3266,0.000278731,-0.000652992
-21.3217,0.000387469,0.000750285
-21.3168,-0.000385681,-4.39004e-05
-21.3119,0.000260213,0.000228573
-21.307,-0.000173074,0.000150757
-21.3021,0.000117825,0.000164221
-21.2972,-5.37193e-05,0.000228337
-21.2923,1.42309e-05,0.000168259
-21.2874,4.83389e-05,0.00041398
-21.2826,-0.000524164,0.000311404
-21.2777,-0.000146479,-0.000136029
-21.2728,-0.000472167,4.52699e-05
-21.2679,9.60664e-05,-0.000797835
-21.263,0.000567969,0.000105945
-21.2581,0.000257752,-1.51629e-05
-21.2532,0.000443117,0.000347262
-21.2483,0.000120107,0.000418537
-21.2434,-0.00017596,0.000357204
-21.2385,7.2543e-05,-9.2662e-05
-21.2336,0.000101476,0.000375488
-21.2287,5.24488e-05,-0.0001058
-21.2238,0.000395321,0.0005576
-21.2189,-0.000436683,0.000333405
-21.2141,-3.14889e-05,-1.18257e-05
-21.2092,-0.000273907,-8.18039e-05
-21.2043,0.000478648,-0.000603455
-21.1994,0.000934152,0.000480325
-21.1945,0.000101835,0.00070056
-21.1896,-1.5227e-05,0.000423894
-21.1847,1.92373e-05,0.000193991
-21.1798,0.000191726,0.000494844
-21.1749,-0.00027814,0.000214235
-21.17,0.000305986,0.000118316
-21.1651,3.81903e-05,0.000365848
-21.1602,0.000203707,0.000269311
-21.1553,0.000277456,0.000246313
-21.1504,0.000463001,0.00113984
-21.1456,-0.00110169,0.000541226
-21.1407,0.000469737,-0.000185946
-21.1358,-0.000336628,0.00103266
-21.1309,-0.000282031,3.63047e-05
-21.126,-0.000374768,0.000357212
-21.1211,0.000326145,2.76714e-05
-21.1162,-0.000566013,0.00121329
-21.1113,-0.000912951,-0.000464401
-21.1064,2.72633e-05,-0.000121175
-21.1015,0.000115572,6.37723e-06
-21.0966,-0.000370613,0.000464785
-21.0917,-0.00010214,-0.00049007
-21.0868,0.000215526,0.0006193
-21.0819,-0.000724374,6.37992e-05
-21.0771,-0.00036881,-0.000367891
-21.0722,0.000193921,-0.000768959
-21.0673,0.000692059,-1.3306e-05
-21.0624,0.000577502,9.03392e-05
-21.0575,0.000504009,0.000868982
-21.0526,-0.000376226,0.00061386
-21.0477,-0.000348214,0.000171856
-21.0428,-1.56431e-05,-0.000181737
-21.0379,0.000290638,0.000347994
-21.033,-0.000246864,0.000354162
-21.0281,-7.78216e-05,-6.47655e-05
-21.0232,0.000259273,0.000341697
-21.0183,-0.000459082,0.000352407
-21.0134,-2.49007e-05,-0.000133475
-21.0086,-0.000340204,3.98269e-05
-21.0037,0.000491322,-0.000567911
-20.9988,0.000409622,0.000745303
-20.9939,-0.000245266,7.37355e-05
-20.989,7.83863e-05,8.06169e-05
-20.9841,0.000349229,-9.67108e-05
-20.9792,0.000347333,0.00057087
-20.9743,8.79485e-05,0.000333459
-20.9694,-6.52828e-05,0.000589079
-20.9645,-4.64838e-05,0.000132194
-20.9596,-4.78379e-05,0.000587404
-20.9547,-0.000269575,0.000201652
-20.9498,-0.000342188,0.000245986
-20.945,4.96057e-05,-0.000192278
-20.9401,-0.000146045,0.000474351
-20.9352,-4.40747e-05,-0.000258592
-20.9303,-0.000148847,0.000566928
-20.9254,-0.000307101,-0.000666234
-20.9205,0.000493025,0.00027403
-20.9156,-0.000195711,-0.000377806
-20.9107,0.00088726,1.42613e-05
-20.9058,0.000527326,0.000339756
-20.9009,0.000527894,0.00110576
-20.896,-0.000620604,0.000655078
-20.8911,-0.000218364,0.000255165
-20.8862,-0.000195005,-8.84575e-05
-20.8813,0.000252181,0.000358888
-20.8765,-1.02554e-05,3.05341e-05
-20.8716,0.000425627,0.00100444
-20.8667,-0.00116583,0.000259611
-20.8618,0.000491364,-0.000237927
-20.8569,-0.000489084,0.000818317
-20.852,-0.00043833,-0.00036271
-20.8471,2.7733e-05,-0.000202079
-20.8422,0.000483053,-2.71142e-05
-20.8373,5.67772e-05,0.000528769
-20.8324,6.1908e-05,0.000172331
-20.8275,-0.000127594,0.000510773
-20.8226,-0.000199713,2.5901e-06
-20.8177,6.62036e-05,0.000317386
-20.8128,-0.000408686,0.000158996
-20.808,7.32716e-05,-0.00040298
-20.8031,0.000678765,0.000437738
-20.7982,-0.000486688,0.000707296
-20.7933,-1.7575e-05,-0.000190603
-20.7884,-0.00021372,0.000686084
-20.7835,-0.000474473,-0.000526282
-20.7786,0.000336455,0.000294263
-20.7737,-0.000493179,-0.000699966
-20.7688,0.00189331,9.50424e-05
-20.7639,-0.000649819,0.00189202
-20.759,-0.00059602,-0.000702954
-20.7541,0.000675944,0.000478948
-20.7492,-0.000394158,0.000921105
-20.7443,-0.00103529,-7.37667e-06
-20.7395,0.000214064,-0.000510543
-20.7346,-0.000368946,0.000456931
-20.7297,-6.404e-05,-0.000735582
-20.7248,0.000201968,0.000347598
-20.7199,-7.67576e-05,-0.000617742
-20.715,0.000867045,0.000296811
-20.7101,-4.31138e-05,0.000518965
-20.7052,-0.000238968,0.000344736
-20.7003,-0.000150703,-0.000247758
-20.6954,5.39029e-05,0.000261036
-20.6905,-0.000313399,-0.000455104
-20.6856,0.000561663,-0.000299623
-20.6807,0.000490185,-4.8166e-05
-20.6758,0.000509584,0.000326515
-20.671,0.000378973,0.000133784
-20.6661,0.000330787,0.000690209
-20.6612,-0.000148679,-3.15578e-05
-20.6563,0.000573468,0.000211522
-20.6514,0.000315796,0.000124758
-20.6465,0.000839533,0.000699863
-20.6416,1.41261e-05,0.000838709
-20.6367,0.000100039,0.000902672
-20.6318,-0.000746936,0.000469385
-20.6269,0.000147823,-0.000104213
-20.622,0.000140827,0.000473751
-20.6171,0.000142692,0.000603638
-20.6122,-0.000647294,0.000664127
-20.6073,-0.000280882,-0.000549601
-20.6025,0.000878096,0.00027485
-20.5976,-0.000169177,0.00102328
-20.5927,-0.000329704,0.000191938
-20.5878,-0.000144523,0.000324763
-20.5829,0.000102606,0.000105885
-20.578,-0.000173832,0.000810782
-20.5731,-0.000392412,-0.000258932
-20.5682,0.000469215,0.000741209
-20.5633,-0.00109423,0.000357189
-20.5584,0.000187448,-0.000576498
-20.5535,0.000325698,0.000510504
-20.5486,-0.000265756,0.000527987
-20.5437,-0.000329969,-1.33966e-05
-20.5389,0.000220613,0.000317002
-20.534,-0.000498293,0.000565648
-20.5291,-0.000685797,-6.13515e-07
-20.5242,-0.000356027,-0.000699899
-20.5193,0.000634271,-0.000114984
-20.5144,-0.000273965,0.000308009
-20.5095,-3.48745e-05,-0.000334711
-20.5046,6.6293e-05,-0.000322916
-20.4997,0.000700453,-0.000359528
-20.4948,0.000709345,0.000173952
-20.4899,0.000932693,0.000722633
-20.485,-0.000517991,0.00115201
-20.4801,-0.000242049,-0.000519272
-20.4752,0.000660639,0.000334766
-20.4704,0.000140457,0.00041995
-20.4655,8.35345e-05,0.000541306
-20.4606,-5.74526e-05,9.11307e-05
-20.4557,0.000368061,0.000390814
-20.4508,-3.07841e-06,0.000378605
-20.4459,0.000117442,0.000380178
-20.441,6.34573e-05,6.71819e-05
-20.4361,0.000640459,0.000524372
-20.4312,-6.55807e-05,0.000722054
-20.4263,9.16123e-05,0.00064105
-20.4214,-0.000591914,0.0002642
-20.4165,0.0007716,-0.000214157
-20.4116,0.000307981,0.00122973
-20.4067,5.82995e-05,0.000393579
-20.4019,0.000248956,0.00140427
-20.397,-0.000958219,0.000912745
-20.3921,-0.000551073,0.000273798
-20.3872,-0.00034987,0.000286925
-20.3823,-0.000300448,0.000340568
-20.3774,-0.0001986,0.000428825
-20.3725,-0.000767078,0.000538111
-20.3676,-0.000458767,-0.000459762
-20.3627,0.000184465,0.000265855
-20.3578,-0.000306877,0.000124297
-20.3529,3.69852e-05,0.000305151
-20.348,-0.000428902,9.98509e-05
-20.3431,0.000258056,-6.57693e-05
-20.3382,0.000157346,0.000475509
-20.3334,0.00010943,0.000546775
-20.3285,-0.00025963,0.000880607
-20.3236,-0.000787551,0.000477046
-20.3187,-0.000496934,-0.000167322
-20.3138,0.000167773,0.000213927
-20.3089,-0.000521572,0.000660329
-20.304,-0.000440565,-0.000107551
-20.2991,-0.000226244,0.000551508
-20.2942,-0.000982102,-8.9076e-05
-20.2893,-0.00012848,-0.000349049
-20.2844,-0.000221884,-0.000234482
-20.2795,0.000306636,6.19702e-05
-20.2746,-0.000422175,0.000113304
-20.2697,0.00037933,-1.96318e-05
-20.2649,-0.000583425,0.00046804
-20.26,0.000167505,-0.000477488
-20.2551,-4.31875e-05,0.000568614
-20.2502,1.57747e-05,-0.000104918
-20.2453,-0.000199086,0.000664374
-20.2404,-0.000273225,-5.37074e-05
-20.2355,-0.00056664,0.000434431
-20.2306,-7.84038e-05,-0.000774815
-20.2257,0.000244674,0.00100497
-20.2208,-0.00134546,-0.000207641
-20.2159,-7.32811e-05,-0.000674947
-20.211,-3.54265e-05,-0.000514036
-20.2061,0.000238863,-0.000330619
-20.2013,0.000443981,-0.00048397
-20.1964,0.000635346,0.000269271
-20.1915,0.0002821,7.97778e-05
-20.1866,0.000214601,0.00049204
-20.1817,0.000101786,-0.000248679
-20.1768,0.00070061,0.000572688
-20.1719,-3.9394e-05,0.000377244
-20.167,0.000286298,0.000656073
-20.1621,-0.000363835,0.00045348
-20.1572,-0.000187918,0.000277327
-20.1523,-6.94452e-05,-0.000108552
-20.1474,0.000258769,0.000398727
-20.1425,0.000166839,0.000218416
-20.1376,1.39527e-05,0.00113947
-20.1328,-0.000843943,0.000114566
-20.1279,-0.000130776,0.000439164
-20.123,-0.000809919,-0.000291422
-20.1181,0.000414253,0.000103073
-20.1132,-0.000722291,0.000255445
-20.1083,-8.79352e-05,-0.000275907
-20.1034,-0.000298594,-0.000171948
-20.0985,0.000124781,-0.000388657
-20.0936,0.000500829,-0.000332747
-20.0887,0.00057727,0.000720967
-20.0838,-0.000395441,4.40656e-05
-20.0789,0.000611365,0.000258462
-20.074,-0.00011093,0.000485089
-20.0691,3.57926e-05,0.000850712
-20.0643,-0.001211,4.36331e-05
-20.0594,0.000153483,-0.000369236
-20.0545,-0.000525632,-0.000370043
-20.0496,0.00124763,-0.000451851
-20.0447,-0.000138016,0.0012271
-20.0398,-0.000288269,-0.000437084
-20.0349,0.000452372,0.000355128
-20.03,-0.000290217,0.000462429
-20.0251,-0.00039871,-0.000251362
-20.0202,0.000467817,-0.000274346
-20.0153,0.000333401,0.000400494
-20.0104,-0.000168199,0.000466439
-20.0055,-0.000311429,-0.000463322
-20.0006,0.000930752,-4.57655e-05
-19.9958,0.000188535,0.000446575
-19.9909,0.000787766,0.000603357
-19.986,-0.000645446,0.00127562
-19.9811,-0.000622154,-0.000269647
-19.9762,1.91497e-05,-3.21311e-05
-19.9713,9.0407e-05,-5.72158e-06
-19.9664,0.000148392,7.00923e-06
-19.9615,0.000472147,0.000281409
-19.9566,2.8211e-05,0.000440364
-19.9517,0.000225687,0.000526485
-19.9468,-0.000538826,0.000298693
-19.9419,0.000592969,-0.000163202
-19.937,0.000115808,0.00110291
-19.9321,-0.000452745,0.000455457
-19.9273,-0.000552332,0.000245001
-19.9224,8.76535e-06,-0.000273332
-19.9175,0.00011384,0.000494138
-19.9126,-0.000287837,0.000188098
-19.9077,-0.000144766,0.000204356
-19.9028,-0.000356576,-3.18852e-05
-19.8979,0.000198889,-0.000478709
-19.893,0.000767828,0.000419169
-19.8881,-0.000175261,0.000543258
-19.8832,0.000384206,0.000272684
-19.8783,-0.000194964,0.000972739
-19.8734,-0.0006309,0.000315992
-19.8685,-0.000480067,-0.000244352
-19.8636,0.000504857,-0.000192109
-19.8588,9.76158e-05,0.000695787
-19.8539,-0.000248831,0.000316035
-19.849,-0.000261525,2.34315e-05
-19.8441,0.000471291,0.000177715
-19.8392,-0.000409803,0.000746304
-19.8343,7.48707e-05,-0.000232269
-19.8294,9.77834e-05,0.00101308
-19.8245,-0.000711032,0.000140493
-19.8196,2.41091e-05,0.000418159
-19.8147,-0.00100603,0.000345612
-19.8098,-0.000217192,-0.000777627
-19.8049,0.000389194,0.000416409
-19.8,-0.000775426,4.68368e-05
-19.7952,0.000364184,-0.00041043
-19.7903,-0.000171448,0.000479279
-19.7854,-3.3236e-05,-0.000396833
-19.7805,0.000414486,0.000365925
-19.7756,-0.000114384,0.000602101
-19.7707,-0.000862297,0.000360018
-19.7658,-0.000400371,-0.000821826
-19.7609,0.000399959,-0.000246815
-19.756,0.000404662,-9.59826e-05
-19.7511,0.00029041,0.000585209
-19.7462,-0.000252269,0.000109177
-19.7413,8.23347e-05,0.000356403
-19.7364,-0.000623906,-0.000115855
-19.7315,0.000521618,-0.000470909
-19.7267,0.000199637,0.000572688
-19.7218,-0.000281927,-5.61935e-05
-19.7169,0.000216218,-0.000320928
-19.712,0.000811557,0.000170122
-19.7071,-0.000142837,0.000876897
-19.7022,-4.3561e-05,-0.000446283
-19.6973,0.000715151,0.000751814
-19.6924,-0.000486951,0.000313439
-19.6875,0.000426414,0.000329661
-19.6826,-0.000494125,0.00053728
-19.6777,-5.5264e-05,-2.3493e-05
-19.6728,-4.38395e-05,6.30804e-05
-19.6679,0.000259542,0.000516045
-19.663,-0.000822175,0.000150637
-19.6582,0.000311565,-0.000473423
-19.6533,0.000170177,4.21797e-05
-19.6484,0.000825471,0.000433574
-19.6435,-0.000748519,0.000764405
-19.6386,0.000450426,-0.000499332
-19.6337,-9.3312e-06,0.0010696
-19.6288,-0.000296557,-8.64568e-05
-19.6239,-0.000242698,0.000354771
-19.619,0.000202334,-0.000296863
-19.6141,-0.000200506,0.00076619
-19.6092,-0.000167352,-0.000627712
-19.6043,0.000259527,0.000678667
-19.5994,-0.000683744,-0.000675192
-19.5945,0.00115544,-0.000543344
-19.5897,0.000994801,0.000691062
-19.5848,-6.79387e-06,0.00105166
-19.5799,5.56023e-05,7.05917e-07
-19.575,0.000465216,0.000982297
-19.5701,-0.00043269,0.000560988
-19.5652,-0.000187516,0.00044783
-19.5603,-8.64104e-05,1.66083e-05
-19.5554,8.00319e-05,0.00068445
-19.5505,-0.000266573,-6.99133e-05
-19.5456,0.000535718,0.000608543
-19.5407,-0.000128658,0.000652211
-19.5358,-0.000179727,0.00123819
-19.5309,-0.00140403,0.000264038
-19.526,-0.000238284,-0.000144549
-19.5212,-0.000698363,-2.35946e-05
-19.5163,-0.000132335,-0.000282932
-19.5114,-0.000342692,-0.000354736
-19.5065,0.000475982,-0.000393342
-19.5016,0.000256576,5.96264e-05
-19.4967,0.000628475,0.000163983
-19.4918,0.000172067,0.000747499
-19.4869,-0.000263466,0.000504307
-19.482,-0.000282677,-5.27221e-05
-19.4771,0.000342206,9.17137e-05
-19.4722,0.000182984,0.000341966
-19.4673,0.000198714,0.000663217
-19.4624,-0.000225253,0.000488191
-19.4576,-0.000241125,0.000846137
-19.4527,-0.00107748,-0.000225841
-19.4478,0.000627596,-0.000164447
-19.4429,-0.00058143,0.000453256
-19.438,0.000591338,-0.000348997
-19.4331,-0.000174777,0.00123494
-19.4282,-0.000697795,-0.000236767
-19.4233,3.33556e-05,-5.7513e-05
-19.4184,0.000339803,-0.000103062
-19.4135,0.000316977,0.000757376
-19.4086,-0.000290843,0.000612109
-19.4037,-0.00061588,0.000367304
-19.3988,-0.00010497,-0.000294243
-19.3939,6.9782e-05,0.000534887
-19.3891,-0.000350428,4.45294e-05
-19.3842,0.000101263,0.000332573
-19.3793,-0.000270181,0.00034904
-19.3744,-0.000284963,0.000513555
-19.3695,-0.000875333,0.000119688
-19.3646,-0.000421162,-0.000510009
-19.3597,0.000178355,-0.000444405
-19.3548,0.000428058,0.000191784
-19.3499,-8.72345e-05,0.000448238
-19.345,-0.000363381,0.000262433
-19.3401,-0.000412493,-0.000284283
-19.3352,0.000463917,-0.000207657
-19.3303,-4.72164e-05,0.000784409
-19.3254,-0.000910211,-0.000180002
-19.3206,0.000187349,-0.000802242
-19.3157,0.000570945,-5.8009e-05
-19.3108,0.000486834,0.000114571
-19.3059,0.000508597,0.00062273
-19.301,-0.00030076,0.00071466
-19.2961,-0.000115665,-6.01473e-05
-19.2912,0.000222898,0.000706874
-19.2863,-0.000910507,0.000280171
-19.2814,0.000122612,-0.000607477
-19.2765,0.000565248,0.000397976
-19.2716,-3.30028e-05,0.000883961
-19.2667,-0.000854262,0.000423129
-19.2618,-0.000312643,-0.000169791
-19.2569,-0.000501525,-2.72221e-05
-19.2521,0.000216011,-0.000415274
-19.2472,-0.000267464,0.000568063
-19.2423,-0.000438159,-0.000687553
-19.2374,0.000297564,-4.12754e-05
-19.2325,-2.95857e-05,-0.000519462
-19.2276,0.000904413,9.69699e-05
-19.2227,3.64231e-05,0.000579412
-19.2178,-0.000169605,0.000262994
-19.2129,-0.000190329,-0.000226227
-19.208,0.000370055,-2.29627e-05
-19.2031,9.13936e-05,2.97389e-05
-19.1982,0.000388472,0.000126718
-19.1933,0.000130934,6.58083e-05
-19.1884,0.000704985,0.000235526
-19.1836,0.000158964,0.000783267
-19.1787,-2.79287e-05,0.000466379
-19.1738,-9.08433e-05,0.00041819
-19.1689,2.46956e-05,0.000471675
-19.164,-0.000425483,0.000554083
-19.1591,-0.000480078,5.70065e-05
-19.1542,-0.000313464,-0.000240237
-19.1493,0.000280851,-0.000297204
-19.1444,0.000256389,0.000170999
-19.1395,0.000369354,-2.20973e-06
-19.1346,0.000527856,0.000692244
-19.1297,-0.000354722,0.000616231
-19.1248,0.000131984,-3.98121e-06
-19.12,0.000223509,0.000825783
-19.1151,-0.000501979,0.000470519
-19.1102,-0.000133377,0.000313659
-19.1053,-0.000465069,0.000270786
-19.1004,-2.59456e-05,1.35943e-05
-19.0955,-0.000221531,0.000442594
-19.0906,-0.000292159,-2.92872e-05
-19.0857,2.67055e-05,0.000269728
-19.0808,-0.000363691,0.00017341
-19.0759,0.000111536,0.000103696
-19.071,-0.000381952,0.000641333
-19.0661,-0.000552304,-8.38585e-05
-19.0612,-0.000367848,0.000233303
-19.0563,-0.000773091,-0.000435225
-19.0515,7.71177e-05,-0.000514775
-19.0466,6.05155e-06,-0.000267071
-19.0417,9.01429e-05,-4.04394e-05
-19.0368,-0.000334142,-0.000559977
-19.0319,0.000898552,-0.00060013
-19.027,0.000440403,0.000348583
-19.0221,0.000470623,6.70494e-06
-19.0172,0.000285201,0.000511003
-19.0123,7.62223e-05,0.00021455
-19.0074,-7.13284e-05,0.000198367
-19.0025,0.000291313,-0.000258042
-18.9976,0.000578209,0.000356757
-18.9927,0.000291992,0.000455492
-18.9878,6.77195e-05,0.000559796
-18.983,0.000121455,0.000284878
-18.9781,2.47899e-05,0.000711812
-18.9732,-0.000295873,0.000249155
-18.9683,-6.08718e-05,0.000394442
-18.9634,-0.000259932,4.92367e-05
-18.9585,0.000205165,0.000420631
-18.9536,-0.000651987,0.000338088
-18.9487,-0.000121065,-0.000319014
-18.9438,5.6183e-05,-0.000168917
-18.9389,0.000765256,0.000118115
-18.934,-0.000279164,0.00107606
-18.9291,-0.000413711,-0.000389
-18.9242,0.000362595,0.000566253
-18.9193,-0.000856692,9.09472e-05
-18.9145,0.000198221,-0.000528608
-18.9096,0.000241545,8.89155e-05
-18.9047,0.00022918,5.37252e-05
-18.8998,0.000275688,0.000112518
-18.8949,0.000348477,0.000427102
-18.89,-2.74497e-05,0.000296227
-18.8851,0.000427107,0.00043951
-18.8802,-0.000241729,0.00091023
-18.8753,-0.000678709,0.000404775
-18.8704,-0.000661427,-0.000373221
-18.8655,0.00043674,-0.000345234
-18.8606,5.19635e-05,0.000384743
-18.8557,2.08941e-05,0.000152079
-18.8508,-0.000371586,0.000145366
-18.846,0.000278004,-0.000323837
-18.8411,-2.93416e-05,0.00050811
-18.8362,-0.000112258,-0.000389557
-18.8313,0.000348956,0.000284137
-18.8264,-0.000245672,-0.000183204
-18.8215,0.000669143,-0.00024459
-18.8166,0.000429469,0.000456616
-18.8117,0.000308745,8.62979e-05
-18.8068,0.000818953,0.000820601
-18.8019,-0.000746281,0.00101751
-18.797,8.7804e-05,-0.000559453
-18.7921,0.000606593,0.00119665
-18.7872,-0.00103616,0.000603088
-18.7824,-0.000311309,-0.000247636
-18.7775,9.58032e-05,1.49498e-08
-18.7726,-6.55794e-05,0.000455666
-18.7677,-0.000432026,1.48152e-05
-18.7628,-0.000100735,-1.59444e-05
-18.7579,-0.000199501,-0.000123998
-18.753,-0.000114418,-0.000174048
-18.7481,0.000139834,-0.000601639
-18.7432,0.000738648,-7.65133e-05
-18.7383,0.000455158,0.000135309
-18.7334,0.000504561,0.000358049
-18.7285,0.000342112,0.000332375
-18.7236,0.000166231,0.00066272
-18.7187,-3.58279e-05,-3.90817e-05
-18.7139,0.000588475,0.000593479
-18.709,-0.000278074,0.00023006
-18.7041,0.000882455,0.000369556
-18.6992,-0.000331946,0.00124023
-18.6943,-0.000456616,9.72078e-05
-18.6894,-6.67291e-05,0.000204547
-18.6845,-7.96127e-05,0.000247062
-18.6796,-0.000172484,6.2072e-05
-18.6747,0.000118438,9.2155e-05
-18.6698,8.2542e-06,-0.000135005
-18.6649,0.00081471,0.000161127
-18.66,0.000212102,0.00067806
-18.6551,0.000475175,0.000712671
-18.6502,-0.000609632,0.00105074
-18.6454,-0.000259813,-0.000208284
-18.6405,0.000296815,0.000451
-18.6356,0.00017772,0.000665374
-18.6307,-0.000462066,0.00117502
-18.6258,-0.00113664,0.000262306
-18.6209,-0.000591665,-0.000435497
-18.616,0.000127612,-0.000211226
-18.6111,-0.000229265,8.79229e-05
-18.6062,0.000223704,-0.000223729
-18.6013,1.80223e-05,0.000389827
-18.5964,6.20966e-05,1.9698e-05
-18.5915,-0.000195843,0.000472078
-18.5866,-0.000164416,-0.000172321
-18.5817,-0.000300575,0.000252369
-18.5769,7.5058e-06,-0.000915903
-18.572,0.000909872,0.000500129
-18.5671,-0.000488555,1.50399e-05
-18.5622,0.000846188,-0.000288888
-18.5573,0.000465824,0.000595333
-18.5524,0.000371464,0.00065436
-18.5475,-0.000367716,0.00063015
-18.5426,0.000159992,-4.77984e-05
-18.5377,0.00019794,0.000839664
-18.5328,-0.000663878,0.000405073
-18.5279,-0.000252975,-0.000267595
-18.523,0.000289227,-0.000194149
-18.5181,0.000506576,0.000401848
-18.5132,-0.000299483,0.000496953
-18.5084,0.000190041,-0.000326007
-18.5035,0.000479573,0.000627841
-18.4986,-0.000117798,0.000101375
-18.4937,0.00077592,0.000511434
-18.4888,-0.000320765,0.00111667
-18.4839,-0.000615495,0.000163938
-18.479,-8.11566e-05,-0.000311245
-18.4741,0.000691789,0.000152246
-18.4692,0.000251135,0.000734688
-18.4643,0.000171555,0.000854323
-18.4594,-0.000703867,0.000909735
-18.4545,-0.000472333,8.69728e-05
-18.4496,-0.000682504,0.000303488
-18.4447,-0.000213318,-0.000798296
-18.4399,0.000614045,0.00036085
-18.435,-0.000410752,0.000137414
-18.4301,0.000440623,-8.91201e-05
-18.4252,4.97372e-05,0.000548366
-18.4203,-0.000180668,-7.29131e-06
-18.4154,0.000595225,-0.000131791
-18.4105,0.000602399,0.00106548
-18.4056,-0.000516917,0.000720514
-18.4007,-0.00016897,0.000522677
-18.3958,-0.00076859,7.77714e-05
-18.3909,0.000477009,-9.71392e-05
-18.386,-0.000488938,0.000828815
-18.3811,-0.00028462,-0.000456512
-18.3763,0.000164318,0.000217547
-18.3714,0.000151217,-2.56043e-05
-18.3665,8.66782e-05,0.000543041
-18.3616,-1.55255e-05,4.98161e-06
-18.3567,0.000159232,0.000730109
-18.3518,-0.000709849,0.000176063
-18.3469,-8.56865e-05,-0.000426246
-18.342,0.00068053,-0.000232093
-18.3371,0.000502478,0.000877082
-18.3322,-0.000210856,0.000290484
-18.3273,0.000388112,0.000595797
-18.3224,-0.00049269,0.000664836
-18.3175,-0.000170372,-7.17312e-06
-18.3126,0.000184877,0.000383351
-18.3078,-0.000456685,0.000591552
-18.3029,-0.000218482,-0.000407268
-18.298,0.00044798,0.000453369
-18.2931,-0.000217443,0.000136891
-18.2882,0.000466027,0.000649283
-18.2833,-0.000835399,0.000475093
-18.2784,0.00024684,-0.000244654
-18.2735,5.45907e-06,0.000580949
-18.2686,-4.48277e-05,0.000467328
-18.2637,-0.000833128,0.000288311
-18.2588,0.000269658,-0.000699343
-18.2539,0.000515184,0.000728935
-18.249,-0.000277712,0.000516954
-18.2441,-0.000433563,0.000113081
-18.2393,0.000587004,-0.000257875
-18.2344,0.000300356,0.00151555
-18.2295,-0.00133153,0.000509249
-18.2246,-0.00053226,-0.000441958
-18.2197,0.000124129,-0.00031284
-18.2148,2.01017e-05,0.000356729
-18.2099,-0.000211294,-0.000286769
-18.205,0.000426179,0.000328742
-18.2001,-0.000548456,7.03035e-05
-18.1952,0.000550636,-0.000413373
-18.1903,0.000335964,0.000622916
-18.1854,4.34677e-05,8.54154e-05
-18.1805,0.000674753,0.000591236
-18.1756,-0.000444883,0.00128529
-18.1708,-0.000894618,-0.000139471
-18.1659,0.000224538,6.93472e-05
-18.161,-0.000487667,0.00034982
-18.1561,-0.000121877,-0.000204172
-18.1512,-6.05995e-05,0.000138679
-18.1463,-0.000169275,-1.59071e-05
-18.1414,-8.42341e-05,-0.00026592
-18.1365,0.00041974,-0.000208421
-18.1316,0.000393038,0.000111393
-18.1267,0.000470745,0.000247456
-18.1218,0.000434322,0.000353271
-18.1169,0.00046554,0.00103617
-18.112,-0.000964763,0.000707269
-18.1071,1.26842e-05,-0.00056654
-18.1023,0.000362164,0.000402096
-18.0974,0.000208976,8.21958e-05
-18.0925,0.00057576,0.000624367
-18.0876,-1.07397e-05,0.00098236
-18.0827,-0.000484619,0.000503829
-18.0778,7.93646e-05,0.000354274
-18.0729,-0.000560371,0.000734244
-18.068,-0.000304828,-0.000260851
-18.0631,0.000275955,0.000344751
-18.0582,5.21509e-05,0.000661967
-18.0533,-0.000773041,0.000836356
-18.0484,-0.000675278,-0.000456803
-18.0435,0.000183512,8.09582e-05
-18.0387,-0.000252399,0.000187568
-18.0338,-0.000273099,2.04449e-05
-18.0289,0.00012221,-0.000261729
-18.024,5.90492e-05,0.000463057
-18.0191,-0.000336695,-0.000379962
-18.0142,0.00071914,-0.000141633
-18.0093,0.000463478,0.0004203
-18.0044,0.000332443,0.000626612
-17.9995,0.000105574,0.000588377
-17.9946,5.17768e-05,0.00084547
-17.9897,-0.000442931,0.000877999
-17.9848,-0.00125439,0.00040033
-17.9799,-0.00031174,-0.00138003
-17.975,0.00137757,0.000316711
-17.9702,-0.000109721,0.000798805
-17.9653,0.000247095,0.000771736
-17.9604,-0.000957222,0.000683021
-17.9555,-9.0629e-05,-0.000223574
-17.9506,-0.000432286,0.000402978
-17.9457,0.000117724,-0.000687638
-17.9408,0.00100752,0.000836473
-17.9359,-0.000604479,0.00120484
-17.931,-0.00067364,0.000176042
-17.9261,-0.00037127,0.000193887
-17.9212,-0.00045501,3.31448e-05
-17.9163,-0.000239113,-0.000196991
-17.9114,0.000169854,-0.000125078
-17.9065,0.000135221,0.000273512
-17.9017,4.24915e-05,0.000207043
-17.8968,-1.1721e-05,0.000375406
-17.8919,-2.12929e-05,0.000170761
-17.887,8.64361e-05,0.000455115
-17.8821,-5.22256e-05,0.000420174
-17.8772,-0.000218647,0.00069103
-17.8723,-0.000411813,0.000274077
-17.8674,-0.000341641,0.000650429
-17.8625,-0.000866644,6.18745e-05
-17.8576,-0.000421036,0.000172465
-17.8527,-0.0011065,-0.000572191
-17.8478,0.000693628,-0.00103485
-17.8429,0.000595635,0.000691327
-17.838,-0.000344259,0.000494748
-17.8332,-0.000475067,0.000178727
-17.8283,-0.000542089,-0.000210725
-17.8234,-1.09286e-05,-0.0007183
-17.8185,0.000786041,2.75315e-05
-17.8136,-5.79421e-05,0.000613071
-17.8087,-0.000157512,6.21246e-05
-17.8038,-8.07367e-05,0.00027465
-17.7989,-0.000399213,0.000115019
-17.794,-0.000329659,-0.000236932
-17.7891,-0.000103826,-0.000461328
-17.7842,0.000537231,-0.000477341
-17.7793,0.000554203,0.000480238
-17.7744,-0.000322966,0.000222406
-17.7695,1.19982e-06,-0.000344244
-17.7647,0.000523938,-0.000290945
-17.7598,0.000528778,0.000369445
-17.7549,0.000183985,3.28735e-05
-17.75,0.000613103,0.000378159
-17.7451,0.000196211,0.000380247
-17.7402,0.000336519,0.000786178
-17.7353,-0.000623767,0.000298314
-17.7304,0.00031539,-0.000102187
-17.7255,-7.87505e-05,0.000135617
-17.7206,0.000855526,-0.0001226
-17.7157,0.000471593,0.00111744
-17.7108,-0.00023213,0.000716699
-17.7059,-0.000309385,0.000370001
-17.701,2.69613e-05,0.000304503
-17.6962,-0.000398285,0.000286857
-17.6913,0.000329002,-0.000199773
-17.6864,0.000302242,0.000858046
-17.6815,-0.000558206,0.000465602
-17.6766,-0.000166973,-0.000155446
-17.6717,0.000170013,0.000233732
-17.6668,-7.58639e-05,-3.25436e-05
-17.6619,0.000517267,0.0003592
-17.657,-0.000366235,0.000198889
-17.6521,0.00090794,-0.000121677
-17.6472,0.000305137,0.00107696
-17.6423,0.000191393,0.000805321
-17.6374,-0.000927132,0.00093221
-17.6326,3.49748e-05,-0.000570216
-17.6277,0.000182832,0.000991017
-17.6228,-0.000325155,-0.00012484
-17.6179,0.000467853,0.000681626
-17.613,-0.000324224,0.000557663
-17.6081,-0.000124203,0.000453249
-17.6032,-3.46117e-05,0.000377799
-17.5983,-0.000347511,0.000721634
-17.5934,-0.000160416,2.63354e-05
-17.5885,-0.000163752,0.000898954
-17.5836,-0.000580927,5.78586e-06
-17.5787,-0.00024179,0.000536064
-17.5738,-0.000408493,-0.000555182
-17.5689,0.000867962,0.000787613
-17.5641,-0.00104774,0.000722433
-17.5592,-5.89637e-05,-0.000147386
-17.5543,-0.000192769,0.000365624
-17.5494,-6.12003e-05,0.000375803
-17.5445,-0.000340679,0.000403269
-17.5396,-0.000415357,0.000588238
-17.5347,-0.000769447,-0.000322878
-17.5298,0.000616881,0.00032079
-17.5249,-0.000915908,0.00094094
-17.52,-0.000805058,0.000112538
-17.5151,-0.00132019,-0.000516835
-17.5102,0.000531809,-0.000986633
-17.5053,-0.000317237,0.000637391
-17.5004,-0.000590413,-0.000858069
-17.4956,0.000289422,-0.000716645
-17.4907,0.0010594,-0.000284612
-17.4858,0.000157215,0.000886445
-17.4809,4.37068e-05,-0.00023474
-17.476,0.000235184,0.00070916
-17.4711,-0.000320279,-0.000156733
-17.4662,0.0004553,0.000369645
-17.4613,-0.000295249,0.000386208
-17.4564,-0.000212361,0.000308141
-17.4515,-0.000584255,-0.000301828
-17.4466,0.00051053,-0.000438804
-17.4417,0.000189965,0.000360829
-17.4368,0.000155485,-0.00024684
-17.4319,0.00078967,0.000484819
-17.4271,-0.000363105,0.000765107
-17.4222,-7.5885e-05,-0.000149036
-17.4173,0.000101067,0.000253416
-17.4124,0.00025788,1.82075e-05
-17.4075,0.000132246,0.000531905
-17.4026,0.000223183,7.3229e-06
-17.3977,0.000356176,0.000945055
-17.3928,-0.00043644,0.000402593
-17.3879,-4.01168e-05,0.000573471
-17.383,-0.000718991,0.000123218
-17.3781,9.16618e-05,-0.000247642
-17.3732,0.000217432,7.05012e-05
-17.3683,0.000366276,0.000416546
-17.3634,1.25735e-05,0.000465839
-17.3586,0.000124892,0.000619746
-17.3537,-0.000267464,0.000630589
-17.3488,-0.000452727,0.000780811
-17.3439,-0.00122342,-0.000124463
-17.339,0.000203633,-0.000818152
-17.3341,0.000419795,0.000288432
-17.3292,3.39177e-05,0.000262392
-17.3243,0.000112114,0.00029387
-17.3194,-5.24659e-05,0.00047795
-17.3145,-0.000150631,0.000278541
-17.3096,-0.000329499,0.000554104
-17.3047,-0.000655532,-0.000447619
-17.2998,0.000708141,-0.000204285
-17.295,0.000142846,0.000426521
-17.2901,0.00047515,0.000550176
-17.2852,-0.000537683,0.000882329
-17.2803,-0.000282997,6.00131e-05
-17.2754,-0.00035367,0.000160649
-17.2705,0.000472952,3.9104e-05
-17.2656,-0.000401379,0.00118853
-17.2607,-0.000742753,-0.000183109
-17.2558,-0.000231669,0.000198745
-17.2509,-0.000220911,-0.000330985
-17.246,0.000153497,0.000460639
-17.2411,-0.000532164,-9.95806e-05
-17.2362,0.000400246,0.000136549
-17.2313,-0.000475273,0.000644541
-17.2265,-0.000634154,-0.000155557
-17.2216,-3.1073e-05,-0.000398463
-17.2167,0.000128123,0.000326395
-17.2118,-0.000687247,-0.000112637
-17.2069,0.000260959,-0.000568616
-17.202,0.000165829,0.000137755
-17.1971,0.000163055,-9.54208e-05
-17.1922,-8.92049e-06,0.000180661
-17.1873,0.000194269,-0.000410009
-17.1824,0.000673274,0.000400841
-17.1775,-7.04619e-05,0.000348485
-17.1726,0.000327558,0.00033976
-17.1677,-0.000282555,0.000656005
-17.1628,-0.000598243,6.02723e-05
-17.158,-0.000189041,-0.000775519
-17.1531,0.00110699,2.85189e-05
-17.1482,-0.000487384,0.000697227
-17.1433,0.000410393,-0.00103463
-17.1384,0.00120933,0.00080099
-17.1335,0.000150623,0.000579963
-17.1286,0.00034543,0.00111202
-17.1237,-0.000880474,0.000487343
-17.1188,0.000193117,-0.000258401
-17.1139,0.000488415,0.000555177
-17.109,-0.000127357,0.00106351
-17.1041,-0.000726308,0.000224984
-17.0992,-6.35133e-06,0.000270935
-17.0943,-0.000614383,4.38174e-05
-17.0895,0.00042085,-7.75274e-05
-17.0846,-0.000343584,0.000438081
-17.0797,0.000483122,-0.000121062
-17.0748,-0.000315139,0.00118784
-17.0699,-0.000753454,-0.000549541
-17.065,0.000538468,-0.000102871
-17.0601,0.000306242,0.000240423
-17.0552,0.000200596,0.00065394
-17.0503,-8.19829e-05,0.000253177
-17.0454,0.000227275,0.0007101
-17.0405,-0.000427516,0.000526559
-17.0356,-0.000145774,0.000495139
-17.0307,-0.000664249,0.000310617
-17.0259,-0.000173655,-0.000118542
-17.021,3.15683e-05,0.000116546
-17.0161,0.000117232,0.000497814
-17.0112,-0.000501072,0.000483845
-17.0063,-0.00025692,0.000118782
-17.0014,-0.000415828,0.000200266
-16.9965,-1.10111e-05,-6.13822e-05
-16.9916,-0.000195444,0.000615545
-16.9867,-0.000621006,9.56682e-05
-16.9818,-0.000511806,0.00022128
-16.9769,-0.000960208,-0.000679113
-16.972,0.000713397,-0.000823034
-16.9671,8.83502e-05,0.000655568
-16.9622,-0.000352382,-0.000449416
-16.9574,0.000326221,6.08574e-05
-16.9525,-0.000260323,-0.000255832
-16.9476,0.00059914,-0.000250022
-16.9427,0.000241473,0.000191103
-16.9378,0.000614213,0.000257668
-16.9329,-0.000304175,0.000975882
-16.928,-0.000709541,-0.000507531
-16.9231,0.00066549,-0.000433699
-16.9182,0.000483486,0.000277208
-16.9133,0.000523265,0.00051587
-16.9084,-0.000395355,0.000834517
-16.9035,-0.000307488,-0.000499871
-16.8986,0.000808827,0.000288408
-16.8937,-0.000383753,0.000701809
-16.8889,-9.91445e-05,-0.000442906
-16.884,0.000781413,0.000215874
-16.8791,0.000106482,0.000740459
-16.8742,1.66582e-05,0.000394093
-16.8693,-0.000165624,0.000557277
-16.8644,-0.000151577,0.0001299
-16.8595,-0.000125418,0.000406526
-16.8546,-0.000179667,-0.000196131
-16.8497,0.000526717,0.000274288
-16.8448,-2.09289e-05,0.000626704
-16.8399,-0.000384816,0.000468621
-16.835,-0.000197347,-0.000471261
-16.8301,0.00105642,0.000469429
-16.8252,-0.000407758,0.00131185
-16.8204,-0.000863267,0.000306938
-16.8155,-0.000612725,-0.000501672
-16.8106,0.000706803,-0.000299572
-16.8057,0.000174913,0.000770862
-16.8008,-0.000261483,0.000551768
-16.7959,-0.000854894,-1.76424e-05
-16.791,0.000628048,-0.000691482
-16.7861,0.000278702,0.00116549
-16.7812,-0.000640272,-0.000133976
-16.7763,0.000440683,0.000359719
-16.7714,-0.000703724,0.000433418
-16.7665,-6.4129e-05,-0.000441424
-16.7616,0.000269286,0.000297374
-16.7567,-0.000389566,0.000124752
-16.7519,0.000424944,-0.000411425
-16.747,0.000426926,0.00103959
-16.7421,-0.00103686,0.000105684
-16.7372,0.000469332,-0.000521212
-16.7323,0.000138855,0.000606731
-16.7274,-0.000180691,0.000121876
-16.7225,-0.000304909,2.41865e-06
-16.7176,0.000352159,-0.000600038
-16.7127,0.000848,0.000388218
-16.7078,0.000298891,0.000757005
-16.7029,-0.000473744,0.000724736
-16.698,-0.00022978,-0.000545721
-16.6931,0.000927625,0.000192059
-16.6882,0.000413704,0.00086054
-16.6834,-0.000129526,0.0011783
-16.6785,-0.000849192,0.000512592
-16.6736,-0.000585763,5.24089e-05
-16.6687,-0.00019503,-0.000502274
-16.6638,0.000526036,0.000286223
-16.6589,-0.000225487,0.000274748
-16.654,0.000237103,0.000454177
-16.6491,-0.000761753,0.000278244
-16.6442,0.000289771,-0.000404146
-16.6393,-2.37204e-05,0.00059484
-16.6344,-0.000240205,-0.000333491
-16.6295,0.000793813,4.52055e-05
-16.6246,0.000156936,0.0011079
-16.6198,-0.000673249,0.000224335
-16.6149,9.91451e-05,0.000271759
-16.61,-0.000883412,-1.30773e-05
-16.6051,0.000902711,-0.000891526
-16.6002,0.000583278,0.00148959
-16.5953,-0.000903058,1.8666e-05
-16.5904,0.000719625,0.000126409
-16.5855,-0.000482278,0.000984058
-16.5806,-0.000380711,-0.000210515
-16.5757,-3.42378e-05,0.000329271
-16.5708,-0.000245608,-8.60981e-05
-16.5659,1.39573e-05,0.000254456
-16.561,-0.00025082,-0.000273823
-16.5561,0.000525213,0.000123584
-16.5513,-9.6203e-05,0.000220341
-16.5464,0.000392468,0.000215983
-16.5415,-6.50639e-05,0.000446299
-16.5366,5.40461e-05,0.000455087
-16.5317,-0.00054821,0.000226118
-16.5268,-2.18076e-05,-0.00014619
-16.5219,-6.75076e-05,-0.00030537
-16.517,0.000923018,5.24415e-05
-16.5121,3.58245e-06,0.000626475
-16.5072,0.000560941,0.000293754
-16.5023,-0.000326726,0.000994918
-16.4974,-0.000159791,-5.53751e-05
-16.4925,-5.23228e-05,0.000419249
-16.4876,6.22175e-05,7.35707e-05
-16.4828,-5.25396e-05,0.000325019
-16.4779,0.000385661,0.000118744
-16.473,-6.56278e-05,0.000694417
-16.4681,0.000321546,0.000176605
-16.4632,-0.000201995,0.00117311
-16.4583,-0.000453698,-2.57527e-05
-16.4534,6.86083e-05,0.00069194
-16.4485,-0.000608138,0.000372665
-16.4436,-0.000512394,0.000126833
-16.4387,-9.7718e-05,-0.000266369
-16.4338,-0.000163465,0.000363029
-16.4289,-0.000149932,-0.000494252
-16.424,0.000489388,0.000367165
-16.4191,-0.00019336,1.28963e-05
-16.4143,0.000606229,0.000287239
-16.4094,-0.000141635,0.00065563
-16.4045,2.65458e-05,0.000275901
-16.3996,-0.000164016,0.000654605
-16.3947,-0.00055112,5.26348e-05
-16.3898,0.00032057,-6.76797e-05
-16.3849,-0.000130871,0.000639968
-16.38,-6.84502e-05,-9.03418e-05
-16.3751,0.00015023,0.000658671
-16.3702,-0.000402458,0.000103681
-16.3653,0.000337148,0.00038342
-16.3604,-0.00056183,0.000697987
-16.3555,-0.000332882,-0.000262881
-16.3506,0.000205557,0.000404094
-16.3458,-0.000512227,7.77233e-05
-16.3409,0.000606335,0.000197065
-16.336,-0.000799709,0.00101753
-16.3311,-0.000269992,-0.000509692
-16.3262,-0.000356253,0.000723685
-16.3213,-0.000558016,-0.00083703
-16.3164,0.000437782,0.000328222
-16.3115,-0.000529337,-0.000366983
-16.3066,0.000716153,-9.90732e-05
-16.3017,0.000120969,0.000420976
-16.2968,-0.000171132,0.000527027
-16.2919,-0.000367347,-0.000438672
-16.287,0.000670287,0.000226748
-16.2822,-0.000290721,0.000251066
-16.2773,0.000221968,0.000119452
-16.2724,-0.000123944,-0.000251404
-16.2675,0.00125292,0.000259602
-16.2626,-0.000294445,0.0013211
-16.2577,-0.000207236,-7.9769e-05
-16.2528,0.00026306,0.000709482
-16.2479,-0.000571309,0.000550292
-16.243,-0.000181574,-0.000119046
-16.2381,9.57874e-05,0.000407872
-16.2332,-9.96381e-05,6.64649e-05
-16.2283,0.00037902,0.000909875
-16.2234,-0.00125666,0.000610579
-16.2185,-0.000137867,-0.00051595
-16.2137,-0.000309129,0.000327587
-16.2088,-2.1664e-05,-0.000425339
-16.2039,9.09475e-05,0.000595696
-16.199,-0.000688844,-0.000187032
-16.1941,0.000196074,-0.000348807
-16.1892,0.000125838,-0.000167286
-16.1843,0.000686871,-2.90366e-06
-16.1794,0.000318024,0.000669089
-16.1745,0.000129801,0.000618333
-16.1696,-0.00055175,0.000821425
-16.1647,-0.000516778,-0.000195003
-16.1598,-0.000186793,0.000376288
-16.1549,-0.000886497,-0.000412147
-16.15,0.000188801,-0.000867533
-16.1452,0.00068903,-0.000566545
-16.1403,0.00110312,0.000285526
-16.1354,0.000390891,0.000591584
-16.1305,0.000388048,0.000700459
-16.1256,-0.000241204,0.000445509
-16.1207,0.000356638,0.00027762
-16.1158,-0.000193269,0.000472898
-16.1109,0.000499045,-5.72731e-05
-16.106,0.000437595,0.0010405
-16.1011,-0.000319527,0.000562409
-16.0962,0.000339159,0.000369044
-16.0913,8.27293e-05,0.00127761
-16.0864,-0.000841487,0.000693737
-16.0815,-0.000282159,0.000403651
-16.0767,-0.000706927,0.000386084
-16.0718,-6.24879e-05,0.000136537
-16.0669,-0.000703326,0.000705167
-16.062,-0.000586312,-0.000351562
-16.0571,-9.38173e-05,0.000252004
-16.0522,-0.000644833,-5.0496e-05
-16.0473,-8.01956e-05,-0.000411366
-16.0424,0.000179212,-1.6979e-05
-16.0375,6.47952e-06,-7.50678e-05
-16.0326,0.000695085,-2.29517e-05
-16.0277,0.000432197,0.00113849
-16.0228,-0.000668063,0.000880327
-16.0179,-0.000575746,0.000205416
-16.013,-0.000424066,0.000353682
-16.0082,-0.000876006,-0.000113823
-16.0033,0.000220386,-0.000583128
-15.9984,0.000151671,0.000785868
-15.9935,-0.000969261,0.000125885
-15.9886,-0.000226877,-0.000540066
-15.9837,8.13542e-05,-8.5106e-05
-15.9788,-0.000183517,-0.000117647
-15.9739,0.000243861,-0.000349618
-15.969,0.000357259,0.000238812
-15.9641,6.15593e-05,0.000133813
-15.9592,0.000315262,0.000300178
-15.9543,-9.84845e-05,0.000626124
-15.9494,-0.000441065,0.000105611
-15.9445,0.000289105,4.13753e-07
-15.9397,-0.000147124,0.000876341
-15.9348,-0.000784066,8.12274e-05
-15.9299,-0.000268952,-0.000125706
-15.925,-0.000197011,-0.000141885
-15.9201,-0.000186457,8.9689e-07
-15.9152,4.14661e-06,-0.000467719
-15.9103,0.000490371,0.000497849
-15.9054,-0.000833568,0.000185048
-15.9005,0.000204068,-0.00052405
-15.8956,-5.53728e-06,0.000295805
-15.8907,-4.72632e-05,-0.00011702
-15.8858,-0.000143124,0.000268617
-15.8809,-0.000534463,-0.000214152
-15.876,-0.000182649,-0.000740312
-15.8712,0.000606396,-0.000691109
-15.8663,0.000740224,1.06406e-05
-15.8614,0.000361334,0.000237829
-15.8565,0.000275865,-0.000182778
-15.8516,0.00097029,0.000294822
-15.8467,1.66002e-05,0.000659574
-15.8418,0.000620758,0.000157681
-15.8369,-4.5249e-05,0.00128258
-15.832,-0.000688344,4.3192e-05
-15.8271,-7.76864e-05,3.82388e-05
-15.8222,-7.49947e-05,-0.000202336
-15.8173,0.000204233,-7.14028e-05
-15.8124,0.000523081,-0.000213823
-15.8076,0.000707562,0.00069878
-15.8027,-0.000203682,0.000614384
-15.7978,1.7005e-05,8.51758e-06
-15.7929,0.000616816,0.000476284
-15.788,-0.000423724,0.000996494
-15.7831,-0.000265132,-0.000117763
-15.7782,-0.000240796,0.000548087
-15.7733,-0.000198367,-0.000539796
-15.7684,0.000352752,0.000687542
-15.7635,-0.000815838,-0.000481909
-15.7586,0.0010898,-0.000409795
-15.7537,0.000477165,0.000518274
-15.7488,0.000699113,0.000796343
-15.7439,-0.000414002,0.00117282
-15.7391,-0.000691439,0.000457864
-15.7342,-0.000733759,-0.00025666
-15.7293,0.000225651,-0.000269608
-15.7244,-9.20333e-05,-9.47493e-06
-15.7195,0.000470393,-1.59195e-06
-15.7146,-0.000164168,0.000410136
-15.7097,9.9472e-05,-0.000261943
-15.7048,0.000419596,7.41905e-05
-15.6999,0.000557456,0.000420904
-15.695,-8.99288e-05,0.000702968
-15.6901,-8.28315e-05,8.04654e-05
-15.6852,0.000342271,0.000240339
-15.6803,0.000187128,0.000811679
-15.6754,-0.000569956,0.000446958
-15.6706,-4.73907e-05,0.000134292
-15.6657,-0.000521309,0.000240079
-15.6608,-5.961e-05,-0.000457619
-15.6559,0.000254351,-0.000236997
-15.651,0.000984945,-0.000114262
-15.6461,0.000627729,0.00107832
-15.6412,5.99135e-05,0.000672067
-15.6363,8.71415e-05,0.00102644
-15.6314,-0.000485443,0.000843285
-15.6265,-0.000697292,0.000762694
-15.6216,-0.00109027,-4.42591e-05
-15.6167,-0.000101331,-0.000367469
-15.6118,-0.000299186,0.000361866
-15.6069,-0.000785471,-0.000350454
-15.6021,0.000157048,-0.000935742
-15.5972,0.000933193,0.000169956
-15.5923,-0.000508626,0.000525216
-15.5874,0.0004654,-0.000938618
-15.5825,0.000864104,0.00134537
-15.5776,-0.00128177,8.51244e-06
-15.5727,0.000765018,-0.000546853
-15.5678,7.58651e-05,0.000331918
-15.5629,0.00087866,9.12093e-05
-15.558,-0.000106767,0.00125584
-15.5531,-0.00042904,2.2537e-06
-15.5482,8.51903e-05,0.000182822
-15.5433,0.000336144,0.000321707
-15.5384,-0.000276565,0.00113757
-15.5336,-0.0012478,0.000130222
-15.5287,-0.00055753,-0.000910021
-15.5238,0.000562133,-0.000790745
-15.5189,0.000812917,-3.37621e-08
-15.514,0.000616715,0.000543214
-15.5091,-2.3842e-05,0.000415508
-15.5042,0.000600337,0.000356478
-15.4993,-0.000275475,0.00101627
-15.4944,-5.49832e-05,0.000100311
-15.4895,-0.000394057,0.00112083
-15.4846,-0.00114858,-0.000407734
-15.4797,7.53883e-05,-0.000317974
-15.4748,-0.000287674,-0.000493284
-15.47,0.000814039,-0.000377139
-15.4651,0.00021515,0.000506404
-15.4602,-4.9907e-05,-0.000172535
-15.4553,0.00063848,-0.000251414
-15.4504,0.000871148,0.000651885
-15.4455,-0.000155249,0.0008154
-15.4406,8.65097e-05,0.000167278
-15.4357,-1.7305e-05,0.000697089
-15.4308,-0.000371992,8.90553e-05
-15.4259,6.21112e-05,0.000113795
-15.421,-4.4588e-05,-2.05023e-05
-15.4161,0.000392297,8.9716e-05
-15.4112,0.000275652,0.000382483
-15.4063,8.4987e-05,0.0006687
-15.4015,-0.000530429,0.000191335
-15.3966,0.000259746,-0.0002598
-15.3917,0.000361086,0.00039176
-15.3868,0.00013768,0.000474302
-15.3819,-0.000202393,0.000478553
-15.377,-0.000129542,-2.09194e-05
-15.3721,0.000387447,0.000249013
-15.3672,-0.000173981,0.000769069
-15.3623,-0.000554694,-0.000130002
-15.3574,0.000429146,-0.000174327
-15.3525,0.000291069,0.000614887
-15.3476,-0.000522006,0.000569091
-15.3427,-0.00029981,-0.000575063
-15.3378,0.000628555,0.000306424
-15.333,-0.000484818,4.12365e-06
-15.3281,0.000950174,-0.000152747
-15.3232,-0.000150233,0.000997786
-15.3183,-0.000117463,-0.00023685
-15.3134,0.000364083,0.000313257
-15.3085,0.000115437,0.000579928
-15.3036,-0.000648006,0.000238326
-15.2987,0.000371167,-0.000472635
-15.2938,0.000166083,0.000579331
-15.2889,4.91623e-05,-0.000117397
-15.284,0.000203385,0.000318632
-15.2791,0.000295768,6.68197e-05
-15.2742,-1.2539e-05,0.000537461
-15.2693,0.000285256,-0.000207784
-15.2645,0.000169584,0.000905357
-15.2596,-0.000364964,-0.000524162
-15.2547,0.00119658,0.000282704
-15.2498,2.5012e-05,0.000825881
-15.2449,0.000219124,0.000497935
-15.24,-0.000161715,0.000501791
-15.2351,0.000283257,0.000316964
-15.2302,-7.2816e-05,0.000856205
-15.2253,-0.000444054,0.000228878
-15.2204,0.000280347,0.000140775
-15.2155,-7.08719e-05,0.000972281
-15.2106,-0.000893403,0.000266109
-15.2057,-0.000321954,-0.000409227
-15.2008,0.000254201,-0.000359118
-15.196,0.00058251,0.000131257
-15.1911,0.000381099,0.000514506
-15.1862,-2.6047e-05,0.000682015
-15.1813,-0.000218151,0.000176552
-15.1764,0.000136469,0.000389772
-15.1715,-0.000470173,0.000128354
-15.1666,0.000552232,-0.000434159
-15.1617,0.000703742,0.000867331
-15.1568,-1.71724e-05,0.0007175
-15.1519,-0.000108924,0.00116723
-15.147,-0.00151584,0.000340285
-15.1421,-2.2356e-05,-0.00118613
-15.1372,0.000963826,0.000415296
-15.1323,-0.000332931,0.000841207
-15.1275,-0.000442437,-0.000197164
-15.1226,0.000437848,-9.00306e-05
-15.1177,0.00027869,0.000535375
-15.1128,-0.000238297,0.000633145
-15.1079,-0.000439363,-0.000287056
-15.103,0.000890743,0.000168119
-15.0981,-0.00042262,0.000962241
-15.0932,-1.21463e-05,-5.17549e-05
-15.0883,-0.00047089,0.000687871
-15.0834,-0.000105256,-0.000571829
-15.0785,7.1167e-05,0.000799308
-15.0736,-0.000668448,-0.000683228
-15.0687,0.000987067,0.000166209
-15.0639,-0.000535417,0.000488457
-15.059,0.000256711,-0.000250571
-15.0541,-0.000164022,0.000476512
-15.0492,-0.000278088,-0.000522692
-15.0443,0.000692086,-0.00030103
-15.0394,0.000531944,0.000307085
-15.0345,0.000312086,0.000474205
-15.0296,-0.000253878,0.00013447
-15.0247,0.000845357,-0.000339771
-15.0198,0.000376618,0.00118705
-15.0149,-0.000221116,-0.000288073
-15.01,0.00107062,0.000751851
-15.0051,-0.00048855,0.000761675
-15.0002,0.000362419,0.000401682
-14.9954,-0.000765196,0.000797293
-14.9905,-0.000269748,-0.000617659
-14.9856,0.000442649,-4.62589e-05
-14.9807,0.000550307,0.000105896
-14.9758,0.00042285,0.000707112
-14.9709,-0.000130314,0.000486803
-14.966,0.000125049,0.000116626
-14.9611,0.000377428,0.00063079
-14.9562,-0.000607272,0.000558182
-14.9513,-1.81555e-05,-0.000578902
-14.9464,0.000644066,0.000126273
-14.9415,0.0005513,0.000104292
-14.9366,0.000868808,0.000756731
-14.9317,0.00014215,0.000993727
-14.9269,-0.000107898,0.000705549
-14.922,0.00015927,0.000266366
-14.9171,0.000498847,0.00119947
-14.9122,-0.000870214,0.000992581
-14.9073,-0.000267788,0.000193296
-14.9024,-0.000466704,0.000556575
-14.8975,-0.000416361,2.85289e-05
-14.8926,-0.000281694,5.58172e-06
-14.8877,-1.645e-05,-0.000181725
-14.8828,0.00021894,-0.00028474
-14.8779,0.00105554,0.000206419
-14.873,0.000203517,0.00108938
-14.8681,3.30445e-05,0.000501027
-14.8632,-0.000132749,0.000622052
-14.8584,0.000370864,0.000419427
-14.8535,-0.000535492,0.00135846
-14.8486,-0.000772853,-0.000600201
-14.8437,0.00110581,0.000278926
-14.8388,-0.000128668,0.00147982
-14.8339,-0.00100953,0.00053399
-14.829,-0.000178615,-0.000166058
-14.8241,-0.000158157,0.000708612
-14.8192,-0.000692638,-4.79831e-05
-14.8143,0.000127715,-4.67484e-05
-14.8094,-4.33758e-07,0.000378614
-14.8045,-0.000404878,0.000362526
-14.7996,-0.000131093,-0.00029195
-14.7947,0.000308361,0.000423373
-14.7899,-0.000350094,0.000310699
-14.785,-0.000169037,6.80598e-05
-14.7801,6.2689e-05,-0.000151892
-14.7752,0.000281791,0.000452919
-14.7703,-0.000294667,7.31471e-05
-14.7654,0.000504987,1.7695e-05
-14.7605,0.000368809,0.000677689
-14.7556,-9.40335e-05,0.000987196
-14.7507,-0.000778455,0.000498052
-14.7458,-0.000441405,-2.8791e-06
-14.7409,-0.000259631,-0.000118346
-14.736,7.92784e-05,-6.16377e-06
-14.7311,0.000112046,0.000144633
-14.7263,-3.06213e-06,0.00064498
-14.7214,-0.000839622,0.000181602
-14.7165,-0.000305077,-0.000475252
-14.7116,7.67226e-05,-0.000560239
-14.7067,0.000725835,3.43885e-06
-14.7018,-0.000232836,0.000258609
-14.6969,0.000534396,-0.000648825
-14.692,0.000878887,0.000627218
-14.6871,4.94652e-06,0.000460348
-14.6822,0.000300586,0.000154714
-14.6773,0.000594196,0.000476962
-14.6724,3.25271e-05,0.00106434
-14.6675,-0.000420937,0.000301847
-14.6626,-3.61928e-05,0.000512014
-14.6578,-0.000721039,-4.17339e-05
-14.6529,0.000511028,-0.000456666
-14.648,0.000313926,0.000454689
-14.6431,0.000420151,0.000118839
-14.6382,0.00031065,0.000950031
-14.6333,-0.000512391,0.000436134
-14.6284,1.87802e-05,-8.22163e-05
-14.6235,0.00035499,0.000369011
-14.6186,-8.6776e-05,0.000576599
-14.6137,-0.000245798,0.000350711
-14.6088,-0.000436345,-0.000131291
-14.6039,0.000507786,-0.000426578
-14.599,0.000508927,0.000335419
-14.5941,0.000604283,0.000265103
-14.5893,0.000374943,0.000830581
-14.5844,0.000209776,0.000710851
-14.5795,-0.000405269,0.000809488
-14.5746,0.000103874,6.19652e-06
-14.5697,-0.000178011,0.000949893
-14.5648,-0.000250583,-0.000358812
-14.5599,0.00040958,0.000769343
-14.555,-0.000510303,-0.000174075
-14.5501,0.00089572,0.000122057
-14.5452,0.000367552,0.000535922
-14.5403,0.000696756,0.00108084
-14.5354,-0.000379789,0.00104932
-14.5305,4.99533e-05,0.000920766
-14.5256,-0.000840625,0.000977942
-14.5208,-0.000529577,0.000329925
-14.5159,-0.000657901,0.000295434
-14.511,-0.000259091,7.7027e-05
-14.5061,-0.000317098,0.0001148
-14.5012,0.000114427,0.000382534
-14.4963,-0.000864974,0.000482531
-14.4914,-0.000145506,-0.000638894
-14.4865,0.00045549,0.000483481
-14.4816,-0.000546773,0.000602062
-14.4767,-0.000489288,-0.000211005
-14.4718,9.12579e-05,-1.72801e-05
-14.4669,-0.000211752,0.00011371
-14.462,-1.80786e-05,-8.57335e-05
-14.4572,9.0914e-05,-8.09532e-05
-14.4523,0.000391939,0.000295266
-14.4474,-0.000318746,0.000367691
-14.4425,0.000147587,-0.000129861
-14.4376,-5.33577e-05,0.000334438
-14.4327,0.000206662,-0.000316141
-14.4278,0.000699628,0.000623591
-14.4229,-0.000259655,0.000809871
-14.418,-0.000497333,0.000200364
-14.4131,1.99115e-05,-0.000263614
-14.4082,0.000338293,0.000478887
-14.4033,-0.000447814,0.000209378
-14.3984,0.000277149,-0.000164992
-14.3935,0.000186024,0.00040287
-14.3887,0.000107198,0.000345755
-14.3838,-0.000250764,0.000403948
-14.3789,6.21324e-05,-4.47337e-05
-14.374,-3.15635e-05,0.000633845
-14.3691,-0.000731398,-0.000108793
-14.3642,0.000204279,-0.000733824
-14.3593,0.00082048,6.78572e-05
-14.3544,0.000146665,0.000417265
-14.3495,0.000368114,-2.96994e-05
-14.3446,0.000422828,0.000387534
-14.3397,0.000534503,0.000411543
-14.3348,-0.000151279,0.000968721
-14.3299,-0.000283484,-0.000316866
-14.325,0.00062466,0.000216113
-14.3202,0.000281055,0.000180355
-14.3153,0.000648393,0.000595902
-14.3104,6.54986e-05,0.000535807
-14.3055,0.000437014,0.000401283
-14.3006,0.000530562,0.000743481
-14.2957,-9.32886e-05,0.00124229
-14.2908,-0.000319357,4.81846e-05
-14.2859,0.000785856,0.000909675
-14.281,-0.000552865,0.00111924
-14.2761,-0.000261414,0.000654658
-14.2712,-0.000825271,0.000328198
-14.2663,0.000366836,-0.000165119
-14.2614,0.000158778,0.00111732
-14.2565,-0.000676619,0.00065292
-14.2517,-0.000385561,0.000139316
-14.2468,-0.00014766,0.000395065
-14.2419,-0.000382624,0.000182384
-14.237,-3.78531e-06,0.000276475
-14.2321,-0.000283256,0.000194287
-14.2272,0.000241427,0.000405464
-14.2223,-0.000640106,0.000643422
-14.2174,-0.00027764,-0.000238399
-14.2125,9.29479e-05,0.00018164
-14.2076,7.55612e-05,0.00038534
-14.2027,-0.00049332,0.000430093
-14.1978,3.17312e-06,-0.000384107
-14.1929,0.00044926,0.000720306
-14.188,-0.000724781,0.000349705
-14.1832,0.000365326,-0.000132985
-14.1783,-0.000349621,0.000968237
-14.1734,-0.000522113,-0.000647081
-14.1685,0.000918591,0.000345884
-14.1636,-0.000300825,0.000871532
-14.1587,-0.000443729,0.000526535
-14.1538,-0.000894889,-0.000227188
-14.1489,0.000383303,-0.000571734
-14.144,0.000398662,0.000197831
-14.1391,0.000528055,0.000529586
-14.1342,-0.000282698,0.000866129
-14.1293,-0.00033983,0.000354292
-14.1244,-0.000588498,0.000189977
-14.1195,-8.01751e-05,-0.000205149
-14.1147,-0.000170933,-5.78272e-07
-14.1098,0.00052541,-0.000181899
-14.1049,6.48717e-05,0.000951213
-14.1,-0.000557909,-1.21662e-05
-14.0951,6.94715e-05,0.000126831
-14.0902,-0.000294334,1.41899e-05
-14.0853,5.69155e-05,-1.65414e-05
-14.0804,-0.000339902,-0.000296345
-14.0755,0.00103478,-0.000746286
-14.0706,0.000938827,0.00131997
-14.0657,-0.000738172,0.00046747
-14.0608,0.000158711,-6.20355e-05
-14.0559,3.16207e-05,-0.000176269
-14.0511,0.00119359,0.000270389
-14.0462,-0.00021765,0.001255
-14.0413,-9.95179e-06,-0.000123305
-14.0364,0.00022836,0.000876217
-14.0315,-0.00046581,6.51135e-05
-14.0266,0.000448135,-3.16883e-05
-14.0217,0.000686206,0.000409536
-14.0168,0.000482313,0.00146646
-14.0119,-0.00116792,0.00102335
-14.007,-0.000427333,-0.000365608
-14.0021,0.000115429,0.000177441
-13.9972,0.000352094,0.000141215
-13.9923,0.000191827,0.00107547
-13.9874,-0.000522919,0.000418027
-13.9826,6.32826e-05,0.000731967
-13.9777,-0.000977628,0.000695536
-13.9728,-0.000733958,-8.7935e-05
-13.9679,-0.000558747,-0.00047361
-13.963,0.000417922,-0.000392223
-13.9581,9.65068e-05,0.000297327
-13.9532,0.00010347,3.95781e-05
-13.9483,0.000107618,0.000265853
-13.9434,2.30668e-05,0.000314516
-13.9385,-0.000166919,0.000129203
-13.9336,0.000147493,0.000158321
-13.9287,-6.0177e-05,6.49781e-05
-13.9238,0.000529384,0.000441674
-13.9189,-0.000798256,0.000622812
-13.9141,0.000166132,-0.000867972
-13.9092,0.000903296,0.000733554
-13.9043,-0.00035263,0.000889252
-13.8994,-0.000685747,0.000130949
-13.8945,6.87381e-05,-0.000500814
-13.8896,0.000537042,0.000363804
-13.8847,-0.00011587,0.000562307
-13.8798,-0.000391148,0.000199005
-13.8749,-0.000145802,-0.000261095
-13.87,0.000249098,-0.000214834
-13.8651,0.000613992,1.38913e-05
-13.8602,0.000410419,0.000632016
-13.8553,-8.11754e-05,0.000418906
-13.8504,6.16079e-05,0.000154385
-13.8456,0.000155445,0.000247812
-13.8407,0.000165902,-1.13373e-05
-13.8358,0.000897298,0.000416202
-13.8309,-3.59438e-05,0.00113137
-13.826,-2.59867e-05,0.000321134
-13.8211,-0.000104859,0.00102826
-13.8162,-0.00069661,0.000248255
-13.8113,-0.000357469,0.000338876
-13.8064,-0.000749167,-0.000577076
-13.8015,0.000893058,-0.000430823
-13.7966,-7.8254e-05,0.000507002
-13.7917,0.000602102,-0.000619665
-13.7868,0.000876887,0.00111138
-13.7819,-0.00036549,0.00027825
-13.7771,0.000713129,0.000445768
-13.7722,-0.000247239,0.000761808
-13.7673,0.000170114,0.000185857
-13.7624,0.000249947,0.00056756
-13.7575,5.14729e-05,0.00102863
-13.7526,-0.00100615,0.000329052
-13.7477,0.000349222,-0.000324432
-13.7428,-0.000104145,0.000706355
-13.7379,-4.87706e-05,-0.000122841
-13.733,7.40681e-05,0.000419159
-13.7281,5.90104e-06,-0.000130433
-13.7232,0.000530411,0.000139937
-13.7183,0.000659753,0.000570078
-13.7135,-7.70677e-05,0.00100656
-13.7086,-2.7716e-05,0.000149758
-13.7037,0.000282101,0.000875927
-13.6988,-0.000552174,0.000474075
-13.6939,0.000211287,-0.000146965
-13.689,0.000753655,0.000874839
-13.6841,-0.000565961,0.00122847
-13.6792,-0.000450678,7.40386e-05
-13.6743,2.13906e-05,0.000338967
-13.6694,0.000236749,0.000522944
-13.6645,-0.000418168,0.00103503
-13.6596,-0.000409059,0.000264108
-13.6547,-0.000719387,0.000786197
-13.6498,-0.000730955,-0.000677449
-13.645,0.000367567,0.000211215
-13.6401,-0.000397155,-0.00011667
-13.6352,0.000491813,0.000183559
-13.6303,-0.000325321,0.000153212
-13.6254,0.000763173,-2.55221e-06
-13.6205,6.56986e-05,0.00113665
-13.6156,-0.000524931,0.000332384
-13.6107,-9.32301e-05,3.38993e-05
-13.6058,0.000210094,0.000217856
-13.6009,0.000162962,0.000427432
-13.596,0.000171675,0.000603057
-13.5911,-9.38858e-05,0.000718106
-13.5862,-0.000114684,0.000742484
-13.5813,-0.000601609,0.000974454
-13.5765,-0.00110986,0.000204925
-13.5716,-0.000311258,-0.000286336
-13.5667,-0.000311897,0.000373179
-13.5618,-0.00072964,-0.000207967
-13.5569,-5.09595e-05,-0.00042225
-13.552,0.000129215,-8.03012e-05
-13.5471,9.98708e-06,0.000101778
-13.5422,-2.36928e-05,-8.51623e-05
-13.5373,0.000222553,-2.30932e-05
-13.5324,0.000438978,0.000224312
-13.5275,8.0419e-06,0.000840574
-13.5226,-0.000509684,0.000267452
-13.5177,-0.000434053,0.000348233
-13.5128,-0.000904393,-0.000572519
-13.508,0.000483984,-0.000895176
-13.5031,0.000644665,-5.50325e-05
-13.4982,0.000529518,0.000342704
-13.4933,-8.28873e-05,0.000206053
-13.4884,0.000503111,-0.000106851
-13.4835,0.000332388,0.000471462
-13.4786,0.000220263,0.000232203
-13.4737,0.000272238,0.000304769
-13.4688,0.000473586,0.000543662
-13.4639,-0.000316986,0.000876517
-13.459,-0.000343442,-0.000128857
-13.4541,0.000222296,0.000122162
-13.4492,0.000135138,0.000120384
-13.4443,0.000239841,0.00040559
-13.4395,-0.000254219,0.000188058
-13.4346,0.00034024,-0.000378771
-13.4297,0.000972054,0.000475601
-13.4248,1.63005e-05,0.00103284
-13.4199,-0.00026676,0.000255183
-13.415,9.32524e-05,0.000137959
-13.4101,0.000332194,0.000222246
-13.4052,0.00013092,0.000451928
-13.4003,0.000467578,8.75426e-05
-13.3954,0.000569402,0.00113436
-13.3905,-0.000510475,0.000793396
-13.3856,-0.000303162,0.000313537
-13.3807,-6.90711e-05,-0.000286174
-13.3758,0.00106825,0.000511735
-13.371,-0.000193262,0.00112042
-13.3661,0.000294811,0.000527172
-13.3612,-0.000480521,0.0014655
-13.3563,-0.000808029,6.67111e-05
-13.3514,-0.000137443,0.00065707
-13.3465,-0.00110344,9.49841e-05
-13.3416,0.000143624,-0.000605066
-13.3367,0.000304606,0.000594556
-13.3318,-0.000437262,0.000285295
-13.3269,-5.72422e-05,0.000190397
-13.322,-0.000464677,2.38796e-05
-13.3171,0.000453178,-0.0001894
-13.3122,-0.000188529,0.000763223
-13.3074,-0.000216566,-0.000364702
-13.3025,0.000216222,0.000432453
-13.2976,-0.000209364,-0.000309785
-13.2927,0.000795871,0.000393605
-13.2878,-0.00036985,0.000657193
-13.2829,-0.000219177,5.95952e-05
-13.278,-3.38314e-05,-0.000405791
-13.2731,0.00105158,0.000401832
-13.2682,-0.000588272,0.000951386
-13.2633,-4.84849e-06,-0.000402134
-13.2584,9.09442e-05,0.00038388
-13.2535,0.000308238,-0.000318114
-13.2486,0.000633381,0.000760255
-13.2437,-0.000125384,0.000374305
-13.2389,0.000296139,0.000524113
-13.234,-0.000198106,0.000508597
-13.2291,-0.000100231,0.000324093
-13.2242,-0.000114918,0.000109783
-13.2193,8.36743e-05,0.000216143
-13.2144,0.000115365,-9.74358e-05
-13.2095,0.000650742,0.000467087
-13.2046,-1.77602e-06,0.000436764
-13.1997,0.000651631,0.000715347
-13.1948,-0.000742991,0.00107424
-13.1899,-0.000211752,-0.000296337
-13.185,2.47538e-05,0.000398746
-13.1801,0.000337645,-0.000156445
-13.1752,0.000391984,0.00114053
-13.1704,-0.000546916,0.000186172
-13.1655,0.000522018,0.000674211
-13.1606,-0.000985952,0.000738251
-13.1557,3.98648e-05,-0.000514989
-13.1508,0.000315096,0.000799299
-13.1459,-0.000605685,0.000400374
-13.141,-0.000150254,-6.98526e-05
-13.1361,0.000131434,0.000274044
-13.1312,-0.000342479,0.000484636
-13.1263,-0.000339512,-0.000182076
-13.1214,9.6939e-05,0.000193473
-13.1165,-0.000487431,-6.55068e-05
-13.1116,0.000242528,-0.000360123
-13.1067,-8.70781e-05,-6.47964e-05
-13.1019,0.000637495,-0.000750674
-13.097,0.00115468,0.000486287
-13.0921,0.000358828,0.000776209
-13.0872,-4.39826e-05,0.000557306
-13.0823,0.000279247,0.000135013
-13.0774,5.68158e-05,0.000781071
-13.0725,-0.000210163,-0.000286801
-13.0676,0.000859581,0.000209033
-13.0627,0.000482146,0.000445245
-13.0578,0.000695939,0.00125657
-13.0529,-0.000975205,0.000908928
-13.048,1.07989e-05,-0.000282405
-13.0431,0.000194335,0.000381882
-13.0382,0.000371519,0.000362929
-13.0334,-0.000178204,0.000755379
-13.0285,-4.33601e-05,-0.000118638
-13.0236,0.000592015,0.00047085
-13.0187,-0.000116394,0.000828393
-13.0138,-0.000263799,-0.000156358
-13.0089,0.00114026,0.000321116
-13.004,-0.000236165,0.00150353
-12.9991,-0.000389731,-3.88455e-05
-12.9942,0.000186529,0.000574006
-12.9893,-9.33654e-05,0.000127828
-12.9844,0.000191353,0.000529263
-12.9795,0.000105493,-0.000274913
-12.9746,0.00155027,0.000920776
-12.9698,-0.000437217,0.00185162
-12.9649,-0.000383508,0.000520517
-12.96,-0.000438488,0.00100189
-12.9551,-0.000580134,0.000216152
-12.9502,-0.000158388,0.00065448
-12.9453,-0.000949387,0.000299371
-12.9404,-0.000129894,-0.000564595
-12.9355,0.000616846,0.000338276
-12.9306,-0.000227884,0.000753829
-12.9257,-9.85238e-05,0.000114815
-12.9208,2.08356e-05,0.000754787
-12.9159,-0.000721129,0.000167524
-12.911,0.000287739,-0.000173057
-12.9061,0.000103799,0.000629116
-12.9013,-3.45368e-05,0.000333205
-12.8964,-0.00020382,0.000807365
-12.8915,-0.000900522,-5.01782e-05
-12.8866,0.000383216,-0.000667478
-12.8817,0.000901626,0.000627894
-12.8768,-0.000203666,0.00110234
-12.8719,-0.000472713,0.00016597
-12.867,0.000294579,0.000426532
-12.8621,-0.000593937,0.000895246
-12.8572,-0.000663248,-0.000256175
-12.8523,0.000179054,-1.19642e-05
-12.8474,-0.000156593,0.000208444
-12.8425,0.000133303,2.76394e-05
-12.8376,-8.02004e-05,0.00047067
-12.8328,-0.000287119,-0.000240473
-12.8279,0.000616687,1.65319e-05
-12.823,7.95315e-05,0.000477195
-12.8181,0.000335651,0.000222856
-12.8132,-2.05198e-05,0.000614197
-12.8083,0.000256025,8.01434e-05
-12.8034,0.000288445,0.000965323
-12.7985,-0.000371327,0.00058864
-12.7936,-0.000366586,0.000532821
-12.7887,-0.00037968,-7.08586e-05
-12.7838,0.000112235,0.000245729
-12.7789,-6.15886e-05,0.000176354
-12.774,-0.000115461,0.000562782
-12.7691,-0.000453441,-0.00031293
-12.7643,0.000605618,0.000148914
-12.7594,-0.00013563,0.000239686
-12.7545,0.000571027,0.000417684
-12.7496,-0.000511197,0.000626408
-12.7447,0.00017262,-8.12985e-06
-12.7398,-0.000356989,0.000482412
-12.7349,0.00012561,-0.000298863
-12.73,6.55866e-05,0.000409714
-12.7251,0.000189813,-0.000262986
-12.7202,0.000525597,0.000514765
-12.7153,5.60869e-05,0.000227383
-12.7104,0.000533905,0.00041683
-12.7055,0.000101714,0.000776455
-12.7006,-0.00018499,0.000447774
-12.6958,6.77804e-05,0.00011877
-12.6909,0.0006255,0.000433709
-12.686,4.04451e-05,0.0014171
-12.6811,-0.0010757,0.000352714
-12.6762,0.00022423,-0.00010078
-12.6713,-0.00032791,0.000746524
-12.6664,-0.000480536,-0.000188985
-12.6615,0.000155149,-0.000242232
-12.6566,0.000575155,0.00019616
-12.6517,7.04952e-05,0.0006023
-12.6468,-5.50161e-07,0.000384168
-12.6419,-0.000330661,-1.04459e-06
-12.637,0.00101225,-0.000147109
-12.6322,0.000124777,0.00144024
-12.6273,-0.00043424,-2.28055e-05
-12.6224,0.000408931,0.000417227
-12.6175,0.000149242,0.00048435
-12.6126,-4.12743e-05,0.000836052
-12.6077,-0.000231303,0.00026021
-12.6028,-5.0746e-05,0.000646
-12.5979,-0.000359531,0.000121094
-12.593,6.56939e-05,0.000339274
-12.5881,-0.000140335,0.000137605
-12.5832,-1.35942e-05,0.000337399
-12.5783,5.50142e-05,-0.000388602
-12.5734,0.00123941,0.000654214
-12.5685,-0.000286449,0.00142535
-12.5637,-0.000595051,0.00043087
-12.5588,-0.000258655,1.79182e-05
-12.5539,0.000383672,0.000362852
-12.549,-0.000227123,0.000858585
-12.5441,-0.000449973,0.000462122
-12.5392,-0.000706875,0.000270237
-12.5343,-0.000455072,-0.000542503
-12.5294,0.000549129,-0.000371549
-12.5245,0.000441287,0.000492311
-12.5196,3.33628e-06,0.000235928
-12.5147,0.000477116,0.000396647
-12.5098,-0.000235009,0.00094741
-12.5049,-0.000720623,-0.00017879
-12.5,0.000770741,-0.00047501
-12.4952,0.000662333,0.0013312
-12.4903,-0.00124424,0.000606452
-12.4854,0.000129456,-0.00106874
-12.4805,0.00124097,0.000774547
-12.4756,-0.000647887,0.00107119
-12.4707,-0.000184338,-0.000184816
-12.4658,-9.34262e-05,0.000484468
-12.4609,-0.000260426,-0.000349533
-12.456,0.000551709,0.000169118
-12.4511,-0.000216059,0.000252635
-12.4462,0.000214706,-0.000340847
-12.4413,0.000635941,-8.58538e-05
-12.4364,0.000837392,0.000310051
-12.4315,0.000484752,0.000624006
-12.4267,0.00053105,0.000381707
-12.4218,0.000654157,0.000875227
-12.4169,0.000115915,0.000823737
-12.412,0.0003325,0.000765022
-12.4071,-0.000134296,0.000839292
-12.4022,0.00022374,0.00042725
-12.3973,7.50547e-05,0.000902268
-12.3924,0.000158489,0.000453569
-12.3875,0.000294057,0.00121098
-12.3826,-0.000586377,0.000997287
-12.3777,-0.000470541,0.000297864
-12.3728,0.000312964,0.0003128
-12.3679,-7.62044e-05,0.00120305
-12.363,-0.000515074,0.000480622
-12.3582,-0.000155805,0.000706183
-12.3533,-0.000368519,0.000547659
-12.3484,-0.000562618,0.000931861
-12.3435,-0.00109064,-0.000254034
-12.3386,0.000489935,-0.000135793
-12.3337,-0.00022902,0.00091285
-12.3288,-0.00078811,0.000266328
-12.3239,-0.000509465,-0.00048024
-12.319,0.000590079,-0.000370389
-12.3141,0.000556557,0.000679456
-12.3092,-0.000200658,0.000794067
-12.3043,-0.000351426,0.000357594
-12.2994,-0.000429184,0.000295201
-12.2945,-0.000251395,-0.000354972
-12.2897,0.000392687,0.000136206
-12.2848,-0.000152326,3.50827e-05
-12.2799,0.000697876,-0.000226813
-12.275,0.000846783,0.000735068
-12.2701,0.000223116,0.00114689
-12.2652,-0.000406454,0.000858634
-12.2603,-0.000307406,0.000301796
-12.2554,0.000144411,0.000441975
-12.2505,-0.00031711,0.000821
-12.2456,-0.000385511,0.0002286
-12.2407,-0.000471865,0.00051163
-12.2358,-0.000532228,-0.000674748
-12.2309,0.000975747,-8.87497e-05
-12.2261,0.000287509,0.000689195
-12.2212,0.00016588,0.000637999
-12.2163,-0.000103383,0.000361824
-12.2114,0.000393393,0.000634653
-12.2065,-0.000292023,0.000659563
-12.2016,0.00021025,0.00055919
-12.1967,-0.000458766,0.000769701
-12.1918,-7.93549e-05,0.00031438
-12.1869,-0.000361806,0.000511792
-12.182,0.000147814,0.000272289
-12.1771,-0.000406299,0.000814632
-12.1722,-0.000107684,-4.74964e-05
-12.1673,0.000236696,0.000896677
-12.1624,-0.000509781,0.000944342
-12.1576,-0.00114014,0.000674446
-12.1527,-0.000970341,-0.000698707
-12.1478,0.000431838,-0.000450072
-12.1429,0.000399586,0.000477575
-12.138,-0.000287552,0.000869994
-12.1331,-0.000858685,6.51762e-05
-12.1282,-5.08785e-05,-0.000283136
-12.1233,-5.32682e-05,0.000166789
-12.1184,-6.84357e-05,1.51246e-05
-12.1135,-3.00617e-05,0.00014665
-12.1086,-1.96176e-05,2.38568e-05
-12.1037,9.60206e-05,0.000173765
-12.0988,-1.12389e-05,0.000156718
-12.0939,8.99982e-05,0.000154424
-12.0891,6.09764e-05,0.00031865
-12.0842,-0.000294555,0.000195611
-12.0793,0.000129097,-0.000355663
-12.0744,0.000579083,0.000318538
-12.0695,6.42007e-05,0.000444037
-12.0646,5.63857e-05,0.00031115
-12.0597,0.000118673,0.000107828
-12.0548,0.000486997,0.000412812
-12.0499,0.000178537,0.00079469
-12.045,-0.000306053,0.000843639
-12.0401,-0.000521692,0.000292431
-12.0352,-0.000478045,0.00029433
-12.0303,-0.000470726,-0.000604815
-12.0254,0.000712233,-3.38715e-05
-12.0206,-0.000270196,0.000210721
-12.0157,0.000627878,-0.000331096
-12.0108,0.000358006,0.00056238
-12.0059,0.000526825,0.000126232
-12.001,0.000317169,0.00115943
-11.9961,-0.000592464,0.000201938
-11.9912,0.000613657,0.000146438
-11.9863,-0.000292637,0.000975157
-11.9814,-0.000240108,-0.000494684
-11.9765,0.00108108,0.000506895
-11.9716,-0.000275453,0.00114296
-11.9667,-0.0003433,0.000140506
-11.9618,0.000284105,0.000241372
-11.9569,-7.29541e-05,0.00085656
-11.9521,-0.000385392,-6.35699e-05
-11.9472,0.000594639,0.00070886
-11.9423,-0.00111275,0.000621875
-11.9374,0.000209289,-0.000626489
-11.9325,2.8898e-05,0.000598542
-11.9276,0.000108944,-0.000305061
-11.9227,0.000405257,0.000654925
-11.9178,-9.78435e-05,0.000102355
-11.9129,0.000468621,0.000636769
-11.908,-0.00062162,0.00057128
-11.9031,-1.31065e-05,-0.000406014
-11.8982,0.000472186,0.000354496
-11.8933,-9.11288e-05,0.000192809
-11.8885,0.000511977,5.94186e-05
-11.8836,0.000310726,0.000509425
-11.8787,0.000381083,0.000378802
-11.8738,0.000273694,0.000653159
-11.8689,0.000264843,0.000609843
-11.864,7.56731e-05,0.000848127
-11.8591,-0.000195613,0.000747589
-11.8542,-0.000343479,0.000398269
-11.8493,2.04125e-06,0.00041826
-11.8444,-0.000335672,0.000239447
-11.8395,0.000484327,0.000343809
-11.8346,-0.000651829,0.000800579
-11.8297,0.000298351,-0.000515565
-11.8248,0.000377259,0.00134166
-11.82,-0.000837924,0.000157457
-11.8151,0.000271324,0.000155486
-11.8102,-2.93037e-05,0.000490108
-11.8053,-0.000345564,0.000626061
-11.8004,-0.000410384,-0.000379303
-11.7955,0.000699419,0.000331408
-11.7906,-0.000443971,0.00058055
-11.7857,0.000123347,-0.000100997
-11.7808,7.69563e-05,0.000484986
-11.7759,-0.0001062,8.80606e-05
-11.771,0.000404238,0.000212068
-11.7661,-5.9476e-05,0.000861598
-11.7612,-0.000643144,-0.000106799
-11.7563,0.000536186,-0.000185201
-11.7515,-1.28007e-05,0.000493651
-11.7466,0.000157893,-0.000282605
-11.7417,0.000624777,0.000347217
-11.7368,0.000178595,0.000223224
-11.7319,0.000824191,0.00026457
-11.727,0.000401031,0.00105039
-11.7221,-8.34239e-06,0.000527501
-11.7172,0.000345285,0.00077773
-11.7123,-0.000411261,0.000838855
-11.7074,-0.000252833,-0.000101901
-11.7025,0.000728565,0.000146837
-11.6976,0.000416256,0.00111212
-11.6927,-0.000291654,0.000766232
-11.6878,-0.000149316,0.000589318
-11.683,-0.000376062,0.000224578
-11.6781,0.000441335,0.000126468
-11.6732,3.32269e-06,0.000880297
-11.6683,-0.000179255,-9.90766e-06
-11.6634,0.000819832,0.000372995
-11.6585,0.000309452,0.00130619
-11.6536,-0.000621259,0.000991668
-11.6487,-0.000371974,2.07385e-05
-11.6438,0.000481542,0.000544929
-11.6389,-0.000367666,0.00103125
-11.634,-0.000408406,0.000244213
-11.6291,-0.000115807,0.000412098
-11.6242,-0.000119876,0.000206751
-11.6193,0.00019977,0.000469922
-11.6145,8.91045e-06,0.00067747
-11.6096,-0.000355407,0.000966592
-11.6047,-0.00106951,7.70405e-05
-11.5998,0.000165067,-0.000591357
-11.5949,0.000512396,0.000335248
-11.59,0.000168029,0.00055485
-11.5851,-6.27023e-05,0.000229507
-11.5802,0.000911241,0.000382678
-11.5753,-6.00865e-05,0.00175744
-11.5704,-0.000854457,0.000377843
-11.5655,-0.000172895,0.000631692
-11.5606,-0.000833362,3.92023e-05
-11.5557,0.000383103,-0.000161397
-11.5509,0.000113863,0.000597332
-11.546,0.000154115,0.000513473
-11.5411,-0.000272689,0.000904677
-11.5362,-0.000602584,0.000265444
-11.5313,-4.93173e-05,1.39073e-05
-11.5264,0.000113986,0.000577669
-11.5215,-0.000600752,0.000446279
-11.5166,-0.000141385,-0.000274276
-11.5117,0.000408066,0.000151653
-11.5068,0.000377473,0.000623838
-11.5019,-0.000166538,0.000921163
-11.497,-0.000457107,0.000456923
-11.4921,-0.000404021,0.000298885
-11.4872,-0.000158153,-0.000118624
-11.4824,0.000348841,0.000461374
-11.4775,-0.000466863,0.000557548
-11.4726,2.59086e-06,-3.74673e-05
-11.4677,-6.52157e-06,0.000662734
-11.4628,-0.000490803,0.000227071
-11.4579,-0.000256558,-5.65446e-05
-11.453,0.000340248,-0.000318669
-11.4481,0.000569898,0.00085746
-11.4432,-0.000577526,0.000348637
-11.4383,0.000498038,0.000189447
-11.4334,-0.000470707,0.000845496
-11.4285,-0.000126084,-0.00034854
-11.4236,0.000445812,0.000478343
-11.4187,-1.4156e-05,0.000525255
-11.4139,-8.65906e-05,0.000566803
-11.409,-0.000152249,0.000422203
-11.4041,-0.00034405,0.000604477
-11.3992,-0.000643796,1.51397e-05
-11.3943,-0.000116581,-0.000345262
-11.3894,0.000428383,-0.000188882
-11.3845,0.000444493,0.000391042
-11.3796,0.000327158,0.000362749
-11.3747,0.000203138,0.000900272
-11.3698,-0.000446572,0.000388526
-11.3649,0.000173957,0.000346919
-11.36,-0.000411837,0.000512303
-11.3551,-4.00705e-05,1.26177e-05
-11.3502,-0.00021735,0.000318352
-11.3454,0.000117573,-0.000347876
-11.3405,0.000595793,0.00043537
-11.3356,0.000153078,0.000327711
-11.3307,0.000675935,0.000746654
-11.3258,-0.000333666,0.00135634
-11.3209,-0.000989258,0.000452384
-11.316,-0.000577155,-0.000406659
-11.3111,0.000473536,-0.000300656
-11.3062,0.000279402,0.000703866
-11.3013,-0.000496619,0.000267112
-11.2964,9.3188e-06,-0.000293506
-11.2915,0.000409293,-6.88818e-06
-11.2866,0.00048287,0.000255457
-11.2817,0.000199957,0.000518698
-11.2769,0.000165643,-8.64435e-05
-11.272,0.00115731,0.000414749
-11.2671,0.000302963,0.00135217
-11.2622,-1.73722e-05,0.00071368
-11.2573,4.90587e-05,0.00103389
-11.2524,-0.000339118,0.000795654
-11.2475,-0.000358152,0.000840228
-11.2426,-0.000740685,0.000375743
-11.2377,-0.000159957,8.99195e-05
-11.2328,-0.000175566,0.000450205
-11.2279,-0.000365655,0.000240807
-11.223,-2.98579e-05,2.68908e-05
-11.2181,0.000137707,0.000550042
-11.2133,-0.000447015,0.000446399
-11.2084,-0.000119744,0.000192522
-11.2035,-0.000423904,0.000414585
-11.1986,-0.000367955,-0.000207078
-11.1937,0.000196409,4.84682e-06
-11.1888,-0.000137673,0.000442196
-11.1839,-0.000538455,-0.000235917
-11.179,0.000519511,-0.000470936
-11.1741,0.000383582,0.00053113
-11.1692,-0.000155335,0.00017199
-11.1643,5.47543e-05,-5.10254e-05
-11.1594,0.000276599,-3.55542e-05
-11.1545,0.000164629,1.15416e-05
-11.1496,0.000629664,-0.000255146
-11.1448,0.000767729,0.000367476
-11.1399,0.000820645,0.000338418
-11.135,0.000608462,0.0011633
-11.1301,-3.72904e-05,0.000492699
-11.1252,0.000702031,0.000807411
-11.1203,-0.000247406,0.00113349
-11.1154,-0.000129502,0.000335387
-11.1105,0.000269677,0.000735968
-11.1056,-0.000416867,0.000891009
-11.1007,-0.000292709,4.80556e-05
-11.0958,0.000223463,0.000489122
-11.0909,-0.000175663,0.000426634
-11.086,2.40347e-05,0.000373426
-11.0811,5.81913e-05,0.000215064
-11.0763,0.00037476,0.000676906
-11.0714,-0.000271208,0.000735505
-11.0665,-0.000285846,0.000427471
-11.0616,-0.000133589,3.37722e-05
-11.0567,0.00025529,0.000641455
-11.0518,-0.000675045,0.000196765
-11.0469,0.000478686,-0.000209635
-11.042,0.000156806,0.000493832
-11.0371,0.000504757,0.000327375
-11.0322,-0.000170508,0.00092639
-11.0273,-2.41328e-05,-6.58855e-05
-11.0224,0.000333553,0.000628345
-11.0175,7.08423e-05,0.000267872
-11.0126,0.000420386,0.000774553
-11.0078,-0.000124287,0.000685635
-11.0029,-5.63149e-05,0.000984283
-10.998,-0.00121785,0.000227162
-10.9931,0.000549051,-0.000872342
-10.9882,0.00057254,0.00103759
-10.9833,-0.000171139,-8.3692e-05
-10.9784,0.00107315,0.000841009
-10.9735,-0.00064223,0.00116313
-10.9686,-6.18101e-05,2.47158e-06
-10.9637,5.78706e-05,0.000664286
-10.9588,-0.000201362,0.000217726
-10.9539,0.000300286,0.000134871
-10.949,0.000494642,0.00056887
-10.9441,0.000200633,0.000814758
-10.9393,4.31851e-05,0.000724883
-10.9344,0.000177258,0.000763271
-10.9295,-0.00030858,0.00117466
-10.9246,-0.000583546,0.000149549
-10.9197,0.000439973,0.000628492
-10.9148,-0.000520887,0.00101697
-10.9099,-0.000589882,0.000499625
-10.905,-0.000634597,-0.000160165
-10.9001,0.000568851,0.000125129
-10.8952,-0.000337064,0.000661016
-10.8903,0.000397783,0.000202198
-10.8854,-0.000508473,0.00116404
-10.8805,-0.000387726,-0.000496785
-10.8756,0.000807773,0.000625623
-10.8708,-0.000278074,0.00111618
-10.8659,-0.000638623,0.000627545
-10.861,-0.000593149,0.000186485
-10.8561,-0.000341687,-7.89857e-07
-10.8512,-0.000103403,1.93194e-05
-10.8463,-0.000118392,-6.68422e-05
-10.8414,0.000473899,-0.000132691
-10.8365,0.00057153,0.000616248
-10.8316,3.96736e-06,0.000855252
-10.8267,-0.000243299,0.000355099
-10.8218,0.000176471,0.000525921
-10.8169,-0.000243892,0.000368559
-10.812,0.000535587,0.000718584
-10.8072,-0.00100585,0.0010898
-10.8023,-0.000116456,-0.000410338
-10.7974,-9.33341e-05,0.00105886
-10.7925,-0.000846784,-3.69378e-06
-10.7876,-0.000335048,4.30113e-05
-10.7827,-0.000297059,-0.000579743
-10.7778,0.000520183,-0.000350202
-10.7729,0.00096273,-9.10855e-05
-10.768,0.000931385,0.00130801
-10.7631,-0.000622785,0.00105583
-10.7582,-0.000276269,-1.13304e-05
-10.7533,0.00049501,0.000315444
-10.7484,-9.85492e-07,0.000984758
-10.7435,-0.000282788,0.000474819
-10.7387,-0.000309803,0.000631341
-10.7338,-0.000442375,8.50778e-05
-10.7289,-0.000152904,8.24098e-05
-10.724,0.000299031,-0.000233412
-10.7191,0.000522971,0.000893469
-10.7142,-0.000478023,0.000319514
-10.7093,0.00059527,0.000354416
-10.7044,-0.000389939,0.00112539
-10.6995,-0.000543189,1.59033e-05
-10.6946,8.60739e-05,0.000268988
-10.6897,-0.000353871,0.000401512
-10.6848,-0.000326688,-0.000136914
-10.6799,0.000235778,-0.000313904
-10.675,0.000649798,0.000181458
-10.6702,0.00046115,0.000443018
-10.6653,0.00055404,0.000987331
-10.6604,-0.00077479,0.000872723
-10.6555,0.000244002,-0.000399095
-10.6506,0.000428604,0.00122748
-10.6457,-0.0007655,0.00036889
-10.6408,0.000127248,-1.22403e-05
-10.6359,0.000330553,0.000329982
-10.631,0.00019056,0.000888578
-10.6261,-0.000558268,0.000588949
-10.6212,-0.000237329,-0.000138087
-10.6163,0.000493029,0.000137664
-10.6114,0.000121144,0.000555108
-10.6065,0.000489287,0.000392599
-10.6017,-5.62294e-05,0.00110612
-10.5968,-3.03705e-05,0.000366162
-10.5919,-0.000371403,0.00108134
-10.587,-0.000365767,-0.000412539
-10.5821,0.000707249,0.000843278
-10.5772,-0.000346742,0.000542683
-10.5723,0.000264925,0.00094842
-10.5674,-0.000693024,0.000693982
-10.5625,-0.000249605,0.00066069
-10.5576,-0.000750813,0.000154596
-10.5527,4.72364e-05,0.00045829
-10.5478,-0.000779019,9.38756e-05
-10.5429,0.000370908,0.000261339
-10.538,-0.00083011,0.000374102
-10.5332,0.000463991,-0.00017016
-10.5283,-0.000329539,0.000878281
-10.5234,-9.92532e-05,0.000190539
-10.5185,-0.000753152,0.00065516
-10.5136,-0.00017238,-0.00045119
-10.5087,-0.000250579,0.000839559
-10.5038,-0.00115839,-0.000615234
-10.4989,0.000576941,-0.000901808
-10.494,0.000712036,0.000291875
-10.4891,9.00469e-05,0.000490484
-10.4842,-0.000120826,0.000140023
-10.4793,0.000370134,-9.14675e-05
-10.4744,0.000367871,0.00082811
-10.4696,-0.000506328,6.70001e-05
-10.4647,0.000844096,0.000325125
-10.4598,-0.000781684,0.00111491
-10.4549,-0.000360553,-0.000504636
-10.45,-0.000200085,0.000115333
-10.4451,0.000382861,-0.000860137
-10.4402,0.000990621,0.000707927
-10.4353,-7.96223e-05,0.000419188
-10.4304,0.000186944,0.000369516
-10.4255,0.000377743,-2.39755e-05
-10.4206,0.000702265,0.00137438
-10.4157,-0.00132484,0.000724159
-10.4108,-0.000144235,-0.000556707
-10.4059,5.70077e-05,-0.000171926
-10.4011,0.000916795,-8.87686e-05
-10.3962,0.000142671,0.00101126
-10.3913,-4.28742e-05,-4.66777e-05
-10.3864,0.000264531,0.000609142
-10.3815,-0.000167172,-0.000210285
-10.3766,0.00113983,0.000306654
-10.3717,-3.1476e-05,0.00125793
-10.3668,-0.000398764,0.000142935
-10.3619,0.000353696,3.46456e-05
-10.357,0.000524377,0.000541403
-10.3521,0.000157819,0.000842383
-10.3472,-0.000194078,0.000591849
-10.3423,7.07192e-05,0.000364612
-10.3374,-6.38498e-05,0.000739089
-10.3326,-0.00033258,0.0001973
-10.3277,0.000328982,0.0003611
-10.3228,-0.000282742,0.000875053
-10.3179,-0.000731175,1.58866e-05
-10.313,0.000348057,-0.000438671
-10.3081,0.00040792,0.000844169
-10.3032,-0.000616797,0.000102806
-10.2983,0.00048984,-8.8374e-05
-10.2934,4.71295e-05,0.000411985
-10.2885,0.000389381,0.000233439
-10.2836,-9.37622e-05,0.000644895
-10.2787,-1.73191e-05,9.66131e-05
-10.2738,4.62132e-05,0.000253645
-10.2689,0.000274677,0.000174279
-10.2641,2.40333e-05,0.000433314
-10.2592,0.000163535,0.000205062
-10.2543,-0.00014759,0.000257019
-10.2494,0.000543565,-8.60503e-05
-10.2445,-6.93864e-05,0.000787581
-10.2396,0.000167745,-0.000573527
-10.2347,0.000819251,0.000931488
-10.2298,-0.000677402,7.33286e-05
-10.2249,0.000807215,-0.000533444
-10.22,0.00111341,0.000386369
-10.2151,0.000688222,0.00116303
-10.2102,-0.000117062,0.00045015
-10.2053,0.000899648,0.000462955
-10.2004,0.000366639,0.00110761
-10.1956,0.000173736,0.00109726
-10.1907,-0.000412609,0.000696083
-10.1858,0.000324571,0.000537985
-10.1809,-0.000319215,0.000766572
-10.176,0.00047937,0.000368531
-10.1711,-0.000276857,0.00138681
-10.1662,-0.000350793,0.000209837
-10.1613,-0.00024512,0.00107022
-10.1564,-0.000982035,-0.000226066
-10.1515,0.000703499,-0.00012688
-10.1466,-3.96071e-05,0.0010847
-10.1417,-0.000816652,0.000103578
-10.1368,0.000211095,-0.000408372
-10.132,0.000170082,0.000281559
-10.1271,0.000438078,-0.000442386
-10.1222,0.00126083,0.000785327
-10.1173,0.000115723,0.00103951
-10.1124,0.000317334,0.00110471
-10.1075,-0.000983346,0.00108986
-10.1026,-0.000379163,-0.000478923
-10.0977,0.000571774,0.000507458
-10.0928,-0.000353414,0.000690309
-10.0879,-0.000197425,0.0002193
-10.083,-0.000322728,0.000144173
-10.0781,0.000201883,-0.000205785
-10.0732,0.000137629,0.000242084
-10.0683,0.000662746,-0.000214436
-10.0635,0.000530171,0.0013663
-10.0586,-0.000897022,-3.32073e-05
-10.0537,0.00088372,-0.000126693
-10.0488,5.87705e-05,0.000433665
-10.0439,0.000997226,0.000173544
-10.039,0.000174945,0.00129162
-10.0341,-0.000126185,0.000439986
-10.0292,-0.000210404,0.00039871
-10.0243,0.000524528,-0.000121421
-10.0194,0.000351205,0.00112612
-10.0145,-0.000492448,6.03711e-05
-10.0096,0.0007066,-0.000111234
-10.0047,0.00071387,0.000627848
-9.99985,0.000425095,0.000756111
-9.99495,0.000435459,0.000773207
-9.99006,0.000179761,0.00110539
-9.98517,-0.00031019,0.00082418
-9.98028,-0.000240336,0.000322604
-9.97538,0.000201439,0.000258692
-9.97049,0.000272023,0.000359388
-9.9656,0.000688185,0.000773792
-9.9607,-0.000489808,0.00112554
-9.95581,0.000135292,-0.000392737
-9.95092,0.000917549,0.00110478
-9.94603,-0.00014719,0.000809352
-9.94113,0.000314744,0.00104072
-9.93624,-0.000460929,0.000818121
-9.93135,4.01966e-05,0.000725513
-9.92645,-0.000484621,0.000629249
-9.92156,8.03233e-05,0.000555265
-9.91667,-0.000589436,0.000707864
-9.91178,-0.000223204,0.000172488
-9.90688,-0.000379917,0.000194632
-9.90199,0.000240429,-7.19138e-05
-9.8971,2.18528e-05,0.000223173
-9.89221,0.000888713,-7.71391e-05
-9.88731,0.000729269,0.00137929
-9.88242,-0.000236527,0.00122258
-9.87753,-0.000859668,0.000779827
-9.87263,-0.000231411,-0.000334153
-9.86774,0.000410485,0.000480307
-9.86285,0.000106388,0.000589961
-9.85796,-0.000330561,0.000808668
-9.85306,-0.000232877,-9.4925e-05
-9.84817,0.000119146,0.000530006
-9.84328,-9.28619e-05,-0.000205827
-9.83838,0.000822451,0.000587625
-9.83349,-0.000195224,0.00073838
-9.8286,-4.18586e-05,0.000410371
-9.82371,-2.24175e-05,-6.02068e-05
-9.81881,0.000788269,0.000520108
-9.81392,-7.44484e-05,0.000606768
-9.80903,0.000626838,0.000545713
-9.80414,-0.000244602,0.00094679
-9.79924,0.000234872,0.000250714
-9.79435,-1.69862e-05,0.000909095
-9.78946,-1.46967e-05,0.000207406
-9.78456,0.000236698,0.000744829
-9.77967,-0.000135555,0.000301396
-9.77478,0.000671665,0.000486081
-9.76989,-6.30478e-06,0.00125383
-9.76499,-0.000360348,0.000329355
-9.7601,0.00047383,0.000649291
-9.75521,-0.000354136,0.00109177
-9.75031,-0.00038446,0.000288492
-9.74542,1.90704e-05,0.000488245
-9.74053,-0.000338887,0.000487963
-9.73564,-3.67037e-05,9.25419e-06
-9.73074,0.000277741,0.000463087
-9.72585,4.51807e-05,0.000360089
-9.72096,0.000255802,0.000655509
-9.71607,-0.000287863,0.000386129
-9.71117,0.000477619,0.000199917
-9.70628,0.000202805,0.000876504
-9.70139,-5.61749e-05,0.000607833
-9.6965,-6.56858e-05,0.000521177
-9.6916,7.66103e-05,0.000414038
-9.68671,0.000170562,0.000537472
-9.68182,3.61084e-05,0.000684105
-9.67692,8.32772e-05,0.000364542
-9.67203,0.000401151,0.00100352
-9.66714,-0.000547683,0.000914012
-9.66225,-0.000241714,0.000493984
-9.65735,-0.000492904,0.000319732
-9.65246,0.000195156,0.000287496
-9.64757,-0.000589109,0.000596981
-9.64267,-4.20744e-06,-0.000407171
-9.63778,0.000344088,0.000452621
-9.63289,-9.17703e-05,8.63662e-05
-9.628,0.000586967,-0.000175314
-9.6231,0.00120624,0.000661098
-9.61821,0.000432346,0.00149191
-9.61332,-0.000252412,0.00136357
-9.60843,-0.00085965,0.000626546
-9.60353,9.89424e-05,0.000255204
-9.59864,-0.000571579,0.000765009
-9.59375,7.62549e-05,-0.000222476
-9.58885,-1.58628e-05,0.00101054
-9.58396,-0.000465865,-0.000261656
-9.57907,0.000687116,0.000512123
-9.57418,-0.000445999,0.0006285
-9.56928,8.1622e-05,1.02414e-05
-9.56439,0.000133904,0.000388218
-9.5595,0.000179398,0.000155488
-9.5546,0.000550704,0.000597764
-9.54971,-0.000291603,0.000830355
-9.54482,6.30795e-05,-0.000128338
-9.53993,0.000468584,0.000837212
-9.53503,-0.000477788,0.000334437
-9.53014,0.000406973,4.68384e-05
-9.52525,6.01538e-06,0.000357855
-9.52036,0.000711132,-0.000305246
-9.51546,0.0012876,0.000968978
-9.51057,0.000285334,0.00147355
-9.50568,-0.000423971,0.00113542
-9.50078,-0.000344378,8.00607e-05
-9.49589,0.00070104,0.000493008
-9.491,7.52974e-05,0.000928695
-9.48611,0.000331365,0.000805015
-9.48121,-0.000227728,0.00116471
-9.47632,-0.000326793,0.000710089
-9.47143,-0.000622544,0.000398671
-9.46653,0.000436708,-0.000118868
-9.46164,0.000172581,0.00125307
-9.45675,-0.000484619,0.000139393
-9.45186,0.000561415,0.000564404
-9.44696,-0.00033926,0.000830132
-9.44207,4.2499e-05,0.000228533
-9.43718,-2.79814e-06,0.000698899
-9.43229,-7.43268e-05,4.0481e-05
-9.42739,0.000817325,0.000591351
-9.4225,-6.80287e-05,0.00103821
-9.41761,0.000331942,0.000590468
-9.41271,-0.000132764,0.00141978
-9.40782,-0.000599829,0.000527934
-9.40293,-0.000161446,0.00068794
-9.39804,-0.000617731,0.000430001
-9.39314,-3.38459e-05,4.72815e-06
-9.38825,0.000191777,0.000697455
-9.38336,-0.000619224,0.000510968
-9.37847,-1.60876e-05,-0.000165881
-9.37357,0.000183451,0.000385584
-9.36868,2.85634e-05,0.000233982
-9.36379,0.00021261,7.90636e-05
-9.35889,0.000832192,0.000435308
-9.354,0.000110215,0.00106663
-9.34911,0.000219933,0.000583402
-9.34422,-0.000381459,0.00105891
-9.33932,-1.2709e-05,-0.000296086
-9.33443,0.000769629,0.00115606
-9.32954,-0.000620508,0.000835375
-9.32465,-5.99285e-05,0.000361973
-9.31975,-2.26073e-05,0.00040141
-9.31486,7.12474e-05,0.000746825
-9.30997,-0.000461122,0.000414436
-9.30507,-3.8078e-05,9.95929e-05
-9.30018,0.000256188,4.88544e-05
-9.29529,0.000549615,0.000638042
-9.2904,3.33104e-05,0.000611882
-9.2855,0.00024461,0.000756128
-9.28061,-0.000419721,0.000530117
-9.27572,0.000377571,7.73959e-05
-9.27082,0.000159745,0.000944834
-9.26593,-0.000285897,0.000156415
-9.26104,0.000707985,0.000289132
-9.25615,0.000108031,0.0010404
-9.25125,-8.44046e-05,0.000413841
-9.24636,-7.12948e-05,0.000532374
-9.24147,0.000186159,-0.000236536
-9.23658,0.00109292,0.000564618
-9.23168,0.000542512,0.000902698
-9.22679,0.000683663,0.00136758
-9.2219,-0.000488548,0.00143297
-9.217,-0.000362823,0.000392958
-9.21211,0.00042359,0.000425541
-9.20722,0.000331945,0.00150608
-9.20233,-0.00105671,0.000665006
-9.19743,0.000792712,-0.000152905
-9.19254,0.000367472,0.00189213
-9.18765,-0.000659514,0.000697467
-9.18275,0.00019609,0.00110519
-9.17786,-0.000919217,0.00107432
-9.17297,-0.000400576,0.000316531
-9.16808,-0.000390664,0.000678137
-9.16318,-0.000488948,0.000367273
-9.15829,-0.000326648,0.000154277
-9.1534,0.000146503,0.000293309
-9.14851,-0.000339604,0.000581476
-9.14361,2.13493e-05,-0.000113938
-9.13872,0.000358263,0.000637605
-9.13383,-3.72035e-05,0.000491917
-9.12893,-3.02888e-05,0.00068051
-9.12404,-0.000159804,3.12581e-05
-9.11915,0.000748104,0.000608769
-9.11426,-0.000299919,0.000866192
-9.10936,0.0004537,0.000177558
-9.10447,0.00034979,0.00139402
-9.09958,-0.000487981,0.00084415
-9.09469,-9.27174e-05,0.000781293
-9.08979,-0.000563782,0.000799594
-9.0849,-0.000463078,0.000361902
-9.08001,-0.000457462,0.000176433
-9.07511,0.000168673,-0.00012703
-9.07022,0.000236582,0.000654506
-9.06533,-0.000149644,7.02451e-05
-9.06044,0.000889867,0.000438699
-9.05554,-5.05517e-05,0.00125155
-9.05065,-0.000139386,0.000336436
-9.04576,0.000273647,0.000768263
-9.04086,-1.29277e-05,0.000746214
-9.03597,-3.18332e-06,0.0009612
-9.03108,-0.000387006,0.000721525
-9.02619,-0.000134946,0.00066533
-9.02129,-0.000365647,0.000671715
-9.0164,-0.000333128,0.000573
-9.01151,-0.000430305,0.00027969
-9.00662,8.67222e-05,0.000354533
-9.00172,-0.000282686,0.000719804
-8.99683,-0.000603805,0.000355047
-8.99194,-0.000320248,-0.000399576
-8.98704,0.000730634,9.7915e-05
-8.98215,0.000165725,0.000617936
-8.97726,0.000418976,0.000797821
-8.97237,-0.000813409,0.000936482
-8.96747,-0.000134658,-0.000385489
-8.96258,0.000159115,0.000519949
-8.95769,-6.12021e-05,-0.000126095
-8.9528,0.000723133,0.000182113
-8.9479,0.000583489,0.000874051
-8.94301,-0.000215381,0.00082558
-8.93812,0.000246923,0.00020526
-8.93322,0.000294539,0.000788627
-8.92833,0.000305284,0.000751923
-8.92344,-0.000356398,0.00115066
-8.91855,-0.00034342,0.000117105
-8.91365,6.92345e-05,0.000431226
-8.90876,0.000233996,0.000293854
-8.90387,-5.85883e-05,0.000694946
-8.89897,0.000381262,3.55183e-05
-8.89408,0.000149665,0.0010908
-8.88919,0.00019426,-0.000230196
-8.8843,0.00100008,0.00146847
-8.8794,-0.000570771,0.000741384
-8.87451,0.000462424,0.000859425
-8.86962,-0.000404241,0.000658127
-8.86473,0.000507545,0.000803104
-8.85983,-0.00041694,0.000842142
-8.85494,0.000522456,0.000799051
-8.85005,-0.000687849,0.00141135
-8.84515,-0.000466052,0.000265808
-8.84026,-0.000226238,0.000421217
-8.83537,0.000374953,0.000384561
-8.83048,-8.04016e-06,0.0012799
-8.82558,-0.000518451,0.0008256
-8.82069,-0.00061494,0.000690518
-8.8158,-0.0005178,0.000133517
-8.81091,-1.85439e-05,0.00030049
-8.80601,-0.000226107,0.000478327
-8.80112,-9.01863e-05,0.000274142
-8.79623,-0.000100202,0.0006546
-8.79133,-0.000503015,0.000261192
-8.78644,-9.14644e-05,0.00015751
-8.78155,-0.000292753,-8.63908e-05
-8.77666,0.000643429,-0.000184981
-8.77176,0.000341295,0.00054379
-8.76687,0.000712601,4.88941e-05
-8.76198,0.00100725,0.00140665
-8.75708,-0.000401772,0.00146931
-8.75219,-0.000570277,0.000756718
-8.7473,-0.000538119,0.000260142
-8.74241,0.000105818,4.06784e-05
-8.73751,0.000332066,0.000556604
-8.73262,-0.000163324,0.000743819
-8.72773,-3.48953e-05,-0.000113506
-8.72284,0.00117695,0.00080382
-8.71794,-0.000471375,0.00176755
-8.71305,-0.000772049,0.000297616
-8.70816,-0.000326356,0.000202366
-8.70326,0.000271037,-9.20338e-05
-8.69837,0.000287594,0.000828204
-8.69348,-2.27105e-05,0.000183242
-8.68859,0.000694025,0.000901428
-8.68369,-0.000490828,0.00115383
-8.6788,-0.000424042,0.000133161
-8.67391,0.000426491,0.000284906
-8.66901,1.3009e-05,0.00114186
-8.66412,-0.000744624,0.000341587
-8.65923,0.000123351,-0.000260195
-8.65434,0.000790764,0.000366349
-8.64944,0.000338843,0.00112074
-8.64455,-0.000116892,0.000813753
-8.63966,-0.000221829,0.000825801
-8.63477,-0.000320853,0.00027316
-8.62987,0.000196853,0.000366643
-8.62498,0.000213844,0.00051338
-8.62009,0.000102932,0.000943373
-8.6152,-0.000424701,0.000409738
-8.6103,0.000413848,0.000333455
-8.60541,-0.000100171,0.00097371
-8.60052,-0.000185393,0.000100078
-8.59562,0.0007214,0.000663964
-8.59073,-0.000254602,0.00119471
-8.58584,-0.000210918,0.000532958
-8.58095,-0.000513874,0.000596345
-8.57605,0.000281974,-0.00018832
-8.57116,0.000172858,0.00131827
-8.56627,-0.000698006,-0.000151385
-8.56137,0.000850473,0.000408522
-8.55648,-0.000179179,0.000627094
-8.55159,0.000650579,0.000555783
-8.5467,-0.000213878,0.00106192
-8.5418,0.000147147,0.000518344
-8.53691,-0.000363317,0.00102809
-8.53202,-0.000264746,-3.59598e-05
-8.52713,0.000480799,0.000624539
-8.52223,-0.000216948,0.000687375
-8.51734,0.000145059,0.00036702
-8.51245,8.78438e-05,0.000527014
-8.50755,0.00063528,0.000565076
-8.50266,1.41415e-05,0.00161159
-8.49777,-0.000757292,0.000682097
-8.49288,-0.000454635,0.000509584
-8.48798,-0.000327296,-0.000193172
-8.48309,0.000626239,0.000398025
-8.4782,-0.000137073,0.000803368
-8.4733,-0.000210815,0.000292772
-8.46841,0.000295941,-5.81812e-05
-8.46352,0.000844336,0.000838972
-8.45863,-0.000166822,0.00111655
-8.45373,-0.000225057,0.000510222
-8.44884,2.20858e-05,0.000288193
-8.44395,0.000381651,0.000478137
-8.43906,0.000342731,0.000729459
-8.43416,7.65586e-05,0.000925423
-8.42927,0.000189743,0.000499662
-8.42438,0.00032117,0.00146429
-8.41948,-0.00108034,0.000735129
-8.41459,0.000311992,-0.000170511
-8.4097,0.000415951,0.00118656
-8.40481,-0.000567241,0.000874195
-8.39991,-0.000197182,0.000238598
-8.39502,2.13259e-05,0.000445759
-8.39013,0.000238224,0.000270054
-8.38523,0.000468365,0.000766693
-8.38034,0.000427783,0.00101127
-8.37545,-0.000393371,0.00174294
-8.37056,-0.00111071,0.000228629
-8.36566,9.63496e-05,0.000272309
-8.36077,-0.000228926,0.000394543
-8.35588,-4.41786e-05,0.000512179
-8.35099,-8.91268e-05,-0.00013521
-8.34609,0.000986564,0.000794908
-8.3412,-0.000351013,0.00108847
-8.33631,-3.25234e-05,0.000804451
-8.33142,-0.000874182,0.000447795
-8.32652,0.00019239,-9.27228e-05
-8.32163,-0.000221611,0.000152381
-8.31674,0.00104583,-0.000291348
-8.31184,0.000830327,0.00125541
-8.30695,0.00019138,0.00101558
-8.30206,-0.000120553,0.000796018
-8.29717,0.000610714,0.000560028
-8.29227,8.56872e-05,0.00145225
-8.28738,6.40259e-05,0.000739487
-8.28249,-4.40762e-05,0.00164334
-8.27759,-0.000903502,0.000821353
-8.2727,-0.000427304,0.000673027
-8.26781,-0.00071811,0.00023423
-8.26292,0.000103782,9.62377e-05
-8.25802,-2.82669e-05,0.000448957
-8.25313,0.000239663,0.000515699
-8.24824,-0.000473317,0.000671182
-8.24335,0.00026891,-0.000391055
-8.23845,0.000778414,0.00105924
-8.23356,-0.000337297,0.000616707
-8.22867,0.000383206,0.000375897
-8.22377,0.000386148,0.000613919
-8.21888,0.00042624,0.00101592
-8.21399,0.000143002,0.000791231
-8.2091,0.000388795,0.00140039
-8.2042,-0.000722815,0.0011099
-8.19931,-0.000155187,0.000407828
-8.19442,0.000250689,0.000680986
-8.18952,-7.26096e-05,0.00144139
-8.18463,-0.000725986,0.000475725
-8.17974,0.000104545,0.000980007
-8.17485,-0.00109687,0.000250896
-8.16995,0.000871093,7.5753e-05
-8.16506,-0.000323241,0.00128802
-8.16017,7.73718e-05,0.000377461
-8.15528,-0.000371781,0.00107785
-8.15038,-0.000208254,0.000249656
-8.14549,-0.000193964,0.000675115
-8.1406,-5.31498e-05,0.000143111
-8.1357,0.000437093,0.000395178
-8.13081,0.000657984,0.00120336
-8.12592,-0.000710554,0.00135256
-8.12103,-0.000261061,0.000308217
-8.11613,-0.000215692,0.000637155
-8.11124,0.000357752,0.000446426
-8.10635,-7.07339e-05,0.00137029
-8.10145,-0.000459469,0.000852471
-8.09656,-0.000601283,0.00081743
-8.09167,-0.000504947,0.000593149
-8.08678,-0.000989464,0.000215165
-8.08188,0.000259941,-0.000294365
-8.07699,-0.000288591,0.000741731
-8.0721,0.000114157,-0.000338881
-8.06721,0.000373694,0.000914563
-8.06231,-0.000328952,0.000379936
-8.05742,-7.06362e-05,0.000158298
-8.05253,0.000722001,0.00012646
-8.04764,0.000122432,0.00126171
-8.04274,-5.14753e-05,0.000217788
-8.03785,0.000139998,0.0010542
-8.03296,-0.000323995,0.000183807
-8.02806,0.000299253,0.000586582
-8.02317,9.79247e-05,0.000220817
-8.01828,0.000761747,0.000851997
-8.01339,3.95331e-05,0.0013239
-8.00849,-0.000786441,0.00101542
-8.0036,-0.000274013,-0.000276974
-7.99871,0.000408729,0.00066787
-7.99381,0.000101078,0.000136321
-7.98892,0.000817971,0.00120849
-7.98403,-0.000681516,0.00096082
-7.97914,0.000151479,0.000380053
-7.97424,-0.000188521,0.000768488
-7.96935,-8.35824e-05,0.000310371
-7.96446,0.000276616,0.000310214
-7.95957,0.000385688,0.000706939
-7.95467,0.000378747,0.000574638
-7.94978,0.000473202,0.00142485
-7.94489,-0.000712352,0.00097527
-7.93999,-0.000110149,0.000401363
-7.9351,-0.000157116,0.000198835
-7.93021,0.000991415,0.000338186
-7.92532,0.000299866,0.00159662
-7.92042,-0.00044146,0.000633357
-7.91553,0.000758414,0.000314455
-7.91064,0.000784703,0.00202842
-7.90574,-0.00110619,0.00161725
-7.90085,-0.000465829,0.000543939
-7.89596,-0.000621,0.000685059
-7.89107,5.95022e-05,4.67016e-05
-7.88617,0.000365001,0.000873911
-7.88128,0.000234649,0.0010418
-7.87639,-0.00047934,0.00150864
-7.8715,-0.000703968,0.000274682
-7.8666,0.000273581,0.000720983
-7.86171,-0.000429698,0.000953266
-7.85682,-0.000193584,0.000504716
-7.85192,5.38397e-05,0.000833768
-7.84703,-0.000491498,0.0011373
-7.84214,-0.000686413,0.000199571
-7.83725,0.000206274,0.000449528
-7.83235,-0.000285168,0.000629668
-7.82746,0.000168738,0.000465911
-7.82257,4.2872e-05,0.000783749
-7.81767,0.000135362,0.00113821
-7.81278,-0.00101107,0.000962533
-7.80789,-8.10193e-05,-0.000159687
-7.803,0.000178451,0.000863577
-7.7981,-2.99523e-05,0.000620842
-7.79321,-0.000153806,0.0010011
-7.78832,-0.000203008,0.000637751
-7.78343,-0.000512858,0.000947145
-7.77853,-0.000209077,-0.000159452
-7.77364,0.00076215,0.00121616
-7.76875,-0.00103224,0.00148311
-7.76385,-0.000996254,-8.48921e-05
-7.75896,0.000406244,-3.68321e-05
-7.75407,-4.0464e-05,0.00118561
-7.74918,-0.00057517,0.00029586
-7.74428,-4.44909e-05,0.000458333
-7.73939,4.38812e-05,0.00023439
-7.7345,0.00022949,0.00114202
-7.72961,-0.000710694,0.000695265
-7.72471,-0.000518015,0.000575813
-7.71982,-0.000615799,-0.00057445
-7.71493,0.00124808,0.000267265
-7.71003,-0.00032532,0.00117666
-7.70514,0.000129069,0.000214207
-7.70025,-7.004e-05,0.000820539
-7.69536,0.000188644,0.000226809
-7.69046,0.000425218,0.00118689
-7.68557,-0.000717261,0.00108463
-7.68068,-0.000473456,1.05287e-05
-7.67579,0.000181793,0.000278967
-7.67089,0.000363623,0.000168212
-7.666,0.00084463,0.00126246
-7.66111,-0.000608934,0.00130826
-7.65621,-0.000297924,0.000650377
-7.65132,-0.000531613,0.000422345
-7.64643,0.000328371,0.00042918
-7.64154,-0.0004605,0.000823897
-7.63664,0.000161188,0.000121483
-7.63175,2.6824e-05,0.000775827
-7.62686,0.000388776,0.000333415
-7.62196,0.000495936,0.00138028
-7.61707,-0.000411517,0.00162802
-7.61218,-0.00138536,0.000768072
-7.60729,-0.000119141,-0.00022193
-7.60239,-0.000259773,0.000994557
-7.5975,-0.000554104,-7.03186e-05
-7.59261,0.000146093,0.000412576
-7.58772,-8.46794e-05,0.000213978
-7.58282,0.000306203,0.000738539
-7.57793,-0.000573647,0.000649796
-7.57304,-0.000153766,-0.000163385
-7.56814,0.000535164,0.000162873
-7.56325,0.000491851,0.000625673
-7.55836,0.000370549,0.000956817
-7.55347,-0.000324604,0.000878023
-7.54857,0.000109718,0.000132043
-7.54368,0.000628324,0.000731646
-7.53879,0.000327124,0.00123119
-7.53389,-0.000392574,0.00108937
-7.529,0.000105231,0.000584282
-7.52411,-0.000208802,0.00130598
-7.51922,-0.000454726,0.00048963
-7.51432,-0.000106299,0.000830991
-7.50943,-0.000374164,0.00047211
-7.50454,-4.96356e-05,0.000558354
-7.49965,6.30765e-05,0.000396777
-7.49475,0.000241723,0.00105096
-7.48986,-0.000388707,0.000808191
-7.48497,-5.72232e-05,0.000819692
-7.48007,-0.000439974,0.000861923
-7.47518,-0.000575421,0.000792574
-7.47029,-0.000913126,-1.94226e-05
-7.4654,0.000384925,-0.000265048
-7.4605,0.000199078,0.000736019
-7.45561,-0.000106338,0.000249557
-7.45072,0.000378691,0.000318051
-7.44583,0.000428045,0.000582477
-7.44093,0.000516262,0.000910085
-7.43604,-7.83727e-06,0.00139326
-7.43115,-0.000774245,0.000661781
-7.42625,0.000318753,-8.21715e-05
-7.42136,0.000584325,0.00132254
-7.41647,-0.000576116,0.00076124
-7.41158,0.000661135,0.000580969
-7.40668,-0.000278014,0.0018549
-7.40179,-0.00109065,0.000466949
-7.3969,1.91997e-05,-8.14809e-06
-7.392,0.000545976,0.000736426
-7.38711,-0.000105267,0.00137287
-7.38222,-0.000644389,0.000796748
-7.37733,-0.000356218,0.000402175
-7.37243,1.9835e-05,0.00026676
-7.36754,0.000692766,0.000735619
-7.36265,-2.96314e-05,0.0019784
-7.35776,-0.00130287,0.00094365
-7.35286,-0.000541125,0.000556106
-7.34797,-0.00103274,6.78678e-05
-7.34308,0.000650573,3.5377e-05
-7.33818,-0.000655368,0.00132586
-7.33329,-0.000266943,-0.000193266
-7.3284,-0.000230613,0.00110099
-7.32351,-0.000781407,-0.000136529
-7.31861,6.56657e-06,0.000172863
-7.31372,7.0582e-05,-0.000134553
-7.30883,0.000458489,0.000615867
-7.30394,3.77647e-05,0.000445131
-7.29904,0.000132375,0.000742682
-7.29415,2.38308e-05,0.000396916
-7.28926,0.000110318,0.000941769
-7.28436,-0.000280049,0.000489305
-7.27947,-0.000266439,0.000724633
-7.27458,-0.000245567,-0.000362811
-7.26969,0.00105578,0.000662619
-7.26479,-0.000278537,0.00102619
-7.2599,0.000196759,0.000406826
-7.25501,0.000154945,0.00102092
-7.25011,-0.000464466,0.000846084
-7.24522,-0.000144303,0.000207263
-7.24033,4.02332e-05,0.000703826
-7.23544,-0.000107451,0.00027956
-7.23054,0.000146444,0.000611772
-7.22565,0.000218582,0.000174146
-7.22076,0.000612741,0.0011496
-7.21587,-0.000209208,0.000725526
-7.21097,0.000455544,0.00126709
-7.20608,-0.000964094,0.00120511
-7.20119,-0.00041946,0.000335397
-7.19629,-0.000503643,0.000504582
-7.1914,-0.000380995,8.05165e-05
-7.18651,0.000139489,-0.000186319
-7.18162,0.000685918,0.000616276
-7.17672,-8.52769e-05,0.000818075
-7.17183,-7.76904e-05,0.000569197
-7.16694,2.0521e-06,0.000205912
-7.16205,0.000484099,0.000848297
-7.15715,-0.000575678,0.000729203
-7.15226,-0.000104606,-4.77773e-05
-7.14737,0.000426242,-0.00019141
-7.14247,0.00127149,0.000636681
-7.13758,0.000396259,0.00132845
-7.13269,0.00013089,0.00124293
-7.1278,-0.000541125,0.000768622
-7.1229,0.000391373,0.00028743
-7.11801,0.000247703,0.00110586
-7.11312,-8.48249e-05,0.000778947
-7.10822,0.000173417,0.000731655
-7.10333,-7.98187e-05,0.00113325
-7.09844,-0.000452326,0.000281711
-7.09355,0.000668566,0.000450455
-7.08865,0.000158168,0.00099715
-7.08376,0.000244508,0.000948275
-7.07887,-0.000203437,0.000759776
-7.07398,0.000717078,0.000742478
-7.06908,-0.000162848,0.001746
-7.06419,-0.000548159,0.000553382
-7.0593,0.000407611,0.00076127
-7.0544,-0.000224082,0.00158573
-7.04951,-0.000871633,0.000438652
-7.04462,0.000540565,0.000543551
-7.03973,-0.000489132,0.00146191
-7.03483,-0.00054994,0.000214655
-7.02994,0.000222474,0.000563744
-7.02505,-5.28436e-05,0.000813708
-7.02015,0.000175625,0.000655696
-7.01526,8.96437e-05,0.00153342
-7.01037,-0.00118485,0.000841419
-7.00548,-1.0408e-05,-5.78738e-05
-7.00058,0.000219708,0.000903657
-6.99569,-0.000247224,0.000992892
-6.9908,-0.000517719,0.000583014
-6.98591,1.22713e-05,0.000570584
-6.98101,-0.000538318,0.000729638
-6.97612,-0.000140897,5.55331e-05
-6.97123,0.000253677,0.000411426
-6.96634,0.000306402,0.000723693
-6.96144,4.51534e-05,0.000707342
-6.95655,0.000428137,0.00111503
-6.95166,-0.000934266,0.00118008
-6.94676,1.61586e-06,-0.000351944
-6.94187,0.000828387,0.00117122
-6.93698,-0.00044177,0.00142029
-6.93209,-0.000638732,0.000512092
-6.92719,0.000209621,0.000483094
-6.9223,-0.000256094,0.0010682
-6.91741,-0.000206647,0.000510511
-6.91251,-0.000223717,0.000846862
-6.90762,-0.000184092,0.000437454
-6.90273,-0.000130868,0.000696771
-6.89784,0.000209683,0.000355061
-6.89294,0.000145472,0.00145637
-6.88805,-0.000817205,0.000547753
-6.88316,0.000403381,0.000547067
-6.87827,-0.000289734,0.0013582
-6.87337,-0.000637925,0.000932699
-6.86848,-0.000978973,0.00062476
-6.86359,-0.00056011,9.94524e-06
-6.85869,-0.000537506,0.000150088
-6.8538,2.04599e-05,-0.000576431
-6.84891,0.000670157,0.000414335
-6.84402,0.000160851,0.000214109
-6.83912,0.000848239,0.000690651
-6.83423,0.000138358,0.000873839
-6.82934,0.000556845,0.0011313
-6.82444,-0.000631129,0.0011372
-6.81955,0.000343726,0.000415514
-6.81466,-0.000301062,0.00154218
-6.80977,-0.000530392,0.000317471
-6.80487,4.0633e-05,0.000787369
-6.79998,-0.000142361,0.000750475
-6.79509,-0.000454299,0.00114678
-6.7902,-0.000840517,0.000281713
-6.7853,-0.000267132,0.00027156
-6.78041,-0.000279608,-4.19328e-06
-6.77552,0.000334712,0.000350699
-6.77062,-0.000210184,0.000517892
-6.76573,0.000119474,0.000279085
-6.76084,-0.000212632,0.000495193
-6.75595,0.00016901,-0.00019279
-6.75105,0.000641398,0.000654265
-6.74616,-0.000107983,0.000459491
-6.74127,0.000548684,0.000192341
-6.73637,0.0005614,0.000581619
-6.73148,0.000821455,0.000875242
-6.72659,0.00016525,0.00136505
-6.7217,-1.81828e-05,0.000855903
-6.7168,3.16442e-05,0.000856267
-6.71191,0.000285465,0.000854476
-6.70702,-0.000149126,0.00129778
-6.70213,-0.000305391,0.000706865
-6.69723,-0.000327864,0.000919384
-6.69234,-0.000394804,3.08643e-06
-6.68745,0.000955635,0.00054822
-6.68256,-0.000125839,0.00179645
-6.67766,-0.00116451,0.000628432
-6.67277,-0.000337877,-0.000344036
-6.66788,0.000598859,-3.07997e-05
-6.66298,0.000683447,0.0007081
-6.65809,0.00030422,0.00100912
-6.6532,-0.000246374,0.000861738
-6.64831,0.000119677,-2.20793e-05
-6.64341,0.00102213,0.000798428
-6.63852,0.000279168,0.00119994
-6.63363,0.000281413,0.00135126
-6.62873,-0.000690156,0.00101015
-6.62384,0.000222806,0.000241581
-6.61895,0.000273288,0.000879323
-6.61406,0.000610404,0.000997114
-6.60916,-0.00036904,0.00169028
-6.60427,-0.000386653,0.000450901
-6.59938,-7.39052e-05,0.000936168
-6.59449,-7.89819e-06,0.000305618
-6.58959,0.000550389,0.00115515
-6.5847,-0.000226933,0.00125902
-6.57981,-0.000497275,0.00106402
-6.57491,-0.000451057,0.000316894
-6.57002,0.000244256,0.000579358
-6.56513,1.72425e-05,0.000883173
-6.56024,-0.000233164,0.000777469
-6.55534,0.000138844,0.000464703
-6.55045,5.5e-05,0.00104682
-6.54556,-1.22185e-05,0.000569247
-6.54066,3.6932e-05,0.00113701
-6.53577,-0.000160871,0.000472207
-6.53088,0.000228018,0.00126204
-6.52599,-0.000670988,0.0006049
-6.52109,0.000210895,0.000599874
-6.5162,-0.000131818,0.000491046
-6.51131,0.000704558,0.00100499
-6.50642,-0.000546955,0.0014067
-6.50152,-0.000442009,0.000583444
-6.49663,-0.000274504,0.000173841
-6.49174,0.000896522,0.0006779
-6.48684,-0.000391574,0.00161368
-6.48195,-0.000462797,0.000328828
-6.47706,0.000205518,0.000549521
-6.47217,0.00029075,0.0010356
-6.46727,-0.000404128,0.00114971
-6.46238,-0.0002274,0.000809918
-6.45749,-0.000833282,0.000879417
-6.45259,-0.000462627,-0.00022455
-6.4477,0.000297297,5.69423e-05
-6.44281,0.000753256,0.00041104
-6.43792,0.000247298,0.00133531
-6.43302,-0.000305939,0.000427886
-6.42813,0.000768271,0.000673439
-6.42324,-0.000134936,0.00158302
-6.41835,-0.000511715,0.000411211
-6.41345,0.000262161,0.000907413
-6.40856,-0.00091489,0.000535835
-6.40367,0.000585074,-0.000526287
-6.39878,0.00100134,0.00108728
-6.39388,0.000172869,0.00112881
-6.38899,9.27245e-05,0.00101264
-6.3841,-0.000138916,0.000899205
-6.3792,0.000127341,0.000232495
-6.37431,0.00111459,0.00116797
-6.36942,-0.000387947,0.00159648
-6.36453,0.000251955,0.000714267
-6.35963,-0.000215991,0.00151016
-6.35474,-5.91137e-05,0.000695337
-6.34985,-0.000188699,0.00141567
-6.34495,-0.000412722,0.000785915
-6.34006,-0.000564163,0.000835229
-6.33517,8.82338e-05,0.000160329
-6.33028,-0.000125681,0.00103687
-6.32538,0.000442966,4.15097e-05
-6.32049,0.00031704,0.00220231
-6.3156,-0.00148445,0.000145357
-6.31071,0.000863505,-4.83486e-05
-6.30581,0.000603049,0.000862301
-6.30092,0.000780736,0.00166669
-6.29603,-0.000707775,0.00171261
-6.29113,-0.000518829,0.00088561
-6.28624,-0.000647264,0.000757398
-6.28135,-0.000363089,0.000265425
-6.27646,0.00024964,0.000254874
-6.27156,0.000286761,0.00088941
-6.26667,0.000257937,0.000644732
-6.26178,9.90608e-05,0.00153063
-6.25688,-0.00071725,0.000219558
-6.25199,0.00106515,0.000629959
-6.2471,-0.000215026,0.00146822
-6.24221,0.000145784,0.000590561
-6.23731,0.000342095,0.00118026
-6.23242,0.000141971,0.00151929
-6.22753,-0.000731632,0.00145273
-6.22264,-0.000554188,0.000512201
-6.21774,0.000140249,0.00071378
-6.21285,-0.00017478,0.00132092
-6.20796,-0.000641079,0.000779748
-6.20306,-0.000334489,0.000677207
-6.19817,-0.00023695,0.000219155
-6.19328,0.000550138,0.000946661
-6.18839,-0.00056516,0.00109362
-6.18349,9.20352e-09,0.000609288
-6.1786,-0.000539946,0.00105157
-6.17371,-0.000552801,0.000163254
-6.16881,1.92751e-05,-4.85061e-05
-6.16392,0.000807541,0.000225285
-6.15903,0.000688104,0.00110818
-6.15414,0.00021644,0.00125004
-6.14924,-0.000137666,0.00114255
-6.14435,-0.000299408,0.000818402
-6.13946,0.000119943,0.000296924
-6.13457,0.000716673,0.00119061
-6.12967,-0.000467038,0.00121179
-6.12478,0.000203235,0.000459767
-6.11989,0.000239352,0.00119607
-6.115,-0.000114466,0.0008951
-6.1101,0.000265035,0.000790401
-6.10521,0.000196882,0.00124936
-6.10032,6.92368e-05,0.0009057
-6.09542,0.000215301,0.00162433
-6.09053,-0.000734262,0.000723152
-6.08564,0.000982144,0.000994104
-6.08075,-0.000708855,0.00198922
-6.07585,-9.61215e-05,0.000576486
-6.07096,-0.00033743,0.0017716
-6.06607,-0.000720817,0.000644587
-6.06117,-0.000248313,0.000862918
-6.05628,0.000119423,0.000624688
-6.05139,1.26717e-05,0.00176627
-6.0465,-0.000946011,0.00114715
-6.0416,-0.000746213,0.000918175
-6.03671,-0.000827841,0.000289718
-6.03182,-5.36498e-05,0.000307611
-6.02693,-2.7079e-05,0.000622627
-6.02203,-8.35843e-05,0.000833821
-6.01714,-0.000296522,0.000665243
-6.01225,-9.99776e-06,0.000568715
-6.00735,2.38812e-05,0.000914466
-6.00246,-0.000394897,0.000831677
-5.99757,-0.000266034,0.000538882
-5.99268,-0.000249151,0.000142063
-5.98778,0.00104516,0.000362351
-5.98289,3.78583e-05,0.00169374
-5.978,4.64627e-05,0.000433478
-5.9731,0.000213533,0.00172034
-5.96821,-0.000718856,0.000528927
-5.96332,0.000437939,0.000864777
-5.95843,-6.40607e-05,0.000846191
-5.95353,0.000503799,0.00151506
-5.94864,-0.000877067,0.00147266
-5.94375,-0.000366867,0.000718179
-5.93886,-0.000280327,0.000824124
-5.93396,-0.000125288,0.00130981
-5.92907,-0.00117762,0.000836205
-5.92418,-0.00019828,0.000232427
-5.91928,-0.000453463,0.00058022
-5.91439,0.000122128,0.000295307
-5.9095,-0.000146048,0.000781591
-5.90461,5.19706e-05,0.000435027
-5.89971,0.000106918,0.000665048
-5.89482,0.000349617,0.000868706
-5.88993,-0.000134704,0.00107069
-5.88503,-1.85392e-05,0.00106262
-5.88014,-0.000727789,0.000764337
-5.87525,0.000231513,0.000380555
-5.87036,-0.000294727,0.000787321
-5.86546,0.000654368,0.000538592
-5.86057,-0.000444498,0.00154172
-5.85568,4.23033e-05,0.000299716
-5.85079,-0.00045098,0.00141077
-5.84589,-0.000142899,-0.000278218
-5.841,0.000403612,0.00130332
-5.83611,-0.000234488,6.50576e-05
-5.83121,0.00105139,0.00119047
-5.82632,-0.000207978,0.00140327
-5.82143,-0.000277261,0.00121688
-5.81654,-0.000260757,0.000538856
-5.81164,8.84494e-05,0.00129108
-5.80675,-0.000562683,0.000548753
-5.80186,0.000311781,0.000873374
-5.79697,-0.000164398,0.000923161
-5.79207,-0.000145511,0.001265
-5.78718,-0.000527041,0.00050397
-5.78229,-2.88981e-05,0.00118559
-5.77739,-0.000977571,1.94636e-05
-5.7725,0.00103578,0.000360894
-5.76761,-0.000246006,0.00116523
-5.76272,0.000405314,0.000748338
-5.75782,-0.000484915,0.00122731
-5.75293,-0.000123885,0.00038863
-5.74804,-5.30184e-05,0.000392018
-5.74314,0.00109069,0.000667667
-5.73825,-0.000145202,0.00189403
-5.73336,-0.000118414,0.000624746
-5.72847,-0.00017365,0.00168364
-5.72357,-0.00101989,0.00030301
-5.71868,0.000492052,0.000377475
-5.71379,-0.000286803,0.000987671
-5.7089,0.000165805,6.42025e-05
-5.704,0.000751617,0.00103797
-5.69911,-6.00486e-06,0.00108948
-5.69422,0.000254,0.000826924
-5.68932,0.000493011,0.001078
-5.68443,0.000152404,0.00183476
-5.67954,-0.000815564,0.00107755
-5.67465,0.000214349,0.000792154
-5.66975,-0.000492493,0.00148053
-5.66486,-0.0005323,0.000437293
-5.65997,5.60482e-05,0.000736905
-5.65508,-0.000206689,0.000663446
-5.65018,0.000282704,0.000451352
-5.64529,0.000608687,0.000996754
-5.6404,0.000360103,0.00155377
-5.6355,-0.000489465,0.00173345
-5.63061,-0.000815326,0.00072043
-5.62572,-7.15307e-05,0.000635062
-5.62083,-0.000258615,0.000729322
-5.61593,0.000197597,0.000476304
-5.61104,0.000469383,0.00109193
-5.60615,-5.55868e-05,0.00144663
-5.60125,-0.000468976,0.00115849
-5.59636,-0.000600767,0.000571372
-5.59147,0.000511435,0.000126115
-5.58658,0.000748709,0.00173332
-5.58168,-0.000593469,0.00154818
-5.57679,-0.000570075,0.00106197
-5.5719,-0.000420408,0.000398157
-5.56701,0.000394562,0.00117609
-5.56211,-0.00105477,0.00117416
-5.55722,-0.000255043,-0.000120112
-5.55233,0.000430858,0.000496689
-5.54743,0.000572039,0.000877515
-5.54254,0.000230598,0.00136934
-5.53765,6.66015e-07,0.00121644
-5.53276,-0.000119309,0.00142378
-5.52786,-0.000655042,0.0011882
-5.52297,-0.000334712,0.00057793
-5.51808,-7.71886e-05,0.00103514
-5.51319,-0.000417939,0.000787086
-5.50829,-0.00024119,0.000830725
-5.5034,-0.00028344,0.000253649
-5.49851,0.000773753,0.000958589
-5.49361,-0.000750203,0.00147317
-5.48872,-0.000232364,-0.000116971
-5.48383,0.000775081,0.000933576
-5.47894,-0.000139059,0.00132018
-5.47404,-3.9966e-05,0.000764137
-5.46915,0.000117767,0.00133651
-5.46426,-0.000713913,0.00101436
-5.45936,-6.21938e-05,0.000471797
-5.45447,-0.000263861,0.000983608
-5.44958,-0.000187983,5.584e-05
-5.44469,0.000975262,0.000886299
-5.43979,-0.000390825,0.00155051
-5.4349,-0.000104602,0.000370067
-5.43001,1.87553e-05,0.00119235
-5.42512,-0.000381177,0.000149589
-5.42022,0.000963672,0.000465594
-5.41533,0.000642537,0.0013867
-5.41044,-5.30394e-05,0.00152937
-5.40554,-0.000111134,0.000764224
-5.40065,0.000297609,0.00120258
-5.39576,0.000113459,0.000991877
-5.39087,0.0001202,0.00179067
-5.38597,-0.000937325,0.000846284
-5.38108,0.000147995,0.000655222
-5.37619,-0.000199614,0.000587185
-5.37129,0.000685439,0.000798797
-5.3664,9.95918e-05,0.00105178
-5.36151,0.000641339,0.00121896
-5.35662,-0.000160587,0.00125331
-5.35172,0.000789598,0.00119102
-5.34683,-0.000190592,0.00201751
-5.34194,-9.30309e-05,0.0013258
-5.33705,-0.000467077,0.00175244
-5.33215,-0.000558223,0.00121095
-5.32726,-0.000782072,0.00120752
-5.32237,-0.000653196,0.000526756
-5.31748,-4.58356e-05,0.000360369
-5.31258,0.000458712,0.00103948
-5.30769,-0.000262937,0.00116723
-5.3028,0.000167815,0.0010363
-5.2979,-0.000321167,0.0012258
-5.29301,-1.98692e-05,0.00108393
-5.28812,-0.000564336,0.000883946
-5.28323,0.000668472,0.000688792
-5.27833,-9.09081e-05,0.00188094
-5.27344,-0.000178835,0.00126835
-5.26855,-0.000831132,0.00167476
-5.26365,-0.000569475,0.000465187
-5.25876,-0.000156084,0.00126245
-5.25387,-0.000598127,0.00100751
-5.24898,-0.000807797,0.000925755
-5.24408,-0.000415604,8.29632e-05
-5.23919,0.000199261,0.000750556
-5.2343,-5.44734e-05,0.000792191
-5.22941,1.42675e-06,0.00113484
-5.22451,-0.000520279,0.00104833
-5.21962,-0.000493905,0.000567184
-5.21473,-0.000110686,0.000646079
-5.20983,-0.000592191,0.000505999
-5.20494,0.000393414,-0.000139958
-5.20005,0.000545404,0.00110339
-5.19516,-2.90284e-05,0.000711545
-5.19026,0.00028676,0.000810556
-5.18537,0.00031318,0.000776684
-5.18048,0.00027003,0.0012695
-5.17558,-0.000221071,0.000787411
-5.17069,0.000464605,0.000719191
-5.1658,0.000213026,0.00111571
-5.16091,0.000402429,0.000784219
-5.15601,0.000682475,0.00154098
-5.15112,-0.000275215,0.00158946
-5.14623,2.05109e-05,0.000979467
-5.14134,7.07318e-05,0.00138562
-5.13644,-8.18411e-05,0.00120338
-5.13155,2.43026e-05,0.00142354
-5.12666,-0.000603847,0.00157466
-5.12176,-0.00086393,0.000375643
-5.11687,0.000770189,0.000414592
-5.11198,0.000173537,0.00175396
-5.10709,-0.000285948,0.00108531
-5.10219,-6.44337e-05,0.00116546
-5.0973,1.65649e-05,0.00132178
-5.09241,-0.000766936,0.00155909
-5.08751,-0.00067143,0.000426038
-5.08262,-0.000193336,0.000756352
-5.07773,-9.92078e-05,0.000370033
-5.07284,0.000197287,0.00098075
-5.06794,-0.000196187,0.000452188
-5.06305,0.00070681,0.000712481
-5.05816,0.000336004,0.00117536
-5.05327,0.000305895,0.00136339
-5.04837,-0.000186555,0.00112409
-5.04348,0.000479276,0.00119979
-5.03859,-0.000491152,0.00176995
-5.0337,-0.000443917,0.000559875
-5.0288,0.00014939,0.00108824
-5.02391,-0.000360907,0.000990109
-5.01902,-0.000277423,0.000555711
-5.01412,0.000644612,0.000151661
-5.00923,0.001003,0.00192139
-5.00434,-0.000973611,0.00129909
-4.99945,0.000599963,0.000282517
-4.99455,0.000316026,0.00154355
-4.98966,0.000486769,0.000894989
-4.98477,0.000427946,0.00219146
-4.97987,-0.000736906,0.00142882
-4.97498,-7.47946e-05,0.00114129
-4.97009,-0.000368138,0.00124831
-4.9652,-0.000183546,0.000976963
-4.9603,-0.00014347,0.00110999
-4.95541,-0.000264132,0.0010006
-4.95052,-6.08245e-06,0.000752895
-4.94563,0.000229282,0.00127519
-4.94073,-0.000565336,0.00117041
-4.93584,6.71485e-05,0.000399857
-4.93095,0.000224607,0.00141266
-4.92605,-0.000670453,0.000473434
-4.92116,0.00112133,0.000359698
-4.91627,6.98347e-05,0.00192667
-4.91138,-0.000223142,2.71834e-05
-4.90648,0.00162401,0.000971429
-4.90159,0.000560129,0.00199975
-4.8967,0.000326242,0.00183745
-4.8918,-0.000274524,0.00171948
-4.88691,0.000195859,0.00142503
-4.88202,-0.000558762,0.00188639
-4.87713,-0.000288147,0.000554234
-4.87223,0.000430465,0.00156978
-4.86734,-0.000407343,0.00110494
-4.86245,0.00056818,0.00120447
-4.85756,-3.60217e-05,0.00162029
-4.85266,0.00031015,0.00164124
-4.84777,-0.000737411,0.00190993
-4.84288,-3.6589e-05,0.000681484
-4.83799,0.000207191,0.00238672
-4.83309,-0.00169731,0.00128287
-4.8282,0.000133079,0.00014224
-4.82331,0.000115144,0.00170555
-4.81841,-0.000534105,0.00102035
-4.81352,-0.000151657,0.00120235
-4.80863,-0.000547543,0.000749081
-4.80374,0.000377163,0.000645531
-4.79884,0.000190324,0.0013569
-4.79395,-9.85776e-05,0.00109602
-4.78906,0.000204041,0.00101303
-4.78416,0.000183289,0.00136376
-4.77927,-4.94903e-05,0.00121257
-4.77438,6.91625e-05,0.00106859
-4.76949,0.000648959,0.0010413
-4.76459,0.000426886,0.00243797
-4.7597,-0.00123979,0.00146833
-4.75481,0.000180358,0.000535065
-4.74992,0.000131282,0.00142828
-4.74502,0.0002704,0.00104951
-4.74013,0.000461455,0.00174431
-4.73524,-0.000118704,0.00188555
-4.73034,-0.000394298,0.00152526
-4.72545,-6.37812e-05,0.00134028
-4.72056,-0.000181493,0.0015803
-4.71567,-0.000102114,0.00132182
-4.71077,0.000115486,0.00174879
-4.70588,-0.000465413,0.00205349
-4.70099,-0.00101168,0.00152077
-4.69609,-0.000611519,0.000883781
-4.6912,-0.000202089,0.0011989
-4.68631,-0.000452778,0.00119089
-4.68142,-0.000118741,0.00128586
-4.67652,-0.000977066,0.0015222
-4.67163,-0.000638421,9.18115e-05
-4.66674,0.000346175,0.000856542
-4.66185,9.60297e-05,0.000628794
-4.65695,0.00101128,0.00160111
-4.65206,-0.000671574,0.00204572
-4.64717,-0.000320138,0.000746182
-4.64227,0.000348374,0.001294
-4.63738,-2.18139e-05,0.00199968
-4.63249,-0.00114378,0.00161262
-4.6276,-0.000729569,0.000405244
-4.6227,0.000272666,0.000534533
-4.61781,0.000337705,0.00133103
-4.61292,4.09178e-05,0.00114378
-4.60802,0.000353885,0.00178796
-4.60313,-0.000838203,0.00157781
-4.59824,-0.000137591,0.000967544
-4.59335,-0.000539342,0.00127295
-4.58845,-8.18165e-05,0.000614356
-4.58356,0.00018093,0.00114066
-4.57867,4.95883e-05,0.00128556
-4.57378,-0.000249904,0.000957169
-4.56888,0.000800765,0.0010101
-4.56399,1.67275e-05,0.00221825
-4.5591,-0.000612415,0.00133696
-4.5542,-0.000416184,0.00101873
-4.54931,0.000216636,0.000739751
-4.54442,0.000316145,0.00146012
-4.53953,0.00016461,0.00142977
-4.53463,-0.000120858,0.00169923
-4.52974,-3.98948e-05,0.00133351
-4.52485,-0.000296843,0.00190323
-4.51996,-0.000660685,0.00105665
-4.51506,-0.000125707,0.00134465
-4.51017,-0.000669681,0.00100243
-4.50528,4.93791e-05,0.000834552
-4.50038,-0.000306764,0.00102342
-4.49549,0.000348194,0.000473587
-4.4906,0.000720476,0.00151436
-4.48571,-7.45734e-05,0.00165318
-4.48081,-0.000245745,0.00127972
-4.47592,4.11395e-06,0.000916163
-4.47103,0.000241808,0.00119851
-4.46614,0.000315829,0.000926419
-4.46124,0.000778601,0.00170046
-4.45635,-0.000154903,0.00158165
-4.45146,0.000552479,0.00147935
-4.44656,-0.000193803,0.00174073
-4.44167,0.000669847,0.00136684
-4.43678,-0.000206542,0.00261729
-4.43189,-0.000661743,0.00120627
-4.42699,-0.000119209,0.00157522
-4.4221,-0.000289581,0.000904946
-4.41721,0.000652665,0.00151939
-4.41231,-0.000190375,0.00180019
-4.40742,0.000169593,0.00164188
-4.40253,-0.000620412,0.00196034
-4.39764,-0.000364338,0.000765841
-4.39274,0.000444302,0.00151025
-4.38785,-0.000216347,0.00159746
-4.38296,8.50346e-06,0.00147775
-4.37807,-0.000256804,0.00133799
-4.37317,0.000390401,0.00121502
-4.36828,0.000157965,0.00187934
-4.36339,-0.000115222,0.00152026
-4.35849,0.000227657,0.00154101
-4.3536,0.000111248,0.00200578
-4.34871,-0.000482841,0.00172678
-4.34382,1.49216e-05,0.00123509
-4.33892,0.000399903,0.00177851
-4.33403,-0.000135877,0.00236023
-4.32914,-0.000916088,0.00157557
-4.32424,0.000200469,0.00111641
-4.31935,-3.76079e-05,0.00209438
-4.31446,-0.000250924,0.00143002
-4.30957,0.000292167,0.00216485
-4.30467,-0.00102384,0.00227071
-4.29978,-0.000634727,0.00108318
-4.29489,-0.000298659,0.00177905
-4.29,-0.000773926,0.00111882
-4.2851,0.000123135,0.00133212
-4.28021,-0.000560311,0.00154706
-4.27532,-8.77618e-05,0.00102473
-4.27042,0.000148147,0.00152345
-4.26553,-0.000266963,0.00181324
-4.26064,-0.000434519,0.000956711
-4.25575,0.000819695,0.00160226
-4.25085,-0.000589467,0.00244384
-4.24596,-0.000813293,0.00133876
-4.24107,-0.000664233,0.000851598
-4.23618,0.000578893,0.000583917
-4.23128,0.00073042,0.00177406
-4.22639,0.000375078,0.0022429
-4.2215,-0.000787861,0.00220656
-4.2166,-0.000258242,0.00108425
-4.21171,-5.45486e-05,0.00178776
-4.20682,-0.000122797,0.0013737
-4.20193,7.84557e-05,0.00185898
-4.19703,-0.000373168,0.0018292
-4.19214,-0.000522488,0.00132376
-4.18725,0.000384836,0.0013339
-4.18235,-0.0004462,0.00211151
-4.17746,-0.000257139,0.00076697
-4.17257,0.000638108,0.00158211
-4.16768,0.000367708,0.00184237
-4.16278,0.000148572,0.00238415
-4.15789,-0.000379843,0.00212677
-4.153,-0.000637517,0.0020378
-4.14811,-0.000590932,0.00126822
-4.14321,-1.87826e-06,0.00132617
-4.13832,0.000512475,0.00157754
-4.13343,-1.86057e-05,0.00267281
-4.12853,-0.000803522,0.00172539
-4.12364,-0.000175175,0.0016691
-4.11875,-0.000161605,0.00164735
-4.11386,-0.000150276,0.00209062
-4.10896,-0.000363124,0.00173854
-4.10407,-0.000484991,0.002366
-4.09918,-0.00128317,0.00103231
-4.09429,0.000474236,0.00107633
-4.08939,-0.000180887,0.00182521
-4.0845,0.000258939,0.00165715
-4.07961,-0.0003623,0.0021751
-4.07471,-0.000215996,0.0015582
-4.06982,-0.000206931,0.00199077
-4.06493,-0.000347538,0.00164334
-4.06004,1.11796e-05,0.0018044
-4.05514,-0.000321546,0.0023405
-4.05025,-0.00117927,0.00164546
-4.04536,-5.95137e-05,0.000891641
-4.04047,7.76556e-05,0.001935
-4.03557,-0.000362748,0.00156574
-4.03068,-9.22736e-07,0.00157031
-4.02579,7.54142e-05,0.00173825
-4.02089,-0.000101052,0.00192168
-4.016,0.000111366,0.00174391
-4.01111,-0.000117431,0.00253758
-4.00622,-0.000971825,0.00164803
-4.00132,0.000239212,0.00132897
-3.99643,1.45163e-05,0.00224219
-3.99154,-0.000292056,0.00187812
-3.98664,-4.76121e-05,0.00202658
-3.98175,-0.000311299,0.00219994
-3.97686,-0.000602052,0.0020643
-3.97197,-0.000580327,0.00144273
-3.96707,0.000448234,0.00162622
-3.96218,-0.000135982,0.0027353
-3.95729,-0.000713657,0.00193643
-3.9524,-0.000186362,0.0021573
-3.9475,-0.000810911,0.00224568
-3.94261,-0.000801477,0.00174652
-3.93772,-0.000522388,0.00162602
-3.93282,-0.000586184,0.0017855
-3.92793,-0.000474947,0.00125019
-3.92304,0.000130089,0.00174308
-3.91815,-0.000299438,0.00178356
-3.91325,0.000123538,0.00204778
-3.90836,-0.000772096,0.00215269
-3.90347,-0.000130273,0.00139838
-3.89858,-8.32482e-05,0.00235484
-3.89368,-0.000639682,0.00188317
-3.88879,-0.000194356,0.00203431
-3.8839,-0.000885096,0.00211933
-3.879,-0.000589231,0.00129252
-3.87411,-4.90758e-05,0.00181647
-3.86922,-0.000586595,0.00188456
-3.86433,-0.000352276,0.00152052
-3.85943,-0.000359033,0.00178008
-3.85454,-0.000474411,0.00110034
-3.84965,0.000963385,0.00134285
-3.84475,0.000158707,0.0028308
-3.83986,-0.000201195,0.00184888
-3.83497,-5.17329e-05,0.00287424
-3.83008,-0.00121623,0.00176222
-3.82518,0.000121386,0.0017682
-3.82029,-0.00083891,0.00193515
-3.8154,0.00017607,0.00118
-3.81051,0.000348012,0.00220381
-3.80561,-6.32427e-05,0.00236873
-3.80072,-0.00048017,0.00211705
-3.79583,-4.84875e-05,0.00183024
-3.79093,1.54043e-05,0.00205947
-3.78604,0.000255865,0.00226373
-3.78115,2.60436e-06,0.00264026
-3.77626,-0.000294436,0.00292199
-3.77136,-0.0010266,0.00241773
-3.76647,-0.000230081,0.0022277
-3.76158,-0.00113679,0.00287969
-3.75669,-0.00147877,0.00156297
-3.75179,-0.000712951,0.000995289
-3.7469,0.000530872,0.00109317
-3.74201,0.000596979,0.00271829
-3.73711,-0.000818544,0.00259561
-3.73222,-0.000527023,0.00168302
-3.72733,-0.000167096,0.00187058
-3.72244,6.15158e-05,0.00179025
-3.71754,0.000199485,0.00228083
-3.71265,0.000204538,0.00221897
-3.70776,8.78307e-05,0.00308896
-3.70286,-0.000809443,0.00234579
-3.69797,0.000156068,0.00237987
-3.69308,-0.000347964,0.00289574
-3.68819,-0.000762991,0.00298655
-3.68329,-0.00105665,0.00190846
-3.6784,5.6463e-05,0.00277183
-3.67351,-0.00166345,0.00239047
-3.66862,5.79032e-05,0.00189806
-3.66372,-0.00140931,0.00289762
-3.65883,-0.00078047,0.00136592
-3.65394,-0.000802712,0.00200383
-3.64904,-8.71972e-05,0.00135953
-3.64415,-0.00022705,0.0023145
-3.63926,-2.97754e-06,0.00206117
-3.63437,-0.000864687,0.00253881
-3.62947,1.00724e-05,0.00148674
-3.62458,-0.000644933,0.00294476
-3.61969,-0.000588564,0.00092622
-3.61479,0.000503264,0.0024662
-3.6099,-0.000376345,0.00173163
-3.60501,0.000771587,0.00245226
-3.60012,-0.000249529,0.00281856
-3.59522,-0.000309939,0.00258296
-3.59033,-0.000381766,0.00220097
-3.58544,-7.93535e-05,0.00226529
-3.58055,0.000290394,0.00212779
-3.57565,0.000386608,0.00304679
-3.57076,7.54397e-05,0.00285878
-3.56587,-0.000108931,0.00387783
-3.56097,-0.00145555,0.00306276
-3.55608,-0.0010659,0.00263069
-3.55119,-0.00121083,0.00163831
-3.5463,0.000404828,0.00208206
-3.5414,-0.000728673,0.00268246
-3.53651,0.000138371,0.00188414
-3.53162,-4.05995e-05,0.00314311
-3.52673,-0.000603365,0.00241016
-3.52183,-6.76991e-05,0.0025841
-3.51694,-0.00040331,0.002631
-3.51205,-0.00016606,0.00251977
-3.50715,-0.000318919,0.00269243
-3.50226,-0.000266577,0.00235328
-3.49737,0.000138136,0.00246722
-3.49248,0.000237152,0.00273447
-3.48758,0.000259735,0.00309487
-3.48269,-0.000186873,0.00323573
-3.4778,6.99898e-05,0.00286424
-3.4729,0.000223472,0.00388281
-3.46801,-0.0011916,0.00362916
-3.46312,-0.000593952,0.0027344
-3.45823,-0.00074865,0.00313903
-3.45333,-0.000473395,0.00234477
-3.44844,0.000200393,0.00307409
-3.44355,-0.000349989,0.00340779
-3.43866,-0.000677707,0.00320092
-3.43376,-0.000411976,0.00264119
-3.42887,0.000211417,0.00324774
-3.42398,-0.000591222,0.00355531
-3.41908,-0.000232371,0.00286145
-3.41419,-1.94073e-05,0.00390045
-3.4093,-0.00102236,0.00325996
-3.40441,0.00021099,0.0034167
-3.39951,-0.0013204,0.00401735
-3.39462,-0.000277288,0.00249965
-3.38973,-0.000360136,0.00452449
-3.38484,-0.00168528,0.00305619
-3.37994,-0.000604995,0.00295702
-3.37505,-0.000601859,0.00260962
-3.37016,0.000369624,0.00340844
-3.36526,-0.000620992,0.00383107
-3.36037,-0.000535717,0.003543
-3.35548,-0.000698562,0.00346824
-3.35059,-0.000540665,0.00362224
-3.34569,-0.000986532,0.00327639
-3.3408,-0.000254141,0.00304855
-3.33591,-0.00013072,0.00344545
-3.33101,-0.000122786,0.00393587
-3.32612,-0.000658984,0.00364111
-3.32123,9.33497e-05,0.00399309
-3.31634,-0.00127121,0.0043542
-3.31144,-0.000759589,0.00300324
-3.30655,-0.000243969,0.00355816
-3.30166,9.87627e-05,0.00357827
-3.29677,-0.000140659,0.0043801
-3.29187,-0.000265103,0.00394939
-3.28698,-0.000178807,0.00453419
-3.28209,-0.00036684,0.00419352
-3.27719,-5.4019e-05,0.00491999
-3.2723,-0.000923084,0.00495652
-3.26741,-0.00088451,0.00476148
-3.26252,-0.00122128,0.00474072
-3.25762,-0.00127672,0.00436939
-3.25273,-0.00099079,0.0042988
-3.24784,-0.00128736,0.00438968
-3.24294,-0.00080901,0.00369614
-3.23805,-0.000355221,0.00461648
-3.23316,-0.000735833,0.00440435
-3.22827,-0.000471664,0.00518593
-3.22337,-0.00159856,0.00457892
-3.21848,-0.000285825,0.00443699
-3.21359,-0.00133008,0.00530058
-3.2087,-0.00115362,0.00397164
-3.2038,-0.000226821,0.00452173
-3.19891,-0.000315423,0.00505322
-3.19402,-0.000551252,0.00539426
-3.18912,-0.000903463,0.00550176
-3.18423,-0.00121899,0.00507932
-3.17934,-0.000419167,0.00480444
-3.17445,-0.000182664,0.00585857
-3.16955,-0.00108399,0.00613885
-3.16466,-0.00124434,0.00551882
-3.15977,-0.000822501,0.00555811
-3.15488,-0.000714189,0.0057056
-3.14998,-0.000495603,0.00621414
-3.14509,-0.00108754,0.00664423
-3.1402,-0.00159877,0.00622158
-3.1353,-0.000937948,0.00552086
-3.13041,-0.000124472,0.00668671
-3.12552,-0.00105862,0.00716887
-3.12063,-0.00112383,0.0072895
-3.11573,-0.00181093,0.00697425
-3.11084,-0.000785338,0.00697221
-3.10595,-0.00181624,0.00811549
-3.10105,-0.00227947,0.00671994
-3.09616,-0.000951192,0.00677182
-3.09127,-0.000954354,0.00807166
-3.08638,-0.00189503,0.00790532
-3.08148,-0.00112882,0.00791458
-3.07659,-0.00192996,0.00863737
-3.0717,-0.00154543,0.00790157
-3.06681,-0.00134551,0.00904542
-3.06191,-0.00179854,0.00891076
-3.05702,-0.00159482,0.00947031
-3.05213,-0.00196849,0.00954941
-3.04723,-0.00166148,0.00997556
-3.04234,-0.00206306,0.0105372
-3.03745,-0.00226878,0.0106182
-3.03256,-0.00196544,0.0108155
-3.02766,-0.00183534,0.0119128
-3.02277,-0.00251751,0.0122869
-3.01788,-0.00192259,0.0129735
-3.01299,-0.00299037,0.0143888
-3.00809,-0.00294496,0.0142969
-3.0032,-0.00353686,0.0164173
-2.99831,-0.00441818,0.0160219
-2.99341,-0.00390905,0.0188308
-2.98852,-0.00706166,0.0197412
-2.98363,-0.00676722,0.0209025
-2.97874,-0.00989606,0.0241353
-2.97384,-0.0148172,0.0267247
-2.96895,-0.0258114,0.023318
-2.96406,-0.0252674,0.00958461
-2.95916,-0.0149208,0.00813149
-2.95427,-0.0116958,0.0140485
-2.94938,-0.0132796,0.0190611
-2.94449,-0.016417,0.0232963
-2.93959,-0.0243031,0.0289435
-2.9347,-0.04182,0.025359
-2.92981,-0.0476456,0.0014943
-2.92492,-0.0273898,-0.00931928
-2.92002,-0.0186144,0.000376982
-2.91513,-0.0165412,0.00627872
-2.91024,-0.0201099,0.0162546
-2.90534,-0.0291824,0.0219837
-2.90045,-0.0524937,0.024627
-2.89556,-0.0710904,-0.0110064
-2.89067,-0.0413371,-0.0374907
-2.88577,-0.0205816,-0.0266611
-2.88088,-0.0158875,-0.0182363
-2.87599,-0.0149602,-0.00991006
-2.8711,-0.0182608,-0.00350767
-2.8662,-0.0304168,0.00234637
-2.86131,-0.0469327,-0.0145205
-2.85642,-0.0324282,-0.037266
-2.85152,-0.0141969,-0.0325094
-2.84663,-0.00975341,-0.0264073
-2.84174,-0.00681575,-0.0201484
-2.83685,-0.00844857,-0.0158989
-2.83195,-0.0117841,-0.0111827
-2.82706,-0.0216704,-0.0157197
-2.82217,-0.0173787,-0.0279376
-2.81727,-0.00744753,-0.0283642
-2.81238,-0.00260916,-0.0244364
-2.80749,-0.0015446,-0.0208752
-2.8026,-0.00099482,-0.0193434
-2.7977,-0.000392093,-0.018072
-2.79281,0.000766166,-0.0166833
-2.78792,0.000403725,-0.0150385
-2.78303,0.00118187,-0.0148465
-2.77813,0.00154069,-0.0127159
-2.77324,0.000732051,-0.0120996
-2.76835,0.000533034,-0.0118317
-2.76345,0.0012441,-0.0119557
-2.75856,0.00170749,-0.0102791
-2.75367,0.000924602,-0.0100869
-2.74878,0.0015806,-0.00940023
-2.74388,0.000540259,-0.00854378
-2.73899,0.00039739,-0.00926172
-2.7341,0.00102073,-0.00890946
-2.72921,0.000989968,-0.00847002
-2.72431,0.000997194,-0.00813587
-2.71942,0.000993174,-0.00825518
-2.71453,0.00186512,-0.00759715
-2.70963,0.00103878,-0.00673011
-2.70474,0.001345,-0.00688804
-2.69985,0.000373992,-0.0059012
-2.69496,0.000214626,-0.00759548
-2.69006,0.00159675,-0.00692507
-2.68517,0.00155714,-0.00643727
-2.68028,0.00149611,-0.0056004
-2.67538,0.00133727,-0.00572796
-2.67049,0.000977457,-0.00456213
-2.6656,8.99837e-05,-0.00601852
-2.66071,0.00172677,-0.005275
-2.65581,0.000471678,-0.00498666
-2.65092,0.00131085,-0.00495425
-2.64603,0.000347642,-0.00472154
-2.64114,0.00117648,-0.00482837
-2.63624,0.000141999,-0.00450469
-2.63135,0.00125046,-0.00507165
-2.62646,0.000339431,-0.00389074
-2.62156,0.000672713,-0.0053883
-2.61667,0.00147472,-0.00399307
-2.61178,0.000486982,-0.00401183
-2.60689,0.000771439,-0.00424589
-2.60199,0.000846019,-0.00390759
-2.5971,0.000439225,-0.00388828
-2.59221,0.000754994,-0.00411988
-2.58732,0.000573493,-0.00378069
-2.58242,0.000773219,-0.00422814
-2.57753,0.00126626,-0.00364768
-2.57264,0.000854511,-0.00304564
-2.56774,9.93602e-05,-0.0032838
-2.56285,0.000447132,-0.00388288
-2.55796,0.000552913,-0.00364823
-2.55307,0.000823254,-0.00396499
-2.54817,0.00123573,-0.00343271
-2.54328,0.000970311,-0.00311932
-2.53839,0.000753778,-0.00316574
-2.53349,0.00097078,-0.00341232
-2.5286,0.00151053,-0.00306697
-2.52371,0.00126749,-0.00206239
-2.51882,0.000163022,-0.00250488
-2.51392,0.00124182,-0.00290809
-2.50903,0.000577662,-0.0016363
-2.50414,0.000216598,-0.00268041
-2.49925,0.000449301,-0.00175425
-2.49435,-0.000817077,-0.0028267
-2.48946,0.000787183,-0.00318493
-2.48457,4.19457e-05,-0.00242048
-2.47967,0.00075216,-0.0032195
-2.47478,0.000439369,-0.00183901
-2.46989,-0.000219925,-0.00321816
-2.465,0.00094434,-0.00281673
-2.4601,0.000542779,-0.00283587
-2.45521,0.00114688,-0.00236768
-2.45032,0.000457506,-0.00244057
-2.44543,0.00125667,-0.00217214
-2.44053,0.000156244,-0.00179697
-2.43564,0.000679724,-0.00250921
-2.43075,0.00056766,-0.00196258
-2.42585,0.000691589,-0.00206808
-2.42096,0.000229501,-0.00178158
-2.41607,0.0003761,-0.0022809
-2.41118,0.00043492,-0.00205741
-2.40628,0.000588469,-0.00201739
-2.40139,0.000218504,-0.00182677
-2.3965,0.00022889,-0.00195857
-2.39161,-0.000341684,-0.00248858
-2.38671,0.00129095,-0.00299167
-2.38182,0.000637676,-0.00124334
-2.37693,0.000295266,-0.00281338
-2.37203,0.00142831,-0.00172524
-2.36714,0.000315568,-0.0017824
-2.36225,0.000962094,-0.00195204
-2.35736,0.000485371,-0.00177155
-2.35246,0.00120579,-0.00221304
-2.34757,0.00132388,-0.00100214
-2.34268,0.000470952,-0.00117791
-2.33778,0.00069019,-0.00108593
-2.33289,-7.19455e-05,-0.00127928
-2.328,0.000705281,-0.00182838
-2.32311,0.000612226,-0.000971255
-2.31821,0.00027499,-0.00119109
-2.31332,-3.29644e-05,-0.00108241
-2.30843,-0.000114284,-0.00187201
-2.30354,0.000721836,-0.00179938
-2.29864,0.000680516,-0.00109366
-2.29375,0.000158795,-0.00105561
-2.28886,2.97248e-05,-0.00115772
-2.28396,-0.000323859,-0.00151704
-2.27907,7.35176e-05,-0.00189053
-2.27418,0.000217655,-0.00209604
-2.26929,0.00113243,-0.00176233
-2.26439,0.00031298,-0.00109161
-2.2595,0.000611636,-0.00179983
-2.25461,0.000544242,-0.00128329
-2.24972,0.000937004,-0.0016767
-2.24482,0.000710472,-0.000791835
-2.23993,0.000822136,-0.0015183
-2.23504,0.00101029,-0.000126256
-2.23014,-0.000293869,-0.000699253
-2.22525,-1.14952e-05,-0.000959252
-2.22036,-9.59485e-05,-0.00165358
-2.21547,0.000766165,-0.00110885
-2.21057,-8.09041e-05,-0.00123202
-2.20568,0.000922561,-0.00140417
-2.20079,0.000352653,-0.000576775
-2.19589,0.000186507,-0.00105045
-2.191,0.000110256,-0.0010611
-2.18611,0.000440927,-0.00128269
-2.18122,0.000363914,-0.000880781
-2.17632,0.000300437,-0.00110992
-2.17143,0.000353354,-0.000974813
-2.16654,0.000417409,-0.00104569
-2.16165,0.000400265,-0.000826148
-2.15675,0.00038693,-0.000789086
-2.15186,-1.0645e-05,-0.00064815
-2.14697,0.0001656,-0.00123074
-2.14207,0.000374542,-0.000718744
-2.13718,0.000217035,-0.00090729
-2.13229,7.00946e-05,-0.000344345
-2.1274,-0.000504874,-0.00116863
-2.1225,0.000148457,-0.000904457
-2.11761,-0.000655354,-0.00132235
-2.11272,0.000224903,-0.00168836
-2.10783,7.57271e-05,-0.00181921
-2.10293,0.0013738,-0.00154838
-2.09804,0.000331311,-0.000617144
-2.09315,0.000825776,-0.00148267
-2.08825,0.000611113,-0.00042374
-2.08336,0.00036261,-0.0012967
-2.07847,0.000836456,-0.000795096
-2.07358,0.000667781,-0.00100871
-2.06868,0.00105264,-0.000523298
-2.06379,0.000644975,-0.000310514
-2.0589,0.000511775,-0.000178643
-2.054,0.000270657,-0.000171004
-2.04911,-0.000237895,-7.65478e-05
-2.04422,-0.000377961,-0.00110789
-2.03933,0.000514156,-0.000808687
-2.03443,-2.37647e-05,-0.000768108
-2.02954,0.000661087,-0.000831302
-2.02465,8.48531e-05,-0.000341776
-2.01976,0.000383164,-0.000691924
-2.01486,-0.000412971,-0.000243808
-2.00997,0.000177877,-0.00177876
-2.00508,0.000877979,-8.28719e-05
-2.00018,-0.000479104,-0.00109948
-1.99529,0.00125305,-0.000903877
-1.9904,0.000121436,-0.000117285
-1.98551,0.000609057,-0.000573987
-1.98061,-0.000163822,0.000167841
-1.97572,-0.000435855,-0.000972094
-1.97083,0.000235492,-0.00100378
-1.96593,0.000271178,-0.000811449
-1.96104,0.000394623,-0.00103588
-1.95615,0.000950686,-0.000499101
-1.95126,0.000134436,-9.09817e-05
-1.94636,0.000184735,-0.000690994
-1.94147,0.00037147,-0.000465194
-1.93658,0.000280305,-0.000421323
-1.93169,0.000286196,-0.000412896
-1.92679,0.000176763,-0.000123064
-1.9219,-0.000338429,-0.000473357
-1.91701,8.16707e-05,-0.000781136
-1.91211,3.83255e-05,-0.000678694
-1.90722,0.000206012,-0.000834969
-1.90233,0.000436209,-0.000776321
-1.89744,0.000459586,-0.000370392
-1.89254,0.000196028,-0.00053777
-1.88765,0.000259499,-0.000315949
-1.88276,5.83977e-05,-0.000865862
-1.87787,0.000812889,-0.000283151
-1.87297,-0.000136168,-0.000248608
-1.86808,0.000383534,-0.000375707
-1.86319,-0.000327269,-0.000416954
-1.85829,0.000367668,-0.000715277
-1.8534,-7.37901e-05,-0.000624538
-1.84851,0.00088799,-0.000465337
-1.84362,-0.000726254,0.000196026
-1.83872,8.93078e-05,-0.00170965
-1.83383,0.000652877,-9.36733e-05
-1.82894,-0.000425841,-0.000954827
-1.82404,0.000764459,-0.00122532
-1.81915,0.000673142,-0.000538207
-1.81426,0.000745713,-0.00082824
-1.80937,0.00109339,-0.000143773
-1.80447,0.000610177,-0.000153582
-1.79958,0.00087299,0.000552673
-1.79469,-0.000770414,0.000309134
-1.7898,3.03589e-05,-0.000823089
-1.7849,2.02389e-05,-0.000501324
-1.78001,0.000581839,-0.000704995
-1.77512,0.000333033,-0.000279168
-1.77022,0.000650204,-0.000157844
-1.76533,-0.000413891,-0.000103609
-1.76044,0.000579262,-0.00100852
-1.75555,0.00018007,-7.01712e-05
-1.75065,0.000645169,-0.00112382
-1.74576,0.0011328,0.000190692
-1.74087,0.000364474,0.000303921
-1.73598,-0.00020813,9.44654e-05
-1.73108,0.000340496,-0.000576402
-1.72619,0.000110563,0.0002378
-1.7213,-0.000192813,-0.000765098
-1.7164,0.000605777,-0.000650831
-1.71151,0.000770733,-0.00034285
-1.70662,0.000582835,-3.62445e-06
-1.70173,0.000741807,-7.53826e-05
-1.69683,0.000564765,0.000630866
-1.69194,-0.000365202,0.000568084
-1.68705,-0.000503968,-0.000701904
-1.68215,0.000995459,-0.000210446
-1.67726,-0.000507786,0.000497077
-1.67237,0.000118191,-0.000825651
-1.66748,0.000152354,-7.73006e-05
-1.66258,0.000590953,-0.000517115
-1.65769,0.000218872,0.000388978
-1.6528,0.000378398,-0.000205028
-1.64791,-0.000216723,0.000816004
-1.64301,-0.000759015,-0.000533305
-1.63812,-0.00035891,-0.000654405
-1.63323,0.000591944,-0.00129206
-1.62833,0.00062182,0.000481702
-1.62344,-0.000576023,-0.000773276
-1.61855,0.000907978,-0.000886946
-1.61366,0.00076279,6.38613e-05
-1.60876,1.55647e-06,-6.78995e-05
-1.60387,0.000781995,-0.000643063
-1.59898,0.000476536,0.000677916
-1.59408,-0.00027208,-0.000394973
-1.58919,0.000452241,-0.000251384
-1.5843,0.000270872,-0.00027323
-1.57941,0.000303783,-0.000129035
-1.57451,0.000383482,-0.000377627
-1.56962,0.000328759,-5.56181e-05
-1.56473,0.000453968,-0.000476749
-1.55984,0.000559076,-2.87814e-05
-1.55494,0.000727618,-0.000194671
-1.55005,0.00035058,0.00054852
-1.54516,9.46664e-05,-0.00018769
-1.54026,-2.58421e-05,5.10235e-05
-1.53537,0.000504867,-0.00093497
-1.53048,0.000699287,0.000522036
-1.52559,-6.13014e-05,-0.000868951
-1.52069,0.00155394,8.48709e-06
-1.5158,9.06556e-05,0.000434262
-1.51091,0.000536438,-0.000575069
-1.50602,0.0015517,-4.05423e-05
-1.50112,0.00074254,0.00133301
-1.49623,8.72447e-05,0.000132556
-1.49134,0.000687326,0.000979285
-1.48644,-0.000529036,0.000278569
-1.48155,0.000545303,0.000123226
-1.47666,3.0648e-05,0.000434127
-1.47177,2.52902e-05,0.000466238
-1.46687,-0.000416384,-0.000291496
-1.46198,0.000731091,-4.18012e-05
-1.45709,-0.00029965,0.000156744
-1.45219,0.000716002,-0.000630555
-1.4473,0.000726135,0.000500624
-1.44241,0.000327808,0.000182406
-1.43752,0.000552352,0.000248519
-1.43262,0.000679318,0.00053932
-1.42773,2.71323e-05,0.00106754
-1.42284,-0.000585809,1.6003e-05
-1.41795,0.000626409,-0.000208921
-1.41305,0.000392234,0.000717316
-1.40816,1.19641e-05,0.000645744
-1.40327,-0.000673217,0.000413044
-1.39837,-4.83233e-05,-0.000549412
-1.39348,0.000117511,4.367e-05
-1.38859,0.000604794,-0.000570437
-1.3837,0.000757987,0.000924234
-1.3788,-0.00027984,0.000107851
-1.37391,0.000426674,0.000310759
-1.36902,4.36993e-05,8.29981e-05
-1.36413,0.000322013,0.000646887
-1.35923,-0.000577225,-0.000100317
-1.35434,0.000539198,-0.000145761
-1.34945,1.71643e-05,-4.08095e-05
-1.34455,0.000762567,0.000119108
-1.33966,-0.000260147,0.000229406
-1.33477,0.000883992,-0.000611868
-1.32988,0.000905982,0.000888758
-1.32498,1.15561e-05,0.000464327
-1.32009,0.000415958,0.000236029
-1.3152,0.000325642,0.000575036
-1.3103,2.83673e-05,0.000421836
-1.30541,2.90322e-05,0.00014722
-1.30052,0.000426433,5.58608e-06
-1.29563,0.000332387,0.000352643
-1.29073,0.000688955,-3.43217e-05
-1.28584,0.000637851,0.00109028
-1.28095,-7.79886e-05,0.000156354
-1.27606,0.00079644,0.000759748
-1.27116,-0.000132992,0.000367627
-1.26627,0.00107593,0.000760624
-1.26138,-0.000386973,0.00123222
-1.25648,0.000167414,0.000531268
-1.25159,-0.000425064,0.000863639
-1.2467,-6.5801e-05,0.000502095
-1.24181,-0.000897089,0.000349446
-1.23691,0.000472516,-0.000465998
-1.23202,-4.7936e-05,0.000785029
-1.22713,0.000324947,-0.000256827
-1.22224,0.000186515,0.00106038
-1.21734,-0.00014226,-0.000240773
-1.21245,0.000727963,0.000932704
-1.20756,-0.000694331,0.000516488
-1.20266,0.000346139,-0.000139765
-1.19777,0.000424975,0.00070584
-1.19288,-4.89647e-05,0.000560957
-1.18799,0.000463256,0.000657001
-1.18309,-0.000615455,0.00141629
-1.1782,-0.00087589,-0.000338736
-1.17331,0.000355911,0.000283787
-1.16841,-0.000536031,0.000241742
-1.16352,0.000204763,-0.000191584
-1.15863,0.000284787,0.000280018
-1.15374,0.000241111,0.000507199
-1.14884,-0.000145456,0.000487736
-1.14395,-8.78435e-05,0.000315015
-1.13906,-0.000266976,0.000108199
-1.13417,0.000314175,-0.000318892
-1.12927,0.000975506,0.000516375
-1.12438,-4.08003e-05,0.00136694
-1.11949,-0.000787704,0.000333438
-1.11459,-0.000146595,-7.50745e-05
-1.1097,3.92668e-05,-5.85429e-05
-1.10481,0.000372577,3.97686e-05
-1.09992,0.000488779,0.000406023
-1.09502,2.79112e-05,0.000730505
-1.09013,-0.000152929,0.000214479
-1.08524,-0.000111995,0.000208306
-1.08035,0.000370996,-0.000478277
-1.07545,0.00105376,0.000838988
-1.07056,-0.000305848,0.000727807
-1.06567,0.00014901,0.000302325
-1.06077,-0.000113056,2.69553e-05
-1.05588,0.000884756,-3.71313e-05
-1.05099,0.000917061,0.000650872
-1.0461,0.00082917,0.00169054
-1.0412,-0.00120614,0.00129016
-1.03631,-2.24676e-06,-0.000244975
-1.03142,-4.21922e-05,0.000923294
-1.02652,-0.000306295,-0.000107473
-1.02163,0.000650326,0.000194271
-1.01674,0.000572551,0.000914169
-1.01185,-0.000179636,0.00111566
-1.00695,-0.000292198,0.000560682
-1.00206,-0.000231696,0.000499727
-0.997168,-4.53309e-05,0.000458572
-0.992275,-0.000464386,0.000497243
-0.987383,-7.24982e-05,-0.000210772
-0.98249,0.000331029,0.000225197
-0.977597,0.000467702,0.000214161
-0.972705,0.000509918,0.000889802
-0.967812,-0.000103147,0.000719933
-0.962919,0.000195872,0.000595843
-0.958026,-0.000111994,0.000791044
-0.953134,0.000118949,0.00049162
-0.948241,-0.00026963,0.00125124
-0.943348,-0.000929564,-0.00016775
-0.938455,0.000750345,0.000195918
-0.933563,-0.000489381,0.000716583
-0.92867,0.000476466,4.61917e-05
-0.923777,-0.00041934,0.00110547
-0.918884,-0.000184097,-0.000573837
-0.913991,0.000821036,0.000642253
-0.909099,-0.000112202,0.000655719
-0.904206,0.000147755,0.000443316
-0.899313,9.11217e-05,0.000584115
-0.89442,-0.000124542,0.00038505
-0.889528,0.000559323,0.000103993
-0.884635,0.000633939,0.00114705
-0.879742,-0.000114198,0.0011303
-0.87485,-0.000366698,0.000883817
-0.869957,-0.000149125,0.000553547
-0.865064,-0.000385868,0.000967528
-0.860171,-0.000457323,8.62083e-05
-0.855278,0.000243803,0.000940548
-0.850386,-0.00124312,0.0006295
-0.845493,-2.38857e-05,-0.000370143
-0.8406,-0.000440271,0.000741685
-0.835707,-0.00040038,-0.000757776
-0.830815,0.000659889,0.000471874
-0.825922,-0.000594163,-6.22549e-05
-0.821029,0.000925759,-0.000184932
-0.816136,0.000194472,0.000771775
-0.811244,0.00013077,0.000464783
-0.806351,-0.000334505,0.000135671
-0.801458,0.000756227,-1.3628e-05
-0.796565,-9.86562e-05,0.000587487
-0.791672,0.000907177,-0.000359589
-0.78678,0.000909469,0.00145608
-0.781887,-0.000259628,0.000992263
-0.776994,-0.000338073,0.000514757
-0.772101,0.000265815,0.000154989
-0.767209,-7.2109e-05,0.000704068
-0.762316,0.000336316,-0.000230355
-0.757423,0.000884257,0.000982681
-0.752531,1.91069e-05,0.000987204
-0.747638,-0.000191807,0.000860257
-0.742745,-0.000123172,0.000322483
-0.737852,2.7038e-05,0.000599532
-0.73296,0.000102556,0.000280941
-0.728067,-2.08259e-05,0.000780508
-0.723174,-2.62666e-05,-0.000206152
-0.718281,0.000967447,0.000916399
-0.713388,-0.000729599,0.000901837
-0.708496,0.000339242,-0.000342362
-0.703603,0.00057843,0.00111183
-0.69871,-0.000541888,0.000412463
-0.693817,0.000477954,0.000140901
-0.688925,-8.27531e-05,0.000508889
-0.684032,0.000584038,-0.000127251
-0.679139,0.000601378,0.000617618
-0.674246,0.00102844,0.000411719
-0.669353,0.000508483,0.00177771
-0.664461,-0.000292598,0.000539762
-0.659568,0.000646422,0.00106551
-0.654675,-0.000430352,0.00117169
-0.649782,-0.000205148,0.000548562
-0.64489,-0.000218585,0.000641004
-0.639997,-0.00035973,0.000175158
-0.635104,0.000455338,-0.000143489
-0.630212,0.000716903,0.000672273
-0.625319,0.000316427,0.000957992
-0.620426,-0.000394323,0.000657151
-0.615533,0.000529935,-0.000204698
-0.610641,0.000647259,0.00110968
-0.605748,7.18658e-05,0.000445604
-0.600855,0.000364326,0.000839842
-0.595962,0.000195264,0.000194746
-0.591069,0.000691072,0.000972258
-0.586177,5.46238e-07,0.00012322
-0.581284,0.00174713,0.00081775
-0.576391,-6.17828e-05,0.00207715
-0.571498,-0.000282965,0.000377436
-0.566606,0.000789078,0.000750953
-0.561713,0.000284491,0.00138402
-0.55682,0.000191194,0.00112523
-0.551927,-0.00047859,0.00175192
-0.547035,-0.00119078,-0.000171699
-0.542142,0.00100267,9.00417e-06
-0.537249,-1.14328e-05,0.00088453
-0.532356,0.000855762,0.000170799
-0.527463,0.00049889,0.00168215
-0.522571,-0.00047535,0.000665419
-0.517678,0.000288781,0.000335548
-0.512785,0.000612678,0.000393682
-0.507893,0.000995541,0.0012166
-0.503,-0.000273251,0.00132725
-0.498107,0.000452032,0.000199749
-0.493214,0.000745869,0.00146476
-0.488322,-6.20105e-06,0.000908695
-0.483429,0.000525401,0.00119194
-0.478536,7.89428e-05,0.000995915
-0.473643,0.000463202,0.00153248
-0.46875,-0.000750059,0.00103742
-0.463858,0.000515588,0.000565059
-0.458965,-0.000196891,0.00124768
-0.454072,0.000428569,0.000582989
-0.449179,-0.000103717,0.00156658
-0.444287,-0.000175733,0.000318519
-0.439394,0.000539583,0.00106635
-0.434501,4.47662e-05,0.000963526
-0.429608,0.000217434,0.0012161
-0.424716,-0.000309261,0.000925441
-0.419823,0.000263672,0.000669572
-0.41493,0.000143899,0.00120316
-0.410037,-0.000212051,0.000768301
-0.405144,0.000371891,0.000765117
-0.400252,-7.81732e-05,0.00099978
-0.395359,0.000481817,0.000441077
-0.390466,0.000683195,0.0014527
-0.385573,0.000152358,0.00145651
-0.380681,-0.000307255,0.00187856
-0.375788,-0.00130524,0.000742613
-0.370895,6.55251e-05,-0.000243125
-0.366003,0.000678264,0.000961631
-0.36111,-0.000245332,0.00091618
-0.356217,0.000467722,0.000599753
-0.351324,-0.000219316,0.00125611
-0.346431,2.43706e-05,1.33911e-06
-0.341539,0.000727002,0.000792996
-0.336646,0.000699285,0.00063753
-0.331753,0.000745427,0.00173578
-0.32686,-0.000282767,0.00103234
-0.321968,0.000393122,0.000925476
-0.317075,0.000438629,0.000719762
-0.312182,0.000941195,0.00176573
-0.307289,-0.000497143,0.00147905
-0.302397,0.000401337,0.00102671
-0.297504,-0.000237375,0.00148427
-0.292611,2.96278e-05,0.000729716
-0.287718,0.00050539,0.00121443
-0.282825,-6.86473e-05,0.00163845
-0.277933,-0.000130651,0.000886441
-0.27304,0.000137954,0.00163601
-0.268147,-0.0006656,0.000727969
-0.263254,0.000604045,0.00113595
-0.258362,-0.000726145,0.00120273
-0.253469,0.000384761,0.000532884
-0.248576,-3.52029e-06,0.00123284
-0.243684,0.000324479,0.00111389
-0.238791,-0.000598452,0.00133145
-0.233898,9.05425e-06,0.000234734
-0.229005,0.000592252,0.000783975
-0.224113,0.000772788,0.00154722
-0.21922,-0.00064698,0.00158841
-0.214327,0.000248313,0.000557435
-0.209434,-0.000142307,0.00154012
-0.204541,-6.05406e-05,0.000416092
-0.199649,0.000476002,0.00114428
-0.194756,0.000279555,0.00105661
-0.189863,0.000157964,0.00141237
-0.18497,0.000188532,0.00102626
-0.180078,0.000126044,0.00171153
-0.175185,-0.00054297,0.000986433
-0.170292,0.000353152,0.000853905
-0.165399,4.79037e-05,0.00155321
-0.160506,-0.000457302,0.00114448
-0.155614,-0.000312537,0.000791027
-0.150721,1.69496e-06,0.000437326
-0.145828,0.000470633,0.000925064
-0.140935,-2.32048e-05,0.000674459
-0.136043,0.00111527,0.000760382
-0.13115,0.000327521,0.0019692
-0.126257,-0.000397731,0.00112316
-0.121365,0.000146752,0.000462956
-0.116472,0.000976389,0.00120566
-0.111579,-0.000237763,0.00140843
-0.106686,0.000737109,0.000486304
-0.101794,0.000680032,0.0016944
-0.0969007,0.000482022,0.00121457
-0.0920079,0.000498374,0.00174931
-0.0871153,0.00046223,0.00155383
-0.0822225,-4.62725e-05,0.0022661
-0.0773296,-0.000580565,0.000964545
-0.0724368,0.000756727,0.00125353
-0.0675442,-0.00015507,0.00215636
-0.0626514,-0.000651525,0.000973136
-0.0577586,0.000526991,0.000998879
-0.0528657,-0.000186425,0.00160529
-0.0479732,0.000251184,0.000611415
-0.0430803,0.000812085,0.00165492
-0.0381875,0.000187623,0.00159628
-0.0332949,0.000542125,0.00182955
-0.0284021,-0.000125894,0.00228481
-0.0235093,-0.000636681,0.00170062
-0.0186164,-0.000342877,0.00138614
-0.0137239,-0.000390373,0.00125459
-0.00883102,0.00021214,0.00124182
-0.0039382,-0.00033227,0.00198606
0.00095439,-0.000734463,0.00103071
0.00584722,-1.51309e-05,0.00108296
0.01074,-0.00026692,0.00126424
0.0156329,-0.000188507,0.00101668
0.0205255,5.5029e-05,0.000977804
0.0254183,0.000320413,0.00133478
0.0303111,-0.000331623,0.0016285
0.0352039,-0.000250046,0.000678161
0.0400965,0.000516905,0.00133256
0.0449893,-0.000231948,0.00131871
0.0498822,0.000455925,0.00127304
0.0547748,-0.000314833,0.00189351
0.0596676,-0.000512192,0.00101741
0.0645604,-2.23427e-05,0.00092644
0.0694532,3.77962e-05,0.00130633
0.0743458,-0.00052235,0.000796625
0.0792387,0.000790054,0.000338876
0.0841315,0.000842398,0.00186572
0.0890241,-0.000338894,0.00165937
0.0939169,-8.95359e-06,0.000718751
0.0988097,0.000861041,0.00126985
0.103703,0.000395048,0.001914
0.108595,-0.000228134,0.00228783
0.113488,-0.00148554,0.000971098
0.118381,0.000529365,-3.68651e-05
0.123273,0.000338366,0.0014038
0.128166,0.000594753,0.000506506
0.133059,0.000963796,0.00202311
0.137952,-0.00046356,0.00137505
0.142844,0.000626709,0.00078614
0.147737,0.000597661,0.0013949
0.15263,0.00103668,0.00138769
0.157523,0.000449742,0.00259586
0.162416,-0.000447994,0.00143412
0.167308,0.000380246,0.00159818
0.172201,-0.00018158,0.00123347
0.177094,0.000857323,0.00148486
0.181987,-0.000115089,0.00188522
0.186879,0.000281378,0.00138929
0.191772,1.85868e-05,0.00155095
0.196665,0.000261245,0.00147108
0.201558,-9.23286e-05,0.00104601
0.20645,0.00114205,0.00115986
0.211343,0.000507675,0.0017373
0.216236,0.00125366,0.00196621
0.221129,-0.000323429,0.00263947
0.226022,0.000194675,0.00125806
0.230914,0.000205161,0.00196881
0.235807,0.000441374,0.001625
0.2407,-7.05042e-05,0.00193128
0.245593,0.000827315,0.00137173
0.250485,0.000121977,0.00273473
0.255378,-0.000131004,0.00134588
0.260271,0.000455145,0.00204301
0.265163,0.00015283,0.00183223
0.270056,8.53059e-05,0.00209318
0.274949,0.000220301,0.00165032
0.279842,0.000292091,0.0024084
0.284734,-0.000463235,0.0021231
0.289627,-0.000455928,0.00155979
0.29452,9.51002e-05,0.00130797
0.299413,0.000171317,0.0015531
0.304306,0.000410397,0.00154104
0.309198,0.000469053,0.00154951
0.314091,0.0011134,0.00236622
0.318984,-0.000651607,0.00261873
0.323877,0.000481206,0.00133525
0.328769,5.69204e-05,0.00295058
0.333662,-0.000612823,0.00192287
0.338555,-0.000896449,0.00176361
0.343448,0.000100351,0.000432475
0.348341,0.000585162,0.00181055
0.353233,0.000647542,0.00109134
0.358126,0.000905812,0.00277421
0.363019,-0.00046066,0.00166541
0.367912,0.000817564,0.00190056
0.372804,-0.000159005,0.00195874
0.377697,0.000797969,0.00160161
0.38259,0.00037529,0.00245667
0.387482,0.000216685,0.00193132
0.392375,0.000309508,0.00223415
0.397268,0.000153406,0.00179536
0.402161,0.000727453,0.00220669
0.407053,8.16591e-06,0.00222581
0.411946,0.000705698,0.00187591
0.416839,0.000647417,0.00264263
0.421732,0.000163035,0.00292182
0.426625,-0.000599235,0.00211082
0.431517,0.000867579,0.00188076
0.43641,1.32076e-05,0.00306308
0.441303,-2.7004e-05,0.002164
0.446196,-0.00015098,0.00258863
0.451088,1.66198e-05,0.00200531
0.455981,1.29064e-05,0.00247721
0.460874,4.67628e-05,0.00214908
0.465767,-9.6649e-05,0.00234806
0.470659,0.000314659,0.00200451
0.475552,0.000275802,0.00261836
0.480445,0.000303477,0.00277916
0.485338,-0.000791344,0.00305584
0.490231,-0.00047521,0.00188419
0.495123,-0.000570924,0.00226198
0.500016,0.000102119,0.00134328
0.504909,0.000296344,0.00264176
0.509801,-0.000196016,0.00196319
0.514694,0.000184089,0.00242124
0.519587,-0.000148814,0.00225117
0.52448,-0.000274393,0.00228086
0.529372,3.39832e-05,0.00186908
0.534265,-0.000291251,0.00234021
0.539158,0.000133573,0.00122861
0.544051,0.000727701,0.00255066
0.548944,-0.00015661,0.00196841
0.553836,0.000677613,0.00230232
0.558729,-0.000308581,0.00230612
0.563622,0.000601073,0.0013958
0.568515,0.00121448,0.00283504
0.573407,-0.000489598,0.00289431
0.5783,0.000245319,0.00129752
0.583193,0.00130924,0.00236373
0.588086,0.000689357,0.00288196
0.592978,0.000470764,0.00279034
0.597871,0.000446559,0.00280409
0.602764,0.000351033,0.00276583
0.607657,0.00032452,0.00302906
0.61255,-0.000298732,0.00244081
0.617442,0.000842093,0.00217743
0.622335,0.000509752,0.00272054
0.627228,0.00135914,0.00269715
0.63212,0.000478477,0.00400351
0.637013,7.42737e-06,0.00307454
0.641906,7.89001e-05,0.00320895
0.646799,0.000223867,0.00299476
0.651691,-0.000191541,0.00318024
0.656584,0.000270701,0.00252104
0.661477,0.000369514,0.00322337
0.66637,0.000130544,0.00305088
0.671263,7.29915e-05,0.00283026
0.676155,0.000762586,0.003192
0.681048,-0.000622016,0.00328279
0.685941,0.00104101,0.00191607
0.690834,0.001106,0.00434002
0.695726,-0.000209731,0.0037312
0.700619,-0.000390932,0.00348236
0.705512,0.000224898,0.00263956
0.710405,0.000532855,0.00386634
0.715297,-0.000422816,0.00356334
0.72019,-0.000283728,0.00287372
0.725083,0.000823994,0.00298104
0.729976,0.000158886,0.00418332
0.734869,-0.00039678,0.00343565
0.739761,-0.000237035,0.00301159
0.744654,0.000837477,0.00336213
0.749547,-0.000654558,0.00421275
0.754439,-6.69058e-05,0.00261329
0.759332,-2.72973e-05,0.00370786
0.764225,0.000159031,0.00273304
0.769118,0.00024807,0.0037265
0.77401,0.000387272,0.00285214
0.778903,0.000604803,0.00411252
0.783796,6.24105e-05,0.00332013
0.788689,0.000572581,0.0038784
0.793581,0.000412388,0.00363609
0.798474,0.000559716,0.00443724
0.803367,-0.000211996,0.00429929
0.80826,-0.00052183,0.00382345
0.813153,0.000521037,0.00316812
0.818045,0.000606414,0.0047421
0.822938,-0.000434829,0.00431286
0.827831,-0.000355719,0.00390776
0.832724,0.000210349,0.0037525
0.837616,-0.000150653,0.00422112
0.842509,0.000428515,0.00386529
0.847402,-0.000475927,0.00494271
0.852295,-0.00050243,0.0031125
0.857188,0.000595688,0.00407622
0.86208,0.000136806,0.00395866
0.866973,0.000497226,0.00429244
0.871866,0.000441848,0.00447672
0.876759,9.7505e-06,0.00481908
0.881651,0.000198554,0.00438596
0.886544,-8.04209e-05,0.00502594
0.891437,-0.000260417,0.00438959
0.896329,-0.000130894,0.00439435
0.901222,0.000661907,0.00438614
0.906115,-7.26821e-05,0.00550081
0.911008,-0.000258552,0.00456556
0.9159,-0.000244342,0.00494442
0.920793,2.07316e-05,0.00451274
0.925686,-0.000323994,0.00490276
0.930579,0.000526411,0.00417578
0.935472,0.000444608,0.00564268
0.940364,5.18842e-05,0.00523658
0.945257,-0.000484825,0.00553348
0.95015,0.000125482,0.00470484
0.955043,-0.000386703,0.00561265
0.959935,0.000424163,0.00425261
0.964828,0.000698437,0.00635332
0.969721,-0.000228171,0.00557708
0.974614,-0.000227765,0.00621063
0.979506,-0.000437707,0.00514452
0.984399,0.000217392,0.00598716
0.989292,-0.000375794,0.00592468
0.994185,-0.000721053,0.00570302
0.999078,0.000381416,0.00503244
1.00397,1.79482e-05,0.00663089
1.00886,-0.000252721,0.00520636
1.01376,0.000886648,0.00620708
1.01865,0.000402774,0.00680214
1.02354,-0.00038573,0.00698898
1.02843,9.14584e-05,0.00651453
1.03333,-0.000918324,0.00722439
1.03822,-0.000137242,0.00541149
1.04311,0.000734332,0.00720378
1.048,-1.18216e-05,0.00719632
1.0529,-0.000357562,0.00733373
1.05779,0.000429173,0.00702972
1.06268,-0.000518157,0.00833417
1.06758,-0.000452215,0.00691199
1.07247,-0.000108967,0.00773106
1.07736,0.000384906,0.00779518
1.08225,-0.00106181,0.00872816
1.08715,8.47518e-05,0.00702725
1.09204,-0.000324166,0.00939332
1.09693,-0.000855368,0.0075228
1.10183,6.01995e-05,0.0085839
1.10672,1.20851e-05,0.00880876
1.11161,-0.00138503,0.0091979
1.1165,0.000303584,0.00760546
1.1214,-0.000265966,0.0098738
1.12629,0.000566384,0.0084433
1.13118,-0.000475902,0.0109713
1.13607,0.000172552,0.00821601
1.14097,0.000732226,0.0116944
1.14586,-0.000481243,0.00980732
1.15075,0.000246511,0.0114457
1.15565,0.000357855,0.0101745
1.16054,0.000749767,0.0126956
1.16543,0.000304729,0.0116677
1.17032,-8.60935e-05,0.0138735
1.17522,-0.000228823,0.011667
1.18011,0.000660664,0.0143658
1.185,-0.000230941,0.0129998
1.18989,0.000792235,0.0145781
1.19479,0.00138463,0.0142925
1.19968,0.00119091,0.0171924
1.20457,0.00105645,0.0164644
1.20947,0.000566125,0.0185285
1.21436,0.00235515,0.0177367
1.21925,0.00110036,0.0219547
1.22414,0.00253822,0.0201377
1.22904,0.00183223,0.0255222
1.23393,0.00351722,0.024018
1.23882,0.00211812,0.0318926
1.24372,0.00239014,0.0293557
1.24861,0.00219261,0.0388209
1.2535,0.00138405,0.0378078
1.25839,0.000339038,0.0492224
1.26329,-0.000334396,0.0498939
1.26818,-0.00319379,0.0674435
1.27307,-0.00510787,0.0738916
1.27796,-0.0195217,0.109699
1.28286,-0.0428992,0.129977
1.28775,-0.14886,0.199423
1.29264,-0.315908,0.0237613
1.29754,-0.163121,-0.149126
1.30243,-0.0731432,-0.0959881
1.30732,-0.0463826,-0.0883507
1.31221,-0.0311501,-0.0594311
1.31711,-0.024878,-0.05773
1.322,-0.0203524,-0.042508
1.32689,-0.0173417,-0.0438021
1.33178,-0.0147371,-0.0340585
1.33668,-0.0123262,-0.0352318
1.34157,-0.0116639,-0.0274532
1.34646,-0.0102605,-0.0297024
1.35136,-0.00947909,-0.0233807
1.35625,-0.00907426,-0.0254193
1.36114,-0.008576,-0.021073
1.36603,-0.00743436,-0.0231165
1.37093,-0.00702191,-0.0186599
1.37582,-0.00660728,-0.0208328
1.38071,-0.00564365,-0.0169009
1.38561,-0.00632741,-0.0181255
1.3905,-0.00607678,-0.0166809
1.39539,-0.00403874,-0.0180164
1.40028,-0.00399038,-0.0140446
1.40518,-0.00425144,-0.0155394
1.41007,-0.00415225,-0.0130824
1.41496,-0.00416717,-0.0147261
1.41985,-0.00350466,-0.0128216
1.42475,-0.00298596,-0.0135502
1.42964,-0.00312825,-0.0112623
1.43453,-0.00317224,-0.0122415
1.43943,-0.00373231,-0.0106764
1.44432,-0.00323104,-0.0126235
1.44921,-0.00249188,-0.0108225
1.4541,-0.0020257,-0.0114604
1.459,-0.00226476,-0.00964874
1.46389,-0.00153577,-0.01072
1.46878,-0.0019636,-0.0079628
1.47368,-0.00273737,-0.00978307
1.47857,-0.00221535,-0.00816543
1.48346,-0.00314767,-0.00949036
1.48835,-0.00215667,-0.00940593
1.49325,-0.000816136,-0.00937243
1.49814,-0.00155973,-0.00692479
1.50303,-0.00221199,-0.00854931
1.50792,-0.00159362,-0.00728321
1.51282,-0.00211487,-0.0080419
1.51771,-0.00159722,-0.00737486
1.5226,-0.00151098,-0.00733538
1.5275,-0.00253926,-0.00661036
1.53239,-0.00182719,-0.00852473
1.53728,-0.000873471,-0.00659163
1.54217,-0.00179481,-0.00686795
1.54707,-0.00179466,-0.00675755
1.55196,-0.00105536,-0.00707006
1.55685,-0.00196659,-0.00587264
1.56174,-0.00140031,-0.00782177
1.56664,-0.000343321,-0.00585155
1.57153,-0.00103412,-0.00583715
1.57642,-0.00180586,-0.00486777
1.58132,-0.00222957,-0.00645278
1.58621,-0.00193691,-0.00589603
1.5911,-0.0015947,-0.0072913
1.59599,-0.000720769,-0.00592411
1.60089,-0.000906319,-0.00652353
1.60578,-0.000691112,-0.00508637
1.61067,-0.00145073,-0.00648371
1.61557,7.43987e-05,-0.00542217
1.62046,-0.00125023,-0.00533599
1.62535,-0.000453642,-0.0057451
1.63024,-0.000252923,-0.0051444
1.63514,-0.000586639,-0.00480542
1.64003,-0.000320191,-0.00473203
1.64492,-0.00137935,-0.00423702
1.64981,-0.000575115,-0.00561231
1.65471,-0.000693523,-0.00372756
1.6596,-0.00156111,-0.00554161
1.66449,-1.06775e-05,-0.00486913
1.66939,-0.000364888,-0.00467435
1.67428,-0.000335576,-0.00382216
1.67917,-0.00101848,-0.00434359
1.68406,-0.00104802,-0.00416829
1.68896,-0.000735587,-0.00536491
1.69385,0.000161915,-0.00401095
1.69874,-0.000578761,-0.0045519
1.70363,0.000166564,-0.00379921
1.70853,-0.000244828,-0.00428726
1.71342,0.000564969,-0.00272142
1.71831,-0.00156664,-0.00324507
1.72321,-0.000240974,-0.00356652
1.7281,-0.00161389,-0.00343077
1.73299,-8.34539e-05,-0.00449353
1.73788,-0.000163329,-0.00276343
1.74278,-0.000928608,-0.00303868
1.74767,-0.00124204,-0.00311851
1.75256,-0.00117781,-0.00366704
1.75746,-0.000967335,-0.00350026
1.76235,-0.00112704,-0.00360077
1.76724,-0.00106767,-0.00384091
1.77213,-0.000691413,-0.00390981
1.77703,-0.000835241,-0.00365631
1.78192,-0.000569166,-0.00436833
1.78681,0.000437192,-0.00349975
1.7917,-0.000540391,-0.00304143
1.7966,-6.55484e-05,-0.00343569
1.80149,-0.000336332,-0.00262499
1.80638,-0.00087988,-0.00292049
1.81128,-0.000935707,-0.00343599
1.81617,-0.00023917,-0.0033859
1.82106,-0.000746293,-0.003248
1.82595,0.000274864,-0.0036422
1.83085,7.513e-05,-0.00231187
1.83574,-0.000396491,-0.00234581
1.84063,-0.00144429,-0.00230457
1.84553,-0.00100127,-0.00377808
1.85042,-0.000505875,-0.00335184
1.85531,0.000460506,-0.00372761
1.8602,0.000309486,-0.00170605
1.8651,-0.000788299,-0.00260957
1.86999,-0.000547881,-0.00205291
1.87488,-0.00134142,-0.00317666
1.87977,1.66012e-05,-0.00309236
1.88467,-0.000256627,-0.00253409
1.88956,-0.000589621,-0.0021888
1.89445,-0.00101117,-0.00312355
1.89935,1.92494e-05,-0.00300807
1.90424,5.38536e-05,-0.00280097
1.90913,0.000391815,-0.00177932
1.91402,-0.00100087,-0.00190224
1.91892,-0.000243512,-0.00233856
1.92381,-0.000955034,-0.00170503
1.9287,-0.000973729,-0.00245011
1.93359,-0.00117724,-0.00218038
1.93849,-0.00113479,-0.00316356
1.94338,-0.000450892,-0.00258814
1.94827,-0.00117549,-0.0032077
1.95317,0.000676218,-0.00335521
1.95806,-7.44705e-05,-0.00150638
1.96295,-0.000779777,-0.00255855
1.96784,-0.000284286,-0.00229275
1.97274,-0.000589964,-0.00233761
1.97763,-0.000797636,-0.00246207
1.98252,-0.000321044,-0.00328848
1.98741,0.000676687,-0.00241164
1.99231,3.14606e-05,-0.00165415
1.9972,-0.000536131,-0.00186521
2.00209,-0.000299143,-0.00221507
2.00699,-0.000366771,-0.00187709
2.01188,-0.000286398,-0.00205103
2.01677,-0.000752504,-0.00154966
2.02166,-0.000904097,-0.00276006
2.02656,0.00027603,-0.00226606
2.03145,-0.000160545,-0.00168127
2.03634,-0.000285928,-0.00151684
2.04124,-0.000690882,-0.00119806
2.04613,-0.00183592,-0.00145731
2.05102,-0.00144414,-0.0031929
2.05591,-0.00025114,-0.00247534
2.06081,-0.000819732,-0.00242884
2.0657,-0.000539828,-0.00250991
2.07059,-0.000467669,-0.0029224
2.07548,0.000456727,-0.00227617
2.08038,-0.000677304,-0.00171826
2.08527,-0.000481136,-0.00298977
2.09016,0.000786426,-0.00212705
2.09506,-0.000663233,-0.00120751
2.09995,-0.000599677,-0.00282637
2.10484,0.000254085,-0.0018032
2.10973,-0.000732789,-0.00209126
2.11463,-0.000223551,-0.00236598
2.11952,-0.000132006,-0.00263917
2.12441,0.000561893,-0.00212311
2.1293,0.000164596,-0.00201183
2.1342,0.000590568,-0.00146909
2.13909,-0.00048589,-0.00141264
2.14398,-2.4232e-05,-0.00187832
2.14888,-0.000383883,-0.00170762
2.15377,4.83911e-05,-0.00210635
2.15866,0.000157079,-0.00176427
2.16355,0.000408875,-0.00140099
2.16845,-0.000470013,-0.000950105
2.17334,-0.00067288,-0.00174317
2.17823,-0.000524861,-0.0018755
2.18313,-0.000294598,-0.00217845
2.18802,7.12824e-05,-0.00224175
2.19291,0.000724737,-0.00178483
2.1978,0.000120932,-0.000960595
2.2027,-0.000366161,-0.0013421
2.20759,-0.000519829,-0.00168267
2.21248,0.000110495,-0.002025
2.21737,3.3614e-05,-0.00129354
2.22227,-0.00025158,-0.0018519
2.22716,0.000379127,-0.00172025
2.23205,0.000412791,-0.00113949
2.23695,-0.000423877,-0.000736086
2.24184,-0.00077579,-0.00187145
2.24673,0.000105362,-0.00193818
2.25162,0.000305289,-0.00180927
2.25652,0.000682878,-0.00106608
2.26141,-0.000299451,-0.000881124
2.2663,2.29832e-05,-0.00141158
2.27119,-0.000177601,-0.000916218
2.27609,-0.000345198,-0.00152701
2.28098,0.000146678,-0.00118971
2.28587,-0.00046753,-0.00122186
2.29077,0.000134967,-0.00164442
2.29566,2.08919e-05,-0.00104113
2.30055,0.000323569,-0.00141245
2.30544,8.41407e-05,-1.51703e-05
2.31034,-0.00130244,-0.00130878
2.31523,0.000189761,-0.0014125
2.32012,-0.000771289,-0.00108481
2.32502,0.000180763,-0.00159699
2.32991,-0.00058659,-0.000741312
2.3348,-0.000270716,-0.00192964
2.33969,0.000104767,-0.000948525
2.34459,-0.00047095,-0.00145422
2.34948,0.000199101,-0.0015426
2.35437,0.000423395,-0.000962398
2.35926,-0.000253936,-0.000578175
2.36416,-0.000246267,-0.00108331
2.36905,-0.000514863,-0.000737922
2.37394,-0.000365202,-0.00167738
2.37884,0.000336092,-0.000567868
2.38373,-0.00126995,-0.000726224
2.38862,-0.000502101,-0.00218582
2.39351,0.000622053,-0.00132591
2.39841,-9.0752e-05,-0.000568759
2.4033,-0.000344035,-0.000940626
2.40819,-0.000594846,-0.000793183
2.41308,-0.000707597,-0.00158071
2.41798,-2.21832e-07,-0.00146004
2.42287,-3.42503e-05,-0.00138652
2.42776,0.000550262,-0.00099373
2.43266,-0.000216588,-2.69752e-05
2.43755,-0.00124341,-0.000940887
2.44244,-0.000388477,-0.00154277
2.44733,-0.000691734,-0.00109256
2.45223,-0.000407096,-0.00218354
2.45712,0.000738876,-0.00140154
2.46201,0.000188402,-0.000712922
2.46691,-0.000198856,-0.000708955
2.4718,-0.000282608,-0.00103352
2.47669,-0.000169265,-0.000657594
2.48158,-0.00099318,-0.000821782
2.48648,-0.000916896,-0.00193116
2.49137,0.000573182,-0.00208472
2.49626,0.000387914,-0.000353129
2.50115,-0.000839874,-0.00130291
2.50605,0.000213255,-0.00147996
2.51094,-0.00014684,-0.00133553
2.51583,0.000489508,-0.00130057
2.52073,3.01984e-05,-0.0010173
2.52562,0.000554932,-0.00109344
2.53051,-8.72894e-06,-0.000664841
2.5354,0.000560446,-0.00102979
2.5403,-3.9678e-05,7.72402e-05
2.54519,-0.000439447,-0.0010269
2.55008,4.2578e-06,-0.00026664
2.55497,-0.00116016,-0.000891814
2.55987,-0.000263083,-0.00156616
2.56476,-0.000142983,-0.00133932
2.56965,0.000242499,-0.00126711
2.57455,1.01186e-05,-0.00113769
2.57944,0.000610607,-0.00122032
2.58433,0.000359197,-0.000440854
2.58922,0.000225053,-0.000599832
2.59412,-0.00025463,-6.62702e-05
2.59901,-0.00076343,-0.00100345
2.6039,-0.000190188,-0.00112634
2.6088,-6.35865e-05,-0.00132933
2.61369,0.000371795,-0.00082732
2.61858,-0.000192959,-0.000876185
2.62347,0.000266299,-0.00100054
2.62837,7.52581e-05,-0.000718002
2.63326,5.97483e-05,-0.000655991
2.63815,-0.000371323,-0.000939305
2.64304,0.000407463,-0.0011654
2.64794,-0.000100745,-0.000488845
2.65283,4.83724e-05,-0.00157421
2.65772,0.00109016,-0.000666659
2.66262,0.000202277,-0.000103562
2.66751,7.32821e-05,-0.000354331
2.6724,-0.000185122,-0.000356326
2.67729,-0.000108654,-0.000474418
2.68219,-0.000635738,-0.000398207
2.68708,-0.000497336,-0.00145905
2.69197,0.000479854,-0.00104242
2.69686,6.102e-06,-0.00067468
2.70176,0.000174202,-0.000877146
2.70665,-2.94025e-05,-0.000711219
2.71154,0.000184366,-0.00113741
2.71644,0.000477381,-0.000693909
2.72133,0.000184333,-0.000785193
2.72622,0.000635577,-0.000824676
2.73111,0.000627298,-0.000218136
2.73601,1.91794e-05,-0.000196633
2.7409,0.000247809,-0.000741207
2.74579,0.000582738,5.22513e-06
2.75069,-0.000483563,-6.56399e-05
2.75558,-6.41501e-05,-0.000984087
2.76047,0.000582287,-0.000518692
2.76536,0.00010875,0.00010008
2.77026,-0.000378574,-0.000756924
2.77515,0.000908919,-0.000429818
2.78004,-0.000538428,0.000471447
2.78493,-0.00019529,-0.00120538
2.78983,0.000453477,0.000107164
2.79472,-0.000758387,-0.00037196
2.79961,-0.000182411,-0.00103934
2.80451,0.000397089,-0.00100902
2.8094,0.000539818,-0.000349642
2.81429,0.000415903,-0.000356032
2.81918,0.000135891,0.000395309
2.82408,-0.000889083,-0.000478952
2.82897,3.27017e-05,-0.00118205
2.83386,0.000650501,-0.000709807
2.83875,0.000167679,9.68454e-05
2.84365,-0.000287636,-0.000921808
2.84854,0.000678886,-0.000536674
2.85343,0.000148233,-0.000496667
2.85833,0.000588191,-0.000131456
2.86322,-0.000397441,-0.000485782
2.86811,0.000829294,-0.000839088
2.873,0.000293886,-8.97946e-05
2.8779,0.000757804,-0.000296911
2.88279,-0.00027186,0.000427658
2.88768,-0.000113059,-0.00118039
2.89258,0.000893512,-0.000370124
2.89747,0.000390651,-0.000126413
2.90236,0.000224103,-8.76366e-05
2.90725,0.000107634,-0.000487658
2.91215,0.000362895,-0.000497341
2.91704,0.000456697,-0.000686979
2.92193,0.000852727,-0.000604514
2.92682,0.00115896,-0.000352852
2.93172,0.00103457,0.000325776
2.93661,0.000503164,0.000145189
2.9415,0.000622066,0.000123934
2.9464,0.000308359,-0.000128192
2.95129,0.000813914,-0.000441154
2.95618,0.00109413,-0.00031242
2.96107,0.0016172,0.000139235
2.96597,0.000956844,0.000633526
2.97086,0.00127388,0.000108205
2.97575,0.00115937,0.000911504
2.98064,0.000825629,-2.8421e-05
2.98554,0.00217811,0.000115364
2.99043,0.00242873,0.00113662
2.99532,0.00218313,0.00168678
3.00022,0.00259934,0.00189999
3.00511,0.00294692,0.00310168
3.01,0.00389044,0.00509762
3.01489,7.57418e-05,0.0106433
3.01979,-0.00817536,0.00630835
3.02468,-0.00528956,0.000230914
3.02957,-0.00395062,0.000754558
3.03447,-0.00299175,-0.000711957
3.03936,-0.00184555,0.000287954
3.04425,-0.00242737,0.000362822
3.04914,-0.00249668,-0.00017675
3.05404,-0.00197429,-0.000700272
3.05893,-0.00148255,-0.00067456
3.06382,-0.000943177,-0.000339374
3.06871,-0.00162734,0.000208706
3.07361,-0.00180931,-0.0010699
3.0785,-0.000286478,-0.00101889
3.08339,-0.000480884,0.000246007
3.08829,-0.00112308,-0.000198029
3.09318,-0.000642798,-0.000104224
3.09807,-0.00109336,-1.59848e-05
3.10296,-0.000979642,-0.000174577
3.10786,-0.00117743,-0.000605275
3.11275,-0.000130897,-0.000435634
3.11764,-0.00110522,0.000232447
3.12253,-0.00067785,-0.000907345
3.12743,-0.00024419,-1.90669e-05
3.13232,-0.000485488,-0.000179254
3.13721,-0.000538251,0.000351287
3.14211,-0.00106128,-0.000172573
3.147,-0.000609817,-0.000233607
3.15189,-0.000644015,-0.00024364
3.15678,-0.000532602,0.000121258
3.16168,-0.00118098,-0.000201253
3.16657,-0.000553917,-0.000482861
3.17146,-0.00113449,-0.000314724
3.17636,-0.000344482,-0.00152122
3.18125,0.00071893,-0.000243069
3.18614,-8.51591e-05,0.000227702
3.19103,-0.000209443,0.000118004
3.19593,1.21992e-05,0.000119129
3.20082,-0.000510901,0.000981989
3.20571,-0.00125546,-0.000289899
3.2106,-0.000101833,5.30372e-05
3.2155,-0.00104328,4.54945e-05
3.22039,-0.000333755,-9.85495e-05
3.22528,-0.0011475,-0.000166639
3.23018,-0.000111075,-0.000564982
3.23507,-0.00087711,-0.000154963
3.23996,0.000373867,-0.00102521
3.24485,0.000143745,0.000748199
3.24975,-0.000445647,-0.000143709
3.25464,-0.000138596,0.000446849
3.25953,-0.000552818,1.74798e-05
3.26443,-0.000366783,0.000454569
3.26932,-0.000996853,-0.000196615
3.27421,3.2719e-05,-0.000128924
3.2791,-0.000937568,0.00051139
3.284,-0.000885798,-0.000960768
3.28889,0.000481264,-0.000434397
3.29378,-8.99851e-05,0.000361835
3.29867,-0.000278107,2.15151e-05
3.30357,-9.60397e-05,0.000156114
3.30846,-0.000347981,0.000310592
3.31335,-0.000292739,9.53365e-05
3.31825,-0.000538072,0.000518301
3.32314,-0.000917104,-0.000505441
3.32803,0.000368893,-0.000351946
3.33292,7.69871e-05,0.000289725
3.33782,9.10952e-05,0.00069071
3.34271,-0.000806917,0.000520642
3.3476,-0.000220785,0.000296875
3.35249,-0.00105713,0.000595231
3.35739,-0.000838558,-0.000337424
3.36228,-0.000521332,-0.000341496
3.36717,-1.3463e-05,-0.000144173
3.37207,-0.000555505,6.76494e-05
3.37696,-0.000141841,-0.000310611
3.38185,-0.000273758,-0.000299729
3.38674,0.000847132,-0.000216239
3.39164,7.1497e-06,0.00108648
3.39653,-0.00027692,0.000287082
3.40142,-0.000432445,0.000686363
3.40632,-0.000518013,3.74178e-05
3.41121,-0.000338349,0.000195762
3.4161,-0.000102082,-4.38496e-06
3.42099,-0.00013414,0.000382358
3.42589,-1.38744e-05,0.000329351
3.43078,-0.000503469,0.000678219
3.43567,-0.000346756,-4.57001e-05
3.44056,-5.21036e-05,0.000442399
3.44546,-0.000179131,0.000522083
3.45035,-0.000618682,0.000671489
3.45524,-0.000535408,0.000197912
3.46014,-0.000739079,0.000262954
3.46503,-0.00024053,-0.000378083
3.46992,9.22204e-05,0.000293087
3.47481,2.62008e-05,0.000437654
3.47971,-0.000551979,0.000736476
3.4846,-0.000408635,-5.18659e-05
3.48949,-0.000113365,0.000434097
3.49439,-0.000263764,0.000435687
3.49928,-0.000694619,0.000464026
3.50417,-0.000274011,-0.000139958
3.50906,-0.000411386,0.000374725
3.51396,-0.000127227,-0.000406214
3.51885,0.00028226,0.000429608
3.52374,-4.8793e-05,0.000238619
3.52863,-8.15309e-06,0.000418753
3.53353,0.00025534,5.82737e-05
3.53842,0.000522971,0.000805505
3.54331,0.000254335,0.000989989
3.54821,-0.000388186,0.00131204
3.5531,-0.000368227,0.000436038
3.55799,-7.22132e-05,0.000908625
3.56288,-1.64237e-05,0.000829757
3.56778,-0.000623475,0.00149586
3.57267,-0.000641341,0.000320854
3.57756,-0.000377349,0.00135129
3.58245,-0.00109464,0.000221525
3.58735,5.88702e-05,0.000765759
3.59224,-0.000805974,0.000987872
3.59713,-0.00108475,0.000845783
3.60203,-0.000963843,-0.000625641
3.60692,0.00102024,0.00067325
3.61181,-0.00113728,0.00177427
3.6167,-0.00131499,6.36461e-07
3.6216,-0.000213427,-0.000261932
3.62649,0.000485974,0.000841078
3.63138,-0.000854356,0.00144203
3.63628,-0.000976785,0.000346203
3.64117,-0.00045803,0.000613152
3.64606,-0.000946556,0.000648839
3.65095,-0.000643281,0.000246908
3.65585,-0.000851312,0.000674345
3.66074,-0.000987778,-0.000191415
3.66563,-0.000266573,9.34717e-05
3.67052,-0.000491564,1.28725e-05
3.67542,-7.35489e-05,0.000261945
3.68031,-0.000480315,0.00012861
3.6852,0.000236628,8.71263e-05
3.6901,-1.79166e-05,0.000714869
3.69499,-0.000281924,0.000533039
3.69988,-0.000111375,0.000360005
3.70477,5.8215e-06,0.000808039
3.70967,-0.00054977,0.000524185
3.71456,0.000184243,0.000322416
3.71945,4.36448e-05,0.00106819
3.72434,-0.00038309,0.00110966
3.72924,-0.000908374,0.000903598
3.73413,-0.000752445,0.000166568
3.73902,-0.000235482,0.000248675
3.74392,-0.000236468,0.000370491
3.74881,1.58637e-05,0.000306785
3.7537,0.000187175,0.000901265
3.75859,-0.000662464,0.000971937
3.76349,-0.000464136,0.000126081
3.76838,5.07323e-05,0.000386124
3.77327,0.000155062,0.000482878
3.77816,0.000181054,0.00107813
3.78306,-0.000520807,0.00088873
3.78795,-0.000237518,0.000532504
3.79284,-0.00017268,0.000411509
3.79774,0.000539082,0.000654725
3.80263,-0.000107588,0.00153046
3.80752,-0.000676578,0.000761205
3.81241,-7.52748e-05,0.000508817
3.81731,-2.68371e-05,0.00101546
3.8222,-0.000505245,0.000713685
3.82709,0.000112516,0.000531876
3.83199,-0.000108447,0.000864308
3.83688,0.000270079,0.000794418
3.84177,-0.000406457,0.00129146
3.84666,-0.000109076,0.000206529
3.85156,0.000426483,0.00113466
3.85645,-9.07417e-05,0.000867996
3.86134,0.000185309,0.00102061
3.86623,0.000380236,0.000673178
3.87113,0.000907677,0.00192726
3.87602,-0.000551263,0.00187365
3.88091,-8.1366e-05,0.00158212
3.88581,-0.000982815,0.0015564
3.8907,-0.00015771,0.000792344
3.89559,-0.000430445,0.00157247
3.90048,-0.000257912,0.000850662
3.90538,-0.000172267,0.00176892
3.91027,-0.000886691,0.00108943
3.91516,-0.000154932,0.000987883
3.92006,-0.000267782,0.00147682
3.92495,-0.000963654,0.00138843
3.92984,-0.000574133,0.000327542
3.93473,0.000210442,0.00103133
3.93963,-6.90446e-05,0.0011024
3.94452,6.26704e-05,0.00163325
3.94941,-0.000475258,0.00148311
3.9543,-0.00054778,0.00178793
3.9592,-0.00123002,0.00104678
3.96409,-0.000766792,0.000904903
3.96898,-0.000867697,-9.05475e-05
3.97388,0.000875243,0.000492126
3.97877,-3.84027e-05,0.00108199
3.98366,0.000834494,0.00112955
3.98855,-0.000161587,0.00189841
3.99345,-7.66447e-05,0.00141652
3.99834,-0.000623166,0.00129129
4.00323,0.000311339,0.000897611
4.00812,-0.000120475,0.00156951
4.01302,0.000103574,0.00124197
4.01791,-0.00023082,0.00121739
4.0228,0.000772909,0.00123456
4.0277,-0.000162791,0.00180172
4.03259,0.00106038,0.00130453
4.03748,-4.47951e-05,0.00320943
4.04237,-0.000831844,0.00162998
4.04727,-0.000397336,0.0015782
4.05216,0.000425713,0.00137343
4.05705,-0.000197102,0.00268793
4.06194,-0.000421231,0.00154346
4.06684,-0.0002107,0.0025248
4.07173,-0.00107822,0.00188791
4.07662,-0.00104582,0.00141773
4.08152,-4.34831e-05,0.000603003
4.08641,0.000427865,0.0020782
4.0913,-0.000315325,0.00193071
4.09619,-0.000670896,0.00201812
4.10109,-0.000229755,0.000816675
4.10598,0.000615166,0.00228113
4.11087,-0.000677363,0.00199766
4.11577,-8.54107e-05,0.00171799
4.12066,-9.60009e-05,0.00166334
4.12555,0.000398105,0.00215684
4.13044,-0.000202602,0.00251394
4.13534,-0.000434947,0.00245586
4.14023,-0.000798235,0.00220168
4.14512,-0.000706173,0.00176772
4.15001,-0.000221243,0.00171943
4.15491,-0.000451876,0.00208982
4.1598,-0.000298777,0.00153071
4.16469,8.41934e-05,0.00208386
4.16959,-0.000249799,0.0021377
4.17448,-0.000421577,0.00205005
4.17937,8.71232e-06,0.00170893
4.18426,-0.000131676,0.00231497
4.18916,0.00022879,0.00156796
4.19405,0.000517111,0.00325347
4.19894,-0.00112472,0.00217942
4.20383,0.000612816,0.00201185
4.20873,-0.000270875,0.00289381
4.21362,5.57935e-05,0.00259016
4.21851,-0.000844802,0.00293157
4.22341,-0.000148547,0.00193806
4.2283,-0.000371221,0.00321538
4.23319,-0.00101858,0.00193152
4.23808,-3.01916e-05,0.00217874
4.24298,-0.000256426,0.00203981
4.24787,0.000406247,0.00245393
4.25276,-6.77675e-05,0.00268813
4.25766,-1.45708e-05,0.00287744
4.26255,-0.000437125,0.00240846
4.26744,0.000447355,0.00274996
4.27233,-0.000735247,0.00296328
4.27723,0.000142733,0.00175348
4.28212,0.000957902,0.00285116
4.28701,0.000455369,0.00351426
4.2919,-0.000114947,0.00342633
4.2968,-5.87573e-05,0.00312625
4.30169,0.000262728,0.00308393
4.30658,0.000303524,0.0038238
4.31148,-0.000351177,0.00340336
4.31637,0.000419375,0.00367735
4.32126,-0.00046952,0.00404904
4.32615,-0.000328442,0.00362175
4.33105,-0.000378279,0.00359787
4.33594,-0.000159317,0.00404197
4.34083,-0.00119465,0.00369608
4.34573,-0.000414404,0.00292486
4.35062,0.000106288,0.00300936
4.35551,0.000739387,0.00413929
4.3604,-0.000694041,0.00409976
4.3653,0.000337487,0.00368284
4.37019,-7.71001e-05,0.00433072
4.37508,-4.40929e-05,0.00480602
4.37997,-0.0015599,0.00377138
4.38487,0.00115965,0.00331146
4.38976,-0.000412038,0.005482
4.39465,-0.000153472,0.00363711
4.39955,0.000356269,0.00516156
4.40444,-0.000577067,0.00496985
4.40933,-0.00052692,0.00441139
4.41422,0.000347057,0.00489014
4.41912,-0.000647373,0.00521062
4.42401,0.000113248,0.00512985
4.4289,-0.00109596,0.00541215
4.43379,0.000110851,0.00481425
4.43869,-0.00095726,0.00569302
4.44358,0.00021447,0.00472118
4.44847,-0.000468402,0.00647954
4.45337,-0.000699585,0.0053438
4.45826,-0.000595371,0.00590669
4.46315,-0.000287893,0.00575091
4.46804,-0.000729015,0.00628009
4.47294,-0.000319385,0.00651197
4.47783,-0.00216172,0.00660428
4.48272,-0.000516513,0.00488675
4.48761,-0.00060378,0.00663957
4.49251,-0.000318457,0.00600489
4.4974,-0.000904739,0.00712723
4.50229,-0.000555399,0.00612205
4.50719,-0.00048709,0.00718738
4.51208,-0.000274183,0.0072541
4.51697,-0.00156214,0.00792093
4.52186,-0.000814521,0.00658202
4.52676,-0.000780163,0.00769009
4.53165,-0.000276063,0.00764525
4.53654,-0.00161695,0.00849679
4.54144,-0.000556939,0.00702733
4.54633,-0.000599731,0.00861649
4.55122,7.79674e-05,0.00820222
4.55611,-0.000907302,0.0101461
4.56101,-0.00109513,0.00856413
4.5659,-0.000467045,0.00980244
4.57079,-0.000722669,0.00998029
4.57568,-0.00120648,0.010254
4.58058,-0.000157814,0.0105592
4.58547,-0.00168078,0.0115307
4.59036,-0.000181603,0.0109153
4.59526,-0.00165941,0.0131078
4.60015,-0.00134491,0.0117216
4.60504,-0.00176568,0.013153
4.60993,-0.00105476,0.0125499
4.61483,-0.00149959,0.0140026
4.61972,-0.000452314,0.0142152
4.62461,-0.00175048,0.0159051
4.62951,-0.000461444,0.0164278
4.6344,-0.00350528,0.018292
4.63929,-0.00149922,0.0165519
4.64418,-0.00250192,0.0196202
4.64908,-0.000933004,0.0199785
4.65397,-0.00443545,0.0233694
4.65886,-0.00241319,0.0212313
4.66375,-0.00385114,0.0265262
4.66865,-0.00397268,0.0259661
4.67354,-0.0058882,0.0297567
4.67843,-0.00438828,0.0306042
4.68333,-0.00826352,0.0362236
4.68822,-0.00694183,0.0373759
4.69311,-0.0129284,0.0448244
4.698,-0.0120245,0.0463357
4.7029,-0.0212318,0.0567739
4.70779,-0.0218663,0.0586835
4.71268,-0.0357925,0.0744326
4.71758,-0.042386,0.0818151
4.72247,-0.0785777,0.105546
4.72736,-0.10748,0.115796
4.73225,-0.258563,0.131336
4.73715,-0.331775,-0.142666
4.74204,-0.0790349,-0.234448
4.74693,-0.014455,-0.126468
4.75182,0.00290051,-0.100499
4.75672,-2.22953e-05,-0.0648232
4.76161,0.00312447,-0.0604299
4.7665,-0.00110911,-0.0447542
4.77139,0.00230475,-0.0452732
4.77629,-0.000215461,-0.034568
4.78118,0.00160017,-0.0354298
4.78607,-0.000785557,-0.0286156
4.79097,0.00154091,-0.0300685
4.79586,-0.000365981,-0.0240638
4.80075,0.0008629,-0.0260115
4.80564,0.000440103,-0.0216194
4.81054,0.00148674,-0.0217452
4.81543,-0.000544799,-0.0184544
4.82032,0.000647881,-0.0198163
4.82522,-0.000624701,-0.0171498
4.83011,0.000906867,-0.0184153
4.835,0.000157699,-0.0154832
4.83989,0.000735887,-0.0159737
4.84479,-0.000657288,-0.0144969
4.84968,0.00121379,-0.015266
4.85457,-0.000457048,-0.012822
4.85946,0.000839791,-0.0144365
4.86436,7.8922e-05,-0.0116787
4.86925,-1.20501e-05,-0.0131556
4.87414,0.000274338,-0.0121073
4.87904,0.00136235,-0.0117764
4.88393,-0.000124886,-0.0100279
4.88882,0.000210417,-0.0109804
4.89371,-0.000464396,-0.0100355
4.89861,0.000222779,-0.0105294
4.9035,-0.000501252,-0.00984501
4.90839,0.000577937,-0.00989878
4.91329,-0.000870383,-0.00926627
4.91818,0.000782688,-0.00984619
4.92307,-0.000628895,-0.00857607
4.92796,0.00083566,-0.00930072
4.93286,-0.0008363,-0.00777705
4.93775,0.000485143,-0.00922774
4.94264,-0.000634324,-0.00735658
4.94753,0.000249291,-0.00891649
4.95243,-0.000490194,-0.00682615
4.95732,-0.000632206,-0.008524
4.96221,-0.000520007,-0.0077305
4.96711,0.000514127,-0.00831865
4.972,-0.000427645,-0.00632925
4.97689,-0.000710536,-0.00801934
4.98178,-0.000567645,-0.00708314
4.98668,-0.000513675,-0.00822169
4.99157,-4.21231e-05,-0.00767884
4.99646,0.000893054,-0.00796117
5.00136,0.000618256,-0.00620607
5.00625,0.000244258,-0.00688724
5.01114,0.000154184,-0.00603099
5.01603,-0.000131748,-0.00668744
5.02093,-4.14001e-05,-0.00641743
5.02582,0.000531187,-0.00684711
5.03071,0.000621217,-0.0055738
5.0356,-2.16489e-05,-0.00580754
5.0405,3.19695e-05,-0.00574982
5.04539,0.000161535,-0.00561205
5.05028,-0.000512506,-0.00536561
5.05517,-0.000246454,-0.0062205
5.06007,0.000323427,-0.00564737
5.06496,-0.000167563,-0.00525805
5.06985,-0.000188066,-0.00602023
5.07475,0.000848093,-0.00495228
5.07964,-0.0011387,-0.00461554
5.08453,-0.000535355,-0.00626943
5.08942,0.000391772,-0.0059251
5.09432,0.000782765,-0.00478494
5.09921,-0.000736487,-0.00488799
5.1041,0.000419322,-0.00555189
5.109,-0.000118704,-0.00472186
5.11389,0.000255903,-0.00506024
5.11878,-0.000392248,-0.00464806
5.12367,8.64271e-05,-0.00529216
5.12857,9.9669e-05,-0.004851
5.13346,0.000376444,-0.00459834
5.13835,-0.000438286,-0.0045955
5.14324,0.000274775,-0.00480474
5.14814,-0.000511884,-0.00479528
5.15303,0.000888206,-0.00519104
5.15792,0.000207436,-0.00398634
5.16282,0.000426872,-0.00445669
5.16771,-0.000155265,-0.00398381
5.1726,0.000322644,-0.00461419
5.17749,0.000421553,-0.00401124
5.18239,0.000480894,-0.00334566
5.18728,-0.00110483,-0.00360586
5.19217,-2.05077e-05,-0.0045538
5.19707,-0.00030641,-0.00417072
5.20196,0.000789795,-0.00382779
5.20685,-0.00124779,-0.00315786
5.21174,-1.44848e-05,-0.00490363
5.21664,-0.000422858,-0.00345657
5.22153,-6.08549e-05,-0.00464489
5.22642,-0.000224856,-0.00350372
5.23131,-0.000180232,-0.00439366
5.23621,-0.00038017,-0.00380576
5.2411,0.000293066,-0.00475843
5.24599,0.000455265,-0.00328008
5.25089,-4.58798e-06,-0.00367939
5.25578,-0.000451235,-0.00308435
5.26067,-0.00073134,-0.00432214
5.26556,7.83195e-05,-0.00409086
5.27046,9.22251e-05,-0.00391794
5.27535,-3.36458e-05,-0.00387905
5.28024,0.000539598,-0.00368592
5.28514,-0.00059042,-0.00315442
5.29003,-9.86998e-05,-0.00462417
5.29492,0.000612485,-0.0037494
5.29981,0.000662909,-0.00368037
5.30471,0.000397362,-0.00290039
5.3096,-1.46461e-05,-0.00340133
5.31449,0.000330886,-0.00346124
5.31938,0.000811306,-0.00296985
5.32428,-0.000206062,-0.00220611
5.32917,-0.000540683,-0.00323853
5.33406,-2.63242e-05,-0.00317205
5.33895,-0.00019133,-0.00277395
5.34385,-0.000747872,-0.00339842
5.34874,0.000409245,-0.00332473
5.35363,-0.000744975,-0.00277378
5.35853,0.000115809,-0.00390931
5.36342,0.000177743,-0.00272128
5.36831,0.000155978,-0.00299947
5.3732,-0.000440432,-0.00209879
5.3781,-0.00105433,-0.00318431
5.38299,-0.000775968,-0.00333026
5.38788,-0.000473239,-0.00412305
5.39278,0.000680464,-0.00357044
5.39767,8.13985e-05,-0.00257329
5.40256,-0.000382016,-0.00338972
5.40745,0.000417642,-0.00284707
5.41235,-0.000709116,-0.00306223
5.41724,0.000614463,-0.00329871
5.42213,-0.000554871,-0.00245255
5.42702,7.28813e-05,-0.00358857
5.43192,9.11682e-06,-0.00276965
5.43681,0.000424321,-0.003079
5.4417,-0.00024443,-0.00227499
5.4466,9.38954e-05,-0.00312266
5.45149,-0.000322355,-0.00215969
5.45638,-0.000303692,-0.00340447
5.46127,0.000268602,-0.00248091
5.46617,-0.000112299,-0.002668
5.47106,-0.000250902,-0.00215795
5.47595,-0.000712021,-0.00282165
5.48085,-0.000192328,-0.00283366
5.48574,-0.000278355,-0.00244756
5.49063,-0.00100496,-0.00276073
5.49552,-0.000100045,-0.00342209
5.50042,-0.000266127,-0.002485
5.50531,-0.000375458,-0.00307518
5.5102,-0.000373295,-0.00266609
5.51509,-0.000374146,-0.00309643
5.51999,-0.000565425,-0.00275119
5.52488,-0.00055952,-0.0037253
5.52977,0.000376104,-0.0035502
5.53467,0.000763966,-0.00294089
5.53956,4.53905e-07,-0.00223176
5.54445,-8.35993e-05,-0.00320172
5.54934,0.000547531,-0.00264902
5.55424,0.000352322,-0.00242691
5.55913,-8.50158e-05,-0.00174966
5.56402,-0.00119967,-0.00280736
5.56892,0.000260049,-0.00385216
5.57381,0.00106299,-0.00244148
5.5787,0.00015667,-0.00197754
5.58359,-9.86907e-05,-0.00211479
5.58849,-0.000278154,-0.00263411
5.59338,0.000595264,-0.00214455
5.59827,-0.000803804,-0.00156017
5.60316,-0.000758357,-0.00293214
5.60806,-8.7452e-05,-0.00292331
5.61295,0.000534404,-0.0023572
5.61784,-0.000590398,-0.0015784
5.62274,-0.000918941,-0.00272945
5.62763,-0.000518492,-0.00294039
5.63252,3.76259e-06,-0.00293204
5.63741,-0.000419757,-0.00264429
5.64231,0.000175052,-0.0033701
5.6472,0.000603793,-0.00233948
5.65209,-9.01017e-05,-0.00209258
5.65698,-0.000669529,-0.00260912
5.66188,0.000192144,-0.00343237
5.66677,0.000847191,-0.00241037
5.67166,-4.22977e-05,-0.00192251
5.67656,-0.000349834,-0.00316154
5.68145,0.00157692,-0.00278111
5.68634,0.000434047,-0.00103812
5.69123,-0.000173653,-0.00186857
5.69613,-0.00059359,-0.00186313
5.70102,-8.91227e-05,-0.00293751
5.70591,0.000453472,-0.00206185
5.7108,0.000267557,-0.00209402
5.7157,9.21136e-05,-0.00138314
5.72059,-0.000723217,-0.00186955
5.72548,-0.000522402,-0.00235449
5.73038,-8.77758e-05,-0.00261216
5.73527,0.00025571,-0.00203447
5.74016,-0.000353911,-0.00181971
5.74505,-0.000384173,-0.0023928
5.74995,-4.80407e-05,-0.00204033
5.75484,-0.000690517,-0.00237492
5.75973,0.000237008,-0.00271391
5.76463,9.63543e-05,-0.00201218
5.76952,-2.8029e-05,-0.0019451
5.77441,-0.000655895,-0.00223415
5.7793,0.000251407,-0.00265594
5.7842,-0.0001227,-0.00197184
5.78909,0.000101242,-0.00242093
5.79398,-0.000137935,-0.00221693
5.79887,0.000876756,-0.00246592
5.80377,0.000112974,-0.00073311
5.80866,-0.000963383,-0.00206734
5.81355,-0.000262789,-0.00234313
5.81845,4.79351e-05,-0.00236781
5.82334,8.72522e-05,-0.00198243
5.82823,0.000226456,-0.00179541
5.83312,-0.00076881,-0.00152059
5.83802,-4.23585e-05,-0.00277569
5.84291,-5.17762e-05,-0.00109947
5.8478,-0.00120377,-0.00272614
5.8527,0.000622824,-0.00240683
5.85759,-0.000554244,-0.00174309
5.86248,-0.000145885,-0.0027277
5.86737,0.000316599,-0.00215223
5.87227,0.000151314,-0.00201128
5.87716,0.000119394,-0.00176603
5.88205,-0.00018909,-0.00183309
5.88694,-0.000104624,-0.00179088
5.89184,-0.000529753,-0.00193125
5.89673,-0.000102819,-0.00226236
5.90162,-0.00024855,-0.00192375
5.90652,-0.000211087,-0.00240561
5.91141,0.000394841,-0.00217533
5.9163,9.1794e-05,-0.00141153
5.92119,-0.00056679,-0.00205533
5.92609,0.000363908,-0.00192735
5.93098,-0.000618313,-0.00139492
5.93587,-0.000460119,-0.00228531
5.94076,-0.000303704,-0.00205454
5.94566,-0.000304529,-0.00209847
5.95055,-0.000527981,-0.00263153
5.95544,0.000882937,-0.00243174
5.96034,-0.000298893,-0.00142177
5.96523,0.000370863,-0.00259346
5.97012,0.000330874,-0.000976771
5.97501,-0.000618244,-0.00159064
5.97991,-0.000979327,-0.0018602
5.9848,-0.000146564,-0.00312658
5.98969,0.000460297,-0.00166065
5.99459,-0.000315624,-0.00227653
5.99948,0.000443886,-0.001882
6.00437,-4.14658e-05,-0.00169449
6.00926,-0.000296549,-0.0014981
6.01416,-0.00056055,-0.00233018
6.01905,0.000185718,-0.00197748
6.02394,-0.000419358,-0.00198313
6.02883,-0.000124586,-0.00229388
6.03373,0.000140757,-0.00247085
6.03862,0.000621386,-0.00183282
6.04351,-6.66414e-05,-0.00180853
6.04841,0.000597482,-0.00189482
6.0533,4.56335e-05,-0.00105282
6.05819,-0.000375227,-0.00161458
6.06308,-0.000409245,-0.00143857
6.06798,-0.000909037,-0.00214806
6.07287,1.87534e-05,-0.00256331
6.07776,0.000270848,-0.00200165
6.08265,0.000190912,-0.00154335
6.08755,-0.000751776,-0.00161185
6.09244,-0.000302402,-0.00273362
6.09733,0.000460689,-0.0021224
6.10223,8.62279e-05,-0.00184635
6.10712,9.45619e-05,-0.00202645
6.11201,0.000290603,-0.00179597
6.1169,-0.000139958,-0.00176121
6.1218,0.000216439,-0.00203551
6.12669,-3.61941e-05,-0.00168618
6.13158,0.000323184,-0.00218302
6.13648,0.00031341,-0.00109486
6.14137,-0.000732442,-0.00187728
6.14626,0.000212621,-0.00225307
6.15115,8.38688e-05,-0.0019392
6.15605,0.000498407,-0.00195159
6.16094,5.04657e-05,-0.00149273
6.16583,0.00021178,-0.00211183
6.17072,0.000420642,-0.00159308
6.17562,0.000611986,-0.00184826
6.18051,0.000546855,-0.000441118
6.1854,-0.00106787,-0.00145309
6.1903,0.000196204,-0.00189058
6.19519,-0.000358013,-0.00169488
6.20008,0.000484469,-0.00171532
6.20497,-0.000563311,-0.00142492
6.20987,0.000627578,-0.00222827
6.21476,7.8658e-05,-0.000601838
6.21965,-0.000638738,-0.00172468
6.22454,-0.000271669,-0.00180082
6.22944,0.000176788,-0.00210281
6.23433,0.000254172,-0.00139639
6.23922,0.00014353,-0.00148244
6.24412,-0.000301233,-0.00110716
6.24901,-0.000270542,-0.00179828
6.2539,-0.000319915,-0.00136012
6.25879,-0.000232248,-0.00204853
6.26369,-0.000110039,-0.00124125
6.26858,-0.000740469,-0.00202603
6.27347,-0.000163635,-0.00209346
6.27837,0.000145065,-0.0024607
6.28326,0.000638725,-0.00137621
6.28815,-0.000414799,-0.00172008
6.29304,0.000280918,-0.00174803
6.29794,-0.000421895,-0.0018331
6.30283,0.000395257,-0.00220886
6.30772,0.000206554,-0.00186617
6.31261,0.000980768,-0.00181646
6.31751,0.000114509,-0.00064203
6.3224,-0.000495718,-0.00191069
6.32729,0.000437776,-0.00194806
6.33219,0.00051701,-0.00148753
6.33708,0.000161606,-0.00120724
6.34197,0.000123514,-0.00159699
6.34686,0.000266231,-0.00114156
6.35176,-0.000402775,-0.00144395
6.35665,0.000184651,-0.00205035
6.36154,0.00076543,-0.00137845
6.36644,8.43569e-05,-0.000892068
6.37133,-2.19046e-05,-0.00133005
6.37622,-0.000162577,-0.00121367
6.38111,0.000182049,-0.00160774
6.38601,-0.000149942,-0.000758998
6.3909,-0.000370921,-0.00205121
6.39579,0.000593583,-0.000873694
6.40068,-0.000936969,-0.00149758
6.40558,0.000681498,-0.00180669
6.41047,2.67326e-06,-0.000755823
6.41536,-0.000294739,-0.000788526
6.42025,-0.00128909,-0.0014999
6.42515,1.81392e-05,-0.0020166
6.43004,-0.00098338,-0.00154853
6.43493,0.000222971,-0.00320435
6.43983,0.00131306,-0.00144579
6.44472,0.000431352,-0.000902888
6.44961,-1.55954e-05,-0.000924216
6.4545,-0.000184296,-0.0010172
6.4594,-0.000647214,-0.00143082
6.46429,0.000250181,-0.00165247
6.46918,-0.000547187,-0.000895984
6.47408,-0.000369606,-0.00212592
6.47897,6.55838e-05,-0.00128228
6.48386,-0.00055757,-0.00190076
6.48875,0.000390749,-0.00202855
6.49365,0.000315983,-0.00134402
6.49854,8.42398e-05,-0.00155537
6.50343,0.000511725,-0.00116125
6.50832,-0.000451681,-0.000754635
6.51322,-0.000664812,-0.00168533
6.51811,-0.000307635,-0.00205539
6.523,0.000507286,-0.00209264
6.5279,0.000488997,-0.00122552
6.53279,7.52389e-05,-0.00135764
6.53768,0.000262178,-0.00139353
6.54257,0.00016363,-0.00098318
6.54747,-0.00036987,-0.00125803
6.55236,-0.000159422,-0.00136032
6.55725,-0.000561351,-0.00196226
6.56215,0.000960802,-0.00208409
6.56704,0.000453532,-0.000755595
6.57193,0.000138895,-0.000980304
6.57682,-0.000651003,-0.00107255
6.58172,0.000290603,-0.0019725
6.58661,4.00526e-07,-0.000763899
6.5915,-3.73148e-05,-0.00180123
6.59639,4.85462e-05,-0.000699211
6.60129,-0.000636882,-0.00212542
6.60618,0.00111534,-0.0015266
6.61107,2.43202e-05,-0.000633292
6.61597,-4.84963e-06,-0.00112199
6.62086,-0.000315187,-0.000806058
6.62575,-0.000684482,-0.00157452
6.63064,0.000242149,-0.00177669
6.63554,7.20494e-05,-0.00102699
6.64043,-0.000215925,-0.00137418
6.64532,-0.000152569,-0.00134754
6.65022,-0.000176809,-0.00169451
6.65511,0.000424928,-0.00186328
6.66,0.00108147,-0.000922128
6.66489,-0.000320577,-5.48156e-05
6.66979,-0.000721623,-0.00148491
6.67468,0.000148951,-0.00136949
6.67957,9.42076e-05,-0.000864837
6.68446,-0.000711359,-0.000746326
6.68936,-0.000414053,-0.00170326
6.69425,-0.00034543,-0.000806529
6.69914,-0.00104047,-0.00205077
6.70404,0.000505169,-0.00172581
6.70893,-0.000608355,-0.00120164
6.71382,6.285e-05,-0.00211621
6.71871,0.000130082,-0.00119069
6.72361,-0.000135854,-0.00171122
6.7285,0.000143922,-0.00121622
6.73339,-0.000537945,-0.00177159
6.73828,0.000612524,-0.00204277
6.74318,0.000372892,-0.00113577
6.74807,0.000199919,-0.00159458
6.75296,0.000749985,-0.0013778
6.75786,0.000667721,-0.000587015
6.76275,-0.000189758,-0.000573256
6.76764,-4.06875e-05,-0.000789637
6.77253,-0.000802606,-0.000677768
6.77743,-0.000569286,-0.00163986
6.78232,-0.000442126,-0.00146482
6.78721,0.000230086,-0.00202712
6.7921,0.000328856,-0.000533346
6.797,-0.00097931,-0.00141743
6.80189,4.64886e-05,-0.00180741
6.80678,-7.84936e-05,-0.00167087
6.81168,0.000599418,-0.0014813
6.81657,6.10532e-06,-0.000869772
6.82146,-8.87026e-05,-0.00114443
6.82635,-0.000722423,-0.00116723
6.83125,-0.000131407,-0.0024325
6.83614,0.000847149,-0.00126068
6.84103,-0.000267982,-0.0012625
6.84593,0.000558624,-0.00168633
6.85082,0.000203742,-0.000818662
6.85571,-7.43858e-05,-0.0015551
6.8606,0.000581309,-0.00124726
6.8655,0.00012088,-0.000922243
6.87039,9.84775e-05,-0.00114925
6.87528,6.72962e-05,-0.0011502
6.88017,0.000273913,-0.00104006
6.88507,-0.000460133,-0.000989951
6.88996,0.000492448,-0.00219657
6.89485,0.00116353,-5.09242e-05
6.89975,-0.000978444,-0.000773131
6.90464,0.00068211,-0.00149834
6.90953,0.000147212,-0.000191171
6.91442,-0.000320404,-0.000539421
6.91932,-0.000779958,-0.00087516
6.92421,-6.70904e-05,-0.00114778
6.9291,-0.000931275,-0.000580385
6.934,-0.000822487,-0.0021032
6.93889,0.000380723,-0.00176237
6.94378,0.000480249,-0.00096637
6.94867,-0.000321314,-0.000586206
6.95357,-0.000445807,-0.00125141
6.95846,-0.000304555,-0.00119847
6.96335,-8.62852e-05,-0.00134135
6.96824,-0.000135549,-0.000838092
6.97314,-0.000716064,-0.000879214
6.97803,-0.00115926,-0.001737
6.98292,0.000180201,-0.00237567
6.98781,0.000256835,-0.00105462
6.99271,-0.00040907,-0.00159945
6.9976,0.00017622,-0.00188498
7.00249,0.000828996,-0.00136383
7.00739,-5.28274e-05,-0.000497516
7.01228,-0.00012184,-0.00154727
7.01717,9.6326e-05,-0.000483542
7.02207,-0.00116457,-0.00157881
7.02696,0.000472679,-0.00205076
7.03185,0.00020144,-0.000881949
7.03674,-0.000357817,-0.00129315
7.04164,-7.93153e-05,-0.00158756
7.04653,-0.000144496,-0.00146192
7.05142,0.000129215,-0.00227556
7.05631,0.0015117,-0.00136405
7.06121,0.000341374,-0.000249784
7.0661,9.84615e-05,-0.00078244
7.07099,-0.000557554,-0.000432483
7.07588,-0.000743063,-0.0018463
7.08078,0.000325399,-0.00153731
7.08567,-2.10527e-05,-0.00159539
7.09056,0.000866649,-0.00128666
7.09546,-0.000173116,-0.000672646
7.10035,0.00025069,-0.00168087
7.10524,0.000331049,-0.000646679
7.11013,-0.000145688,-0.00159848
7.11503,0.00102439,-0.000932618
7.11992,-0.000126752,-0.000386568
7.12481,-0.000131109,-0.000963968
7.12971,-0.000232697,-0.00127917
7.1346,0.000827928,-0.00108014
7.13949,-0.000367574,3.76127e-05
7.14438,-0.000606839,-0.00149948
7.14928,0.000114523,-0.00101242
7.15417,-0.000113803,-0.00107397
7.15906,-0.000458393,-0.000846529
7.16395,-0.000134475,-0.00200706
7.16885,0.000560567,-0.00062566
7.17374,-0.000683296,-0.00160815
7.17863,0.0012205,-0.00129507
7.18353,-0.000213223,-0.000258325
7.18842,4.97648e-05,-0.00107853
7.19331,-0.000443821,-0.000679596
7.1982,-0.000191957,-0.00160723
7.2031,0.000401084,-0.00120811
7.20799,0.000434493,-0.000683538
7.21288,-0.000353966,-0.000465111
7.21777,-0.000379755,-0.00126074
7.22267,0.000280234,-0.00114195
7.22756,-5.78373e-05,-0.000401405
7.23245,-0.000577609,-0.00123277
7.23735,0.000289097,-0.000758968
7.24224,-0.000924365,-0.000959846
7.24713,0.000418603,-0.00137589
7.25202,-0.000715647,-0.000391104
7.25692,-0.000206402,-0.00179929
7.26181,-2.53996e-05,-0.000557019
7.2667,-0.000665621,-0.00127549
7.2716,-0.00027793,-0.00131115
7.27649,-9.07644e-05,-0.00130464
7.28138,-0.000504858,-0.00109318
7.28627,-0.000160936,-0.00166683
7.29117,-0.000556502,-0.00137004
7.29606,0.000538467,-0.00272235
7.30095,0.00138582,-0.00033017
7.30584,-0.000475922,-0.000783499
7.31074,0.000263592,-0.00092354
7.31563,-0.000332316,-0.00109089
7.32052,0.000318067,-0.000767616
7.32542,-0.00101091,-0.000955194
7.33031,0.000263831,-0.00190719
7.3352,-7.67328e-05,-0.00069567
7.34009,-0.000241776,-0.00175944
7.34499,0.000444764,-0.00124271
7.34988,0.000320381,-0.00117431
7.35477,0.000161637,-0.000558484
7.35966,-0.000426353,-0.0013317
7.36456,0.000461045,-0.00105731
7.36945,-0.000466769,-0.00106508
7.37434,0.000749949,-0.00161551
7.37924,0.000303224,7.52365e-05
7.38413,-0.000972346,-0.000905393
7.38902,-0.000367618,-0.00164077
7.39391,0.000310578,-0.00175471
7.39881,0.000728782,-0.000861298
7.4037,-7.28655e-05,-0.000670079
7.40859,6.17187e-06,-0.000919092
7.41349,-0.00027508,-0.000970089
7.41838,0.000172944,-0.00116253
7.42327,-0.000307865,-0.000601616
7.42816,-0.000524868,-0.00157369
7.43306,0.00018807,-0.00160192
7.43795,0.00070346,-0.0014031
7.44284,0.000393793,-0.00038707
7.44773,2.45124e-05,-0.00121869
7.45263,0.000655754,-4.13014e-05
7.45752,-0.00121368,-0.000476252
7.46241,-0.000250467,-0.00128562
7.46731,-0.000932754,-0.00121982
7.4722,0.000200233,-0.00217575
7.47709,0.000465419,-0.00103675
7.48198,0.00019296,-0.00112305
7.48688,0.000168945,-0.000987113
7.49177,0.00017341,-0.0006827
7.49666,-0.000881504,-0.000989039
7.50156,0.000247117,-0.00214513
7.50645,0.000566045,-0.000771308
7.51134,-0.000114873,-0.00118424
7.51623,0.000130376,-0.0012039
7.52113,0.000247619,-0.00155158
7.52602,0.000766898,-0.00105718
7.53091,0.000327717,-0.000963202
7.5358,0.000884908,-0.000925375
7.5407,0.000337455,6.44215e-05
7.54559,-0.000556677,-0.000756182
7.55048,0.000108452,-0.00117217
7.55538,0.000328412,-0.00103076
7.56027,0.000498893,-0.000382211
7.56516,-0.000568178,-0.000588542
7.57005,0.000282311,-0.00133621
7.57495,0.000305001,-0.000299554
7.57984,-0.000561536,-0.000618364
7.58473,-0.000240897,-0.00147958
7.58963,0.000536909,-0.00103899
7.59452,0.000215848,-0.000962315
7.59941,0.000898131,-0.000359563
7.6043,-0.000667917,4.64488e-05
7.6092,-8.90134e-05,-0.00115747
7.61409,-0.000259853,-0.000411755
7.61898,-3.96452e-05,-0.00115419
7.62387,-0.000106425,-0.000275459
7.62877,-0.000512358,-0.00103935
7.63366,-0.000247006,-0.0008998
7.63855,1.35719e-05,-0.00139208
7.64345,0.000357654,-0.000483254
7.64834,-0.000398426,-0.000681967
7.65323,-0.000351759,-0.000893535
7.65812,-4.50471e-05,-0.0015003
7.66302,0.000781024,-0.000562308
7.66791,-0.000447203,-2.54354e-05
7.6728,-0.000775788,-0.00105263
7.67769,5.85469e-05,-0.00125696
7.68259,-0.000209674,-0.000610295
7.68748,-0.000274377,-0.00147361
7.69237,0.000577789,-0.000830955
7.69727,-8.35321e-05,-0.000637188
7.70216,0.000209971,-0.000515121
7.70705,-0.000631034,-0.000496204
7.71194,8.96042e-05,-0.00128956
7.71684,0.000359594,-6.89839e-05
7.72173,-0.000734652,-3.29065e-05
7.72662,-0.00109492,-0.000544657
7.73151,-0.0011141,-0.00130261
7.73641,-0.000527825,-0.0014669
7.7413,-0.000367499,-0.00161439
7.74619,0.000259658,-0.00114279
7.75109,-0.000728279,-0.00103946
7.75598,0.000348572,-0.0020568
7.76087,0.00065759,-0.000344649
7.76576,-0.000516324,-0.000750576
7.77066,-0.000204795,-0.000940916
7.77555,-0.000276086,-0.00134246
7.78044,0.000522401,-0.000742517
7.78533,-0.000777414,-0.000371577
7.79023,-0.000333971,-0.00145966
7.79512,-0.000344146,-0.000614861
7.80001,-0.000850689,-0.00164712
7.80491,0.000192673,-0.00146542
7.8098,-0.000417899,-0.00134216
7.81469,0.000312582,-0.00200204
7.81958,0.0010675,-0.00119405
7.82448,0.000593525,-0.000103924
7.82937,-0.000552096,-0.000501043
7.83426,-0.000134373,-0.000940301
7.83916,-0.000647103,-0.00103097
7.84405,0.000312735,-0.00171656
7.84894,0.000243751,-0.000462365
7.85383,-0.00038194,-0.00133323
7.85873,0.000701319,-0.00108271
7.86362,-8.99838e-05,-0.000170646
7.86851,-0.000661407,-0.00130561
7.8734,0.000646554,-0.00112792
7.8783,-0.000515329,-0.000359752
7.88319,7.17874e-07,-0.00174185
7.88808,0.000314323,-0.000372258
7.89298,-0.000473279,-0.00135185
7.89787,0.000536296,-0.000878336
7.90276,-0.000208601,-0.00100593
7.90765,0.000664145,-0.000730159
7.91255,-0.000475636,-0.000409049
7.91744,0.000229928,-0.00110821
7.92233,-0.000172891,-0.000120357
7.92723,-0.000703929,-0.000911567
7.93212,-0.000465804,-0.0011923
7.93701,0.000199282,-0.00144585
7.9419,0.000181698,-0.000323477
7.9468,-0.00084716,-0.000922469
7.95169,-0.000131188,-0.00142317
7.95658,-8.28114e-05,-0.00103957
7.96147,-0.000337025,-0.00121878
7.96637,0.0001108,-0.00181396
7.97126,0.00101456,-0.000920913
7.97615,-0.000260441,-0.000309263
7.98105,-0.000114013,-0.00161068
7.98594,0.000847832,-0.00095869
7.99083,0.000482806,-0.000471363
7.99572,0.000343964,6.99886e-05
8.00062,-0.000989155,9.56634e-06
8.00551,-0.000802142,-0.00134927
8.0104,-0.000174791,-0.00107397
8.0153,-0.000335268,-0.00129812
8.02019,0.000246273,-0.00127402
8.02508,0.000228578,-0.0008557
8.02997,8.3433e-05,-0.000634024
8.03487,-0.000415469,-0.000690757
8.03976,-0.000287748,-0.0013302
8.04465,0.000295162,-0.00110281
8.04954,3.12518e-05,-0.000784556
8.05444,7.58514e-05,-0.000951736
8.05933,4.18583e-05,-0.000725068
8.06422,-7.82251e-07,-0.000881736
8.06912,4.75752e-05,-0.000519778
8.07401,-0.000653489,-0.000806983
8.0789,0.000179651,-0.00159501
8.08379,0.000623568,-0.000102996
8.08869,-0.00109415,-0.000519233
8.09358,0.00018707,-0.00134099
8.09847,-0.000675009,-0.000160016
8.10336,-0.000624119,-0.00192476
8.10826,0.000248383,-0.000788111
8.11315,-0.000555925,-0.00152715
8.11804,0.000614449,-0.00104755
8.12294,-0.000548929,-0.00086485
8.12783,0.000175708,-0.00158619
8.13272,0.000209614,-0.00101671
8.13761,0.000266849,-0.00122628
8.14251,0.000550378,-0.000904745
8.1474,0.000263075,-0.000431797
8.15229,-0.000225509,-0.0007585
8.15719,0.000174684,-0.000923127
8.16208,4.89419e-06,-0.000543623
8.16697,-0.000327452,-0.000837722
8.17186,-2.89013e-05,-0.00105034
8.17676,-6.76614e-05,-0.000949035
8.18165,0.000322838,-0.000998539
8.18654,-0.000168429,-0.000323532
8.19143,-0.000373702,-0.0013148
8.19633,0.000281725,-0.000789041
8.20122,-0.000291021,-0.000875604
8.20611,-0.000184686,-0.000974929
8.21101,-0.000126617,-0.00152477
8.2159,0.000634648,-0.00107871
8.22079,0.000216654,-0.000787584
8.22568,0.000217788,-0.00084904
8.23058,0.000473142,-0.000865749
8.23547,5.64539e-05,-0.000170079
8.24036,-6.85457e-05,-0.00123641
8.24525,0.000673483,-4.96439e-05
8.25015,-0.000803345,-0.000354383
8.25504,-0.000483246,-0.000904396
8.25993,-0.000180138,-0.0017681
8.26483,0.000986396,-0.000475831
8.26972,-0.000505987,-0.000635941
8.27461,0.000401464,-0.000572063
8.2795,-0.000732351,-0.0010011
8.2844,0.00113967,-0.000833189
8.28929,-0.00093093,0.000263294
8.29418,-0.000112014,-0.00167345
8.29908,0.000237052,-0.000307135
8.30397,-0.00033298,-0.000648051
8.30886,-0.00041867,-0.000844587
8.31375,-9.09475e-06,-0.00102767
8.31865,-6.83174e-05,-0.000905872
8.32354,0.000268621,-0.000514691
8.32843,-0.000725503,-0.000689305
8.33332,0.000311974,-0.00110386
8.33822,-0.000347134,-0.000344656
8.34311,-0.000262056,-0.000762516
8.348,-0.000981612,-0.00108603
8.35289,0.000617908,-0.00172241
8.35779,-0.000106366,-0.00021233
8.36268,7.31199e-05,-0.00137659
8.36757,0.000118844,-0.000194388
8.37247,-0.000329472,-0.000875209
8.37736,-0.000391353,-0.000514388
8.38225,-0.000334071,-0.00127484
8.38715,-0.000225867,-0.000605693
8.39204,-0.00052297,-0.00149071
8.39693,0.000339522,-0.0010921
8.40182,-5.36011e-05,-0.000860724
8.40672,-3.76938e-05,-0.0008651
8.41161,-0.000125947,-0.000871674
8.4165,-0.000303127,-0.000982767
8.42139,9.33297e-05,-0.00125011
8.42629,2.82543e-05,-0.000725467
8.43118,-0.000185294,-0.00107531
8.43607,3.89583e-06,-0.00107613
8.44096,0.000230778,-0.00104902
8.44586,-3.0975e-05,-0.000715857
8.45075,6.47226e-05,-0.00119967
8.45564,0.000362044,-0.000673521
8.46054,-3.0751e-05,-0.000633284
8.46543,-6.69757e-05,-0.000601211
8.47032,-0.000375527,-0.000545115
8.47521,-0.000876999,-0.00113037
8.48011,0.000204247,-0.00194159
8.485,0.000655459,-0.000483929
8.48989,-0.000604016,-0.000772057
8.49479,5.07276e-05,-0.00133141
8.49968,-0.000117561,-0.000982882
8.50457,0.000100552,-0.00148457
8.50946,0.000450773,-0.00112081
8.51436,0.000611329,-0.00101601
8.51925,0.000290039,-0.00029058
8.52414,-0.000112776,-0.0011775
8.52903,0.00084728,-0.000464954
8.53393,-0.000534188,-0.000220001
8.53882,-0.0001525,-0.00114974
8.54371,7.85834e-05,-0.000892697
8.54861,2.98077e-05,-0.000704839
8.5535,-0.000224289,-0.00113181
8.55839,0.000389963,-0.000813546
8.56328,-0.000387262,-0.00107391
8.56818,0.000851001,-0.00113317
8.57307,-0.000230639,-0.000343847
8.57796,0.000371499,-0.00135923
8.58285,0.00022757,-0.000279161
8.58775,-6.44253e-05,-0.00105808
8.59264,0.000307714,-0.000656068
8.59753,-9.50763e-05,-0.000728031
8.60243,-6.97677e-06,-0.00116518
8.60732,0.00062286,-0.000921735
8.61221,9.81529e-05,-0.000738929
8.6171,0.000832607,-0.000976071
8.622,0.000555365,-9.80849e-05
8.62689,0.000375883,8.56087e-05
8.63178,-0.00105506,1.53952e-06
8.63668,-1.14276e-05,-0.0017826
8.64157,0.00071902,-0.000132408
8.64646,-0.000324832,-0.000383224
8.65135,-0.000151099,-0.000676325
8.65625,0.00025588,-0.000726832
8.66114,-0.000187278,-2.91159e-05
8.66603,-0.000443702,-0.000954497
8.67092,0.000129042,-0.000542693
8.67582,-0.000291365,-0.000541095
8.68071,-0.000389712,-0.000528117
8.6856,-0.000612998,-0.00102442
8.6905,-0.000258158,-0.00130102
8.69539,0.000258827,-0.00154663
8.70028,0.000908015,-0.000811004
8.70517,0.000310844,-0.00015928
8.71007,-0.000151518,-0.000394329
8.71496,-0.000255263,-0.000652945
8.71985,-3.27451e-05,-0.000984039
8.72474,0.000162702,-0.000594376
8.72964,-0.000162249,-0.00103147
8.73453,0.000715588,-0.000787747
8.73942,0.000141053,-0.000478454
8.74432,0.000864255,-0.000324045
8.74921,-0.000342084,0.000518242
8.7541,-0.00034844,-0.00057299
8.75899,-0.000334018,-0.000178774
8.76389,-0.000232494,-0.000441377
8.76878,-0.000944376,-0.000146117
8.77367,-0.000482121,-0.00142308
8.77857,-0.000136656,-0.000351644
8.78346,-0.000689755,-0.00132188
8.78835,0.000596555,-0.000878903
8.79324,-0.000342469,-9.92492e-05
8.79814,-0.000470297,-0.00109044
8.80303,0.000339319,-0.000388932
8.80792,-0.00114656,-0.000389764
8.81281,8.66582e-05,-0.00158506
8.81771,-0.000189479,-3.45311e-05
8.8226,-0.000622625,-0.00129811
8.82749,6.11726e-06,-0.000678127
8.83239,-0.000177486,-0.00105923
8.83728,-0.000122154,-0.000114754
8.84217,-0.00123373,-0.00127659
8.84706,0.000364972,-0.00159934
8.85196,0.000212296,-0.000626433
8.85685,-0.000167789,-0.000554922
8.86174,-0.000468695,-0.000834137
8.86664,-0.000341179,-0.00107329
8.87153,-0.000110142,-0.00135531
8.87642,0.000436846,-0.00107194
8.88131,0.000363089,-0.000490056
8.88621,-0.000291567,-0.000265592
8.8911,-0.000461847,-0.000907962
8.89599,-0.000191874,-0.00085714
8.90088,-9.44931e-05,-0.000943967
8.90578,-0.000269116,-0.000462262
8.91067,-0.000721381,-0.0012434
8.91556,0.000120459,-0.00118832
8.92045,-0.000268065,-0.00100269
8.92535,0.000120936,-0.00120354
8.93024,6.30709e-05,-0.000930991
8.93513,0.000285588,-0.000737673
8.94003,-0.000634244,-0.000309966
8.94492,-0.000778534,-0.00182147
8.94981,0.000624649,-0.00156643
8.95471,0.00030278,-0.000902483
8.9596,0.000342533,-0.000956048
8.96449,0.000253716,-0.000726263
8.96938,4.37324e-05,-0.000541597
8.97428,-0.00042935,-0.00102839
8.97917,0.000384891,-0.00122154
8.98406,-9.87739e-05,-0.00072136
8.98895,0.000295222,-0.00148769
8.99385,0.000635796,-0.000528893
8.99874,-2.96382e-05,-0.000787478
9.00363,0.000402779,-0.000751029
9.00852,-8.13591e-05,-0.000655668
9.01342,0.000463772,-0.00112966
9.01831,0.000556406,1.02189e-05
9.0232,-0.000589277,-0.000383648
9.0281,-0.000142376,-0.000735502
9.03299,-0.000691169,-0.000908899
9.03788,8.6727e-05,-0.00159313
9.04277,0.000319285,-0.00103288
9.04767,0.000399314,-0.000979848
9.05256,0.000178314,-0.000876116
9.05745,0.000565127,-0.000917248
9.06235,5.92074e-05,-0.000646133
9.06724,0.000669171,-0.00126177
9.07213,0.000798657,-0.000167423
9.07702,0.00015069,-0.000322678
9.08192,8.87076e-05,-0.000489964
9.08681,0.00039962,-0.000627166
9.0917,0.000239036,-0.000122554
9.09659,-4.36128e-05,-0.000354626
9.10149,-2.83492e-06,-0.000532741
9.10638,0.000460482,-0.000102306
9.11127,-0.000942509,0.000296658
9.11617,-0.000620029,-0.00132529
9.12106,-8.21694e-05,-0.000589302
9.12595,-0.000354665,-0.00106748
9.13084,-8.89509e-05,-0.00102329
9.13574,0.000585895,-0.00125856
9.14063,0.000205672,0.000191062
9.14552,-0.000677404,-0.00139435
9.15041,0.00106051,-0.000817542
9.15531,-0.000272068,-0.000253779
9.1602,0.000389253,-0.00118465
9.16509,0.000624249,-0.000222403
9.16999,0.00018783,-0.000390939
9.17488,0.0005447,2.81602e-05
9.17977,-0.000472369,0.000289289
9.18466,-0.000260324,-0.000436409
9.18956,-0.000579608,8.65991e-05
9.19445,-0.000736614,-0.000795303
9.19934,-0.000561454,-0.000459194
9.20424,-0.000686999,-0.00120894
9.20913,-0.000316434,-0.000827582
9.21402,-0.000410923,-0.00180934
9.21891,0.0011467,-0.000955917
9.22381,-2.42974e-06,-0.000200872
9.2287,0.00021632,-0.000559188
9.23359,-0.000178937,-0.00017529
9.23848,-0.000447859,-0.000374548
9.24338,-0.000818431,-0.00102939
9.24827,0.000393416,-0.00140117
9.25316,0.000367064,-0.000204239
9.25806,-0.000411997,-0.000221038
9.26295,-0.000833361,-0.00100661
9.26784,0.000565419,-0.00145481
9.27273,0.00020416,0.00038474
9.27763,-0.00121786,-0.000945872
9.28252,0.000283198,-0.001408
9.28741,0.000169307,-0.000611307
9.2923,0.000119599,-0.000492775
9.2972,-0.000550846,-0.000444327
9.30209,-0.000215449,-0.00132514
9.30698,0.000517516,-0.000687718
9.31188,-0.000194337,-5.15047e-05
9.31677,-0.000855386,-0.000841754
9.32166,-8.85874e-07,-0.0013629
9.32655,0.000248542,-0.000737055
9.33145,6.63183e-05,-0.000470644
9.33634,-0.000558019,-0.000468466
9.34123,-0.000373721,-0.00125173
9.34613,8.50814e-05,-0.00103505
9.35102,0.000359878,-0.000861573
9.35591,-0.000138957,-8.17146e-06
9.3608,-0.000953699,-0.00111747
9.3657,0.000195709,-0.00126733
9.37059,-0.000211056,-0.000831387
9.37548,5.578e-06,-0.00108676
9.38037,-0.000378468,-0.00106602
9.38527,0.000367418,-0.00181665
9.39016,0.00081767,-0.000762585
9.39505,0.000356536,-0.000835808
9.39995,0.000516188,-0.000575441
9.40484,0.000335134,-0.00070202
9.40973,0.000499465,-0.000288711
9.41462,6.12786e-05,-0.000396223
9.41952,5.80232e-05,-0.000156446
9.42441,-0.000425407,-0.000833666
9.4293,0.000544506,-0.000556309
9.4342,-0.000413008,-0.000379129
9.43909,0.000493896,-0.000803225
9.44398,-0.000221299,0.000231416
9.44887,-0.000462565,-0.000869832
9.45377,0.000260587,-0.000358557
9.45866,-0.000670657,0.000285994
9.46355,-0.00171309,-0.00111727
9.46844,1.49253e-05,-0.0021542
9.47334,0.000408722,-0.000909151
9.47823,0.000235726,-0.00099564
9.48312,0.000267901,-0.000494676
9.48802,-0.000297392,-0.000512274
9.49291,-0.000448793,-0.00125579
9.4978,0.000724198,-0.00129559
9.50269,0.000376871,-0.000212337
9.50759,4.6678e-05,-0.00040726
9.51248,-0.000623534,-0.00032379
9.51737,-0.000203646,-0.00152869
9.52227,0.000476021,-0.000464117
9.52716,-0.000535794,-0.000704535
9.53205,8.17741e-05,-0.00126833
9.53694,0.00046708,-0.000752255
9.54184,2.30097e-05,-0.000353054
9.54673,-0.000176008,-0.000709167
9.55162,-0.000161346,-0.000601087
9.55651,-0.000318677,-0.000868156
9.56141,-0.000301212,-0.000829508
9.5663,-0.000501272,-0.00144328
9.57119,0.000518124,-0.00159191
9.57609,0.000341847,-0.000756835
9.58098,0.000134182,-0.00138746
9.58587,0.000877298,-0.00105609
9.59076,0.000672193,-0.00078595
9.59566,0.000857927,-0.000241854
9.60055,-0.000147771,-0.000345011
9.60544,0.000587888,-0.000796148
9.61033,6.92341e-05,-0.000153354
9.61523,0.000285601,-0.000883696
9.62012,0.000477353,-9.90624e-05
9.62501,-0.000152797,-0.000121033
9.62991,-0.000543103,-0.000555257
9.6348,-4.10469e-05,-0.00111761
9.63969,9.8253e-05,-0.000894142
9.64458,0.000565889,-0.00097151
9.64948,0.000255209,-0.000410621
9.65437,0.000548927,-0.000888762
9.65926,0.000445869,-2.91049e-05
9.66416,0.000281582,-0.00060231
9.66905,0.000377461,0.000258895
9.67394,-0.000390771,-0.000431016
9.67883,0.000329533,-0.000141967
9.68373,-0.000721581,3.39523e-05
9.68862,-0.000689118,-0.00104864
9.69351,0.000270317,-0.00122249
9.6984,0.000387834,-0.000241682
9.7033,-0.000492654,-0.000634718
9.70819,0.000415,-0.00123588
9.71308,0.000766701,-6.96116e-05
9.71797,-0.000459958,-3.78591e-05
9.72287,8.02759e-05,-0.00102437
9.72776,0.000456015,-5.02841e-05
9.73265,-0.000277516,-0.000207449
9.73755,-0.000154858,-0.000351017
9.74244,-3.25326e-05,-0.000501438
9.74733,-0.000155019,0.000303848
9.75222,-0.00135971,-0.000643555
9.75712,2.39918e-05,-0.00118729
9.76201,-0.000617108,-0.000381966
9.7669,-0.000390027,-0.0015535
9.7718,0.000296349,-0.000852384
9.77669,-0.000106087,-0.000916557
9.78158,0.000209132,-0.000883666
9.78647,1.50364e-05,-0.000741937
9.79137,3.72344e-05,-0.00116501
9.79626,0.00102329,-0.000963607
9.80115,0.00043089,0.000330821
9.80604,-0.00027427,-0.000448728
9.81094,-8.39001e-05,-0.000254138
9.81583,-0.000255144,-0.000909507
9.82072,0.000235302,-0.000194082
9.82562,-0.000766839,-0.000930834
9.83051,0.000685652,-0.00102709
9.8354,-1.19607e-05,-0.000318726
9.84029,0.000378365,-0.00061247
9.84519,-1.43984e-05,-8.79085e-05
9.85008,-0.000198476,-0.000192343
9.85497,-0.000734018,-0.000616688
9.85987,3.24919e-07,-0.000835821
9.86476,-0.000533232,-0.00080493
9.86965,0.000454328,-0.000959873
9.87454,-0.000658507,-0.000297613
9.87944,6.26713e-05,-0.00165806
9.88433,0.000143856,-0.000592553
9.88922,0.000454732,-0.00158138
9.89411,0.000997828,4.35177e-05
9.89901,-0.000303758,-0.000554734
9.9039,0.000783897,-0.000458011
9.90879,-0.000456626,0.000340901
9.91369,-0.00074393,-0.00139784
9.91858,0.0010071,-0.00119322
9.92347,0.000470464,7.6142e-05
9.92836,-9.02062e-05,-0.000428033
9.93326,0.00026831,-0.000694671
9.93815,0.000742236,-0.000111407
9.94304,-0.000205823,0.000465154
9.94794,-0.000555272,-0.000310578
9.95283,-0.000376304,-0.00050029
9.95772,-0.000184341,-0.000614707
9.96261,-7.96788e-05,-0.000514049
9.96751,-0.000258383,-0.000142882
9.9724,-0.000942807,-0.000982008
9.97729,0.000521299,-0.00126166
9.98218,-1.37675e-05,-0.000204865
9.98708,-3.75099e-05,-0.00089796
9.99197,0.000239558,-0.000575116
9.99686,0.000242485,-0.000250951
10.0018,-0.000475302,-0.000470292
10.0066,0.000557703,-0.000758567
10.0115,-0.000275872,0.000390478
10.0164,-0.00069948,-0.000775794
10.0213,-0.000169098,-0.00100891
10.0262,0.00070987,-0.000578536
10.0311,-0.000522596,0.000370098
10.036,-0.000516223,-0.00102888
10.0409,-0.000156564,-0.000500516
10.0458,-9.88134e-05,-0.000841317
10.0507,-0.000237124,-0.000440701
10.0556,9.46543e-06,-0.00087945
10.0605,-0.000308178,-0.000346817
10.0654,9.04508e-05,-0.00113305
10.0703,6.63511e-05,-1.15347e-05
10.0751,-0.000377339,-0.00075629
10.08,-0.000261367,-0.000316492
10.0849,-0.000461401,-0.000982495
10.0898,-0.000300976,-0.00075921
10.0947,0.000146875,-0.00144998
10.0996,0.000545404,-0.000140254
10.1045,-0.000373734,-0.000457497
10.1094,-0.000402509,-0.000359059
10.1143,-0.000736067,-0.0013043
10.1192,0.000321677,-0.00141147
10.1241,0.000775313,-0.000721991
10.129,-0.000184973,0.000145137
10.1339,-0.000548034,-0.00126423
10.1388,0.000372276,-0.000900153
10.1436,0.000191012,-0.000829921
10.1485,3.31451e-05,-0.000673865
10.1534,0.000682235,-0.00139371
10.1583,0.00111332,0.000326864
10.1632,-0.000130125,7.14231e-05
10.1681,-0.000256088,0.00035408
10.173,-0.000944298,-0.000851921
10.1779,0.000315556,-0.000485093
10.1828,-0.000836194,-0.000266024
10.1877,-0.000503945,-0.00121751
10.1926,0.00031455,-0.0011484
10.1975,-5.98365e-06,-4.31658e-06
10.2024,-0.000960094,-0.00140057
10.2073,0.000970219,-0.00141847
10.2121,0.000406034,-9.91821e-05
10.217,-0.00021811,-0.000504508
10.2219,0.000243535,-0.000978983
10.2268,0.000339991,4.97099e-05
10.2317,-0.000636077,-0.000796278
10.2366,0.0006325,-0.000537124
10.2415,-0.000875914,-8.92736e-05
10.2464,-0.000216096,-0.0016286
10.2513,0.000440617,-0.000825993
10.2562,0.000377581,-0.000895766
10.2611,0.000547293,-0.000251733
10.266,-0.000300303,-0.000442118
10.2709,0.000378393,-0.00114645
10.2758,0.000923204,-0.000254192
10.2806,0.000272135,0.000335505
10.2855,-0.000390886,-5.7387e-06
10.2904,-4.61754e-05,-0.000243647
10.2953,-0.000748447,6.71926e-05
10.3002,-0.000538692,-0.00117506
10.3051,0.000239959,-0.000413167
10.31,-0.000406193,-0.000257742
10.3149,-0.000867993,-0.000472797
10.3198,-0.000563623,-0.00169094
10.3247,0.000558435,-0.000999249
10.3296,7.82928e-05,-0.000778611
10.3345,0.000281496,-0.000591059
10.3394,2.90547e-05,-0.000830482
10.3442,0.000620181,-0.000374158
10.3491,-0.000337057,-9.63606e-05
10.354,-0.000160414,-0.000837621
10.3589,0.000188758,-0.000514813
10.3638,-0.000148775,-0.00028642
10.3687,-0.00039585,-0.000535815
10.3736,-0.000536637,-0.000932395
10.3785,0.000233072,-0.00141615
10.3834,0.000498456,-0.000538279
10.3883,0.000242615,-0.000582193
10.3932,-0.000195905,-0.000208539
10.3981,-0.000159187,-0.00153184
10.403,0.00118041,-0.000582233
10.4079,0.000348511,-0.000114075
10.4127,0.00029682,0.000211628
10.4176,-0.000597906,-0.000325055
10.4225,0.000205794,-0.000633788
10.4274,0.000192719,-0.000401184
10.4323,0.000411189,0.000487728
10.4372,-0.00147215,0.000228674
10.4421,-0.000519224,-0.00131586
10.447,-0.000305111,-0.000459549
10.4519,-0.000436779,-0.00121516
10.4568,0.000349396,-0.000789636
10.4617,-9.23732e-05,-0.000544242
10.4666,0.00019429,-0.000475404
10.4715,-0.000637337,-0.000203883
10.4764,-0.000226421,-0.00123738
10.4812,-0.000163158,-0.000338484
10.4861,-0.000341294,-0.00147303
10.491,0.000496898,-0.000298171
10.4959,-0.000876567,-0.00112698
10.5008,0.000755344,-0.00118226
10.5057,-0.000178804,-0.000805329
10.5106,0.00109511,-0.00100378
10.5155,-0.000128987,0.000261787
10.5204,-9.29053e-05,-0.00134074
10.5253,0.00080375,-0.000453816
10.5302,3.63599e-05,-0.00032695
10.5351,0.000463947,-0.000677769
10.54,0.000324909,0.000240046
10.5449,-0.000484621,-0.000566103
10.5497,0.000497419,-0.000290496
10.5546,-0.000793136,-0.000298572
10.5595,0.000545144,-0.00127593
10.5644,0.000420881,0.000290578
10.5693,-0.000382035,-0.000198024
10.5742,-0.000350349,-0.000605419
10.5791,0.000315676,-0.000620085
10.584,-0.000212388,-0.000116294
10.5889,0.000123045,-0.000586814
10.5938,-0.000313047,5.36929e-05
10.5987,-0.000192279,-0.000747976
10.6036,-0.000228226,-8.35594e-05
10.6085,-0.000177116,-0.000735868
10.6134,-0.000422931,0.000206926
10.6182,-0.000788495,-0.00134188
10.6231,0.000449473,-9.23875e-05
10.628,-0.00139344,-0.00066229
10.6329,0.000296925,-0.0012609
10.6378,-0.000696426,-0.000398965
10.6427,4.09918e-05,-0.00158321
10.6476,9.48909e-05,-0.000317793
10.6525,-0.000346459,-0.00123822
10.6574,0.000373404,-0.0007042
10.6623,-0.000223543,-0.00102013
10.6672,0.000877532,-0.000817339
10.6721,-0.000102806,7.67907e-05
10.677,-2.20081e-05,-0.000783369
10.6818,-0.000252337,9.14452e-05
10.6867,-0.00103821,-0.00128668
10.6916,0.000519065,-0.00141543
10.6965,0.000295799,-0.000600603
10.7014,0.000117604,-0.000647589
10.7063,0.000125605,-0.00086332
10.7112,0.000420365,-0.000351672
10.7161,-0.000532894,-0.000644963
10.721,0.000550718,-0.00128392
10.7259,0.000504228,-0.000201299
10.7308,0.000200381,-0.000354676
10.7357,-0.000192893,-0.000102165
10.7406,-0.000295189,-0.000812615
10.7455,4.3772e-05,-0.000680744
10.7503,0.000206618,-0.00078527
10.7552,0.000142103,-0.000133721
10.7601,-0.000491501,-0.000727638
10.765,0.000247847,-0.000756275
10.7699,-0.000402668,-0.000454182
10.7748,-0.000177112,-0.00142378
10.7797,0.000674529,-0.00106455
10.7846,0.000552692,-0.000648183
10.7895,0.000693156,-0.000531345
10.7944,0.000565695,5.5909e-05
10.7993,-0.000164264,-4.13609e-05
10.8042,0.000166874,-0.000494182
10.8091,-1.72006e-05,0.000177773
10.814,-0.000593243,-0.000585165
10.8188,0.00013942,-0.000592297
10.8237,-0.000107026,-0.000442041
10.8286,6.96803e-05,-0.000145404
10.8335,-0.000792022,-0.000340617
10.8384,-0.000240226,-0.000812729
10.8433,-0.000672409,-0.000668278
10.8482,-0.000294206,-0.00127017
10.8531,-0.000246666,-0.00137058
10.858,0.000799422,-0.00131608
10.8629,-8.98769e-05,-0.000603341
10.8678,0.000927457,-0.00167887
10.8727,0.000671837,0.000296884
10.8776,-0.000104641,-0.00141625
10.8825,0.00146867,-0.000403627
10.8873,0.000327637,-9.92908e-05
10.8922,0.000635289,-2.45251e-05
10.8971,0.000109147,-0.000136674
10.902,0.000417937,0.00018569
10.9069,-0.000383777,-8.35729e-05
10.9118,0.000178867,7.61678e-05
10.9167,-0.00119423,-0.000167028
10.9216,3.99845e-05,-0.00141137
10.9265,0.000127368,-0.000430492
10.9314,0.000570586,-0.0008562
10.9363,0.000147206,0.000672149
10.9412,-0.00110936,-0.00091077
10.9461,0.000600342,-0.00118907
10.951,0.000547257,-0.000398799
10.9558,0.000607226,0.000179867
10.9607,-0.000560964,0.00030357
10.9656,-0.000432609,-0.000546742
10.9705,-0.000363552,-0.000616353
10.9754,0.000233198,-0.00078725
10.9803,3.70899e-05,-7.35589e-05
10.9852,-0.000232971,-0.000392685
10.9901,-0.000396911,-0.000309159
10.995,-0.00031374,-0.000933349
10.9999,0.000204512,-0.000472891
11.0048,-0.000465692,-0.000325497
11.0097,-0.000458766,-0.00110349
11.0146,0.000417921,-0.00110123
11.0194,0.000342534,-0.000314171
11.0243,-0.000124795,-0.000470939
11.0292,1.62933e-05,-0.000624432
11.0341,-0.000119824,-0.000503726
11.039,-0.000166933,-0.00111648
11.0439,0.000875393,-0.000843361
11.0488,0.000272632,-2.86454e-05
11.0537,0.000304578,-0.000404497
11.0586,-5.74824e-05,0.00024851
11.0635,-0.000652677,-0.000634831
11.0684,0.000271332,-0.000954374
11.0733,0.000466087,3.75107e-05
11.0782,-0.000716661,-9.0008e-06
11.0831,-0.000331181,-0.000803232
11.0879,-0.000608155,-0.000642436
11.0928,6.39735e-05,-0.00154891
11.0977,0.0004609,-0.00052437
11.1026,0.000148439,-0.000810132
11.1075,0.000156725,-0.000387354
11.1124,5.85539e-05,-0.00109996
11.1173,0.000692168,-0.000445865
11.1222,0.000129944,-0.0006347
11.1271,0.000769518,-0.000401086
11.132,0.000179665,-4.58224e-05
11.1369,0.000186355,-0.000321317
11.1418,0.000248409,-0.00027344
11.1467,0.000261003,-7.62858e-05
11.1516,0.000122513,4.27665e-05
11.1564,-0.000340671,0.000306415
11.1613,-0.000817861,-0.000551661
11.1662,8.65345e-05,-0.000761372
11.1711,-0.000190679,-9.74144e-05
11.176,-0.000631328,-0.000794947
11.1809,0.000201252,-0.000975052
11.1858,1.80219e-05,-0.000596413
11.1907,0.000510567,-0.000833373
11.1956,0.000317788,-3.17362e-06
11.2005,0.000227441,-0.000360675
11.2054,-0.000139251,0.000456723
11.2103,-0.000853218,-0.00079372
11.2152,0.000321214,-0.000722639
11.2201,1.61051e-05,-0.000345461
11.2249,2.73429e-05,-0.000188984
11.2298,-0.000320256,-0.000384831
11.2347,-7.53327e-05,-0.000324892
11.2396,-0.000484346,-0.000310748
11.2445,-0.000580292,-0.000729583
11.2494,-8.44191e-05,-0.00111693
11.2543,2.91115e-05,-0.000510772
11.2592,-0.000185506,-0.0011464
11.2641,0.000688207,-0.000675412
11.269,0.000124278,-0.000228169
11.2739,-0.000195789,-0.000315404
11.2788,-7.02914e-05,-0.00108344
11.2837,0.000722234,-0.000119433
11.2886,-0.00071958,-0.000179162
11.2934,-6.42739e-06,-0.000984369
11.2983,-4.74908e-05,-0.000719865
11.3032,0.000475328,-0.00069176
11.3081,-0.000227193,-0.000250864
11.313,0.000135007,-0.00121028
11.3179,0.000777107,-0.000347552
11.3228,4.31892e-06,-1.72691e-05
11.3277,-0.000176215,-0.00061929
11.3326,0.000334704,-0.000491024
11.3375,-0.000216279,-0.000360887
11.3424,0.000339532,-0.000982292
11.3473,0.000570025,-2.20175e-05
11.3522,-0.00010839,-0.000153
11.357,-9.51395e-05,-0.000191696
11.3619,-0.00039672,-0.000626878
11.3668,0.000271383,-0.000719733
11.3717,-2.03841e-05,-0.000319981
11.3766,2.41366e-06,-0.000665918
11.3815,7.27305e-05,-0.000636217
11.3864,0.000444433,-0.000683763
11.3913,0.000206948,-0.000152945
11.3962,0.000109999,-0.00070025
11.4011,0.000612735,-0.000295559
11.406,0.000237904,5.13338e-05
11.4109,-0.000232243,-2.75027e-05
11.4158,-8.48142e-05,-0.00067711
11.4207,0.000308625,-0.000170818
11.4255,-0.000278551,-0.000353066
11.4304,0.000218856,-0.000710094
11.4353,0.000499606,-0.000332541
11.4402,0.000381245,6.48195e-05
11.4451,7.56133e-05,0.000209549
11.45,-0.000340908,0.000209936
11.4549,-0.000497064,-0.000180263
11.4598,-0.000644618,-0.000409629
11.4647,-7.46878e-05,-0.00101597
11.4696,0.000155825,-0.000127039
11.4745,-0.000369529,-0.000734865
11.4794,0.000414431,-0.000450993
11.4843,-9.82452e-05,-0.000301831
11.4892,0.000130552,-0.000274836
11.494,-0.000160346,-0.000480816
11.4989,0.000513486,-0.000141802
11.5038,-0.000573502,0.000303869
11.5087,-0.000566999,-0.000785345
11.5136,0.000123716,-0.000831743
11.5185,0.000471134,-0.000187078
11.5234,-0.000329819,9.60798e-06
11.5283,6.50007e-06,-0.000507266
11.5332,-0.000116221,7.34719e-05
11.5381,-0.000443442,-0.000335686
11.543,-0.000330692,-0.000341068
11.5479,-0.00037869,-0.000627563
11.5528,4.2736e-05,-0.000547414
11.5577,-0.000194672,-7.58598e-05
11.5625,-0.000867109,-0.000527354
11.5674,-0.000126733,-0.00134337
11.5723,0.000352084,-0.000438625
11.5772,-0.000281054,-0.000787113
11.5821,0.000757187,-0.00065584
11.587,-0.000158476,0.000260465
11.5919,-0.00026813,-0.000771016
11.5968,0.000104368,-0.00028424
11.6017,-0.000197207,-0.000632555
11.6066,0.000281656,-0.00043522
11.6115,3.14741e-05,-0.000181942
11.6164,-0.000253041,-8.09129e-05
11.6213,-0.000491826,-0.000622516
11.6262,-1.51492e-05,-0.000637402
11.631,-0.000139454,-0.000635133
11.6359,0.000212697,-0.000579141
11.6408,-9.42272e-05,-0.000341158
11.6457,5.31225e-05,-0.000737821
11.6506,0.000380114,-0.000267775
11.6555,-0.000159418,-0.000131815
11.6604,-0.000137493,-0.000439769
11.6653,-7.53509e-05,-0.000608643
11.6702,0.00053376,-0.000286389
11.6751,-0.000465275,0.000275842
11.68,-0.000184328,-0.000854964
11.6849,5.58303e-05,0.000152291
11.6898,-0.000645566,-0.000456735
11.6946,-0.00044373,-0.000427508
11.6995,-0.00040311,-0.00128782
11.7044,0.000547052,-0.00056933
11.7093,-0.000180267,-0.000670481
11.7142,0.000669113,-0.000565705
11.7191,4.88089e-05,-2.99431e-05
11.724,0.000130702,-0.000425511
11.7289,0.000463206,-2.6139e-05
11.7338,-0.000335299,0.00078125
11.7387,-0.00122887,-0.000549454
11.7436,-5.84585e-05,-0.000636194
11.7485,-0.000758231,-0.000525641
11.7534,3.14647e-05,-0.00117752
11.7583,0.000255688,-0.00036195
11.7631,-0.000311117,-0.000354385
11.768,-6.37694e-05,-0.000944704
11.7729,0.000345617,-0.000316791
11.7778,-7.99788e-05,-0.000533937
11.7827,0.000365332,-3.50737e-05
11.7876,-0.000622821,-0.000212875
11.7925,2.90525e-05,-0.000547078
11.7974,-0.000408462,-0.000429808
11.8023,0.000235641,-0.000643139
11.8072,-0.000191899,-7.65921e-05
11.8121,-0.000278645,-0.000471131
11.817,-0.00029644,-0.000654248
11.8219,0.000258916,-0.000556768
11.8268,-0.000196539,-0.0002999
11.8316,0.000347483,-0.000421003
11.8365,-0.000391854,0.000464424
11.8414,-0.000976643,-0.000658492
11.8463,-0.000214436,-0.000855206
11.8512,-0.00030684,-0.000720148
11.8561,0.000284121,-0.00103041
11.861,0.000314732,0.000302243
11.8659,-0.00106165,-0.000554142
11.8708,0.000251052,-0.000857152
11.8757,-0.000608865,-0.000373073
11.8806,9.00627e-05,-0.00124874
11.8855,0.000337923,-0.000495565
11.8904,0.000356225,-0.000128195
11.8953,-0.000716916,-4.16629e-05
11.9001,-9.77186e-06,-0.00087871
11.905,-0.000643787,3.62882e-05
11.9099,-0.000558899,-0.00168803
11.9148,0.000641143,-0.000604119
11.9197,-0.000205895,-0.000824202
11.9246,0.000824467,-0.000458822
11.9295,-0.000619105,0.00016608
11.9344,-0.000132835,-0.00144344
11.9393,0.000661505,-0.000141881
11.9442,-0.000414719,-0.000437285
11.9491,0.0001443,-0.000608329
11.954,4.86457e-05,-0.000809763
11.9589,0.000781046,-6.33608e-05
11.9638,-0.000513404,2.55747e-05
11.9686,0.000206657,-0.000252961
11.9735,-0.000967726,5.38359e-05
11.9784,-0.000392802,-0.00101307
11.9833,-0.000618102,-0.000914138
11.9882,0.000794181,-0.00137284
11.9931,-4.48537e-05,0.000346706
11.998,-0.000317613,-0.00133679
12.0029,0.000679956,-0.000449658
12.0078,0.000201688,-0.000254641
12.0127,-0.000267036,-8.4001e-05
12.0176,1.43489e-05,-0.000862643
12.0225,-4.96454e-05,6.63501e-05
12.0274,-0.000514592,-0.00112658
12.0323,0.000670112,-0.000626453
12.0371,3.50155e-05,-0.000301345
12.042,0.000228384,-0.000343548
12.0469,-0.000162103,-0.000154501
12.0518,-0.000311634,-0.000807596
12.0567,0.000775789,-0.000797109
12.0616,0.000318262,0.000387451
12.0665,-0.000112106,-0.000220582
12.0714,-2.39347e-05,0.000227378
12.0763,-0.000496219,-0.000111926
12.0812,-0.00047235,-3.25037e-05
12.0861,-0.000871021,-0.000358938
12.091,-0.000972981,-0.000903337
12.0959,-0.000136301,-0.00160944
12.1007,0.00042822,-0.000858233
12.1056,0.000581127,-0.000745984
12.1105,0.000334423,0.000262956
12.1154,-0.000485129,-0.000377835
12.1203,1.98888e-05,-0.000485545
12.1252,-7.29929e-05,-0.000270854
12.1301,-0.000603847,-0.000365413
12.135,0.000145883,-0.00131485
12.1399,0.000713682,0.000223688
12.1448,-0.00060395,0.000139221
12.1497,-0.000675584,-0.000284789
12.1546,-0.000569919,-0.00085571
12.1595,-0.00036948,-0.000576156
12.1644,-0.000250213,-0.00119123
12.1692,0.000184642,-0.000341486
12.1741,-0.000435577,-0.000811802
12.179,-4.00194e-05,-0.000414362
12.1839,-0.000615358,-0.00115483
12.1888,0.00045233,-0.000793829
12.1937,-0.000305821,-0.000861735
12.1986,0.000676717,-0.00070446
12.2035,-0.000349816,-0.000227599
12.2084,6.3648e-05,-0.000979434
12.2133,0.000241286,-0.000474284
12.2182,-6.59067e-05,-0.000142435
12.2231,-0.000795278,-0.000715921
12.228,6.78597e-06,-0.00131387
12.2329,0.000281828,-0.000811853
12.2377,-8.97925e-05,-0.000611248
12.2426,-9.52581e-06,-0.00143435
12.2475,0.000781448,-0.000732238
12.2524,0.000156055,-0.00120504
12.2573,0.00185319,-0.000542855
12.2622,4.44528e-05,0.000778333
12.2671,0.000140405,-0.000628531
12.272,0.000257072,0.000198851
12.2769,-0.000254569,-0.000269526
12.2818,-9.26051e-05,-0.000385368
12.2867,-5.132e-05,-0.000497466
12.2916,9.98477e-05,-0.000582903
12.2965,0.000265716,-0.000203309
12.3014,-0.000214404,-0.000455345
12.3062,0.00062297,-0.000216469
12.3111,-0.000756377,0.000627415
12.316,-0.00118679,-0.00121131
12.3209,0.000324746,-0.00155529
12.3258,0.000819535,-0.000294087
12.3307,-0.000494137,-0.000150101
12.3356,0.000125572,-0.0011671
12.3405,0.000340913,-0.000267597
12.3454,-0.000152566,-0.000670384
12.3503,0.00032591,-0.000819683
12.3552,0.00054415,-0.000406815
12.3601,7.78184e-05,-0.000212592
12.365,0.000313895,-0.000615992
12.3699,0.000476761,9.80937e-05
12.3747,-0.00048071,6.53957e-05
12.3796,-0.000175736,-0.000976194
12.3845,0.000633668,-6.36747e-05
12.3894,-0.000727459,-7.12859e-05
12.3943,0.000167633,-0.000858551
12.3992,-0.000374609,-4.36133e-05
12.4041,-9.36601e-05,-0.00121529
12.409,0.000244853,-0.000103239
12.4139,-0.000458412,-0.00107577
12.4188,0.000927794,-0.000668075
12.4237,-0.000154864,0.000153146
12.4286,-0.000382873,-0.000894852
12.4335,0.000509307,-0.00108332
12.4383,0.0009315,-3.31257e-05
12.4432,-0.00041217,0.000409122
12.4481,-0.000597117,-0.000965521
12.453,0.000454833,-0.000938477
12.4579,0.000511358,-0.00020265
12.4628,-0.000333347,5.06718e-05
12.4677,-0.000490249,-0.00115579
12.4726,0.000554395,-0.000940572
12.4775,0.000271779,-0.000981563
12.4824,0.00161355,-0.000694812
12.4873,0.000662162,0.00109464
12.4922,-0.000568344,0.000146777
12.4971,-0.000275479,-0.000258535
12.502,-0.000382364,-0.000654689
12.5068,0.000418204,-0.000913518
12.5117,0.000490651,7.81938e-05
12.5166,-0.000400448,-0.000304531
12.5215,0.000225157,-0.000709902
12.5264,0.000180207,-0.000512337
12.5313,0.000714525,-0.000425629
12.5362,8.44829e-05,0.000360013
12.5411,-0.000442151,-0.000618364
12.546,0.000609395,-0.000996091
12.5509,0.000992241,0.000117225
12.5558,0.000163815,8.84549e-05
12.5607,0.000873515,0.0004111
12.5656,-0.000760502,0.00105155
12.5705,-0.000349863,-0.000478029
12.5753,-0.000540214,0.000718753
12.5802,-0.00124139,-0.000949535
12.5851,7.66501e-05,-0.000573945
12.59,-0.000619114,-0.000716935
12.5949,0.000266325,-0.000850763
12.5998,-0.000121742,-0.000450187
12.6047,0.000187564,-0.000846685
12.6096,0.000414089,-0.000372734
12.6145,3.58036e-05,-0.000214945
12.6194,-4.84092e-05,-0.000757105
12.6243,0.000911499,-0.00072876
12.6292,0.00084383,0.000537229
12.6341,-0.000265101,0.000410738
12.639,7.60017e-05,6.80194e-05
12.6438,-0.000651159,0.000511151
12.6487,-0.000697303,-0.000864368
12.6536,0.000476024,-0.000205664
12.6585,-0.000583214,0.000363068
12.6634,-0.000892401,-0.000616331
12.6683,-8.11593e-05,-0.00103039
12.6732,0.000185483,-0.000313875
12.6781,-0.000116051,-0.000613851
12.683,0.000508115,1.86765e-05
12.6879,-0.000985737,0.000153225
12.6928,-0.000168234,-0.00134645
12.6977,0.000498826,3.48406e-05
12.7026,-0.000707154,-0.000164334
12.7075,-0.000228282,-0.000849057
12.7123,8.93309e-05,-0.000486023
12.7172,-0.000313935,-0.000319125
12.7221,-0.000330414,-0.00101487
12.727,0.000458465,-0.000843715
12.7319,0.000279921,-0.000483265
12.7368,0.000563929,-0.000350266
12.7417,-3.54671e-05,0.000160265
12.7466,-4.69032e-05,-0.000727528
12.7515,0.000659642,0.000189473
12.7564,-0.000916814,0.000100648
12.7613,0.000379383,-0.0011863
12.7662,0.000322181,0.000998862
12.7711,-0.0016172,-0.000597465
12.7759,0.000398279,-0.0012285
12.7808,-0.000184192,-0.000315705
12.7857,0.000367845,-0.00104741
12.7906,0.000622801,-0.000121045
12.7955,0.000376401,0.000188024
12.8004,-0.000635208,0.000328
12.8053,-0.000189771,-0.000911362
12.8102,0.000191593,0.000151538
12.8151,-0.000407835,-0.000436061
12.82,-1.39896e-05,0.000129034
12.8249,-0.00108173,-0.000629482
12.8298,0.000384901,-0.00100426
12.8347,-0.000288186,-7.27418e-05
12.8396,-4.15022e-05,-0.00111732
12.8444,0.000542503,-8.63063e-05
12.8493,-0.00048958,-0.000277518
12.8542,0.000293405,-0.000762585
12.8591,1.51808e-05,0.000184355
12.864,-0.000620912,-0.000797943
12.8689,0.000740933,-0.000849258
12.8738,0.00032031,0.000486637
12.8787,-0.000804545,-6.76417e-05
12.8836,-0.000330784,-0.00103579
12.8885,0.000485427,-0.000667241
12.8934,0.000291737,-0.000181788
12.8983,0.000273932,-2.03215e-05
12.9032,-0.000288217,0.000304352
12.9081,-0.000662995,-0.00043144
12.9129,-4.90612e-05,-0.000619645
12.9178,-0.000134557,-0.000285235
12.9227,-0.000110489,-0.000549211
12.9276,2.89062e-05,-0.000110653
12.9325,-0.000701594,-0.000417561
12.9374,3.27617e-05,-0.0011173
12.9423,0.000508349,-0.000309013
12.9472,-0.000212625,3.77877e-05
12.9521,-0.000410746,-0.000885586
12.957,0.00086925,-0.000508422
12.9619,-0.000352591,0.000563273
12.9668,-0.000481863,-0.000911867
12.9717,0.000236408,-0.000273371
12.9766,-0.000150741,-0.00055045
12.9814,0.000392523,-6.72255e-05
12.9863,-0.000577171,0.000137384
12.9912,-0.000615128,-0.000745444
12.9961,0.000165377,-0.000889231
13.001,0.000170016,-0.000121475
13.0059,-0.000218854,-0.000455022
13.0108,1.1651e-05,-0.000157257
13.0157,-0.00057749,-0.00048089
13.0206,-5.29443e-05,-0.000784184
13.0255,6.23783e-05,-0.000713411
13.0304,0.000395355,-0.000309156
13.0353,-0.000289387,-0.000138041
13.0402,-0.000128402,-0.000726268
13.0451,0.000335384,-0.000409674
13.0499,-0.000334581,5.22106e-05
13.0548,-0.000318074,-0.00128028
13.0597,0.00112849,-9.2425e-05
13.0646,-0.000919539,0.000317669
13.0695,-2.06521e-05,-0.00130293
13.0744,0.000419611,-0.000158331
13.0793,0.000101581,-0.000331337
13.0842,-1.85057e-05,0.000115356
13.0891,-0.000494933,-0.000445803
13.094,8.46169e-05,-0.000519392
13.0989,-0.000196004,-0.000256042
13.1038,9.56017e-06,-0.00060731
13.1087,-7.4423e-06,8.35598e-05
13.1136,-0.00083158,-0.000588867
13.1184,0.000105935,-0.000987038
13.1233,2.53004e-05,-0.000604503
13.1282,0.000399599,-0.000577625
13.1331,-0.000103502,-0.000175383
13.138,0.000105013,-0.000773633
13.1429,0.000294051,-0.000226283
13.1478,5.04881e-05,-0.000382989
13.1527,0.000215812,-0.000171448
13.1576,-0.000185872,-4.38856e-05
13.1625,-0.000398809,-0.00045353
13.1674,-7.21232e-05,-0.000686365
13.1723,2.43546e-05,-0.000570744
13.1772,5.2016e-05,-0.000680629
13.182,0.000482499,-0.000798789
13.1869,0.000747092,3.61252e-05
13.1918,-0.000135698,2.11911e-05
13.1967,0.000321703,-0.00026872
13.2016,-2.10707e-05,0.000146671
13.2065,4.31513e-05,-1.12251e-05
13.2114,-0.000643828,0.000265421
13.2163,-0.000635854,-0.00090941
13.2212,0.000189484,-0.000655059
13.2261,9.82269e-05,-0.000499606
13.231,0.000339849,-0.000276263
13.2359,-3.56442e-05,1.12678e-05
13.2408,-0.000104178,-0.000331145
13.2457,-3.55213e-06,-1.26362e-05
13.2505,-0.00051557,-0.000342608
13.2554,2.92152e-05,-0.000564442
13.2603,-0.000131398,-0.000359459
13.2652,5.58309e-05,-0.000412365
13.2701,-0.000201794,-0.000582699
13.275,0.000812179,-0.000536373
13.2799,-6.53863e-05,0.000631988
13.2848,-0.000349257,-0.000564097
13.2897,0.00028583,1.54725e-05
13.2946,-0.000225632,0.000135149
13.2995,-0.000624555,0.000180059
13.3044,-0.000859161,-0.000739647
13.3093,-3.2671e-05,-0.000872033
13.3142,0.000340747,-0.000548876
13.319,8.9141e-05,0.000415826
13.3239,-0.00117019,-0.000374966
13.3288,0.000164181,-0.00128966
13.3337,0.000425639,0.000141489
13.3386,-0.000780574,-9.35367e-05
13.3435,-0.000334816,-0.00099732
13.3484,0.000183602,-0.000518443
13.3533,-0.000214296,-0.000512622
13.3582,0.000196174,-0.000686584
13.3631,6.49156e-05,-0.00031758
13.368,0.000207353,-0.000591035
13.3729,0.000324719,-1.90827e-05
13.3778,-3.9813e-05,-2.58253e-05
13.3827,-0.000414727,0.000216834
13.3875,-0.000822285,-0.00085118
13.3924,0.000410553,-0.000676132
13.3973,-0.000447201,-0.000139624
13.4022,-0.000148388,-0.00121455
13.4071,0.000967982,-0.000615132
13.412,0.000220527,0.000689737
13.4169,-0.000908829,-0.000637734
13.4218,0.00095695,-0.000740098
13.4267,-0.000118264,0.000724093
13.4316,-0.0004525,-0.000578494
13.4365,0.000248446,-0.00014853
13.4414,-0.000218621,0.000175024
13.4463,-0.000680693,-0.000265531
13.4512,7.64866e-05,-0.000691566
13.456,-2.3314e-07,0.000391364
13.4609,-0.00119242,-0.000181602
13.4658,-0.000297386,-0.00141229
13.4707,0.000720951,-2.90919e-05
13.4756,-0.00111572,0.000140978
13.4805,-0.000217748,-0.00136904
13.4854,0.000281377,-0.000194387
13.4903,-0.0002739,-0.000267668
13.4952,-0.000530859,-0.000333969
13.5001,-0.000308349,-0.000891246
13.505,-0.000237697,-0.000635745
13.5099,0.00022557,-0.00115068
13.5148,0.000414711,9.16286e-05
13.5196,-0.000675046,-0.000677145
13.5245,0.000510151,-0.000883026
13.5294,0.000189512,-0.000312409
13.5343,0.000584526,-0.000224803
13.5392,-0.000372543,0.000504661
13.5441,-0.000463845,-0.000849795
13.549,0.000258854,7.7228e-05
13.5539,-0.00101319,-0.000488093
13.5588,0.00036279,-0.000982167
13.5637,-0.000295218,-3.54664e-05
13.5686,-0.000138634,-0.00116946
13.5735,0.000787768,-0.00043475
13.5784,0.000299022,0.000422383
13.5833,-0.000891623,0.000287631
13.5881,-0.00077674,-0.00108708
13.593,0.000365226,-0.000938798
13.5979,0.000275935,-9.48467e-05
13.6028,-0.000298223,-0.000276331
13.6077,-1.57333e-05,-0.000314323
13.6126,-0.000504563,-0.000415016
13.6175,0.000241393,-0.000646909
13.6224,-0.000428344,0.000140775
13.6273,-0.000633869,-0.000849311
13.6322,-0.000417322,-0.000933761
13.6371,0.000453061,-0.00150978
13.642,0.000805163,1.00086e-05
13.6469,-0.000308728,-0.000384472
13.6518,0.000311437,-0.000663619
13.6566,0.000413,-0.000317553
13.6615,7.69303e-05,0.000147789
13.6664,-0.000392116,-0.000607648
13.6713,0.000686671,-0.000542158
13.6762,0.00022857,0.000467301
13.6811,-0.000530631,0.000195917
13.686,-0.00071364,-0.000405426
13.6909,-9.30164e-05,-0.000728658
13.6958,-0.000219068,-1.87809e-05
13.7007,-0.000786705,-0.000884336
13.7056,0.000374168,-0.000899882
13.7105,-0.000199913,-0.000323731
13.7154,0.000185138,-0.000963861
13.7203,0.000455981,-0.00012145
13.7251,-0.000231165,-5.20664e-05
13.73,-0.000395137,-0.000562151
13.7349,9.38009e-05,-0.000676866
13.7398,-5.81874e-05,-0.00041941
13.7447,6.0059e-05,-0.000636319
13.7496,0.000145829,-0.000529205
13.7545,0.000331231,-0.000278655
13.7594,-0.000328069,-0.000281046
13.7643,0.000417884,-0.000939395
13.7692,0.000584361,0.000250229
13.7741,-0.000347807,6.34032e-05
13.779,-6.63006e-05,-0.000431528
13.7839,6.40041e-05,0.000187979
13.7888,-0.0009363,-0.000323112
13.7936,0.000215507,-0.000885681
13.7985,-0.000224167,-5.27741e-05
13.8034,7.74798e-05,-0.000594517
13.8083,-0.000486462,0.000119666
13.8132,-0.000288896,-0.00113864
13.8181,0.000279218,-0.000134899
13.823,-0.000217991,-0.000312497
13.8279,-0.000650622,0.000141119
13.8328,-0.00120237,-0.00142564
13.8377,0.000449323,-0.00158405
13.8426,0.000698841,-0.000665144
13.8475,5.33834e-05,-0.000156659
13.8524,-7.52628e-05,-0.000963259
13.8573,0.000302151,-0.0005452
13.8621,0.000166473,-0.00114063
13.867,0.00119066,-0.000519374
13.8719,0.000526338,0.000106076
13.8768,0.000343076,0.000188886
13.8817,-0.000306074,8.56591e-05
13.8866,-0.000252694,-0.000589823
13.8915,0.000361819,-0.000624596
13.8964,0.000166465,-8.33111e-05
13.9013,9.98628e-05,-0.00077482
13.9062,0.00104012,-7.04305e-05
13.9111,-0.000159364,0.000621288
13.916,-0.000231778,-0.00057191
13.9209,0.000540912,0.000123314
13.9257,-0.000554926,5.14738e-05
13.9306,0.000441183,-0.000433624
13.9355,-0.000372377,0.000658064
13.9404,-0.000480667,-0.000709912
13.9453,3.47928e-06,9.28692e-05
13.9502,-0.000613369,-0.000584308
13.9551,0.000231101,-0.00052643
13.96,8.15112e-05,-3.56608e-05
13.9649,-0.000586698,4.74688e-05
13.9698,-0.000412997,-0.000964979
13.9747,0.000125506,-0.000410526
13.9796,-7.2314e-05,-0.000764414
13.9845,0.000379805,-0.00030357
13.9894,7.05745e-05,-0.000496428
13.9942,0.000563492,-3.27596e-05
13.9991,-0.00015832,0.000218545
14.004,-0.000324132,-0.000169739
14.0089,5.78699e-05,-0.000380027
14.0138,-0.000202462,0.000386888
14.0187,-0.000866892,-0.000578991
14.0236,7.43866e-05,-0.000498169
14.0285,-0.000655093,-0.000272273
14.0334,-0.000393022,-0.00128821
14.0383,0.000765747,-0.000909016
14.0432,8.74452e-05,-0.000148035
14.0481,0.00069785,-0.00103669
14.053,0.000923701,0.000930918
14.0579,-0.000921298,4.19821e-05
14.0627,0.000283979,-0.000546651
14.0676,0.000156222,0.000137138
14.0725,-0.000204371,0.000209012
14.0774,-0.000337162,-7.55439e-05
14.0823,-0.000744563,-2.37693e-05
14.0872,-0.000198691,-0.00139683
14.0921,0.00104376,0.000285996
14.097,-0.000645427,0.000428238
14.1019,-0.000409244,0.000131533
14.1068,-0.00112115,-0.000365179
14.1117,-0.000269569,-0.000805455
14.1166,-0.000124255,-0.00046815
14.1215,-0.000510967,0.000163363
14.1264,-0.001278,-0.0012903
14.1312,0.000488067,-0.00117818
14.1361,-0.000133126,-0.000778498
14.141,0.000686286,-0.000568477
14.1459,-0.000278262,-0.000282928
14.1508,0.000395273,-0.000490529
14.1557,-0.000593329,-0.000330637
14.1606,0.000464625,-0.00126708
14.1655,0.000634333,-0.000248321
14.1704,0.000786021,-6.79263e-05
14.1753,0.000150547,0.000799877
14.1802,-0.000776219,0.000572707
14.1851,-0.00143074,-0.000701236
14.19,0.000235464,-0.00123484
14.1948,-0.000195433,-0.000204716
14.1997,1.11677e-06,-0.000884045
14.2046,-4.52342e-05,-0.000478947
14.2095,0.000500157,-0.000910468
14.2144,0.000487875,0.000210168
14.2193,-0.000158301,-0.00013492
14.2242,6.70067e-06,-0.000243746
14.2291,0.00019366,1.65015e-06
14.234,-0.000632876,0.000309163
14.2389,-0.000720983,-0.000692963
14.2438,-0.000368197,-0.000770412
14.2487,0.000135003,-0.00105239
14.2536,0.000376176,-0.000361565
14.2585,6.00904e-05,-0.000384504
14.2633,7.37527e-05,-0.000399401
14.2682,0.000248884,-0.000356489
14.2731,-0.000155437,-0.000131223
14.278,0.000123891,-0.000796056
14.2829,0.000519409,2.89898e-05
14.2878,-0.000281058,-0.00011294
14.2927,0.000237587,-0.000521
14.2976,0.000420473,0.000180179
14.3025,-0.000338041,0.000411742
14.3074,-0.000688783,-0.000232955
14.3123,-0.000174002,-0.000580906
14.3172,-0.000170805,3.25114e-05
14.3221,-0.000864084,-0.000679257
14.327,0.000391153,-0.00092675
14.3318,-0.000165222,9.0136e-05
14.3367,-0.000433707,-0.000857852
14.3416,0.000268269,-0.000735989
14.3465,0.00030873,-0.000329377
14.3514,-0.000116982,-0.000187776
14.3563,-5.85971e-05,-0.000631809
14.3612,0.000199735,-0.000531932
14.3661,0.000344732,-0.0003812
14.371,0.000136084,-0.000224321
14.3759,0.00034566,-0.00035479
14.3808,0.000325693,5.48678e-05
14.3857,4.41851e-05,0.000293811
14.3906,-0.000757972,-0.000100623
14.3955,0.00012303,-0.000973031
14.4003,0.000357058,3.27229e-05
14.4052,-0.000115036,-0.000318414
14.4101,0.000334014,-0.000377484
14.415,0.000575018,0.000190716
14.4199,-0.000322524,0.000486781
14.4248,-3.64188e-05,-0.000153456
14.4297,-0.00051953,0.000463354
14.4346,-0.000376873,-0.000735722
14.4395,2.95824e-05,0.00033671
14.4444,-0.000717885,-0.000575026
14.4493,0.000244063,-0.000191175
14.4542,-0.00030208,-0.000363481
14.4591,0.000370595,0.000218022
14.464,-0.000924519,-4.76718e-05
14.4688,0.000398409,-0.000466146
14.4737,-0.000592838,0.000589106
14.4786,-0.000418273,-0.00061765
14.4835,-0.000304744,0.000282212
14.4884,-0.000744506,-0.000641921
14.4933,0.000192441,-8.38773e-05
14.4982,-0.000900382,0.000203427
14.5031,-0.000781347,-0.000620323
14.508,-0.000578545,-0.000651675
14.5129,-0.000322621,-0.000793935
14.5178,-0.000227552,-0.000796311
14.5227,0.000403223,-0.000743699
14.5276,0.000157204,0.000211664
14.5325,-0.000432451,-0.000174945
14.5373,-0.000229614,-8.45927e-05
14.5422,-0.000701023,-0.000132956
14.5471,-0.000716545,-0.000537966
14.552,-0.000570698,-0.000861282
14.5569,3.13494e-05,-0.000930741
14.5618,8.19658e-05,-7.37639e-05
14.5667,-0.0010205,-0.000439281
14.5716,-9.22421e-05,-0.00143673
14.5765,0.000282191,-0.000485257
14.5814,6.98255e-05,-0.000703804
14.5863,0.000294968,-0.000180893
14.5912,-0.000229311,-0.00018015
14.5961,-0.000410547,-0.000412141
14.6009,9.25749e-05,-0.000845548
14.6058,4.52112e-06,0.000219637
14.6107,-0.000850431,-0.00089907
14.6156,0.000485758,-0.000753235
14.6205,-0.000170891,-0.00045567
14.6254,0.00063181,-0.000463809
14.6303,-0.000195445,0.000358374
14.6352,-0.000346737,-0.00036951
14.6401,-0.000320193,-0.000200006
14.645,-0.000340429,-0.000381369
14.6499,-0.000638582,-0.000433095
14.6548,-0.00018768,-0.00108789
14.6597,0.000149105,-0.000399233
14.6646,-0.000200082,-0.000720931
14.6694,0.000462179,-0.000354253
14.6743,-0.000451351,4.24136e-05
14.6792,-0.000220559,-0.000824234
14.6841,5.09183e-05,-0.000134631
14.689,-0.000605385,-0.000421607
14.6939,-0.000354112,-0.000795892
14.6988,-7.08238e-05,-0.00093921
14.7037,6.07289e-05,-0.000656105
14.7086,0.000172353,-0.00104343
14.7135,0.000759937,-0.00028528
14.7184,-2.5795e-05,-0.00024842
14.7233,0.000456273,-0.00020794
14.7282,-0.000169602,-2.31073e-05
14.7331,0.000158945,-3.51509e-05
14.7379,-0.000892924,-0.000113792
14.7428,0.000307547,-0.00117227
14.7477,0.000276622,0.000473565
14.7526,-0.00063058,-0.000260551
14.7575,-0.00030968,-0.000335589
14.7624,-0.000243364,-0.000483232
14.7673,-0.000581409,-0.000234685
14.7722,-0.000277143,-0.00121095
14.7771,0.00011102,-0.000202791
14.782,-0.000400766,-0.00122348
14.7869,0.00100852,-0.000213439
14.7918,-0.000734112,3.39301e-05
14.7967,4.18229e-05,-0.000771016
14.8016,-0.000326632,-0.00050439
14.8064,0.000412036,-0.000671803
14.8113,-0.000295486,-0.00025034
14.8162,0.000603295,-0.000629925
14.8211,-0.000520275,0.000593913
14.826,-0.000534726,-0.00120012
14.8309,0.000282033,-0.000143858
14.8358,-0.000604496,-0.000267255
14.8407,-0.00102703,-0.000820751
14.8456,7.78901e-05,-0.00220314
14.8505,0.00116467,-0.000701349
14.8554,0.000734026,-0.000603541
14.8603,0.000556761,0.000522188
14.8652,-0.000622324,-0.000732424
14.8701,0.000942004,-0.000600384
14.8749,0.000107832,-4.68229e-05
14.8798,0.000534004,-0.000284551
14.8847,0.00015109,0.000191274
14.8896,-0.000106364,-7.88316e-05
14.8945,8.31361e-05,-0.000416733
14.8994,0.000320141,0.000119663
14.9043,-0.000157985,-0.000115096
14.9092,0.000172852,0.000167329
14.9141,-0.000556143,-1.20446e-05
14.919,-0.000149088,-0.000408846
14.9239,0.000146217,-0.000427225
14.9288,0.000319898,0.000540904
14.9337,-0.000989941,0.000113577
14.9385,-0.000186321,-0.000423043
14.9434,-0.000407749,-0.000175363
14.9483,-0.000100109,8.37836e-05
14.9532,-0.00129885,-5.73787e-05
14.9581,-0.000304691,-0.00113936
14.963,-0.000335919,5.67324e-05
14.9679,-0.00122527,-0.000893043
14.9728,-3.355e-05,-0.00153911
14.9777,0.000173745,-0.000560775
14.9826,-0.000122477,-0.0012103
14.9875,0.000989797,-0.00058064
14.9924,0.000154364,7.58691e-05
14.9973,-0.000108306,5.06399e-05
15.0022,-0.00057318,-0.000723067
15.007,0.000616736,-0.000335059
15.0119,-0.000810348,2.81086e-05
15.0168,-6.99884e-05,-0.00109561
15.0217,0.000119138,-0.000552354
15.0266,0.000452517,-0.000257565
15.0315,-0.000607194,-0.000143128
15.0364,0.000325832,-0.000875676
15.0413,-0.000272567,3.00001e-05
15.0462,0.000114162,-0.00100207
15.0511,0.000169582,8.60625e-05
15.056,-0.000304703,-0.000668326
15.0609,0.000207633,-0.000617985
15.0658,0.000576149,-0.000438744
15.0707,0.000146217,0.000270801
15.0755,-5.28416e-05,-0.000297833
15.0804,0.000208464,6.53447e-05
15.0853,-0.000124921,0.000360621
15.0902,-0.000930168,-1.59939e-05
15.0951,-4.21747e-05,-0.000720614
15.1,-0.000237749,0.000302191
15.1049,-0.000623937,-0.000122707
15.1098,-0.00131133,-0.000169451
15.1147,-0.000626315,-0.00180528
15.1196,0.00051922,-0.000544618
15.1245,-0.000293458,-0.000293757
15.1294,-0.000696291,-0.000460072
15.1343,-0.000301706,-0.00145067
15.1392,0.00028496,-0.000622419
15.144,3.46677e-05,-0.0010611
15.1489,0.000567343,-0.000212214
15.1538,-0.000388719,-0.000617437
15.1587,0.000507343,-0.000598704
15.1636,-0.000105601,-0.000345654
15.1685,0.000433607,-0.000365772
15.1734,-0.000488944,0.000134049
15.1783,-0.000428234,-0.000954904
15.1832,-1.76806e-05,-0.000655072
15.1881,-4.52826e-05,-0.00100711
15.193,0.000501358,-0.000726117
15.1979,0.00028878,-0.000550908
15.2028,0.00046519,-0.000434411
15.2077,0.000261448,-0.000447356
15.2125,0.000759256,-0.00024436
15.2174,0.000123133,0.000287168
15.2223,0.000168916,-0.000129579
15.2272,-0.000165497,0.000397209
15.2321,-0.000548385,-0.000328088
15.237,-0.000274714,-0.000287749
15.2419,-0.000496098,-0.000826341
15.2468,0.000577186,-0.00103132
15.2517,0.000791711,0.000176456
15.2566,-0.000172513,0.000331743
15.2615,-0.000163073,5.45054e-05
15.2664,-0.000634992,2.70249e-05
15.2713,-0.000295196,-0.000472041
15.2762,-0.000569315,-1.50137e-06
15.281,-0.000749438,-0.000881647
15.2859,-0.0001247,-0.000791819
15.2908,-9.60358e-05,-0.000760178
15.2957,2.83996e-05,-0.000538351
15.3006,-0.000122082,-0.000539287
15.3055,-0.000284366,-0.00064284
15.3104,0.000150325,-0.00115732
15.3153,0.000666649,-0.000257151
15.3202,-0.000439064,-0.000164846
15.3251,-6.34436e-05,-0.00125854
15.33,0.000934206,-0.000633914
15.3349,0.000373898,4.68906e-05
15.3398,0.000168837,-7.67113e-05
15.3446,-0.00026978,-0.000122271
15.3495,5.71294e-05,-0.000750038
15.3544,0.000473759,-0.000267658
15.3593,0.000293651,9.20751e-05
15.3642,-0.000324957,0.000216458
15.3691,-0.000418193,-0.000411722
15.374,-0.000205872,-0.000526797
15.3789,0.000122853,-0.000404988
15.3838,-0.000607155,-0.000418758
15.3887,0.000637189,-0.00152828
15.3936,0.00104872,0.000678576
15.3985,-0.000668477,7.14393e-05
15.4034,-3.82169e-05,-0.00039699
15.4083,8.423e-05,-0.000585289
15.4131,0.000603608,0.000280941
15.418,-0.000675088,0.000172279
15.4229,0.000146418,-0.000384337
15.4278,-0.000330617,0.000474694
15.4327,-0.000701914,-0.000315423
15.4376,-0.000295391,-3.25799e-05
15.4425,-0.00124709,-0.000139707
15.4474,-0.000778327,-0.00139324
15.4523,-4.34234e-05,-0.00083569
15.4572,-0.00026499,-0.00108079
15.4621,0.000393874,-0.000751242
15.467,-0.000120346,-0.000574124
15.4719,0.00025869,-0.000742157
15.4768,0.00011765,-0.000425626
15.4816,8.59837e-05,-0.000385426
15.4865,-0.000269334,-0.000541077
15.4914,0.000135894,-0.000798316
15.4963,9.5328e-05,-0.000717871
15.5012,0.000705377,-0.000560033
15.5061,-0.000175899,5.17212e-05
15.511,0.000261889,-0.00119474
15.5159,0.000916478,0.000251357
15.5208,-0.00025542,5.68642e-05
15.5257,-0.000174772,0.000112803
15.5306,-0.00083171,-0.000886905
15.5355,0.000771284,-0.00079942
15.5404,-0.000231184,-6.06098e-05
15.5453,0.000400358,-0.000691658
15.5501,-0.000292813,9.08814e-05
15.555,0.00013711,-0.00116438
15.5599,0.000380524,0.000230573
15.5648,-0.000537105,-0.00107952
15.5697,0.0014243,-0.000656504
15.5746,9.91133e-05,0.000704151
15.5795,-3.26246e-06,-0.000542119
15.5844,0.000434236,0.000520183
15.5893,-0.00103145,-0.000106475
15.5942,0.00026387,-0.000875087
15.5991,-0.000224854,9.24935e-05
15.604,-0.000131245,-0.00108908
15.6089,0.000776217,-0.000317214
15.6138,0.00030534,8.77982e-05
15.6186,6.58648e-07,0.000235124
15.6235,-0.000299717,-3.84316e-05
15.6284,-0.000350971,-0.000194156
15.6333,-0.000272499,-0.000394703
15.6382,-0.000468089,-0.000681313
15.6431,0.000693275,-0.00110658
15.648,0.000436332,0.000527671
15.6529,-0.000379678,-0.00066214
15.6578,0.000759826,-0.000186467
15.6627,0.000161156,3.55476e-05
15.6676,0.0004408,0.000547337
15.6725,-0.000795734,0.000441761
15.6774,-0.000276576,-0.000231122
15.6822,-0.000512996,0.000118201
15.6871,-0.000608187,-0.000265034
15.692,-0.000542128,-0.000533651
15.6969,-6.59175e-05,-0.00036072
15.7018,-0.000772888,-0.000186809
15.7067,-0.000354052,-0.00114524
15.7116,0.000250843,-0.000417622
15.7165,-0.000336245,-0.000489943
15.7214,0.000374012,-0.000622304
15.7263,-0.00016581,0.00040795
15.7312,-0.000965319,-0.000724186
15.7361,0.000119167,-0.000881021
15.741,-0.000171328,-0.000572115
15.7459,0.000249795,-0.000765176
15.7507,0.000270536,-0.0003505
15.7556,0.000192584,2.17893e-06
15.7605,-0.00064986,-0.000305343
15.7654,0.000400618,-0.000911913
15.7703,4.39815e-05,0.00035534
15.7752,-0.000425089,-0.000554549
15.7801,-0.000141384,-0.000114942
15.785,-0.000467392,-0.000875192
15.7899,0.00040628,-0.000262473
15.7948,-0.000686346,-0.000334004
15.7997,0.000141723,-0.00078501
15.8046,-0.000359534,-0.000326449
15.8095,0.000128157,-0.000888527
15.8144,-0.000221839,-6.27955e-05
15.8192,-0.000513911,-0.00124004
15.8241,0.000542548,-0.000950214
15.829,0.000321805,-0.000705691
15.8339,0.000680816,-0.000449862
15.8388,0.000242261,-0.000158643
15.8437,0.000343541,-0.000229362
15.8486,-0.000116799,1.8164e-05
15.8535,-0.000172699,-0.000614707
15.8584,0.000143742,-0.000531736
15.8633,0.000237285,-0.000688187
15.8682,0.000605071,-0.000356228
15.8731,0.000366897,-9.25561e-05
15.878,0.000194674,1.3239e-05
15.8829,-1.59224e-05,-0.000318625
15.8877,0.000527599,-0.000196149
15.8926,2.265e-05,0.00023994
15.8975,5.54373e-05,-0.000241526
15.9024,9.08857e-05,0.000259663
15.9073,-0.000457373,-0.000314699
15.9122,0.000673353,-0.00034257
15.9171,-9.53497e-05,0.00105382
15.922,-0.00123003,-0.000136289
15.9269,-0.000471764,-0.000666377
15.9318,-0.000250698,-0.000846072
15.9367,0.000417233,-0.000346397
15.9416,-0.000405841,-5.61098e-05
15.9465,-0.000127853,-0.000661509
15.9514,2.40736e-05,-0.000404597
15.9562,0.000155568,-0.0002186
15.9611,-0.000542524,-7.00501e-05
15.966,-0.0003357,-0.00105766
15.9709,0.000424005,-0.000830655
15.9758,0.000731647,-0.00038135
15.9807,0.000340521,0.000382457
15.9856,-0.000288742,3.86071e-05
15.9905,-0.000250398,-0.000147069
15.9954,-0.000288548,-0.000486198
16.0003,0.000167297,-0.000454014
16.0052,3.00676e-05,-0.000207037
16.0101,0.000184148,-0.00033169
16.015,0.000190654,0.000256412
16.0198,-0.000656509,7.31766e-05
16.0247,-0.000265489,-0.000677493
16.0296,0.000104214,-0.000164028
16.0345,-0.000326771,-0.000126758
16.0394,-0.000436541,-0.000189901
16.0443,-0.000898629,-0.000909687
16.0492,0.000645997,-0.00159335
16.0541,0.000878572,0.000211015
16.059,-8.95957e-05,-0.000270024
16.0639,0.000451476,8.67916e-05
16.0688,-0.000406768,-0.000126553
16.0737,0.000422161,-0.000312606
16.0786,-0.00010372,0.000287243
16.0835,-0.000171834,-1.92765e-05
16.0883,-0.000502389,-1.35386e-05
16.0932,-0.000403309,-0.000490348
16.0981,-6.6384e-05,-0.000715772
16.103,0.000583232,-0.00017284
16.1079,-0.000178725,0.000348648
16.1128,-0.000357706,-3.24086e-05
16.1177,-0.000384868,-0.000347766
16.1226,0.000103509,0.000126434
16.1275,-0.00118577,-8.76468e-05
16.1324,0.000114954,-0.00107071
16.1373,-0.000141631,0.000307714
16.1422,-0.000653331,-0.000430686
16.1471,-0.00063176,-0.000688118
16.152,0.00040293,-0.0010881
16.1568,9.95983e-05,0.000230432
16.1617,-6.19367e-05,-0.0006926
16.1666,0.000302653,0.000502809
16.1715,-0.00096637,-7.83084e-06
16.1764,-0.000544413,-0.00047106
16.1813,-0.00050381,-0.000756534
16.1862,-2.07908e-05,-0.000651804
16.1911,3.51788e-05,-0.000494746
16.196,-6.61572e-05,-8.5688e-05
16.2009,-0.000386384,-0.000461613
16.2058,-2.96173e-05,-0.000313667
16.2107,-0.000284432,-0.000350799
16.2156,-3.33279e-05,-0.000147867
16.2205,-0.000594414,-6.07113e-05
16.2253,-0.000583283,-0.000284272
16.2302,-0.00115871,-0.000651045
16.2351,-7.28899e-05,-0.00164555
16.24,0.000369947,-0.00011655
16.2449,-0.000694401,-0.000756027
16.2498,0.000304314,-0.000580334
16.2547,-0.00071594,-0.000546245
16.2596,0.000469028,-0.0010161
16.2645,-0.000346499,0.000152076
16.2694,-0.000424898,-0.0010363
16.2743,-0.000142398,-0.000484867
16.2792,-0.000274724,-0.00104206
16.2841,0.000132792,-0.000711238
16.2889,-1.68901e-05,-0.000730086
16.2938,-0.000110099,-0.000714019
16.2987,0.000227522,-0.000978918
16.3036,3.91166e-05,-0.000488279
16.3085,0.0001685,-0.00129192
16.3134,0.000961316,-0.000533489
16.3183,0.000411433,-0.000202575
16.3232,0.000424559,-0.00016762
16.3281,0.00025072,0.000148037
16.333,-0.000496373,9.04742e-05
16.3379,-0.000311612,-0.000699073
16.3428,-0.000206597,-0.000518072
16.3477,0.000230004,-0.0010623
16.3526,0.000618216,1.19856e-06
16.3574,-0.000250501,-3.63146e-06
16.3623,-0.000562661,-0.000269727
16.3672,-0.00032286,-0.00122591
16.3721,0.000494353,-0.000561484
16.377,-0.000110478,-0.000575194
16.3819,0.000219436,-0.000564751
16.3868,-9.99702e-05,-0.000830074
16.3917,0.000726586,-0.000868232
16.3966,0.000559704,-0.00024958
16.4015,0.000470876,-0.000170246
16.4064,0.000180619,-0.000117082
16.4113,0.000306889,-0.000166283
16.4162,7.7321e-06,-5.25793e-05
16.4211,0.000211806,-0.000296282
16.4259,9.72214e-05,0.000139827
16.4308,-0.000138617,-6.25362e-05
16.4357,-0.000453928,0.00020741
16.4406,-0.00105666,-0.000908227
16.4455,0.000439121,-0.00138684
16.4504,0.000570841,-0.000260038
16.4553,0.000129413,-0.000346607
16.4602,0.000361808,-0.000383993
16.4651,0.000258659,0.000103356
16.47,-0.000332747,-0.000223765
16.4749,0.000171266,-0.000445807
16.4798,-5.50579e-05,-0.000173508
16.4847,2.41492e-05,-0.000254349
16.4896,-0.000458065,-0.000307104
16.4944,-2.05941e-05,-0.00101924
16.4993,0.000587621,-0.000693628
16.5042,0.000672662,0.000105619
16.5091,-0.000433999,-5.82935e-05
16.514,0.000561265,-0.000710221
16.5189,0.000155963,0.00050777
16.5238,-0.00043445,-0.000314623
16.5287,-5.99422e-05,-0.000586598
16.5336,0.000573203,-0.000299055
16.5385,-0.000377005,0.000163163
16.5434,0.000332742,-0.000910707
16.5483,0.000439299,0.000471767
16.5532,-7.0091e-05,7.2756e-06
16.5581,-0.000444337,0.000624453
16.5629,-0.000968723,-0.000557652
16.5678,-0.000581708,-0.000551371
16.5727,-0.00014049,-0.00153694
16.5776,0.000825199,-0.000282763
16.5825,-7.30579e-05,-0.000505148
16.5874,0.00077267,-0.000155233
16.5923,-0.000210892,0.000368064
16.5972,-0.000396612,-0.000450083
16.6021,0.000382691,-0.000382654
16.607,-0.00038847,0.000367286
16.6119,-0.000288948,-0.000890044
16.6168,6.8043e-05,0.000294117
16.6217,-0.000926774,-0.000953259
16.6266,0.000688241,-0.000615178
16.6314,-0.000414963,-0.000105053
16.6363,-6.0413e-05,-0.000807285
16.6412,0.000175563,-0.00065085
16.6461,0.000263194,-0.000400623
16.651,0.000269733,-0.00066463
16.6559,0.000689306,2.22916e-05
16.6608,-5.96581e-05,-3.77656e-05
16.6657,0.000250519,3.4261e-05
16.6706,-0.000260644,-0.000137102
16.6755,0.000250111,4.10549e-05
16.6804,-0.000733183,4.44612e-05
16.6853,-5.91606e-05,-0.000776
16.6902,7.0423e-05,-0.000101504
16.695,-0.000209772,-0.000208935
16.6999,-0.000379959,-0.000393802
16.7048,2.93082e-05,-0.000845602
16.7097,0.000586604,-0.000245993
16.7146,-1.48376e-05,0.000259014
16.7195,-0.000280477,-2.23315e-05
16.7244,-0.00066528,-0.000139518
16.7293,-0.000241631,-0.000898046
16.7342,-0.000156607,-0.000135722
16.7391,-0.000433977,-0.00125218
16.744,0.000935325,-0.000460501
16.7489,-0.000176566,-0.000110022
16.7538,0.000379099,-0.000345201
16.7587,-0.000295871,2.15671e-05
16.7635,-0.000155452,-0.000698302
16.7684,0.000423205,-0.000698234
16.7733,0.00068031,0.000334374
16.7782,-0.000674944,-1.78438e-05
16.7831,0.000755528,-0.000450862
16.788,-0.000508323,0.00125563
16.7929,-0.00143125,-0.000889198
16.7978,0.000185121,-0.000951302
16.8027,4.0912e-05,-0.000316485
16.8076,-0.00019982,-0.000294411
16.8125,-0.000199717,-0.000747228
16.8174,0.000499342,-0.000442253
16.8223,-0.000166634,0.000200231
16.8272,-0.000508942,-0.00074107
16.832,0.000613997,-0.000732512
16.8369,0.000353863,0.000454444
16.8418,-0.00069458,0.000129776
16.8467,-0.000543296,-0.000568276
16.8516,-0.000167574,-0.000778649
16.8565,0.000300323,-0.000356123
16.8614,-0.000480588,-0.000131712
16.8663,2.96802e-07,-0.00101524
16.8712,0.000391014,-4.4312e-05
16.8761,-0.0002757,-0.00022577
16.881,-0.000224019,-0.000123159
16.8859,-0.000690459,-0.000864349
16.8908,0.000667545,-0.000977453
16.8957,0.000251163,0.000224757
16.9005,-0.000223953,-0.000258484
16.9054,-0.000227697,-3.52077e-05
16.9103,-0.000622969,-0.000654396
16.9152,0.000117811,-0.000554081
16.9201,-0.000687278,-0.000525985
16.925,0.000337725,-0.00140323
16.9299,0.000433097,-8.05967e-05
16.9348,-3.14101e-05,-0.000700887
16.9397,0.000311912,-0.000156332
16.9446,-0.000218177,-0.000647963
16.9495,0.000443514,-0.000377755
16.9544,-0.000210761,-0.000496187
16.9593,0.000731656,-0.000667888
16.9642,0.000195344,0.000405823
16.969,-0.000432211,-0.000502029
16.9739,0.0005286,-0.000428424
16.9788,-0.000318571,0.000265954
16.9837,-0.000341796,-0.000998583
16.9886,0.000530794,-0.00036871
16.9935,-0.000124035,-0.000373108
16.9984,0.000399403,-0.000647445
17.0033,0.000695802,-0.000123352
17.0082,8.1215e-05,0.000628211
17.0131,-0.000719335,-0.000319708
17.018,0.000176895,-0.000511887
17.0229,-7.67657e-05,-0.000302986
17.0278,0.000393315,-0.000274439
17.0326,-0.000141894,0.000353144
17.0375,-0.000694894,-0.000298684
17.0424,-0.000167747,-0.000867537
17.0473,0.00025192,-0.000377015
17.0522,-0.000152342,-0.000460871
17.0571,0.000382849,-0.000595906
17.062,0.000369562,-4.94202e-05
17.0669,6.97212e-05,0.000114079
17.0718,-0.000325208,1.641e-05
17.0767,-0.000368899,-0.000471315
17.0816,0.000265965,-0.000519766
17.0865,-2.42046e-05,0.000328587
17.0914,-0.000811698,-0.000395154
17.0963,-0.000169138,-0.000889761
17.1011,0.000338467,-0.000773798
17.106,0.000329529,3.86271e-05
17.1109,-0.000226282,-0.000544244
17.1158,0.000635021,4.10876e-05
17.1207,-0.000951184,0.00011902
17.1256,9.39768e-05,-0.00130937
17.1305,0.000676935,3.00476e-05
17.1354,-0.00020707,0.00025334
17.1403,-0.000686397,-0.00040969
17.1452,0.00023483,-0.000912401
17.1501,0.000241515,1.03638e-05
17.155,-4.51118e-05,-0.000297347
17.1599,-0.000108565,8.90943e-05
17.1648,-0.000547584,-0.000573546
17.1696,0.000220492,-0.000610202
17.1745,2.57389e-05,-0.000308648
17.1794,0.000278889,-0.000319496
17.1843,1.48439e-05,0.000179593
17.1892,-0.000429035,-2.63483e-05
17.1941,-0.000670044,-0.000376436
17.199,-0.000225833,-0.00108523
17.2039,0.000534544,-0.000373468
17.2088,-0.000381364,-4.82262e-05
17.2137,-0.000136356,-0.000893575
17.2186,0.000393152,-0.000322997
17.2235,-0.000203231,-0.000146269
17.2284,-0.000153097,-0.000645727
17.2333,0.000211676,-0.000503243
17.2381,4.64437e-05,-0.000411277
17.243,0.000418619,-0.000541288
17.2479,0.000412616,0.000262583
17.2528,-0.000426431,6.41401e-05
17.2577,-0.000158805,-0.000360372
17.2626,-0.000157851,-0.000227616
17.2675,-0.000159492,-0.00022714
17.2724,-0.000416828,-0.000287399
17.2773,-0.000369618,-0.000587114
17.2822,-0.000185521,-0.00101697
17.2871,0.000941276,-0.000562481
17.292,-0.000175962,0.000719517
17.2969,-0.000872468,-0.000622202
17.3018,-0.000282079,-0.000703596
17.3066,-0.00026713,-0.0012677
17.3115,0.000988081,-0.0010407
17.3164,0.000635076,0.000319021
17.3213,-0.000516901,-0.000289641
17.3262,0.000518787,-0.000904961
17.3311,0.000411546,-5.22709e-06
17.336,0.00057355,-0.00025632
17.3409,3.88606e-05,0.000823125
17.3458,-0.000633358,-0.000396912
17.3507,3.38276e-05,5.4171e-05
17.3556,-0.000688004,-0.000462278
17.3605,7.19783e-05,-0.000536406
17.3654,7.48478e-05,-0.00058135
17.3703,0.000499994,0.000496283
17.3751,-0.00149909,0.000214249
17.38,-0.000502289,-0.00139773
17.3849,-3.82351e-05,-0.000621088
17.3898,-0.000179115,-0.000938008
17.3947,0.00032929,-0.000768466
17.3996,-9.21705e-05,-0.000378854
17.4045,-3.13236e-06,-0.00135383
17.4094,0.00125702,-0.000511769
17.4143,6.7932e-05,0.000205809
17.4192,0.000150819,-0.00053807
17.4241,0.000250444,-0.000248526
17.429,0.000212393,-0.000391516
17.4339,0.000531378,-0.00027327
17.4387,0.000160483,0.000559059
17.4436,-0.000932568,-0.000556353
17.4485,0.00083186,-0.000964004
17.4534,0.000231262,0.000407749
17.4583,-4.40906e-06,-0.000269614
17.4632,-0.000198195,6.59986e-05
17.4681,-7.00952e-05,-0.000725642
17.473,0.000427893,4.64332e-05
17.4779,-0.000496046,2.16181e-05
17.4828,-0.000310828,-0.000921433
17.4877,0.000830973,-0.000593118
17.4926,0.000112161,0.000346319
17.4975,0.00021236,-0.000331805
17.5024,-0.000128925,0.000823936
17.5072,-0.00125454,-0.000629427
17.5121,4.6808e-06,-0.000984309
17.517,0.000235204,-0.00104432
17.5219,0.000966021,-4.51786e-05
17.5268,-0.000228077,-0.000225382
17.5317,0.00112382,-7.21095e-05
17.5366,-0.000614918,0.000977044
17.5415,-0.000263048,-0.00058363
17.5464,-0.00049472,0.00032207
17.5513,-0.000436419,-0.00113254
17.5562,0.000467907,-8.20178e-05
17.5611,-0.000291297,-0.000254584
17.566,-8.97765e-05,-0.000201423
17.5709,-5.86557e-06,-0.000639651
17.5757,0.000371818,0.000427346
17.5806,-0.00118717,2.76138e-05
17.5855,-0.00056219,-0.00106587
17.5904,-3.36522e-05,-0.00124619
17.5953,0.00104304,-0.000711928
17.6002,0.00021279,0.000494361
17.6051,-0.000525854,-0.00052442
17.61,0.000571156,-0.000634349
17.6149,-3.5028e-05,0.000291846
17.6198,-0.000233478,-0.000897194
17.6247,0.00083353,-0.000174598
17.6296,-2.49878e-08,-1.02082e-05
17.6345,0.000706513,0.000168081
17.6394,-0.000666337,0.000962913
17.6442,-0.000945965,-0.000808014
17.6491,0.000529985,-0.000661564
17.654,0.000430819,0.00049608
17.6589,-0.000623438,0.000838145
17.6638,-0.00142715,-0.000138909
17.6687,-0.000650701,-0.000876406
17.6736,-0.000726106,-0.000525081
17.6785,-0.000400947,-0.00147591
17.6834,0.000482453,-0.000650331
17.6883,-1.77324e-05,-0.000710854
17.6932,0.000667653,-0.000230132
17.6981,-0.000302073,0.000129884
17.703,-0.00022004,-0.000189199
17.7079,-0.000826629,-0.00045073
17.7127,7.41875e-05,-0.00109833
17.7176,0.000108006,-0.000278628
17.7225,-9.83839e-05,-0.000395486
17.7274,-0.00044592,-0.000548061
17.7323,0.000371375,-0.000972152
17.7372,6.6974e-05,0.000116202
17.7421,-0.000243491,-0.000769544
17.747,0.000230278,-9.50638e-05
17.7519,-0.000551525,-0.000402901
17.7568,-0.000233226,-0.000643056
17.7617,-0.000130401,-0.000951984
17.7666,0.000237046,-0.000362089
17.7715,-0.000598573,-0.000853235
17.7763,0.000502881,-0.00118469
17.7812,0.000246172,-0.000669425
17.7861,0.000731904,-0.000843109
17.791,0.000542918,-0.000343019
17.7959,0.000896295,-0.000273848
17.8008,8.36093e-05,0.000285233
17.8057,0.000594963,-0.000655612
17.8106,0.000681077,0.000956417
17.8155,-0.000739091,0.000228618
17.8204,-0.000172259,-0.000117309
17.8253,-0.000459562,-0.00022208
17.8302,-0.00016744,-0.000408116
17.8351,-2.87089e-06,-0.000408596
17.84,6.75447e-06,0.00018415
17.8448,-0.0008476,-0.000206873
17.8497,-0.000320999,-0.000660118
17.8546,-0.000531281,-0.000556434
17.8595,-0.000193477,-0.00104091
17.8644,0.000122344,-0.00070494
17.8693,-4.17722e-05,-0.000583002
17.8742,-0.000196448,-0.000859767
17.8791,0.000387522,-0.00112558
17.884,0.000567929,-0.000517397
17.8889,0.00043247,-0.000635985
17.8938,0.000734935,-0.000132164
17.8987,-3.73912e-05,-1.88791e-05
17.9036,0.000149978,-0.00056713
17.9085,0.000483981,-0.000412979
17.9133,0.000552104,0.00013659
17.9182,-0.00015287,8.01276e-05
17.9231,0.000191914,0.000118128
17.928,-0.00113184,2.92216e-05
17.9329,8.16495e-05,-0.0015742
17.9378,0.000371265,-3.75607e-05
17.9427,0.000225087,-0.00111421
17.9476,0.00105281,0.000499985
17.9525,-0.000761143,-2.06946e-06
17.9574,0.000399846,-0.000610794
17.9623,0.000116023,0.000213792
17.9672,-0.000499922,-0.000117673
17.9721,9.13246e-05,-0.000934091
17.977,0.000540886,0.000432068
17.9818,-0.000855333,-0.000202048
17.9867,0.000238847,-0.000223937
17.9916,-0.00121583,1.46239e-05
17.9965,-0.000527661,-0.00153742
18.0014,7.93043e-05,-0.00119487
18.0063,0.000807836,-0.00121402
18.0112,0.000709653,-0.00018972
18.0161,0.000455505,-0.000458721
18.021,0.000420328,2.36609e-05
18.0259,0.000133527,-0.000544527
18.0308,0.000883016,2.37025e-05
18.0357,-0.000199017,0.000270628
18.0406,0.000455689,-0.000242073
18.0455,-0.000390879,0.000879164
18.0503,-0.00104717,-0.000863116
18.0552,0.000225814,-0.00080699
18.0601,0.00031775,-0.000663113
18.065,0.000446281,0.000316248
18.0699,-0.00086266,-0.00036352
18.0748,0.000342808,-0.000903118
18.0797,2.19502e-05,-0.000320724
18.0846,0.000365439,-0.000648404
18.0895,0.000273545,-0.000156801
18.0944,0.000142469,-0.000321798
18.0993,0.000255055,-0.000407389
18.1042,0.000506694,9.54362e-05
18.1091,-0.000501527,9.35587e-05
18.1139,4.26422e-05,-0.000770483
18.1188,0.000180632,-7.03337e-05
18.1237,-0.000284333,-0.000479101
18.1286,0.000206566,-0.000987813
18.1335,0.00123065,-0.00046548
18.1384,0.000451845,0.000892421
18.1433,-0.000455623,-8.5982e-05
18.1482,0.00025839,-3.51069e-07
18.1531,-0.000491527,-3.87662e-05
18.158,0.000301945,-0.000485304
18.1629,-0.000202255,0.000382868
18.1678,-0.000319491,-0.0006195
18.1727,7.45543e-05,4.16353e-05
18.1776,-0.000504127,-0.000572194
18.1824,0.000332742,-0.000454698
18.1873,-8.63924e-05,-0.000201111
18.1922,2.66735e-05,-0.000350983
18.1971,0.000186906,-0.000455276
18.202,0.000394329,0.000295202
18.2069,-0.000722755,0.000211918
18.2118,-0.000637026,-0.000624651
18.2167,-1.40503e-06,-0.00100775
18.2216,0.00038693,-4.06298e-05
18.2265,-0.000684766,-0.000500473
18.2314,0.000365729,-0.000909286
18.2363,0.000198563,-0.000358063
18.2412,0.000282692,-0.00019046
18.2461,-0.000392258,-0.000505242
18.2509,0.000753941,-0.00080893
18.2558,0.00031481,0.00031862
18.2607,-0.000175218,-5.14998e-05
18.2656,-0.000498929,-0.00045908
18.2705,0.000352682,-0.000968675
18.2754,0.000440812,-0.000206985
18.2803,0.000418134,-0.000263132
18.2852,0.000193156,0.000163266
18.2901,-0.000137881,-8.89173e-05
18.295,-0.000147193,-0.000462528
18.2999,0.000561637,-0.000371031
18.3048,3.69935e-05,0.00040056
18.3097,-0.000547211,-0.000233594
18.3146,-5.0042e-05,-0.000979634
18.3194,0.000987098,-0.00026885
18.3243,0.000121421,0.000339065
18.3292,0.000362094,0.000388139
18.3341,-0.00117087,0.000526803
18.339,-0.000119051,-0.00118485
18.3439,3.25426e-05,0.000496576
18.3488,-0.000746251,-0.000716326
18.3537,0.000100501,-0.000246269
18.3586,-0.000560466,-0.000494564
18.3635,-0.000263291,-0.000713854
18.3684,5.26642e-05,-0.00135726
18.3733,0.0012453,-0.000536642
18.3782,0.000538362,0.000321191
18.3831,0.000185598,0.000455519
18.3879,-0.000580504,0.000266942
18.3928,-0.000417466,-0.000350756
18.3977,-0.000378838,-0.000279035
18.4026,-0.000380842,-0.000691663
18.4075,0.000103931,-0.000670829
18.4124,4.34309e-05,-0.000505852
18.4173,0.000379317,-0.000560765
18.4222,0.000351977,9.24051e-05
18.4271,-0.00032921,1.84398e-05
18.432,-0.000170546,-0.000641321
18.4369,0.000442216,-0.000100407
18.4418,-0.000596698,8.23582e-05
18.4467,5.01807e-05,-0.000916054
18.4515,0.000342369,0.000313864
18.4564,-0.000750135,1.80859e-05
18.4613,-0.000571877,-0.000547247
18.4662,-0.00040121,-0.000755612
18.4711,-0.000154988,-0.000790533
18.476,-7.54327e-05,-0.000689097
18.4809,-0.000243346,-0.000952249
18.4858,0.000635692,-0.00118582
18.4907,0.000633269,-9.19477e-05
18.4956,-6.48024e-05,-0.00029471
18.5005,-2.64573e-05,-0.000753932
18.5054,0.000838918,-0.000785511
18.5103,0.000394774,0.000360239
18.5152,-9.98266e-05,-0.000547854
18.5201,0.000537616,-6.83748e-05
18.5249,-0.000151815,-7.90425e-06
18.5298,-0.000201037,-0.000330371
18.5347,0.000118234,-0.000678385
18.5396,0.00018,-9.16641e-05
18.5445,-8.70586e-05,-0.00067536
18.5494,0.000401571,-0.000231274
18.5543,-2.40137e-05,-0.000594167
18.5592,0.000769172,-0.000260629
18.5641,0.0002373,0.000228645
18.569,-0.000268569,0.000425203
18.5739,-0.000784878,-0.000748175
18.5788,0.000406728,-0.000409127
18.5837,-0.000673867,-0.000573569
18.5885,0.000703525,-0.000914359
18.5934,-0.000368245,-0.000245932
18.5983,0.000924341,-0.00159787
18.6032,0.00130099,0.000618045
18.6081,3.05852e-05,0.000295509
18.613,-1.64201e-05,0.000444035
18.6179,-0.000645316,-0.000177317
18.6228,-0.000189175,-0.000529322
18.6277,3.06288e-05,-0.000711704
18.6326,0.000522634,-0.000247587
18.6375,-0.000152576,1.53006e-05
18.6424,-2.38875e-05,-0.000564436
18.6473,0.000247033,-0.000231247
18.6522,7.66956e-06,-0.00028361
18.657,0.000280025,-0.000165355
18.6619,-0.000293748,0.000250575
18.6668,-0.000898176,-0.000652086
18.6717,0.000101282,-0.0014453
18.6766,0.000769258,-0.000569067
18.6815,0.000233493,-0.000472301
18.6864,0.000664678,-0.000525588
18.6913,0.000378814,-0.00027452
18.6962,0.000941568,-0.000476546
18.7011,0.000715878,0.000647592
18.706,1.47728e-06,2.5988e-05
18.7109,0.000695065,0.000441209
18.7158,-0.000613777,0.000846108
18.7207,-0.000527957,-0.000352307
18.7255,-0.000387792,9.18334e-05
18.7304,-0.000701199,-0.000939236
18.7353,0.000704994,-0.000694506
18.7402,7.45421e-05,0.000178672
18.7451,-0.000167077,-0.00020967
18.75,-0.00029692,-0.00050006
18.7549,0.000514967,-0.00071461
18.7598,0.000349152,0.000219947
18.7647,1.66535e-05,-6.82794e-05
18.7696,-0.000256458,0.000248712
18.7745,-0.000470194,-0.000740324
18.7794,0.000567285,-0.000179108
18.7843,-0.000598424,0.000155286
18.7892,-0.000188951,-0.000818242
18.794,1.91645e-05,-0.000255413
18.7989,-0.000210903,-0.000661056
18.8038,0.000260659,-0.000612235
18.8087,0.000176627,-0.000367118
18.8136,5.94105e-05,-0.000600499
18.8185,0.000755436,-0.000652712
18.8234,0.000597783,0.000288063
18.8283,0.00026854,-7.33778e-08
18.8332,0.000174495,0.000784951
18.8381,-0.00106882,9.72483e-06
18.843,-0.000133047,-0.000555455
18.8479,-0.000534629,-0.000237014
18.8528,-0.000230525,-0.000924282
18.8576,0.000176885,-0.000661822
18.8625,0.000253903,-0.000460744
18.8674,0.000155644,-0.000327088
18.8723,-4.8757e-05,-0.000107324
18.8772,-0.000532087,-0.000945076
18.8821,0.00107585,-0.0011048
18.887,0.000594263,0.000501834
18.8919,-0.000326557,-0.000135497
18.8968,-5.49545e-05,-0.000605611
18.9017,0.00036352,-0.000463253
18.9066,-7.01556e-05,-0.00048302
18.9115,0.000908574,-0.00089958
18.9164,0.000694757,0.000504645
18.9213,1.16723e-05,-0.000171812
18.9261,0.000335103,8.01637e-05
18.931,9.67121e-05,-0.000239962
18.9359,0.000495768,0.00023844
18.9408,-0.000292733,0.000196162
18.9457,8.77375e-05,-0.000159737
18.9506,-8.99126e-05,0.00030669
18.9555,-0.000704209,-3.95586e-05
18.9604,-0.000311835,-0.000863658
18.9653,0.000392471,-0.000214573
18.9702,-0.000578026,-0.00010398
18.9751,1.18279e-05,-0.00102519
18.98,0.000332241,-0.000149477
18.9849,-0.000170121,-0.00056836
18.9898,0.000372135,-0.000324897
18.9946,-0.00025671,-0.000488464
18.9995,0.000566468,-0.000684129
19.0044,8.10416e-05,-0.000280773
19.0093,0.000829291,-0.000620475
19.0142,0.000134597,0.000496039
19.0191,3.08872e-05,-0.000870388
19.024,0.000818673,0.000134072
19.0289,3.87144e-07,-0.000158809
19.0338,0.000597285,7.38498e-05
19.0387,-0.000109086,0.000170908
19.0436,0.000103944,-0.00010089
19.0485,-2.80729e-05,-0.000149285
19.0534,0.000244892,-0.000126575
19.0583,1.84839e-05,-8.58365e-05
19.0631,0.000301434,-0.000149573
19.068,0.000188971,0.000146383
19.0729,6.36264e-05,0.000167213
19.0778,-6.66964e-05,0.000192668
19.0827,-0.000341236,0.000338237
19.0876,-0.000894198,-0.000342002
19.0925,3.35131e-05,-0.00101639
19.0974,0.000626933,-0.000272987
19.1023,0.000294743,0.000387353
19.1072,-0.000575147,0.000269428
19.1121,-0.000361029,-0.000615064
19.117,0.000217458,-0.000272082
19.1219,1.15021e-05,-3.93994e-06
19.1268,-0.000350975,0.000130775
19.1316,-0.000588813,-0.000730126
19.1365,0.000645371,-0.000512047
19.1414,-0.000195837,0.00042155
19.1463,-0.000312365,-0.000326142
19.1512,-0.00062951,3.11486e-05
19.1561,-0.000558241,-0.00135265
19.161,0.000733768,-0.000503557
19.1659,-0.000172927,-0.000334777
19.1708,0.000525884,-0.000329639
19.1757,-0.00049109,0.000140201
19.1806,-0.000144708,-0.00109094
19.1855,0.000551541,-0.000334658
19.1904,9.70652e-06,-0.000216954
19.1952,0.00010567,-0.000510559
19.2001,0.000541628,-0.000296193
19.205,-0.000118128,0.000320251
19.2099,-0.000304318,-0.00095961
19.2148,0.00104739,-0.000151294
19.2197,-0.000333133,0.000349789
19.2246,0.000215788,-0.000340943
19.2295,-0.000491067,0.000344267
19.2344,-0.000445149,-0.000987326
19.2393,0.000273692,-0.000652955
19.2442,0.000772634,-0.000536234
19.2491,0.000150402,0.000778022
19.254,-0.000620313,-0.000643039
19.2589,0.000391299,-0.000125643
19.2637,-0.000393836,-0.000470644
19.2686,0.000530477,-0.000299637
19.2735,-0.000156504,-5.11753e-05
19.2784,4.10099e-05,2.54878e-05
19.2833,-0.000734878,-0.000493035
19.2882,0.00045806,-0.00058221
19.2931,-0.000656605,-6.72556e-05
19.298,1.55474e-05,-0.00121981
19.3029,0.000130575,-0.000543139
19.3078,0.000477261,-0.00102909
19.3127,0.000624448,-0.000272776
19.3176,0.000529459,-0.000462343
19.3225,0.000570814,-6.30145e-05
19.3274,0.000533325,3.4609e-05
19.3322,-0.000159674,0.000326116
19.3371,-8.84973e-06,-0.000691264
19.342,0.000505734,1.02008e-05
19.3469,-8.78787e-05,-0.000100247
19.3518,1.19821e-05,-0.000366252
19.3567,0.000379307,-0.000487308
19.3616,0.000238341,-3.42849e-05
19.3665,0.000393189,-0.000537588
19.3714,0.000573945,0.000400133
19.3763,-0.000304413,-0.000144663
19.3812,0.000395247,-0.000302044
19.3861,0.000298797,-0.000104709
19.391,0.000379113,0.000338913
19.3959,-0.000598873,6.31781e-05
19.4007,0.000107242,-0.000899097
19.4056,0.00079873,-0.000192789
19.4105,0.000376799,0.000232309
19.4154,0.000359926,0.000152195
19.4203,4.56385e-05,0.000523144
19.4252,-0.000170932,-1.22126e-05
19.4301,5.33006e-05,0.000357538
19.435,-0.000495403,1.12483e-06
19.4399,-1.89342e-05,-3.33382e-05
19.4448,-0.000435602,7.00694e-05
19.4497,-0.000503727,-0.000163221
19.4546,-0.000629543,-0.000900111
19.4595,0.000749705,-0.000961655
19.4644,0.000497395,0.000332539
19.4692,-0.000241888,-7.03687e-05
19.4741,0.000175436,-0.000321718
19.479,4.34463e-05,3.92174e-05
19.4839,-8.21886e-06,-0.000397628
19.4888,0.000395634,-0.000126508
19.4937,0.000493001,7.01917e-05
19.4986,-5.59482e-05,0.00109468
19.5035,-0.0012614,-0.000353842
19.5084,0.00037515,-0.000405768
19.5133,-0.000705944,-3.47023e-06
19.5182,0.000320039,-0.000740533
19.5231,-0.000126873,0.00034974
19.528,-0.000273692,-0.000433917
19.5329,-0.000184314,-0.000171683
19.5377,2.26787e-05,-0.000549651
19.5426,0.000137963,-2.2565e-06
19.5475,-0.000140884,-0.000131685
19.5524,-0.000208512,-5.80393e-05
19.5573,-0.000482137,-0.0003385
19.5622,-0.000151407,-0.00100041
19.5671,0.000945602,-0.000495092
19.572,0.000336918,0.000479865
19.5769,-7.63844e-05,0.000325566
19.5818,-0.000531377,0.000186832
19.5867,-0.000373921,-0.000160513
19.5916,-0.000556532,-0.000282868
19.5965,-0.000102428,-0.000292485
19.6013,-0.000847315,-0.000301073
19.6062,7.40063e-05,-0.00102254
19.6111,-0.000189175,-9.98609e-05
19.616,-0.000139159,-0.000788556
19.6209,-0.000280442,-0.00037121
19.6258,0.000201987,-0.00128173
19.6307,0.000747007,4.15096e-05
19.6356,-0.000361715,-0.000103197
19.6405,-0.000138106,-0.000800529
19.6454,0.000749101,-0.000516709
19.6503,-0.000162872,0.000309071
19.6552,5.56028e-06,-0.000841201
19.6601,0.000227147,5.16686e-05
19.665,1.07369e-05,-0.000589536
19.6698,7.79186e-05,0.000107751
19.6747,-0.000169491,-0.000851908
19.6796,0.000531036,-0.000151245
19.6845,0.000312037,-0.000358234
19.6894,9.97364e-05,0.00078633
19.6943,-0.000893505,-0.000797091
19.6992,0.000478212,5.3685e-05
19.7041,-0.00122917,-0.000905547
19.709,0.00147482,-0.00103416
19.7139,-0.000380488,0.000799043
19.7188,-0.000257112,-0.00102711
19.7237,8.72519e-05,-0.000442727
19.7286,0.0005287,-0.000826281
19.7335,0.000343303,0.000178646
19.7383,-3.69075e-05,-0.000570638
19.7432,0.000506782,-0.000254151
19.7481,0.000275904,-7.87891e-05
19.753,3.87523e-05,0.000109969
19.7579,-0.000270438,-0.000396846
19.7628,0.000425923,-0.000556742
19.7677,0.000314188,0.00035643
19.7726,-0.00075323,-0.000249212
19.7775,0.000336864,-0.00095601
19.7824,0.000238189,-5.71487e-05
19.7873,0.000264493,-0.000466658
19.7922,-0.000131692,0.000146301
19.7971,-3.93721e-05,-0.00135712
19.802,0.0014436,0.000111934
19.8068,-0.000462681,0.000265072
19.8117,0.000635595,-0.000566344
19.8166,4.97998e-05,0.000466305
19.8215,8.18511e-05,-0.000515724
19.8264,0.000441266,0.000387538
19.8313,-0.000590288,2.2873e-05
19.8362,0.000162538,-0.000724517
19.8411,0.000569843,0.000326498
19.846,-0.000791336,0.0004241
19.8509,-0.000805852,-0.00104887
19.8558,0.000617543,-0.0013704
19.8607,0.00125175,5.33993e-05
19.8656,-1.65085e-06,0.000483032
19.8705,-5.62825e-06,-6.476e-05
19.8753,-0.000297248,-0.000236689
19.8802,0.000605042,-0.000651934
19.8851,0.000505557,0.000566765
19.89,-0.00023731,0.000350154
19.8949,-0.000632832,3.55354e-05
19.8998,-5.32639e-05,-0.000731957
19.9047,0.000202162,0.000228428
19.9096,-0.000535745,-8.97826e-05
19.9145,-0.000555652,-0.000341664
19.9194,-0.000393786,-0.00121065
19.9243,0.000854184,-0.000930771
19.9292,0.000753073,0.000237107
19.9341,-0.000550517,0.000368745
19.9389,-0.000462938,-0.0012721
19.9438,0.00112908,-0.000798245
19.9487,0.000717037,0.000319733
19.9536,5.01397e-05,0.000235634
19.9585,0.000168073,-1.59083e-05
19.9634,-0.000225681,0.000422114
19.9683,-0.000725987,-0.000539735
19.9732,0.000185062,-0.000929313
19.9781,0.000771658,-0.000444489
19.983,0.000417811,0.00040377
19.9879,-8.66515e-05,1.95408e-05
19.9928,-0.000191277,0.000206194
19.9977,-0.000411617,-0.000685438
20.0026,0.000503659,-0.00021573
20.0074,-0.000222521,-0.000206151
20.0123,0.00040163,-0.000149942
20.0172,-0.0005694,7.62057e-06
20.0221,0.000114332,-0.000975191
20.027,0.000475186,-0.000168354
20.0319,0.00019567,-0.000122479
20.0368,-6.68983e-05,-5.91573e-05
20.0417,-2.05949e-06,-0.000546206
20.0466,0.000359526,-0.000298897
20.0515,0.000183776,-0.000314174
20.0564,0.000633071,-0.000245143
20.0613,0.000245741,0.000499345
20.0662,-0.00034417,-0.000245447
20.0711,0.000566238,-8.88973e-05
20.0759,-0.000504097,0.000467118
20.0808,-0.000242607,-0.000924126
20.0857,0.000527887,3.02916e-05
20.0906,-0.000386716,-0.000291305
20.0955,0.00062286,-0.000460755
20.1004,5.02626e-05,0.000407149
20.1053,-0.000289341,-0.000273749
20.1102,8.38974e-05,-0.000437885
20.1151,0.000485603,-2.75038e-05
20.12,-0.000431155,0.000357873
20.1249,-0.000256797,-0.000647586
20.1298,-0.000232642,-0.000116046
20.1347,-0.000121882,-0.00137205
20.1396,0.00132633,-8.44395e-05
20.1444,-0.000374165,0.000329707
20.1493,0.000130047,-0.000610735
20.1542,0.000178622,-0.000328624
20.1591,0.000686671,-0.000200902
20.164,-0.000303266,0.000433295
20.1689,-0.000168402,-0.0011438
20.1738,0.0011691,-0.000230436
20.1787,0.000163424,0.000484874
20.1836,-0.000230429,-0.000212909
20.1885,0.000385065,-0.000674063
20.1934,0.000857579,6.21938e-05
20.1983,0.000408328,0.000235085
20.2032,0.000521589,0.000698101
20.208,-0.00081216,0.000664938
20.2129,-0.000385657,-0.000725469
20.2178,0.000395517,-0.000283457
20.2227,0.000477907,8.70211e-05
20.2276,-9.13602e-05,0.000640599
20.2325,-0.000543353,-0.000263154
20.2374,0.000307505,-0.000295533
20.2423,0.000160222,0.000212521
20.2472,2.09322e-05,0.000199088
20.2521,-0.000139941,0.000546636
20.257,-0.001097,0.000186811
20.2619,-0.000375966,-0.000940623
20.2668,7.68866e-06,6.56478e-05
20.2717,-0.000776217,-0.000715246
20.2765,0.000579474,-0.000854642
20.2814,0.000262643,0.000205105
20.2863,-0.000276676,-3.35503e-05
20.2912,-0.000351879,-0.000390899
20.2961,4.01347e-05,-0.000591448
20.301,0.000172392,-0.000253527
20.3059,-8.41953e-05,-0.000118204
20.3108,-0.000356611,-0.000482424
20.3157,0.000239336,-0.000753913
20.3206,0.000102644,-0.000114706
20.3255,-0.000190314,-0.000877149
20.3304,0.00073939,-0.000584059
20.3353,6.47008e-05,-0.000426238
20.3402,0.00114504,-0.000896487
20.345,0.000937505,0.000748529
20.3499,-7.05032e-05,-1.81604e-05
20.3548,0.000667961,5.0716e-05
20.3597,0.000223929,0.000322298
20.3646,0.00034012,0.000411229
20.3695,-0.00043373,0.000550885
20.3744,-0.000351591,-0.000411861
20.3793,0.000394575,-9.45486e-05
20.3842,-5.7343e-05,0.000456409
20.3891,-0.000590087,-1.8077e-05
20.394,-0.000184279,-0.000544244
20.3989,0.000214371,-0.000270484
20.4038,8.46299e-05,-6.3836e-06
20.4087,-0.000219109,-9.37859e-05
20.4135,1.31448e-05,-0.000540156
20.4184,0.00042838,-0.00013971
20.4233,0.000165263,2.78236e-05
20.4282,0.000152769,0.000185229
20.4331,-0.000200955,9.96681e-05
20.438,-0.000129876,3.54964e-05
20.4429,-0.000373656,-0.000150587
20.4478,-0.000112345,-0.000305374
20.4527,-5.7491e-07,-0.000361795
20.4576,8.59933e-05,0.000259436
20.4625,-0.00100507,-0.000430217
20.4674,0.000363609,-0.00105954
20.4723,0.000120408,-0.000336402
20.4772,0.000799667,-0.000461618
20.482,-0.000170649,0.000587
20.4869,-0.00031426,-0.000880433
20.4918,0.000432187,-0.000542731
20.4967,0.000814108,-0.000444919
20.5016,0.000387595,0.000397135
20.5065,0.000501065,-0.000355701
20.5114,0.000662018,0.000959181
20.5163,-0.000594386,0.000564241
20.5212,-0.00079267,1.87129e-05
20.5261,-0.000221299,-0.00103811
20.531,0.000497359,-6.1326e-05
20.5359,-1.84136e-05,-0.000341007
20.5408,0.000246786,6.9018e-05
20.5457,-1.24257e-05,-0.00067654
20.5505,0.00111549,0.000297189
20.5554,-0.000538803,0.000604924
20.5603,5.26229e-05,-0.000426286
20.5652,7.34341e-05,0.000326572
20.5701,-0.000459359,-0.000259771
20.575,0.000494501,-0.000452455
20.5799,-4.31628e-05,0.000632204
20.5848,-0.000636043,-0.000723502
20.5897,0.000782662,-0.000621521
20.5946,0.000819825,0.00022085
20.5995,0.000101232,0.00110186
20.6044,-0.000951878,-0.000179187
20.6093,0.000551614,-0.000256218
20.6141,-0.000338324,0.000680266
20.619,-0.000775012,-0.000308212
20.6239,3.31797e-05,-0.000798331
20.6288,0.000354538,0.000132967
20.6337,-0.000474772,-0.00038226
20.6386,0.000595878,-0.000512466
20.6435,0.00021942,5.73821e-05
20.6484,0.000386962,-5.11677e-05
20.6533,0.000282167,3.25224e-05
20.6582,0.000598276,0.000594949
20.6631,-0.000681768,0.000468623
20.668,0.000481491,-0.000270405
20.6729,-0.000169808,0.00114502
20.6778,-0.00064745,-7.25714e-05
20.6826,-0.000206826,0.00044606
20.6875,-0.000753479,1.11301e-05
20.6924,-0.000451416,0.000123497
20.6973,-0.00103591,-0.000324092
20.7022,-0.000213089,-0.000892924
20.7071,0.000153119,-0.000283676
20.712,-0.000118692,-8.18178e-05
20.7169,-0.000144886,-8.04873e-05
20.7218,-0.000625019,1.95978e-05
20.7267,-0.00047869,-0.00116734
20.7316,0.00108781,-0.000291086
20.7365,-0.000472941,0.000868496
20.7414,-0.000808363,-0.000634505
20.7463,-2.15543e-05,-0.000533033
20.7511,-1.90887e-05,-0.00026751
20.756,-0.000388542,-0.000262445
20.7609,3.8656e-05,-0.000754445
20.7658,8.0292e-05,-2.59291e-05
20.7707,-0.00032907,-0.000504932
20.7756,-9.91233e-05,-0.000488593
20.7805,6.29569e-05,-0.0010282
20.7854,0.000849509,-0.000429189
20.7903,0.000446856,-0.000191102
20.7952,0.000753113,0.000166504
20.8001,7.06402e-05,0.000415754
20.805,0.000194936,0.00026898
20.8099,-0.000398658,0.000589172
20.8148,-0.000552917,-0.000262438
20.8196,-3.63522e-06,0.000182986
20.8245,-0.00128713,-4.63828e-05
20.8294,2.64857e-05,-0.00157744
20.8343,0.000565825,0.000377198
20.8392,-0.000806455,-0.000490271
20.8441,0.000258512,-0.000581986
20.849,-0.000124777,-0.000694053
20.8539,0.000870593,-0.000367141
20.8588,3.32698e-05,9.94217e-05
20.8637,0.000561116,1.11055e-05
20.8686,-0.00048766,0.00062734
20.8735,-0.000473865,-0.000528648
20.8784,-0.000168975,-0.000191446
20.8833,-0.000413735,-0.000576565
20.8881,9.71425e-05,-0.000869273
20.893,0.000441528,-0.000358766
20.8979,-4.15005e-05,-0.000516209
20.9028,0.00082225,-0.00064358
20.9077,0.000524869,0.000165535
20.9126,0.000500159,5.82282e-05
20.9175,-0.00013713,0.000403687
20.9224,0.000126758,-0.000679481
20.9273,0.000991795,0.000412702
20.9322,-0.000329529,0.000950167
20.9371,-0.000816929,-0.000181103
20.942,0.00019728,-0.000484553
20.9469,-0.000130698,0.000396142
20.9517,-0.000638611,-0.000471439
20.9566,6.40459e-05,-0.000709276
20.9615,0.00051786,-0.000566253
20.9664,0.000595482,0.000199126
20.9713,7.54807e-05,0.000159086
20.9762,-5.2417e-05,0.0002394
20.9811,-0.000251001,-0.000439695
20.986,0.000698126,-0.000124159
20.9909,3.82213e-05,0.000456002
20.9958,-7.73171e-05,0.000105065
21.0007,-0.000111478,-4.64974e-05
21.0056,0.00032922,0.00010489
21.0105,-0.000223725,0.000452394
21.0154,-5.93946e-05,4.42271e-05
21.0202,-0.000282295,0.000593761
21.0251,-0.00075891,1.30278e-05
21.03,-0.000407963,-8.15837e-05
21.0349,-0.000754087,-0.000121277
21.0398,-0.000557836,-0.000768901
21.0447,1.26707e-05,-0.000613186
21.0496,-1.62599e-05,-0.000525356
21.0545,0.000372251,-0.000389625
21.0594,0.000232525,0.000134879
21.0643,-0.00037182,0.000252277
21.0692,-0.000614293,-0.00072712
21.0741,0.00066267,-0.000576377
21.079,-1.88585e-05,0.00038552
21.0839,-0.000442803,-0.000341477
21.0887,8.37204e-05,-0.000815785
21.0936,0.000986512,-6.80671e-05
21.0985,-9.88193e-05,0.000696068
21.1034,-0.000209941,9.01844e-05
21.1083,-0.000640274,8.4846e-05
21.1132,-8.68018e-05,-0.000553137
21.1181,-0.000288811,9.67419e-07
21.123,1.76422e-05,-0.000588062
21.1279,-0.000181833,3.0456e-05
21.1328,0.000200839,-0.00074572
21.1377,0.000199873,0.000510559
21.1426,-0.000375579,-0.000449054
21.1475,0.000140757,0.000262865
21.1524,-0.000696414,-0.000415747
21.1572,0.000204721,-0.000387029
21.1621,-0.000251638,-0.00019676
21.167,-0.000238048,-0.000502714
21.1719,0.000299063,-0.00104835
21.1768,0.00107779,-9.33577e-06
21.1817,0.000296703,0.000372189
21.1866,0.000154717,0.000452669
21.1915,-0.000138632,0.000261542
21.1964,-0.00030381,0.000534352
21.2013,-0.000742885,-0.000256758
21.2062,-3.13515e-05,-0.000169579
21.2111,-0.000254712,-0.000205611
21.216,9.61818e-06,0.000237422
21.2209,-0.000916755,-0.000122012
21.2257,-9.7267e-05,-0.0007712
21.2306,0.000208518,-0.00019175
21.2355,-5.94132e-05,0.000186759
21.2404,-0.000445927,-1.28515e-06
21.2453,-0.000609266,-0.000183111
21.2502,-0.000218729,-0.000827242
21.2551,9.25605e-05,9.23664e-05
21.26,-0.000580411,-0.00056884
21.2649,0.000139072,-0.000126545
21.2698,-0.00074865,-0.000696951
21.2747,0.000804683,-0.000583103
21.2796,-0.000356206,0.000517377
21.2845,-0.000794213,-0.00037967
21.2894,-0.000633407,-0.00133138
21.2942,0.00112871,-0.000940247
21.2991,-1.69708e-05,0.000334727
21.304,3.14202e-05,-0.000655403
21.3089,3.92377e-05,-0.000206127
21.3138,0.000354966,-0.000643461
21.3187,0.000375052,0.000222647
21.3236,-0.000215749,3.23272e-06
21.3285,-0.00042345,-0.000325037
21.3334,0.000185027,-0.000885567
21.3383,0.000491237,-6.45476e-05
21.3432,2.00725e-05,-0.000125281
21.3481,1.67704e-05,-0.000105647
21.353,-0.000191738,-0.000409037
21.3578,0.000288601,-0.000701562
21.3627,0.000691183,-0.00014499
21.3676,0.000169891,-1.62849e-05
21.3725,0.000813402,-8.94006e-05
21.3774,6.12454e-05,0.00100783
21.3823,-0.000366952,-0.000218272
21.3872,0.000384983,0.00067946
21.3921,-0.00116087,0.000446202
21.397,-0.000449377,-0.00051732
21.4019,-0.000416634,-0.000145718
21.4068,-0.000353754,-0.000299765
21.4117,-0.000687073,-0.000349957
21.4166,-0.000369443,-0.000981322
21.4215,0.000132497,-0.0010024
21.4263,0.000891843,-0.000464344
21.4312,1.56897e-05,0.000417178
21.4361,-0.000157629,-0.000283916
21.441,-0.000546773,-3.58191e-05
21.4459,-8.84133e-05,-0.0014299
21.4508,0.00110881,0.000126479
21.4557,-0.000736289,0.000324061
21.4606,-0.000342599,-0.0010187
21.4655,0.000497949,-0.000683981
21.4704,0.000295908,-0.000235502
21.4753,0.000410786,-0.00018996
21.4802,-0.00039517,0.000138778
21.4851,1.88462e-05,-0.00126173
21.49,0.000743637,-8.36819e-05
21.4948,0.000293696,-0.000637671
21.4997,0.000711325,0.000542311
21.5046,-0.000638541,-0.000801293
21.5095,0.00174405,-0.000298579
21.5144,-0.00022916,0.00090691
21.5193,0.000322684,-0.000252265
21.5242,-0.000292785,0.000463689
21.5291,-0.000112902,-0.000613288
21.534,0.000281449,-0.000478962
21.5389,0.00127268,-0.000130934
21.5438,6.72052e-05,0.00139206
21.5487,-0.000743772,-0.000198415
21.5536,0.000259584,-0.000136105
21.5585,-7.80141e-05,0.000287521
21.5633,-0.000478176,-0.000178875
21.5682,0.000216911,-0.000515524
21.5731,0.000172963,-6.99847e-05
21.578,0.000516708,-0.000174095
21.5829,0.000182681,0.000500024
21.5878,0.000136068,0.000123896
21.5927,-0.000317623,0.000670025
21.5976,-0.000398568,-0.000496078
21.6025,0.000238141,0.000361091
21.6074,-0.000660699,-0.000337119
21.6123,0.000716298,-0.000237853
21.6172,-0.000163185,0.000578704
21.6221,-4.15192e-05,2.04601e-05
21.627,-0.000351898,0.000434844
21.6318,-0.000382432,-0.000294405
21.6367,0.000255129,0.000133015
21.6416,-0.000469791,0.000822929
21.6465,-0.00145691,-0.000279263
21.6514,4.71318e-05,-0.00114058
21.6563,0.000151751,0.000215086
21.6612,-0.00029837,-0.00017066
21.6661,-0.000463167,0.000252275
21.671,-0.00081942,-0.000813015
21.6759,0.000146185,-0.000400382
21.6808,-0.000704498,-0.000595569
21.6857,0.000378407,-0.00124451
21.6906,0.000894909,-0.000329538
21.6954,0.000450695,0.000486268
21.7003,-0.00041438,-9.00289e-05
21.7052,0.000578308,-0.000172001
21.7101,-0.000402532,0.000706145
21.715,-0.000687583,-0.000693746
21.7199,0.000400738,-0.000608616
21.7248,0.000399668,-2.32528e-05
21.7297,0.000239858,0.000189394
21.7346,-0.000154767,0.000357528
21.7395,-0.000306602,-0.000214806
21.7444,0.000170994,0.000118622
21.7493,-0.00056078,-6.17525e-05
21.7542,0.00044122,-0.000446504
21.7591,-4.83638e-06,0.000728264
21.7639,-0.00057932,-0.000131325
21.7688,1.97869e-05,-0.000136696
21.7737,0.000153715,0.000219133
21.7786,-0.000502451,0.000855604
21.7835,-0.00122037,-0.000211265
21.7884,-0.000372427,-0.000422127
21.7933,-0.000610749,-0.000405599
21.7982,5.97831e-05,-0.000507968
21.8031,-0.000204457,0.000209468
21.808,-0.000688766,6.61643e-05
21.8129,-0.00110129,-0.000504849
21.8178,-0.000234958,-0.0010647
21.8227,-0.000273194,-0.000333167
21.8276,-0.000440633,-0.000934652
21.8324,1.15321e-05,-0.000994561
21.8373,0.000793617,-0.000869524
21.8422,0.000436275,0.000428903
21.8471,-0.000151826,-0.000189545
21.852,-0.000185165,0.000423069
21.8569,-0.000959305,-0.000601666
21.8618,-8.44301e-05,-0.000564777
21.8667,-0.000407186,-0.000828258
21.8716,0.000149912,-0.00057542
21.8765,-0.000142746,-0.00111218
21.8814,0.00108744,-0.000364992
21.8863,-0.000236111,-2.88886e-05
21.8912,0.00045527,-0.000360927
21.8961,-0.000404295,-0.000133975
21.9009,0.000286628,-0.000707546
21.9058,-8.49735e-05,-0.000584636
21.9107,0.00125998,-0.000674476
21.9156,0.000184631,0.000767931
21.9205,0.00019552,-0.000302498
21.9254,-0.000153977,0.000470148
21.9303,2.6724e-05,-0.000591245
21.9352,-7.20256e-05,0.000528944
21.9401,-0.000550136,-0.00111138
21.945,0.00133837,-0.000333548
21.9499,0.000403898,0.000965459
21.9548,-0.000727768,0.000836632
21.9597,-0.0010398,-0.000454242
21.9646,-0.000109351,-0.000523356
21.9694,-0.000232448,-0.000298985
21.9743,-0.000267504,-0.000313806
21.9792,-0.000233156,-0.000656454
21.9841,0.00013712,-0.000443048
21.989,7.40018e-06,-0.00041125
21.9939,2.25263e-06,-0.000285162
21.9988,3.63463e-05,-0.000660874
22.0037,0.000392147,-4.89147e-05
22.0086,-0.000450589,-0.000451734
22.0135,0.000722069,-0.000772225
22.0184,0.000293546,0.000455011
22.0233,-0.000508548,-0.000319186
22.0282,0.000234114,-0.000823405
22.0331,0.000616977,-0.000227635
22.0379,0.000380281,-4.73455e-05
22.0428,0.000330187,0.000387744
22.0477,-0.000631569,7.13109e-05
22.0526,9.83405e-05,-0.000665085
22.0575,-5.45808e-05,5.74886e-06
22.0624,-0.000133276,-0.000997298
22.0673,0.00122781,-0.000526729
22.0722,0.000532892,0.000782258
22.0771,-0.000384145,-0.000148105
22.082,0.000900855,-0.000210175
22.0869,-8.77494e-05,0.000977121
22.0918,-0.000383145,-0.000456981
22.0967,0.000479054,0.000262226
22.1015,-0.00050715,0.000180592
22.1064,-6.02503e-05,-0.000460309
22.1113,0.000398722,-0.000358664
22.1162,0.000783868,0.000212847
22.1211,0.000366217,0.000873226
22.126,-0.000402945,0.000987635
22.1309,-0.000818179,0.000312225
22.1358,-0.000487373,0.000171691
22.1407,-0.000839273,0.000266475
22.1456,-0.00115976,-0.000457696
22.1505,-0.00015079,-0.00103928
22.1554,-2.15471e-06,-7.09535e-06
22.1603,-0.00038272,-0.00075109
22.1652,0.000665516,-7.2504e-05
22.17,-0.000457657,0.000411119
22.1749,-0.000417902,-0.00013631
22.1798,-0.000599592,-0.000222334
22.1847,-0.000296519,-0.000427798
22.1896,-0.000485937,-0.000365845
22.1945,-0.000307738,-0.000743591
22.1994,0.000193278,-0.000842734
22.2043,0.000637832,4.0427e-05
22.2092,-0.000438356,0.000354776
22.2141,-0.000601338,-0.000199651
22.219,-0.000767761,-0.00078321
22.2239,0.000255411,-0.000994527
22.2288,2.56108e-05,-0.000425779
22.2337,0.000476522,-0.000685232
22.2385,0.000230884,0.000203025
22.2434,-0.000250147,-0.000435357
22.2483,0.000497606,-0.000348725
22.2532,-3.31283e-05,0.000579506
22.2581,-0.00106065,-0.000463055
22.263,0.000171498,-0.00105625
22.2679,0.000228919,-0.000543573
22.2728,0.000675455,-0.000227261
22.2777,-0.000344447,3.77159e-05
22.2826,0.000541604,-0.000758442
22.2875,6.36326e-05,0.000471061
22.2924,-5.93231e-05,-0.000748592
22.2973,0.000529683,0.00011045
22.3022,5.66165e-05,-9.03906e-05
22.307,5.28125e-05,0.000140172
22.3119,0.000235938,-0.000254938
22.3168,1.52969e-05,0.000840447
22.3217,-0.000996562,-0.000379339
22.3266,0.000229989,-0.000545209
22.3315,0.00027575,-3.78395e-05
22.3364,-0.000198412,0.000829658
22.3413,-0.00159473,-0.000451794
22.3462,0.000147097,-0.00154721
22.3511,0.000819273,-9.78454e-05
22.356,-0.000378459,0.000355082
22.3609,-0.000319191,-0.000880619
22.3658,0.000563944,-0.000109756
22.3707,-0.000263674,6.1623e-05
22.3755,-0.000370342,-0.000228509
22.3804,-3.79955e-05,-0.000977822
22.3853,0.000697206,0.000156878
22.3902,-0.000532225,-0.000306857
22.3951,0.000866999,-0.000192898
22.4,-0.000534892,0.000657776
22.4049,-0.000268092,-0.000415255
22.4098,-0.000444059,9.39484e-05
22.4147,-0.000603771,-0.000596961
22.4196,-0.000202191,-0.000930476
22.4245,0.000636607,-0.000531859
22.4294,-0.000131672,0.000145344
22.4343,-0.000147049,-0.000514084
22.4391,-6.62163e-05,-0.000380961
22.444,0.000117512,-0.000528789
22.4489,0.00018008,-0.000499651
22.4538,0.000714427,-4.31836e-05
22.4587,-0.000431428,0.000472826
22.4636,-0.000390585,-0.000604624
22.4685,-6.20321e-05,-0.000607091
22.4734,0.000676007,-0.000387982
22.4783,-0.000339898,0.000471882
22.4832,-0.00031472,-0.000835505
22.4881,6.51571e-05,-0.000276517
22.493,0.000126565,-0.000760518
22.4979,0.000226109,-0.00010797
22.5028,0.000159184,-0.000846158
22.5076,0.000887181,4.83173e-06
22.5125,0.000151478,0.00016423
22.5174,5.00628e-05,0.000232136
22.5223,-0.000245913,-0.000226853
22.5272,0.000117029,-0.000141349
22.5321,-8.51685e-06,-0.000277883
22.537,0.000233865,1.08449e-06
22.5419,-0.000128768,-9.7157e-05
22.5468,7.66541e-05,-0.000135829
22.5517,0.000123652,-0.000202611
22.5566,0.0003756,0.000407764
22.5615,-0.000750627,0.000658492
22.5664,-0.00105612,-0.000522702
22.5713,-0.000173761,-0.000765296
22.5761,-0.000351029,-0.00045124
22.581,2.5056e-06,-0.0008913
22.5859,-1.17456e-05,-0.000443757
22.5908,0.000398686,-0.000984487
22.5957,0.00047785,0.000312309
22.6006,-0.000520758,-0.000650368
22.6055,0.000583325,-0.000554023
22.6104,0.000106348,-0.00041902
22.6153,0.000624522,-0.000293413
22.6202,0.000238928,-0.000167466
22.6251,0.000486619,0.000144194
22.63,-0.000350332,-0.000158353
22.6349,0.000608709,-0.000477399
22.6398,0.00030279,0.000173213
22.6446,0.000410886,0.000299183
22.6495,-0.000620416,0.000477186
22.6544,-0.000389299,-0.000582959
22.6593,-8.63181e-05,-0.000565251
22.6642,0.000712458,-0.000534188
22.6691,0.000158025,0.000481679
22.674,-7.16444e-05,-0.000336452
22.6789,0.000184487,0.000124728
22.6838,4.99216e-05,-0.000144237
22.6887,-6.57786e-05,0.000491117
22.6936,-0.000838896,-0.000449868
22.6985,0.000360221,-0.000699513
22.7034,0.000212524,0.000138411
22.7083,-0.000396116,9.09112e-06
22.7131,-0.000277092,-0.000752537
22.718,0.000500472,-0.000475382
22.7229,0.000354224,-8.76407e-05
22.7278,0.000309305,0.000428167
22.7327,-0.000884847,0.00031787
22.7376,-0.000648353,-0.000973147
22.7425,0.000258142,-0.000970054
22.7474,0.000595436,-0.000415869
22.7523,0.000141972,-0.00013189
22.7572,0.000253942,-0.000645196
22.7621,0.000930425,-0.000202845
22.767,0.000300456,0.000608078
22.7719,-0.00030063,-0.000206952
22.7767,0.000552785,-0.000296526
22.7816,0.000497638,0.000334788
22.7865,-8.89317e-05,0.000838703
22.7914,-0.00105577,-0.000227393
22.7963,0.000376035,-0.000700091
22.8012,-1.85749e-05,0.000161848
22.8061,0.00012303,-0.000240244
22.811,-0.000113722,0.000112917
22.8159,-3.57553e-05,4.90414e-06
22.8208,-0.000946277,-0.000272797
22.8257,0.0006298,-0.0014383
22.8306,0.000535579,0.00058377
22.8355,-0.000118718,-0.000695877
22.8404,0.000736694,0.000176578
22.8452,5.85188e-05,-0.000140683
22.8501,0.000587317,0.000416548
22.855,-0.000328414,0.000334303
22.8599,-0.000179492,2.72813e-05
22.8648,5.96459e-05,-0.000386677
22.8697,0.000495921,0.00069218
22.8746,-0.00106598,0.000397405
22.8795,-0.000401802,-0.000605912
22.8844,-0.00018358,-0.000474069
22.8893,0.000349735,-0.000497979
22.8942,0.000338294,0.000152599
22.8991,-0.000145551,0.000200543
22.904,-0.000126199,-0.00023275
22.9089,0.000300847,0.000154539
22.9137,-0.000469355,0.000508477
22.9186,-0.000719698,-0.000425887
22.9235,0.000158923,-0.000413759
22.9284,-0.000286904,6.97885e-05
22.9333,-5.98083e-05,-0.000439377
22.9382,-0.000217933,0.000189892
22.9431,-0.000477557,-0.000646854
22.948,0.000167834,-0.000478806
22.9529,0.000526075,-0.000402412
22.9578,0.000190935,0.00100576
22.9627,-0.00136052,-0.00032161
22.9676,0.000392131,-0.000859189
22.9725,3.82489e-05,0.000355977
22.9774,-0.000679712,3.58287e-05
22.9822,-0.000676874,-0.000792301
22.9871,0.000188144,-0.000688574
22.992,-0.000177309,-0.000339377
22.9969,-1.51386e-05,-0.000755657
23.0018,0.000400278,-0.000498208
23.0067,1.04403e-05,-0.00016443
23.0116,0.000267038,-0.000954439
23.0165,0.00114485,0.00018001
23.0214,-0.000164399,0.000607104
23.0263,-0.000307514,6.55472e-05
23.0312,-0.000443857,-0.000286555
23.0361,-0.000170174,-0.000351146
23.041,-0.000193112,-0.000903375
23.0459,0.00101888,-0.000310608
23.0507,-0.000273335,0.000485731
23.0556,-0.000171688,-0.000695602
23.0605,0.000380024,-0.000336566
23.0654,0.000331271,-0.000126412
23.0703,0.000236502,-0.00018337
23.0752,0.000745217,0.000134286
23.0801,-1.68134e-05,0.000845707
23.085,-0.000420836,0.000360992
23.0899,-0.000878101,0.000284288
23.0948,-0.000753197,-0.000878264
23.0997,0.000306692,-0.000449574
23.1046,-0.000410333,-5.37681e-05
23.1095,-9.33485e-05,-0.000847749
23.1143,0.000427998,-0.000143011
23.1192,-0.00011364,-0.000107133
23.1241,8.93631e-05,-7.50559e-05
23.129,-0.000310149,-6.86032e-05
23.1339,-0.000167228,-0.000185875
23.1388,-0.000560799,-0.00045352
23.1437,0.00039841,-0.000747217
23.1486,-0.000163804,0.000401988
23.1535,-0.00070211,-0.000979087
23.1584,0.000640368,-0.000605123
23.1633,-0.000235038,-0.000144434
23.1682,0.000280112,-0.000804282
23.1731,0.000241878,7.12569e-05
23.178,-0.000318335,-0.000615485
23.1828,0.000567828,-0.000662223
23.1877,0.000276705,7.13707e-06
23.1926,-3.99259e-05,-0.000510088
23.1975,0.000675313,-0.000470823
23.2024,0.000305252,0.000110033
23.2073,0.000430763,-0.000327821
23.2122,0.000428202,0.00059354
23.2171,-0.00057745,-5.48206e-05
23.222,0.000230655,-0.000397435
23.2269,-1.08705e-06,-9.14351e-05
23.2318,0.000212834,-0.000226434
23.2367,-3.02199e-05,-7.23954e-05
23.2416,0.000192995,-0.000278702
23.2465,-6.46019e-05,-8.41804e-05
23.2513,0.000334778,-0.000594026
23.2562,0.00047212,0.000302381
23.2611,-0.000184948,-0.000198028
23.266,0.000528437,-0.000143554
23.2709,0.000187028,0.000247193
23.2758,6.98e-06,0.000349287
23.2807,-0.000469731,-0.000166404
23.2856,0.000358539,-0.000214448
23.2905,-0.000235456,0.000161133
23.2954,0.000154097,-0.000185338
23.3003,-0.000396422,0.000150759
23.3052,2.7013e-05,-0.000592915
23.3101,2.26283e-05,-0.000120588
23.315,0.000636852,-0.000461193
23.3198,0.000294718,0.000937237
23.3247,-0.000567201,0.000198799
23.3296,-0.000695854,0.000141527
23.3345,-0.000469833,-0.000951462
23.3394,0.000317545,-0.000243839
23.3443,-5.50238e-05,-0.000264556
23.3492,-0.000143385,-0.000113632
23.3541,0.000148053,-0.000686202
23.359,0.000154694,0.000260266
23.3639,-0.000120232,-0.000853424
23.3688,0.000977533,0.000299101
23.3737,-0.000382144,0.000385408
23.3786,-0.00018369,0.000115713
23.3835,-0.00040938,-0.000310359
23.3883,-9.28339e-05,0.000151852
23.3932,-0.000896613,-0.000808441
23.3981,0.000913719,-0.000786963
23.403,3.52339e-05,0.00054276
23.4079,-0.000492747,-0.000327073
23.4128,8.78177e-05,-0.000545806
23.4177,-2.41773e-05,-0.000103842
23.4226,4.55335e-05,-0.000739381
23.4275,0.000566386,0.000130019
23.4324,-0.00033965,-0.000136224
23.4373,0.000203486,-0.000247283
23.4422,-5.78653e-05,-0.000194157
23.4471,-2.76526e-05,-0.000106629
23.452,-1.24017e-05,-0.000643173
23.4568,0.000449911,0.000111204
23.4617,-0.000246354,-0.000340793
23.4666,0.000295515,9.83991e-05
23.4715,-0.000577379,-0.000577506
23.4764,0.000645618,-0.000497448
23.4813,0.000160671,-0.000483858
23.4862,0.0011373,0.000406596
23.4911,-0.00101703,0.000312255
23.496,0.000759374,-0.000989503
23.5009,0.00028577,0.00069981
23.5058,6.86028e-05,-0.000152097
23.5107,8.00467e-05,0.0004583
23.5156,-0.00036592,0.000143679
23.5204,-0.000387522,-0.000196393
23.5253,-7.80765e-05,-0.000140156
23.5302,-0.000495296,-0.000461885
23.5351,0.000509325,-0.000605756
23.54,0.000119422,0.000121606
23.5449,8.9911e-05,-5.6813e-05
23.5498,-0.000232634,-0.000164075
23.5547,0.00032899,-0.000130958
23.5596,-0.000464735,3.85657e-05
23.5645,0.000240393,-0.000544274
23.5694,-0.000142035,0.000130357
23.5743,-2.53215e-05,-0.000481757
23.5792,-0.000100975,-0.000287943
23.5841,0.000561657,-0.000656048
23.5889,0.000347742,0.000427386
23.5938,-5.65514e-05,-0.000257708
23.5987,0.000308095,0.000231699
23.6036,-0.000406984,-7.09596e-05
23.6085,0.000305044,-0.000393204
23.6134,5.58487e-06,0.000185938
23.6183,0.000318335,-0.000489948
23.6232,0.000505253,0.00110803
23.6281,-0.00152031,8.84366e-05
23.633,4.50806e-05,-0.000905059
23.6379,-0.000189074,-0.000287719
23.6428,0.000385726,-0.000548731
23.6477,8.70391e-05,-0.000125955
23.6526,0.0006312,-0.000195048
23.6574,2.93816e-05,0.000551928
23.6623,-0.000211001,0.00011774
23.6672,-0.000486219,-0.000111139
23.6721,0.000112537,-0.000351726
23.677,-0.000141736,-4.41286e-05
23.6819,6.76252e-05,8.46637e-05
23.6868,-0.000923149,-0.000319409
23.6917,0.0006599,-0.00088306
23.6966,-0.000395182,0.000348105
23.7015,0.000377686,-0.00135154
23.7064,0.000977123,0.000711098
23.7113,-0.000404524,0.000203307
23.7162,1.21644e-05,-4.3885e-05
23.7211,0.000193669,0.00011399
23.7259,-0.000500668,0.00069485
23.7308,-0.000935546,-0.000496142
23.7357,-0.000118766,-0.000605173
23.7406,3.57882e-05,-0.000301839
23.7455,-0.000348985,-0.000196081
23.7504,-7.62029e-05,-0.000613097
23.7553,-0.000175656,-0.000482297
23.7602,0.000625618,-0.000708604
23.7651,-8.0473e-05,0.000469665
23.77,-0.000140098,-0.00102378
23.7749,0.000629469,0.000302763
23.7798,-0.000681792,-0.000420925
23.7847,0.000484895,-0.000672307
23.7896,0.000270312,-0.000424097
23.7944,0.000988343,-6.18487e-05
23.7993,4.83242e-05,0.000728931
23.8042,-0.000204614,-1.58976e-05
23.8091,-8.69186e-05,0.000255583
23.814,-0.000613057,7.10912e-07
23.8189,-0.00048865,-0.0005314
23.8238,-5.38564e-05,-0.000758331
23.8287,0.000203676,-0.000425913
23.8336,0.000192695,-0.000642425
23.8385,0.000741192,7.93147e-05
23.8434,-0.000577604,8.6204e-05
23.8483,0.000347695,-0.00081747
23.8532,2.78673e-05,0.000124559
23.858,0.000160363,-0.000880372
23.8629,0.000638823,2.83803e-05
23.8678,0.000167561,-0.000298452
23.8727,0.000517339,-8.30272e-07
23.8776,0.000305959,-0.00013434
23.8825,0.000579508,0.000304715
23.8874,3.98816e-06,0.000343587
23.8923,2.59997e-05,0.000326687
23.8972,-0.00051043,0.000111513
23.9021,-2.43901e-05,-0.000553209
23.907,0.000469576,0.000141588
23.9119,-0.000326651,0.000340735
23.9168,-0.000264647,-0.000260353
23.9217,-6.4131e-05,-0.00016362
23.9265,-0.000116426,-0.000149009
23.9314,-0.000122689,-0.000482552
23.9363,0.000633067,-8.89706e-05
23.9412,-0.000473792,0.00043578
23.9461,-3.90959e-05,-0.000663201
23.951,-8.6296e-05,0.000334137
23.9559,-0.000459568,-0.000842137
23.9608,0.000612966,-0.000134866
23.9657,-0.000508383,-1.42527e-05
23.9706,-1.65939e-05,-0.000858556
23.9755,0.000447393,-0.000402421
23.9804,0.000264748,-0.000335379
23.9853,0.000631223,-3.7866e-05
23.9902,-0.000414178,0.000240476
23.995,0.000128909,-0.00117254
23.9999,0.00097641,-0.000124984
24.0048,0.00068811,-3.30145e-05
24.0097,0.000447329,0.000814534
24.0146,-0.000326251,-7.40071e-05
24.0195,0.000336161,0.000218868
24.0244,-0.000285712,-0.000278835
24.0293,0.000833916,4.13294e-06
24.0342,-0.000125171,0.000478029
24.0391,0.000264415,9.8903e-05
24.044,-0.000253661,0.000484834
24.0489,-0.000156891,4.75527e-05
24.0538,-0.000543418,0.000204521
24.0587,-0.000379133,-0.000629615
24.0635,0.000175293,-0.000405849
24.0684,0.000291183,-0.000332742
24.0733,0.0004456,0.000134788
24.0782,-8.58366e-05,0.000184255
24.0831,0.000181343,-1.0481e-05
24.088,-0.000284327,0.000377798
24.0929,-0.000149399,-0.000478695
24.0978,8.30011e-05,0.000481289
24.1027,-0.000928222,-0.00059523
24.1076,0.000654322,-0.000583455
24.1125,-0.000230886,-4.21839e-05
24.1174,0.000583684,-0.000484633
24.1223,-0.000143814,0.0004324
24.1272,-0.000225411,-0.000735129
24.132,0.000406481,-0.000592283
24.1369,0.00100786,-0.000496697
24.1418,0.00101424,0.000654233
24.1467,0.000189196,0.000869141
24.1516,-0.000543573,0.0006005
24.1565,-0.000485813,-0.00041503
24.1614,0.000430494,-0.000520124
24.1663,0.000763323,0.00043932
24.1712,-0.000329785,0.000530538
24.1761,0.000167575,3.28793e-05
24.181,-0.00059047,0.000290145
24.1859,0.000543218,-0.000955511
24.1908,0.00084654,0.00115902
24.1957,-0.000572267,0.000501053
24.2005,-0.000334351,0.000333333
24.2054,-0.000153282,-0.000371271
24.2103,0.000338423,0.000707273
24.2152,-0.000660658,0.000138482
24.2201,0.000101168,0.000409658
24.225,-0.000937394,0.000318317
24.2299,-0.000554946,-0.000283368
24.2348,-0.000294963,-0.000785977
24.2397,0.000909214,0.000100567
24.2446,-0.00054942,0.000823817
24.2495,-0.000445387,-0.00011572
24.2544,-0.000472794,0.000156356
24.2593,-0.000581816,-0.000255763
24.2641,-0.000209773,-0.000386203
24.269,-0.000311825,-4.45805e-05
24.2739,-0.000166898,-0.000818759
24.2788,0.000652971,0.00050086
24.2837,-0.00132387,7.61912e-05
24.2886,0.000325414,-0.000935588
24.2935,-0.000283219,0.00032091
24.2984,-0.000120012,-0.000722833
24.3033,9.5055e-05,-1.2031e-05
24.3082,8.98569e-05,-0.000407452
24.3131,0.000312619,0.000200694
24.318,-0.000130224,0.000337237
24.3229,-0.000638426,5.20854e-05
24.3278,2.25471e-05,-0.000483833
24.3326,-7.17793e-05,0.000455791
24.3375,-0.000744426,2.77371e-05
24.3424,-0.00092114,-0.000412186
24.3473,-0.000257048,-0.00134927
24.3522,0.000692715,-0.000617417
24.3571,0.000548974,-2.07078e-05
24.362,-0.000128814,0.000361968
24.3669,-0.000103242,-0.000541869
24.3718,0.000299863,0.000288504
24.3767,-0.000398176,-0.00033088
24.3816,0.000504901,0.000158058
24.3865,-0.000788999,0.000114366
24.3914,0.00028883,-0.000552578
24.3963,-0.000289524,0.0003329
24.4011,-3.47965e-05,-0.000493734
24.406,-0.000246818,0.000361232
24.4109,-0.000427522,-0.000823576
24.4158,0.000486806,6.9525e-05
24.4207,-0.000672178,-0.000123455
24.4256,0.000252031,-0.00067503
24.4305,0.000122418,0.000169404
24.4354,-0.000322222,-0.000283593
24.4403,0.000259098,-0.000384755
24.4452,1.74119e-05,0.000170966
24.4501,-0.000201342,-0.000286675
24.455,2.19983e-05,-9.57418e-05
24.4599,-0.000199717,-0.000354901
24.4648,0.000173286,-0.000408836
24.4696,0.000454277,-0.000292062
24.4745,0.000297758,0.000427093
24.4794,-0.000157649,-0.000158158
24.4843,0.000442914,0.000434487
24.4892,-0.000801864,0.000309196
24.4941,-6.6532e-05,-0.00044425
24.499,-0.00014844,6.13978e-05
24.5039,-0.000125611,-0.000159231
24.5088,-0.000277921,-0.000141301
24.5137,7.0982e-05,-0.000474043
24.5186,0.000435934,-1.4516e-06
24.5235,-7.96658e-06,0.000536988
24.5284,-0.000397121,-5.54582e-05
24.5333,0.00011854,0.000482896
24.5381,-0.0013222,0.00019556
24.543,-0.000120676,-0.000904974
24.5479,-0.000331868,0.000191334
24.5528,-0.000363189,-0.000719578
24.5577,-0.000123247,-4.75762e-05
24.5626,-0.00027056,-0.000850643
24.5675,0.000606864,0.000160768
24.5724,-0.000985112,4.78481e-05
24.5773,0.000123214,-0.00104344
24.5822,0.00025916,9.36074e-05
24.5871,-7.03481e-05,-7.40006e-05
24.592,-0.000623638,0.000120312
24.5969,-0.000265525,-0.00120221
24.6017,0.000661612,8.20103e-05
24.6066,-0.000519365,-0.000242906
24.6115,0.000376237,-0.000214446
24.6164,-0.000537555,8.06061e-05
24.6213,-0.000315524,-0.000652275
24.6262,0.00014653,-0.000815831
24.6311,0.000618873,5.62129e-05
24.636,-0.000462002,-0.000109499
24.6409,0.000307165,-0.000415496
24.6458,-7.71311e-05,-0.000152501
24.6507,0.000305339,1.55943e-05
24.6556,-0.000614485,-0.00019444
24.6605,0.00051681,-0.000446312
24.6654,-0.000501152,8.40044e-05
24.6702,0.000508982,-0.000672276
24.6751,-0.000281404,0.000434314
24.68,0.000248655,-0.00071604
24.6849,-0.000117844,0.000828022
24.6898,-0.000824641,-0.000697535
24.6947,-5.62431e-05,-0.000351664
24.6996,-0.00011432,-0.000857596
24.7045,0.000341648,-0.00017379
24.7094,-0.000116169,-0.000640095
24.7143,0.000648723,-0.000347117
24.7192,0.000357481,-4.07787e-05
24.7241,0.000390441,0.00043567
24.729,-0.00069315,0.000411713
24.7339,-0.000458803,-0.000669299
24.7387,1.60195e-05,-7.83415e-05
24.7436,-0.000850399,-0.00079555
24.7485,0.00102176,-0.00112565
24.7534,1.62287e-05,0.000658243
24.7583,-0.000351166,-0.00114718
24.7632,0.000855973,-0.0004608
24.7681,0.00072034,-0.000196001
24.773,0.000365488,0.000722031
24.7779,-0.000330508,-0.000281377
24.7828,0.00042721,0.000274723
24.7877,-0.000660928,-0.000107769
24.7926,0.000330263,-0.000452776
24.7975,-0.000152681,1.93041e-05
24.8024,5.22562e-05,-0.000504801
24.8072,0.000400205,-0.00030592
24.8121,0.000417191,0.000373916
24.817,-0.000695681,2.78982e-05
24.8219,0.000339618,-0.000700096
24.8268,-0.000196071,0.000333894
24.8317,-0.000121019,-0.00133039
24.8366,0.00153635,0.000118319
24.8415,-0.000264733,0.000748429
24.8464,4.90795e-05,-9.45731e-05
24.8513,-0.00026856,0.000309132
24.8562,-0.000386495,-0.000183023
24.8611,-0.000503355,-0.000517177
24.866,0.000364966,-0.000869043
24.8708,0.000215495,-0.000125737
24.8757,0.000337999,-0.000663545
24.8806,0.000538866,-5.67654e-05
24.8855,0.000464852,-0.000430329
24.8904,0.00103174,0.000293645
24.8953,7.92942e-05,0.000807648
24.9002,-0.000421559,-1.07638e-05
24.9051,0.000298515,-0.000391875
24.91,0.000478173,-2.11498e-05
24.9149,0.000809818,0.000335095
24.9198,1.13063e-05,0.000925474
24.9247,4.44299e-05,0.000373259
24.9296,-0.000546475,0.00092555
24.9345,-0.000541068,-0.000353045
24.9394,-3.88241e-05,0.000529175
24.9442,-0.000775209,-0.000115001
24.9491,-0.000250613,1.47133e-05
24.954,-0.000564651,-0.000474414
24.9589,0.000149704,-0.00020121
24.9638,-0.000166822,-0.000241367
24.9687,9.28858e-05,0.000309613
24.9736,-0.000962894,-0.000325473
24.9785,0.000316279,-0.00072187
24.9834,-0.00016497,-0.000172278
24.9883,0.000592921,-0.00061161
24.9932,0.000340069,0.000629661
24.9981,-0.000379553,-6.133e-05
25.003,0.000320354,2.82745e-05
25.0078,-0.000447677,0.000586127
25.0127,-0.000633308,-0.000601846
25.0176,0.000432545,-0.000136581
25.0225,-0.000413167,0.000295263
25.0274,-0.000403141,-0.000247799
25.0323,-0.000313153,-0.000431665
25.0372,0.000103374,-0.000274837
25.0421,-0.000292821,-0.000235505
25.047,0.000128139,-0.000321938
25.0519,-0.000309997,-0.000239803
25.0568,0.000314099,-0.000441162
25.0617,-0.000335439,-4.54727e-05
25.0666,0.000496137,-0.000857895
25.0715,0.000386618,0.000719634
25.0763,-0.000644706,-7.64257e-05
25.0812,-0.000431751,-0.000361527
25.0861,8.76456e-05,-0.00102693
25.091,0.000396728,2.60026e-05
25.0959,-0.000100783,-0.000883168
25.1008,0.00108875,-7.92109e-05
25.1057,-2.66716e-06,-1.8648e-05
25.1106,0.000892231,9.45171e-05
25.1155,-0.000318706,0.000538236
25.1204,0.000251502,-0.000379452
25.1253,0.000298805,0.000344723
25.1302,0.000180629,0.000337981
25.1351,-0.000376511,0.000511778
25.14,-0.000373235,-5.68082e-05
25.1448,-0.000405669,-0.000164239
25.1497,0.000190672,-0.000356491
25.1546,-0.000205877,0.000308163
25.1595,-0.000241584,-0.000517705
25.1644,0.000275269,6.80079e-05
25.1693,-0.000434083,0.000108064
25.1742,-0.000471272,-0.000588144
25.1791,0.000401409,-0.000897688
25.184,0.000808335,4.43157e-05
25.1889,0.000120804,0.000338296
25.1938,9.89537e-05,-7.79857e-05
25.1987,0.000369709,0.000404402
25.2036,-0.000543386,0.000335557
25.2085,-5.31582e-06,-0.00036493
25.2133,4.57928e-05,8.90188e-05
25.2182,0.000314127,3.85913e-05
25.2231,-0.000250698,0.000653116
25.228,-0.000269934,-4.3583e-05
25.2329,-0.000604996,0.000454591
25.2378,-0.000463249,-0.000836154
25.2427,0.000288682,0.000337901
25.2476,-0.000720078,-0.000204073
25.2525,-4.19175e-05,6.84578e-05
25.2574,-0.00103459,-0.000435156
25.2623,0.000176327,-0.00086184
25.2672,-0.00010138,-0.000349223
25.2721,0.00027167,-0.000443733
25.2769,-0.000121035,-0.000253307
25.2818,0.000337937,-0.000488844
25.2867,4.73399e-05,-0.000162306
25.2916,0.000534833,-0.000484922
25.2965,0.000404325,0.000445922
25.3014,-0.000288402,7.46602e-05
25.3063,-9.94864e-05,-0.000246622
25.3112,-3.9698e-05,-0.000311362
25.3161,0.00021094,-0.000607563
25.321,0.00078286,-0.000175963
25.3259,0.000445796,0.000161529
25.3308,0.000590908,0.000432138
25.3357,-0.000244396,0.000565951
25.3406,5.25739e-05,1.51907e-05
25.3454,-0.000266764,0.000210871
25.3503,0.000437534,-0.000413967
25.3552,0.000457482,0.00094492
25.3601,-0.000462902,0.000444044
25.365,-0.000310813,0.000441133
25.3699,-0.000632941,-6.91493e-05
25.3748,1.904e-05,-0.000149396
25.3797,2.14787e-05,0.000344081
25.3846,-0.000628807,0.000458
25.3895,-0.000479534,-0.000342704
25.3944,-0.00027086,0.000303408
25.3993,-0.000854347,-0.000417249
25.4042,-0.000132123,-0.000400817
25.4091,-0.0002248,-0.000764672
25.4139,0.000913892,-7.99667e-06
25.4188,-0.000485031,0.00061921
25.4237,-0.00014366,-0.000118699
25.4286,-0.000762032,0.000354599
25.4335,-0.000658409,-0.000830301
25.4384,-3.11992e-05,-0.000556144
25.4433,0.000196124,-0.000569269
25.4482,0.000150211,-6.72775e-05
25.4531,0.000182567,-0.000477787
25.458,0.000564716,0.000305219
25.4629,-0.000321443,0.000289825
25.4678,-5.40131e-05,-4.16751e-05
25.4727,-0.000271956,0.000141222
25.4776,-0.000322745,-0.000235605
25.4824,6.8231e-05,-0.000364508
25.4873,0.000365045,0.000242399
25.4922,-0.000532846,0.000525884
25.4971,-0.000633651,-0.000283124
25.502,-0.000395763,-0.000345538
25.5069,-0.000106688,-0.000637597
25.5118,0.000169227,-0.000220243
25.5167,4.67946e-05,-0.00027843
25.5216,0.000170843,-4.93672e-05
25.5265,0.000171874,-9.5169e-05
25.5314,4.85081e-05,0.000552203
25.5363,-0.000766438,-4.17983e-05
25.5412,-0.000260349,-0.000321872
25.5461,-0.000272348,-0.000718328
25.5509,0.000701344,-0.000154209
25.5558,-0.000415172,4.36472e-05
25.5607,0.00072128,-0.000438777
25.5656,-0.000130814,0.000871059
25.5705,-0.000159845,-0.000383961
25.5754,5.92761e-05,0.000879495
25.5803,-0.00138541,-0.00016459
25.5852,2.08817e-05,-0.00109823
25.5901,0.00059102,-2.62515e-06
25.595,-0.000203586,0.000359052
25.5999,-0.000183078,-0.000150404
25.6048,-0.000158751,0.000170086
25.6097,-0.000270641,-0.000109976
25.6145,-0.000352145,0.000193683
25.6194,-0.000565882,-0.00056934
25.6243,0.000347182,-0.00015349
25.6292,-0.000450436,0.000179801
25.6341,-0.000193078,-0.000151229
25.639,-0.000823834,-1.90645e-05
25.6439,-0.000193161,-0.00115054
25.6488,0.000398758,0.000108155
25.6537,-0.000614082,-0.000435121
25.6586,0.000498773,-0.000327275
25.6635,-0.000737024,5.51999e-05
25.6684,0.000313134,-0.00132244
25.6733,0.00077911,0.00044164
25.6782,-0.000285238,-7.12126e-05
25.683,0.000329225,0.000205181
25.6879,-0.000681227,0.000138142
25.6928,2.57242e-05,-0.00065555
25.6977,0.000267362,0.000127078
25.7026,-0.000190708,4.672e-05
25.7075,1.76612e-05,-6.27404e-05
25.7124,-0.000108904,0.000316354
25.7173,-0.00066422,8.69759e-06
25.7222,-0.000198293,-0.000519918
25.7271,6.79051e-05,4.49575e-06
25.732,-0.000277902,-3.85115e-06
25.7369,-0.000248585,9.36805e-05
25.7418,-0.000792813,-0.000139428
25.7467,-0.000322995,-0.000746262
25.7515,-4.52556e-05,-0.000445251
25.7564,0.000192519,-0.000368162
25.7613,-0.000225548,0.000234696
25.7662,-0.000568476,-0.000732533
25.7711,0.000429459,-0.000429861
25.776,-0.000262822,-0.000104061
25.7809,0.000255151,-0.000734326
25.7858,0.000796865,0.000336188
25.7907,-0.000596611,0.00103717
25.7956,-0.00134455,-0.000516646
25.8005,-0.000117997,-0.000841432
25.8054,-0.000313977,-0.000500581
25.8103,-9.54996e-06,-0.000717045
25.8152,-5.42895e-05,-0.000841232
25.82,0.00108977,-0.000619085
25.8249,2.36776e-05,0.000709211
25.8298,-0.000212213,-0.000770895
25.8347,0.000643001,0.000132513
25.8396,-0.00026044,7.98487e-05
25.8445,2.17363e-05,-9.4953e-05
25.8494,-0.000180681,1.3616e-05
25.8543,-0.000553918,-0.000189714
25.8592,-2.59748e-05,-0.00106321
25.8641,0.000629422,-4.91254e-05
25.869,-0.000134241,-0.000290314
25.8739,0.000542994,-0.000107898
25.8788,-0.000146714,0.000147012
25.8837,-8.49273e-05,-0.000198343
25.8885,2.1236e-05,-0.000539557
25.8934,0.000688796,6.21947e-05
25.8983,-0.000378329,0.000215881
25.9032,0.000169832,-0.000545072
25.9081,0.000440632,-8.17094e-05
25.913,0.000563065,0.000279356
25.9179,2.41288e-05,0.000604062
25.9228,-0.000168163,0.00057704
25.9277,-0.000814311,0.00023923
25.9326,-0.000231559,-0.000208597
25.9375,-0.000565981,8.78177e-05
25.9424,-0.000298262,-0.000475643
25.9473,-0.000111367,-0.000156873
25.9522,-9.85361e-05,-7.9073e-06
25.957,-0.000645676,-6.96277e-05
25.9619,-0.000239265,-0.000585681
25.9668,-0.000235504,-0.000445432
25.9717,0.000337539,-0.000488794
25.9766,-8.18766e-05,7.88692e-05
25.9815,0.000105798,-0.000140261
25.9864,-0.000705248,0.000123937
25.9913,1.1041e-05,-0.000961455
25.9962,-0.000147926,7.73383e-05
26.0011,0.000251255,-0.00111254
26.006,0.000534374,0.000796198
26.0109,-0.000770499,-0.00057666
26.0158,0.000515986,9.82512e-05
26.0206,-0.000816953,-0.000402275
26.0255,0.000582053,-0.000391013
26.0304,-0.000578396,-0.000251966
26.0353,0.000876719,-0.000691382
26.0402,-0.000135926,0.000588127
26.0451,5.05286e-05,-0.000675345
26.05,0.000423968,0.00037812
26.0549,-0.000434772,0.000175327
26.0598,-0.000361978,-0.000504402
26.0647,0.00059203,-0.000322209
26.0696,-0.000277108,0.000495252
26.0745,-9.16299e-05,-0.000645216
26.0794,0.000200537,0.000407977
26.0843,-0.000485368,-0.000442819
26.0891,0.000569372,6.4155e-05
26.094,-0.000610239,0.000438202
26.0989,-0.000497371,-0.0003787
26.1038,-0.000376118,-0.000445743
26.1087,-6.90462e-05,-0.00064049
26.1136,0.000103412,-0.000566597
26.1185,0.000414883,-0.00049708
26.1234,0.000573491,-0.00014451
26.1283,0.000403193,0.000331529
26.1332,-6.74643e-05,0.000193308
26.1381,0.000127917,0.000254003
26.143,-0.000515913,0.00031623
26.1479,-0.000341389,-0.00042482
26.1528,0.000159028,-0.000188884
26.1576,-3.27067e-05,0.000203351
26.1625,-0.000455516,-0.000101542
26.1674,5.86174e-05,-0.000391768
26.1723,0.000100778,0.000196531
26.1772,-0.000501327,0.000111526
26.1821,-0.000252166,-0.000564429
26.187,0.000207912,8.99891e-05
26.1919,-0.000593135,-0.000268729
26.1968,0.000556362,-0.000316813
26.2017,-0.000493302,0.000564892
26.2066,-0.000206959,-0.000504928
26.2115,-0.000466103,0.000452796
26.2164,-0.000896774,-0.000978016
26.2213,0.000289244,-0.000694766
26.2261,0.000263035,-0.000482724
26.231,0.000327375,0.000314455
26.2359,-0.000681932,-0.000107546
26.2408,-4.71312e-05,-0.000604374
26.2457,6.78514e-05,-0.00032277
26.2506,7.3601e-06,-0.00020917
26.2555,9.56891e-05,-0.00039722
26.2604,0.0001245,0.00017084
26.2653,-0.000455416,-0.000400094
26.2702,0.00036584,-0.000296436
26.2751,-0.000254269,7.62233e-05
26.28,-0.000315901,-0.000254005
26.2849,-0.000537801,-0.000778839
26.2898,0.000470951,-0.00112256
26.2946,0.000821543,-0.000573038
26.2995,0.0011867,0.000214679
26.3044,2.00411e-05,0.000710672
26.3093,0.00019493,9.08418e-05
26.3142,-0.000321837,0.000532875
26.3191,-0.000127268,-0.000444677
26.324,0.000278896,0.000389812
26.3289,-0.000395935,0.000163933
26.3338,-0.000161698,6.65382e-05
26.3387,-0.000390938,0.000194408
26.3436,-0.00083089,-0.000195212
26.3485,-0.000116858,-0.000879254
26.3534,0.000103337,0.000108955
26.3582,-0.000795732,-0.000490879
26.3631,0.000186842,-0.00117766
26.368,0.000813063,-0.000331113
26.3729,0.000193745,4.35547e-05
26.3778,0.000572973,-0.000291397
26.3827,0.00037569,0.000766171
26.3876,-0.000494522,0.000123745
26.3925,-1.75111e-05,5.25161e-05
26.3974,-0.000384215,4.60844e-07
26.4023,-0.000216814,-0.000205075
26.4072,-4.23091e-05,-0.00044724
26.4121,0.000409184,0.00026754
26.417,-0.00090236,0.000286777
26.4219,-0.000289623,-0.000992725
26.4267,0.00032406,-0.000183261
26.4316,-0.00017665,-0.00031271
26.4365,0.000214244,-0.000420805
26.4414,0.000311893,-0.000395057
26.4463,0.000791983,0.000211121
26.4512,-0.000394326,0.000567812
26.4561,9.79165e-05,-0.000535088
26.461,0.000355112,0.000650108
26.4659,-0.000655101,0.000123406
26.4708,-4.64047e-05,-0.000288972
26.4757,0.000105413,0.000105106
26.4806,-0.000295407,0.000174648
26.4855,7.59558e-06,4.75653e-06
26.4904,-0.000767343,0.000491514
26.4952,-0.000556165,-0.00100906
26.5001,0.000197261,6.03616e-05
26.505,-0.000510763,-0.0007216
26.5099,0.000551268,-0.000166741
26.5148,-0.000310889,-0.000501711
26.5197,0.00124135,-0.000142948
26.5246,-0.000246794,0.00107479
26.5295,-0.000407596,-0.000148523
26.5344,-0.000111166,0.000189909
26.5393,-0.000493688,2.46045e-05
26.5442,-0.000112119,-0.000518436
26.5491,0.000424453,0.000379139
26.554,-0.00080127,0.000377788
26.5589,-0.000266728,-0.000427901
26.5637,-6.54011e-05,0.000115364
26.5686,-0.000506887,0.000193961
26.5735,-0.000500163,-0.000370984
26.5784,-0.000191305,0.000203973
26.5833,-0.00118941,-0.000415331
26.5882,1.93679e-07,-0.00106504
26.5931,0.000310306,-0.000467869
26.598,0.000487671,0.000445105
26.6029,-0.00120199,0.000258252
26.6078,-2.4356e-05,-0.000947162
26.6127,-0.000306413,0.000338674
26.6176,-0.000699101,-0.000780251
26.6225,-7.59747e-05,-0.000503034
26.6274,-0.00027393,-0.000814445
26.6322,0.000515942,-0.000815179
26.6371,0.000607299,-7.184e-05
26.642,0.000294356,0.000137507
26.6469,1.03926e-05,0.000464531
26.6518,-0.000586022,-4.37715e-05
26.6567,5.21642e-05,-0.000125541
26.6616,-0.000560197,0.00017586
26.6665,-0.000421477,-0.000419888
26.6714,-0.000344973,-0.000367581
26.6763,-8.16251e-06,-0.000369725
26.6812,-0.000553632,-6.39944e-05
26.6861,-0.00039759,-0.00112497
26.691,0.000783889,-0.000635406
26.6959,0.000185665,0.000388329
26.7007,-0.000351113,-0.000322601
26.7056,0.000233222,-6.8181e-05
26.7105,-0.000448761,-0.000147254
26.7154,0.00033562,-0.000361917
26.7203,-0.000186865,0.000530271
26.7252,-0.000880441,-5.93502e-05
26.7301,-0.000706014,-0.00082119
26.735,8.49892e-05,-0.000764865
26.7399,-7.13999e-05,-0.000468938
26.7448,9.11777e-05,-0.000394458
26.7497,-0.000256709,-0.000535437
26.7546,0.000351106,-0.000602304
26.7595,2.54134e-05,-0.000333953
26.7643,0.000402546,-0.000407569
26.7692,9.38737e-05,-0.00018409
26.7741,0.000375101,-6.32143e-05
26.779,-0.000401554,-0.000225938
26.7839,0.00081025,-0.000583071
26.7888,8.55807e-05,0.000675172
26.7937,-0.000116343,-0.000153291
26.7986,-0.000246883,0.000215385
26.8035,-0.00011613,-0.000375466
26.8084,-3.91162e-05,0.000237827
26.8133,-0.00060766,-4.18887e-05
26.8182,-0.000434407,-0.000745567
26.8231,0.000520499,-0.00010954
26.828,-0.00108871,0.000115511
26.8328,0.000162949,-0.00137869
26.8377,0.000163411,0.000270005
26.8426,-0.00036992,-0.000675516
26.8475,-0.000106874,-0.000471774
26.8524,0.000402738,-0.00103642
26.8573,0.000554088,0.000125796
26.8622,0.00014309,-0.000446063
26.8671,0.000503278,0.000166948
26.872,5.21954e-05,6.81846e-05
26.8769,-0.00022104,0.000245647
26.8818,-0.00014225,-0.000600987
26.8867,0.000439883,0.000177408
26.8916,-0.000327419,0.000165366
26.8965,-0.000286558,-0.000155181
26.9013,-1.36044e-05,-0.000136177
26.9062,-0.000686426,7.73782e-05
26.9111,-0.00016444,-0.00111513
26.916,0.000439742,1.91342e-05
26.9209,-0.000153989,-0.000211608
26.9258,-0.000169121,0.000142251
26.9307,-0.000556877,-0.00062091
26.9356,6.29767e-05,-0.000582832
26.9405,0.000452432,-0.000601404
26.9454,0.000162853,0.000682395
26.9503,-0.000949049,-0.000578039
26.9552,0.000246659,-0.000483365
26.9601,-0.00049968,-0.000618942
26.965,0.000642913,-0.000903545
26.9698,0.000380125,0.000100516
26.9747,-0.000199162,-0.000234059
26.9796,0.000295863,-0.000756368
26.9845,0.000698897,0.000102922
26.9894,-1.58005e-05,0.000174342
26.9943,-0.000131347,0.00010939
26.9992,-0.000283058,-0.000357325
27.0041,-9.76415e-05,-0.000176223
27.009,-0.00010306,-0.000951295
27.0139,0.00101054,1.05602e-05
27.0188,-0.000469341,0.000203858
27.0237,0.000388379,-0.000522219
27.0286,1.85132e-05,0.000336512
27.0335,-0.000186148,-0.000257389
27.0383,-7.07634e-05,-0.000190345
27.0432,0.000113973,-0.000399553
27.0481,0.00035514,9.0387e-05
27.053,-0.000380416,0.000407679
27.0579,-0.000725766,-0.000520259
27.0628,-6.18395e-05,-0.000617783
27.0677,-0.000164882,-0.000845394
27.0726,0.000825788,-0.000713376
27.0775,0.000391633,7.21806e-05
27.0824,0.000440809,-8.92992e-05
27.0873,-3.90092e-05,0.000299983
27.0922,9.43598e-05,-0.000257929
27.0971,-0.000204297,0.000441304
27.1019,-0.000678939,-0.00087179
27.1068,0.000777404,-0.000524732
27.1117,-0.000113909,9.12281e-05
27.1166,0.000227673,-0.000566855
27.1215,0.000206288,-1.58219e-06
27.1264,0.000112428,-0.000473523
27.1313,0.000515693,-0.000140021
27.1362,0.000285483,-5.78077e-05
27.1411,0.00038323,6.47648e-05
27.146,0.000189784,7.48966e-05
27.1509,0.000460093,0.000129235
27.1558,0.000245633,0.000809049
27.1607,-0.00087748,0.000733728
27.1656,-0.000996807,-0.000632342
27.1704,0.000191707,-0.000671308
27.1753,-0.000127749,-5.86523e-05
27.1802,-1.71227e-05,-0.000667061
27.1851,0.000428359,-4.10963e-06
27.19,-0.000363557,-0.000186407
27.1949,0.000453639,-0.000670738
27.1998,0.000518704,0.000327405
27.2047,-0.000290896,0.0002336
27.2096,-0.000289173,-0.0004559
27.2145,0.00043948,-0.000518207
27.2194,0.000498071,8.50256e-05
27.2243,0.000246395,0.000273367
27.2292,-0.000141026,0.000216261
27.2341,2.46087e-05,-0.000130681
27.2389,0.00016199,8.19491e-05
27.2438,0.000141366,0.000292533
27.2487,-0.00044279,0.000338944
27.2536,-0.000273417,-0.000345829
27.2585,4.06493e-05,-0.000197061
27.2634,0.000506724,-0.000127286
27.2683,0.000154956,0.000986315
27.2732,-0.000905377,0.000341775
27.2781,-0.000508168,-0.000132294
27.283,-0.000454768,-0.000149565
27.2879,-0.000476206,-0.000206766
27.2928,-0.000252654,-0.000455323
27.2977,-0.000324481,-3.5983e-05
27.3026,-0.000484106,-0.000906152
27.3074,0.000760352,-0.000256328
27.3123,-0.000648046,0.000407652
27.3172,-0.000218074,-0.00107889
27.3221,0.000632425,0.000146619
27.327,-0.000665107,0.000148941
27.3319,-0.000167435,-0.000670866
27.3368,0.000175442,-0.000135999
27.3417,-0.00036901,0.000116155
27.3466,-0.00067696,-0.000754024
27.3515,0.000409917,-0.000794637
27.3564,5.00171e-05,-0.000249027
27.3613,0.000449643,-0.000465418
27.3662,6.30947e-05,0.00015147
27.371,0.000145349,-0.000294314
27.3759,-0.000250173,0.000219224
27.3808,-0.000209717,-0.00090798
27.3857,0.000726987,-0.000183789
27.3906,3.15773e-05,0.000266596
27.3955,-0.00040369,-0.000331756
27.4004,0.000786652,-0.00068149
27.4053,0.000333812,0.000933386
27.4102,-0.000408342,-0.000119939
27.4151,-0.000136193,0.000448315
27.42,-0.000675042,-0.000551462
27.4249,0.000145288,2.99806e-05
27.4298,-0.000644614,-0.000632144
27.4347,0.000600131,-0.000224166
27.4395,-0.000614484,-0.000132428
27.4444,0.000425573,-0.000682449
27.4493,0.000146466,3.10262e-05
27.4542,0.000234588,7.35615e-05
27.4591,-0.000415064,5.16346e-05
27.464,3.4709e-05,-0.000117549
27.4689,-0.000776164,-0.000213781
27.4738,0.000352423,-0.00091284
27.4787,-0.000117106,0.000127153
27.4836,0.00017595,-0.000965972
27.4885,0.000602333,0.000304055
27.4934,-0.000286108,-0.000242794
27.4983,0.000453499,-0.000172321
27.5032,5.23155e-05,0.000102735
27.508,0.000155531,0.000132536
27.5129,-0.000360141,0.000211433
27.5178,-0.000232084,-0.000324815
27.5227,-5.32165e-05,-0.000136523
27.5276,-1.65129e-05,-0.000234312
27.5325,-9.51636e-05,9.88088e-05
27.5374,-0.0003535,-0.000477504
27.5423,0.000481149,-0.000168765
27.5472,-0.000399589,0.00039435
27.5521,-0.00055681,-0.000571592
27.557,0.000196838,-0.000659962
27.5619,0.000336365,7.97121e-05
27.5668,-0.000509044,-0.000174315
27.5717,0.000544834,-0.000666045
27.5765,9.2585e-05,0.000900045
27.5814,-0.00124989,-0.000441045
27.5863,0.000260126,-0.00109433
27.5912,0.000269728,-0.000133338
27.5961,9.99971e-05,-0.000481064
27.601,0.00049768,-3.90955e-05
27.6059,-0.000208658,0.000167395
27.6108,-0.000227416,-0.000530711
27.6157,0.000472242,-0.000663837
27.6206,0.000944657,0.000284457
27.6255,-0.000320182,0.000838771
27.6304,-0.000465256,-0.000303857
27.6353,-7.08853e-05,-4.08195e-05
27.6402,-3.84737e-05,-0.000480282
27.645,0.000533857,0.000482443
27.6499,-0.00101044,0.000360784
27.6548,-0.000155862,-0.000590068
27.6597,-0.00053483,0.000141021
27.6646,-0.000336077,-0.000914176
27.6695,5.33328e-06,-2.53072e-05
27.6744,-0.000481722,-0.000866761
27.6793,0.000471303,-0.000303958
27.6842,-0.000506202,-0.000525266
27.6891,0.000760539,-0.0007477
27.694,-6.09729e-05,0.000225251
27.6989,9.51442e-05,-0.000801711
27.7038,0.000493776,-6.93187e-05
27.7087,0.000164419,-0.000260162
27.7135,0.000457073,8.01879e-06
27.7184,2.48132e-05,0.000239927
27.7233,-0.000263552,-0.000166475
27.7282,0.000265794,-0.000458582
27.7331,0.000457676,0.000129088
27.738,0.0001016,0.000456871
27.7429,-0.000674036,0.000317387
27.7478,-0.00044606,-0.000660764
27.7527,5.81248e-05,-0.000397344
27.7576,0.000306259,-0.000627686
27.7625,0.000804886,0.000443087
27.7674,-0.000670169,0.000654768
27.7723,-0.000502141,-0.0005444
27.7771,0.000157418,-0.00015532
27.782,-0.000371319,0.000147794
27.7869,-0.000601043,-0.000398032
27.7918,-0.0002729,-0.000765392
27.7967,0.000259368,-0.000663093
27.8016,6.32377e-05,-0.000273914
27.8065,0.000204988,-0.000690977
27.8114,0.000479528,-0.000173546
27.8163,0.000289454,-0.000334437
27.8212,0.000570372,0.00012009
27.8261,0.000103611,5.16125e-05
27.831,0.000416963,0.000339204
27.8359,-0.000463087,0.000450638
27.8408,-0.00036303,-0.000244331
27.8456,-7.81947e-05,-0.000336775
27.8505,0.000254148,6.74828e-05
27.8554,-0.000598968,0.00013599
27.8603,-4.5471e-05,-0.000751552
27.8652,0.000283681,0.000137455
27.8701,-0.000311868,-0.000195381
27.875,0.000326253,-3.87729e-05
27.8799,-0.000655372,0.00041385
27.8848,-0.000510875,-0.00104195
27.8897,0.000820548,-0.000223187
27.8946,-0.000280063,0.000644981
27.8995,-0.000848741,-0.000284863
27.9044,-9.96242e-05,-0.000651502
27.9093,-0.000421007,8.66835e-05
27.9141,-0.000906375,-0.00132029
27.919,0.00089371,-0.00119047
27.9239,0.00049183,-0.00027487
27.9288,0.000757897,-0.000155053
27.9337,0.000117633,0.000398062
27.9386,-0.000170939,0.000193823
27.9435,-0.000841167,-0.000396605
27.9484,0.000486859,-0.00102802
27.9533,9.66274e-05,0.000243304
27.9582,-0.000104021,-0.000722072
27.9631,0.000154517,-0.000172557
27.968,0.000129907,-0.000969464
27.9729,0.00101715,4.04523e-05
27.9778,-0.000207348,6.37493e-05
27.9826,0.000506295,-0.000341434
27.9875,-6.89149e-05,0.000232775
27.9924,0.000132283,-0.000656208
27.9973,0.000551785,0.000132712
28.0022,3.31541e-08,-0.000130784
28.0071,0.000325861,0.00020255
28.012,-0.00061305,-0.000300028
28.0169,0.000793585,-0.000907353
28.0218,0.000606779,0.000427697
28.0267,0.000186596,-8.06703e-05
28.0316,0.000527075,8.95698e-05
28.0365,0.000602579,0.00059074
28.0414,-0.000564284,0.000950366
28.0463,-0.00055039,-0.00048545
28.0511,0.000167662,-2.22668e-05
28.056,0.000118505,-0.000289481
28.0609,0.000549621,0.00074615
28.0658,-0.00111663,0.000422877
28.0707,7.4408e-05,-0.000769817
28.0756,0.000135523,0.000706005
28.0805,-0.000938346,-9.41746e-05
28.0854,-0.000142876,-0.000436135
28.0903,-0.000267034,-0.000397683
28.0952,0.000481499,-0.000320839
28.1001,-0.000146949,0.000554018
28.105,-0.000586101,-0.000223009
28.1099,-0.000196512,-0.000427273
28.1147,0.000355159,-0.00019387
28.1196,-0.000468912,0.000759721
28.1245,-0.00125046,-0.000752526
28.1294,4.4691e-05,-0.000987191
28.1343,4.05869e-05,-0.000784333
28.1392,0.000806159,-0.000569714
28.1441,0.000435549,0.0003954
28.149,-0.000313008,0.000264204
28.1539,-0.000453826,-0.000434836
28.1588,0.000301773,-0.000393254
28.1637,-0.000192272,8.33459e-05
28.1686,-0.000117273,-0.000451568
28.1735,-0.000124134,-0.000206422
28.1784,0.000117254,-0.000591582
28.1832,5.05606e-05,8.6337e-05
28.1881,-0.000217038,-0.000740232
28.193,0.00055641,-0.000128378
28.1979,-0.000238247,-0.000270988
28.2028,0.000480519,-0.000291295
28.2077,-0.000181831,-5.12874e-06
28.2126,0.000115237,-0.000521872
28.2175,0.000274562,-0.000435526
28.2224,0.000719761,-0.000120072
28.2273,0.000211203,0.000193681
28.2322,0.000532113,0.000175666
28.2371,-0.000119808,0.000767441
28.242,-0.000577132,0.000222184
28.2469,-0.000633511,-0.000264226
28.2517,-0.000138051,-0.000399863
28.2566,-0.000346046,-0.000562893
28.2615,0.000761991,-0.000505332
28.2664,-0.000173978,0.000707104
28.2713,-0.000637074,-0.000496677
28.2762,-0.000228959,-0.000608027
28.2811,0.000479431,-0.000996355
28.286,0.000781023,0.000333053
28.2909,-0.000357003,0.000152683
28.2958,-0.00015019,-0.000347149
28.3007,-5.52241e-05,-0.00062986
28.3056,0.000809552,-0.000607323
28.3105,0.000606443,0.000560375
28.3154,-0.000196098,-6.98256e-05
28.3202,0.00066956,0.000212957
28.3251,-0.00051132,0.00055861
28.33,-2.23344e-05,-0.000271816
28.3349,-0.00038443,0.000218202
28.3398,5.46795e-05,-0.000661154
28.3447,0.000328271,0.000400768
28.3496,-0.000324564,8.59867e-05
28.3545,-0.000241073,0.00019114
28.3594,-0.000695223,-0.000238602
28.3643,-2.43609e-05,-0.000720166
28.3692,0.000245621,0.00014337
28.3741,-0.00068862,-0.000300491
28.379,0.000505904,-0.000552378
28.3839,-0.000324963,0.000323929
28.3887,5.01793e-05,-0.000514403
28.3936,-0.000418806,0.000419812
28.3985,-0.000599547,-0.000832519
28.4034,-0.000278368,-0.000446651
28.4083,7.32392e-05,-0.00133939
28.4132,0.000663154,-0.000172385
28.4181,0.000111909,-0.000756224
28.423,0.000882567,-7.15657e-05
28.4279,0.000189906,-0.000177382
28.4328,0.000697054,0.000324252
28.4377,-0.000524368,0.000183347
28.4426,0.000303761,-0.000517806
28.4475,6.44973e-05,0.000200003
28.4524,-1.40216e-05,-0.000548752
28.4572,0.000727018,-7.09529e-05
28.4621,0.00012224,0.000285423
28.467,0.000307166,8.08383e-05
28.4719,-6.90639e-05,0.000479748
28.4768,-0.000200606,2.49923e-05
28.4817,-0.000214125,6.56064e-05
28.4866,1.46646e-06,-9.13001e-05
28.4915,-0.000423909,0.000193525
28.4964,-0.000194832,-0.000651274
28.5013,0.000193333,-0.00016685
28.5062,0.00046418,-0.000307556
28.5111,0.000154448,0.000831538
28.516,-0.000561709,-0.000448767
28.5208,0.00102573,0.000329931
28.5257,-0.000856696,0.00145992
28.5306,-0.0014568,-0.000484292
28.5355,2.86256e-05,-0.000571709
28.5404,-0.000598223,0.000357299
28.5453,-0.0009273,-0.000630668
28.5502,-0.000560457,-0.000710709
28.5551,2.11757e-05,-0.00129151
28.56,0.000697085,4.18802e-05
28.5649,-0.000764999,5.2193e-05
28.5698,-0.00042382,-0.000906139
28.5747,1.40115e-05,-0.000844658
28.5796,0.000277619,-0.000786508
28.5845,0.000598639,-0.000380883
28.5893,1.50038e-05,1.01901e-05
28.5942,8.10678e-05,-0.000582964
28.5991,0.000216702,-0.000204883
28.604,0.000308273,-0.000476274
28.6089,0.000288111,0.000223134
28.6138,-0.000159034,-0.000294902
28.6187,0.000140709,3.97117e-05
28.6236,-0.000422443,-0.000319391
28.6285,2.6016e-05,-0.000534347
28.6334,0.000152235,-0.000535769
28.6383,0.000233298,-0.000192743
28.6432,5.07135e-05,-0.00047165
28.6481,0.0003188,-0.00020055
28.653,7.47087e-05,-0.000402064
28.6578,0.000420279,-0.000174701
28.6627,0.000110777,-0.000169428
28.6676,0.000225298,-6.36648e-05
28.6725,-1.10487e-05,-0.000236772
28.6774,0.000216474,-5.99464e-05
28.6823,-0.000321492,-0.000238896
28.6872,0.000170271,-0.000774198
28.6921,0.000639543,-0.000373342
28.697,0.000447021,6.13198e-05
28.7019,0.000207826,4.24017e-05
28.7068,-8.9862e-06,-1.84565e-05
28.7117,0.000171315,-0.00034391
28.7166,0.000297468,-5.9333e-05
28.7215,0.000242,-3.60167e-05
28.7263,-4.87709e-05,-5.29732e-05
28.7312,0.000553012,-0.000295326
28.7361,-0.000103435,0.000640798
28.741,-0.000148362,-0.000764259
28.7459,0.00059877,0.00047042
28.7508,-0.000680674,-0.000140228
28.7557,0.000176041,-0.000407823
28.7606,4.19399e-06,-0.00049152
28.7655,0.0005348,-0.000221366
28.7704,0.000272177,-0.000315543
28.7753,0.000742009,0.00024131
28.7802,-8.26293e-05,9.90846e-05
28.7851,0.000530161,0.000199071
28.79,-0.000369864,0.00015726
28.7948,0.000640824,-0.00027443
28.7997,0.000116911,0.000770942
28.8046,-0.000116366,0.000110098
28.8095,-8.68949e-05,0.000608506
28.8144,-0.000797699,0.000135229
28.8193,-0.000277573,-0.000403616
28.8242,-8.06635e-05,-2.46279e-05
28.8291,-0.000300494,-7.61395e-05
28.834,-0.000276427,-0.000122883
28.8389,-0.000444309,-0.00014881
28.8438,-0.000674421,-0.000706754
28.8487,0.000396688,-0.00123585
28.8536,0.000837987,-6.09341e-05
28.8584,0.00028494,0.00015912
28.8633,-3.16665e-05,0.000322208
28.8682,-0.000271538,-0.000105426
28.8731,-0.000129563,-0.000111061
28.878,-5.15444e-05,-7.46379e-05
28.8829,-0.000778117,-6.16772e-05
28.8878,3.18138e-05,-0.00141308
28.8927,0.000752216,0.000117569
28.8976,-0.000137896,-0.000349282
28.9025,0.000403516,6.91826e-05
28.9074,-0.000183321,-0.000231054
28.9123,0.000176737,7.31816e-05
28.9172,-0.000281641,-0.000373947
28.9221,0.000131172,2.19822e-05
28.9269,-0.000393059,-0.000701377
28.9318,0.000676153,-0.000117942
28.9367,-0.000507689,-0.000221535
28.9416,0.000504302,-0.000639918
28.9465,0.000378852,-0.000123263
28.9514,0.000303499,0.0005239
28.9563,-0.000936548,-0.000433597
28.9612,0.000878582,-0.000585816
28.9661,-0.000587686,0.000406785
28.971,1.8554e-05,-0.0012805
28.9759,0.000734381,-0.000234094
28.9808,0.000417575,-0.00023595
28.9857,0.000643326,2.63896e-05
28.9906,0.000227237,0.000575827
28.9954,-0.000462154,-0.000155096
29.0003,0.000546531,-0.000225341
29.0052,-0.000123868,0.000454297
29.0101,-0.000327104,-5.17087e-05
29.015,-0.000570271,-0.000448644
29.0199,0.000338579,-0.000939874
29.0248,0.000466758,-0.00012852
29.0297,0.00028078,-0.0002858
29.0346,0.00047792,-9.88876e-05
29.0395,0.000323121,0.000135972
29.0444,0.000219211,0.000122074
29.0493,-0.000133719,0.000445318
29.0542,-0.000646613,-0.000548064
29.0591,0.000590773,-0.00072277
29.0639,0.000614916,-3.07393e-05
29.0688,0.000469751,0.00052342
29.0737,-0.000467346,0.000199509
29.0786,0.00012995,-0.000163019
29.0835,-0.000335486,5.75299e-06
29.0884,2.34392e-05,-0.000521963
29.0933,0.000283231,-0.000452496
29.0982,0.000760404,0.000132166
29.1031,-0.000265585,0.000328183
29.108,0.000204473,-0.000211912
29.1129,-0.00018171,2.99078e-05
29.1178,0.000510229,-0.000310885
29.1227,-0.000111156,0.000586351
29.1276,-0.00017058,-0.000442533
29.1324,0.000219315,0.000199857
29.1373,-0.000375354,3.40339e-07
29.1422,-0.000343187,-0.00052305
29.1471,0.000563493,-0.000738631
29.152,0.000453464,0.000350684
29.1569,-5.29932e-05,-0.000218975
29.1618,0.000482976,0.000129948
29.1667,-0.00025193,0.000300396
29.1716,-0.000187566,-0.000296726
29.1765,6.20905e-05,-0.000152047
29.1814,-0.000183498,-0.000340879
29.1863,0.000429566,-0.000593811
29.1912,0.00035431,8.31952e-05
29.1961,0.000236391,-0.000589668
29.2009,0.00132311,0.000249411
29.2058,-0.000216584,0.00108701
29.2107,-0.00022306,-0.000286461
29.2156,0.000185363,0.000300457
29.2205,-7.99982e-05,-0.000121111
29.2254,0.000157243,0.00029599
29.2303,-7.24157e-05,-0.000277951
29.2352,0.000678297,0.000611185
29.2401,-0.000859714,0.000578206
29.245,-0.000183205,-0.000325041
29.2499,-0.000167821,8.71609e-05
29.2548,-0.000159441,0.000214168
29.2597,-0.000985443,-0.000122072
29.2645,1.24371e-05,-0.00096203
29.2694,-3.74382e-05,3.13665e-05
29.2743,-0.000417399,-0.000986181
29.2792,0.00106996,-0.000896893
29.2841,0.000854511,0.000441223
29.289,0.000436023,0.000256087
29.2939,0.00023046,0.00126376
29.2988,-0.00162243,0.000234451
29.3037,-0.000110671,-0.00114037
29.3086,0.000202725,-0.000146771
29.3135,0.000120925,-0.000302793
29.3184,0.000148355,-1.73269e-05
29.3233,-0.00016486,-8.59368e-05
29.3282,0.000113183,-0.000726112
29.333,0.000933156,0.00027588
29.3379,-0.0006199,0.000334016
29.3428,0.000366588,-0.000628359
29.3477,0.000191731,0.000234466
29.3526,0.000518448,-9.01476e-05
29.3575,-7.29554e-05,0.000841658
29.3624,-0.000310946,-0.000232794
29.3673,0.000136139,0.000422811
29.3722,-0.000629657,0.00016876
29.3771,-0.000473946,-0.000343453
29.382,5.03939e-05,-0.00054729
29.3869,0.00017396,-2.02589e-05
29.3918,-2.76313e-05,-9.39381e-05
29.3967,-0.000126048,-0.000175419
29.4015,0.000544793,-0.000449087
29.4064,0.000507838,0.000929537
29.4113,-0.000711552,0.000505861
29.4162,-0.000544013,0.000289251
29.4211,-0.00114495,-0.000263938
29.426,-0.00032997,-0.000740665
29.4309,-0.000612793,-0.000547589
29.4358,7.18729e-05,-0.00135538
29.4407,0.000754103,-0.000456997
29.4456,0.000469881,-0.000136919
29.4505,0.000153409,0.000291224
29.4554,-0.000354855,-0.000318294
29.4603,0.000266595,-0.000376294
29.4652,-3.5925e-05,-0.00021153
29.47,0.000312834,-0.000598255
29.4749,0.000805953,7.89372e-05
29.4798,-0.000194457,0.000629976
29.4847,-0.000285771,-0.00055083
29.4896,0.000391404,0.000127276
29.4945,-0.000375205,-0.00020211
29.4994,0.000318645,-0.000116303
29.5043,-0.000477502,-0.000204912
29.5092,0.000500257,-0.000802952
29.5141,0.00078376,0.000162904
29.519,0.00019253,0.000932021
29.5239,-0.00122831,0.000159695
29.5288,-0.000137528,-0.000977785
29.5336,0.000158354,-0.000319515
29.5385,0.000231742,-0.000238839
29.5434,-0.000215766,-0.000230444
29.5483,0.000372046,-0.000634661
29.5532,0.000349308,-0.00013096
29.5581,0.000609938,2.82199e-05
29.563,-0.00034658,0.00054226
29.5679,-0.000361338,-0.000670088
29.5728,0.000228564,-0.000479358
29.5777,0.000447424,-0.000342565
29.5826,-1.78482e-05,-0.000106612
29.5875,0.000547628,-0.000919431
29.5924,0.00101267,0.000187328
29.5973,0.000477768,4.91747e-05
29.6021,0.000810628,0.000477216
29.607,0.000128756,0.000689906
29.6119,4.24398e-05,0.000436274
29.6168,-0.000131244,0.000576069
29.6217,-0.000622969,0.000192358
29.6266,-7.32615e-05,-0.000425647
29.6315,0.00031158,0.000268099
29.6364,-0.000484555,0.000344326
29.6413,-0.000226841,-0.000555225
29.6462,0.000551312,0.000282843
29.6511,-0.0007914,0.000440114
29.656,-0.000267453,-0.000601072
29.6609,-0.00019435,-0.0001858
29.6658,0.00019709,-0.000619593
29.6706,0.000184677,0.00013376
29.6755,4.63107e-05,-0.000384612
29.6804,0.000291372,0.00017649
29.6853,-0.000135194,-0.000181899
29.6902,0.000321852,1.79227e-05
29.6951,-0.000200676,0.000137841
29.7,-0.000111239,-0.000417076
29.7049,0.000626658,-0.000291392
29.7098,0.000392789,0.000655891
29.7147,-0.000404054,0.000418397
29.7196,-0.000514938,-0.000104897
29.7245,0.000167981,-0.000527634
29.7294,0.000273451,0.000607559
29.7343,-0.000811783,-6.2335e-05
29.7391,0.000266897,-0.000233669
29.744,-0.000731321,0.000426217
29.7489,-0.000498831,-0.00105574
29.7538,0.000429416,-0.000137006
29.7587,-0.000550558,-0.000259905
29.7636,0.000175986,-0.000713303
29.7685,-6.4878e-05,-0.000295678
29.7734,0.000261213,-0.000890152
29.7783,0.000673327,-0.000246915
29.7832,0.00041322,-0.00034081
29.7881,0.00100354,1.42305e-05
29.793,0.00030744,0.000859613
29.7979,-0.000443248,0.000210104
29.8028,-0.000161743,-0.000219822
29.8076,0.000111649,-0.000474386
29.8125,0.000649169,1.46386e-05
29.8174,-8.2393e-06,0.000200827
29.8223,0.000460772,1.40942e-05
29.8272,-0.000317325,0.000573931
29.8321,-0.000104519,-0.00083469
29.837,0.00114365,0.000270382
29.8419,-0.000105402,0.000979687
29.8468,-0.000473327,0.000327915
29.8517,-0.000484411,5.45654e-05
29.8566,-0.000272476,-0.000187691
29.8615,-0.000238425,5.788e-06
29.8664,-0.00054106,-0.000390042
29.8713,0.000264797,-0.000747963
29.8761,0.000365829,0.000201513
29.881,-0.000306066,-0.000174486
29.8859,0.000365819,-0.000241666
29.8908,-0.00015734,0.000320745
29.8957,-0.000447877,-0.000427925
29.9006,0.000134539,-0.000685888
29.9055,0.0005729,-0.000306139
29.9104,0.000143647,6.98547e-06
29.9153,0.000521267,-0.000503804
29.9202,0.000757298,0.000534416
29.9251,-0.0001153,0.00030974
29.93,0.000181658,0.000262627
29.9349,-0.000305138,0.00020345
29.9397,-4.50483e-05,-0.000178713
29.9446,0.000210202,-4.92862e-05
29.9495,3.84068e-05,0.000398158
29.9544,-0.000437295,-8.33443e-05
29.9593,-3.29785e-05,-0.000271975
29.9642,0.000253911,-0.000396361
29.9691,0.00033184,0.000485157
29.974,-0.000435569,-0.00038551
29.9789,0.000825223,0.000265254
29.9838,-0.0010189,0.000209207
29.9887,0.000754352,-0.000964279
29.9936,0.000275243,0.000899692
29.9985,-0.000409992,-9.03067e-05
30.0034,-0.000123276,-0.000342384
30.0082,0.000711163,-0.000168306
30.0131,-0.000360751,0.000521496
30.018,0.000287392,-0.000804328
30.0229,0.000472724,0.000501822
30.0278,0.000325426,-0.000318477
30.0327,0.000745697,0.000947745
30.0376,-0.000349572,0.000512441
30.0425,3.63715e-05,0.000620532
30.0474,-0.000619933,0.00045032
30.0523,-0.000481468,0.00012418
30.0572,-0.000391779,-0.000165693
30.0621,-0.000155013,1.04167e-06
30.067,-0.000124135,-0.000141486
30.0719,-0.000107692,0.000355213
30.0767,-0.000708835,-0.00020994
30.0816,6.88222e-05,-0.000479227
30.0865,0.000127324,-9.37633e-05
30.0914,0.000223764,8.5136e-05
30.0963,-0.000115959,0.000467726
30.1012,-0.000717564,4.85717e-05
30.1061,-0.000235697,-0.000623156
30.111,0.000125601,-0.000312571
30.1159,0.000415006,-0.000423659
30.1208,0.000685804,0.000438485
30.1257,-7.0417e-05,0.00056433
30.1306,-0.000168716,0.000409066
30.1355,-0.00024,0.000120454
30.1404,0.000126025,0.000524809
30.1452,-0.000796103,0.0006787
30.1501,-0.000643211,-8.28107e-05
30.155,-0.00061822,0.000262729
30.1599,-0.0010234,-0.000354756
30.1648,-0.000266816,-0.000712134
30.1697,-7.97723e-05,-0.000129139
30.1746,-0.000568209,-0.000243924
30.1795,-3.84481e-05,-0.000735856
30.1844,0.000171997,0.000184834
30.1893,-0.000780378,-0.000338839
30.1942,0.000443567,-0.000736839
30.1991,2.81092e-05,0.000507287
30.204,-0.000586653,-0.000324212
30.2089,6.00168e-05,-0.000320731
30.2137,-0.000115887,-1.46716e-05
30.2186,-0.000334975,-0.000100385
30.2235,-0.000278362,-0.000391101
30.2284,-1.40758e-05,-0.000268412
30.2333,-0.000166607,-0.000154448
30.2382,-0.000102722,-0.000191573
30.2431,-0.000378129,-4.40179e-06
30.248,-0.000495989,-0.000619006
30.2529,7.51268e-05,-0.000435838
30.2578,-0.000337498,-0.000389248
30.2627,4.91572e-05,-0.000632299
30.2676,-0.000108295,-0.000425371
30.2725,0.000113218,-0.000803335
30.2773,0.000518862,-0.000605397
30.2822,0.000717517,-0.00014608
30.2871,0.000305268,0.000223856
30.292,-1.61846e-05,8.83038e-05
30.2969,0.00015039,-0.000412
30.3018,0.000817263,0.000598744
30.3067,-0.0010788,0.000741764
30.3116,-0.000301673,-0.000731972
30.3165,-0.000393631,0.000251475
30.3214,-0.000762265,-0.000802799
30.3263,-0.000254083,-0.00094651
30.3312,0.000622686,-0.00135214
30.3361,0.000961463,0.000191532
30.341,-0.000242108,-0.000245416
30.3458,0.000617996,-0.000635736
30.3507,0.000634649,5.47416e-05
30.3556,0.000278002,5.50396e-05
30.3605,0.000388212,2.14577e-05
30.3654,0.000172881,0.000157517
30.3703,0.000308792,7.65692e-05
30.3752,-6.55881e-05,0.000311133
30.3801,7.52745e-05,-0.000105854
30.385,-0.000188745,0.000237227
30.3899,-8.16949e-06,-0.000629116
30.3948,0.000643048,0.000205742
30.3997,-0.000199211,0.000263912
30.4046,-2.34386e-05,-0.000227082
30.4095,0.000361936,-2.33978e-05
30.4143,-7.61687e-05,0.000210689
30.4192,0.000361207,-0.000330648
30.4241,0.00049656,0.000735366
30.429,-0.000347039,0.000534859
30.4339,-0.000519211,0.000346504
30.4388,-0.000417487,-0.000340037
30.4437,5.15528e-05,0.000151225
30.4486,-0.000444982,9.93928e-05
30.4535,-0.000624485,-5.41983e-05
30.4584,-0.000323606,-0.00101966
30.4633,0.000797556,-4.52415e-05
30.4682,-0.000507601,0.00037793
30.4731,-0.000338388,-0.000634326
30.478,0.00032244,-0.00043572
30.4828,0.000157554,-4.24716e-05
30.4877,0.000369613,-0.000243759
30.4926,0.000141366,0.000621111
30.4975,-0.000471273,-0.000372577
30.5024,0.00061292,5.90276e-05
30.5073,-0.000220315,0.000330512
30.5122,7.33894e-05,0.000359694
30.5171,-0.000788552,0.000215984
30.522,-7.71159e-05,-0.000176544
30.5269,-0.00075206,0.000160152
30.5318,-0.000218568,-0.000616845
30.5367,-0.000391416,7.43535e-05
30.5416,-0.000418453,-0.000732102
30.5465,-7.33379e-05,-0.000273849
30.5513,-0.000292672,-0.000797195
30.5562,0.000549463,-0.000553072
30.5611,0.000194481,-2.02799e-05
30.566,0.000106972,-0.00023271
30.5709,0.000297934,-1.72031e-05
30.5758,-0.000101326,0.00032489
30.5807,-0.000558525,-0.00014987
30.5856,-0.000121624,-0.000555747
30.5905,6.92821e-05,-0.000129571
30.5954,-0.0005063,-0.000268839
30.6003,-7.0445e-05,-0.000980408
30.6052,0.00041588,-0.00056152
30.6101,0.000481246,-0.000637976
30.6149,0.0008926,6.92213e-05
30.6198,2.66691e-05,0.000144412
30.6247,0.000571587,-0.000137732
30.6296,0.000149588,0.000484172
30.6345,0.000100257,0.000154226
30.6394,-0.000465345,0.000464934
30.6443,-0.000326233,-0.000714689
30.6492,0.000392202,3.84273e-05
30.6541,-0.000134364,-9.67401e-05
30.659,-7.16554e-05,0.000233906
30.6639,-0.000629839,-0.000769346
30.6688,0.00102328,-0.00045176
30.6737,-0.000143931,0.000473539
30.6786,0.000155309,-0.000315171
30.6834,-0.000222727,0.000175955
30.6883,0.00017691,-0.000701672
30.6932,0.000485117,0.00023483
30.6981,0.000187802,2.57181e-05
30.703,2.46909e-06,0.000637367
30.7079,-0.000619401,-0.000158211
30.7128,-6.8871e-05,-0.000201647
30.7177,-6.65674e-05,-0.00042313
30.7226,0.00023041,8.91945e-05
30.7275,-0.000239636,-0.000321867
30.7324,0.000392676,5.28619e-05
30.7373,-0.000404624,-0.000115965
30.7422,0.000382095,-0.000170838
30.7471,-0.000363816,-9.28912e-06
30.7519,0.000473375,-0.000329583
30.7568,-0.000186112,0.000418768
30.7617,-6.42928e-05,-0.000113892
30.7666,-0.000781609,9.10505e-05
30.7715,3.41565e-06,-0.00130604
30.7764,0.00067635,0.000149331
30.7813,-0.000344982,-0.000207978
30.7862,0.000219063,-0.000609632
30.7911,0.000698394,-0.000264736
30.796,0.000154834,0.000393066
30.8009,0.000124966,-0.000546074
30.8058,0.000887968,0.000506658
30.8107,-0.000675609,0.000498587
30.8156,7.09038e-05,-0.000761924
30.8204,0.000754003,0.00030822
30.8253,-0.000209808,0.000538324
30.8302,-0.000228347,6.19146e-05
30.8351,-0.000330207,-0.000129468
30.84,0.00030379,-0.000364069
30.8449,0.000180847,0.000419979
30.8498,-0.000189528,0.000148456
30.8547,-0.000391115,0.000216192
30.8596,-0.000391455,-0.000480284
30.8645,0.000144505,-0.000250684
30.8694,0.0001048,-0.000177325
30.8743,2.17809e-08,0.000170447
30.8792,-0.000272908,-0.000427481
30.8841,0.000536144,-0.000169405
30.8889,-5.76801e-05,0.000242124
30.8938,0.000161568,-0.000144076
30.8987,3.63769e-05,0.000540628
30.9036,-0.0008549,-8.64467e-05
30.9085,0.000100603,-0.000887951
30.9134,0.000492111,3.11878e-05
30.9183,9.66554e-05,-0.000132733
30.9232,0.000670857,0.000304073
30.9281,-0.000550849,0.000918169
30.933,-0.000706507,-0.000698721
30.9379,0.000586958,-9.1941e-05
30.9428,-0.000341505,0.000149506
30.9477,0.000422055,-3.48783e-05
30.9525,-0.000615271,0.000668074
30.9574,-0.0002901,-0.000674697
30.9623,0.000115741,0.000367716
30.9672,-0.00061721,-0.000115704
30.9721,-0.000332299,-0.000305853
30.977,-2.44218e-05,-0.000686256
30.9819,0.000442388,-4.332e-06
30.9868,-9.03853e-05,0.000139634
30.9917,-0.00022092,-2.84521e-05
30.9966,0.000142586,-0.000266129
31.0015,-5.37598e-06,0.000627692
31.0064,-0.000911528,-8.6238e-05
31.0113,-0.000255297,-0.000459381
31.0162,-0.000238229,-0.000370342
31.021,-4.72623e-05,-0.000312051
31.0259,-0.000159135,-0.00026399
31.0308,-0.000126671,-0.000343934
31.0357,-8.47112e-06,-0.000327086
31.0406,-0.00019039,-0.000341675
31.0455,0.00034365,-0.000543533
31.0504,-3.61138e-05,0.00031411
31.0553,-0.000389306,-0.000687778
31.0602,0.000319973,-0.000248362
31.0651,-0.000188372,-0.000479834
31.07,0.000476684,-0.000477705
31.0749,0.000320137,-9.25724e-05
31.0798,9.03977e-05,-5.40478e-05
31.0847,0.000335227,-0.000421914
31.0896,0.000373805,0.000457243
31.0944,-0.000375503,-0.000328212
31.0993,0.000647241,-4.75194e-05
31.1042,-0.000292031,0.00019383
31.1091,0.000299386,-0.000335558
31.114,0.000188854,0.000347203
31.1189,-0.000289026,0.00015488
31.1238,-0.000137345,-0.000395799
31.1287,0.000503972,0.000131332
31.1336,-0.000405361,0.00061179
31.1385,-0.000854037,-0.000209789
31.1434,-0.000276253,-0.000903792
31.1483,0.000381982,-0.000430207
31.1532,0.000234488,-0.000210857
31.158,1.93167e-05,0.000233459
31.1629,-0.000443026,-0.000741798
31.1678,0.000970777,-0.000289221
31.1727,-0.000236449,0.000350195
31.1776,0.000236211,-0.000388073
31.1825,-8.80293e-05,0.000124722
31.1874,0.000306399,-0.000497651
31.1923,0.000361746,0.000497605
31.1972,-0.000457632,0.000111036
31.2021,-0.00018725,-0.000308149
31.207,-9.27013e-05,-0.000325679
31.2119,0.00021477,-0.000644948
31.2168,0.000794528,5.88585e-05
31.2217,-1.40862e-06,0.00028624
31.2265,0.000349868,0.000219364
31.2314,-0.000564093,0.000469602
31.2363,-0.000126902,-0.000480541
31.2412,-6.32498e-05,0.000130721
31.2461,-4.5414e-05,-0.000206337
31.251,-0.000482107,9.18564e-05
31.2559,7.56232e-05,-0.00115033
31.2608,0.000922457,0.000422444
31.2657,-0.000431405,0.000235204
31.2706,-8.16663e-06,9.07596e-05
31.2755,-0.000591892,-0.000157799
31.2804,-1.96245e-06,-0.000431318
31.2853,-0.000160959,-0.000364617
31.2901,0.000204571,-0.00035665
31.295,-2.75041e-05,-0.000446056
31.2999,0.000714398,-0.000304331
31.3048,0.000128926,0.000262998
31.3097,0.000205794,6.59579e-05
31.3146,-0.000484913,8.36758e-05
31.3195,0.000268523,-0.000747786
31.3244,0.000220218,0.000173628
31.3293,0.000364012,-0.000594065
31.3342,0.000759604,0.000768334
31.3391,-0.00072593,0.000248769
31.344,0.000231604,-0.000489037
31.3489,0.000389511,0.000343987
31.3538,-0.000268597,0.000373432
31.3587,-0.000171879,-0.00010174
31.3635,-0.00012062,0.000211219
31.3684,-0.000438204,-8.38139e-05
31.3733,-0.000383339,-0.000317076
31.3782,9.77413e-05,-0.000785314
31.3831,0.000544559,0.000111295
31.388,-0.000315816,-0.000105585
31.3929,0.000444578,-0.000434205
31.3978,0.000356365,0.000267719
31.4027,1.84765e-05,0.0001453
31.4076,0.000141177,7.92389e-05
31.4125,0.000106308,0.000333941
31.4174,-0.000125381,0.000434577
31.4223,-0.000626321,0.000452664
31.4272,-0.000803641,-0.000307989
31.432,-0.000386603,-0.000486797
31.4369,-0.000113173,-0.000701369
31.4418,0.00024889,-0.000355477
31.4467,0.000267796,-0.000346342
31.4516,0.000348065,0.000285248
31.4565,-0.000399899,-6.13025e-05
31.4614,0.000281992,-0.000320937
31.4663,0.000189166,0.000297489
31.4712,-0.000438324,0.000288012
31.4761,-0.000315435,-0.000617447
31.481,0.000577645,0.000104359
31.4859,-0.000452614,0.000493196
31.4908,-0.000567991,3.29701e-06
31.4956,-0.000743519,-0.000451462
31.5005,-0.000159621,-0.000545762
31.5054,-0.000489071,-0.000748519
31.5103,0.000633642,-0.000933861
31.5152,0.000303589,2.975e-05
31.5201,0.000350754,-0.000237979
31.525,-2.60382e-05,0.00036683
31.5299,-0.000292368,-0.000172505
31.5348,-0.000530052,-3.32298e-05
31.5397,-0.000549833,-0.00107216
31.5446,0.00031455,-0.000919656
31.5495,0.000500657,-0.000952377
31.5544,0.00107908,-0.000231382
31.5593,0.00033576,1.74604e-05
31.5641,0.000784986,-0.000122469
31.569,0.000241796,0.000615151
31.5739,-0.000200074,-0.000213069
31.5788,0.000556547,-0.000210796
31.5837,0.000330176,0.000407965
31.5886,-0.000131856,9.59108e-05
31.5935,0.000280122,1.52363e-05
31.5984,-0.000206958,0.00035974
31.6033,-0.000154656,-0.000395279
31.6082,0.000238456,9.30831e-06
31.6131,3.77542e-05,-0.000157637
31.618,0.00023106,0.000207545
31.6229,-0.000309425,-0.000161809
31.6278,0.000591526,-0.000190722
31.6326,-0.000136911,0.000828999
31.6375,-0.00101255,-0.000471313
31.6424,0.000601724,-0.00102258
31.6473,0.000537883,0.000488571
31.6522,-0.000233991,-0.000181918
31.6571,0.00041769,1.8752e-05
31.662,-0.000139632,6.41532e-05
31.6669,0.000217536,-0.000108309
31.6718,5.25069e-05,9.40961e-05
31.6767,8.68335e-06,5.34403e-05
31.6816,-5.97958e-06,-0.000202576
31.6865,0.000383629,0.000146829
31.6914,-0.000226451,0.000264515
31.6963,-0.000119202,-0.000126816
31.7011,4.87975e-05,-0.000145659
31.706,4.60429e-05,8.53816e-05
31.7109,6.62087e-05,-0.000369323
31.7158,0.000750064,0.00049969
31.7207,-0.000657527,0.00078112
31.7256,-0.000656954,-0.000175973
31.7305,-0.000301333,-0.000592569
31.7354,0.000383315,-6.23238e-05
31.7403,-0.000365898,-0.00010734
31.7452,0.000481936,-1.19361e-05
31.7501,-0.000765798,0.000326725
31.755,0.000133633,-0.000723482
31.7599,-0.000131582,0.000360194
31.7648,-0.000234707,-0.00043962
31.7696,-0.000241927,-5.32972e-05
31.7745,-2.08649e-05,-0.000698465
31.7794,0.000139003,-8.59809e-05
31.7843,0.000179334,-0.000539688
31.7892,0.000386711,0.000192193
31.7941,-0.000106384,-0.000101701
31.799,0.000106056,-4.51942e-05
31.8039,4.70875e-05,-0.000103767
31.8088,-3.71229e-05,-1.00725e-05
31.8137,0.00017126,-0.000226281
31.8186,4.24125e-05,0.000225229
31.8235,6.69139e-05,-5.98343e-05
31.8284,-0.00037131,0.000551093
31.8332,-0.000679852,-0.000739629
31.8381,0.000377716,-0.000130939
31.843,-0.000671505,-0.00018419
31.8479,8.9973e-05,-0.000955666
31.8528,0.00052962,-0.000391227
31.8577,0.000479012,-3.85447e-05
31.8626,0.000244296,0.000308133
31.8675,-0.000479313,0.000218609
31.8724,-0.000264187,-0.00073308
31.8773,0.000407629,-0.000284654
31.8822,7.6294e-05,-0.000182432
31.8871,0.000182327,-0.000174176
31.892,0.000173623,-0.000246818
31.8969,0.000155874,6.01645e-05
31.9017,-0.00016178,-0.000526414
31.9066,0.000875246,-0.000400486
31.9115,0.000444129,0.00054767
31.9164,-0.000222569,0.00031261
31.9213,-0.000289325,-0.000293012
31.9262,0.00028051,-0.000307313
31.9311,2.45667e-05,-0.000135205
31.936,0.000502671,-0.0004427
31.9409,0.000483863,0.00040379
31.9458,-7.45134e-05,-7.71902e-05
31.9507,0.000550149,0.000136615
31.9556,-0.000277333,0.00027079
31.9605,0.000427665,-0.000469119
31.9654,0.000627207,0.000614338
31.9702,7.44654e-06,0.000703011
31.9751,-0.000723416,0.000750073
31.98,-0.000895952,-0.000531274
31.9849,2.4771e-05,-0.000572737
31.9898,0.000384598,-0.000364044
31.9947,8.81874e-05,0.000472536
31.9996,-0.00044967,-0.000588147
32.0045,0.000795079,-0.000216789
32.0094,0.000208681,0.000290879
32.0143,0.000231541,0.000555694
32.0192,-0.000603256,0.0002326
32.0241,1.81624e-05,0.00015159
32.029,-0.0010793,0.000123432
32.0338,-0.000163426,-0.00115818
32.0387,0.00047701,-0.00025678
32.0436,0.000186309,9.86815e-05
32.0485,-0.000424172,-8.47134e-05
32.0534,0.000115295,-0.000668698
32.0583,0.000235185,-0.000273556
32.0632,0.000490734,-0.000345863
32.0681,0.000384594,3.03734e-05
32.073,0.00058931,0.000131561
32.0779,-0.000187477,0.000490056
32.0828,0.000196479,-0.000412227
32.0877,0.000238543,0.000444771
32.0926,0.000154716,-0.000288308
32.0975,0.000580102,0.000799606
32.1023,-0.00067125,0.000442033
32.1072,-0.000238272,-4.08879e-05
32.1121,-0.000318021,-0.000187327
32.117,0.000109217,-0.000297217
32.1219,0.000343615,-0.000101457
32.1268,0.000266346,0.000488584
32.1317,-0.000323244,0.00027378
32.1366,-0.000259625,7.04556e-05
32.1415,-3.55941e-05,-0.000356643
32.1464,0.000517646,0.000535899
32.1513,-0.000800937,0.000605385
32.1562,-0.000485909,-0.000202895
32.1611,-0.000572536,-0.000125252
32.166,-0.000234593,-0.00057461
32.1708,-1.64216e-05,-0.000187143
32.1757,-0.000303557,-0.000288256
32.1806,-1.68119e-06,-0.000693507
32.1855,0.00050815,-0.000329084
32.1904,0.000452254,6.81901e-06
32.1953,0.000196422,0.000586117
32.2002,-0.000643648,3.00502e-05
32.2051,4.16564e-06,-0.000320974
32.21,-4.47301e-05,-0.000301599
32.2149,0.0004771,0.000241164
32.2198,-0.00093691,8.3331e-05
32.2247,0.000567227,-0.000943424
32.2296,-4.50964e-06,0.000770597
32.2345,-0.000353472,-0.00081235
32.2393,0.000685561,0.000171004
32.2442,-0.000402134,0.000264759
32.2491,-0.000409379,-0.000570712
32.254,0.000962755,-0.000797
32.2589,0.000641763,0.00119046
32.2638,-0.000648349,9.80149e-05
32.2687,4.9844e-05,0.000384492
32.2736,-0.000848239,-0.000325904
32.2785,0.000635784,-0.000346187
32.2834,-0.000253766,0.000570675
32.2883,-0.000392051,-0.000145972
32.2932,-0.000195532,-0.000349168
32.2981,0.000407784,0.000106499
32.303,-0.000811291,0.000465288
32.3078,-0.000411183,-0.000937467
32.3127,0.000370512,-0.000145508
32.3176,-0.000156207,-1.72267e-05
32.3225,-0.000163958,-0.000120781
32.3274,-0.000181682,-0.000314523
32.3323,1.32397e-05,-0.000151129
32.3372,-0.00039318,-0.000294231
32.3421,0.000150223,-0.000736231
32.347,0.000287319,-0.000181709
32.3519,0.00026416,-0.000458175
32.3568,0.000637255,0.000121253
32.3617,4.05079e-05,0.000233112
32.3666,0.000155562,0.000176256
32.3714,-0.00017928,0.000350368
32.3763,-0.000585949,0.00011411
32.3812,-0.000459211,-0.000755966
32.3861,0.000523141,-0.000357717
32.391,-9.6522e-05,6.97962e-05
32.3959,3.8814e-05,-0.000202429
32.4008,-0.000252605,-0.000269275
32.4057,0.00048764,-0.000599932
32.4106,0.00033495,0.00031965
32.4155,2.21564e-05,-0.000154545
32.4204,0.00031929,0.000280217
32.4253,-0.0003844,0.00024531
32.4302,-0.000260813,-0.00026876
32.4351,-3.2349e-05,-0.000334043
32.4399,0.000315304,-0.000168894
32.4448,-0.000142965,0.000261213
32.4497,-0.000138899,-0.000595795
32.4546,0.000630253,0.000256097
32.4595,-0.00075178,0.000200739
32.4644,0.000271074,-0.00077547
32.4693,0.000251847,0.000544553
32.4742,-0.00062424,-9.60534e-05
32.4791,-0.000232598,-0.000367691
32.484,-0.00030714,-0.00077618
32.4889,0.000811117,-0.000920501
32.4938,0.000844941,0.000252791
32.4987,0.000494346,0.000234845
32.5036,0.000123492,0.0010149
32.5084,-0.000929052,-7.3701e-05
32.5133,0.000361651,-0.000148572
32.5182,-0.000622212,0.00039187
32.5231,-0.000346507,-0.000450375
32.528,-0.000408236,-0.000295935
32.5329,-5.9386e-05,-0.00059449
32.5378,-0.000359861,-0.000649397
32.5427,0.000779715,-0.00116984
32.5476,0.000669148,0.000142456
32.5525,0.000524885,-0.000475568
32.5574,0.000918842,0.000415422
32.5623,0.000185127,0.000640235
32.5672,-0.000596857,0.000408903
32.5721,-0.000126703,-0.000966484
32.5769,0.00101285,4.73393e-05
32.5818,7.91314e-05,0.00045954
32.5867,0.000116654,-9.71734e-06
32.5916,0.00050847,0.000222955
32.5965,6.6258e-05,0.000786385
32.6014,-0.000344957,0.000500743
32.6063,-0.000841826,0.000322705
32.6112,-0.000411597,-0.000806579
32.6161,0.000440732,4.45623e-05
32.621,-0.000351988,0.000302127
32.6259,-0.000662506,-0.000270752
32.6308,0.000228376,-0.000886626
32.6357,0.000332371,0.000422057
32.6406,-0.000450744,-0.000506828
32.6454,0.00063907,-9.15528e-05
32.6503,-0.000202563,9.4112e-05
32.6552,0.000157333,-4.66634e-06
32.6601,-0.000386259,-0.000269803
32.665,0.000680654,-0.000449981
32.6699,0.000259585,0.000464683
32.6748,6.04568e-05,0.000230519
32.6797,-0.000354165,0.000244054
32.6846,4.45859e-05,-0.00030802
32.6895,0.000150125,0.000435912
32.6944,-0.000552132,0.000240175
32.6993,-0.000509489,-0.000294097
32.7042,-0.000119301,-0.000454562
32.709,-5.07979e-05,-0.000342355
32.7139,0.000296559,-0.000493129
32.7188,0.000424909,0.00026569
32.7237,-0.000426658,-8.31831e-06
32.7286,0.000380274,-0.000541868
32.7335,0.000390637,0.000448232
32.7384,-0.000220386,0.000200639
32.7433,-0.000278884,9.12134e-05
32.7482,-0.000154306,-0.000490216
32.7531,0.000505548,0.0001042
32.758,-0.000256856,0.000317295
32.7629,-0.000109309,8.35962e-05
32.7678,-0.000601403,0.000126459
32.7727,-0.00042944,-0.000677226
32.7775,0.000332351,-0.000579513
32.7824,0.00038682,0.000130087
32.7873,-0.000205303,4.80652e-05
32.7922,0.000153584,-0.000159296
32.7971,-4.65822e-05,0.000234961
32.802,-0.000256596,3.93321e-05
32.8069,-0.000409149,-4.88877e-05
32.8118,-0.000379664,-0.000421727
32.8167,-6.68202e-05,-0.000551369
32.8216,0.000157541,-0.000297661
32.8265,-0.000137032,-0.00034772
32.8314,0.000339266,-0.000485142
32.8363,9.71431e-06,-8.94343e-05
32.8412,0.000379329,-0.00072731
32.8461,0.000652212,0.000362818
32.8509,-0.000286623,-0.0001854
32.8558,0.000681669,-0.000229659
32.8607,0.000101955,0.000221281
32.8656,0.000633636,3.06149e-05
32.8705,-0.000162405,0.0010063
32.8754,-0.000659653,-0.000249465
32.8803,-2.53066e-06,-1.34923e-05
32.8852,-0.000374974,-0.00034079
32.8901,0.000299126,-0.000264626
32.895,-0.000113889,-2.3275e-05
32.8999,0.000117283,-0.000361559
32.9048,0.000418359,-0.000103793
32.9097,0.000235995,0.000532861
32.9145,-0.000679273,0.000111698
32.9194,2.79801e-07,-0.000467224
32.9243,-0.00014084,-3.70182e-05
32.9292,6.07236e-06,-0.000533638
32.9341,0.000259693,-0.000199267
32.939,0.000331697,-0.00031105
32.9439,0.000564018,0.000180604
32.9488,0.000102651,0.000453887
32.9537,-0.000274691,0.000216613
32.9586,-8.0429e-05,-5.9295e-05
32.9635,-0.000222747,7.27282e-05
32.9684,7.24899e-05,-0.000266276
32.9733,-0.000111798,0.000504064
32.9782,-0.000724696,-0.000426041
32.983,0.0001332,-0.00029874
32.9879,-0.000409189,-0.000446035
32.9928,0.000552617,-0.000531095
32.9977,-7.05261e-05,0.000173568
33.0026,-6.10725e-06,-0.000462879
33.0075,-3.86147e-05,-0.000279865
33.0124,0.000447406,-0.000804661
33.0173,0.000803414,0.000186641
33.0222,7.44976e-05,0.000113085
33.0271,0.000306178,-6.00253e-05
33.032,0.000306612,9.80188e-05
33.0369,0.000142429,0.000239109
33.0418,3.64789e-05,5.70389e-06
33.0466,0.000127454,0.000173728
33.0515,-0.000154127,-0.000122819
33.0564,0.00045371,-0.000128157
33.0613,1.39172e-05,0.000413667
33.0662,-0.000132658,-0.000269263
33.0711,0.000397286,-4.25394e-05
33.076,0.000148395,3.42099e-06
33.0809,0.000625605,5.96548e-05
33.0858,0.000329357,0.000736907
33.0907,-9.80139e-05,0.000620974
33.0956,-0.000490636,0.000631159
33.1005,-0.000723949,-0.000169018
33.1054,9.5234e-05,-0.000259008
33.1103,-0.000116851,0.000258619
33.1152,-0.000233814,-6.85262e-05
33.12,-0.000141016,0.000139618
33.1249,-0.000504514,-0.000160939
33.1298,-5.32631e-06,-0.000550305
33.1347,0.000434108,-0.000125642
33.1396,5.46425e-05,0.00037972
33.1445,-0.000255041,-0.000157068
33.1494,0.000303553,6.43369e-05
33.1543,-0.000282818,0.000168295
33.1592,0.000190485,-0.000130223
33.1641,-0.000109567,0.000371213
33.169,-0.000124476,-7.60696e-05
33.1739,9.4525e-06,0.000190553
33.1788,-8.02838e-05,0.000285042
33.1837,-0.000585627,0.000227016
33.1885,-3.09221e-05,-0.00034567
33.1934,-0.0002045,0.000653768
33.1983,-0.000936036,-0.000330064
33.2032,-1.51896e-05,-0.000398479
33.2081,-0.000202275,-0.000227181
33.213,0.000181625,-0.000141962
33.2179,-0.000152476,0.000295273
33.2228,-0.000487187,2.01235e-05
33.2277,-0.000352946,-0.000207872
33.2326,-0.000395248,-0.000159757
33.2375,-0.000253191,-0.000496351
33.2424,-4.01473e-05,-5.91284e-05
33.2473,-0.00054858,-0.00047119
33.2521,0.000544681,-0.000589431
33.257,-1.54753e-06,0.000774731
33.2619,-0.00108626,-0.000226105
33.2668,-0.000280012,-0.000647332
33.2717,-0.000454612,-0.000693506
33.2766,0.000470941,-0.000896741
33.2815,0.000214227,0.000145236
33.2864,-0.00019532,-0.000296181
33.2913,-0.000300147,-0.000271402
33.2962,0.000110042,-0.00103258
33.3011,0.00077165,0.000131353
33.306,-0.000478505,0.000111692
33.3109,-9.94575e-05,-0.000509997
33.3158,-2.65032e-05,-0.000330048
33.3206,-6.99839e-05,-0.000344852
33.3255,-3.30505e-05,-0.000578128
33.3304,0.00015046,-0.000312724
33.3353,-0.000209069,-0.000782405
33.3402,0.000965334,-0.000809969
33.3451,0.00056184,0.000440894
33.35,-0.00027535,1.04747e-05
33.3549,-0.000232521,-0.000535969
33.3598,0.0003219,-0.000868818
33.3647,0.00066931,-0.00033784
33.3696,0.000383654,-0.000332754
33.3745,0.000792901,-0.000359435
33.3794,0.000774853,0.000196465
33.3843,0.000461815,0.000266556
33.3891,0.000410328,0.000374341
33.394,2.85514e-05,0.000496755
33.3989,-0.000206733,0.000117276
33.4038,-3.87974e-06,7.26668e-06
33.4087,-0.000111694,4.16179e-05
33.4136,-0.000149703,-8.85639e-05
33.4185,-0.000185688,-0.000333206
33.4234,0.000248539,-0.000416952
33.4283,0.000145406,-7.3232e-05
33.4332,6.05294e-05,-0.000336145
33.4381,0.00026952,-0.000386657
33.443,0.000543925,-0.000246859
33.4479,0.000285033,4.74804e-05
33.4528,0.000390826,-0.000352399
33.4576,0.000714254,0.000119461
33.4625,0.000350247,0.000219286
33.4674,0.000469143,0.000192094
33.4723,0.000380962,0.000607519
33.4772,-0.000462199,0.000539243
33.4821,-0.000234492,-0.000595902
33.487,0.000842538,-0.000203196
33.4919,0.000683369,0.000709035
33.4968,-0.000268377,0.00102191
33.5017,-0.000698718,5.71677e-06
33.5066,2.56056e-05,-6.36218e-05
33.5115,-0.000198021,9.79289e-05
33.5164,-8.54067e-06,9.08572e-05
33.5213,-0.000503797,0.000176324
33.5261,-0.000241335,-0.000532416
33.531,0.000121907,-3.29098e-05
33.5359,-0.000282349,-0.000202549
33.5408,-0.000127386,-0.000253295
33.5457,-0.000261556,-0.000907855
33.5506,0.00119194,-0.000733314
33.5555,0.000653379,0.000466681
33.5604,0.00054537,0.000321935
33.5653,-0.00030148,0.000781602
33.5702,-0.000248305,-0.000361914
33.5751,-0.000123561,0.000143933
33.58,1.54915e-05,-0.000863004
33.5849,0.000837229,0.000216787
33.5897,-6.45919e-05,-4.17937e-05
33.5946,0.000609881,0.00011537
33.5995,-4.23696e-07,0.000214473
33.6044,0.000280563,0.000136804
33.6093,-9.13654e-06,-6.68717e-05
33.6142,0.000763669,0.000100552
33.6191,0.000145197,0.000715248
33.624,7.80764e-05,0.000480172
33.6289,-0.000418445,0.000663392
33.6338,-0.000624753,1.95046e-05
33.6387,-0.000433102,-0.000446802
33.6436,0.000469845,-0.000624892
33.6485,0.00063816,0.00038217
33.6534,5.2678e-05,0.000487165
33.6582,-0.000267588,0.000452372
33.6631,-0.000362957,-0.000260999
33.668,0.000503393,5.9545e-05
33.6729,-0.000285293,0.000534865
33.6778,-3.95473e-05,-0.000124168
33.6827,-0.000120747,0.000548564
33.6876,-0.000592944,-0.000140304
33.6925,-3.0096e-05,-0.000162837
33.6974,-0.000148554,-0.000192351
33.7023,0.000270887,-0.000112496
33.7072,1.4314e-05,0.000264922
33.7121,-0.000108093,6.98156e-05
33.717,-0.000237181,0.000180567
33.7219,-0.000328256,-0.000488993
33.7267,0.000768153,-0.000103184
33.7316,-0.000273975,0.00081073
33.7365,-0.000482237,-0.00036882
33.7414,0.000178532,-9.36166e-05
33.7463,-6.83348e-05,0.000123322
33.7512,-0.000342028,-0.00019869
33.7561,0.00044353,-0.000484665
33.761,0.000353556,0.000393024
33.7659,0.000161763,0.000220013
33.7708,-0.000253174,0.000488689
33.7757,8.23894e-05,-0.00018106
33.7806,-0.000130134,0.000865899
33.7855,-0.00073069,-0.000300765
33.7904,7.778e-05,2.61389e-05
33.7952,-0.00012314,-0.000171537
33.8001,0.000105762,0.000533159
33.805,-0.000713981,2.62304e-05
33.8099,-0.00026146,-3.77758e-05
33.8148,-0.000413976,-0.000453369
33.8197,0.000166597,-9.15621e-05
33.8246,-9.56433e-05,-0.000244154
33.8295,0.000176395,0.000419041
33.8344,-0.000742088,-0.000181255
33.8393,0.000211366,-0.000214479
33.8442,-0.000246379,-3.02118e-05
33.8491,6.69568e-07,0.000251011
33.854,-0.000893904,-0.000246711
33.8589,0.000151146,-0.000518026
33.8637,-0.000376881,-0.000261065
33.8686,0.000366991,-0.000492573
33.8735,-0.000133277,7.21722e-05
33.8784,3.92737e-05,-0.000393636
33.8833,8.24125e-06,-0.000179884
33.8882,0.00015322,-0.000315435
33.8931,0.000295867,-0.000322912
33.898,0.000627581,0.000285348
33.9029,-0.000260142,0.000351171
33.9078,5.01767e-05,0.00013965
33.9127,-0.000668849,9.62868e-05
33.9176,-2.99353e-05,-0.00070439
33.9225,0.000326138,-0.000198538
33.9273,0.000349686,0.000156686
33.9322,-0.000265476,0.000139943
33.9371,0.00017433,-0.000225369
33.942,7.64954e-05,0.000164416
33.9469,3.89147e-05,0.000197593
33.9518,-0.000376127,2.02968e-05
33.9567,0.000190259,-7.10809e-05
33.9616,-0.000501858,0.000201073
33.9665,8.80189e-05,-0.000607846
33.9714,0.00025006,0.000366598
33.9763,-0.000376486,0.000128667
33.9812,-0.000361847,-0.000180783
33.9861,2.55832e-05,-0.00032488
33.991,-0.000151254,0.000108278
33.9958,-0.000375454,-0.000453395
34.0007,0.000235973,-0.000485554
34.0056,0.000206445,-0.000120384
34.0105,0.000293198,-0.000111244
34.0154,-0.000149149,0.000435164
34.0203,-0.000617926,-0.00093481
34.0252,0.00137218,-0.000596426
34.0301,0.000302765,0.000865106
34.035,6.85907e-05,-3.22133e-05
34.0399,0.000300879,0.000485904
34.0448,-0.000224108,0.000505765
34.0497,-0.000444852,9.66059e-05
34.0546,-8.9758e-05,-4.556e-05
34.0595,-0.000192473,-3.90385e-05
34.0643,0.000269223,0.000175863
34.0692,-0.000704118,0.000577394
34.0741,-0.000541573,-0.000659143
34.079,0.000209603,-0.000125606
34.0839,-0.000300635,9.53597e-05
34.0888,-0.000346336,-0.000450008
34.0937,0.000390568,-0.000349698
34.0986,3.19041e-05,0.000311427
34.1035,-0.000223761,-9.55904e-05
34.1084,-1.87244e-05,-4.54001e-05
34.1133,-0.000135219,4.82475e-05
34.1182,-0.000220234,-0.000121109
34.1231,-6.14648e-05,-2.68734e-05
34.1279,-0.000347209,-0.000149414
34.1328,5.15824e-05,-0.000242072
34.1377,-0.000249788,7.57988e-06
34.1426,-0.000177537,-0.000390903
34.1475,0.000150185,-0.00035396
34.1524,0.000336264,0.000218339
34.1573,-0.000596019,0.000312248
34.1622,-0.000493299,-0.000478139
34.1671,-0.000238037,-0.0006013
34.172,0.00022539,-0.000641924
34.1769,0.000337102,-0.000399388
34.1818,0.000538843,1.27063e-05
34.1867,-9.35087e-05,-1.36621e-05
34.1916,0.000572265,-7.11895e-05
34.1964,-0.000333409,0.00046863
34.2013,7.71742e-05,-0.000550404
34.2062,0.000272202,0.000338312
34.2111,-6.89648e-05,7.06189e-05
34.216,-0.000324293,0.000284097
34.2209,-0.00026978,-0.00057793
34.2258,0.00051535,3.36864e-05
34.2307,-0.000253315,0.000509202
34.2356,-0.000658596,-0.000229108
34.2405,9.5663e-05,-0.000400778
34.2454,-0.000299778,-1.75521e-05
34.2503,0.000110082,-0.000524331
34.2552,-0.000107715,0.000113766
34.2601,0.000137177,-0.00063483
34.2649,0.0002648,0.000545558
34.2698,-0.000627775,-0.000372678
34.2747,0.000384284,-0.000124681
34.2796,-0.000435053,1.5031e-05
34.2845,8.60511e-05,-0.000303522
34.2894,-0.000376058,5.94764e-05
34.2943,-0.000238492,-0.000647003
34.2992,9.11676e-05,-0.000219858
34.3041,-0.000335522,-0.00055374
34.309,0.000495939,-0.000728214
34.3139,0.000240904,-1.62949e-05
34.3188,0.000265013,-0.000501361
34.3237,0.000431035,0.000200461
34.3286,-0.000270764,-0.000207634
34.3334,0.000287613,-0.000459644
34.3383,0.000331817,-0.000354977
34.3432,0.000791974,-6.95678e-05
34.3481,0.000174576,0.000578042
34.353,-0.000234835,-0.000192851
34.3579,0.000539406,-0.000139186
34.3628,4.29456e-05,0.000501812
34.3677,-0.000315488,-0.000142025
34.3726,6.84856e-05,-0.000276782
34.3775,0.000271669,-0.000277119
34.3824,0.000364065,0.000110823
34.3873,8.37391e-05,-1.38066e-05
34.3922,0.000344882,0.000100888
34.3971,4.58819e-05,0.000195581
34.4019,0.000170771,0.000216885
34.4068,-0.000306267,0.000295148
34.4117,-0.000172375,-0.000208976
34.4166,-8.01345e-05,-6.44553e-05
34.4215,2.99704e-05,-0.000276161
34.4264,6.44778e-05,-1.74463e-05
34.4313,2.97341e-05,-0.000369911
34.4362,0.000458848,-6.28361e-05
34.4411,9.15295e-05,2.282e-05
34.446,0.000455601,-0.000179641
34.4509,0.000615029,0.000494455
34.4558,-0.000188505,0.000710407
34.4607,-0.000198898,6.61523e-05
34.4655,-9.25534e-05,0.000495845
34.4704,-0.000679269,2.49813e-05
34.4753,-0.000133781,-0.00024839
34.4802,-0.000187399,-7.55917e-05
34.4851,-0.000175236,-0.000158101
34.49,-8.36466e-05,-0.000328967
34.4949,7.06533e-05,-0.000110983
34.4998,4.05398e-05,-0.000376474
34.5047,0.000427212,0.000202511
34.5096,-0.000409479,3.87873e-05
34.5145,0.000111531,-0.000211898
34.5194,-0.000263801,-0.000315368
34.5243,0.000664083,-0.000429592
34.5292,0.00016747,0.000251122
34.534,0.000480074,-4.64066e-05
34.5389,6.54601e-06,0.000534565
34.5438,0.000137259,5.56946e-05
34.5487,-0.000333631,0.000561417
34.5536,-0.00018862,-0.00044326
34.5585,0.000154645,0.000388438
34.5634,-0.000431461,-0.000152111
34.5683,8.84732e-05,-7.47243e-05
34.5732,-0.000108507,-0.000167383
34.5781,0.000206141,-3.88883e-05
34.583,5.08588e-05,-7.8789e-05
34.5879,0.000510609,0.000175607
34.5928,-0.000106221,0.000823858
34.5977,-0.000717433,0.000204777
34.6026,-0.00043563,-0.000126037
34.6074,-0.000474494,-0.000415704
34.6123,0.000320047,-0.00049776
34.6172,4.94793e-05,0.000265699
34.6221,-0.000115521,-0.000223098
34.627,0.000132241,0.000173568
34.6319,-0.000364201,0.000158056
34.6368,-0.000520131,-0.000297394
34.6417,0.000146202,-0.000749768
34.6466,0.000485213,0.000106477
34.6515,-9.94341e-05,5.74958e-05
34.6564,9.21103e-05,-1.35951e-06
34.6613,-8.50457e-05,4.29309e-05
34.6662,-5.80014e-05,-4.04775e-05
34.671,-1.82594e-05,-8.0432e-05
34.6759,-3.85863e-05,3.8648e-05
34.6808,-9.29515e-05,-0.000172818
34.6857,0.000142029,-1.71664e-05
34.6906,-4.84118e-05,3.85312e-05
34.6955,-6.8164e-05,3.313e-05
34.7004,-7.65262e-05,-0.000260415
34.7053,0.000470237,0.000113568
34.7102,-0.000330515,0.0004908
34.7151,-0.000180354,-0.000274569
34.72,7.39125e-05,0.000306046
34.7249,-0.000564522,4.56173e-05
34.7298,-0.000122947,-0.000502259
34.7347,0.000536617,-2.43762e-05
34.7395,-0.000177578,0.000826874
34.7444,-0.000795077,-0.000220813
34.7493,0.000230827,-9.05912e-05
34.7542,-0.000506808,0.000483726
34.7591,-0.000708066,-0.000135676
34.764,-0.000641002,-0.000382605
34.7689,-0.000277663,-0.000609041
34.7738,-0.000123551,-0.000457596
34.7787,-1.91558e-05,-0.000374018
34.7836,-1.77539e-05,-0.000422252
34.7885,0.000291111,-1.01865e-05
34.7934,-0.000548025,1.91281e-05
34.7983,3.73545e-05,-0.000468286
34.8032,-0.000557857,0.000132514
34.808,-0.000373324,-0.00109306
34.8129,0.000286485,-0.000289815
34.8178,-0.000244258,-0.000565864
34.8227,9.59092e-05,-0.000513875
34.8276,0.000100211,-0.000890396
34.8325,0.000807107,-0.000291997
34.8374,-9.81183e-06,-0.000125726
34.8423,0.000429564,-0.000421769
34.8472,6.85687e-05,-0.000134802
34.8521,0.000383354,-0.000637772
34.857,0.000578313,-0.000164889
34.8619,0.000585361,-0.000268501
34.8668,0.000818734,0.000166289
34.8717,0.000552004,0.00055766
34.8765,-7.98015e-05,0.000760094
34.8814,-0.000493614,7.78585e-05
34.8863,-7.8552e-05,-0.000313634
34.8912,0.00043584,-9.95836e-05
34.8961,-3.92409e-05,0.000566169
34.901,-0.000361922,-0.000304246
34.9059,0.000314762,0.000130018
34.9108,-0.000461675,3.62177e-05
34.9157,0.000102796,-0.00030603
34.9206,-2.94293e-05,-1.84232e-05
34.9255,3.30786e-05,3.01469e-05
34.9304,-0.00041006,-0.000142422
34.9353,0.000106233,-0.000410516
34.9402,-0.000167274,-0.000225082
34.945,0.00035886,-0.000618169
34.9499,0.000434134,7.6024e-05
34.9548,0.000172779,9.71316e-05
34.9597,-0.000223963,5.95869e-05
34.9646,0.000124087,-0.000561378
34.9695,0.000500102,0.00013686
34.9744,-0.000253403,7.59381e-05
34.9793,0.000231295,-0.000598061
34.9842,0.000683779,0.000295893
34.9891,-0.000300427,0.000194971
34.994,0.000333056,-0.000235173
34.9989,2.57931e-05,0.00025877
35.0038,0.000173962,-0.000146658
35.0086,0.000139182,0.000237781
35.0135,0.000192522,0.000117986
35.0184,-0.000145764,0.000572833
35.0233,-0.000518735,2.62814e-05
35.0282,-0.000352534,-0.000181576
35.0331,-7.53275e-05,-0.00028754
35.038,-0.000308575,8.53095e-06
35.0429,-0.00042601,-0.00072498
35.0478,0.000472594,-0.00075981
35.0527,0.00050186,0.000105681
35.0576,-0.000239473,-0.000186511
35.0625,0.000469212,-0.000458923
35.0674,0.000116525,3.82034e-06
35.0723,0.000412231,-0.000412831
35.0771,0.000337045,-9.52078e-06
35.082,0.000753571,-0.000155898
35.0869,0.00022004,0.000719316
35.0918,8.86411e-05,-0.000224612
35.0967,0.000481717,0.000605955
35.1016,-0.00036337,0.000312587
35.1065,-0.000128035,-2.15875e-05
35.1114,7.04028e-05,-4.88804e-05
35.1163,-0.000195362,5.13327e-05
35.1212,0.000442548,-0.000452804
35.1261,0.000238125,0.000886737
35.131,-0.000642071,-0.000307021
35.1359,0.000492478,-1.94583e-05
35.1408,-0.000217337,0.000216641
35.1456,-9.99095e-05,1.47431e-05
35.1505,-0.000207284,-0.000349595
35.1554,0.000441829,-0.000172336
35.1603,0.000125803,0.000169072
35.1652,-5.14059e-05,4.69199e-05
35.1701,0.00029356,-0.000318794
35.175,0.000373005,0.000704085
35.1799,-0.000681074,-0.000191855
35.1848,0.000777094,-0.000222852
35.1897,-0.000102981,0.000638772
35.1946,-7.62855e-06,-2.7684e-05
35.1995,-0.000103041,0.000325419
35.2044,-0.000159264,-5.27989e-05
35.2093,8.3792e-05,5.33163e-05
35.2141,-5.87268e-05,0.000326103
35.219,-0.00038718,-5.42225e-05
35.2239,0.000135808,-3.14685e-05
35.2288,-0.000288121,9.31114e-05
35.2337,0.000121385,-0.000106674
35.2386,-0.000289638,0.000185344
35.2435,0.000100229,-0.000356958
35.2484,0.000164456,0.000433385
35.2533,-0.000407064,0.000113344
35.2582,-9.93727e-05,-7.66367e-05
35.2631,-0.00017665,0.000275152
35.268,-0.000813792,-0.00022785
35.2729,0.000293361,-0.000862953
35.2778,0.000344258,0.000452133
35.2826,-0.000492308,-0.000116574
35.2875,0.000181673,-0.000352683
35.2924,0.000296858,0.000162388
35.2973,-0.000232562,0.000406085
35.3022,-0.000318482,-9.10052e-05
35.3071,-0.000277649,0.000152634
35.312,-0.000536771,-0.000304854
35.3169,-0.000209386,-0.000353214
35.3218,-8.94737e-05,-0.000554887
35.3267,0.000141741,-0.000156569
35.3316,-0.000106044,-0.000523953
35.3365,0.000613619,-0.000134642
35.3414,-0.000156863,0.000249673
35.3462,-0.000192587,-0.000330472
35.3511,0.000294321,-0.0005669
35.356,0.000769019,0.000375158
35.3609,-0.000508629,0.000545135
35.3658,-0.000327695,-0.000258485
35.3707,-0.000235608,-0.00040292
35.3756,0.000450705,-0.000271008
35.3805,-0.000220613,0.000135895
35.3854,0.000360584,-0.000443128
35.3903,4.34974e-05,0.000623798
35.3952,-0.000460691,-0.000320393
35.4001,0.000174398,3.54013e-05
35.405,-0.000548817,5.66794e-06
35.4099,-0.000236231,-0.000650352
35.4147,0.000212025,-0.000370144
35.4196,-5.65367e-05,-0.000290791
35.4245,0.000291143,-0.000512106
35.4294,0.0003409,-9.24336e-05
35.4343,0.000261123,-0.000105006
35.4392,0.000134702,7.38052e-05
35.4441,1.90425e-05,-8.74531e-05
35.449,-4.96704e-06,-0.000166208
35.4539,0.000240675,-0.000239703
35.4588,5.83699e-05,2.13426e-05
35.4637,6.54453e-05,-0.000342534
35.4686,0.000263555,-0.000245929
35.4735,0.000488282,-0.000299411
35.4784,0.000676471,0.000193908
35.4832,0.000267154,0.000639017
35.4881,-0.000589551,0.00020203
35.493,0.000344491,-0.0006732
35.4979,0.000559386,0.000668789
35.5028,-0.000409412,0.000173387
35.5077,0.000109029,9.59049e-05
35.5126,-0.00041015,0.000110875
35.5175,-6.77726e-05,-0.000445963
35.5224,0.000285363,-0.0001022
35.5273,4.56143e-05,2.08515e-06
35.5322,0.000227438,-0.000133691
35.5371,0.000219617,0.000183299
35.542,9.43787e-05,0.000129654
35.5468,4.71475e-06,0.000295736
35.5517,-0.000217733,0.00013256
35.5566,-0.000274898,3.35874e-05
35.5615,-0.000240839,-0.000299843
35.5664,0.000112573,-0.000290278
35.5713,0.000192608,-3.59973e-05
35.5762,-0.000139781,7.43143e-05
35.5811,-0.000117184,-0.000447995
35.586,0.000459225,-0.000313189
35.5909,0.000356126,0.000166277
35.5958,2.83202e-05,3.09311e-05
35.6007,0.000376088,-8.98843e-05
35.6056,0.000353284,0.000399929
35.6105,-9.7964e-05,0.000527926
35.6154,-0.000472684,-1.17567e-05
35.6202,0.000349344,-0.00011624
35.6251,-0.000382691,0.000642912
35.63,-0.000441048,-0.000619137
35.6349,0.000416317,3.37694e-05
35.6398,-0.000239548,0.000106551
35.6447,-2.55806e-05,-5.63664e-05
35.6496,-0.000186369,-2.98024e-05
35.6545,-0.000113641,-0.000254186
35.6594,0.000211309,-0.000223113
35.6643,5.94307e-05,0.000158246
35.6692,-0.000110561,-0.000165625
35.6741,0.000160853,-0.000129633
35.679,0.000266278,9.85658e-05
35.6838,-0.00023596,0.000353648
35.6887,-0.000161854,-0.000350887
35.6936,0.000168258,0.000174363
35.6985,-0.000201083,-1.5255e-05
35.7034,-0.000168285,0.000218081
35.7083,-0.000596222,-0.000378899
35.7132,8.81146e-05,-0.000433776
35.7181,-4.63967e-05,-0.000408427
35.723,0.000386955,-0.000142363
35.7279,-0.000357239,-8.4864e-05
35.7328,0.000277723,-0.000825023
35.7377,0.00061489,7.10329e-05
35.7426,-7.84811e-05,-3.90625e-05
35.7475,0.000309032,-0.000423274
35.7523,0.000426194,-9.19788e-05
35.7572,0.00047698,-0.000183888
35.7621,0.00068824,9.99769e-05
35.767,0.000789449,0.00047091
35.7719,8.12249e-05,0.00120182
35.7768,-0.000652698,0.000305523
35.7817,-0.000251215,0.000260621
35.7866,-0.00065005,-0.000337793
35.7915,0.000506718,-0.000355729
35.7964,-8.02399e-05,0.000372226
35.8013,2.96121e-05,-0.000206433
35.8062,6.9098e-05,0.000239427
35.8111,-7.19791e-05,-8.77856e-05
35.816,0.000172502,0.000137983
35.8208,-5.59487e-05,0.00022185
35.8257,-0.000259534,0.000186302
35.8306,-0.000195735,-0.000277602
35.8355,0.000231942,0.000128679
35.8404,-0.000421741,2.75633e-05
35.8453,0.000353658,-0.000311645
35.8502,-5.60984e-05,0.000703146
35.8551,-0.000737604,-0.000191504
35.86,-3.65159e-05,-0.000446197
35.8649,0.00012823,-0.000208465
35.8698,1.97203e-05,3.04172e-05
35.8747,-9.82639e-05,-0.000236465
35.8796,0.000157192,-0.000150038
35.8844,0.000138102,-0.000129761
35.8893,0.000219792,0.000132655
35.8942,-0.000161381,7.22399e-05
35.8991,4.07327e-05,-0.000175235
35.904,0.000115668,2.75973e-05
35.9089,1.74522e-05,-3.66831e-05
35.9138,0.000218675,0.000120453
35.9187,-0.000295566,0.000285899
35.9236,-0.000164279,-0.000296724
35.9285,-2.29198e-05,3.1869e-06
35.9334,-1.04689e-05,-0.000294742
35.9383,0.000104964,0.000104202
35.9432,-9.70176e-05,-0.000293929
35.9481,0.00032772,9.94608e-05
35.953,-0.000266888,1.61074e-05
35.9578,0.000109581,-0.000268911
35.9627,0.000271209,-6.4665e-05
35.9676,0.000101006,0.000409529
35.9725,-0.000472463,-0.000143184
35.9774,0.00024937,-0.000195695
35.9823,-0.000272239,1.10252e-05
35.9872,0.000167748,-0.000513879
35.9921,0.000397172,-6.30784e-05
35.997,0.000451117,0.000172645
36.0019,-1.31194e-05,0.000567262
36.0068,-0.000377548,0.000195743
36.0117,-0.000476903,-0.000118293
36.0166,-6.10644e-05,-0.000511633
36.0215,7.94354e-05,-0.00010129
36.0263,-1.93814e-05,-0.000437622
36.0312,0.000404611,-0.000156164
36.0361,9.4597e-05,-0.000182569
36.041,0.000564616,-9.61169e-05
36.0459,0.000110818,0.000195298
36.0508,0.000466602,-8.88938e-05
36.0557,0.000175286,0.000532004
36.0606,0.000123765,-1.84032e-06
36.0655,0.000142436,0.000744635
36.0704,-0.000783124,-2.27397e-05
36.0753,0.000296757,-0.000540743
36.0802,0.000487207,0.000314877
36.0851,-5.67327e-05,0.000486889
36.0899,-0.000180884,0.000171076
36.0948,-0.000133552,0.000252203
36.0997,-0.000339889,0.00010691
36.1046,-0.000283291,-0.000132439
36.1095,0.000128941,-0.00018835
36.1144,-7.91718e-05,0.000415641
36.1193,-0.00050833,-0.000186546
36.1242,2.00181e-06,-0.000156117
36.1291,-0.000280551,-0.000194496
36.134,0.000147913,-0.000448253
36.1389,0.000470079,6.54251e-05
36.1438,-0.00026647,0.000540011
36.1487,-0.000525456,-0.000581083
36.1536,0.000565555,-0.000297689
36.1584,6.29708e-05,0.000224366
36.1633,-6.75656e-06,2.16191e-05
36.1682,-2.53271e-05,-9.6149e-05
36.1731,0.000211681,9.42432e-05
36.178,-0.000156846,0.000149435
36.1829,-1.32525e-05,5.8826e-05
36.1878,-0.000387854,0.000148011
36.1927,-0.000405038,-0.000495287
36.1976,0.000324194,-0.000570901
36.2025,0.000329078,5.45285e-05
36.2074,0.00016912,-0.000125712
36.2123,0.000178223,0.000220521
36.2172,3.25586e-05,-0.000258801
36.222,0.000506525,0.000451548
36.2269,-0.000594879,0.000149474
36.2318,0.000305833,-0.00027636
36.2367,-0.000101943,0.000243704
36.2416,0.000130396,-0.000101205
36.2465,-0.00013648,0.000218721
36.2514,3.30033e-05,-0.000190773
36.2563,3.44176e-05,0.000221911
36.2612,-0.000206378,-2.01209e-05
36.2661,-0.00012687,-0.000145223
36.271,3.30618e-05,-0.000271101
36.2759,0.000259073,-0.000217248
36.2808,0.000367942,0.00010372
36.2857,0.00013482,0.000119643
36.2906,0.000277138,0.000312308
36.2954,-0.000224903,0.000258906
36.3003,0.000167559,7.25402e-05
36.3052,-0.00022448,0.000356506
36.3101,3.01127e-06,-0.000119918
36.315,0.000131432,0.000380171
36.3199,-0.000185585,0.000461868
36.3248,-0.000677677,0.000339158
36.3297,-0.00044928,-0.000390264
36.3346,-1.64041e-05,6.87093e-05
36.3395,-0.000629702,2.29075e-05
36.3444,-0.000293846,-0.000649625
36.3493,0.000262221,-0.000186131
36.3542,-0.000226841,3.30263e-05
36.3591,-0.000156294,-0.000338595
36.3639,9.86752e-05,-0.000265498
36.3688,7.34741e-05,5.00871e-05
36.3737,-0.000286737,-0.000142856
36.3786,-2.24554e-05,-0.000298158
36.3835,-1.84873e-05,-0.000393741
36.3884,0.000379807,-0.000115475
36.3933,-0.000178815,-0.000146852
36.3982,0.000610501,-0.000290699
36.4031,-5.27218e-05,0.000559784
36.408,-0.000292914,-0.000266468
36.4129,-7.74138e-05,-0.000307544
36.4178,0.000497422,-0.000458349
36.4227,0.000284088,0.0004054
36.4275,-5.7998e-05,-0.000108303
36.4324,8.3419e-05,5.82251e-05
36.4373,0.000159836,-0.000196084
36.4422,0.000144518,0.000208447
36.4471,0.000229098,-0.000147009
36.452,7.81572e-05,0.000761586
36.4569,-0.000843415,-0.000365194
36.4618,0.000549664,-0.000475061
36.4667,5.38753e-05,0.000232662
36.4716,0.000123255,-0.000157552
36.4765,0.000101181,0.000191108
36.4814,-0.000213294,-0.000231777
36.4863,0.000641726,-0.000369669
36.4912,0.000368339,0.000665045
36.496,-0.000135275,2.26799e-05
36.5009,0.000292347,0.0003832
36.5058,-0.00023569,0.000189346
36.5107,0.000121101,0.000356604
36.5156,-0.000555111,0.000213115
36.5205,-0.000124075,-0.000132201
36.5254,-0.000213146,-0.000164428
36.5303,0.00027727,4.55684e-05
36.5352,-0.000494005,0.000137352
36.5401,0.000199567,-0.00049091
36.545,0.000109494,0.000312508
36.5499,-0.000129711,-0.000145324
36.5548,0.000149279,-7.70589e-05
36.5597,0.000339108,0.000115139
36.5645,-4.71444e-05,0.00050285
36.5694,-0.000253885,0.000132244
36.5743,-0.000125893,4.9796e-05
36.5792,4.4652e-05,0.000375124
36.5841,-0.000966492,0.00031644
36.589,-0.000252882,-0.000905474
36.5939,0.000255871,6.05393e-05
36.5988,-9.88057e-05,-9.78118e-05
36.6037,-0.000223871,0.00016219
36.6086,-0.000188584,-0.000516268
36.6135,0.000129387,0.000160304
36.6184,-0.000348472,-0.000501758
36.6233,0.000557505,-6.87386e-05
36.6282,-0.000237979,6.13466e-05
36.633,0.000287083,-0.000142038
36.6379,-8.35038e-05,0.000210545
36.6428,-7.15617e-05,-5.01406e-06
36.6477,-0.000228495,-9.81456e-05
36.6526,7.73389e-05,-0.000228697
36.6575,7.21041e-05,-9.80149e-05
36.6624,0.000155669,8.7184e-05
36.6673,-0.000223746,-7.14882e-05
36.6722,0.000311316,-0.000209387
36.6771,0.000121187,0.000257396
36.682,-2.24973e-05,0.000231248
36.6869,-0.000435081,5.69789e-05
36.6918,0.00010986,-0.000391675
36.6967,0.000131021,0.000302041
36.7015,-0.000288023,-1.03501e-05
36.7064,-2.11235e-05,-4.43595e-05
36.7113,-0.000265172,7.07155e-06
36.7162,-9.90023e-05,-0.000433937
36.7211,0.000381042,-4.60559e-05
36.726,-9.31648e-05,0.000224343
36.7309,-0.000143483,-7.38036e-05
36.7358,-1.18928e-05,-0.0001715
36.7407,0.000197947,0.000126505
36.7456,-0.000328038,0.000161331
36.7505,-0.000117729,-0.000123699
36.7554,-0.000392056,-0.000103303
36.7603,5.88702e-05,-0.000533652
36.7651,8.53499e-05,-4.9901e-05
36.77,0.000136804,-0.000297512
36.7749,0.000106381,9.99529e-05
36.7798,2.95802e-05,-0.000235807
36.7847,0.000117922,0.000113166
36.7896,-6.11674e-05,-0.000248067
36.7945,0.000207571,8.04048e-05
36.7994,-0.000196731,-0.000254089
36.8043,0.000504088,-0.000227152
36.8092,0.00020448,0.000259267
36.8141,4.75903e-05,0.000181573
36.819,-0.000157031,1.09151e-05
36.8239,0.000167864,-0.000102934
36.8288,3.28552e-05,0.000105285
36.8336,0.000139187,-1.20939e-05
36.8385,2.11782e-05,0.000219533
36.8434,-7.11631e-05,-7.98312e-06
36.8483,0.000120293,6.93507e-05
36.8532,-0.000139206,0.000334626
36.8581,-0.000534161,-0.000324361
36.863,0.000587318,-0.000540834
36.8679,0.000323984,0.000557214
36.8728,-0.000138312,4.05407e-05
36.8777,0.000152289,0.000177
36.8826,-1.16478e-05,0.000233842
36.8875,-0.000259949,0.000236103
36.8924,-1.91621e-05,-0.000264082
36.8973,0.000233933,0.000349404
36.9021,-0.000114659,0.00011677
36.907,0.000114862,0.000576386
36.9119,-0.000714124,0.000319776
36.9168,-0.000228609,-1.04312e-05
36.9217,-0.000561211,0.000185998
36.9266,-0.000508911,-0.000286464
36.9315,-0.000192236,-0.000356271
36.9364,-2.88665e-05,-2.50069e-05
36.9413,-0.000464809,-5.68768e-05
36.9462,-0.000325065,-0.000503493
36.9511,0.000265306,-0.000519603
36.956,0.00020167,0.000413764
36.9609,-0.000739644,-0.000166644
36.9658,7.57679e-05,-0.000502397
36.9706,-0.000134928,-0.000239919
36.9755,0.000237553,-0.000293589
36.9804,-6.90104e-05,-4.39263e-05
36.9853,0.000115354,-8.94708e-05
36.9902,-0.000403631,-0.00010808
36.9951,0.000189549,-0.000523767
37,-9.40474e-05,-8.63078e-05
37.0049,0.000384207,-0.000575343
37.0098,0.000229781,0.000342732
37.0147,-1.34519e-05,-0.000374132
37.0196,0.000444084,0.000336723
37.0245,-0.000507435,0.000166271
37.0294,-0.000111381,-0.000364584
37.0343,-8.21901e-05,-0.000196264
37.0391,5.27205e-05,-0.000505566
37.044,0.000519099,-0.000156631
37.0489,8.86789e-05,0.000207226
37.0538,-3.06739e-05,-7.81462e-05
37.0587,3.20795e-05,-0.000121458
37.0636,0.000125101,-6.32134e-06
37.0685,-0.000252278,-0.000105939
37.0734,0.000195863,-0.00043453
37.0783,5.28829e-05,-7.86204e-05
37.0832,0.000324916,-0.000504927
37.0881,0.000411031,0.000191088
37.093,-7.20678e-06,-0.00029456
37.0979,0.000691589,-0.00019445
37.1027,0.000440993,0.000330606
37.1076,0.000195822,0.000192192
37.1125,0.000308529,0.000240143
37.1174,3.91068e-05,0.000310092
37.1223,0.000204079,0.000166748
37.1272,-0.000157377,0.000463923
37.1321,-0.000200514,-0.000326757
37.137,0.000591899,-5.14604e-05
37.1419,0.00036569,0.000505724
37.1468,1.6392e-05,0.000529835
37.1517,-5.43154e-05,0.000444457
37.1566,-0.000310934,0.000488271
37.1615,-0.000387454,0.00012525
37.1664,-0.000212602,2.35992e-06
37.1712,8.15487e-05,0.000183764
37.1761,-0.000501589,0.000434357
37.181,-0.000246145,-0.000320632
37.1859,-2.16932e-05,0.000407813
37.1908,-0.000607026,2.55692e-05
37.1957,-0.000383628,-0.000140283
37.2006,-0.000142833,-0.000517784
37.2055,0.000283665,0.000191893
37.2104,-0.000448348,6.2863e-05
37.2153,-8.03241e-05,-7.74378e-05
37.2202,-0.000332259,-0.000117863
37.2251,-4.671e-06,-8.04233e-05
37.23,-0.000443154,-0.000135448
37.2349,0.00011685,-0.000467614
37.2397,0.000139871,8.17082e-06
37.2446,0.000133194,0.000140525
37.2495,-0.000413479,0.000322085
37.2544,-0.000428946,-0.00031259
37.2593,-0.000169942,-0.000290035
37.2642,7.002e-05,-0.000349039
37.2691,4.55682e-05,6.9843e-05
37.274,-0.000175413,-0.000122374
37.2789,-0.000153208,-4.93591e-05
37.2838,-0.000129528,-0.000346339
37.2887,4.41318e-05,0.000161299
37.2936,-0.000758286,-0.000322515
37.2985,0.000188003,-0.000800222
37.3034,7.64307e-05,-0.000261552
37.3082,0.000447642,-0.000473117
37.3131,0.000143413,0.000266128
37.318,-7.25067e-05,-0.000449448
37.3229,0.000388193,-4.15427e-05
37.3278,3.37303e-05,-0.000126705
37.3327,0.000263072,-3.78365e-06
37.3376,-7.39306e-05,-4.18189e-05
37.3425,0.000151542,-0.000298481
37.3474,0.000446861,-7.08345e-05
37.3523,0.000119954,0.000280153
37.3572,0.000187819,-0.00015018
37.3621,0.000278766,0.000656413
37.367,-0.000749143,5.54851e-05
37.3719,0.000138287,-0.000372687
37.3767,-0.000104809,2.96855e-05
37.3816,0.000140323,-0.000210131
37.3865,-5.5046e-05,0.000127848
37.3914,-7.23308e-05,-0.000225915
37.3963,4.86519e-05,-0.000146247
37.4012,0.000250986,-0.000163638
37.4061,4.59015e-05,0.00027032
37.411,-0.000275091,-0.000247631
37.4159,0.000307205,-0.000309884
37.4208,0.000279281,9.24251e-05
37.4257,9.00557e-05,0.000163301
37.4306,-6.60923e-05,0.000126768
37.4355,-0.000198438,1.29862e-05
37.4403,-0.00016484,-0.000328179
37.4452,0.000248116,-0.000301256
37.4501,0.000230843,-0.000122722
37.455,0.000413632,3.20309e-05
37.4599,1.24087e-05,0.000284923
37.4648,5.939e-05,-9.82245e-05
37.4697,5.08555e-05,0.000166827
37.4746,-6.9751e-06,-0.000238897
37.4795,0.000454898,3.52776e-05
37.4844,0.000176181,0.000396185
37.4893,-0.000279455,0.000293724
37.4942,-7.46737e-05,-0.000333294
37.4991,0.00044469,0.000179932
37.504,-9.52637e-05,0.000442247
37.5088,-0.000414067,0.000149108
37.5137,-8.79718e-05,-0.000474726
37.5186,0.00048246,0.000284475
37.5235,-0.00052153,0.000281367
37.5284,-2.15582e-05,-0.000449874
37.5333,0.000379991,5.26333e-05
37.5382,1.66464e-05,0.000489832
37.5431,-0.000499603,2.55972e-06
37.548,0.000142808,-0.000191755
37.5529,-0.00017963,0.000283702
37.5578,-0.000365026,-0.000297552
37.5627,0.000230326,-0.000429936
37.5676,0.000440473,0.000155704
37.5725,1.26782e-06,0.000329222
37.5774,-0.00019827,0.000284317
37.5822,-0.000400958,-0.000229227
37.5871,0.00038883,-0.000139742
37.592,-0.000190989,0.00043626
37.5969,-0.000257851,-0.000203206
37.6018,4.48438e-05,-1.75126e-05
37.6067,-6.81961e-05,7.06035e-05
37.6116,-0.000152594,4.43871e-05
37.6165,-0.000259558,7.6082e-05
37.6214,-0.000464388,-0.000456598
37.6263,0.000528758,-0.000502961
37.6312,0.000179345,0.000442247
37.6361,-0.000305118,-1.11808e-05
37.6409,-6.59801e-05,-0.000264011
37.6458,0.000306897,-1.00666e-05
37.6507,-0.000297971,0.000296216
37.6556,-0.000205086,-0.000419946
37.6605,0.000155688,-0.000139462
37.6654,9.32551e-05,-6.19289e-05
37.6703,-6.74722e-05,-8.04908e-05
37.6752,0.000347817,-0.000166043
37.6801,-0.000133151,0.000405976
37.685,-0.000126726,-0.000481385
37.6899,0.000368384,0.000144719
37.6948,-3.33025e-05,-1.45914e-05
37.6997,8.62316e-05,0.000290335
37.7046,-0.000342098,-0.000198276
37.7095,0.000352491,-4.51717e-05
37.7143,-0.000197232,0.000174619
37.7192,3.60767e-05,-0.000168551
37.7241,0.000135151,8.5467e-05
37.729,-0.000159801,0.000312691
37.7339,-0.000435401,-0.000363719
37.7388,0.000438827,-0.000168141
37.7437,-0.000300235,0.00017448
37.7486,0.000218146,-0.000430853
37.7535,3.16314e-05,0.000396598
37.7584,-0.000343534,-0.000490015
37.7633,0.000592469,-0.000282503
37.7682,0.00027134,0.000170613
37.7731,0.000361011,0.000153923
37.778,0.000100328,0.000494408
37.7828,-0.000134724,0.000265626
37.7877,-0.000173662,0.00033362
37.7926,-0.000513821,1.70169e-05
37.7975,-3.95077e-05,-0.000409661
37.8024,0.000237118,8.22946e-05
37.8073,-6.37291e-05,1.3249e-05
37.8122,0.000342702,0.000212742
37.8171,-0.000512594,0.000623611
37.822,-0.000511625,-0.000563727
37.8269,0.000371731,-0.000149272
37.8318,3.6368e-05,0.000122552
37.8367,5.18113e-05,0.000255143
37.8416,-0.000319066,8.98947e-05
37.8464,3.20398e-05,2.2458e-05
37.8513,-0.000372845,0.000196389
37.8562,-0.000186123,-0.000355282
37.8611,0.000149673,7.23673e-06
37.866,-0.000116062,2.17066e-05
37.8709,0.00012696,-1.45577e-05
37.8758,-4.99184e-05,0.000312842
37.8807,-0.000158498,0.000107127
37.8856,-0.000229374,0.000416012
37.8905,-0.000745501,-4.29022e-05
37.8954,-0.000206456,-0.000348692
37.9003,-0.000190979,-0.000114403
37.9052,-0.000172071,-7.12314e-05
37.9101,-0.000429032,-0.000160237
37.9149,-0.000159973,-0.00042389
37.9198,-0.000108437,-0.000288038
37.9247,4.20012e-05,-0.000369633
37.9296,0.000137208,-0.000171714
37.9345,4.68539e-05,2.74342e-05
37.9394,-0.000277954,-0.000204524
37.9443,0.000306219,-0.000336411
37.9492,-4.83519e-05,0.000290247
37.9541,-0.000201967,-0.000295224
37.959,-1.17524e-05,7.80384e-05
37.9639,-0.000452239,-0.000417608
37.9688,0.000396334,-0.000509817
37.9737,0.000132836,0.00016917
37.9785,-0.000186257,-0.000212569
37.9834,0.000133936,-0.000359257
37.9883,0.000354742,-0.000121501
37.9932,0.000134275,0.000201631
37.9981,-0.000100426,-1.42487e-05
38.003,-1.87653e-05,1.23508e-06
38.0079,-0.000189785,-0.000205863
38.0128,0.000240992,-0.000273927
38.0177,0.000102503,9.59449e-05
38.0226,-2.74622e-05,-0.000106164
38.0275,0.000115762,-0.000108857
38.0324,0.000155439,5.21599e-05
38.0373,-9.5546e-05,8.62194e-05
38.0422,-1.72759e-05,-0.00010962
38.0471,-6.81897e-05,1.44181e-07
38.0519,-4.52798e-05,-0.00026189
38.0568,0.000243228,-0.000125911
38.0617,0.000148783,0.000129365
38.0666,-0.000157778,9.53075e-05
38.0715,-3.82871e-05,-0.000289614
38.0764,0.000339914,-4.2342e-06
38.0813,-2.03629e-05,0.000290932
38.0862,-0.000212749,3.96233e-06
38.0911,-9.94263e-05,-8.88915e-05
38.096,-5.09184e-05,-0.000168285
38.1009,0.000108194,-5.88199e-05
38.1058,-7.18338e-05,-3.12234e-05
38.1107,0.000122727,-0.000138306
38.1156,9.08983e-05,0.000103977
38.1204,3.64596e-05,0.000141967
38.1253,-0.000326661,0.000258363
38.1302,-0.000363091,-0.000328409
38.1351,-1.09552e-05,-0.000125485
38.14,-0.000302811,-0.000370933
38.1449,0.000414489,-0.000399521
38.1498,-5.12028e-05,0.000227734
38.1547,-4.12588e-05,-0.000545186
38.1596,0.000478213,0.000118992
38.1645,-0.000232282,-1.96716e-05
38.1694,0.000290532,-0.000132941
38.1743,-0.000130103,6.98084e-05
38.1792,0.000259438,-0.00018448
38.184,-7.89262e-05,0.000315527
38.1889,-0.000162027,-0.000226637
38.1938,-3.14471e-05,-1.95361e-05
38.1987,-5.31967e-05,-0.000309833
38.2036,0.000162338,-3.81238e-05
38.2085,-0.000132161,-0.000171452
38.2134,0.000177142,-0.000361368
38.2183,0.000384923,-9.01603e-05
38.2232,0.000153093,0.000164382
38.2281,-1.5415e-06,-9.04239e-05
38.233,0.000262657,-5.42613e-05
38.2379,4.28459e-05,0.000106998
38.2428,0.000242707,-0.000266758
38.2477,0.000559538,0.000517216
38.2525,-0.00051054,0.000362379
38.2574,0.000206146,-0.00016693
38.2623,-0.000249879,0.000533541
38.2672,-0.000360615,-0.000298062
38.2721,-4.79464e-05,-8.91169e-05
38.277,0.000119247,-0.000242462
38.2819,-7.0379e-05,0.000287114
38.2868,-0.000223262,-0.000501089
38.2917,0.000519716,3.62838e-05
38.2966,-0.000156314,0.000234158
38.3015,-7.84198e-05,-6.11226e-05
38.3064,1.36602e-05,-8.81423e-05
38.3113,4.6676e-05,0.00015725
38.3162,-0.000299977,3.09099e-05
38.321,-0.000199443,-0.000224929
38.3259,-1.8012e-05,-0.000307835
38.3308,7.3198e-05,-0.000213404
38.3357,0.000209008,-0.000214095
38.3406,0.000106184,1.6565e-06
38.3455,0.000249864,-0.000193616
38.3504,0.000157439,0.000293322
38.3553,-4.99132e-05,-0.000106134
38.3602,9.37037e-06,0.000200459
38.3651,-0.000133869,-0.000466694
38.37,0.000694576,0.000135689
38.3749,-0.000199303,0.000412912
38.3798,-3.8729e-05,6.82776e-06
38.3847,-0.00010761,0.000137197
38.3895,-0.000302291,5.24628e-05
38.3944,-0.000122686,-0.000494987
38.3993,0.000381363,0.000122072
38.4042,-0.000322175,-5.64022e-05
38.4091,0.000282875,-0.00011807
38.414,-0.000188128,6.74021e-06
38.4189,0.000357585,-8.09716e-05
38.4238,-0.000325961,0.000366127
38.4287,-0.000159686,-0.000477102
38.4336,0.000245145,-5.72214e-05
38.4385,2.29304e-05,8.00401e-06
38.4434,7.31905e-05,-8.86782e-05
38.4483,0.000172685,0.00020936
38.4532,-0.000370913,0.000117763
38.458,-5.62486e-05,-0.000182679
38.4629,-0.000358777,-7.01466e-05
38.4678,9.99035e-08,-0.000652003
38.4727,0.000305552,-0.000192564
38.4776,0.000263595,-0.000272892
38.4825,0.000457563,0.000145623
38.4874,-0.000135982,0.000198448
38.4923,0.000128906,-0.000329523
38.4972,0.000339604,0.000330024
38.5021,-0.00042763,-3.68411e-05
38.507,0.000355372,-0.000340606
38.5119,-8.61631e-06,0.00020613
38.5168,7.37029e-05,-0.000368555
38.5216,0.00035516,-5.34179e-05
38.5265,0.000413415,-2.17897e-05
38.5314,0.000340625,0.000412352
38.5363,-2.59725e-05,0.000306035
38.5412,-6.3359e-05,0.000190623
38.5461,-2.35159e-05,6.39431e-05
38.551,3.96536e-05,0.00012148
38.5559,6.33432e-05,0.00021357
38.5608,-0.000227479,0.000352565
38.5657,-0.000430842,-3.17424e-05
38.5706,-0.000151533,-0.000322304
38.5755,0.000194773,-4.94892e-05
38.5804,-0.000289461,9.64607e-05
38.5853,-6.25983e-05,-0.000473044
38.5901,0.000244843,-0.000177116
38.595,0.000361175,-0.000146476
38.5999,0.000260081,0.000368518
38.6048,-0.000146291,5.34201e-05
38.6097,0.000101749,4.9145e-05
38.6146,-4.70836e-05,-1.43826e-05
38.6195,0.000176538,-2.22984e-05
38.6244,0.00017893,0.00010298
38.6293,0.000108243,0.000403809
38.6342,-0.000455974,0.000158507
38.6391,-2.23479e-05,-0.00032719
38.644,0.000184859,4.63457e-05
38.6489,3.89119e-05,8.8206e-05
38.6538,5.99459e-06,5.85954e-05
38.6586,8.89107e-05,5.24138e-05
38.6635,2.27066e-05,0.000121443
38.6684,0.000208288,0.000117891
38.6733,-5.51559e-05,0.000639267
38.6782,-0.000705635,0.000117566
38.6831,-0.000153996,-0.000411134
38.688,0.000192313,2.03261e-05
38.6929,-0.000190877,0.000216723
38.6978,-0.000174913,-0.000195473
38.7027,0.000164372,0.000115412
38.7076,-0.000366429,0.000261984
38.7125,-0.000372366,-0.000320732
38.7174,0.000173248,-0.000275106
38.7223,3.31537e-05,0.000177321
38.7271,-0.000207906,-6.38475e-05
38.732,-6.2583e-05,-8.50471e-05
38.7369,-2.11685e-05,-0.000158555
38.7418,2.44063e-05,7.30845e-05
38.7467,-0.000165964,-0.000210146
38.7516,0.000325577,-8.03792e-05
38.7565,0.000119663,0.000325526
38.7614,-0.000327565,0.000527793
38.7663,-0.000827102,-0.000299163
38.7712,0.000135036,-0.000436699
38.7761,-0.000269186,-8.90466e-05
38.781,0.000181545,-0.000382342
38.7859,-0.00012261,0.000123613
38.7908,-6.30431e-05,-0.00032899
38.7956,-0.000133437,-3.18727e-05
38.8005,-7.5668e-05,-0.000503756
38.8054,0.000162336,-0.000213296
38.8103,0.000161368,-0.000390542
38.8152,0.000396909,-8.46812e-05
38.8201,0.000187485,-2.31406e-05
38.825,0.000262482,-5.44856e-05
38.8299,0.000337147,0.000219165
38.8348,-0.000202701,0.000256196
38.8397,8.01293e-05,-0.000238404
38.8446,0.000155602,0.000210009
38.8495,-2.6887e-05,9.97969e-05
38.8544,-0.00029454,8.73402e-05
38.8592,9.05338e-05,-0.000479248
38.8641,0.000226028,0.000268921
38.869,-0.000159364,-0.000297633
38.8739,0.000510476,1.78983e-05
38.8788,8.36209e-05,0.000316419
38.8837,-0.000195029,0.000303331
38.8886,-0.000199919,-0.00034262
38.8935,0.000346276,0.000181953
38.8984,-0.000291978,-7.51915e-05
38.9033,0.0005306,9.12963e-05
38.9082,-0.000489954,0.000499109
38.9131,-7.41931e-05,-0.000420679
38.918,5.2283e-05,0.000202504
38.9229,-8.29489e-05,-0.000153806
38.9277,0.000122834,0.000144709
38.9326,-0.000133274,7.69568e-05
38.9375,-2.47703e-05,6.49668e-05
38.9424,-0.000130709,0.000160405
38.9473,-0.000290319,4.88899e-05
38.9522,-0.000215523,-4.40773e-05
38.9571,-0.000395221,-0.000101091
38.962,-0.000186384,-0.00044539
38.9669,2.32166e-06,-0.000307691
38.9718,0.000157719,-0.000326051
38.9767,0.00012036,-4.16484e-05
38.9816,0.000113043,-0.000222115
38.9865,0.000157115,0.000123295
38.9914,-0.000148769,-0.000139582
38.9963,0.00011639,-0.00012616
39.0011,6.66646e-05,-0.00022139
39.006,0.00035097,0.000136951
39.0109,-0.000342705,0.000117787
39.0158,4.82271e-05,-0.000398854
39.0207,0.00014421,-0.000109579
39.0256,0.000279337,-0.000156332
39.0305,0.000179097,0.000175461
39.0354,-3.04593e-05,-1.11295e-05
39.0403,0.000153944,-0.000138669
39.0452,0.000296438,0.000211672
39.0501,-0.000274756,0.000144532
39.055,0.000179811,-0.000243962
39.0599,-1.73757e-05,0.000227706
39.0647,2.58652e-05,-0.000328175
39.0696,0.000354814,0.000126132
39.0745,0.000144361,8.14665e-05
39.0794,0.000198675,0.00044638
39.0843,-0.000431135,0.000308629
39.0892,-0.000304341,-0.000217289
39.0941,9.13395e-05,-0.000227703
39.099,6.00872e-05,5.42376e-05
39.1039,3.80858e-05,-0.000103818
39.1088,0.000126044,0.000130756
39.1137,-0.000104959,4.84395e-05
39.1186,5.34924e-06,-7.69945e-05
39.1235,0.000195334,7.66983e-05
39.1284,-0.000239503,0.000266447
39.1332,2.39148e-07,-0.000323779
39.1381,0.000121075,0.000423702
39.143,-0.000485914,-0.000202252
39.1479,0.000277448,-9.27302e-05
39.1528,-0.000256906,8.90166e-05
39.1577,2.89669e-05,-0.00021333
39.1626,4.07725e-05,-6.32164e-05
39.1675,0.000181513,9.30679e-05
39.1724,-0.000247927,0.000236267
39.1773,-0.000330375,-0.000225015
39.1822,0.000123905,-0.000394893
39.1871,0.00021016,0.000205571
39.192,-0.000377039,-0.000110647
39.1968,0.000171367,-0.000359088
39.2017,0.000218314,-1.70681e-05
39.2066,-4.52158e-05,0.000268226
39.2115,-0.000517374,-0.000477904
39.2164,0.000659101,-0.00066026
39.2213,0.000586529,0.000163804
39.2262,0.000464413,0.000476723
39.2311,-0.000405536,0.000466217
39.236,2.88816e-07,-0.000278056
39.2409,0.000170029,0.000160765
39.2458,0.000167722,0.000283217
39.2507,-0.000505029,0.000397791
39.2556,-0.000165525,-0.000459509
39.2605,9.35441e-05,0.000189797
39.2653,-0.000274833,-0.000222491
39.2702,0.000284363,-0.000181434
39.2751,0.000137618,0.000280833
39.28,-0.000296194,9.18765e-05
39.2849,5.90241e-05,-0.000111065
39.2898,-0.000253945,0.000179439
39.2947,-0.000129075,-0.000322833
39.2996,-0.00012704,-2.63378e-05
39.3045,1.07834e-05,-0.000583926
39.3094,0.000484056,-3.18655e-05
39.3143,0.000237961,2.7818e-05
39.3192,0.000172761,0.000445195
39.3241,-0.000391407,-5.70184e-06
39.329,0.000169661,-0.000126389
39.3339,-3.35265e-05,0.000115442
39.3387,-4.28555e-05,8.44107e-05
39.3436,-0.0003383,-0.00010439
39.3485,0.000191641,-0.000470788
39.3534,0.000336374,0.000204479
39.3583,-0.000187398,-1.03377e-06
39.3632,0.000265008,-0.000164733
39.3681,0.000109254,0.000161069
39.373,0.000266092,6.96638e-05
39.3779,-9.62359e-05,0.000571654
39.3828,-0.000399348,-9.266e-05
39.3877,-2.43585e-05,4.80823e-05
39.3926,-0.000243402,-0.000111443
39.3975,9.15044e-06,3.27391e-06
39.4023,-0.0003484,-0.000139857
39.4072,8.33087e-05,-0.000389965
39.4121,0.000116027,-0.000126744
39.417,0.000235835,-0.000186278
39.4219,0.000283937,0.000210484
39.4268,-0.000200752,0.000152651
39.4317,9.30578e-05,-0.000159535
39.4366,-8.32595e-05,0.000291166
39.4415,-0.000296016,-0.000386851
39.4464,0.000391309,-5.90212e-05
39.4513,-0.000312607,0.000104642
39.4562,4.69843e-05,-0.000592494
39.4611,0.000583461,-0.000115348
39.466,0.00024588,0.000304496
39.4708,-2.5571e-05,7.39175e-05
39.4757,0.000129857,-8.10344e-06
39.4806,0.000183787,8.4845e-06
39.4855,0.000270032,0.000231951
39.4904,-3.34105e-05,0.000246842
39.4953,0.000142668,0.000147642
39.5002,-7.44047e-05,0.000487277
39.5051,-0.00046174,8.1663e-05
39.51,-2.34712e-05,-0.00016801
39.5149,-0.000108955,0.000165727
39.5198,-0.00013988,-0.000238752
39.5247,0.000248549,0.000136091
39.5296,-0.000296646,0.000161085
39.5345,1.63843e-05,-0.000126656
39.5393,-0.00012629,0.000180063
39.5442,-0.000145083,-0.00014083
39.5491,-3.53922e-05,0.000142251
39.554,-0.000454731,-0.000124445
39.5589,1.88064e-05,-0.000475318
39.5638,0.000173754,-0.000154133
39.5687,0.000254601,-0.000133954
39.5736,0.000180438,0.000239289
39.5785,-0.000111039,6.15142e-05
39.5834,-2.52927e-05,9.04684e-05
39.5883,-0.000264506,-9.5214e-05
39.5932,0.000112031,-0.000310956
39.5981,0.000216374,4.46076e-05
39.6029,-3.21335e-06,4.61133e-05
39.6078,0.000122765,5.09007e-06
39.6127,-6.68893e-05,0.000247659
39.6176,-0.000331987,-0.000126745
39.6225,4.31031e-05,-0.000382329
39.6274,0.000335201,-0.000105476
39.6323,7.22122e-05,0.000106326
39.6372,0.000219997,-0.000136398
39.6421,0.000202305,0.00037621
39.647,-0.000234169,-1.85652e-05
39.6519,0.000253692,-2.65036e-05
39.6568,4.31691e-05,0.000237582
39.6617,-0.000101646,0.000210506
39.6666,-0.000232486,-0.000101531
39.6715,0.000188866,-7.78893e-05
39.6763,9.36283e-06,0.000153528
39.6812,-3.37242e-05,0.000133392
39.6861,-0.000253338,-4.83078e-05
39.691,0.000178893,-0.000226876
39.6959,0.000154476,0.000151663
39.7008,0.00011554,0.000120658
39.7057,-4.58392e-05,0.000325819
39.7106,-0.000194982,8.80451e-05
39.7155,-0.000140502,0.000151882
39.7204,-0.000341291,-6.43633e-05
39.7253,-2.33061e-06,-0.000225303
39.7302,3.55914e-05,-4.89003e-06
39.7351,6.36988e-05,5.83951e-05
39.7399,-0.00027705,0.000189845
39.7448,-0.000200852,-0.000420027
39.7497,0.000319179,-4.91611e-05
39.7546,-6.44967e-05,0.000104037
39.7595,4.37451e-06,-4.81272e-05
39.7644,7.4698e-05,-6.24061e-06
39.7693,-3.74516e-05,0.000217381
39.7742,-0.000257867,-0.000209287
39.7791,0.000364639,-6.36138e-05
39.784,-0.000156182,0.000343029
39.7889,-0.000183417,-0.000188074
39.7938,0.000104713,-6.80652e-05
39.7987,0.000102211,1.32356e-05
39.8036,0.000152644,0.000205767
39.8084,-0.000218468,0.000366931
39.8133,-0.000402978,-0.00010077
39.8182,1.1339e-05,-0.000243629
39.8231,0.00020426,0.000117853
39.828,-0.000319712,0.000361535
39.8329,-0.000317876,-0.000301828
39.8378,-3.01009e-05,8.41746e-05
39.8427,-0.000308548,-0.000328456
39.8476,0.000230976,8.33019e-05
39.8525,-0.000633034,-0.000110654
39.8574,0.000232939,-0.000628854
39.8623,0.000195458,4.88387e-05
39.8672,4.45635e-05,4.19514e-06
39.8721,-0.000147237,-0.000164296
39.8769,0.000321848,-0.00012263
39.8818,-0.000161017,5.77154e-05
39.8867,0.000394817,-0.000227388
39.8916,-4.01807e-05,0.000497428
39.8965,-0.000166044,-0.000129147
39.9014,-0.000211895,0.000158433
39.9063,-0.00016059,-0.000525584
39.9112,0.000413746,5.42493e-06
39.9161,-9.36874e-05,0.000150917
39.921,-0.000152873,-0.000144124
39.9259,0.000286724,-0.000327498
39.9308,0.000356179,0.000409224
39.9357,-0.000293539,0.000228052
39.9405,-0.000101492,8.08532e-06
39.9454,-0.000192768,4.89038e-05
39.9503,-0.000271382,-0.000123598
39.9552,2.05433e-05,-0.000381287
39.9601,0.000224866,0.000140954
39.965,-0.000410723,-1.41105e-07
39.9699,1.5811e-05,-0.000514681
39.9748,0.000290068,-0.000103811
39.9797,7.88886e-05,-0.000112434
39.9846,0.000439999,-0.000118112
39.9895,0.000243277,0.000562468
39.9944,-0.000469674,0.000161637
39.9993,-9.25359e-07,-0.000210879
40.0042,-7.2229e-05,6.64809e-05
40.0091,-2.09168e-05,-0.000181024
40.0139,5.67985e-05,4.01018e-05
40.0188,-4.18897e-05,-0.00013112
40.0237,0.000194956,-2.62614e-05
40.0286,0.000105964,0.000141264
40.0335,-7.44466e-05,0.000280442
40.0384,-0.000359086,-1.33397e-05
40.0433,-3.8214e-05,-0.000205739
40.0482,-5.25213e-06,3.30625e-05
40.0531,-0.000271295,7.19925e-06
40.058,-0.000206427,-0.000433998
40.0629,0.00023959,-0.000289493
40.0678,0.000173008,-0.000180824
40.0727,0.000379156,0.000108211
40.0775,-0.000224102,0.000187009
40.0824,8.25202e-05,-0.000285246
40.0873,8.60772e-05,0.000132808
40.0922,-7.99824e-05,-0.000188247
40.0971,0.00022801,-0.000164538
40.102,0.000327885,3.19189e-05
40.1069,0.000153488,0.000335799
40.1118,-0.000157629,0.000189765
40.1167,-0.000137297,3.57332e-05
40.1216,-0.000148952,-8.85261e-05
40.1265,8.27923e-05,-0.000205086
40.1314,0.000190757,0.000116276
40.1363,-0.000115541,8.40569e-05
40.1412,1.38168e-05,1.15022e-05
40.146,-0.000200919,-1.33098e-05
40.1509,9.27516e-05,-0.000228634
40.1558,3.6249e-07,7.25699e-05
40.1607,-2.09931e-06,-0.000266642
40.1656,0.000288025,-6.95508e-05
40.1705,0.00025015,6.00546e-05
40.1754,0.000160462,0.000271948
40.1803,-2.80572e-05,0.000173421
40.1852,-3.61989e-05,0.000200006
40.1901,-0.00011059,2.76344e-05
40.195,0.000123765,0.000162176
40.1999,-0.000188207,0.000369109
40.2048,-0.000415588,0.000173021
40.2097,-0.000536571,-0.00014946
40.2145,-0.000164991,-0.000455114
40.2194,-4.82622e-06,-0.000186977
40.2243,-5.4114e-05,-0.000334967
40.2292,0.000222495,-0.000226006
40.2341,0.000178639,-9.28309e-05
40.239,0.000201099,8.39706e-05
40.2439,-5.61524e-05,6.68374e-05
40.2488,3.21466e-05,4.41892e-05
40.2537,-0.000283646,-9.78577e-06
40.2586,1.22948e-05,-0.000432718
40.2635,0.000299005,-0.000116843
40.2684,0.000213874,5.90021e-05
40.2733,3.1821e-06,0.000169557
40.2781,-0.000120223,-7.85507e-05
40.283,6.58549e-05,-0.000165039
40.2879,0.000153537,-6.31738e-05
40.2928,0.000110504,-2.81086e-05
40.2977,0.000188862,3.09862e-05
40.3026,-2.62241e-06,0.000115773
40.3075,6.31118e-05,-8.83298e-05
40.3124,0.000110606,9.81526e-05
40.3173,-4.89018e-05,-2.39735e-05
40.3222,0.00011846,-0.000150927
40.3271,0.000343991,-7.54855e-06
40.332,0.000180531,0.000317519
40.3369,-3.42772e-05,9.79275e-05
40.3418,0.000187532,0.000159705
40.3466,-3.95495e-05,0.000301216
40.3515,-9.91606e-05,0.000199057
40.3564,-0.000281472,0.000112849
40.3613,-6.57467e-05,-0.00023097
40.3662,0.000231332,4.97745e-05
40.3711,6.85725e-05,0.000311091
40.376,-0.000349957,0.000280884
40.3809,-0.000208324,-0.000279942
40.3858,0.000132767,0.000102612
40.3907,-0.000195601,-3.47706e-05
40.3956,0.00016491,7.04044e-05
40.4005,-0.000301496,0.000215462
40.4054,-0.000203962,-0.000232774
40.4103,0.000117811,-0.000164559
40.4151,6.61211e-05,0.000182455
40.42,-0.000176945,-0.000105673
40.4249,0.000214607,0.000121496
40.4298,-0.00039165,0.000116653
40.4347,6.54681e-05,-0.000270114
40.4396,2.09754e-05,5.34465e-05
40.4445,0.000158495,0.00011189
40.4494,-0.000389873,0.000261955
40.4543,-0.000116566,-0.000343597
40.4592,1.30351e-05,2.56307e-05
40.4641,5.22178e-05,-8.63354e-05
40.469,-0.000116694,0.000176117
40.4739,-0.000105159,-0.000167149
40.4788,-2.5859e-05,4.46e-05
40.4836,-1.67091e-05,-7.33029e-06
40.4885,-0.000318211,0.000137072
40.4934,-0.000176936,-0.000382302
40.4983,-8.54667e-05,-0.000116785
40.5032,0.000174521,-0.000500139
40.5081,0.000320945,0.000339948
40.513,-0.0003627,-8.67743e-05
40.5179,7.34397e-05,-0.0001764
40.5228,-8.33066e-06,-0.000280689
40.5277,0.000416578,-7.04382e-05
40.5326,0.000111401,0.000229704
40.5375,-8.62342e-05,0.000167341
40.5424,-0.000117215,-9.54126e-05
40.5473,1.28551e-05,3.44901e-05
40.5521,-0.000105174,-0.000186923
40.557,0.000229577,-7.09011e-05
40.5619,0.000125577,7.37716e-05
40.5668,-1.57377e-05,0.000273903
40.5717,-0.000231056,-0.0001584
40.5766,0.000215675,7.08414e-05
40.5815,-0.000251386,2.8375e-06
40.5864,0.000242986,-4.83005e-05
40.5913,-0.000228351,0.000232345
40.5962,-3.69116e-05,-0.00017654
40.6011,-5.97819e-05,8.6237e-05
40.606,-9.33869e-05,-7.16134e-05
40.6109,-0.000129721,-0.000143435
40.6157,0.000270441,-0.000209509
40.6206,0.000141029,0.000282526
40.6255,-3.55959e-05,0.000192441
40.6304,-0.000335004,0.000307467
40.6353,-0.000410159,-0.000235468
40.6402,-0.000101977,-0.000172439
40.6451,-0.000103586,-0.000243201
40.65,2.73454e-05,-7.79766e-05
40.6549,-0.000170987,-0.000158052
40.6598,3.13559e-05,-0.000260616
40.6647,6.67329e-05,-0.000138491
40.6696,3.77223e-05,-9.98548e-05
40.6745,-1.56702e-05,-0.000175131
40.6794,0.000207439,-0.000224309
40.6842,0.000219865,0.000115476
40.6891,-7.61549e-05,7.30225e-05
40.694,-8.58799e-05,-7.34078e-06
40.6989,-0.000189199,-0.000262753
40.7038,0.000275097,-0.000307224
40.7087,0.000175539,-1.1853e-05
40.7136,0.000274726,3.54649e-05
40.7185,-0.000133488,0.000144893
40.7234,0.000282392,-0.000219807
40.7283,-3.02902e-05,0.000533509
40.7332,-0.000317935,-0.000352322
40.7381,0.000261622,0.000133075
40.743,-0.000347974,-9.38486e-05
40.7479,0.000137979,-0.000168707
40.7528,-9.88757e-05,-0.000149365
40.7576,0.000198768,-0.000117537
40.7625,-4.92977e-05,-0.000131726
40.7674,0.000274896,-9.28471e-05
40.7723,-5.39631e-05,-7.15172e-05
40.7772,0.00040681,-0.000131677
40.7821,-3.33189e-05,0.000254243
40.787,8.16298e-05,-0.000281784
40.7919,0.000381917,7.3491e-05
40.7968,0.000189323,0.00032779
40.8017,-0.000244346,0.000256421
40.8066,-6.93196e-05,-0.00016662
40.8115,7.53978e-05,7.07334e-05
40.8164,-5.202e-05,2.83484e-05
40.8212,-8.34798e-05,1.96796e-05
40.8261,-0.000162007,-0.000158027
40.831,0.000112175,-0.0004163
40.8359,0.000538325,-4.83095e-05
40.8408,0.000158435,0.000248265
40.8457,0.000271244,8.73394e-05
40.8506,0.000106535,0.000537799
40.8555,-0.000402878,0.000228901
40.8604,-0.000168958,-0.000161021
40.8653,5.74087e-05,-5.35244e-05
40.8702,9.08858e-05,5.07428e-05
40.8751,-7.0383e-05,0.00023535
40.88,-0.000189246,-0.000154638
40.8849,0.000269398,0.000136564
40.8897,-0.000395051,0.000278286
40.8946,-0.000165499,-0.000287186
40.8995,4.6434e-05,-6.2095e-05
40.9044,1.81037e-05,6.0013e-05
40.9093,-0.000192522,-3.22547e-05
40.9142,6.94167e-05,-3.04203e-06
40.9191,-0.000441404,-6.58915e-06
40.924,0.000144653,-0.000580572
40.9289,0.00026153,0.000160963
40.9338,-4.26363e-05,-1.0922e-05
40.9387,-6.65034e-05,8.99179e-07
40.9436,0.000124927,-0.000119857
40.9485,-0.000165467,0.000222005
40.9534,-8.39228e-05,-0.000423061
40.9582,0.000218676,0.000193012
40.9631,-0.000320523,-0.000188884
40.968,0.00027282,-0.000164831
40.9729,-0.000121137,7.29695e-05
40.9778,-1.30749e-05,-0.000283879
40.9827,0.000223079,-0.000141182
40.9876,0.0001537,5.18073e-05
40.9925,7.12356e-05,1.2228e-05
40.9974,4.73844e-05,0.000116034
41.0023,-0.000137322,2.63188e-05
41.0072,-0.000128861,-0.00012435
41.0121,3.74064e-05,-0.000268916
41.017,0.000147448,-3.67046e-05
41.0218,-3.06812e-05,-0.000180214
41.0267,0.000323205,-0.000155239
41.0316,0.000114654,0.000173565
41.0365,-2.9968e-05,-6.56406e-05
41.0414,9.56356e-05,-5.49871e-05
41.0463,7.09169e-05,-9.16251e-05
41.0512,0.000170704,-2.60962e-05
41.0561,8.71509e-05,-4.40136e-05
41.061,0.000234543,4.69151e-05
41.0659,-4.03227e-05,6.79849e-05
41.0708,0.000236181,-9.11826e-05
41.0757,6.24696e-05,0.00022265
41.0806,0.000115255,-1.39853e-05
41.0855,-4.94581e-05,0.000379521
41.0904,-0.000359258,-0.000197206
41.0952,0.000170902,-0.000172166
41.1001,-7.96306e-05,1.19655e-05
41.105,-4.57654e-05,-0.000369167
41.1099,0.000511033,-0.000259931
41.1148,0.000228267,0.000295203
41.1197,0.00012468,-0.000155629
41.1246,0.000411499,0.000344365
41.1295,-0.00023784,0.000220612
41.1344,8.06413e-05,-4.84733e-05
41.1393,-3.85193e-05,0.000114665
41.1442,-7.08668e-05,-6.38055e-05
41.1491,3.68992e-05,-0.000244395
41.154,0.000413231,-0.000109183
41.1588,0.000261376,0.000237294
41.1637,5.39862e-05,0.00018461
41.1686,9.58453e-05,-6.54261e-06
41.1735,0.000307361,0.000295922
41.1784,-0.000302861,0.000306875
41.1833,7.65283e-05,-0.000267713
41.1882,0.00023285,0.000334769
41.1931,-0.000178452,5.10091e-05
41.198,0.000234009,7.25161e-05
41.2029,-4.88594e-05,0.000310338
41.2078,-5.36002e-05,0.000169711
41.2127,-0.000304005,0.000265325
41.2176,-0.000373822,-0.000268621
41.2225,0.000130174,-0.000303137
41.2273,0.000180408,-4.28573e-05
41.2322,0.000130941,2.75072e-05
41.2371,9.78296e-05,1.93348e-05
41.242,0.000164454,6.99651e-05
41.2469,4.90227e-05,0.000128299
41.2518,0.000136565,2.27576e-05
41.2567,0.000149567,0.000262585
41.2616,-3.27682e-05,0.000161833
41.2665,8.77155e-05,0.000275065
41.2714,-0.000302092,0.000251674
41.2763,-4.07005e-05,-0.000128003
41.2812,9.14882e-05,0.000312892
41.2861,-0.000373446,0.000260628
41.291,-0.000394712,-7.0258e-05
41.2958,-0.00030185,-0.000350617
41.3007,0.00022877,-0.000473419
41.3056,0.000372913,0.000129387
41.3105,-2.7538e-05,7.55432e-05
41.3154,0.000210476,7.74767e-05
41.3203,-0.00011086,0.000246298
41.3252,-2.86438e-05,-7.72081e-05
41.3301,8.30558e-05,0.000175816
41.335,-0.000189544,0.000142192
41.3399,-0.000126102,-0.000142875
41.3448,0.000200463,1.1779e-05
41.3497,-0.00011674,0.000279488
41.3546,-0.000226473,-5.22829e-05
41.3594,-7.52335e-05,-9.28157e-05
41.3643,2.56256e-05,-4.92767e-05
41.3692,-0.00015007,2.0503e-05
41.3741,2.00208e-05,-0.000294429
41.379,0.000168272,8.32998e-05
41.3839,-7.56241e-05,-0.000184325
41.3888,0.000486452,1.25649e-05
41.3937,-9.48315e-05,0.000485799
41.3986,-0.000200054,-8.70048e-05
41.4035,-3.9148e-05,9.12867e-05
41.4084,-0.000132769,-0.00020945
41.4133,0.000239308,4.0484e-05
41.4182,-0.000181744,2.07609e-05
41.4231,0.000264262,-0.000156157
41.428,6.76978e-05,0.000303104
41.4328,-5.50887e-05,4.33254e-05
41.4377,-4.26189e-05,0.000206647
41.4426,-0.000281263,1.89159e-05
41.4475,-7.9893e-05,-0.000229726
41.4524,0.000139781,-1.65484e-05
41.4573,-0.000143186,-1.76311e-05
41.4622,0.000203529,-0.000233848
41.4671,0.000162292,0.000254258
41.472,-0.000138117,-8.12656e-06
41.4769,0.000158169,-3.42054e-05
41.4818,4.24142e-05,0.000194188
41.4867,-7.39341e-05,4.84733e-05
41.4916,1.99755e-05,0.000122066
41.4964,-0.000191444,5.38897e-05
41.5013,5.76741e-06,-4.03456e-05
41.5062,-0.000123217,4.37862e-05
41.5111,7.70797e-06,-2.3247e-05
41.516,-0.000263358,6.38654e-05
41.5209,-9.79602e-05,-0.000359263
41.5258,0.000117994,-0.000199246
41.5307,0.000333428,-0.00015366
41.5356,0.000145062,0.000324245
41.5405,-0.000157101,-2.39597e-05
41.5454,4.32276e-05,-7.42271e-06
41.5503,-8.56099e-05,-9.12234e-05
41.5552,0.00011435,-0.000218283
41.5601,0.000255072,-4.6652e-05
41.5649,0.000154143,-7.11023e-05
41.5698,0.000572036,4.16724e-05
41.5747,0.000143842,0.000650209
41.5796,-0.000168592,0.000192911
41.5845,-0.000138394,0.000254071
41.5894,-0.000141237,-0.000158771
41.5943,0.000285751,0.000166453
41.5992,-0.000146849,0.000366421
41.6041,-0.000288725,8.60599e-05
41.609,-0.000119325,-0.000120672
41.6139,1.21029e-06,1.34148e-05
41.6188,-8.04802e-06,-3.07499e-05
41.6237,4.56681e-05,8.94078e-05
41.6286,-2.88136e-05,8.74004e-05
41.6334,-9.59862e-05,9.64933e-05
41.6383,-1.97802e-05,-9.77633e-06
41.6432,-9.57011e-05,0.000152449
41.6481,-0.000120167,-6.46894e-05
41.653,-0.000124336,3.1881e-05
41.6579,-1.75067e-06,-0.000297369
41.6628,0.000298382,0.000109377
41.6677,4.66583e-05,0.000181611
41.6726,-0.000107447,0.000351413
41.6775,-0.000311432,-0.00012112
41.6824,0.000145942,8.92831e-05
41.6873,-0.000269571,0.000142432
41.6922,-0.000142843,5.03121e-05
41.697,-0.000414546,-0.000150085
41.7019,0.000131087,-0.000359105
41.7068,7.34108e-05,0.000106608
41.7117,-0.000127907,-5.64114e-06
41.7166,-0.000127526,-0.000168777
41.7215,0.000165569,-0.000164157
41.7264,2.79778e-05,0.000152883
41.7313,-0.00020411,-7.74252e-05
41.7362,5.36334e-05,-0.000237106
41.7411,8.21467e-05,2.12127e-05
41.746,-7.20204e-05,-0.000201294
41.7509,0.000303451,-0.00014265
41.7558,0.000158294,9.67207e-05
41.7607,0.000122128,0.000141339
41.7656,-0.000129039,3.95412e-05
41.7704,0.000188075,-8.65831e-05
41.7753,-2.6084e-05,0.00014897
41.7802,0.000191473,-0.000141942
41.7851,0.000127994,0.000407519
41.79,-0.000222299,-3.24664e-05
41.7949,0.000175667,0.000103542
41.7998,-0.000160368,0.000157843
41.8047,-5.5842e-05,5.46994e-05
41.8096,-0.000196408,-4.11009e-05
41.8145,0.000111856,-6.27838e-05
41.8194,-0.000203206,0.000132827
41.8243,-0.000100597,-0.000363908
41.8292,0.000339471,-0.000126569
41.834,0.000159073,0.000198831
41.8389,-5.29545e-05,2.06733e-05
41.8438,0.000221623,1.15066e-05
41.8487,1.95687e-06,0.000256275
41.8536,-2.21028e-05,-8.82222e-06
41.8585,9.83413e-05,0.000136837
41.8634,5.14691e-06,0.00015225
41.8683,-4.13163e-05,0.000217005
41.8732,-0.000236257,0.000140848
41.8781,-0.00017242,-0.000196211
41.883,0.000316548,-3.20344e-05
41.8879,-7.29472e-05,0.000465873
41.8928,-0.000401335,-4.03309e-05
41.8977,5.03272e-06,-0.000212136
41.9025,0.000143043,5.19761e-05
41.9074,-4.09539e-05,0.000157666
41.9123,-5.68544e-05,0.000125578
41.9172,-0.000280016,0.000110099
41.9221,-0.000123141,-0.000242986
41.927,0.000116012,2.22626e-05
41.9319,-0.000139534,8.61789e-05
41.9368,-0.00010176,-0.000165476
41.9417,0.000153764,-1.5544e-05
41.9466,-8.63977e-05,7.93244e-05
41.9515,5.63519e-05,-1.98926e-05
41.9564,-0.000121985,7.853e-05
41.9613,8.80255e-05,-8.17221e-05
41.9662,-0.000102657,0.000174366
41.971,5.48131e-05,-0.000118014
41.9759,-0.000108803,0.000358513
41.9808,-0.000348256,-0.000280241
41.9857,0.000204192,-9.41885e-05
41.9906,-2.97289e-05,5.68266e-05
41.9955,-3.71612e-05,3.50172e-05
42.0004,-3.75503e-05,-8.18013e-05
42.0053,8.49224e-05,5.82801e-05
42.0102,-5.4262e-05,9.61464e-05
42.0151,-0.000119561,2.44032e-05
42.02,4.6095e-05,-2.10839e-05
42.0249,-0.000162688,0.000205157
42.0298,-0.000145525,-0.000149312
42.0346,-0.000102241,0.000125525
42.0395,-0.000247558,-0.000172586
42.0444,-0.000198823,-0.000104595
42.0493,-1.02068e-05,-0.000586304
42.0542,0.000425694,6.68227e-05
42.0591,-0.00012666,-0.000125451
42.064,0.000391372,-2.62614e-05
42.0689,-6.39547e-05,0.000145689
42.0738,0.000153781,-2.36031e-05
42.0787,-5.62972e-06,0.000119405
42.0836,8.3548e-05,4.92025e-05
42.0885,-2.96039e-05,0.000144137
42.0934,-5.9742e-05,9.87341e-05
42.0983,-0.0001012,3.01722e-05
42.1032,-0.000123361,0.000102825
42.108,-0.000228977,-0.000227424
42.1129,0.00020953,-7.87743e-05
42.1178,-0.000127689,1.07306e-05
42.1227,0.00018039,-0.000127184
42.1276,1.5477e-05,0.000182041
42.1325,-8.87291e-05,-7.13134e-06
42.1374,1.13688e-05,-8.53907e-05
42.1423,0.000134899,0.00013845
42.1472,-0.000249566,7.26988e-05
42.1521,7.98383e-05,-0.00012642
42.157,-0.000119675,0.000126422
42.1619,-2.4509e-06,-0.0001773
42.1668,4.06221e-06,0.000121659
42.1716,-8.27643e-05,-0.000137767
42.1765,9.5565e-05,6.01239e-05
42.1814,-0.000119104,9.06046e-08
42.1863,1.229e-05,-1.71809e-05
42.1912,-0.000138501,8.55851e-06
42.1961,-7.96104e-05,-0.000215819
42.201,0.0002231,-0.00012312
42.2059,-2.04728e-05,0.000258473
42.2108,-0.000328884,-0.000272467
42.2157,0.000346057,-0.000329545
42.2206,0.000226212,0.000136553
42.2255,7.63666e-05,0.000131186
42.2304,-0.000129828,-1.60561e-05
42.2353,0.000295787,-0.000159968
42.2401,0.000156038,0.000371591
42.245,-0.000161912,0.000163821
42.2499,-0.000182574,5.51634e-06
42.2548,4.72245e-05,-7.01157e-05
42.2597,-0.000196999,7.19207e-05
42.2646,0.000114799,-0.00034548
42.2695,0.000161948,0.000251264
42.2744,-8.79434e-05,-0.000114809
42.2793,9.33011e-05,0.000111449
42.2842,1.79544e-05,-0.000173297
42.2891,0.000273743,0.000284319
42.294,-0.000226452,8.6291e-05
42.2989,8.84167e-05,9.94317e-05
42.3038,-0.000197245,8.22528e-05
42.3086,-9.05341e-05,6.19369e-05
42.3135,-0.000296207,-0.000209149
42.3184,0.000193239,-0.000300862
42.3233,0.000290277,-7.28921e-05
42.3282,0.000260589,0.000345426
42.3331,-0.00020861,8.10303e-05
42.338,0.000222009,0.000158952
42.3429,-0.00035463,0.000223199
42.3478,6.61438e-05,-0.000159513
42.3527,-7.537e-05,0.000289465
42.3576,-0.000288087,1.14602e-05
42.3625,-0.0002488,-0.000202965
42.3674,0.0001511,-0.000291082
42.3722,0.000168004,0.000133639
42.3771,-0.000189302,0.00011082
42.382,-0.000117397,-0.000334524
42.3869,0.000412554,-5.99344e-05
42.3918,4.17525e-06,0.000285135
42.3967,-0.000107446,7.21994e-05
42.4016,-0.000158371,-0.000126375
42.4065,0.000278121,-9.33733e-05
42.4114,-5.29942e-05,0.000301329
42.4163,-0.000189808,-0.000102621
42.4212,5.86013e-05,-0.000170765
42.4261,0.000244431,2.26496e-05
42.431,1.91214e-05,0.000149386
42.4359,0.000133049,9.31266e-05
42.4407,-8.80194e-05,0.000241502
42.4456,1.64393e-05,5.49307e-05
42.4505,-0.000169257,0.000324968
42.4554,-0.000324243,-0.000116577
42.4603,3.24755e-05,-0.000136546
42.4652,0.000119826,7.42485e-05
42.4701,-0.000121142,0.000291421
42.475,-0.000351767,-9.18854e-06
42.4799,-0.000126659,-0.000201139
42.4848,7.66183e-05,-6.88252e-05
42.4897,-8.71593e-05,0.000133219
42.4946,-0.000190519,-0.000102979
42.4995,3.09574e-05,-3.37056e-05
42.5044,-0.000238026,9.83174e-05
42.5093,-0.00024618,-0.000340908
42.5141,0.000182064,-0.000190294
42.519,-7.20262e-05,-5.10985e-05
42.5239,0.000134006,-0.000210996
42.5288,7.1748e-05,1.22543e-05
42.5337,0.000213628,-0.000123082
42.5386,0.000162871,0.000394691
42.5435,-0.000415999,0.000112073
42.5484,-6.75029e-05,-0.000269809
42.5533,7.67931e-05,3.76198e-05
42.5582,-0.000219628,-2.83353e-05
42.5631,4.29077e-05,-0.000295866
42.568,0.000155468,6.41966e-05
42.5729,-0.000121588,-1.29057e-05
42.5777,-2.79599e-05,-0.000143329
42.5826,9.99668e-05,-0.000219602
42.5875,0.000311567,5.23474e-05
42.5924,-1.39341e-05,0.000217039
42.5973,-7.63436e-05,9.39675e-05
42.6022,-0.000269967,-1.40558e-05
42.6071,9.16489e-06,-0.000356979
42.612,0.000255509,9.39028e-06
42.6169,-2.87545e-05,8.7393e-05
42.6218,-1.4062e-05,-8.26678e-05
42.6267,0.000116895,-1.58148e-05
42.6316,4.71248e-06,6.90312e-05
42.6365,3.19436e-05,2.00927e-05
42.6414,-0.000108934,8.75318e-05
42.6462,-5.94531e-05,-0.000133486
42.6511,-5.02436e-05,-2.80173e-05
42.656,7.35213e-05,-0.000301702
42.6609,0.000353734,0.000133661
42.6658,-7.43692e-05,0.000214825
42.6707,-0.00013414,8.79072e-05
42.6756,-0.000160917,-0.000191964
42.6805,0.000226477,-4.63857e-05
42.6854,-8.93232e-05,0.000171285
42.6903,-0.00014369,-4.74503e-05
42.6952,-0.000100725,-0.000155091
42.7001,6.59137e-05,-0.000131301
42.705,3.28248e-05,-9.13846e-05
42.7099,8.38987e-05,2.05334e-05
42.7147,-0.000162346,-0.000107167
42.7196,0.000183103,-0.000233118
42.7245,5.65987e-05,4.06099e-07
42.7294,0.000187864,-0.000203579
42.7343,0.000264239,0.000165884
42.7392,-9.81541e-05,0.00010252
42.7441,6.78833e-05,-0.000179817
42.749,0.000256645,0.000116351
42.7539,-0.000100276,0.000121816
42.7588,6.24156e-05,-8.73721e-05
42.7637,6.06107e-05,1.39258e-05
42.7686,0.00017184,1.40557e-05
42.7735,9.83849e-06,0.000157812
42.7783,9.25785e-05,7.99426e-06
42.7832,-1.78211e-05,0.000269861
42.7881,-0.000189727,-1.55955e-05
42.793,-5.31633e-05,5.35297e-06
42.7979,-0.000130122,-0.000124932
42.8028,5.79048e-05,-0.00017381
42.8077,0.000189035,-0.000129753
42.8126,0.000227406,0.000174113
42.8175,-0.000123146,0.000130064
42.8224,-1.56379e-05,-5.50474e-05
42.8273,-3.08841e-05,-9.33442e-05
42.8322,0.000299222,-0.000128686
42.8371,0.000175076,0.000397404
42.842,-0.000295763,0.000120684
42.8469,-1.57977e-05,-0.000100922
42.8517,-7.39971e-05,5.53822e-05
42.8566,-7.09951e-05,-0.000188788
42.8615,0.000207415,-4.33295e-05
42.8664,-1.18677e-05,0.000122846
42.8713,-3.67831e-05,-1.99205e-05
42.8762,-0.000109883,-5.50186e-05
42.8811,0.000107788,-0.000311694
42.886,0.000376715,3.22168e-05
42.8909,0.000162228,0.000220821
42.8958,9.11775e-06,0.000276881
42.9007,-0.000200319,0.000157416
42.9056,-0.000204418,-4.12633e-05
42.9105,-6.30503e-05,-0.00014033
42.9153,-5.76287e-05,-0.000119352
42.9202,0.000185513,-0.000241814
42.9251,0.00017993,0.000231467
42.93,-0.000182837,-5.61377e-05
42.9349,0.00011131,-2.66593e-05
42.9398,-0.000182715,-8.74331e-05
42.9447,0.000158929,-0.000356323
42.9496,0.000388163,-0.000110881
42.9545,0.000371305,0.000233279
42.9594,4.24223e-06,0.000254048
42.9643,5.02555e-05,0.000153196
42.9692,-0.000166264,0.000153768
42.9741,-8.04465e-05,-0.000139126
42.979,0.000141978,-7.40718e-05
42.9838,9.01113e-05,0.000152275
42.9887,-0.000155718,-3.05177e-05
42.9936,0.000114861,-0.000169061
42.9985,0.000146967,-9.47452e-05
43.0034,0.000410975,2.69547e-05
43.0083,0.000102931,0.000426636
43.0132,-0.000146006,6.23461e-05
43.0181,0.000134234,9.06901e-05
43.023,-0.000185758,0.000235846
43.0279,-0.000100979,-0.000286911
43.0328,0.000328797,8.83847e-05
43.0377,-9.38975e-05,0.000110176
43.0426,0.000228392,4.30272e-05
43.0475,-9.70586e-05,0.000327896
43.0523,-0.000184303,2.27204e-06
43.0572,-9.81644e-05,-0.000101968
43.0621,0.000115719,-4.72776e-05
43.067,-9.65412e-05,-2.09222e-05
43.0719,0.000293376,-0.000158138
43.0768,4.16852e-05,0.000405141
43.0817,-0.000305626,-0.000163201
43.0866,0.000277989,-0.00022427
43.0915,0.000188372,0.000240231
43.0964,-0.000156354,4.25277e-05
43.1013,7.92369e-05,-0.000111225
