-33.6215,-4.26635e-05,-2.29659e-07
-33.6166,0.000164471,-1.49828e-05
-33.6117,-2.47719e-05,0.000157437
-33.6068,0.000129239,6.56225e-06
-33.6019,-8.65732e-05,0.000279067
-33.597,-2.8697e-05,-0.000113308
-33.5921,6.2322e-05,0.000226555
-33.5872,-7.03477e-05,2.93058e-05
-33.5823,-5.30009e-05,0.00021099
-33.5774,-0.000109221,-1.75016e-05
-33.5726,-0.000135776,0.00022903
-33.5677,-0.000254368,-0.000230987
-33.5628,0.000103291,5.65909e-05
-33.5579,-0.000208909,-8.98162e-05
-33.553,7.8279e-05,-6.09052e-05
-33.5481,5.8275e-06,-7.34441e-05
-33.5432,6.13162e-05,0.000211783
-33.5383,-0.000319765,-0.000137801
-33.5334,0.000220842,-9.6394e-05
-33.5285,-0.000160467,8.71944e-05
-33.5236,-7.40096e-06,-0.000141215
-33.5187,3.14269e-06,-0.000120794
-33.5138,0.000165759,2.24912e-05
-33.5089,-0.000127995,-4.75137e-05
-33.5041,0.00024837,-0.000112859
-33.4992,4.08537e-05,0.000112869
-33.4943,0.000201785,0.000101428
-33.4894,-0.0002357,0.000284695
-33.4845,-6.8823e-05,-0.000222109
-33.4796,4.15102e-05,0.000139625
-33.4747,-0.000140775,-0.000105313
-33.4698,9.90704e-05,-4.21591e-05
-33.4649,5.46901e-06,1.23444e-05
-33.46,5.78596e-05,4.45921e-05
-33.4551,-9.46617e-05,9.49742e-05
-33.4502,-9.70777e-05,-0.000108735
-33.4453,6.7475e-05,-4.0563e-05
-33.4405,-6.0608e-05,-2.86835e-06
-33.4356,3.71575e-05,-0.000136624
-33.4307,0.000131401,1.89345e-05
-33.4258,-6.58657e-06,5.89966e-05
-33.4209,2.02719e-05,-3.08071e-05
-33.416,5.78928e-05,6.92527e-05
-33.4111,-0.000110788,8.42525e-05
-33.4062,-0.00013958,-0.000179054
-33.4013,0.000239748,-0.000174358
-33.3964,0.000110853,0.000211448
-33.3915,-8.6848e-05,2.47739e-05
-33.3866,-6.2626e-05,3.26041e-05
-33.3817,-6.0617e-05,-0.000152034
-33.3768,6.66509e-05,-1.73653e-05
-33.3719,-3.59664e-05,-0.000159059
-33.3671,0.000205152,-6.49219e-05
-33.3622,3.04131e-05,-1.84278e-05
-33.3573,0.00018103,-8.66442e-05
-33.3524,0.000177987,5.36682e-05
-33.3475,0.000124057,8.51686e-05
-33.3426,0.000127945,6.56707e-05
-33.3377,9.54187e-05,0.000166972
-33.3328,8.47646e-05,8.63157e-05
-33.3279,3.35853e-05,0.000338229
-33.323,-0.000278264,4.07383e-05
-33.3181,3.58895e-05,-3.11851e-06
-33.3132,-0.000160571,2.9647e-05
-33.3083,2.36172e-05,-0.000144136
-33.3035,0.000146419,1.54322e-05
-33.2986,-4.15005e-05,0.00023549
-33.2937,-0.000256641,-0.0001762
-33.2888,0.000175531,-0.000145479
-33.2839,4.96219e-05,-0.00016111
-33.279,0.000508535,6.85036e-05
-33.2741,-9.04879e-05,0.000390849
-33.2692,6.95944e-05,1.85003e-05
-33.2643,-0.000211612,0.000303125
-33.2594,-0.000149044,-0.000324699
-33.2545,0.000257981,-1.07498e-05
-33.2496,0.000119081,6.37856e-05
-33.2447,9.045e-05,0.000207662
-33.2398,-7.27881e-05,6.7691e-05
-33.235,7.78431e-05,6.80803e-05
-33.2301,-1.54142e-05,0.000147555
-33.2252,-5.86689e-05,6.45326e-05
-33.2203,-8.21095e-06,5.20875e-05
-33.2154,-5.60673e-05,2.13643e-05
-33.2105,0.000112101,-1.14509e-05
-33.2056,2.93704e-06,0.000185408
-33.2007,1.51731e-05,-2.63057e-05
-33.1958,0.000128719,0.000269743
-33.1909,-0.000240791,0.000201404
-33.186,-0.00015183,-9.98911e-06
-33.1811,-6.92922e-05,-5.86029e-05
-33.1762,4.21073e-06,8.61639e-05
-33.1713,-0.000248229,-7.02739e-05
-33.1665,0.000174696,-0.000278897
-33.1616,0.000232284,0.000162849
-33.1567,-2.25648e-05,0.000123146
-33.1518,6.48358e-05,-4.85421e-06
-33.1469,0.000195777,0.000170478
-33.142,-3.72292e-06,0.000254203
-33.1371,6.66506e-05,0.000278586
-33.1322,-0.000295384,0.000420084
-33.1273,-0.000335666,-1.3548e-05
-33.1224,-0.000153921,4.45332e-05
-33.1175,-0.00020897,3.16455e-05
-33.1126,-0.000256961,-8.02983e-05
-33.1077,1.09192e-05,-0.000147385
-33.1029,-0.000146004,7.73336e-05
-33.098,5.6377e-06,-0.000190599
-33.0931,-6.4275e-05,0.000253404
-33.0882,-0.000303774,-0.000248228
-33.0833,0.000149714,-6.11011e-05
-33.0784,-0.000101443,-3.35675e-05
-33.0735,8.38907e-05,3.66542e-05
-33.0686,-0.000209076,7.31491e-05
-33.0637,-0.000135706,-0.000162257
-33.0588,5.09559e-05,-0.000193905
-33.0539,0.000114412,9.32304e-05
-33.049,-0.000202537,-3.65613e-05
-33.0441,9.97147e-05,-0.000207123
-33.0392,0.000130542,6.67434e-05
-33.0343,-3.30155e-05,4.90611e-05
-33.0295,5.17327e-05,-6.0398e-06
-33.0246,-5.32765e-05,0.000115366
-33.0197,2.99782e-06,-8.26193e-05
-33.0148,8.25131e-06,0.000244076
-33.0099,-0.000325471,-7.61519e-05
-33.005,2.13926e-05,-0.000153439
-33.0001,-3.88946e-05,-0.000120275
-32.9952,0.000148515,-8.15756e-05
-32.9903,7.34097e-05,1.41444e-05
-32.9854,0.000124009,7.97271e-05
-32.9805,1.25311e-05,0.000143948
-32.9756,-8.37719e-05,0.000179014
-32.9707,-0.000169158,-1.55931e-05
-32.9659,-2.61419e-05,6.48541e-05
-32.961,-0.000205582,1.53659e-05
-32.9561,-0.000165577,-6.34282e-05
-32.9512,-0.000108586,-0.000291421
-32.9463,0.000220365,-4.12049e-05
-32.9414,-0.000138415,1.12005e-05
-32.9365,9.07523e-05,-0.0001957
-32.9316,0.00018153,1.43441e-07
-32.9267,0.000114519,0.000229053
-32.9218,-0.000228879,0.000124913
-32.9169,-0.000103678,-4.03101e-05
-32.912,-0.000181766,-0.00011982
-32.9071,0.000105222,-0.000193114
-32.9022,3.55909e-05,3.09992e-05
-32.8974,1.80041e-07,-7.93504e-05
-32.8925,0.000120867,-4.02576e-05
-32.8876,1.60559e-05,0.000200919
-32.8827,-0.000300441,-0.000129112
-32.8778,0.000244264,-0.000287333
-32.8729,0.000140981,0.000228874
-32.868,-0.000196743,-2.86085e-05
-32.8631,0.000119796,-0.000217178
-32.8582,0.000137244,7.78609e-05
-32.8533,9.0781e-05,-0.000106893
-32.8484,0.000236709,0.000242447
-32.8435,-0.000188707,5.17495e-06
-32.8386,0.000341537,3.10345e-05
-32.8337,-0.000145345,0.000339039
-32.8289,3.06133e-05,-2.69902e-05
-32.824,-0.000120541,0.000312538
-32.8191,-0.000224807,-7.25872e-05
-32.8142,-0.000116855,1.50093e-05
-32.8093,-9.19799e-05,-0.000253201
-32.8044,0.000256271,-1.42989e-05
-32.7995,-2.44273e-05,0.000162266
-32.7946,-4.27175e-05,2.83009e-05
-32.7897,-8.45859e-05,-6.1058e-07
-32.7848,7.04083e-05,-9.85995e-05
-32.7799,7.78216e-05,0.000101358
-32.775,3.26569e-05,9.18387e-06
-32.7701,7.99688e-05,0.000140335
-32.7653,3.54735e-05,6.9921e-05
-32.7604,9.42906e-05,0.000300956
-32.7555,-0.000202276,0.000255867
-32.7506,-0.000215602,0.00021431
-32.7457,-0.000367415,-1.92036e-05
-32.7408,-9.05487e-05,-2.9947e-05
-32.7359,-0.000306266,-1.68025e-05
-32.731,-6.94685e-05,-0.000229409
-32.7261,1.77583e-05,-7.82118e-06
-32.7212,-0.000123327,6.88658e-05
-32.7163,-0.000227757,-0.000176646
-32.7114,0.000186698,-0.000157456
-32.7065,-4.55251e-05,0.000269268
-32.7016,-0.000368359,-0.000111877
-32.6967,0.00011505,-0.000329569
-32.6919,0.000189189,0.000215857
-32.687,-0.000224388,0.000144433
-32.6821,-0.000220757,4.69217e-05
-32.6772,-0.000295366,-0.00023172
-32.6723,0.000132224,-0.000163726
-32.6674,-9.83445e-05,0.000120671
-32.6625,-0.000255878,-9.64758e-06
-32.6576,-0.000324615,-0.000277137
-32.6527,2.93607e-05,-0.000405545
-32.6478,0.00018719,-0.000217304
-32.6429,0.000176604,6.35453e-05
-32.638,-0.000106716,2.60447e-05
-32.6331,-9.73112e-05,-1.54795e-05
-32.6283,-0.000181788,-0.000283921
-32.6234,0.000219981,-8.20902e-05
-32.6185,-0.000324684,-5.38949e-05
-32.6136,0.000118414,-0.00051021
-32.6087,0.000234461,-0.000113775
-32.6038,0.000229086,-7.48329e-05
-32.5989,2.864e-05,-1.52242e-05
-32.594,0.000318331,-0.000164774
-32.5891,0.000151376,0.000342486
-32.5842,-0.000182448,-1.81375e-05
-32.5793,0.000130736,-7.44898e-05
-32.5744,-1.0873e-06,0.000222503
-32.5695,-0.000384549,-0.000128353
-32.5646,0.000174084,-0.000451927
-32.5598,0.000247102,3.21391e-05
-32.5549,8.65977e-05,-7.11013e-05
-32.55,0.000218351,-4.8092e-05
-32.5451,0.000268954,0.00018611
-32.5402,-0.000156704,0.000229616
-32.5353,6.8166e-05,-0.000162387
-32.5304,0.000107218,0.000278694
-32.5255,-0.000191831,3.08208e-05
-32.5206,-7.69239e-05,5.63473e-05
-32.5157,-0.000229013,-0.000222871
-32.5108,0.00026284,-0.000229645
-32.5059,0.000107541,9.00301e-05
-32.501,0.000151257,-1.7258e-05
-32.4961,4.7799e-05,0.000241188
-32.4913,-0.000136942,2.16751e-05
-32.4864,-6.11955e-05,-9.55278e-06
-32.4815,3.85977e-05,-0.000153546
-32.4766,0.000130523,0.000189609
-32.4717,-0.000249237,-4.47444e-05
-32.4668,0.000173073,-0.000111392
-32.4619,-6.72622e-05,0.000140046
-32.457,-0.000117051,-9.46892e-05
-32.4521,2.1829e-05,-0.000247516
-32.4472,0.000358341,2.80336e-05
-32.4423,-0.000109947,0.000238117
-32.4374,-7.79905e-06,-0.000107414
-32.4325,9.76899e-06,7.35744e-05
-32.4277,-1.06223e-05,-1.55264e-05
-32.4228,-6.55774e-05,2.34357e-05
-32.4179,-3.80252e-05,-6.14015e-05
-32.413,-0.000130162,-0.000148487
-32.4081,0.000257173,-0.000324529
-32.4032,0.000306429,0.000164292
-32.3983,6.06157e-05,0.000132108
-32.3934,-3.06557e-05,0.000157648
-32.3885,-9.06133e-05,-9.59417e-05
-32.3836,0.000202278,-4.81578e-05
-32.3787,5.85593e-05,0.000183713
-32.3738,-1.70935e-05,-4.19082e-05
-32.3689,0.000244297,0.000155682
-32.364,-0.000169409,0.000324724
-32.3591,-0.000216096,-3.04088e-05
-32.3543,-6.3194e-05,-9.14288e-05
-32.3494,2.46364e-05,3.0215e-05
-32.3445,-0.000185133,-9.04875e-05
-32.3396,0.000217295,-0.000178693
-32.3347,2.32058e-05,0.000143586
-32.3298,0.000112323,-5.82147e-05
-32.3249,-1.29902e-05,0.000238606
-32.32,-0.000137054,-5.60211e-05
-32.3151,-6.09897e-05,-0.000112204
-32.3102,0.000327241,-0.000199376
-32.3053,0.000165268,0.000455355
-32.3004,-0.000203441,-3.85651e-06
-32.2955,0.00012423,0.000148441
-32.2906,-0.000153236,0.000140917
-32.2858,-0.000150494,9.13638e-05
-32.2809,-0.000115141,-0.000186136
-32.276,0.000146131,0.000158751
-32.2711,-0.000325374,-2.14197e-05
-32.2662,0.000179357,-0.000193745
-32.2613,8.20324e-05,0.000146953
-32.2564,4.62747e-05,0.000252781
-32.2515,-0.000461043,0.000159597
-32.2466,-4.08808e-05,-0.000347965
-32.2417,1.43616e-05,0.000158041
-32.2368,-0.00017546,-0.000125667
-32.2319,-6.56403e-05,-1.05445e-06
-32.227,-0.000120916,-0.000311
-32.2222,0.000340009,-6.05025e-05
-32.2173,-2.48541e-05,0.000188746
-32.2124,-3.60571e-05,2.50072e-05
-32.2075,-0.000114868,4.50932e-05
-32.2026,-7.05919e-05,-8.74924e-05
-32.1977,9.85683e-06,-2.67697e-05
-32.1928,-9.75288e-05,4.13306e-05
-32.1879,-0.000126519,-0.000229273
-32.183,0.000276441,-7.80653e-05
-32.1781,-8.12819e-05,0.000249242
-32.1732,-0.000234001,-0.000126187
-32.1683,-5.08492e-06,-0.000269003
-32.1634,0.000319795,-9.97036e-05
-32.1585,-6.02683e-06,0.000350468
-32.1537,-0.000337964,-0.000197201
-32.1488,0.000265963,-0.00024709
-32.1439,9.6876e-05,0.000167513
-32.139,-7.36377e-06,2.57637e-05
-32.1341,-0.000145438,9.14076e-05
-32.1292,-4.15055e-05,-0.00032333
-32.1243,0.000290406,0.000150116
-32.1194,-0.000311468,2.70807e-05
-32.1145,0.000156699,-0.000237446
-32.1096,-3.21757e-05,5.8563e-05
-32.1047,9.73912e-05,-0.000216681
-32.0998,0.000168113,1.39932e-06
-32.0949,0.000239454,7.83991e-05
-32.09,-0.000176314,0.000255623
-32.0852,-1.38814e-05,-0.000368397
-32.0803,0.000378724,0.000105886
-32.0754,9.3598e-05,0.000156764
-32.0705,7.32818e-05,0.000309408
-32.0656,-0.000211713,0.000147832
-32.0607,-0.000137238,5.87545e-05
-32.0558,-0.000151375,-0.000150541
-32.0509,0.000160584,-5.45772e-05
-32.046,3.59099e-05,0.000114572
-32.0411,-6.9677e-05,0.000139792
-32.0362,-0.00012843,-9.52405e-05
-32.0313,0.000140244,5.98082e-05
-32.0264,-0.000163473,0.00012412
-32.0215,-8.18093e-05,-3.75214e-05
-32.0167,-7.91453e-05,-8.29602e-05
-32.0118,7.6526e-05,4.91714e-05
-32.0069,-0.00024786,-1.25526e-05
-32.002,7.51976e-05,-0.000194841
-31.9971,-6.4058e-05,-7.33306e-05
-31.9922,0.000356031,-0.000181063
-31.9873,3.70865e-05,0.00044911
-31.9824,-0.000235177,-0.00010862
-31.9775,4.18338e-05,-6.54795e-06
-31.9726,4.45561e-05,-0.000115928
-31.9677,0.00015492,0.000211094
-31.9628,-0.000204845,8.33852e-05
-31.9579,-2.57493e-05,-4.8503e-05
-31.953,-8.46914e-07,1.851e-06
-31.9482,-2.46353e-05,7.28438e-05
-31.9433,-3.07956e-05,3.60587e-05
-31.9384,-0.000216241,0.000157819
-31.9335,-0.000217608,-0.000317656
-31.9286,0.000122847,-3.34859e-05
-31.9237,-0.00012588,-0.000231337
-31.9188,0.000366591,-2.57096e-05
-31.9139,-0.000178954,0.000179845
-31.909,2.5428e-05,-0.000218226
-31.9041,0.000103345,1.43197e-05
-31.8992,5.41293e-05,1.0694e-05
-31.8943,3.83568e-05,-4.26784e-05
-31.8894,0.000189807,0.000120845
-31.8846,-0.000177831,0.000148776
-31.8797,-3.02753e-06,-0.00010495
-31.8748,-1.08039e-05,-3.99744e-05
-31.8699,0.000249667,-8.74077e-06
-31.865,-4.07984e-05,0.000311814
-31.8601,-0.000130526,8.96814e-05
-31.8552,-0.000403774,-1.94592e-05
-31.8503,0.000199426,-0.000620894
-31.8454,0.000558256,0.000429326
-31.8405,-0.000380847,0.000370179
-31.8356,-0.000297967,-0.000134986
-31.8307,6.83864e-06,-0.000324437
-31.8258,0.000225044,4.91775e-05
-31.8209,-6.89114e-05,-8.13038e-05
-31.8161,0.000369867,-3.94037e-05
-31.8112,0.000123914,0.000360999
-31.8063,-7.90904e-05,0.000289021
-31.8014,-0.000265098,0.00015023
-31.7965,-9.86495e-05,1.26076e-05
-31.7916,-0.000251406,8.62022e-05
-31.7867,-0.000118041,-0.000239739
-31.7818,0.000142096,1.69658e-05
-31.7769,-8.98878e-05,0.000156165
-31.772,-0.000154244,-2.01291e-05
-31.7671,-2.56382e-05,4.96277e-05
-31.7622,-0.000288774,4.39541e-05
-31.7573,-0.000100671,-0.00025352
-31.7524,4.6607e-06,-7.39059e-05
-31.7476,9.87777e-05,-9.26479e-05
-31.7427,-5.85649e-05,0.000229123
-31.7378,-0.000264385,-0.0001454
-31.7329,-2.50912e-05,-8.25833e-05
-31.728,-8.46522e-05,-0.000184826
-31.7231,1.27224e-05,1.66529e-05
-31.7182,-0.000238017,-0.000337668
-31.7133,0.000408612,-0.000246189
-31.7084,4.50387e-05,7.08845e-05
-31.7035,0.000280973,-5.44787e-05
-31.6986,-5.91299e-05,0.00022964
-31.6937,0.000153356,-0.000150148
-31.6888,2.87636e-05,0.000433788
-31.6839,-0.000362861,-0.000189868
-31.6791,0.000303177,-0.000124189
-31.6742,1.57482e-05,0.000276695
-31.6693,-0.000179531,6.03209e-05
-31.6644,-6.86779e-05,-3.42752e-05
-31.6595,-0.000148013,1.63958e-05
-31.6546,-4.83546e-05,-0.000280586
-31.6497,0.000257263,5.44089e-05
-31.6448,-0.00017324,8.02524e-05
-31.6399,0.000106041,-0.000187149
-31.635,0.000133029,0.000126085
-31.6301,3.89262e-05,8.26669e-05
-31.6252,-2.15769e-05,0.000179928
-31.6203,-8.15478e-05,5.02197e-05
-31.6154,-5.72352e-05,0.000164438
-31.6106,-0.000229085,1.0945e-06
-31.6057,-6.50446e-06,-1.0884e-06
-31.6008,-0.000231846,5.34769e-05
-31.5959,-1.20896e-05,-0.000200755
-31.591,3.74145e-05,0.000177829
-31.5861,-0.000293697,1.0361e-05
-31.5812,-7.77941e-05,-0.000186418
-31.5763,3.41471e-05,-2.03935e-05
-31.5714,-0.000115673,5.3699e-06
-31.5665,6.70871e-05,-9.06584e-05
-31.5616,-5.36518e-05,0.000336125
-31.5567,-0.000521175,2.53159e-06
-31.5518,-0.00030648,-0.00029065
-31.547,-0.000121106,-0.000468216
-31.5421,0.00022108,-0.000199466
-31.5372,-5.7019e-05,-0.000162057
-31.5323,0.000250126,-0.000196659
-31.5274,0.000118861,3.01803e-05
-31.5225,0.000161653,0.000169677
-31.5176,-0.000368247,0.000150996
-31.5127,-9.29034e-05,-0.000250857
-31.5078,-0.00026635,-0.000158636
-31.5029,0.000288306,-0.000554144
-31.498,0.000204917,0.000315283
-31.4931,-0.000194756,-0.000296242
-31.4882,0.00034039,-2.59753e-05
-31.4833,-8.61945e-05,0.000112272
-31.4785,-0.000127594,-0.000117241
-31.4736,8.92711e-05,-0.000280702
-31.4687,9.29157e-05,2.22403e-05
-31.4638,4.56796e-05,-0.000328927
-31.4589,0.00036646,3.72789e-05
-31.454,8.32914e-05,-0.000100304
-31.4491,0.00046969,0.000216808
-31.4442,-0.00021569,0.000330147
-31.4393,1.35358e-05,-8.89048e-05
-31.4344,6.87822e-06,0.000135993
-31.4295,-8.9454e-05,4.93984e-05
-31.4246,-7.94773e-05,-0.000113333
-31.4197,0.00016086,3.62134e-05
-31.4148,-0.000210693,7.0057e-05
-31.41,6.33179e-05,-0.000274494
-31.4051,0.000217079,2.91346e-05
-31.4002,0.000132021,0.000135967
-31.3953,-5.30292e-05,0.000199338
-31.3904,-0.00012435,3.51836e-05
-31.3855,-2.62655e-05,-6.64765e-05
-31.3806,0.000108956,0.000141788
-31.3757,-0.000284631,0.000148392
-31.3708,-8.87207e-05,-0.000171202
-31.3659,-9.84714e-05,9.73208e-06
-31.361,-3.36449e-05,-0.000189464
-31.3561,1.89284e-05,2.20783e-05
-31.3512,-6.93384e-05,-0.00014126
-31.3464,0.000111085,-7.03879e-05
-31.3415,8.95246e-05,5.3991e-05
-31.3366,-0.000146044,0.00017279
-31.3317,-0.00023782,-0.000263467
-31.3268,0.000206846,-0.000171952
-31.3219,2.28591e-05,3.92642e-05
-31.317,3.1389e-05,-3.10539e-05
-31.3121,-5.84019e-05,-1.63228e-05
-31.3072,2.69263e-05,-0.000101298
-31.3023,-7.80958e-05,-5.5858e-05
-31.2974,0.000117421,-0.000363212
-31.2925,0.0004443,6.00411e-05
-31.2876,7.76024e-05,0.000179081
-31.2827,0.000234306,0.000182915
-31.2778,-0.000168304,0.000457578
-31.273,-0.000348615,-4.44684e-05
-31.2681,-4.72371e-05,-8.76806e-05
-31.2632,-3.84176e-05,4.24539e-05
-31.2583,-0.000247619,3.12074e-05
-31.2534,-9.62081e-05,-0.000303446
-31.2485,8.79451e-05,-2.95423e-05
-31.2436,-1.37543e-05,-0.000183216
-31.2387,0.000243226,0.000118626
-31.2338,-0.000252955,0.000121543
-31.2289,-1.99268e-05,-0.000142199
-31.224,-6.80103e-05,3.05904e-05
-31.2191,-0.000136653,-1.34329e-05
-31.2142,-0.000269192,-0.000245055
-31.2094,0.00018316,-0.000345728
-31.2045,9.07507e-05,7.17026e-06
-31.1996,-2.29268e-06,-9.13145e-05
-31.1947,-5.50066e-05,-0.000241148
-31.1898,0.000418259,-0.000219745
-31.1849,9.51413e-05,0.00027998
-31.18,1.28208e-05,-9.4006e-05
-31.1751,3.25734e-05,0.000144901
-31.1702,-7.58344e-05,-0.000111971
-31.1653,4.30736e-05,1.99424e-05
-31.1604,-8.97493e-05,-7.45639e-05
-31.1555,-6.9549e-05,-0.000206445
-31.1506,0.000316068,-0.000287371
-31.1457,0.000175317,0.00027012
-31.1409,-0.000112247,-0.000126934
-31.136,0.000113818,-6.98505e-05
-31.1311,0.00020015,-0.00020864
-31.1262,0.000289159,0.000271994
-31.1213,-0.000100862,-6.31022e-05
-31.1164,0.000376451,0.000184176
-31.1115,-0.000331995,0.00028691
-31.1066,-3.26248e-05,-0.000283088
-31.1017,0.000158407,6.41179e-05
-31.0968,-9.59577e-05,4.83133e-05
-31.0919,3.83809e-05,-0.000241014
-31.087,0.000353643,8.00388e-05
-31.0821,-4.2092e-05,0.000228266
-31.0772,3.00456e-05,3.80451e-05
-31.0724,-6.6235e-05,0.000192956
-31.0675,-0.000214334,-4.82074e-06
-31.0626,-7.65329e-05,-0.000118736
-31.0577,-0.000132551,-6.72735e-05
-31.0528,-6.71809e-05,-0.0004257
-31.0479,0.000445022,-0.000205739
-31.043,0.000145862,0.000122339
-31.0381,0.000143866,-0.000144092
-31.0332,0.000378671,3.42499e-05
-31.0283,0.000186806,0.000237718
-31.0234,0.000176904,8.00901e-05
-31.0185,0.000268472,0.00038697
-31.0136,-0.000152748,0.00038277
-31.0088,-0.000119438,0.000184069
-31.0039,-0.000177541,0.000173289
-30.999,-0.000207172,9.84466e-05
-30.9941,-0.000206492,-7.44318e-05
-30.9892,-4.03209e-05,-1.86051e-05
-30.9843,-0.000133474,-0.000122694
-30.9794,0.000183542,-7.91598e-06
-30.9745,-0.000200033,0.000136827
-30.9696,1.12545e-05,-0.000207949
-30.9647,6.05325e-05,6.0722e-05
-30.9598,0.00011071,-2.66375e-05
-30.9549,3.53736e-05,0.000315514
-30.95,-0.00028429,8.82247e-05
-30.9451,-0.000135233,-5.22776e-05
-30.9402,-6.20729e-05,5.39298e-06
-30.9354,-0.000289064,0.000136526
-30.9305,-0.000472757,-0.000398853
-30.9256,0.000165088,-0.000604006
-30.9207,0.000391255,-0.00016562
-30.9158,0.00023892,1.64631e-05
-30.9109,0.000228009,4.40848e-05
-30.906,0.000129406,0.000220872
-30.9011,-9.82609e-05,0.000123364
-30.8962,-8.29518e-05,-8.70763e-05
-30.8913,0.000243723,-0.000168266
-30.8864,0.000296024,0.000361829
-30.8815,-0.000196643,0.00028883
-30.8766,-0.000149597,0.000196296
-30.8717,-0.000447473,-3.48918e-05
-30.8669,2.05231e-05,-0.000300629
-30.862,-3.5398e-05,3.72176e-05
-30.8571,-1.34529e-05,-0.000143894
-30.8522,-2.93852e-05,3.84083e-05
-30.8473,-6.74932e-05,-0.000117015
-30.8424,-9.75716e-05,-2.61405e-05
-30.8375,-0.000100598,-0.000331523
-30.8326,0.000225282,-0.000225459
-30.8277,0.000194826,-0.000106997
-30.8228,0.000238919,9.62202e-06
-30.8179,9.40026e-05,3.08172e-05
-30.813,0.000236522,-3.9392e-05
-30.8081,0.000194762,0.000298276
-30.8033,-0.000188497,6.28454e-05
-30.7984,0.000267455,-5.84288e-05
-30.7935,-2.23225e-05,0.000411385
-30.7886,-0.000271854,-7.5136e-06
-30.7837,-0.000147382,-0.000148607
-30.7788,0.000188593,-0.000337222
-30.7739,0.000333772,0.000140768
-30.769,0.000127371,8.83128e-05
-30.7641,0.00015414,0.000256423
-30.7592,9.71354e-05,0.000172477
-30.7543,-5.04602e-05,0.000634554
-30.7494,-0.000725354,7.84474e-06
-30.7445,-1.08005e-06,-0.00025089
-30.7396,-0.000257607,-6.88246e-05
-30.7348,0.000190812,-0.000337164
-30.7299,0.000103027,0.00017915
-30.725,1.74277e-05,-6.36483e-05
-30.7201,5.79967e-05,0.000200716
-30.7152,-0.000192072,7.17436e-05
-30.7103,-0.000200003,-6.85275e-05
-30.7054,1.59494e-05,-0.000266933
-30.7005,0.000104089,4.4111e-05
-30.6956,1.1433e-06,-0.000145062
-30.6907,0.000177827,0.000167787
-30.6858,-0.000296003,-2.44326e-05
-30.6809,0.00013201,-0.000236614
-30.676,5.77988e-05,-4.24227e-05
-30.6712,0.000232619,-4.57245e-05
-30.6663,-2.19491e-05,0.000142337
-30.6614,4.40658e-05,-0.00018958
-30.6565,0.000301,-4.65103e-05
-30.6516,0.000325275,0.000206595
-30.6467,0.000114259,0.000364311
-30.6418,-0.000118849,0.000430382
-30.6369,-0.000406613,1.59893e-05
-30.632,8.10229e-05,-3.2444e-05
-30.6271,-0.000254068,7.42201e-05
-30.6222,0.000143666,-0.000102805
-30.6173,-0.000238384,0.000195109
-30.6124,7.91035e-05,-0.000271212
-30.6075,-1.51645e-05,0.000257667
-30.6026,-5.49176e-05,-0.000182729
-30.5978,8.66236e-05,0.0001639
-30.5929,-3.51925e-05,5.71137e-05
-30.588,-0.000232385,0.000169247
-30.5831,-8.61564e-05,-0.000267009
-30.5782,-2.22213e-05,6.83151e-05
-30.5733,2.15993e-05,-0.000244832
-30.5684,8.28651e-05,8.97382e-05
-30.5635,0.000211972,-0.00010691
-30.5586,-0.000130994,0.000529446
-30.5537,-0.000306067,-0.00052719
-30.5488,0.000474637,0.000226294
-30.5439,-0.00037748,3.18796e-05
-30.539,0.000148665,-0.000119904
-30.5341,3.01765e-05,-0.000138632
-30.5293,0.000355604,0.000219911
-30.5244,-0.00020486,9.66569e-05
-30.5195,0.000324844,0.00013797
-30.5146,-0.000334354,0.00042524
-30.5097,-0.00023411,-0.000166514
-30.5048,-5.10061e-06,-0.000113737
-30.4999,0.000199959,5.51169e-05
-30.495,-0.000141281,0.000325302
-30.4901,-0.000318581,-0.000168777
-30.4852,0.000359517,-0.000149812
-30.4803,-0.000102309,0.000660939
-30.4754,-0.000658397,-0.000272716
-30.4705,0.000214861,-0.000303298
-30.4657,7.51408e-05,-2.36573e-06
-30.4608,0.000115286,0.000173907
-30.4559,-0.00021478,-2.45818e-05
-30.451,0.000261262,-2.87503e-07
-30.4461,-9.80129e-05,0.000325407
-30.4412,-0.000134461,0.000115501
-30.4363,-0.0002172,0.000138816
-30.4314,-0.000243579,8.23773e-05
-30.4265,-0.000359377,-0.000105594
-30.4216,-6.35213e-05,-0.000166836
-30.4167,-0.000230089,-1.2245e-06
-30.4118,-0.000225615,-0.000353518
-30.4069,0.00028544,-0.00027423
-30.402,6.20341e-05,0.000376063
-30.3972,-0.000567329,-4.93785e-05
-30.3923,-0.000157625,-0.000582492
-30.3874,0.00048522,-0.000324133
-30.3825,7.30686e-05,0.000489972
-30.3776,-0.000457492,-0.000299372
-30.3727,0.000241639,-0.000129126
-30.3678,-0.000302984,-0.000143717
-30.3629,0.000264229,-0.000381624
-30.358,6.10489e-05,3.87237e-05
-30.3531,-4.9277e-06,-0.000240388
-30.3482,0.000222193,-0.000332806
-30.3433,0.00047488,-1.88229e-05
-30.3384,0.000250567,8.59083e-05
-30.3335,0.000367623,0.000347267
-30.3287,-0.000294263,0.000332939
-30.3238,1.67592e-05,-0.000170197
-30.3189,9.01513e-05,0.000157036
-30.314,4.19243e-06,5.52347e-05
-30.3091,1.84178e-05,0.000180259
-30.3042,-0.000237577,6.33602e-05
-30.2993,9.42324e-05,-0.000239978
-30.2944,0.000189875,0.00035785
-30.2895,-0.000368659,9.3732e-05
-30.2846,-8.18664e-05,-6.85344e-05
-30.2797,-0.000113968,-0.000163843
-30.2748,0.000110045,9.78703e-05
-30.2699,-0.000365579,-0.000138349
-30.265,0.000242616,-0.000252933
-30.2602,-0.000103356,-2.18183e-05
-30.2553,0.000345761,-0.000241487
-30.2504,7.61364e-05,0.000360521
-30.2455,-0.000214059,-5.36809e-05
-30.2406,-7.11099e-05,-0.000225981
-30.2357,0.0002649,-0.000293867
-30.2308,0.000333318,1.0531e-05
-30.2259,0.000366347,8.6867e-05
-30.221,0.000258166,0.000369415
-30.2161,5.1003e-05,0.000337221
-30.2112,-9.46293e-07,0.000422711
-30.2063,-0.000441544,0.00037575
-30.2014,-0.000280013,-0.00026817
-30.1966,0.000127974,0.000189452
-30.1917,-0.000378665,5.62957e-05
-30.1868,-7.56678e-05,-1.70238e-05
-30.1819,-0.000398372,-0.000218666
-30.177,0.000322889,-0.0003992
-30.1721,0.000193544,0.000165818
-30.1672,0.000157882,0.00014976
-30.1623,-0.00015095,0.000325327
-30.1574,-0.000249474,4.40826e-05
-30.1525,-0.000236699,-0.000112583
-30.1476,-2.6219e-05,-0.000149517
-30.1427,4.44659e-06,-0.000257369
-30.1378,0.000471963,0.000156454
-30.1329,-0.000426883,0.000427383
-30.1281,-0.000192826,-0.000390466
-30.1232,0.000104397,-8.64393e-05
-30.1183,0.000122296,-3.61562e-05
-30.1134,-1.39721e-05,-2.28552e-06
-30.1085,0.000286646,3.64188e-06
-30.1036,-7.24634e-05,0.000326819
-30.0987,-1.56003e-05,1.97906e-05
-30.0938,-0.000132317,0.000188341
-30.0889,2.49079e-05,6.4823e-05
-30.084,-0.000416904,0.000313423
-30.0791,-0.000252691,-0.000409408
-30.0742,6.52806e-06,9.31911e-06
-30.0693,-8.09707e-05,-0.000242439
-30.0644,4.38341e-05,2.98882e-05
-30.0596,-5.38198e-05,-0.000252196
-30.0547,0.000259165,1.23841e-05
-30.0498,2.29601e-05,4.07514e-05
-30.0449,0.000195726,0.000116072
-30.04,-7.05776e-05,0.00042143
-30.0351,-0.000573852,5.51687e-05
-30.0302,-3.575e-05,-0.00043982
-30.0253,2.37543e-05,9.47416e-05
-30.0204,-9.87555e-05,-0.000288987
-30.0155,0.000200758,1.73519e-05
-30.0106,-3.75265e-06,-0.000110456
-30.0057,0.000292276,0.000170135
-30.0008,-0.000231598,0.000287654
-29.9959,-0.000281377,-5.86703e-05
-29.9911,-0.000121206,-0.000341297
-29.9862,0.000335492,-0.000109349
-29.9813,2.4374e-05,0.000155777
-29.9764,0.000100228,5.82859e-05
-29.9715,-0.000177725,0.000175083
-29.9666,9.13651e-05,-0.000242474
-29.9617,0.000246132,0.000494409
-29.9568,-0.000575965,0.000260022
-29.9519,-0.000258815,-0.000169575
-29.947,-0.000297062,-0.000175497
-29.9421,6.07222e-05,-0.000293908
-29.9372,-0.000125123,3.21401e-05
-29.9323,-9.25698e-05,-0.000436306
-29.9274,0.000369007,-0.000133991
-29.9226,0.000130395,0.000146077
-29.9177,-1.74276e-05,0.000200488
-29.9128,-0.000406234,3.97074e-05
-29.9079,-7.87521e-05,-0.000571809
-29.903,0.000444442,-3.16734e-05
-29.8981,-5.75936e-05,5.65051e-05
-29.8932,0.000221545,5.84142e-06
-29.8883,-0.000200172,0.00011439
-29.8834,0.000179145,-0.000204685
-29.8785,-0.00010708,0.000240775
-29.8736,-1.50664e-05,-0.000398269
-29.8687,0.000350042,0.000134735
-29.8638,3.82535e-06,0.000137251
-29.859,-0.000106635,0.000179397
-29.8541,-0.000106063,-0.000201905
-29.8492,0.000101368,7.76065e-05
-29.8443,-6.55537e-05,-0.000180404
-29.8394,0.000258112,9.73004e-05
-29.8345,-0.000104548,-6.84294e-06
-29.8296,0.000234663,9.62394e-05
-29.8247,-0.00023877,6.17528e-05
-29.8198,0.000319359,-0.000184668
-29.8149,9.01496e-05,0.000425722
-29.81,-0.000160857,6.36619e-05
-29.8051,1.71572e-05,7.4123e-05
-29.8002,3.66029e-05,0.000212954
-29.7953,-0.00033014,0.000300087
-29.7905,-0.000320209,-0.000212436
-29.7856,1.02728e-05,-4.15223e-05
-29.7807,-0.000236001,-5.1474e-05
-29.7758,9.60218e-06,-0.000302447
-29.7709,0.000242232,3.90836e-05
-29.766,-0.000114613,0.000177331
-29.7611,-6.61167e-05,-5.49573e-05
-29.7562,-0.000132964,0.000115048
-29.7513,-0.000194746,-0.000207428
-29.7464,3.7972e-05,-1.8588e-05
-29.7415,-0.000263234,-0.000198288
-29.7366,0.000255374,-0.000336727
-29.7317,0.000141623,0.00010908
-29.7268,9.19323e-05,-3.38321e-05
-29.722,-6.97796e-05,0.000241333
-29.7171,-0.00030558,-0.000336531
-29.7122,0.000410186,-0.000233188
-29.7073,1.79586e-05,0.00014343
-29.7024,0.000191884,-0.000174365
-29.6975,0.000143615,0.00021434
-29.6926,8.50071e-05,-4.66726e-05
-29.6877,0.000114215,0.00030172
-29.6828,-0.000116537,-1.68727e-05
-29.6779,7.06736e-05,0.000303093
-29.673,-0.00054159,-0.000129693
-29.6681,0.000307673,-0.000456932
-29.6632,0.000243735,0.000127032
-29.6583,0.000241203,4.84083e-05
-29.6535,0.000177304,0.000342942
-29.6486,-0.000144693,0.000402643
-29.6437,-0.000412458,-4.56308e-05
-29.6388,0.00016626,-0.000132044
-29.6339,-0.000179772,0.000149324
-29.629,0.000161688,-0.000255407
-29.6241,0.000161922,0.000369663
-29.6192,-0.000163403,0.000125364
-29.6143,-0.000160518,0.000155825
-29.6094,-0.000201489,-0.000102566
-29.6045,-7.3848e-05,-0.0001449
-29.5996,0.000317022,-0.000193197
-29.5947,0.000135569,0.00050601
-29.5899,-0.000277572,-1.01506e-05
-29.585,8.07772e-05,0.000202777
-29.5801,-0.000336045,2.72443e-05
-29.5752,6.16596e-05,-1.96869e-05
-29.5703,-0.000239359,7.46868e-05
-29.5654,4.05711e-06,-0.00017525
-29.5605,7.98457e-05,9.30754e-05
-29.5556,-0.000130901,0.000134063
-29.5507,-5.97746e-05,-0.000147459
-29.5458,0.00017267,0.000288967
-29.5409,-0.00053929,0.000154965
-29.536,-7.63988e-05,-0.000367698
-29.5311,2.59999e-05,-6.05747e-05
-29.5262,0.000200545,-8.22866e-05
-29.5214,1.16244e-05,0.000352405
-29.5165,-0.000313541,7.53509e-05
-29.5116,-0.00029732,-0.000157847
-29.5067,0.000137715,-0.000442558
-29.5018,0.000425535,0.000263525
-29.4969,-0.000269815,0.000356871
-29.492,-0.000294085,-4.51506e-05
-29.4871,-0.000192964,-0.000210809
-29.4822,0.000130596,-0.000238008
-29.4773,0.000137192,9.87452e-05
-29.4724,-0.000106585,-4.61273e-07
-29.4675,0.000154143,-0.000157021
-29.4626,0.000264243,0.000228175
-29.4577,-4.45194e-05,0.000317352
-29.4529,-0.000166841,0.000314902
-29.448,-0.000440672,7.21407e-05
-29.4431,-9.22512e-05,-0.000115346
-29.4382,-0.000320904,0.000115819
-29.4333,-0.000193315,-0.000386894
-29.4284,7.96835e-05,-7.23296e-06
-29.4235,-8.40602e-05,-0.000181955
-29.4186,0.000121902,0.00016457
-29.4137,-0.000414913,-0.000130591
-29.4088,0.000288711,-0.000273158
-29.4039,-5.06809e-05,0.000216043
-29.399,6.95629e-06,-8.82247e-05
-29.3941,-0.000130124,0.000196634
-29.3892,-0.00023878,-0.000191899
-29.3844,3.56483e-05,-0.000179813
-29.3795,0.000108977,1.63228e-05
-29.3746,-0.000249555,-6.59926e-06
-29.3697,0.000230794,-0.000408155
-29.3648,0.000280313,0.000443193
-29.3599,-0.000427817,9.6627e-05
-29.355,-0.00011528,-0.000182867
-29.3501,-7.90534e-05,-0.000215872
-29.3452,0.000144429,-0.000240555
-29.3403,0.000336642,-4.85802e-05
-29.3354,7.01241e-05,0.000316585
-29.3305,-7.81718e-05,-0.000176909
-29.3256,0.00041419,0.000228897
-29.3207,-0.000303367,0.000312397
-29.3159,8.02735e-05,-0.000170461
-29.311,0.000163324,0.000356431
-29.3061,-0.000247629,0.000326556
-29.3012,-0.000297725,2.464e-05
-29.2963,-5.77543e-05,3.71701e-05
-29.2914,-0.000266259,0.000184901
-29.2865,-0.000403319,-0.000113064
-29.2816,-0.000109546,-0.000463225
-29.2767,0.000489867,-7.52255e-05
-29.2718,4.08093e-06,0.000449198
-29.2669,-0.000110927,0.00017998
-29.262,-0.000339586,0.000411591
-29.2571,-0.000576529,-0.000122594
-29.2523,-0.000206451,-0.000174526
-29.2474,-0.000254191,-0.000145909
-29.2425,-0.000155007,-0.000146898
-29.2376,-0.000307262,-0.000105496
-29.2327,-0.000314391,-0.000548647
-29.2278,0.000465611,-0.000478923
-29.2229,0.000131751,0.00033489
-29.218,-0.000220406,-0.00020895
-29.2131,9.10293e-05,5.79404e-06
-29.2082,-0.000208376,-0.00020501
-29.2033,0.000181289,-0.00011927
-29.1984,-0.000141737,-0.000127676
-29.1935,0.00031136,-0.000185166
-29.1886,-3.57825e-05,0.000217825
-29.1838,-6.17171e-05,-0.000192053
-29.1789,0.000134718,-3.21383e-05
-29.174,8.70296e-05,3.79402e-05
-29.1691,-1.19419e-06,9.32087e-05
-29.1642,1.53382e-05,5.1377e-05
-29.1593,-7.68841e-05,0.0001917
-29.1544,-0.000296145,4.80566e-05
-29.1495,-0.000193196,-0.000230704
-29.1446,0.000105392,-0.000111731
-29.1397,-9.25881e-05,0.000145272
-29.1348,-0.00036516,-9.77836e-05
-29.1299,-3.31166e-05,-0.000494105
-29.125,0.00033687,9.20763e-05
-29.1201,-0.000461259,6.13246e-05
-29.1153,3.37275e-05,-0.00055187
-29.1104,0.000159094,-7.23648e-05
-29.1055,0.000135336,-0.000215305
-29.1006,0.000128245,2.07488e-05
-29.0957,0.000129258,-0.000114491
-29.0908,-3.33585e-05,0.000128374
-29.0859,1.76963e-05,-0.000484397
-29.081,0.000645294,0.000183202
-29.0761,-0.000310434,0.000283234
-29.0712,0.000189629,-0.000409907
-29.0663,0.00043642,0.000320624
-29.0614,-0.000147097,0.00030587
-29.0565,-5.07451e-05,8.6964e-06
-29.0516,-2.84656e-05,0.000150884
-29.0468,-0.000154618,-5.70053e-05
-29.0419,0.000158023,7.7301e-06
-29.037,-0.00020122,0.000165781
-29.0321,2.30664e-05,-0.000325022
-29.0272,0.000327444,0.000200443
-29.0223,-0.000105383,0.000181322
-29.0174,5.81702e-05,0.000169611
-29.0125,-0.000303729,0.000240849
-29.0076,-0.00027884,-0.000234087
-29.0027,0.000182159,-0.000266254
-28.9978,0.000325033,0.000190764
-28.9929,-6.14588e-05,0.000382219
-28.988,-0.000257653,0.000143395
-28.9831,-3.95597e-05,2.91374e-05
-28.9783,-0.000207803,0.000383942
-28.9734,-0.000523667,-8.74195e-05
-28.9685,-0.000168479,-3.05409e-05
-28.9636,-0.000538306,-0.000202379
-28.9587,-0.000122184,-0.000479119
-28.9538,-8.34835e-06,-0.000543395
-28.9489,0.000679768,-0.000163084
-28.944,-0.000179767,0.000455958
-28.9391,-0.000161461,-0.000451084
-28.9342,0.000286712,-5.37859e-05
-28.9293,4.5387e-05,-3.22299e-05
-28.9244,0.000121663,-6.76174e-05
-28.9195,0.000207694,-4.22624e-05
-28.9146,0.000277584,0.000133272
-28.9098,0.000100046,0.000414271
-28.9049,-0.000333469,0.000159355
-28.9,2.84666e-05,-0.000113244
-28.8951,5.56718e-05,0.000140529
-28.8902,8.48611e-06,0.00025279
-28.8853,-0.000332944,0.000190056
-28.8804,-0.000214431,-4.26013e-05
-28.8755,-0.000214749,-0.000237549
-28.8706,0.000335761,1.60578e-05
-28.8657,-0.000388799,0.000218283
-28.8608,0.000236337,-0.000239813
-28.8559,-0.000266626,0.000572053
-28.851,-0.000384821,-0.00032846
-28.8461,-0.000193142,1.3852e-06
-28.8413,-6.20597e-05,-0.000557368
-28.8364,0.000358115,5.32989e-05
-28.8315,0.000138811,8.29515e-05
-28.8266,-0.00018195,0.000486641
-28.8217,-0.000378889,-0.000374947
-28.8168,0.000279955,0.000181134
-28.8119,-0.000499861,5.99171e-05
-28.807,-7.51198e-06,-0.000283088
-28.8021,2.42947e-05,-3.43162e-05
-28.7972,-1.54309e-05,9.85104e-05
-28.7923,-0.000198352,-1.83509e-05
-28.7874,-9.02691e-05,-5.0841e-06
-28.7825,-0.000207767,-7.81002e-05
-28.7777,-0.000141848,-6.76396e-05
-28.7728,-0.000268462,-0.000263964
-28.7679,0.000114507,-0.00039719
-28.763,0.000245654,-8.69609e-06
-28.7581,-0.000140968,2.12104e-05
-28.7532,0.00013861,-0.000316225
-28.7483,0.000213671,0.000190668
-28.7434,-0.000114042,-2.76273e-05
-28.7385,0.000121958,-2.76304e-05
-28.7336,0.000125924,8.87134e-05
-28.7287,-7.07617e-05,0.000338687
-28.7238,-0.000343479,-1.75119e-05
-28.7189,-0.000132721,-5.54805e-05
-28.714,-0.000220769,-0.000241507
-28.7092,0.000221064,-0.000268559
-28.7043,0.000231409,0.000219555
-28.6994,-0.000324036,0.000250388
-28.6945,-0.000210312,-0.000374437
-28.6896,0.000278181,-5.15212e-05
-28.6847,-3.26327e-05,0.000188215
-28.6798,-0.000176039,5.30889e-05
-28.6749,-8.78042e-05,-7.30283e-05
-28.67,-0.00017427,9.11894e-05
-28.6651,-0.000293082,-0.000348343
-28.6602,0.0003329,-0.0002825
-28.6553,0.000115607,0.000270434
-28.6504,-0.000214868,-3.14041e-05
-28.6455,0.0001078,-5.52345e-05
-28.6407,-9.50579e-05,9.73209e-05
-28.6358,3.73569e-05,5.60727e-05
-28.6309,-0.000392677,0.00016914
-28.626,-7.05572e-05,-0.000422462
-28.6211,9.23687e-05,0.000187989
-28.6162,-0.000236128,-5.43583e-05
-28.6113,-0.000209786,3.26725e-05
-28.6064,-0.000244282,-0.000410738
-28.6015,0.000240497,-9.52385e-05
-28.5966,-0.000216312,9.5112e-05
-28.5917,-0.000297958,-0.000344421
-28.5868,0.000272241,-0.000494676
-28.5819,0.000361908,0.000184437
-28.577,-0.000128798,0.000223644
-28.5722,-0.000338736,-6.18213e-05
-28.5673,3.19021e-05,-0.000274182
-28.5624,-0.000260011,9.48711e-05
-28.5575,-0.000181269,-0.000618915
-28.5526,0.000175099,-0.000180931
-28.5477,4.67129e-05,-0.000493117
-28.5428,0.000398432,-0.000203518
-28.5379,0.000430481,-0.000272234
-28.533,0.000486244,0.000396922
-28.5281,-9.46775e-05,4.99399e-05
-28.5232,0.000209246,8.30648e-05
-28.5183,0.000156184,-5.60444e-05
-28.5134,0.000193389,0.000490039
-28.5085,-0.000430667,-0.000210899
-28.5037,0.000601007,-0.000124248
-28.4988,9.697e-05,0.000409447
-28.4939,6.63052e-05,0.000306524
-28.489,-0.000189444,0.000264026
-28.4841,-0.000203896,0.00030504
-28.4792,-0.000529162,-0.000198053
-28.4743,0.000199889,-0.000188068
-28.4694,-0.000189189,4.08503e-06
-28.4645,0.000223655,-0.000144419
-28.4596,-5.34261e-05,0.000154089
-28.4547,0.000130454,-3.81854e-05
-28.4498,-1.2715e-05,0.000230838
-28.4449,-4.58862e-05,0.000173163
-28.4401,-0.000408916,0.000105372
-28.4352,-2.17692e-05,-0.000398319
-28.4303,0.000207739,5.91997e-05
-28.4254,0.000136388,1.87052e-05
-28.4205,0.000167366,0.000408876
-28.4156,-0.000285953,0.000278077
-28.4107,-9.85295e-05,0.000266417
-28.4058,-0.000665675,0.000263098
-28.4009,-0.000353636,-0.000462495
-28.396,2.86272e-06,-9.98961e-05
-28.3911,-1.344e-05,-4.93475e-05
-28.3862,-0.000309987,0.000216311
-28.3813,-0.000341521,-0.000462749
-28.3764,0.000177007,-0.00010088
-28.3716,-7.95901e-05,-6.42056e-05
-28.3667,-5.72534e-05,9.67121e-05
-28.3618,-0.000181725,-0.000147695
-28.3569,-0.000149355,0.000207153
-28.352,-0.000595032,-0.000444719
-28.3471,0.000234439,-0.000370624
-28.3422,-0.000210211,-0.000202186
-28.3373,0.000214834,-0.000454851
-28.3324,0.000256224,-0.000191131
-28.3275,0.000433459,9.07434e-06
-28.3226,0.000124496,0.000297821
-28.3177,-0.000122974,0.000204401
-28.3128,-9.9496e-05,-0.00010028
-28.3079,4.21362e-05,0.000267855
-28.3031,-0.00054573,-0.000111853
-28.2982,0.000149599,-0.00041399
-28.2933,0.000141605,4.52075e-05
-28.2884,-4.21151e-05,0.000134024
-28.2835,-0.000247177,-0.000162704
-28.2786,0.000118137,-0.000122366
-28.2737,-0.000128985,-0.000148222
-28.2688,0.000273985,-0.000178887
-28.2639,0.000111349,2.38692e-05
-28.259,0.000343552,0.00019017
-28.2541,-0.00029281,0.00044715
-28.2492,-0.000237329,-0.000180655
-28.2443,4.05357e-05,6.39625e-05
-28.2394,-0.000222424,0.000145057
-28.2346,-0.000274228,-8.43675e-05
-28.2297,-0.000341472,-0.000110953
-28.2248,-9.58404e-05,-0.000793258
-28.2199,0.00095186,5.08949e-05
-28.215,-0.000305613,0.000785134
-28.2101,-0.000520684,-0.000152707
-28.2052,-0.000259201,-0.000304504
-28.2003,0.000120395,-0.000334075
-28.1954,2.81872e-05,-1.33909e-06
-28.1905,-8.97055e-06,-0.000146035
-28.1856,3.30451e-05,-5.39647e-05
-28.1807,-4.31515e-05,-1.60677e-05
-28.1758,-0.000107039,-0.000247401
-28.1709,0.000371534,-0.000104934
-28.1661,-8.92145e-05,0.000381685
-28.1612,-0.000358047,-0.000185968
-28.1563,0.000120975,-0.000233939
-28.1514,-7.33879e-05,0.00013681
-28.1465,-0.000221709,-0.000342004
-28.1416,0.000259715,-9.36832e-05
-28.1367,-0.000166036,-7.25092e-05
-28.1318,0.000264438,-0.000103195
-28.1269,-0.000317444,0.000226769
-28.122,-0.000180053,-0.000510423
-28.1171,0.000115308,-0.000120564
-28.1122,-0.000151661,-0.000452756
-28.1073,0.000588769,-0.000436403
-28.1025,0.000225842,0.00025298
-28.0976,0.00013735,-0.000420048
-28.0927,0.000754641,0.000282488
-28.0878,-0.000202194,0.000419547
-28.0829,1.85329e-06,-3.86541e-05
-28.078,-0.000123201,-5.29411e-05
-28.0731,0.000227348,-0.000268448
-28.0682,0.000349419,-6.73053e-05
-28.0633,0.000568428,0.000206591
-28.0584,0.000253895,0.000557697
-28.0535,-6.89897e-05,0.000748575
-28.0486,-0.000762644,0.000141542
-28.0437,0.000195836,-0.000210828
-28.0388,-0.000331466,0.000478799
-28.034,-0.000232829,-0.000341665
-28.0291,1.25626e-05,0.000180515
-28.0242,-0.000189115,-0.000143361
-28.0193,5.52541e-05,0.000160831
-28.0144,-0.000404991,6.38538e-06
-28.0095,-2.43674e-05,-0.000354919
-28.0046,0.000187968,0.000104961
-27.9997,-0.000330482,4.4015e-05
-27.9948,9.42023e-05,-0.000367321
-27.9899,0.000211343,0.000206087
-27.985,-0.000220506,0.000156553
-27.9801,-0.000283463,-0.00016789
-27.9752,0.000126216,-0.000343439
-27.9703,0.000190872,6.14286e-05
-27.9655,7.8509e-05,-2.60519e-05
-27.9606,0.000143331,0.000173353
-27.9557,-6.39019e-05,0.000148886
-27.9508,-6.54894e-05,0.000156361
-27.9459,-0.000225106,6.00249e-05
-27.941,-7.22509e-05,-9.2257e-05
-27.9361,-2.90234e-05,0.000124655
-27.9312,-0.000353308,-2.74989e-05
-27.9263,3.60464e-05,-0.000367398
-27.9214,0.000205431,0.000105017
-27.9165,-1.86284e-05,8.82016e-05
-27.9116,-4.54015e-05,0.000346129
-27.9067,-0.000693093,8.00879e-05
-27.9018,-0.000309838,-0.000625211
-27.897,0.000179986,-0.000470488
-27.8921,0.00043427,-0.000229559
-27.8872,0.000351533,0.000234444
-27.8823,3.71786e-06,0.000294276
-27.8774,-0.00020715,0.000117207
-27.8725,-1.63952e-05,-7.48238e-05
-27.8676,-8.63077e-05,0.000138591
-27.8627,-6.06259e-05,-0.000106702
-27.8578,-8.77373e-05,0.000239342
-27.8529,-0.000398273,-0.000291239
-27.848,0.000268617,-0.000225833
-27.8431,-1.26079e-05,7.61388e-05
-27.8382,3.65267e-05,-3.34439e-05
-27.8333,-6.59842e-05,-2.75303e-05
-27.8285,0.000118972,-7.90693e-05
-27.8236,2.62847e-05,6.73722e-05
-27.8187,0.000116081,-3.6232e-05
-27.8138,0.000183739,0.000258509
-27.8089,-0.000193044,0.000314306
-27.804,-7.97287e-05,6.36155e-05
-27.7991,-0.000278102,0.000515168
-27.7942,-0.000856605,-0.000226089
-27.7893,-1.37813e-05,-0.000509807
-27.7844,-0.000104029,-0.000113074
-27.7795,-8.29359e-05,-0.000300859
-27.7746,6.54602e-05,-0.00032176
-27.7697,0.00026515,-0.000132993
-27.7649,0.000146021,-7.4546e-05
-27.76,0.000393361,0.000173409
-27.7551,-0.000201359,0.000501808
-27.7502,-0.000456093,-2.08218e-05
-27.7453,-0.000290401,-0.000322354
-27.7404,6.35861e-05,-0.000434052
-27.7355,0.000381521,-0.000278711
-27.7306,0.000507341,0.00034687
-27.7257,-0.00035152,0.000492718
-27.7208,-0.000321982,-0.000246396
-27.7159,8.64615e-05,-0.000120645
-27.711,-0.000111145,6.71392e-05
-27.7061,-0.00015266,-0.000340579
-27.7012,0.000347964,-0.000143526
-27.6964,4.10879e-05,-3.50696e-05
-27.6915,0.000606421,2.10198e-06
-27.6866,-2.15688e-05,0.000943699
-27.6817,-0.000857709,1.95068e-05
-27.6768,-9.89083e-05,-0.000508661
-27.6719,0.000124519,-0.000137037
-27.667,0.000191938,-0.000150937
-27.6621,0.000174195,0.000292885
-27.6572,-0.000263119,-9.57897e-05
-27.6523,0.000365051,4.85097e-06
-27.6474,-0.000299867,0.000243101
-27.6425,0.000156403,-0.000396708
-27.6376,0.000375331,0.000242853
-27.6327,0.00020685,0.000367556
-27.6279,-0.000285142,0.000643548
-27.623,-0.000527829,-0.000108152
-27.6181,9.91331e-05,-0.000125099
-27.6132,4.19224e-05,0.000352434
-27.6083,-0.000473763,0.000284459
-27.6034,-0.000367954,-0.000142614
-27.5985,-0.000319665,-0.000168184
-27.5936,2.16617e-05,-0.000400639
-27.5887,0.000127459,5.88366e-05
-27.5838,-8.59911e-05,-0.000114085
-27.5789,0.000208381,-0.000118306
-27.574,0.000356378,0.000275039
-27.5691,-0.000263917,0.000581635
-27.5642,-0.000305358,-8.13421e-05
-27.5594,-8.88693e-05,0.000318914
-27.5545,-0.000491681,-4.39063e-05
-27.5496,-6.65339e-05,2.72367e-05
-27.5447,-0.000453714,-2.94515e-05
-27.5398,-3.58612e-05,-0.000154154
-27.5349,-0.000401621,2.06882e-05
-27.53,3.38289e-07,-0.000427468
-27.5251,-1.22544e-05,0.000271462
-27.5202,-0.000505541,-0.000270399
-27.5153,0.000125957,-0.000388431
-27.5104,0.000128875,-0.000127533
-27.5055,0.000304978,7.99907e-05
-27.5006,-0.000145761,0.000435952
-27.4958,-0.000452446,-8.74069e-05
-27.4909,6.55811e-05,-0.000284845
-27.486,0.000102554,0.000297493
-27.4811,-0.000512062,6.33364e-05
-27.4762,-5.07084e-05,-0.000361314
-27.4713,5.87949e-05,9.24919e-06
-27.4664,8.60334e-05,-1.58855e-05
-27.4615,1.51148e-05,0.000376588
-27.4566,-0.000498271,0.000250871
-27.4517,-0.000462949,-0.000296164
-27.4468,0.000182858,-0.000227826
-27.4419,-0.000170178,0.000391452
-27.437,-0.000440753,-0.000100612
-27.4321,-0.000351947,1.87895e-05
-27.4272,-0.000411045,-0.000518943
-27.4224,0.000253682,-9.08685e-05
-27.4175,-0.000519907,8.33097e-05
-27.4126,-0.00024696,-0.000578928
-27.4077,0.000182206,-0.000368326
-27.4028,0.000205913,5.83598e-05
-27.3979,-0.000235535,4.83857e-05
-27.393,-0.000174592,-0.00013412
-27.3881,-0.000197043,-0.000437216
-27.3832,0.000544856,-0.000122431
-27.3783,-0.000312685,0.00039616
-27.3734,-9.22231e-05,-0.000334197
-27.3685,-0.000190905,0.000104081
-27.3636,6.35255e-05,-0.000459804
-27.3588,8.6819e-05,0.000439886
-27.3539,-0.000481756,-0.000299179
-27.349,0.00019421,-1.2624e-05
-27.3441,-0.000428235,-2.25455e-06
-27.3392,-0.000176931,-0.000399472
-27.3343,0.000220072,-0.000476664
-27.3294,0.000470987,0.000270327
-27.3245,-0.000219677,0.000221681
-27.3196,6.58224e-05,0.000276994
-27.3147,-0.000670064,0.00042667
-27.3098,-0.00077371,-0.000282639
-27.3049,-0.000429123,-0.000745375
-27.3,0.00030589,-0.000471473
-27.2951,-0.000107228,-4.83951e-05
-27.2903,1.72521e-05,-0.000381279
-27.2854,0.000137467,-0.000111382
-27.2805,8.02132e-05,7.721e-05
-27.2756,-0.000404546,7.89392e-05
-27.2707,-0.000235275,-0.000453623
-27.2658,-2.66043e-05,-0.000290995
-27.2609,0.000120479,-0.000355481
-27.256,8.96728e-05,3.80523e-06
-27.2511,-7.29798e-05,-0.000269793
-27.2462,0.000201111,-6.09492e-05
-27.2413,-0.000115584,-4.09501e-05
-27.2364,2.386e-05,-0.000148437
-27.2315,6.05005e-06,-0.000169314
-27.2266,0.000284698,0.000125455
-27.2218,-0.000584699,0.000338258
-27.2169,-0.000349179,-0.000800514
-27.212,0.000490692,-0.000181525
-27.2071,-6.9815e-05,0.000224097
-27.2022,-0.000475831,-9.09053e-05
-27.1973,-4.36973e-05,-0.000805724
-27.1924,0.000607921,0.000105254
-27.1875,-0.000504914,0.000100668
-27.1826,0.000117502,-0.000533543
-27.1777,-1.57077e-05,3.95437e-05
-27.1728,-8.30468e-05,-0.000519372
-27.1679,0.000482371,-0.000282931
-27.163,0.00030441,0.000245718
-27.1581,-0.000294733,6.13122e-05
-27.1533,0.000204515,-0.000465572
-27.1484,0.000364165,0.000305433
-27.1435,-0.000191805,0.00010617
-27.1386,-0.000102389,0.0001246
-27.1337,-0.000412906,-0.000404072
-27.1288,0.000688473,-0.000280411
-27.1239,-0.000289635,0.000691114
-27.119,-0.000386194,-0.000766514
-27.1141,0.000748046,3.44184e-05
-27.1092,-0.000207321,0.000475365
-27.1043,-0.000364402,6.89389e-05
-27.0994,-0.000432561,-0.000383495
-27.0945,0.000250327,-0.000278133
-27.0896,-0.000392484,-5.69725e-05
-27.0848,0.000316948,-0.000869045
-27.0799,0.000648438,0.000354558
-27.075,-0.000103671,2.41016e-05
-27.0701,0.00040894,0.000342525
-27.0652,-0.000625411,0.000400652
-27.0603,-2.439e-05,-0.000433429
-27.0554,1.91929e-06,0.00052592
-27.0505,-0.000895754,-0.000143876
-27.0456,-2.378e-05,-0.000762138
-27.0407,0.00029409,-7.54662e-05
-27.0358,-3.25307e-05,2.2751e-05
-27.0309,-8.21584e-05,9.52325e-05
-27.026,-0.000396363,-4.60173e-05
-27.0212,-0.000287064,-0.000278321
-27.0163,-0.000301962,-0.000495099
-27.0114,0.000243297,-0.000610114
-27.0065,0.00035667,-0.000120227
-27.0016,0.000113723,0.000182835
-26.9967,-0.000437936,-0.000139325
-26.9918,0.000198601,-0.000493929
-26.9869,-4.79595e-05,3.65716e-05
-26.982,1.68163e-05,-0.00047919
-26.9771,0.000182596,-0.000112637
-26.9722,0.000162931,-0.000217726
-26.9673,-5.70713e-05,3.73576e-05
-26.9624,1.1548e-05,-0.000504068
-26.9575,0.000180892,-0.000208925
-26.9527,0.000497157,-0.000616291
-26.9478,0.000797453,0.000489808
-26.9429,-0.000138359,0.000246605
-26.938,0.000111635,0.000197974
-26.9331,-0.000185817,-0.000133346
-26.9282,0.000429768,7.23434e-05
-26.9233,-0.000234805,0.000381803
-26.9184,-0.000252493,-0.000248053
-26.9135,0.000345942,-0.000209328
-26.9086,-2.77851e-06,0.000492074
-26.9037,-0.000305007,-0.000398983
-26.8988,0.000531208,0.000214472
-26.8939,-0.000401089,0.000208783
-26.889,0.000142619,0.000154434
-26.8842,-0.000842229,0.000101526
-26.8793,0.000199955,-0.000829473
-26.8744,0.000300568,0.00034792
-26.8695,-0.000169554,0.000143613
-26.8646,-0.000559018,0.000139399
-26.8597,-0.000248122,-0.00081216
-26.8548,0.00042897,-6.39507e-05
-26.8499,-7.80848e-05,-0.000146104
-26.845,0.000322521,0.000174093
-26.8401,-0.000557792,0.000155991
-26.8352,-4.989e-05,-0.000444273
-26.8303,-0.000142021,-0.000131462
-26.8254,0.000237691,-0.000409956
-26.8205,3.17926e-05,0.000217483
-26.8157,-3.82733e-05,-0.00027336
-26.8108,-7.0731e-05,0.000190638
-26.8059,-0.000242755,-0.000505395
-26.801,0.000308245,-5.90661e-05
-26.7961,-5.45215e-05,-0.000148391
-26.7912,7.38359e-05,0.000161209
-26.7863,-0.0004296,-0.000362658
-26.7814,0.000407977,-0.000298037
-26.7765,-0.000118063,8.73335e-05
-26.7716,-5.34699e-05,-0.000281684
-26.7667,8.24152e-05,-0.000300849
-26.7618,0.000189749,-4.54954e-05
-26.7569,-0.00010441,-0.00029375
-26.752,0.000425954,-0.000219747
-26.7472,9.89374e-05,1.17218e-05
-26.7423,0.00026158,2.46849e-05
-26.7374,-0.000273618,-2.93112e-05
-26.7325,0.000436619,-0.00066872
-26.7276,0.000838097,0.000470919
-26.7227,-0.000265393,0.000624256
-26.7178,-0.000134982,-0.000103969
-26.7129,-4.30362e-05,0.000333515
-26.708,-0.000429792,-0.000196626
-26.7031,0.000151996,-0.000128209
-26.6982,-9.5654e-05,-0.00011088
-26.6933,0.000257285,0.000150581
-26.6884,-0.000558133,8.82044e-05
-26.6836,0.000173329,-0.000570097
-26.6787,0.000283083,0.000254328
-26.6738,-0.000155857,0.000253064
-26.6689,-0.00049375,-7.02795e-06
-26.664,-9.66591e-05,-0.000434239
-26.6591,-5.82825e-05,-7.44812e-05
-26.6542,-4.39461e-05,-0.00040025
-26.6493,0.000249926,-6.04954e-05
-26.6444,-8.83189e-05,2.51345e-06
-26.6395,-3.50528e-06,-0.000148143
-26.6346,-1.46503e-05,4.47569e-05
-26.6297,-0.000435293,-8.03425e-05
-26.6248,-0.000177976,-0.000775698
-26.6199,0.000512172,-0.000352841
-26.6151,1.43048e-06,-0.000195792
-26.6102,0.000634563,-0.000506089
-26.6053,0.000448761,0.000435831
-26.6004,4.23523e-05,-0.000118841
-26.5955,0.000449806,0.000199516
-26.5906,0.000137478,0.000230524
-26.5857,0.000106301,0.000549059
-26.5808,-0.000532716,0.000176161
-26.5759,-5.56473e-05,-0.000174261
-26.571,7.08759e-05,0.000125235
-26.5661,-0.000359293,0.000434094
-26.5612,-0.000673134,-0.000484091
-26.5563,0.000300815,-0.000277342
-26.5514,-0.000309575,-1.12357e-05
-26.5466,0.000104529,-0.000345535
-26.5417,-1.32551e-05,1.18003e-06
-26.5368,9.05323e-05,-8.01393e-06
-26.5319,-0.000402961,0.00027912
-26.527,-0.000673626,-0.000473934
-26.5221,-3.87983e-05,-0.000831105
-26.5172,0.000316494,-0.000469079
-26.5123,0.000338156,-0.000399105
-26.5074,0.000498226,-9.50003e-06
-26.5025,0.000158331,0.000115439
-26.4976,-7.79079e-05,0.00019036
-26.4927,-0.000164083,-0.000447978
-26.4878,0.000472976,0.00016004
-26.4829,-0.000641135,5.60207e-05
-26.4781,-2.42413e-05,-0.000583064
-26.4732,-0.000223399,-0.000606282
-26.4683,0.000868232,-0.000961941
-26.4634,0.000874399,0.000238287
-26.4585,0.000492023,0.000283173
-26.4536,6.98701e-05,0.000425472
-26.4487,8.71214e-05,0.000137394
-26.4438,-0.000324375,0.000182696
-26.4389,0.000132337,-0.000587091
-26.434,0.00054175,0.000212967
-26.4291,9.23759e-05,0.000220955
-26.4242,-2.13052e-05,0.000361833
-26.4193,-0.000367272,-1.75624e-05
-26.4144,-7.54346e-05,-0.000251992
-26.4096,0.000138541,-0.000321035
-26.4047,0.000461429,6.80527e-05
-26.3998,-0.000130194,0.000385685
-26.3949,-0.000259296,-0.000262083
-26.39,0.000176111,-0.000176231
-26.3851,5.29221e-05,-0.000174565
-26.3802,0.000385339,-0.000103294
-26.3753,0.000140576,0.000195637
-26.3704,6.79571e-05,3.63787e-05
-26.3655,3.17713e-05,5.73022e-06
-26.3606,0.0002711,-2.23751e-05
-26.3557,1.91474e-05,0.000444854
-26.3508,-0.000494189,-0.000238285
-26.346,0.000614435,-0.00049425
-26.3411,0.000308191,0.000690742
-26.3362,-0.000250778,-8.2145e-05
-26.3313,0.000311153,0.000358457
-26.3264,-0.00054765,0.000155402
-26.3215,3.63528e-05,-0.000198488
-26.3166,-0.000198775,-8.66881e-05
-26.3117,0.000258234,-0.000239615
-26.3068,0.000121903,8.66842e-05
-26.3019,0.000207275,0.000225836
-26.297,-0.000497283,0.000185463
-26.2921,-1.46616e-05,-0.000604667
-26.2872,0.000445874,-0.000156284
-26.2823,0.000428294,0.000126905
-26.2775,0.000286278,0.000198006
-26.2726,0.000492085,0.000605561
-26.2677,-0.000469836,0.000810465
-26.2628,-0.000350769,6.22879e-05
-26.2579,-0.000294764,0.000258249
-26.253,-0.000305306,0.000111143
-26.2481,-0.000403353,3.20818e-05
-26.2432,-0.0001336,0.000168337
-26.2383,-0.000986391,8.33563e-05
-26.2334,-0.000188133,-0.000888231
-26.2285,5.53096e-05,-2.02083e-05
-26.2236,-0.000115172,-0.000219819
-26.2187,-0.000395539,-2.53498e-05
-26.2138,-7.87478e-05,-0.000837743
-26.209,0.000500322,-1.7532e-05
-26.2041,-6.30346e-06,0.000103648
-26.1992,-0.000219332,0.00023473
-26.1943,-0.000517165,-0.000279196
-26.1894,-0.000196969,-0.000409344
-26.1845,-5.96756e-05,-0.000575267
-26.1796,0.000219313,-0.000347498
-26.1747,0.000149441,-0.000355288
-26.1698,0.000386688,-0.000113047
-26.1649,-0.000139202,8.75577e-05
-26.16,-2.01438e-05,-0.000752775
-26.1551,0.000928003,-3.47641e-05
-26.1502,-0.000189585,0.00025437
-26.1453,0.000696188,-0.000286379
-26.1405,-6.36349e-05,0.00103682
-26.1356,-0.00060593,-0.000226366
-26.1307,-0.000399383,-4.22182e-05
-26.1258,-9.28902e-05,-0.00108577
-26.1209,0.000743062,7.35168e-05
-26.116,-8.67715e-05,-0.000260669
-26.1111,0.000610479,0.000153768
-26.1062,-0.000344924,0.000113939
-26.1013,0.000166049,-0.000291769
-26.0964,0.000144391,-0.000188414
-26.0915,0.000359528,7.5879e-05
-26.0866,-2.21863e-05,-0.000144447
-26.0817,0.000651959,9.30791e-05
-26.0768,-0.000129399,0.000528384
-26.072,-0.000122382,1.8884e-05
-26.0671,-0.000141151,3.57091e-05
-26.0622,-5.67372e-05,-1.13895e-05
-26.0573,-0.000169036,-0.000141644
-26.0524,2.79513e-05,-3.07171e-05
-26.0475,-0.000321821,-0.000387074
-26.0426,0.000564124,-0.000388061
-26.0377,4.29665e-05,0.000119349
-26.0328,0.000450042,-0.000241873
-26.0279,0.000107369,0.000466344
-26.023,-3.4156e-05,-0.000206138
-26.0181,0.000316392,0.000286865
-26.0132,-0.000342192,0.000238989
-26.0084,-0.000176858,-0.000315733
-26.0035,0.000189197,-0.000131734
-25.9986,6.35489e-05,-9.9513e-05
-25.9937,0.000263852,0.000127036
-25.9888,-0.000384581,6.15833e-05
-25.9839,0.000177487,-0.00053792
-25.979,0.000307734,4.31939e-05
-25.9741,0.000185984,-0.000135136
-25.9692,0.000445438,-2.95784e-05
-25.9643,0.000481875,0.000568004
-25.9594,-0.000585572,0.000448204
-25.9545,9.39208e-05,-0.000391472
-25.9496,-4.22479e-05,0.000346932
-25.9447,3.69598e-05,-0.000315688
-25.9398,5.24837e-05,0.000398121
-25.935,-0.000153318,-0.000435814
-25.9301,0.00049099,0.000294345
-25.9252,-0.000260214,8.09832e-05
-25.9203,0.000127036,0.000186937
-25.9154,-0.000512275,-0.000235782
-25.9105,0.000686728,-0.00059699
-25.9056,0.000655629,0.000595738
-25.9007,-8.08362e-05,0.000577448
-25.8958,-8.56018e-05,0.000160829
-25.8909,0.000200464,0.00056396
-25.886,-0.000741279,0.000669998
-25.8811,-0.000536169,-0.000329515
-25.8762,-0.000137239,0.000209628
-25.8714,-0.000813211,-0.000281167
-25.8665,0.000269543,-0.000702531
-25.8616,0.000212563,0.000308958
-25.8567,-0.000309409,5.25037e-05
-25.8518,-0.000269975,-0.000220798
-25.8469,0.000203685,-0.000272554
-25.842,-0.000175769,0.00026772
-25.8371,-0.000185739,-0.000618734
-25.8322,0.000690295,5.94257e-05
-25.8273,-0.000193371,0.000575311
-25.8224,-0.000446902,-0.000167641
-25.8175,0.000252193,-0.000133264
-25.8126,-0.0002847,0.000433298
-25.8077,-0.000302468,-0.000263485
-25.8029,-0.000279359,0.000180511
-25.798,-0.000426902,-0.000529088
-25.7931,-3.91403e-05,-0.000105551
-25.7882,-0.000304204,-0.000674675
-25.7833,0.000419749,-0.000310271
-25.7784,0.000168789,-0.000361849
-25.7735,0.000549295,0.000283886
-25.7686,-0.000422623,1.91923e-05
-25.7637,0.000290931,-0.000229849
-25.7588,2.6735e-05,-2.22052e-05
-25.7539,0.000305308,0.000275013
-25.749,-0.000622292,9.08975e-05
-25.7441,0.000160201,-0.000384265
-25.7392,-0.000245709,-5.38031e-05
-25.7344,0.000438836,-0.000395651
-25.7295,-0.000149096,0.000426721
-25.7246,3.37307e-06,-0.000695701
-25.7197,0.000757374,0.000424748
-25.7148,-0.000510843,0.000569009
-25.7099,-0.000382589,-0.000217627
-25.705,-0.000259439,-7.29304e-05
-25.7001,-0.000332886,-0.000547068
-25.6952,0.000418511,-0.00047068
-25.6903,0.000267865,0.000130132
-25.6854,-0.000118721,0.00013425
-25.6805,-0.000265758,-0.000385171
-25.6756,0.000569288,-0.000338381
-25.6707,0.000140558,0.000571178
-25.6659,-0.00060227,-6.11738e-05
-25.661,4.6746e-05,-0.000648936
-25.6561,0.000451347,-1.2266e-05
-25.6512,-1.51691e-05,6.89234e-05
-25.6463,9.37002e-05,2.09924e-05
-25.6414,-0.000115913,-7.02769e-05
-25.6365,0.000227705,7.39167e-06
-25.6316,-0.000315677,0.000215762
-25.6267,-0.000265436,-0.000352744
-25.6218,1.89119e-05,-0.000476848
-25.6169,0.000587309,-0.000143551
-25.612,-0.000175523,0.000436993
-25.6071,-0.000202074,-0.000499471
-25.6022,0.000346149,-1.26394e-05
-25.5974,-0.00020891,-1.13357e-05
-25.5925,0.000102919,-0.000401051
-25.5876,0.000333177,4.51229e-05
-25.5827,-0.000147359,7.14592e-05
-25.5778,-5.49748e-06,-0.000212069
-25.5729,-5.90724e-05,-0.000246916
-25.568,0.000441249,-0.000329694
-25.5631,7.87093e-05,0.000318778
-25.5582,1.24498e-07,-0.000440382
-25.5533,0.000478709,0.000341612
-25.5484,-0.000640414,-5.55802e-05
-25.5435,0.00047328,-0.000693341
-25.5386,0.000310691,0.000350245
-25.5338,9.49727e-07,-0.000172834
-25.5289,0.000154741,0.000198723
-25.524,-0.00027069,-0.000295132
-25.5191,0.000417873,-0.000288633
-25.5142,0.000135281,-5.0431e-05
-25.5093,0.000393126,-0.000109753
-25.5044,8.48792e-05,3.55098e-05
-25.4995,0.00052173,-0.000258881
-25.4946,0.000458211,0.000489813
-25.4897,1.09425e-05,0.000253892
-25.4848,-3.73283e-05,0.000240797
-25.4799,-8.81983e-06,-0.000177061
-25.475,0.000339455,0.000157697
-25.4701,8.97292e-05,2.48717e-05
-25.4653,0.000533786,0.0004731
-25.4604,-0.000614021,0.000652728
-25.4555,-0.000249986,-0.000560102
-25.4506,0.000604439,4.01803e-05
-25.4457,0.000143978,0.000804881
-25.4408,-0.000868783,0.000403976
-25.4359,-0.000288367,-0.000525628
-25.431,-4.2615e-05,4.40569e-05
-25.4261,-0.000196593,-0.000297309
-25.4212,1.33709e-06,-0.000154083
-25.4163,0.000132963,-0.000401875
-25.4114,0.000361113,0.000117535
-25.4065,1.93262e-05,8.6095e-06
-25.4016,6.52578e-05,0.000135981
-25.3968,-1.27356e-05,-0.000244612
-25.3919,0.000398256,0.000186185
-25.387,-8.25508e-05,8.59465e-05
-25.3821,0.000289576,0.000314468
-25.3772,-0.000590019,0.000237453
-25.3723,0.000162062,-0.000524818
-25.3674,0.000323337,0.0004815
-25.3625,-0.000478333,0.000192026
-25.3576,-8.19078e-05,-0.000201602
-25.3527,-0.000110761,4.50739e-05
-25.3478,-6.72501e-05,-0.000122219
-25.3429,-0.00024515,2.27965e-05
-25.338,-2.28086e-05,-0.000491076
-25.3331,7.17364e-05,0.000127923
-25.3283,-0.000197964,-0.000675208
-25.3234,0.000787808,-4.6585e-05
-25.3185,-0.000117811,6.77557e-05
-25.3136,0.000514854,-6.22536e-05
-25.3087,-0.000126285,0.00019551
-25.3038,0.000518226,-0.000218868
-25.2989,0.000161382,0.000722241
-25.294,-0.000423857,3.33159e-05
-25.2891,0.000116189,-0.000241906
-25.2842,0.000276804,0.000217527
-25.2793,-0.000137348,0.000123743
-25.2744,0.000233903,0.000146883
-25.2695,-0.000443899,0.00036647
-25.2646,-0.000172052,-0.000516904
-25.2598,0.00026945,4.92052e-06
-25.2549,-4.66052e-05,-0.000199849
-25.25,0.000563863,-0.000208954
-25.2451,0.000515424,0.000416751
-25.2402,0.000234348,0.000596973
-25.2353,-0.000300493,0.000755208
-25.2304,-0.000583358,4.76469e-05
-25.2255,-0.000188872,-3.35779e-05
-25.2206,-0.000119974,-0.000305989
-25.2157,0.000597975,0.000222296
-25.2108,-0.000442492,0.000839519
-25.2059,-0.000683161,-0.000296418
-25.201,0.000231915,-0.000196786
-25.1962,-0.000194071,0.000436736
-25.1913,-0.000440188,-0.000226525
-25.1864,5.2394e-05,-4.54354e-05
-25.1815,-0.000177847,-2.13112e-05
-25.1766,-9.68384e-05,0.000131121
-25.1717,-0.000416517,-0.00022237
-25.1668,0.000160547,-0.000118986
-25.1619,-0.000371167,-4.20497e-05
-25.157,0.000177761,-0.000387948
-25.1521,4.58531e-05,0.000172794
-25.1472,-0.000154782,-0.000112377
-25.1423,1.97007e-05,-0.00018668
-25.1374,0.000118055,-9.49275e-05
-25.1325,0.000303449,-0.000155335
-25.1277,0.00042668,0.000643153
-25.1228,-0.000669179,0.000382798
-25.1179,-2.61857e-05,-0.000146476
-25.113,-0.000285356,0.000298144
-25.1081,-0.000308766,-8.77553e-06
-25.1032,-0.000470791,-7.24601e-05
-25.0983,-0.000154456,-0.000283543
-25.0934,-0.000365092,-0.000246735
-25.0885,0.000281892,-0.000586197
-25.0836,0.00030017,0.000338063
-25.0787,-0.000336805,0.00015938
-25.0738,-0.000201703,-0.000163914
-25.0689,-0.00010288,0.000131104
-25.064,-0.000664659,-0.000232915
-25.0592,0.000152919,-0.0005215
-25.0543,-0.000316835,6.25699e-05
-25.0494,-0.000130112,-0.000749043
-25.0445,0.000237253,-0.000234252
-25.0396,0.000190918,-0.000412506
-25.0347,0.000445099,8.88902e-05
-25.0298,-0.000142062,0.000239193
-25.0249,-0.000360681,-0.000301018
-25.02,0.000310699,-0.000512529
-25.0151,0.000216629,0.000131491
-25.0102,-8.64628e-06,-0.000226685
-25.0053,0.000297139,-9.14454e-05
-25.0004,0.000235307,0.00019777
-24.9955,-0.000413697,0.000223543
-24.9907,1.15183e-05,-0.000743766
-24.9858,0.000595345,0.000367449
-24.9809,-0.00057007,2.85143e-05
-24.976,0.000245788,-0.000303884
-24.9711,-0.000353654,-0.000108491
-24.9662,0.000611329,-0.000758602
-24.9613,0.000389985,0.000645594
-24.9564,-0.000188391,-0.00035885
-24.9515,0.000598551,0.000272945
-24.9466,-0.000354625,0.000165587
-24.9417,0.000179056,-0.000171555
-24.9368,0.000119731,-7.51276e-05
-24.9319,0.000460012,0.000319686
-24.927,-0.000456582,0.00032948
-24.9222,0.000166556,-0.00029193
-24.9173,7.58748e-05,0.000408229
-24.9124,-0.00022611,0.000147733
-24.9075,-0.000365798,2.6748e-05
-24.9026,-9.8467e-05,-0.000358514
-24.8977,0.000137529,-7.02818e-05
-24.8928,8.74815e-05,-4.02901e-05
-24.8879,0.0002138,0.000201876
-24.883,-0.00035672,0.000510643
-24.8781,-0.000600562,-0.000296792
-24.8732,-0.000246241,-0.000122568
-24.8683,-0.000459137,-0.00100139
-24.8634,0.00115284,-0.00033609
-24.8586,-0.000284731,0.000328817
-24.8537,0.000712641,-0.000323868
-24.8488,-0.000451521,0.000933165
-24.8439,-0.000332211,-0.000937984
-24.839,0.000395274,0.000187079
-24.8341,-0.000131303,-0.000406725
-24.8292,0.00045077,9.37519e-05
-24.8243,-3.37224e-05,-2.32089e-05
-24.8194,0.000166459,0.000176577
-24.8145,-0.00025348,-4.75173e-05
-24.8096,5.54371e-05,-0.000253836
-24.8047,0.000282965,-0.000130308
-24.7998,4.76263e-05,0.000161413
-24.7949,0.000234699,-0.000201384
-24.7901,8.88649e-05,0.000618014
-24.7852,-0.000637474,-0.000297766
-24.7803,0.000333268,-0.00035604
-24.7754,8.44781e-05,-7.53892e-06
-24.7705,4.7257e-05,-3.23977e-05
-24.7656,-2.2202e-05,-0.000383778
-24.7607,0.000560933,-0.0003153
-24.7558,0.000729995,6.78393e-05
-24.7509,0.000435381,0.000797751
-24.746,-0.000244271,0.000231017
-24.7411,0.000297713,0.000438885
-24.7362,-0.000504154,0.00027199
-24.7313,0.000282753,3.90322e-06
-24.7264,-0.000293289,0.000472933
-24.7216,6.47986e-05,-1.63945e-05
-24.7167,-0.000214516,0.000588392
-24.7118,-0.000360059,0.000175619
-24.7069,-0.000775771,0.000269024
-24.702,-0.000404793,-0.000774558
-24.6971,0.000135503,8.48517e-05
-24.6922,-0.000443971,-0.000426339
-24.6873,0.000474974,-0.000184718
-24.6824,-0.000245192,0.000257487
-24.6775,-0.00011387,-0.000207357
-24.6726,-0.000187312,-6.68534e-05
-24.6677,8.39685e-05,-0.000329771
-24.6628,5.60494e-05,0.000215072
-24.6579,-0.000303785,-0.000155745
-24.6531,-9.79831e-05,-3.97654e-05
-24.6482,-0.0004905,-0.000637055
-24.6433,0.000981517,-0.000746631
-24.6384,0.000476888,0.000866143
-24.6335,-0.000405585,0.000103834
-24.6286,-8.41971e-05,3.51602e-05
-24.6237,-0.00010119,-0.000282062
-24.6188,0.000315156,0.000222263
-24.6139,-0.000536433,0.00015897
-24.609,-2.67483e-05,-0.000474065
-24.6041,0.000156515,3.55499e-05
-24.5992,-5.20398e-05,-4.34286e-05
-24.5943,9.37467e-05,8.18142e-05
-24.5894,-0.000315983,0.000262331
-24.5846,-0.000490482,-0.000291967
-24.5797,-9.67261e-05,-0.000312837
-24.5748,-0.000373139,-0.000336236
-24.5699,-5.61157e-06,-0.000887273
-24.565,0.000529881,-0.00054384
-24.5601,0.000633748,-0.000436824
-24.5552,0.0010002,0.000347656
-24.5503,-0.000203548,0.000595918
-24.5454,0.000240533,-0.000197351
-24.5405,-6.4157e-05,0.000555494
-24.5356,-8.81725e-05,-0.000433518
-24.5307,0.000372864,0.00053716
-24.5258,-0.000668638,3.11091e-05
-24.521,-0.000155731,-0.000383615
-24.5161,0.000225309,-0.000735373
-24.5112,0.000775523,0.000396919
-24.5063,-0.000559804,-0.000132895
-24.5014,0.000998506,-0.000409064
-24.4965,7.56116e-05,0.000848451
-24.4916,-0.000138977,-0.000169809
-24.4867,0.000276748,8.76989e-05
-24.4818,0.000176132,0.000276587
-24.4769,-9.72598e-05,0.000103622
-24.472,0.000501353,0.000205919
-24.4671,-0.000304598,0.000942357
-24.4622,-0.000780246,-1.78352e-05
-24.4573,-0.000329051,-0.000376334
-24.4524,0.00015642,-0.000312873
-24.4476,4.58924e-06,3.68703e-05
-24.4427,0.00017573,-0.000204926
-24.4378,0.000201001,0.000345408
-24.4329,-0.000260927,0.000151764
-24.428,-3.76949e-05,1.98071e-06
-24.4231,-0.000195168,0.00034642
-24.4182,-0.000898622,-0.000161866
-24.4133,-0.000110308,-0.00114682
-24.4084,0.000808468,-0.000468723
-24.4035,0.000578942,0.000135345
-24.3986,0.000392694,0.000215244
-24.3937,0.000334275,0.000511216
-24.3888,-0.000278908,0.000437654
-24.384,0.000136428,4.94902e-05
-24.3791,-0.000221872,0.000859177
-24.3742,-0.00102715,-0.000210394
-24.3693,0.000220597,-0.000574306
-24.3644,9.048e-05,0.000369099
-24.3595,-0.000466099,6.93753e-05
-24.3546,-0.000339713,-0.000292871
-24.3497,-3.22078e-05,-0.000352927
-24.3448,-5.11721e-05,-0.000187768
-24.3399,6.30681e-05,-0.000383794
-24.335,0.000150413,-0.000164659
-24.3301,0.000296252,-0.000408956
-24.3252,0.000554945,0.000294429
-24.3203,-0.000269516,4.10245e-05
-24.3155,0.000530148,-0.000360308
-24.3106,0.000513622,0.000549949
-24.3057,-0.000213789,0.000412211
-24.3008,9.84717e-05,-9.16878e-05
-24.2959,0.000195846,0.000559379
-24.291,-0.000354362,6.53736e-05
-24.2861,0.000313941,0.000328197
-24.2812,-0.000608316,0.000354
-24.2763,0.000182373,-0.000177562
-24.2714,-0.000269068,0.000662742
-24.2665,-0.000417912,-0.000206604
-24.2616,7.62418e-05,0.000308689
-24.2567,-0.000713363,0.000342388
-24.2519,-0.000570574,-0.000485645
-24.247,2.77949e-05,-0.000255388
-24.2421,-0.000150482,-0.000232069
-24.2372,0.000236927,-1.94291e-05
-24.2323,-0.000240801,4.93957e-05
-24.2274,0.000263058,0.000107461
-24.2225,-0.000678554,0.000397807
-24.2176,1.70095e-06,-0.000490792
-24.2127,-0.000307281,0.00070251
-24.2078,-0.000905154,-0.000580177
-24.2029,4.6412e-05,-0.000275112
-24.198,-0.000462608,-0.000349241
-24.1931,6.71801e-05,-0.000450935
-24.1882,-9.47497e-05,-0.000286452
-24.1833,0.000168619,-0.000238343
-24.1785,-0.000263171,-0.000117103
-24.1736,0.00026592,-0.000623732
-24.1687,0.000238713,0.000532198
-24.1638,-0.000957839,-0.000425897
-24.1589,0.000524055,-0.00101703
-24.154,0.000555641,-2.93789e-05
-24.1491,0.00054148,0.000195513
-24.1442,-0.00029601,0.000438373
-24.1393,0.00017673,-0.000394786
-24.1344,0.000199029,0.000741302
-24.1295,-0.000765864,0.000201112
-24.1246,-0.00067657,-0.000262375
-24.1197,-0.000205944,-0.000983629
-24.1149,0.000620784,-7.62173e-05
-24.11,-0.000499625,0.000147664
-24.1051,-0.000201749,-0.000767567
-24.1002,0.000349093,-0.000359684
-24.0953,-5.08466e-05,-0.000269695
-24.0904,0.000496297,-0.000636491
-24.0855,0.000518831,0.000453526
-24.0806,-0.000582702,-0.000178421
-24.0757,0.000504927,-0.000780117
-24.0708,0.000571474,0.000157308
-24.0659,0.00020847,8.78428e-06
-24.061,0.000278423,9.87545e-05
-24.0561,0.000240909,9.13604e-07
-24.0512,0.000391636,0.000422063
-24.0464,-0.000371595,0.000405946
-24.0415,-0.000128346,-0.000117708
-24.0366,-0.000281772,7.85787e-05
-24.0317,-0.000112248,-0.000530231
-24.0268,0.000327205,-7.73259e-05
-24.0219,-1.66457e-05,-0.000142504
-24.017,0.000397102,-0.000191822
-24.0121,0.000297922,0.00031967
-24.0072,-0.000200442,0.00015854
-24.0023,0.000127279,-0.000175479
-23.9974,9.26892e-05,0.000241992
-23.9925,-2.80177e-05,-8.75943e-05
-23.9876,0.000218624,0.000313449
-23.9827,-0.000447909,0.000293579
-23.9779,-0.000419608,-0.000283329
-23.973,6.22331e-05,-0.00047976
-23.9681,0.000255199,5.82616e-05
-23.9632,-0.000244972,-0.000116871
-23.9583,0.000251076,-0.000360494
-23.9534,0.000248755,0.000104272
-23.9485,-1.22202e-05,-2.34333e-05
-23.9436,0.000347821,-8.80295e-05
-23.9387,6.36906e-05,0.0006336
-23.9338,-0.000694116,-0.000136576
-23.9289,0.000152304,-0.00040262
-23.924,2.89567e-05,-0.000209818
-23.9191,0.000523521,4.06121e-05
-23.9142,-0.000421274,0.000287119
-23.9094,0.000296994,-0.00060361
-23.9045,0.000298981,0.000513663
-23.8996,-9.16553e-05,-7.26264e-05
-23.8947,0.000101825,0.000401318
-23.8898,-0.000294196,2.9164e-05
-23.8849,-0.000188804,0.000283389
-23.88,-0.000535993,-0.000303441
-23.8751,-1.28081e-05,-2.62907e-05
-23.8702,-0.000754247,-0.000426603
-23.8653,0.000333874,-0.00101596
-23.8604,0.000619557,-8.88979e-05
-23.8555,0.000112235,8.64767e-05
-23.8506,0.000164299,-0.000326538
-23.8457,0.000466603,0.000167963
-23.8409,-5.86454e-05,-8.34789e-05
-23.836,0.000729275,0.000143288
-23.8311,-0.00028913,0.000723521
-23.8262,-6.78781e-05,-0.00012073
-23.8213,-0.000264253,0.000649995
-23.8164,-0.0008955,-0.000389394
-23.8115,9.05286e-05,-0.000525376
-23.8066,-0.000115747,-0.000177795
-23.8017,2.48293e-05,-0.00037136
-23.7968,-6.52134e-05,-0.000290455
-23.7919,0.000328537,-0.000689564
-23.787,0.000807615,0.000154409
-23.7821,-0.000107161,0.000471221
-23.7773,-0.000222958,-0.000187169
-23.7724,0.000162323,-0.000106472
-23.7675,-0.000254164,6.20774e-05
-23.7626,-7.32746e-05,-0.00065694
-23.7577,0.000394682,-0.000112301
-23.7528,-1.45662e-05,-0.00048185
-23.7479,0.000945422,-0.000163087
-23.743,5.12519e-05,0.000428725
-23.7381,0.000381046,-0.000204062
-23.7332,0.000244535,0.000650971
-23.7283,-0.000497708,7.79893e-05
-23.7234,-2.55291e-05,-0.000418733
-23.7185,0.000379518,-0.000132361
-23.7136,0.000162148,0.000141487
-23.7088,0.000101474,0.000131155
-23.7039,-0.000266714,0.000103303
-23.699,-0.000102203,-0.000427935
-23.6941,0.000203843,-0.000337677
-23.6892,0.000470476,-0.000307599
-23.6843,0.000472378,0.000113837
-23.6794,0.000444984,8.68372e-05
-23.6745,0.000257447,0.000655234
-23.6696,-0.000478952,8.63056e-05
-23.6647,0.000263848,-0.000212628
-23.6598,-6.39353e-05,0.000259347
-23.6549,4.98526e-05,-0.000295507
-23.65,0.00015061,0.000319549
-23.6451,-0.000509958,-0.000437922
-23.6403,0.000836742,-0.0006758
-23.6354,0.00057356,0.000514181
-23.6305,8.47281e-05,7.47804e-05
-23.6256,0.000348896,0.000194455
-23.6207,9.25612e-05,0.000192297
-23.6158,0.000259551,0.000124402
-23.6109,0.000115942,0.000332583
-23.606,-2.47419e-05,4.14854e-05
-23.6011,0.000419504,5.48772e-05
-23.5962,0.000243069,0.000660212
-23.5913,-0.000419176,0.000380758
-23.5864,-0.000120423,-0.000137529
-23.5815,0.000132195,1.50221e-05
-23.5766,0.000375451,0.000153043
-23.5718,6.73776e-06,0.000832799
-23.5669,-0.000677104,0.000111601
-23.562,1.50523e-05,-5.07846e-06
-23.5571,-0.000450789,0.000121605
-23.5522,3.79838e-05,-0.000277151
-23.5473,-0.000216918,0.000312738
-23.5424,-0.000459593,-0.000489264
-23.5375,0.000358309,-0.000496873
-23.5326,0.000512436,8.80072e-05
-23.5277,-2.68219e-05,0.000394798
-23.5228,4.36557e-06,-0.000200114
-23.5179,0.000301634,0.000581718
-23.513,-0.00100239,0.00014954
-23.5081,2.76834e-05,-0.000968548
-23.5033,0.000491606,-2.29306e-06
-23.4984,1.5771e-05,-5.55258e-05
-23.4935,0.000299523,-0.000267559
-23.4886,0.000517434,0.000332052
-23.4837,-0.000531706,0.0002011
-23.4788,0.000383962,-0.00084484
-23.4739,0.000745049,0.00033547
-23.469,0.000400067,0.000169875
-23.4641,0.000136506,0.000731481
-23.4592,-5.9575e-05,-0.000260555
-23.4543,0.000665725,0.000691535
-23.4494,-0.000437465,0.000316519
-23.4445,0.000314881,0.000424786
-23.4397,-0.000703783,0.000306507
-23.4348,5.99038e-05,-0.000207318
-23.4299,-0.000227759,-0.000292334
-23.425,0.0013062,-0.000196335
-23.4201,0.000107708,0.00167124
-23.4152,-0.000865258,0.000183252
-23.4103,-0.000125192,2.46863e-05
-23.4054,-4.37328e-05,0.000102369
-23.4005,-8.20305e-05,0.000284952
-23.3956,-0.00011815,0.000274716
-23.3907,-0.000530928,0.000248001
-23.3858,-6.67994e-05,-0.000462637
-23.3809,0.000265608,0.000458761
-23.376,-0.000538201,-4.52288e-05
-23.3712,0.000617641,-0.000120592
-23.3663,-0.000142142,0.00105283
-23.3614,-0.000670858,-2.36902e-05
-23.3565,-9.94897e-05,0.00027453
-23.3516,-0.000643447,-0.000112314
-23.3467,0.000361812,-6.9251e-05
-23.3418,-0.000432617,0.000906088
-23.3369,-0.00123995,-8.78566e-05
-23.332,-0.000393868,-0.000966513
-23.3271,0.000294736,-3.45045e-05
-23.3222,-0.000767812,-0.000278932
-23.3173,0.000471716,-0.000855439
-23.3124,8.52764e-05,0.000339867
-23.3075,-0.00016601,-0.000568118
-23.3027,0.000487284,-0.000224805
-23.2978,0.000454055,5.95202e-05
-23.2929,0.00013631,0.00045319
-23.288,-2.94022e-05,1.21976e-05
-23.2831,0.000256094,0.000434643
-23.2782,-0.000461948,0.000514607
-23.2733,-0.00053561,-0.000142648
-23.2684,-6.16916e-05,-0.000119329
-23.2635,-0.000518948,-1.79815e-05
-23.2586,-1.27072e-05,-0.000797764
-23.2537,0.000403342,8.21112e-05
-23.2488,-0.000133608,-0.000286586
-23.2439,0.000545439,-0.000106272
-23.239,0.000185367,4.44162e-05
-23.2342,0.000764589,0.000363947
-23.2293,-0.000358219,0.00108248
-23.2244,-0.000666078,-7.94541e-05
-23.2195,-0.000174583,-0.000129947
-23.2146,9.43176e-05,-0.000185492
-23.2097,0.000147663,0.00027673
-23.2048,3.22197e-05,0.00029035
-23.1999,-0.000427125,0.000728207
-23.195,-0.000903016,-0.000213888
-23.1901,-0.000249095,-0.000224507
-23.1852,-0.000504751,-0.000411744
-23.1803,-4.41706e-05,-0.00052984
-23.1754,0.000142861,-0.00073489
-23.1705,0.000976085,-4.56248e-06
-23.1657,-8.18991e-05,0.000591111
-23.1608,-9.7776e-05,-5.4947e-05
-23.1559,2.12561e-05,-1.23141e-05
-23.151,0.000197889,0.000282859
-23.1461,-0.000620194,0.000159825
-23.1412,0.00016571,-0.00053665
-23.1363,4.24154e-05,0.00033463
-23.1314,-0.000130608,-0.00037272
-23.1265,0.0004067,9.24538e-05
-23.1216,-1.87994e-05,0.00013606
-23.1167,0.000264075,0.000111212
-23.1118,4.20043e-05,0.000567353
-23.1069,-0.000478604,0.000293029
-23.1021,-0.000246357,1.91926e-05
-23.0972,-0.000491069,-2.77527e-06
-23.0923,-8.16848e-07,-0.000547238
-23.0874,0.000268584,0.000243608
-23.0825,-0.000289771,-0.000106001
-23.0776,0.000512425,-7.55723e-06
-23.0727,-0.000191607,0.000792222
-23.0678,-0.000619896,-5.79438e-05
-23.0629,-9.5965e-05,-0.000114781
-23.058,-3.8018e-05,3.18861e-05
-23.0531,-0.00021964,0.000403394
-23.0482,-0.000693437,-0.00015063
-23.0433,-1.04791e-05,-0.000198457
-23.0384,-0.000546202,7.84448e-05
-23.0336,-0.00029542,-0.000659424
-23.0287,0.000269105,-0.000210123
-23.0238,-0.000205962,0.000126387
-23.0189,-0.000271735,-0.000497008
-23.014,0.000394093,-0.000113801
-23.0091,-0.000368184,0.000164193
-23.0042,-0.000156448,-0.000529218
-22.9993,0.000150519,-0.000325234
-22.9944,0.000393696,-0.000275781
-22.9895,0.000403529,0.000249947
-22.9846,2.9139e-05,0.000380554
-22.9797,-0.000305269,0.00036697
-22.9748,-0.000671099,-9.53764e-05
-22.9699,-6.36043e-05,-0.000752638
-22.9651,0.000509428,0.00012609
-22.9602,-0.000445608,0.000141352
-22.9553,4.22004e-05,-0.000420508
-22.9504,0.000200963,1.8151e-05
-22.9455,-3.73038e-05,0.000361241
-22.9406,-0.000783626,-0.000205308
-22.9357,0.000318988,-0.000672383
-22.9308,-0.000107149,0.000208394
-22.9259,-1.99006e-05,-0.000631628
-22.921,0.000262083,-3.84959e-06
-22.9161,0.000183482,-0.000432605
-22.9112,0.000609705,0.000399
-22.9063,-0.000531534,0.000311621
-22.9014,-7.27568e-05,-0.000494823
-22.8966,0.000167115,7.41794e-05
-22.8917,-0.000454994,-0.000379999
-22.8868,0.000680026,-0.000908342
-22.8819,0.000834653,0.000282878
-22.877,0.000555921,0.00012325
-22.8721,0.000527777,0.000956237
-22.8672,-0.00041723,0.000447485
-22.8623,0.00015503,0.000499197
-22.8574,-0.000800002,0.000472284
-22.8525,-0.000156077,-0.000268491
-22.8476,-0.000313052,0.000245336
-22.8427,-9.83331e-05,-0.00020643
-22.8378,-0.000357213,0.000361711
-22.8329,-0.000374691,-0.000568932
-22.8281,0.000173875,0.000131693
-22.8232,-0.00035503,-0.000217784
-22.8183,4.77691e-05,0.000141347
-22.8134,-0.00070795,-0.00037769
-22.8085,0.000364279,-0.000611018
-22.8036,0.000131373,-0.000127514
-22.7987,0.000457947,-2.89072e-06
-22.7938,-0.000224601,0.000306746
-22.7889,-8.51349e-05,-0.000312199
-22.784,0.000204809,-0.000136562
-22.7791,0.000140241,0.000197819
-22.7742,-0.00015164,-0.000219501
-22.7693,0.000501732,0.00026336
-22.7645,-0.000688826,0.000117769
-22.7596,0.000611391,-0.000431437
-22.7547,-0.000310038,0.000800801
-22.7498,-0.000313265,-0.000564431
-22.7449,7.90006e-05,9.49486e-05
-22.74,-2.14052e-05,-0.000274484
-22.7351,-0.000123589,3.93513e-05
-22.7302,0.000294108,-0.000746392
-22.7253,0.000827385,0.000538837
-22.7204,-0.000163584,0.000415392
-22.7155,-4.19366e-05,0.000440653
-22.7106,-0.000486458,7.20605e-05
-22.7057,-1.22117e-05,5.95004e-05
-22.7008,-0.000506221,0.000153769
-22.6959,-0.000298362,-0.00045902
-22.6911,0.000247534,-0.00023063
-22.6862,5.93304e-05,0.000359893
-22.6813,-0.000852758,0.00013813
-22.6764,-0.000428363,-0.00133305
-22.6715,0.00131236,-0.00043103
-22.6666,1.06227e-05,0.000693501
-22.6617,-3.55814e-05,-0.000289256
-22.6568,0.000103273,-3.55867e-05
-22.6519,0.0005691,-0.000158907
-22.647,2.95962e-05,0.000717459
-22.6421,-8.29919e-05,-0.00022576
-22.6372,9.83796e-05,0.00050396
-22.6323,-0.000176399,-0.000277658
-22.6275,0.000345343,0.000625482
-22.6226,-0.000838528,9.06973e-06
-22.6177,0.000273187,-0.00039433
-22.6128,0.00011742,0.00020333
-22.6079,1.72527e-05,0.000202451
-22.603,1.72075e-05,6.93377e-05
-22.5981,9.72603e-05,0.00066166
-22.5932,-0.000879361,0.000296
-22.5883,-0.000324517,-0.000283056
-22.5834,-0.000274771,-0.000146522
-22.5785,-5.54515e-05,-6.24593e-05
-22.5736,-0.000309138,-6.81547e-05
-22.5687,-8.75274e-05,7.14894e-05
-22.5638,-0.000847656,-0.000209566
-22.559,0.000201131,-0.000934389
-22.5541,0.00023423,7.75357e-05
-22.5492,0.000251161,-0.000294377
-22.5443,0.000184989,0.00083533
-22.5394,-0.00131622,2.06398e-05
-22.5345,-0.000280176,-0.00116293
-22.5296,0.000415244,-0.000571209
-22.5247,0.000418101,-0.000246451
-22.5198,0.000352124,8.90739e-05
-22.5149,-0.000107806,0.000130717
-22.51,4.09969e-05,-0.000425408
-22.5051,0.0006055,0.000175354
-22.5002,-0.000358312,0.000508135
-22.4953,-0.000297917,-0.000393809
-22.4905,0.000181752,-1.60962e-05
-22.4856,-0.000352396,3.83846e-05
-22.4807,-0.000188208,-0.00054549
-22.4758,0.000293718,-0.000306728
-22.4709,5.07723e-05,-0.000115276
-22.466,8.60822e-05,-0.00031033
-22.4611,0.000335647,-0.000377056
-22.4562,0.000547243,0.000156394
-22.4513,-0.000157596,9.19651e-06
-22.4464,0.000664522,-0.000205946
-22.4415,-5.91071e-05,0.000685846
-22.4366,-0.000142836,-0.000348683
-22.4317,2.05673e-05,0.000214957
-22.4268,-8.14794e-05,-0.000720454
-22.422,0.000850031,0.000130175
-22.4171,-0.000103575,3.94491e-05
-22.4122,0.000725776,-7.03983e-05
-22.4073,0.000248321,0.000559961
-22.4024,3.33042e-05,0.000399815
-22.3975,-0.00031386,1.22954e-05
-22.3926,0.000602661,-0.000264167
-22.3877,0.000506972,0.000868794
-22.3828,-0.000417612,0.00066639
-22.3779,-0.000213793,9.90581e-05
-22.373,-0.000108665,0.000595813
-22.3681,-0.000895629,0.000138743
-22.3632,-0.000175717,-0.000379613
-22.3583,-0.000243418,-1.94322e-05
-22.3535,-9.22779e-05,-0.00019837
-22.3486,-0.000354752,-0.000174634
-22.3437,0.000295005,-0.000604679
-22.3388,0.000174872,0.000257699
-22.3339,8.18428e-05,-0.00042446
-22.329,0.000464405,0.000421914
-22.3241,-0.000339834,-9.81194e-05
-22.3192,0.000567564,0.000113769
-22.3143,-0.000476527,0.000363478
-22.3094,0.000279509,-0.000445294
-22.3045,0.000126026,0.00067911
-22.2996,-0.000626835,-0.00019558
-22.2947,0.000309691,-0.000523637
-22.2899,0.000573804,0.000201651
-22.285,-8.57511e-05,0.000410399
-22.2801,0.000170445,-0.000188013
-22.2752,0.000382672,0.000637142
-22.2703,-0.000428081,0.000300808
-22.2654,4.63457e-05,0.000149991
-22.2605,-0.00037631,0.000136691
-22.2556,0.000263974,-0.000213178
-22.2507,0.000217986,0.000585777
-22.2458,-0.000232365,0.000483167
-22.2409,-0.000480594,0.000444278
-22.236,-0.000569679,-6.03552e-05
-22.2311,-0.000168187,4.9214e-06
-22.2262,-0.000527607,0.000254807
-22.2214,-0.000943423,-0.000432389
-22.2165,1.88208e-05,-0.0012012
-22.2116,0.000812124,-9.33303e-05
-22.2067,-0.000250157,6.82422e-05
-22.2018,0.000569297,-0.000668146
-22.1969,0.000688859,0.000677199
-22.192,-0.000212457,0.000181211
-22.1871,0.000490351,0.000211747
-22.1822,6.92127e-05,0.000797295
-22.1773,-0.000655651,0.000753925
-22.1724,-0.000816412,-0.000465406
-22.1675,0.000389475,1.88495e-05
-22.1626,-0.000798075,6.56726e-05
-22.1577,0.000597978,-0.000703499
-22.1529,0.000112968,0.000924733
-22.148,-0.000417361,-0.000229231
-22.1431,0.000306842,0.000298824
-22.1382,-0.000306736,0.000379083
-22.1333,-0.000177616,0.000223315
-22.1284,-0.000407713,0.000499896
-22.1235,-0.000964259,-7.8357e-05
-22.1186,-0.000192184,-0.000493384
-22.1137,-0.000339783,-0.000250649
-22.1088,0.000405385,-0.000353139
-22.1039,-0.000396655,0.000441866
-22.099,0.000153146,-0.000672539
-22.0941,3.41098e-05,0.000952751
-22.0892,-0.000877083,-0.000493402
-22.0844,0.000112077,7.3836e-05
-22.0795,-0.00065512,-0.000529126
-22.0746,0.000488177,-0.000275151
-22.0697,-0.000204871,1.51655e-06
-22.0648,7.50903e-05,-2.18115e-05
-22.0599,-0.000368272,-0.000293304
-22.055,0.00039289,-0.000306637
-22.0501,-4.18737e-05,1.66538e-05
-22.0452,0.000250392,-0.000299954
-22.0403,0.000510203,4.24941e-05
-22.0354,0.000220701,0.0006036
-22.0305,-0.00024762,2.92794e-05
-22.0256,0.000450597,0.000280266
-22.0208,-0.000170323,0.000644091
-22.0159,-0.000335235,0.000480586
-22.011,-0.00055394,0.000165021
-22.0061,-0.000517798,0.000209933
-22.0012,-0.000630051,-0.000701921
-21.9963,0.000782242,-0.000111989
-21.9914,-0.000291454,0.000599289
-21.9865,1.77387e-05,0.000159439
-21.9816,-0.000468631,0.00078006
-21.9767,-0.00103706,0.000238932
-21.9718,-0.000952173,-0.000530489
-21.9669,-0.000197122,-0.000481349
-21.962,-0.000393954,-0.000424902
-21.9571,0.000119788,-0.000306082
-21.9523,-0.000291938,-0.000149514
-21.9474,6.16603e-05,-9.01329e-05
-21.9425,-0.000594376,-0.000104329
-21.9376,7.56646e-06,-0.000429322
-21.9327,-0.000426799,-0.000254986
-21.9278,0.000361818,-0.000595799
-21.9229,-5.16036e-05,0.000200013
-21.918,0.000109048,-0.000307519
-21.9131,-9.55786e-05,0.000406057
-21.9082,-0.000527626,-0.000164276
-21.9033,-0.000333619,-0.000331003
-21.8984,-9.03425e-05,-0.000506589
-21.8935,0.00019992,-0.000338261
-21.8886,9.54295e-05,0.000283591
-21.8838,-0.000752379,-0.000454221
-21.8789,0.000782691,-0.000471243
-21.874,-0.000658921,0.000599183
-21.8691,-0.000118656,-0.00116907
-21.8642,0.00040039,0.000261086
-21.8593,-0.000369464,-0.000355741
-21.8544,4.50893e-05,-0.000263693
-21.8495,-1.58593e-06,-0.00045171
-21.8446,-1.18105e-05,-0.000370705
-21.8397,0.000592573,-0.000868062
-21.8348,0.000904987,0.00032948
-21.8299,0.000373813,0.00030943
-21.825,-0.000223029,0.000931967
-21.8201,-0.000789384,-0.00085576
-21.8153,0.00131424,-6.86558e-05
-21.8104,-0.000584092,0.00102717
-21.8055,-0.000335791,-0.000725742
-21.8006,0.000424585,0.000205191
-21.7957,-0.000374258,-6.30441e-05
-21.7908,0.000535182,-0.000220367
-21.7859,-3.1571e-05,0.000747071
-21.781,-0.000501553,-0.000115329
-21.7761,5.28379e-05,1.4858e-05
-21.7712,-0.000341302,0.00011814
-21.7663,-0.000310689,-0.000336121
-21.7614,0.000309176,-0.000281803
-21.7565,-2.53041e-05,0.000434579
-21.7516,-0.000473169,-0.000184495
-21.7468,-1.55262e-06,-0.000288536
-21.7419,0.000153303,-0.000144569
-21.737,-5.22378e-05,0.000227491
-21.7321,-0.000217787,-0.000300473
-21.7272,0.000286029,3.81081e-05
-21.7223,-0.000128364,0.000209511
-21.7174,-0.000331345,0.000275954
-21.7125,-0.000747765,-0.000422229
-21.7076,0.000157803,-0.000684971
-21.7027,0.000211052,-0.000252135
-21.6978,0.000307018,-0.000132441
-21.6929,0.000257488,-6.76e-05
-21.688,0.000413218,0.000384852
-21.6832,-0.000322343,0.000302939
-21.6783,0.000184297,0.000277256
-21.6734,-0.0010695,0.000544368
-21.6685,-0.000387488,-0.00126802
-21.6636,0.000742066,6.91077e-05
-21.6587,-0.000221219,0.000115715
-21.6538,0.000216572,7.83582e-05
-21.6489,-0.00024583,0.000406917
-21.644,-0.000501583,0.000131036
-21.6391,-0.000547372,-0.000329991
-21.6342,0.000133008,-0.000322791
-21.6293,-0.000278466,0.000421672
-21.6244,-0.00102633,-0.000440944
-21.6195,8.48693e-05,-0.00115014
-21.6147,0.00059281,-0.000106723
-21.6098,-0.000127768,2.88568e-05
-21.6049,0.000189754,-0.000306117
-21.6,0.000130476,0.000499725
-21.5951,-0.000984006,-9.92142e-05
-21.5902,0.000149874,-0.000857275
-21.5853,-0.000198525,0.000178791
-21.5804,-0.000231709,-0.00115184
-21.5755,0.000980689,-0.000114141
-21.5706,-9.61556e-05,0.000150026
-21.5657,0.000234739,-6.60123e-05
-21.5608,-0.000179501,0.000102863
-21.5559,-0.000176688,-0.00031256
-21.551,0.000359874,-0.000532331
-21.5462,0.000562293,0.000563413
-21.5413,-0.000646395,0.00017397
-21.5364,4.92051e-05,-0.000115504
-21.5315,-0.000699766,-0.000135575
-21.5266,0.000373659,-0.000900044
-21.5217,0.000393158,0.000496444
-21.5168,-0.000713476,-2.30073e-05
-21.5119,7.48488e-05,-0.000948079
-21.507,0.000776432,0.000336101
-21.5021,-0.000877516,0.000185366
-21.4972,0.000282265,-0.000872233
-21.4923,5.8207e-05,0.000292659
-21.4874,-6.08078e-05,-0.000619885
-21.4825,0.00049592,0.000152518
-21.4777,-0.000313971,0.000185219
-21.4728,-0.00035397,-0.000337554
-21.4679,0.000112858,-0.000583046
-21.463,0.000351213,-0.000133931
-21.4581,7.18517e-05,0.000128458
-21.4532,-0.00044631,-0.000133963
-21.4483,5.46225e-05,-0.000763812
-21.4434,0.000399922,-0.000202659
-21.4385,0.000137388,-0.00014961
-21.4336,3.91659e-05,-0.000194593
-21.4287,0.000189174,-0.000397478
-21.4238,0.000245131,-0.000233304
-21.4189,0.000431525,-0.000301434
-21.414,0.000224896,0.000158506
-21.4092,1.25796e-05,-0.000511183
-21.4043,0.000815999,-0.000255814
-21.3994,0.000466122,0.000242099
-21.3945,0.000329584,0.000246878
-21.3896,-6.82146e-05,0.000120456
-21.3847,0.000439978,-0.000354601
-21.3798,0.00066072,0.000521171
-21.3749,-5.31389e-05,0.000498955
-21.37,-0.000283641,0.000425525
-21.3651,-0.00055642,-0.000538607
-21.3602,0.000759976,-0.000342042
-21.3553,-9.84262e-05,0.000157724
-21.3504,0.000846002,-0.00055593
-21.3456,0.000729848,0.00105812
-21.3407,-0.000368107,0.000500545
-21.3358,-0.00010519,2.98246e-05
-21.3309,0.000525333,0.000108195
-21.326,-1.98744e-05,0.00118451
-21.3211,-0.000926319,0.00020803
-21.3162,-0.000304122,-1.15698e-05
-21.3113,-0.000549212,-0.000119011
-21.3064,-0.000199211,-0.000407289
-21.3015,6.2463e-05,-0.00031319
-21.2966,0.000107213,-5.10375e-05
-21.2917,1.50094e-05,-0.000112835
-21.2868,3.57101e-07,2.91405e-05
-21.2819,-6.63176e-05,-0.000366302
-21.2771,0.000607805,-2.04359e-05
-21.2722,-9.29201e-05,0.000531868
-21.2673,-0.000265714,-0.000192195
-21.2624,0.000241582,1.99617e-05
-21.2575,-0.000263101,0.000234933
-21.2526,-0.000135953,-0.000404689
-21.2477,0.000363791,0.000101032
-21.2428,-0.000419791,0.000162105
-21.2379,6.85524e-05,-0.000589363
-21.233,0.000369278,0.000222395
-21.2281,-0.000267492,-0.000146412
-21.2232,0.000472833,-0.000188851
-21.2183,8.69311e-06,0.000228306
-21.2134,0.000364296,-0.000139212
-21.2086,7.97711e-05,0.000695397
-21.2037,-0.000492223,-0.000191325
-21.1988,0.000411963,-0.000107332
-21.1939,4.2422e-05,0.000271089
-21.189,0.000210042,0.000380234
-21.1841,-0.00076452,0.000588813
-21.1792,-0.000461282,-0.000798718
-21.1743,0.00039674,1.03635e-05
-21.1694,-0.000282022,-0.000162836
-21.1645,0.000500078,-0.000173522
-21.1596,7.23371e-05,0.000512706
-21.1547,-0.000442799,0.000252985
-21.1498,-0.000450817,-0.000492305
-21.1449,0.000530185,-0.000421797
-21.1401,0.000424932,0.00037474
-21.1352,-0.00018503,0.000649079
-21.1303,-0.000658613,-0.000225491
-21.1254,0.000330726,-0.000119984
-21.1205,-0.00035163,4.14019e-05
-21.1156,0.000656063,6.80588e-06
-21.1107,-0.000748848,0.00113277
-21.1058,-0.000855781,-0.000756784
-21.1009,3.42053e-05,-3.67736e-05
-21.096,-0.000654192,-0.000279765
-21.0911,-0.000176829,-0.000800406
-21.0862,0.000486783,-0.000421153
-21.0813,-6.53967e-05,4.20245e-05
-21.0764,0.00026174,-0.00033803
-21.0716,-0.00034159,0.000365926
-21.0667,-0.000420367,-0.00105045
-21.0618,0.000621124,-0.000547578
-21.0569,0.00060425,-0.000384516
-21.052,0.00051326,0.000363401
-21.0471,5.79627e-05,-0.000306574
-21.0422,0.000786917,0.000236457
-21.0373,-5.29884e-06,0.000387271
-21.0324,1.98937e-05,0.000298505
-21.0275,-0.000300647,-0.000248797
-21.0226,0.000669957,-5.44302e-05
-21.0177,-0.000135411,0.000529572
-21.0128,4.46288e-06,-0.000138881
-21.0079,6.90626e-05,0.000350302
-21.0031,-0.000351739,8.42072e-05
-20.9982,-0.000244077,-0.000161211
-20.9933,-0.00016005,-0.000413523
-20.9884,0.000291466,-0.000464248
-20.9835,0.000392379,-0.000210066
-20.9786,0.00064109,-0.000123731
-20.9737,0.000573268,0.000485077
-20.9688,1.38922e-05,0.00047489
-20.9639,-3.2477e-06,7.42316e-05
-20.959,0.000398565,0.000327623
-20.9541,-0.000346181,0.000532462
-20.9492,0.000124476,-0.000246414
-20.9443,0.000148381,0.000689512
-20.9394,-0.000203766,9.2911e-06
-20.9346,0.000122852,0.000775862
-20.9297,-0.000902803,7.61178e-05
-20.9248,0.00022573,-8.47069e-05
-20.9199,-0.00039395,0.000665552
-20.915,-0.0010063,0.000122766
-20.9101,-0.000735789,-0.000993656
-20.9052,0.000550445,-0.000531391
-20.9003,-9.01377e-06,-1.61163e-05
-20.8954,0.000205663,6.37208e-05
-20.8905,-0.000589552,-9.72443e-05
-20.8856,0.000424973,-0.000649355
-20.8807,0.000105101,0.000320782
-20.8758,5.38283e-05,-0.000243383
-20.871,5.47645e-06,0.000181212
-20.8661,9.26318e-05,-0.000239864
-20.8612,-1.40349e-05,0.000449779
-20.8563,-0.00065177,-0.000368789
-20.8514,0.000212987,-0.000799684
-20.8465,0.000957759,-0.000264858
-20.8416,0.000352659,0.000895463
-20.8367,-0.000461045,-0.000117691
-20.8318,0.000549186,1.63499e-05
-20.8269,-2.0756e-05,0.000432536
-20.822,4.20454e-05,0.000496479
-20.8171,-0.00100609,0.000364701
-20.8122,-0.000343092,-0.000984993
-20.8073,0.00044144,-0.000138754
-20.8025,-7.57997e-05,-0.000193555
-20.7976,0.000540915,-0.000210752
-20.7927,0.000153078,0.000534182
-20.7878,-0.00032607,-0.000128974
-20.7829,0.000406826,-0.00011211
-20.778,4.37508e-05,0.000377302
-20.7731,-4.84057e-05,0.000162995
-20.7682,-0.000348696,0.00026699
-20.7633,-0.000345937,-0.000418809
-20.7584,0.0003636,-0.00022807
-20.7535,6.29676e-06,0.000385542
-20.7486,-0.000594993,-0.000269151
-20.7437,0.000426109,-0.000773901
-20.7388,0.000652399,0.000226289
-20.734,0.000269796,0.000356083
-20.7291,-0.000258114,0.000667256
-20.7242,-0.000740041,-0.00034319
-20.7193,0.000140993,-0.000713111
-20.7144,0.000841744,-0.000463931
-20.7095,0.000804138,0.000970551
-20.7046,-0.000787606,0.000322143
-20.6997,0.000424166,-0.000326532
-20.6948,-7.57781e-05,0.000374275
-20.6899,0.000493634,-0.000203889
-20.685,0.000106739,0.00106299
-20.6801,-0.000706612,-6.55105e-05
-20.6752,0.000149462,-0.000160894
-20.6703,0.000299226,1.78557e-05
-20.6655,0.000256078,0.000803737
-20.6606,-0.000809838,0.000411554
-20.6557,-0.000335462,-0.000312187
-20.6508,1.04763e-05,-0.000192874
-20.6459,7.76137e-05,6.48207e-05
-20.641,1.31699e-05,-0.000159971
-20.6361,0.00050342,0.000292941
-20.6312,-0.00022063,0.00056107
-20.6263,-0.000133372,0.000337254
-20.6214,-0.000692749,0.000361513
-20.6165,-0.000479107,-0.000327775
-20.6116,-0.000360048,-0.000424734
-20.6067,0.000598133,-0.00066918
-20.6018,0.000445325,0.00079786
-20.597,-0.000565946,9.23525e-06
-20.5921,0.000304612,-7.75594e-05
-20.5872,-0.000108931,0.00025461
-20.5823,0.000214788,-5.50993e-05
-20.5774,0.000314999,0.000706124
-20.5725,-0.000617136,0.000805964
-20.5676,-0.000764172,8.26819e-05
-20.5627,-0.000731696,-2.9451e-05
-20.5578,-0.000561585,-0.000844387
-20.5529,0.000633549,-0.000437982
-20.548,8.7126e-05,0.000448285
-20.5431,-0.000244403,0.000103062
-20.5382,-0.000252402,5.62629e-05
-20.5334,-0.00020874,-0.000100629
-20.5285,-0.000144765,-4.688e-05
-20.5236,-0.0002071,-0.000124112
-20.5187,6.35956e-05,-0.000384942
-20.5138,0.000638019,0.000287764
-20.5089,-0.000513445,0.000914173
-20.504,-0.000745996,-0.000383205
-20.4991,0.000206449,-1.99324e-05
-20.4942,-0.000615343,0.000358366
-20.4893,-0.000441912,-0.000645191
-20.4844,0.000429063,2.00077e-06
-20.4795,-0.000416423,0.000440258
-20.4746,-0.000365409,-2.26647e-05
-20.4697,-0.000625209,0.00024728
-20.4649,-0.000935096,-0.000259789
-20.46,-0.000950536,-0.00085217
-20.4551,8.42175e-05,-0.00137339
-20.4502,0.000388281,-0.0004672
-20.4453,0.000375854,-0.00058474
-20.4404,0.00026504,3.94979e-05
-20.4355,0.000169292,-0.000605986
-20.4306,0.000634409,0.000293074
-20.4257,-0.0003488,-3.98032e-05
-20.4208,0.000265732,-0.000241195
-20.4159,0.000129867,-0.000109851
-20.411,0.000223504,0.000223714
-20.4061,-0.000266025,-0.000122682
-20.4012,0.000198327,9.05976e-05
-20.3964,-0.000503169,-0.000212192
-20.3915,0.000411849,-0.000323724
-20.3866,-0.000294291,8.11625e-05
-20.3817,0.00019322,-0.000542733
-20.3768,0.000230062,5.57711e-05
-20.3719,5.73053e-06,-1.58852e-05
-20.367,-7.92966e-05,-0.000329833
-20.3621,0.000565993,-4.95655e-05
-20.3572,-0.000273258,0.000341199
-20.3523,-0.000140366,-0.000332124
-20.3474,-0.000125792,-0.000358634
-20.3425,0.000478917,-0.000517352
-20.3376,0.000427635,2.19454e-07
-20.3327,0.000556111,0.000261974
-20.3279,-0.000315392,0.000506305
-20.323,-0.000214368,-0.000103259
-20.3181,-0.000612783,-0.000362623
-20.3132,0.000560766,-0.000995367
-20.3083,0.000327169,-3.77331e-05
-20.3034,0.00104169,-0.000644189
-20.2985,0.000706454,0.00115068
-20.2936,-0.000186309,5.41493e-05
-20.2887,0.000109048,0.000576335
-20.2838,-0.000364569,-0.000394057
-20.2789,0.000466456,0.000104494
-20.274,-5.3309e-05,-0.000329047
-20.2691,0.000936316,0.000162285
-20.2643,2.14739e-05,0.000462531
-20.2594,0.000416731,0.000309253
-20.2545,-0.000253191,0.000519835
-20.2496,0.000120988,-0.000185424
-20.2447,0.000528672,0.000511225
-20.2398,-0.000238311,0.000826581
-20.2349,-0.000405374,0.00014893
-20.23,-0.000188207,0.000453153
-20.2251,-0.000885515,-0.000119168
-20.2202,0.000292392,-0.000667033
-20.2153,0.000271579,0.000542507
-20.2104,-0.00045519,5.9129e-06
-20.2055,0.0001618,2.33055e-05
-20.2006,-0.000500035,0.000160834
-20.1958,7.25795e-05,-0.000584483
-20.1909,0.000312348,0.000249029
-20.186,-0.000126815,0.000105518
-20.1811,-0.000271206,-5.24005e-06
-20.1762,0.000203178,-0.000578787
-20.1713,0.000537343,0.000399372
-20.1664,-0.000206692,0.000124008
-20.1615,0.000102844,-1.16228e-05
-20.1566,0.000358776,-0.000197737
-20.1517,0.00061828,0.000815513
-20.1468,-0.000489923,0.000619151
-20.1419,-0.000320034,0.00044116
-20.137,-0.000802948,-0.000177568
-20.1321,0.00016068,-0.000114882
-20.1273,-0.00077811,-0.000109542
-20.1224,0.000549127,-0.000982145
-20.1175,0.000578878,0.000665074
-20.1126,-0.000421293,0.00010167
-20.1077,0.000206095,-0.000313959
-20.1028,0.00047152,0.000277884
-20.0979,-6.83879e-05,0.000437416
-20.093,-7.47174e-05,0.000147657
-20.0881,8.96526e-05,8.7931e-05
-20.0832,0.000229587,0.000712234
-20.0783,-0.00109202,0.000551707
-20.0734,-0.000509067,-0.00092707
-20.0685,0.000585477,-0.000454141
-20.0636,0.000641622,0.000392154
-20.0588,-0.000210516,0.000563314
-20.0539,0.000125635,5.01516e-05
-20.049,-0.000165551,0.000710925
-20.0441,-0.00041203,-9.81096e-05
-20.0392,0.00014062,0.000273947
-20.0343,-0.000318577,0.00029852
-20.0294,-0.000165298,0.000128525
-20.0245,-1.29784e-05,0.000320905
-20.0196,-0.000660686,0.000768126
-20.0147,-0.00108275,-0.000615062
-20.0098,0.000541625,-0.000350297
-20.0049,-0.000549052,0.000602619
-20,-0.000417901,-0.000600331
-19.9951,-3.55639e-05,8.40197e-05
-19.9903,-0.000293012,-0.000562483
-19.9854,0.00066465,5.65117e-05
-19.9805,-0.000295145,0.000525057
-19.9756,-0.00027698,6.75976e-05
-19.9707,-0.000422573,2.6186e-05
-19.9658,-0.000226583,-0.000103312
-19.9609,-0.000349288,-0.000215638
-19.956,3.91392e-05,-1.71949e-05
-19.9511,-0.000774722,-0.000269253
-19.9462,0.000614914,-0.000837239
-19.9413,-4.68326e-05,0.000618908
-19.9364,-1.52641e-05,-0.000776967
-19.9315,0.000528736,0.000705282
-19.9267,-0.000728558,-0.000241513
-19.9218,0.000632932,-0.000111028
-19.9169,-0.000212948,0.000401135
-19.912,7.77023e-05,0.000164237
-19.9071,-0.000531345,0.000379308
-19.9022,-0.000274121,-0.000249419
-19.8973,-0.000277943,0.00019166
-19.8924,-0.000637396,-0.000381143
-19.8875,0.000163661,-0.000687948
-19.8826,0.000468709,9.81292e-05
-19.8777,-0.000158595,0.000408788
-19.8728,-0.000513947,-7.99223e-05
-19.8679,4.17826e-05,-0.00031261
-19.863,-0.000321483,0.000344143
-19.8582,-0.000701007,-0.000792978
-19.8533,0.000563834,-0.000585206
-19.8484,9.41264e-05,-5.23775e-05
-19.8435,0.000293429,-0.000206333
-19.8386,0.000189604,-3.80298e-05
-19.8337,0.000388846,0.000250689
-19.8288,-0.000482116,0.000272937
-19.8239,0.000107834,-0.000423644
-19.819,-0.000168786,0.000234083
-19.8141,-8.94933e-06,-0.000800818
-19.8092,0.000804079,0.000181917
-19.8043,-9.65088e-05,0.000167171
-19.7994,0.000477413,3.44917e-05
-19.7945,3.4953e-05,0.000590213
-19.7897,-0.000223883,9.36768e-05
-19.7848,0.000187222,0.00019881
-19.7799,-0.00039032,0.000619974
-19.775,-0.000670556,-0.000357765
-19.7701,0.00021017,-0.000251821
-19.7652,-0.000139345,5.43285e-05
-19.7603,-3.56672e-05,-0.000190392
-19.7554,0.000185053,-0.000173053
-19.7505,0.000139846,0.000405227
-19.7456,-0.000593906,-0.000383153
-19.7407,0.0010407,-0.000405011
-19.7358,1.98773e-05,0.00102376
-19.7309,-0.000226638,-0.000153979
-19.726,0.000138182,0.000401619
-19.7212,-0.000115896,0.000230457
-19.7163,-0.000365944,0.000585787
-19.7114,-0.000782257,-0.000186026
-19.7065,-0.000283602,-0.000439256
-19.7016,0.000142946,-0.000560464
-19.6967,0.000408317,9.24725e-06
-19.6918,0.000241684,0.000143698
-19.6869,-7.33165e-05,0.000485307
-19.682,-0.000422857,-5.86492e-05
-19.6771,-9.5473e-05,-0.000333548
-19.6722,0.000620971,-0.000194768
-19.6673,-1.77057e-05,0.000866903
-19.6624,-0.000386282,-0.000326295
-19.6575,0.000274617,0.000494643
-19.6527,-0.000834733,-0.00014781
-19.6478,0.000477389,-0.000557915
-19.6429,0.000331124,0.000466404
-19.638,-0.000383516,0.000159007
-19.6331,0.000498956,-0.0004775
-19.6282,0.000545472,0.00128008
-19.6233,-0.00115715,0.000336242
-19.6184,-6.22162e-05,-0.00027382
-19.6135,-7.38411e-05,-8.32989e-05
-19.6086,0.000267135,0.000398302
-19.6037,-0.000503615,0.000150393
-19.5988,0.000306572,0.000196616
-19.5939,-0.000481986,0.000606088
-19.5891,-0.000415077,0.000363323
-19.5842,-0.00112883,5.0028e-05
-19.5793,-0.000429171,-0.000583681
-19.5744,-0.000550755,-0.000585073
-19.5695,0.000465521,-0.000800866
-19.5646,5.69235e-05,7.1083e-05
-19.5597,0.000283893,-0.000708505
-19.5548,0.000969417,0.00017446
-19.5499,0.000262814,0.000823436
-19.545,-0.000410614,0.000381785
-19.5401,3.6662e-06,-5.93072e-05
-19.5352,0.000240238,0.000292364
-19.5303,-7.49198e-05,0.000671198
-19.5254,-0.000434467,0.000215782
-19.5205,-0.000121983,0.000387263
-19.5157,-0.000488575,3.58431e-05
-19.5108,0.000163291,0.000442857
-19.5059,-0.000840146,0.000361861
-19.501,-4.25863e-05,0.000234499
-19.4961,-0.00128884,0.000442981
-19.4912,-0.000373215,-0.00068956
-19.4863,-0.000685709,0.000127413
-19.4814,-0.000280431,-0.000967644
-19.4765,0.000261879,0.000129956
-19.4716,-0.000585378,3.95137e-06
-19.4667,-0.000297445,-0.000724349
-19.4618,0.000594333,-0.000160126
-19.4569,-0.000207525,0.000191776
-19.4521,0.00041553,0.000243934
-19.4472,-0.0011043,0.000694872
-19.4423,-0.000255341,-0.000869167
-19.4374,-0.000364036,0.000340915
-19.4325,-0.000289496,-0.000818003
-19.4276,-5.49595e-05,0.000176132
-19.4227,-0.000259134,-0.000720495
-19.4178,0.000166661,-8.45304e-05
-19.4129,0.000418767,-0.000604033
-19.408,0.000474663,0.00102605
-19.4031,-0.000800386,-9.47866e-05
-19.3982,0.000211871,0.000289065
-19.3933,-0.000910886,2.90626e-06
-19.3884,2.53348e-05,-0.000461406
-19.3836,-2.67452e-05,-2.8976e-05
-19.3787,-4.08197e-05,0.000298399
-19.3738,-0.000779162,1.29717e-05
-19.3689,-0.000266802,-0.000587779
-19.364,0.000154625,-0.00028591
-19.3591,-3.35549e-05,0.000238095
-19.3542,-0.000570167,-0.000153227
-19.3493,-9.29371e-05,-0.000485686
-19.3444,0.000116548,-0.000131518
-19.3395,-0.000185273,-2.50554e-05
-19.3346,-1.42756e-05,-9.33999e-05
-19.3297,-0.000718529,1.27352e-05
-19.3248,8.69187e-05,-0.00127148
-19.3199,0.000711195,0.000403075
-19.3151,-0.000429165,-0.000264322
-19.3102,0.000391977,4.78824e-05
-19.3053,-0.0002931,-0.000313816
-19.3004,0.00070182,0.000227331
-19.2955,-0.000777095,0.000153743
-19.2906,0.000759719,-0.000463813
-19.2857,-0.000249949,0.00116557
-19.2808,-0.000752633,-0.000299708
-19.2759,-0.000263301,0.000185199
-19.271,-0.0010362,-0.000528787
-19.2661,0.000305871,-0.00123215
-19.2612,0.000726807,0.000192075
-19.2563,-0.000293112,0.000102254
-19.2514,5.57495e-05,-0.000114544
-19.2466,-0.000315629,-0.000194212
-19.2417,0.000328898,-0.000371429
-19.2368,-3.43548e-05,6.19325e-05
-19.2319,0.000352384,-0.00026292
-19.227,5.43794e-05,0.000464314
-19.2221,-0.000141248,-0.000101616
-19.2172,-9.37067e-05,0.000276467
-19.2123,-0.000358674,-0.000272021
-19.2074,0.000141378,-0.000130252
-19.2025,2.55756e-05,2.67379e-07
-19.1976,-0.000174175,0.000187265
-19.1927,-0.00018278,-0.00046023
-19.1878,0.000448403,0.000247432
-19.1829,-0.000581022,6.71949e-05
-19.1781,0.000390221,-0.000241327
-19.1732,-0.000387324,0.000586722
-19.1683,-0.000448684,-0.000435054
-19.1634,-0.000124769,-0.000282317
-19.1585,0.000444276,-0.000479013
-19.1536,0.000310515,0.000781826
-19.1487,-0.000747253,0.000215417
-19.1438,-0.000570209,-0.000269965
-19.1389,-6.83817e-06,-0.000860061
-19.134,0.000561036,0.000265024
-19.1291,-0.000503269,-2.71927e-05
-19.1242,0.000334715,-0.000158552
-19.1193,-0.000280758,0.000334689
-19.1145,-0.000294444,-4.53391e-05
-19.1096,-0.000618983,-0.00020651
-19.1047,7.24891e-06,-0.00082622
-19.0998,0.00041945,-3.78232e-05
-19.0949,-0.000271095,3.63469e-05
-19.09,7.77826e-06,-0.000580907
-19.0851,0.000436427,-1.77639e-05
-19.0802,1.9973e-05,2.61862e-06
-19.0753,0.000196173,0.000206251
-19.0704,-0.000451796,0.000112073
-19.0655,-0.000198618,-0.000375853
-19.0606,7.55471e-05,-0.000621153
-19.0557,0.000959094,4.69961e-06
-19.0508,-0.000123961,0.00081802
-19.046,-0.000340267,1.4625e-05
-19.0411,-0.000320788,7.8578e-05
-19.0362,-0.000287263,-0.000190231
-19.0313,-0.000393135,-0.000369485
-19.0264,0.000336828,-0.000659922
-19.0215,0.000222801,0.000105842
-19.0166,0.000250689,-0.000350476
-19.0117,0.000455558,0.000444904
-19.0068,-0.000256177,0.000231414
-19.0019,-6.08415e-05,0.000200131
-18.997,-0.00056136,5.65468e-05
-18.9921,-0.000207837,-0.000575872
-18.9872,0.000338119,-0.000192157
-18.9823,-9.78846e-05,0.000138476
-18.9775,-9.70824e-05,-0.000336006
-18.9726,0.000235279,-4.52593e-05
-18.9677,-0.000142055,4.13978e-05
-18.9628,-0.000152526,-0.000218083
-18.9579,-0.000145951,-0.000481018
-18.953,0.000576368,-0.000714859
-18.9481,0.000756728,0.000273663
-18.9432,9.47298e-05,5.69218e-05
-18.9383,0.000551653,0.00014886
-18.9334,6.41478e-05,0.000258439
-18.9285,0.000429914,0.000148325
-18.9236,0.000109761,0.000346741
-18.9187,0.000438964,0.0004382
-18.9138,-0.000481807,0.000530665
-18.909,0.000600079,-0.000361941
-18.9041,0.000438321,0.00152593
-18.8992,-0.000874263,0.000569736
-18.8943,-0.000233515,0.00055152
-18.8894,-0.000920237,0.000472631
-18.8845,-0.000708931,-8.07764e-06
-18.8796,-0.000751829,-0.000176962
-18.8747,-0.000261104,-0.000565318
-18.8698,0.000120543,0.000116171
-18.8649,-0.000728365,8.05395e-05
-18.86,-0.000166555,-0.000694813
-18.8551,0.000309645,-8.28687e-05
-18.8502,0.000102954,0.000421943
-18.8453,-0.000867155,0.000269682
-18.8405,-0.000106302,-0.000791872
-18.8356,0.000250746,0.000390237
-18.8307,-0.000500296,0.000123111
-18.8258,-0.000501893,-3.31197e-05
-18.8209,-0.000203081,-0.000532351
-18.816,-1.35986e-05,0.000226174
-18.8111,-0.000555076,-0.000352428
-18.8062,0.000181583,-9.06913e-05
-18.8013,-0.000610685,0.000238032
-18.7964,-0.000868321,-0.000676054
-18.7915,0.000252021,-0.00127033
-18.7866,0.000833908,3.99037e-05
-18.7817,-0.000122976,0.00016611
-18.7769,-2.30284e-05,-0.000114621
-18.772,-9.4276e-06,-0.000157191
-18.7671,3.51378e-05,-1.33383e-05
-18.7622,-3.80735e-05,-0.000134411
-18.7573,-3.27561e-05,3.71221e-05
-18.7524,-0.000148717,-0.000197633
-18.7475,-0.00012429,-0.000218361
-18.7426,0.000405544,-0.000611214
-18.7377,0.000614748,0.000633576
-18.7328,-0.000472567,0.000185173
-18.7279,0.000135255,6.37203e-05
-18.723,-0.000295062,0.000172447
-18.7181,-0.000109948,3.30504e-05
-18.7132,-0.000197475,-1.87833e-05
-18.7084,1.28412e-05,0.000319893
-18.7035,-0.000869449,0.000393964
-18.6986,-0.00100364,-0.000637478
-18.6937,-7.66579e-05,-0.00100975
-18.6888,0.000108654,-0.000444373
-18.6839,0.000376645,-0.000674886
-18.679,0.00033752,0.000320165
-18.6741,-0.000282303,-0.000524069
-18.6692,0.000621374,3.32898e-05
-18.6643,-0.000469187,-5.02765e-06
-18.6594,0.000222138,-0.000608142
-18.6545,0.000460632,-0.000186484
-18.6496,0.000270836,0.000311479
-18.6447,-0.000192185,-0.000237829
-18.6399,0.000391764,-4.09908e-05
-18.635,-2.86469e-05,-0.000202694
-18.6301,0.000538945,-9.88655e-05
-18.6252,0.000527773,-8.47838e-05
-18.6203,0.000774255,0.00116676
-18.6154,-0.00120851,0.000478924
-18.6105,0.000290907,-0.000419824
-18.6056,-0.000264777,0.00038781
-18.6007,7.84034e-05,-0.000106836
-18.5958,-0.000319862,9.89894e-05
-18.5909,0.000424455,-0.000246048
-18.586,7.12019e-05,0.000612522
-18.5811,-0.000223296,0.000520872
-18.5762,-0.00118208,1.56261e-05
-18.5714,0.000159344,-0.00110955
-18.5665,0.000363766,7.70781e-05
-18.5616,0.000468134,-0.000244925
-18.5567,0.000500465,0.000540109
-18.5518,0.000441894,0.000709802
-18.5469,-0.000717053,0.00146474
-18.542,-0.00120982,-0.000201973
-18.5371,-0.000366219,-2.41984e-05
-18.5322,-0.000515124,-0.000282237
-18.5273,-0.000129035,0.000166528
-18.5224,-0.000940814,3.50771e-05
-18.5175,-0.000738769,-0.00072084
-18.5126,-2.93986e-05,-0.00109465
-18.5077,0.000812154,-0.000113188
-18.5029,-0.000636209,0.000427619
-18.498,-0.000199893,-0.001178
-18.4931,0.000762707,0.000101352
-18.4882,-0.000355504,-6.39216e-05
-18.4833,0.000258974,-0.000139887
-18.4784,-0.000341459,-0.000303644
-18.4735,0.000732987,-0.00037359
-18.4686,-0.00016337,0.000404779
-18.4637,0.000202131,-0.000676993
-18.4588,0.000833772,0.000274532
-18.4539,0.000142283,0.000807146
-18.449,-0.000644982,0.000306877
-18.4441,2.92938e-05,-0.000258415
-18.4393,-5.86659e-05,0.00031159
-18.4344,-0.000160603,3.83364e-05
-18.4295,-0.000229315,7.67165e-05
-18.4246,-9.02981e-05,-9.25838e-06
-18.4197,-0.000328267,-0.000214844
-18.4148,0.000705226,-0.000137691
-18.4099,-0.000369298,0.0010132
-18.405,-0.00057745,-0.000411497
-18.4001,-2.54188e-05,8.72898e-05
-18.3952,-2.78637e-05,-0.000237759
-18.3903,8.27768e-05,0.000623514
-18.3854,-0.000785687,6.99782e-05
-18.3805,-0.000214331,-0.000127601
-18.3756,-0.000426321,2.40105e-05
-18.3708,-0.000587396,-0.000206565
-18.3659,-0.00019314,-0.000758775
-18.361,0.000391117,-2.99897e-05
-18.3561,-0.000302764,0.0001046
-18.3512,-0.000113875,2.2892e-05
-18.3463,-0.00080972,3.50043e-05
-18.3414,-0.000384165,-0.00106162
-18.3365,0.00049888,-0.000369892
-18.3316,-2.12809e-05,-7.80321e-05
-18.3267,3.99235e-05,-4.32253e-05
-18.3218,-0.000486805,-0.000260961
-18.3169,0.000249804,-0.000745446
-18.312,0.000249021,4.44647e-05
-18.3071,-8.52168e-05,-0.000371904
-18.3023,0.000473391,-0.000255811
-18.2974,2.73319e-05,0.000335526
-18.2925,-0.000405983,-0.00060888
-18.2876,0.000977867,-0.000451942
-18.2827,0.000132459,0.00066732
-18.2778,-0.000125403,-0.000262922
-18.2729,0.000292219,4.28168e-05
-18.268,3.60411e-05,4.88149e-05
-18.2631,0.00015324,-0.000135705
-18.2582,0.000443551,0.000280608
-18.2533,-0.000322551,0.000283141
-18.2484,0.000331147,-7.34244e-05
-18.2435,-0.000362608,0.000604308
-18.2386,-0.000197202,-0.000396038
-18.2338,-0.000189986,0.000173779
-18.2289,9.40041e-05,-0.000695519
-18.224,0.000407187,0.000465517
-18.2191,-0.000206167,-0.000338667
-18.2142,0.00062185,0.000272879
-18.2093,-6.55112e-05,0.000223253
-18.2044,0.000183626,0.000590207
-18.1995,-0.000555026,5.56934e-05
-18.1946,0.000376398,0.000336873
-18.1897,-0.000892459,0.000604756
-18.1848,-0.000547965,-0.000382391
-18.1799,-0.00036834,-0.000479913
-18.175,0.000478506,-0.00030192
-18.1702,-0.000363897,0.000315431
-18.1653,6.3797e-05,-0.000678464
-18.1604,0.000338273,0.000296847
-18.1555,-0.00010903,-0.000227673
-18.1506,0.000653044,0.000193992
-18.1457,-0.000165218,0.000784322
-18.1408,-0.000428563,2.57193e-05
-18.1359,0.000127763,0.000316642
-18.131,-0.000759011,0.000482713
-18.1261,-0.000315061,-0.000350589
-18.1212,-0.000440297,0.00045185
-18.1163,-0.000929187,-0.000657829
-18.1114,0.000145424,-0.000571513
-18.1065,-1.74967e-05,-0.000338601
-18.1017,0.000240167,-0.000147727
-18.0968,9.47055e-05,-0.000195636
-18.0919,0.000496787,0.00033539
-18.087,-0.000492733,0.000533503
-18.0821,-0.000373849,-2.67107e-05
-18.0772,-0.000583379,-9.52501e-05
-18.0723,-5.44211e-05,-0.000451093
-18.0674,-0.000232651,0.000240735
-18.0625,-0.000840849,-0.000405568
-18.0576,-0.000279865,-0.00109563
-18.0527,0.000611106,-0.00103839
-18.0478,0.00113835,-0.00019871
-18.0429,0.000619655,0.000697555
-18.038,-0.000233271,0.000484655
-18.0332,-0.000209057,-6.87476e-05
-18.0283,0.000228072,-0.000141864
-18.0234,0.000232931,0.000437764
-18.0185,-0.000319389,0.000298504
-18.0136,-0.000278671,4.66165e-05
-18.0087,-6.39054e-05,-0.000166509
-18.0038,-5.65837e-05,0.000455323
-17.9989,-0.000822243,-0.000309148
-17.994,0.000419414,-0.000514221
-17.9891,8.80361e-05,0.000322758
-17.9842,-8.22103e-05,0.000274617
-17.9793,-0.00074616,0.000292308
-17.9744,-0.000771548,-0.000717939
-17.9695,0.000265944,-0.00103899
-17.9647,0.000730428,2.62479e-05
-17.9598,-3.87006e-05,9.96467e-05
-17.9549,9.04257e-05,3.44691e-05
-17.95,1.46347e-05,-0.000311913
-17.9451,0.000446221,0.000464327
-17.9402,-0.00068257,-0.000229105
-17.9353,0.000833524,5.61996e-05
-17.9304,-0.00108523,0.000288357
-17.9255,0.000790818,-0.00110977
-17.9206,0.00028497,0.00076501
-17.9157,0.000505272,1.7253e-05
-17.9108,-0.000701802,0.00129206
-17.9059,-0.000547468,-0.00123163
-17.901,0.000955137,0.000631755
-17.8962,-0.000853417,0.000545167
-17.8913,-0.000499825,-0.0004179
-17.8864,0.000355173,-0.000283229
-17.8815,-0.000402037,0.000569382
-17.8766,-0.000315655,-0.000812576
-17.8717,0.000399939,0.000208857
-17.8668,-0.000197742,-0.000237619
-17.8619,0.00036834,0.000242092
-17.857,-0.000255843,0.000141674
-17.8521,5.60854e-05,0.000266276
-17.8472,-0.000582941,0.000317479
-17.8423,-0.000636948,-0.000384983
-17.8374,7.55915e-05,-0.00056029
-17.8326,0.000102764,-0.000139547
-17.8277,0.000378003,8.06756e-05
-17.8228,-0.00075655,0.000395436
-17.8179,0.000144492,-0.00109188
-17.813,0.000290471,0.000776545
-17.8081,-0.000694591,-0.000759362
-17.8032,0.000721198,-7.90766e-05
-17.7983,-0.000124348,-0.000128375
-17.7934,0.000340591,0.000258499
-17.7885,-0.00045849,-0.00048397
-17.7836,0.00117475,-0.000189364
-17.7787,5.67571e-05,0.000794988
-17.7738,9.51424e-05,0.000331918
-17.7689,-0.000439651,0.000381681
-17.764,0.000117009,9.73053e-06
-17.7592,-0.000638068,0.000635367
-17.7543,-0.000569672,-0.00101415
-17.7494,0.00107103,-9.51847e-05
-17.7445,-0.00027324,0.000670892
-17.7396,0.000289261,-0.000348228
-17.7347,0.000299884,0.00120786
-17.7298,-0.00122169,0.000209326
-17.7249,4.91708e-05,-0.000467388
-17.72,-9.51274e-05,0.000414832
-17.7151,-0.000511178,-0.000167426
-17.7102,0.000272239,-0.000192556
-17.7053,-8.883e-05,0.000392206
-17.7004,0.000140292,0.000130156
-17.6956,-0.000596793,0.00111106
-17.6907,-0.00127216,-0.000679447
-17.6858,0.000269797,-0.000299175
-17.6809,-0.000471828,-0.000177415
-17.676,0.000398325,-1.82979e-05
-17.6711,-0.000865591,0.000531209
-17.6662,-0.00060314,-0.000887124
-17.6613,5.39142e-05,-0.000430215
-17.6564,0.000124842,-0.000707713
-17.6515,0.000899424,0.000111011
-17.6466,-0.000439934,0.000632961
-17.6417,-0.00014922,-0.000599055
-17.6368,0.00024351,0.000225469
-17.6319,-0.000243098,-0.000297278
-17.6271,0.000485023,-0.000198581
-17.6222,0.000508131,0.000216677
-17.6173,0.000196671,0.000721844
-17.6124,-3.99728e-05,0.000418935
-17.6075,-0.000302482,0.00105357
-17.6026,-0.00109893,4.75681e-05
-17.5977,-0.000316615,2.38366e-05
-17.5928,-0.000686856,-0.000289891
-17.5879,0.000127338,-7.46233e-05
-17.583,-0.000540293,9.55092e-05
-17.5781,-0.000105623,-5.83429e-05
-17.5732,-0.000598569,0.000117875
-17.5683,-0.000455749,-0.000255263
-17.5634,-0.000395736,-0.000454596
-17.5586,6.56055e-05,-9.37837e-05
-17.5537,-0.000734741,-0.000143994
-17.5488,-0.00022672,-0.000797428
-17.5439,0.000181944,-0.000760674
-17.539,0.000705439,9.26012e-06
-17.5341,-0.000379096,-3.23976e-05
-17.5292,0.00071388,-0.000350089
-17.5243,-0.000305398,0.000651508
-17.5194,-3.36595e-05,-0.000824139
-17.5145,0.000795152,0.000357379
-17.5096,-0.000167854,0.000517841
-17.5047,-0.00017037,0.000154997
-17.4998,-0.000157006,0.000252592
-17.4949,-0.000390277,-8.43398e-05
-17.4901,0.000328122,5.05545e-06
-17.4852,-0.000309325,0.000553505
-17.4803,-0.000164304,0.000132143
-17.4754,-0.000697221,0.000522045
-17.4705,-0.000514572,-0.000271362
-17.4656,-0.000822323,0.000323567
-17.4607,-0.000965172,-0.00103113
-17.4558,-0.000142443,-0.000754882
-17.4509,0.000290893,-0.0013045
-17.446,0.00106133,0.000290972
-17.4411,-0.000518566,-0.000178335
-17.4362,0.000882052,-0.000477078
-17.4313,0.000298128,0.000359605
-17.4264,0.000509818,0.000202061
-17.4216,8.74195e-05,0.000452328
-17.4167,0.000584791,0.000568218
-17.4118,-0.000450023,0.00127322
-17.4069,-0.000567518,0.000591918
-17.402,-0.00143686,0.000806894
-17.3971,-0.00122553,-0.000949472
-17.3922,-0.000244215,-0.000382478
-17.3873,-0.000394596,-0.000658209
-17.3824,0.000119336,-0.000201515
-17.3775,-0.00029604,-0.00029764
-17.3726,0.000162535,-0.000283062
-17.3677,0.000104524,9.28717e-05
-17.3628,-0.000350009,0.000301325
-17.358,-0.00045866,-0.000408623
-17.3531,8.88737e-05,-8.6545e-05
-17.3482,-0.000278135,-6.93956e-05
-17.3433,-0.000172361,-3.01582e-07
-17.3384,-0.000405027,-0.000353398
-17.3335,0.000200693,-0.000133729
-17.3286,-0.000473079,4.57324e-05
-17.3237,-0.000107098,-0.000550811
-17.3188,0.000176707,-0.000118698
-17.3139,-0.000100916,1.42122e-05
-17.309,-3.10611e-05,-0.000349142
-17.3041,0.000450296,0.000191341
-17.2992,-0.000336261,0.000416466
-17.2943,-0.000199138,0.000162572
-17.2895,-0.000831529,0.000177819
-17.2846,-0.000373916,-0.000637652
-17.2797,-0.000382775,-0.000212555
-17.2748,0.000146075,-0.00111972
-17.2699,0.000943137,0.000535945
-17.265,-0.000814912,0.000278206
-17.2601,0.000271255,-0.000265486
-17.2552,-0.000666996,0.000482227
-17.2503,-0.00032001,-0.000882577
-17.2454,0.000260024,2.37962e-05
-17.2405,-8.02088e-05,-0.000306658
-17.2356,0.000379357,0.00025203
-17.2307,-0.000371568,0.000331399
-17.2258,-0.000287274,7.43222e-05
-17.221,-0.000478988,5.25809e-05
-17.2161,-0.000435568,-0.00028196
-17.2112,-2.75821e-05,-0.000159799
-17.2063,-0.000613807,0.000136003
-17.2014,-0.000275591,-0.000857236
-17.1965,0.000289221,0.000225019
-17.1916,-0.00068204,-0.000197058
-17.1867,9.36498e-05,-7.6613e-05
-17.1818,-0.00108896,3.33229e-05
-17.1769,-0.000445648,-0.0014081
-17.172,0.000706831,-0.000667588
-17.1671,0.000166446,6.61278e-05
-17.1622,5.75596e-05,-0.000381801
-17.1573,0.000143359,0.000197435
-17.1525,-0.000447695,-0.000538452
-17.1476,0.000774555,-0.000222789
-17.1427,-0.000418306,0.000491193
-17.1378,-0.000272734,-0.000619395
-17.1329,0.000147559,-0.000292753
-17.128,0.000256776,-0.000264715
-17.1231,0.000217434,0.00013842
-17.1182,-0.000205195,0.000122866
-17.1133,-0.000181816,-0.00042353
-17.1084,0.0004491,-1.42711e-05
-17.1035,-0.000439042,0.000183394
-17.0986,9.71203e-05,-0.000693475
-17.0937,0.000624901,0.000144058
-17.0888,3.83373e-05,0.00060731
-17.084,-0.000589331,0.000320786
-17.0791,-0.00056943,-8.28548e-05
-17.0742,-0.00071996,-0.00068634
-17.0693,0.000671711,-0.000891414
-17.0644,0.000155072,0.000595998
-17.0595,-0.000481372,-0.00064133
-17.0546,0.000787666,-0.000320547
-17.0497,0.000182346,0.000551808
-17.0448,-0.000404109,0.000141508
-17.0399,-0.000170938,-0.00026431
-17.035,-2.56037e-05,-0.000266767
-17.0301,0.000523841,-0.000179753
-17.0252,-9.55335e-05,0.000867382
-17.0204,-0.000942154,-0.000586292
-17.0155,0.000802818,-0.000583408
-17.0106,0.000148792,0.000438312
-17.0057,0.00043275,1.10222e-05
-17.0008,-4.91439e-06,0.0012709
-16.9959,-0.00134448,0.000179355
-16.991,-0.000371943,-0.000559105
-16.9861,-0.000211603,-0.000238339
-16.9812,-7.57154e-05,-0.000173325
-16.9763,-0.000318598,-0.000218068
-16.9714,0.00026868,-0.000393512
-16.9665,1.29533e-06,0.000459853
-16.9616,-0.000561917,-0.000217194
-16.9567,9.07275e-05,-0.000282323
-16.9519,-1.64791e-05,1.39756e-05
-16.947,-7.33678e-05,0.000173921
-16.9421,-0.000546206,-8.62003e-06
-16.9372,-8.29818e-05,-0.0004425
-16.9323,4.7473e-05,9.12158e-05
-16.9274,-0.000273565,7.511e-05
-16.9225,-0.000415795,2.89363e-05
-16.9176,-0.00059437,-0.000274422
-16.9127,-0.000319844,-0.000728696
-16.9078,0.000333289,-0.000390851
-16.9029,-0.000347831,-0.00012051
-16.898,0.000474252,-0.000925437
-16.8931,0.000616598,0.000828217
-16.8882,-0.000872265,-4.18805e-05
-16.8834,0.000254823,-0.000309876
-16.8785,-0.000277468,7.18184e-05
-16.8736,5.36896e-05,-0.000108763
-16.8687,-0.000437509,1.37332e-05
-16.8638,0.000145038,-0.000334204
-16.8589,-0.00035984,0.000446336
-16.854,-0.000624341,-0.000576264
-16.8491,5.1938e-05,-0.000294171
-16.8442,-0.00019546,-0.000279075
-16.8393,-0.00010198,1.89886e-05
-16.8344,-0.00086336,-0.000571641
-16.8295,0.000568325,-0.00114124
-16.8246,0.000369383,0.000364918
-16.8197,-0.000262506,-0.000316037
-16.8149,-8.70106e-05,-5.775e-05
-16.81,-0.000286798,-0.000845542
-16.8051,0.000728517,-0.000371628
-16.8002,0.000139276,-4.6067e-05
-16.7953,0.00039045,0.000100691
-16.7904,-0.000461283,0.000219368
-16.7855,-0.000305247,-0.000760291
-16.7806,0.000621487,-0.000621864
-16.7757,0.000355669,0.000197709
-16.7708,0.000235833,-0.000419482
-16.7659,0.000548198,0.000487192
-16.761,-0.000323108,-0.000355825
-16.7561,0.00113243,0.000148588
-16.7512,-0.000219501,0.000772756
-16.7464,0.000124256,0.000429097
-16.7415,-0.000862007,0.000382806
-16.7366,3.62439e-05,-0.000141783
-16.7317,-0.000969352,0.000280051
-16.7268,-7.77534e-05,-0.00098668
-16.7219,6.82875e-05,3.85538e-05
-16.717,0.000147218,-0.00030931
-16.7121,-6.96592e-05,0.000150087
-16.7072,0.000289656,0.000103279
-16.7023,-0.00106839,0.000664464
-16.6974,-0.000485594,-0.00126352
-16.6925,-2.04387e-05,-6.09108e-05
-16.6876,-2.08613e-05,-0.00119675
-16.6828,0.0007817,0.000178679
-16.6779,-0.000117486,-0.000374951
-16.673,0.000618919,0.000282639
-16.6681,-0.000472667,-5.43315e-05
-16.6632,0.000517355,-0.000135383
-16.6583,-0.000302936,0.000465591
-16.6534,-0.000395271,-0.000253897
-16.6485,-0.000276285,-0.000355727
-16.6436,9.05158e-05,-0.00075715
-16.6387,0.000744246,-9.40919e-05
-16.6338,-0.000182641,0.000227922
-16.6289,0.000448006,-0.000457908
-16.624,0.000117042,0.000857885
-16.6191,-0.00083054,-0.000408978
-16.6143,0.000265955,-0.000608596
-16.6094,0.000524054,-0.000327486
-16.6045,0.000363215,0.000524853
-16.5996,-0.000300281,-0.000325816
-16.5947,0.000829554,0.00012535
-16.5898,-0.000332013,0.000592306
-16.5849,-8.498e-05,-0.000144021
-16.58,-0.000109573,0.000142427
-16.5751,-0.000231441,-0.000171698
-16.5702,0.000239392,-0.000503948
-16.5653,0.000802447,0.000470873
-16.5604,-0.000546296,0.000742804
-16.5555,-0.000290472,-0.000140228
-16.5506,-0.000485133,0.000206583
-16.5458,-0.000385434,-0.000796206
-16.5409,0.000679408,-0.000134257
-16.536,-0.000346069,0.000427773
-16.5311,-0.000232319,-0.000666995
-16.5262,0.000589558,-7.51095e-05
-16.5213,-9.85364e-06,0.000294942
-16.5164,-0.000176136,6.39118e-05
-16.5115,-0.00022827,-0.000305015
-16.5066,0.000289075,-0.000302298
-16.5017,0.000192292,-0.000163327
-16.4968,0.000663842,-5.91303e-05
-16.4919,0.0002713,0.000491318
-16.487,0.000374703,0.000137292
-16.4821,0.000451541,0.000994592
-16.4773,-0.000645601,0.00102362
-16.4724,-0.00091022,0.000105838
-16.4675,-0.000185897,-0.000190145
-16.4626,-0.00023703,0.000360806
-16.4577,-0.000483561,0.000181448
-16.4528,-0.000884962,0.000101048
-16.4479,-0.000412026,-0.000990284
-16.443,0.00043171,0.000104023
-16.4381,-0.000582931,-0.000136983
-16.4332,0.000250671,-0.000228854
-16.4283,-0.000312442,-6.30061e-06
-16.4234,0.000303456,-0.000146735
-16.4185,-0.000247215,0.000333851
-16.4136,2.70061e-05,7.85283e-05
-16.4088,-0.000728915,0.000524734
-16.4039,-0.000673301,-0.000563809
-16.399,-0.00031024,-0.000301998
-16.3941,-0.000270634,-0.000688569
-16.3892,0.000247791,-0.000700474
-16.3843,0.000904921,-0.000115965
-16.3794,-4.36781e-05,0.000839863
-16.3745,-0.000482498,-0.000136331
-16.3696,-0.00018732,-0.00011098
-16.3647,2.88285e-05,-0.000459656
-16.3598,0.000392839,-3.27855e-05
-16.3549,0.000513662,0.000328593
-16.35,-0.000410003,0.000995812
-16.3451,-0.000565816,-0.000322968
-16.3403,9.64731e-05,0.000588927
-16.3354,-0.0011156,0.000185051
-16.3305,-0.000560407,-0.00048927
-16.3256,-0.000158988,-0.000666154
-16.3207,0.000413227,9.82529e-05
-16.3158,-0.000560003,0.000275793
-16.3109,-0.000331603,-0.000294938
-16.306,-0.000253517,-0.000197216
-16.3011,-7.40244e-05,-0.000284531
-16.2962,0.000157062,-8.99024e-05
-16.2913,5.40614e-05,0.000437541
-16.2864,-0.000405398,0.000410782
-16.2815,-0.000659134,0.000762057
-16.2766,-0.00201648,5.16419e-05
-16.2718,-0.00114071,-0.00158762
-16.2669,-0.000194518,-0.0010448
-16.262,-0.000317308,-0.00116312
-16.2571,0.000439289,-0.00123967
-16.2522,0.000835571,-0.000554852
-16.2473,0.000517075,0.000197396
-16.2424,-0.000275613,-5.64906e-05
-16.2375,0.000234442,-0.000375825
-16.2326,-0.000216876,0.000159
-16.2277,-0.000313788,-0.000732964
-16.2228,0.000318166,-0.000448414
-16.2179,0.000173504,-0.000368036
-16.213,0.000288033,-0.00018156
-16.2082,0.000135063,-0.000291436
-16.2033,0.000533052,-0.000108856
-16.1984,6.25024e-05,0.000526715
-16.1935,-0.000790052,-0.000266366
-16.1886,0.000519703,-0.00105845
-16.1837,0.000806985,0.000504684
-16.1788,-0.000183487,0.000329747
-16.1739,-0.000165955,0.000407972
-16.169,-0.000899355,-6.61663e-05
-16.1641,-0.000384535,-0.000720644
-16.1592,-0.00014022,-0.000727278
-16.1543,0.000333121,-0.000925278
-16.1494,0.000978869,-0.000373998
-16.1445,0.000483883,0.000471236
-16.1397,8.18057e-06,-4.14256e-05
-16.1348,0.000554061,0.000201265
-16.1299,-0.000247813,0.000802996
-16.125,-0.000873927,-0.00031647
-16.1201,0.00042768,-0.000548021
-16.1152,-0.000256115,0.000454718
-16.1103,-0.000213953,-0.000836065
-16.1054,0.000530911,0.000233768
-16.1005,-0.000438801,-0.000175078
-16.0956,0.00035423,-7.28786e-05
-16.0907,-0.000508498,5.74643e-05
-16.0858,-2.36193e-05,-0.000681638
-16.0809,0.000458258,-0.000327804
-16.076,0.000394406,0.000391897
-16.0712,-0.000581263,0.000114373
-16.0663,9.37338e-05,-0.000461817
-16.0614,-0.000207159,0.000170301
-16.0565,-0.000383011,-0.000805302
-16.0516,0.000691867,-0.000559243
-16.0467,0.000299473,0.000113225
-16.0418,0.000166365,-0.000167013
-16.0369,0.000245653,-0.000145002
-16.032,0.000633197,-3.92058e-05
-16.0271,0.000203024,0.000783463
-16.0222,-0.000518737,0.000247851
-16.0173,-0.000496677,-0.000179933
-16.0124,0.000134705,-0.000678152
-16.0075,0.000251863,0.000392243
-16.0027,-0.000585566,-0.000439797
-15.9978,0.000475423,-0.000412749
-15.9929,5.41286e-05,-0.000148489
-15.988,0.000458514,-1.14157e-05
-15.9831,-0.000391039,8.92252e-05
-15.9782,0.000220328,-0.000869705
-15.9733,0.000862645,-4.31192e-06
-15.9684,0.000248401,0.000241477
-15.9635,0.000509109,9.55703e-05
-15.9586,4.35776e-05,0.000763025
-15.9537,-0.000459074,-0.0001161
-15.9488,5.8505e-05,-0.000193143
-15.9439,0.000412578,-0.000505835
-15.9391,0.000827329,0.000739124
-15.9342,-0.000515671,0.000247287
-15.9293,0.000574779,0.000155856
-15.9244,-0.00056314,0.000602778
-15.9195,-7.81302e-05,-0.000507427
-15.9146,0.000459477,-8.14211e-05
-15.9097,0.000704843,0.000485545
-15.9048,-1.50639e-05,0.000908911
-15.8999,-0.000301965,0.000912479
-15.895,-0.00121189,0.000141297
-15.8901,0.000371472,-0.000318278
-15.8852,-0.000703121,0.00115629
-15.8803,-0.00107484,-0.000586754
-15.8754,-0.000298594,-0.000205197
-15.8706,-0.000403449,-0.000657825
-15.8657,0.00028124,-0.000317694
-15.8608,0.000125732,8.51846e-05
-15.8559,-0.000401196,0.000268764
-15.851,-0.000358681,-0.000543358
-15.8461,0.000154645,2.08748e-05
-15.8412,-0.000511553,-0.000214696
-15.8363,0.000173851,-0.000488692
-15.8314,-1.20256e-05,0.000111261
-15.8265,-0.000309563,-0.000374595
-15.8216,0.000227614,-0.000309218
-15.8167,-0.000262969,-0.000206663
-15.8118,0.000493954,-0.000879749
-15.8069,0.000793692,0.00042132
-15.8021,-0.000109726,0.000145225
-15.7972,0.000257903,0.000114215
-15.7923,-4.10866e-05,0.000102758
-15.7874,0.000106436,0.000147035
-15.7825,-0.000117951,-3.85511e-05
-15.7776,0.000178667,7.60032e-05
-15.7727,-7.37309e-05,-0.000172487
-15.7678,0.000662719,0.000131342
-15.7629,-0.000156481,0.000463902
-15.758,0.000351125,-2.57996e-05
-15.7531,0.000272029,0.000609716
-15.7482,0.000273297,0.000863706
-15.7433,-0.000890286,0.00116572
-15.7384,-0.000725619,-1.31301e-05
-15.7336,-0.000634496,0.000492429
-15.7287,-0.000746397,-4.13782e-05
-15.7238,-0.000914608,0.000252947
-15.7189,-0.000941047,-0.000646435
-15.714,-0.000661865,-0.000394631
-15.7091,-0.000360914,-0.001319
-15.7042,0.000722183,-0.00023255
-15.6993,-0.00023148,2.15378e-05
-15.6944,-2.26749e-05,-7.02178e-05
-15.6895,-0.000399111,-0.000142806
-15.6846,-3.1458e-05,-0.000403267
-15.6797,0.000240144,0.000156888
-15.6748,-0.000901472,0.00058106
-15.6699,-0.000994834,-0.00105525
-15.6651,-4.02165e-06,-0.000632796
-15.6602,-0.000134591,-0.000942752
-15.6553,0.000361654,-0.000233708
-15.6504,-0.00028866,-0.000901108
-15.6455,0.000989508,-0.000396359
-15.6406,-0.00014185,-0.000130555
-15.6357,0.000789065,-0.000481909
-15.6308,0.000235588,0.000275012
-15.6259,0.000343501,-2.67183e-05
-15.621,-5.42729e-05,0.000177964
-15.6161,0.000240026,-0.000118703
-15.6112,-3.51933e-05,0.000114084
-15.6063,0.000426389,-8.76089e-05
-15.6015,-6.48029e-05,0.000833965
-15.5966,-0.000937707,-0.000116467
-15.5917,8.55708e-05,-0.000744194
-15.5868,0.000196228,0.000379966
-15.5819,-0.000958938,-0.000435988
-15.577,0.000592253,-0.00125051
-15.5721,0.00106588,0.000257396
-15.5672,-0.000144773,0.000809536
-15.5623,-0.000657412,-0.000649053
-15.5574,0.00119564,-0.000350704
-15.5525,-4.10118e-05,0.00106183
-15.5476,-0.000345237,-1.38161e-05
-15.5427,-0.000453439,0.000303801
-15.5378,-0.000480994,-0.00067422
-15.533,0.000284222,-0.000194648
-15.5281,-0.000328072,-0.000186048
-15.5232,0.000116913,-0.000647536
-15.5183,0.000373431,-0.000398452
-15.5134,0.000873236,-0.000222268
-15.5085,0.00033147,0.00103972
-15.5036,-0.000856667,-0.000271091
-15.4987,0.000780455,-0.00036189
-15.4938,-0.000196799,0.000512312
-15.4889,9.63121e-05,-0.000437582
-15.484,0.000277899,0.000298702
-15.4791,-0.000270799,3.55908e-05
-15.4742,-3.89515e-06,-0.000618313
-15.4693,0.00106118,-0.000178421
-15.4645,0.000406464,0.000742674
-15.4596,0.000217363,0.000531431
-15.4547,-0.000442229,0.000627833
-15.4498,6.45355e-05,-0.000246939
-15.4449,0.000256948,0.000972998
-15.44,-0.0010946,0.000514069
-15.4351,-0.000586265,-0.000561889
-15.4302,5.20969e-05,-0.00020914
-15.4253,-0.000180278,-0.000247888
-15.4204,0.000414444,-4.06131e-05
-15.4155,-0.000437636,0.000213645
-15.4106,0.000425764,-0.000651487
-15.4057,0.000481085,0.000850662
-15.4008,-0.000451871,0.000286156
-15.396,-0.000261134,0.00031878
-15.3911,-0.000530475,-0.000380785
-15.3862,0.000695793,-0.000144493
-15.3813,-5.57048e-05,0.00105124
-15.3764,-0.000865426,0.000217681
-15.3715,-0.000417665,5.78725e-05
-15.3666,-0.000854136,-0.000202838
-15.3617,-4.38602e-05,-0.000623755
-15.3568,-0.000173666,3.96163e-05
-15.3519,-0.000260204,-0.000364845
-15.347,-0.000133989,-0.000368913
-15.3421,0.000483189,-0.000338189
-15.3372,-5.00228e-05,0.000708379
-15.3323,-0.000837295,-0.000224756
-15.3275,-0.000166681,-0.00068185
-15.3226,0.000285906,-0.000367313
-15.3177,-7.0552e-05,-0.000302459
-15.3128,0.000971024,-0.000395933
-15.3079,-5.01337e-05,0.00122894
-15.303,-0.000646878,-0.000627434
-15.2981,0.000409572,0.000264183
-15.2932,-0.000421145,-0.000302319
-15.2883,0.000489641,0.000319452
-15.2834,-0.000875238,2.05342e-05
-15.2785,0.000261999,-0.000554735
-15.2736,1.98917e-05,-7.97631e-05
-15.2687,0.000526788,1.52321e-05
-15.2639,-9.15188e-05,0.000558999
-15.259,-0.000422067,0.000452836
-15.2541,-0.001116,-0.000604965
-15.2492,0.00103199,-0.000869819
-15.2443,-0.000119082,0.00120651
-15.2394,-0.000958938,-0.000653586
-15.2345,0.000263868,-0.000640648
-15.2296,0.000544234,-0.000307867
-15.2247,0.000406418,0.000468377
-15.2198,-9.92755e-05,0.000202837
-15.2149,2.49097e-05,0.000360672
-15.21,-0.000342729,0.000353464
-15.2051,-0.000639929,0.000248825
-15.2002,-0.000750397,-0.000399045
-15.1954,-0.000281253,-0.00057613
-15.1905,4.39528e-05,-0.000496741
-15.1856,-0.000209878,-6.58627e-05
-15.1807,-0.000367402,-0.000998858
-15.1758,0.000844339,-0.000657571
-15.1709,0.000372046,-6.86723e-06
-15.166,0.000488956,8.92646e-06
-15.1611,-0.000245205,0.000312813
-15.1562,-0.000192116,-0.000862125
-15.1513,0.00100821,-0.000499534
-15.1464,0.000642621,0.000495424
-15.1415,-0.000165313,0.000139448
-15.1366,0.000449032,-0.000620981
-15.1317,0.00117728,0.00031032
-15.1269,0.000357613,0.00079627
-15.122,0.000253892,0.000643393
-15.1171,-0.00029747,0.000680457
-15.1122,-0.000159497,5.45601e-06
-15.1073,0.000141287,0.000119982
-15.1024,0.000573363,0.00024028
-15.0975,0.000181117,0.00116292
-15.0926,-0.000430046,0.00070161
-15.0877,-0.000662503,0.000858111
-15.0828,-0.000911037,-0.000207632
-15.0779,-1.42822e-05,0.000423655
-15.073,-0.00147098,0.000125756
-15.0681,-0.000208264,-0.00115999
-15.0632,0.00020812,-6.74665e-05
-15.0584,-7.76294e-05,-0.000338217
-15.0535,0.000402159,-0.000192071
-15.0486,0.000436829,0.000291763
-15.0437,-1.44048e-05,0.000654226
-15.0388,-0.000520575,0.000257621
-15.0339,-2.47205e-05,-0.000206619
-15.029,0.000200615,0.000681071
-15.0241,-0.0011202,0.000460645
-15.0192,-0.000475812,-0.000966678
-15.0143,0.000738384,-0.000231826
-15.0094,0.000313919,0.000732789
-15.0045,-0.000516594,0.000861021
-14.9996,-0.00120558,7.03131e-05
-14.9947,-0.000435395,-0.000863826
-14.9899,0.000203295,-0.000313938
-14.985,0.000310893,-0.000188544
-14.9801,0.000180526,0.000748734
-14.9752,-0.000994658,-0.000115318
-14.9703,0.000572844,-0.0006156
-14.9654,0.000177702,0.000794634
-14.9605,-0.000323604,0.00015211
-14.9556,-8.3164e-05,0.000553942
-14.9507,-0.000898335,0.000303685
-14.9458,-0.000262635,-0.000372735
-14.9409,-0.000263789,0.000648288
-14.936,-0.00140588,-0.000300597
-14.9311,1.64353e-05,-0.000913159
-14.9262,-0.000245437,1.52668e-05
-14.9214,-0.000273602,-0.000698795
-14.9165,0.000288373,-0.00038275
-14.9116,0.000225352,-8.51497e-05
-14.9067,6.90882e-05,-5.62534e-05
-14.9018,0.000325136,2.84723e-05
-14.8969,-4.37098e-06,0.000354904
-14.892,4.11127e-05,0.000246526
-14.8871,-0.000430356,0.000547928
-14.8822,-0.000591182,-9.08926e-05
-14.8773,-0.000400579,-0.000219114
-14.8724,4.94243e-05,-0.000325349
-14.8675,-0.000100222,0.000188997
-14.8626,-7.17256e-05,-2.23009e-05
-14.8578,-0.000588596,0.000412829
-14.8529,-0.000628449,-0.000883195
-14.848,0.000548507,-0.000355801
-14.8431,0.00018412,0.000202629
-14.8382,-0.000215011,0.000343562
-14.8333,-0.00029987,-0.000121351
-14.8284,-0.000432915,1.58601e-05
-14.8235,0.000119669,-0.000942544
-14.8186,0.000722277,0.00068565
-14.8137,-0.000511678,-9.31217e-05
-14.8088,0.000649888,0.000672883
-14.8039,-0.00129268,0.00035535
-14.799,0.00044852,-0.000299612
-14.7941,-0.000920139,0.000840891
-14.7893,-0.000378519,-0.000611489
-14.7844,-0.000572905,0.000344229
-14.7795,-0.000456518,-0.000726861
-14.7746,-0.00025522,4.34799e-05
-14.7697,-0.000429401,-0.000806249
-14.7648,0.000382335,-0.000414015
-14.7599,0.000404718,-7.76793e-06
-14.755,-0.00013162,0.000546905
-14.7501,-0.00044222,-9.51749e-05
-14.7452,-0.000419269,-8.63785e-05
-14.7403,0.00011595,-0.000667625
-14.7354,0.00024846,0.000659104
-14.7305,-0.00087219,-0.000189403
-14.7256,9.06477e-05,-0.000224589
-14.7208,-0.000595053,-0.000202288
-14.7159,0.000190689,-0.000714968
-14.711,0.000259978,-6.36329e-05
-14.7061,0.000247467,-0.000161554
-14.7012,0.000408073,0.000166725
-14.6963,0.000280765,0.000557975
-14.6914,-0.000413153,0.000910586
-14.6865,-0.00113961,5.47664e-05
-14.6816,-0.000385811,-0.000689746
-14.6767,0.000139128,-0.000363022
-14.6718,0.000407423,9.16009e-05
-14.6669,-0.000230123,0.000711819
-14.662,-0.00075164,-3.34698e-05
-14.6571,-0.000116694,-0.000233783
-14.6523,-0.00028515,0.000356251
-14.6474,-0.000915908,-0.000328284
-14.6425,0.000194086,-0.000634519
-14.6376,-0.000123187,0.000145611
-14.6327,0.000119925,-0.000179696
-14.6278,-0.000465428,0.000551044
-14.6229,-0.00039157,-0.000642183
-14.618,3.58234e-05,0.000456518
-14.6131,-0.000858639,-0.000325522
-14.6082,-0.00012503,-0.000178064
-14.6033,-0.000554881,-0.000628093
-14.5984,0.000486296,-0.000286349
-14.5935,-0.000361136,8.24359e-05
-14.5886,9.37901e-06,-0.000278302
-14.5838,-0.000257511,-0.000111448
-14.5789,0.000193439,-0.000278878
-14.574,-0.000140491,0.000332778
-14.5691,-0.00053589,-0.000247964
-14.5642,2.44403e-05,-0.00056128
-14.5593,0.000473446,-7.34472e-05
-14.5544,0.000146535,0.000584305
-14.5495,-0.00070758,0.000412308
-14.5446,-0.000429906,-0.000350606
-14.5397,-0.00025848,3.16248e-05
-14.5348,-0.000155172,-0.000352108
-14.5299,-2.18028e-05,0.000599585
-14.525,-0.00121569,4.76598e-05
-14.5202,-0.00074594,-0.000639587
-14.5153,-0.000292251,-0.00106594
-14.5104,0.000401486,-0.000142203
-14.5055,-0.000678704,-0.000470468
-14.5006,0.0005982,-0.00065805
-14.4957,-0.000169888,0.000124735
-14.4908,0.000258413,-0.000391929
-14.4859,-0.000195695,0.000312027
-14.481,-0.000115057,-0.000274898
-14.4761,-0.000571328,0.000316149
-14.4712,-0.000687941,-0.00109728
-14.4663,0.000522048,-0.00040898
-14.4614,-0.00048981,-0.000278583
-14.4565,0.000345708,-0.00104123
-14.4517,0.000553917,4.88225e-06
-14.4468,3.60583e-05,-0.000390815
-14.4419,0.000725857,-0.000164857
-14.437,0.000228554,0.000230607
-14.4321,0.000446267,0.000198
-14.4272,-0.000236647,0.000702852
-14.4223,-0.000435415,-0.000204345
-14.4174,-2.40106e-05,0.000116269
-14.4125,-0.000557017,-0.000275164
-14.4076,0.000357496,-0.000584115
-14.4027,0.00031067,0.000250239
-14.3978,2.08707e-05,0.000135529
-14.3929,-0.000196648,0.000313741
-14.388,-0.000301103,-0.000268987
-14.3832,0.000233575,9.75554e-05
-14.3783,-0.000444598,0.000214777
-14.3734,-0.00020239,-0.000408193
-14.3685,0.000312622,-2.22288e-05
-14.3636,-0.000243323,0.00052349
-14.3587,-0.000713539,-0.000300264
-14.3538,0.000173566,-0.000416753
-14.3489,-8.83053e-05,0.000181012
-14.344,-0.000333226,-0.00019159
-14.3391,-8.62678e-05,-0.000318226
-14.3342,0.000127997,-0.000252988
-14.3293,0.000146174,7.75525e-05
-14.3244,-0.000116077,-6.5698e-05
-14.3195,0.000311036,0.00019238
-14.3147,-0.000804347,0.000453199
-14.3098,-0.000178448,-0.000994027
-14.3049,0.000361186,0.000369262
-14.3,-0.000452016,-0.000485135
-14.2951,0.00063859,0.000121952
-14.2902,-0.000467284,-3.15019e-05
-14.2853,0.00079611,-7.62905e-06
-14.2804,-0.000442603,0.000853695
-14.2755,-8.79697e-05,2.8267e-05
-14.2706,-0.000852061,0.00080172
-14.2657,-0.000981875,-0.0008698
-14.2608,0.000139281,-0.000450639
-14.2559,5.38257e-05,-0.000391625
-14.251,0.00048566,0.000288126
-14.2462,-0.000581681,0.000614357
-14.2413,-0.000764577,-0.000280265
-14.2364,-0.000214066,-0.000515196
-14.2315,4.08753e-05,-0.000113087
-14.2266,-0.000391594,-0.000111162
-14.2217,1.08428e-05,-0.00045408
-14.2168,1.76955e-05,7.21578e-05
-14.2119,-0.000102697,-0.000166172
-14.207,-0.000101791,0.000316263
-14.2021,-0.000813936,-0.000195688
-14.1972,-0.000140728,-0.000673369
-14.1923,3.40281e-05,-0.000357898
-14.1874,8.98046e-05,-0.00036425
-14.1825,0.000368745,-0.00030504
-14.1777,0.00042636,0.000363372
-14.1728,-0.00033228,0.000303458
-14.1679,-5.56595e-05,3.11143e-05
-14.163,-0.000544728,0.000199998
-14.1581,-0.000110501,-0.000798938
-14.1532,0.000906894,0.000455462
-14.1483,-0.000831783,0.00112209
-14.1434,-0.00108591,-0.000379354
-14.1385,-0.000287593,-0.000375978
-14.1336,-0.00055978,-7.21095e-05
-14.1287,-0.000723764,-0.000918753
-14.1238,0.000643654,-0.00072048
-14.1189,-0.000229915,0.000206687
-14.1141,0.000240297,-0.000666073
-14.1092,-0.000105549,0.000682726
-14.1043,-0.000743471,-0.000873038
-14.0994,0.000537679,-0.00023099
-14.0945,-0.000310569,-0.000218668
-14.0896,0.000321156,-0.000365477
-14.0847,0.000186431,5.32269e-05
-14.0798,-0.000179612,0.00012602
-14.0749,-3.04545e-05,-0.00038795
-14.07,5.68683e-06,4.77919e-05
-14.0651,0.000410671,-0.000490241
-14.0602,0.000132448,0.00117033
-14.0553,-0.00104989,-0.000804366
-14.0504,0.00110038,7.00306e-05
-14.0456,-0.000540208,0.000446488
-14.0407,0.000213549,0.000471823
-14.0358,-0.00130336,0.000194192
-14.0309,0.000146204,-0.000390496
-14.026,-0.00103462,0.000269557
-14.0211,-0.000205411,-0.000931154
-14.0162,-0.000238916,-0.000170812
-14.0113,0.000118243,-0.000581069
-14.0064,5.5507e-05,-3.91417e-05
-14.0015,0.000190186,9.20711e-05
-13.9966,-0.000688297,0.000226207
-13.9917,-0.000176192,-0.000593641
-13.9868,-4.038e-05,-3.32665e-05
-13.9819,-0.000291413,0.000135425
-13.9771,-0.000996024,-0.00075068
-13.9722,0.00107564,-0.00105535
-13.9673,0.000209567,0.000982611
-13.9624,-0.000441352,-0.00016551
-13.9575,-0.000100002,0.000195415
-13.9526,-0.000369555,0.000218985
-13.9477,-0.00104732,0.000133172
-13.9428,-0.000796691,-0.000808332
-13.9379,-0.000587278,-0.000871139
-13.933,0.000320486,-0.00118746
-13.9281,0.000212477,-0.000136458
-13.9232,5.47054e-05,-0.000668689
-13.9183,0.000248244,-0.000178335
-13.9134,8.71578e-05,-0.000407638
-13.9086,0.000239706,-0.000123037
-13.9037,2.38032e-05,5.34784e-05
-13.8988,-0.000651992,-0.000217042
-13.8939,9.46104e-05,-0.00108149
-13.889,0.000380054,-0.000337141
-13.8841,0.000460769,-0.000533278
-13.8792,0.000389667,3.79583e-05
-13.8743,0.000367101,-0.000316978
-13.8694,0.000385176,0.000147821
-13.8645,0.000477767,-7.62768e-06
-13.8596,-8.19988e-05,0.000693066
-13.8547,-0.000117619,-0.000475795
-13.8498,0.000232661,0.000675419
-13.845,-0.000839318,-0.000557456
-13.8401,0.000807567,-0.000296243
-13.8352,-0.000208925,0.000130649
-13.8303,0.000654899,-0.00012781
-13.8254,-0.000192339,0.000749665
-13.8205,-0.000270235,-8.35176e-05
-13.8156,-0.000469485,0.000149999
-13.8107,-0.000101813,-0.000842695
-13.8058,0.000634152,0.000308136
-13.8009,-0.000605065,0.000104571
-13.796,0.000238811,-0.000435704
-13.7911,1.8931e-05,0.000184002
-13.7862,8.04106e-05,-0.000111306
-13.7813,-0.000147302,0.000187856
-13.7765,4.59775e-05,-0.000336398
-13.7716,0.000119723,0.000360112
-13.7667,-0.000330049,-0.000311112
-13.7618,0.000603601,-4.70227e-05
-13.7569,0.000130754,0.000630407
-13.752,-0.000436696,0.000748383
-13.7471,-0.00110054,-0.000159242
-13.7422,3.12528e-05,-0.000478581
-13.7373,-0.000540842,0.000150657
-13.7324,-0.000279994,-0.000744083
-13.7275,-3.88926e-05,-0.000163458
-13.7226,-8.75668e-05,-0.000735139
-13.7177,0.000549851,-0.000208106
-13.7128,0.000159731,-9.79538e-05
-13.708,0.000361093,1.69876e-05
-13.7031,0.000217309,2.54971e-05
-13.6982,0.00048964,0.000411199
-13.6933,-0.00033493,0.000684793
-13.6884,-0.000293362,-0.000149405
-13.6835,0.000287511,0.000530938
-13.6786,-0.00116325,0.000576988
-13.6737,-0.000284986,-0.00105003
-13.6688,0.000423562,0.000550417
-13.6639,-0.000815795,4.97751e-05
-13.659,-0.000190242,1.26259e-05
-13.6541,-0.000932873,-0.000334904
-13.6492,9.35381e-05,-0.000956402
-13.6443,0.0005137,-0.000242349
-13.6395,0.0002948,0.00036131
-13.6346,-0.000219486,0.000195839
-13.6297,-0.000204334,0.000317943
-13.6248,-0.000632556,-0.000195242
-13.6199,-1.12133e-05,-0.00021291
-13.615,-0.000134763,-0.000179657
-13.6101,3.34548e-05,0.000279716
-13.6052,-0.000484496,-0.000164828
-13.6003,-1.31564e-05,0.000496613
-13.5954,-0.00148574,-0.00033121
-13.5905,9.70333e-05,-0.000757844
-13.5856,-0.000974099,-0.000672554
-13.5807,0.000967134,-0.00148228
-13.5758,0.000462098,0.000129699
-13.571,0.00101275,-0.000327382
-13.5661,0.000156432,0.00112512
-13.5612,-0.000261893,0.000106819
-13.5563,-0.000612453,0.000188958
-13.5514,0.000364798,-0.00062503
-13.5465,-0.000225079,0.000769598
-13.5416,-1.68162e-05,-0.000779872
-13.5367,0.000405149,0.000955716
-13.5318,-0.000621757,3.33124e-05
-13.5269,-0.000368522,0.000642743
-13.522,-0.00105523,-0.000713248
-13.5171,0.000414768,-0.000225508
-13.5122,-0.000322686,-1.76957e-06
-13.5073,-4.35077e-06,0.000271996
-13.5025,-0.000888122,-8.28889e-07
-13.4976,-0.000403408,-0.000443446
-13.4927,-0.00035436,-0.000692621
-13.4878,0.000407872,-0.000380984
-13.4829,-9.22559e-05,1.8889e-05
-13.478,-8.55717e-05,-0.000216138
-13.4731,0.000113024,-0.000334198
-13.4682,0.000216858,0.000286349
-13.4633,-0.000402396,-0.000216704
-13.4584,0.000483265,-3.18581e-05
-13.4535,-0.000200262,0.000250358
-13.4486,0.000436334,0.000369213
-13.4437,-0.00100302,0.00108065
-13.4389,-0.000990787,-0.000655445
-13.434,-0.000130328,-0.000147406
-13.4291,-0.000489654,-5.19876e-05
-13.4242,-0.000712511,-0.000224591
-13.4193,-0.000315287,-0.000844507
-13.4144,0.000179616,-0.000249648
-13.4095,-6.19072e-05,-0.000154049
-13.4046,-0.000149332,0.000204975
-13.3997,-0.000687233,-0.000143713
-13.3948,-0.000455198,-0.00044032
-13.3899,-0.000259554,-0.000662196
-13.385,1.57774e-05,-0.000350915
-13.3801,-7.75927e-05,-0.000545157
-13.3752,0.000231936,-2.54988e-06
-13.3704,-0.000564336,-0.000440128
-13.3655,0.000697326,-0.000616395
-13.3606,0.000109868,0.000617899
-13.3557,-0.000565018,1.72696e-05
-13.3508,-0.000336884,-0.000443884
-13.3459,0.000133202,4.9785e-06
-13.341,-0.000969232,-8.74206e-05
-13.3361,2.40334e-05,-0.0011018
-13.3312,-1.38016e-05,-0.000131086
-13.3263,0.000252988,-0.000873648
-13.3214,0.000418261,0.000404722
-13.3165,-0.000398145,-0.000405013
-13.3116,0.000389831,3.11769e-05
-13.3067,-0.000560735,-9.55857e-05
-13.3019,9.52215e-05,-0.00058756
-13.297,0.000188556,-0.000297078
-13.2921,0.000385311,-7.16969e-05
-13.2872,0.000171952,0.000123362
-13.2823,2.91493e-05,0.000470669
-13.2774,-0.000683245,-5.01104e-05
-13.2725,0.000121343,-0.000246263
-13.2676,-0.000392495,2.31746e-06
-13.2627,0.000328289,-0.000243875
-13.2578,-0.000441078,0.00066172
-13.2529,-0.000585165,-0.000399452
-13.248,-0.000460235,-9.2909e-05
-13.2431,-8.67591e-05,-0.000782859
-13.2382,7.79078e-05,0.000472091
-13.2334,-0.000945961,-0.000447967
-13.2285,4.9179e-05,-0.000397043
-13.2236,-0.000583157,-0.000304763
-13.2187,-0.000207,-0.000686294
-13.2138,-1.34374e-05,-0.000770511
-13.2089,0.00052104,-0.000309894
-13.204,-8.23059e-06,0.000150814
-13.1991,-0.000527701,-1.06186e-06
-13.1942,-0.0004629,-0.000964857
-13.1893,0.000445816,-0.000405138
-13.1844,-0.000353469,-0.000421614
-13.1795,0.000362407,-0.000737675
-13.1746,0.000302359,-0.000360416
-13.1697,0.000419209,-6.94056e-05
-13.1649,-0.00013599,-0.000303652
-13.16,0.000615493,-0.000228832
-13.1551,-0.000233265,0.000105497
-13.1502,0.000262744,-0.000622856
-13.1453,0.000501301,-9.69821e-05
-13.1404,0.000424357,0.000358947
-13.1355,-0.000496157,-6.26442e-05
-13.1306,0.000886174,-0.000435578
-13.1257,1.39499e-05,0.00104064
-13.1208,-0.000415251,-0.000167527
-13.1159,-9.9446e-05,0.000175289
-13.111,-0.000161991,-0.000221341
-13.1061,-1.25149e-05,0.000111492
-13.1013,-1.12223e-05,-7.17851e-05
-13.0964,-0.000110964,0.000402887
-13.0915,-0.000430817,8.76414e-05
-13.0866,-0.000609022,0.000148996
-13.0817,-0.000561106,-0.000535793
-13.0768,-0.000238613,-0.000157827
-13.0719,-0.00042028,-0.000629574
-13.067,0.000200394,-0.000131525
-13.0621,-0.000700896,-0.000121274
-13.0572,-0.000191827,-0.000763083
-13.0523,-6.23726e-05,-0.000335465
-13.0474,-0.000181414,-0.00035448
-13.0425,-0.000523895,-0.000481938
-13.0376,-7.98925e-05,-0.00127645
-13.0328,0.000765207,-0.000641192
-13.0279,0.000294693,-0.000142751
-13.023,0.000129642,-0.00033797
-13.0181,0.000194588,-0.000329178
-13.0132,-7.27474e-05,-0.000507711
-13.0083,0.00080848,-0.00103238
-13.0034,0.00100867,0.000537403
-12.9985,-0.00025296,-0.000228019
-12.9936,0.0012053,-0.000191605
-12.9887,0.000171537,0.0010387
-12.9838,-0.000506613,0.00013602
-12.9789,-0.000123799,-0.000447437
-12.974,0.000520188,-5.32551e-05
-12.9691,-5.96259e-05,0.000203568
-12.9643,0.000159537,-9.51019e-05
-12.9594,0.000218824,0.000121956
-12.9545,-3.93804e-05,0.000673973
-12.9496,-0.00112326,-0.00037415
-12.9447,0.000750922,-0.00098433
-12.9398,0.000442055,0.000548955
-12.9349,1.66854e-05,0.000194456
-12.93,-0.000221083,0.000222773
-12.9251,2.17386e-05,6.52584e-05
-12.9202,-0.000469397,0.000138041
-12.9153,0.000104314,-0.000194461
-12.9104,-0.000522701,0.000242874
-12.9055,7.58528e-05,-0.000504012
-12.9006,-0.00034607,0.000497874
-12.8958,-0.000450669,-0.000746642
-12.8909,0.000249687,6.73578e-05
-12.886,-0.000488006,2.55331e-05
-12.8811,-0.000710643,-0.000385483
-12.8762,-3.67955e-05,-0.0011875
-12.8713,0.000538141,-0.000244525
-12.8664,4.74441e-05,-0.000343759
-12.8615,0.000318869,-0.000202142
-12.8566,0.000136776,-0.00015523
-12.8517,6.69378e-05,-0.000106858
-12.8468,0.000131155,-0.000370332
-12.8419,0.000320187,-8.44426e-05
-12.837,0.000153028,-0.000167738
-12.8321,0.000488576,-8.97025e-05
-12.8273,0.000331184,0.000587471
-12.8224,-0.000638128,0.000319208
-12.8175,-0.00024116,-0.000347947
-12.8126,-0.000361723,-0.000266199
-12.8077,0.000114367,-0.000705921
-12.8028,0.000132334,-0.000424805
-12.7979,0.000853881,-0.00060018
-12.793,0.000490383,0.000529537
-12.7881,0.000238914,-0.000179423
-12.7832,0.000435289,0.000426432
-12.7783,0.000238463,0.000163726
-12.7734,-6.46604e-06,0.000815775
-12.7685,-0.000508833,-0.000155836
-12.7636,0.000274158,0.000253307
-12.7588,-0.000614077,0.000275521
-12.7539,-0.000290646,-0.000498455
-12.749,0.00031121,-0.000169061
-12.7441,-0.000193646,9.40781e-06
-12.7392,0.000595853,-0.000394525
-12.7343,0.000141556,0.000999473
-12.7294,-0.000537174,-8.16836e-05
-12.7245,-0.000246515,0.00036975
-12.7196,-0.000588997,-0.000705942
-12.7147,0.00054825,4.16882e-05
-12.7098,-0.000481232,-5.81448e-05
-12.7049,0.000305863,-0.000154605
-12.7,-0.000222372,6.02213e-05
-12.6952,1.3733e-05,7.30273e-05
-12.6903,-0.000641185,-0.000392498
-12.6854,0.000760993,-0.000732418
-12.6805,0.000361493,0.000588775
-12.6756,-9.70864e-05,-7.25838e-06
-12.6707,0.000256467,0.000144472
-12.6658,4.23033e-05,0.000470863
-12.6609,-0.000526855,0.000304302
-12.656,-0.00025051,-0.000382351
-12.6511,0.000296052,4.34841e-05
-12.6462,-0.000132632,0.000323404
-12.6413,-0.000152696,0.000144282
-12.6364,-0.000360509,0.000180528
-12.6315,-0.000131627,-0.000139028
-12.6267,-0.000191482,0.000359091
-12.6218,-0.000548343,-9.0131e-05
-12.6169,-0.000280011,-0.000134217
-12.612,-0.000100402,-0.0003077
-12.6071,-3.62468e-05,0.000379841
-12.6022,-0.00085292,-0.000210596
-12.5973,9.24128e-05,-0.000597366
-12.5924,0.000202333,8.98825e-05
-12.5875,-0.000241967,0.000451417
-12.5826,-0.000772188,-0.000146574
-12.5777,-0.000103046,-0.000218303
-12.5728,-0.000675083,5.99147e-05
-12.5679,-0.000490306,-0.000616686
-12.563,-0.000255431,-0.000287999
-12.5582,-0.000634464,-0.000568095
-12.5533,-3.79616e-05,-0.00108237
-12.5484,0.000347617,-0.000490814
-12.5435,0.00022535,-0.000590228
-12.5386,0.000500399,-3.93712e-05
-12.5337,-0.000201776,-0.000320133
-12.5288,0.000701266,-0.000408839
-12.5239,0.000183498,0.000380999
-12.519,-4.87286e-05,3.26775e-05
-12.5141,-0.000328723,2.49955e-07
-12.5092,-0.00016574,-0.000565491
-12.5043,0.000292645,-0.000591029
-12.4994,0.000853567,-0.00010273
-12.4945,0.00015948,0.000739038
-12.4897,-0.000616482,9.86494e-05
-12.4848,-0.0002351,-0.000811659
-12.4799,0.00109024,-0.000348992
-12.475,0.000223695,0.00101446
-12.4701,-0.000529876,0.000180453
-12.4652,-0.000500581,6.14957e-06
-12.4603,-0.000235576,-0.000833919
-12.4554,0.000711106,-0.000105595
-12.4505,-0.000159357,0.000225024
-12.4456,0.000227186,-0.000277522
-12.4407,0.000106725,0.000485542
-12.4358,-0.000547497,-0.000257674
-12.4309,0.000482695,-0.000339898
-12.426,-7.88232e-05,0.000218449
-12.4212,0.000441179,-0.00040915
-12.4163,0.000474245,0.000801644
-12.4114,-0.000267175,0.000419162
-12.4065,-0.000398207,0.00077317
-12.4016,-0.00124849,-0.000367494
-12.3967,0.000267771,-0.000734642
-12.3918,-7.15817e-05,0.000106196
-12.3869,0.000118385,-0.000421364
-12.382,0.000387609,0.000246547
-12.3771,7.46321e-05,0.00029812
-12.3722,-4.47204e-05,0.000762245
-12.3673,-0.00096004,0.00042687
-12.3624,-0.000603097,-9.54226e-05
-12.3576,-0.00100053,-0.000137934
-12.3527,-0.000424885,-0.00102479
-12.3478,0.000111491,-0.000421797
-12.3429,6.52657e-05,-0.000369177
-12.338,-4.21661e-05,-8.42998e-05
-12.3331,9.09613e-05,-0.000306205
-12.3282,-0.000209492,0.000236969
-12.3233,-0.000208253,-0.000651249
-12.3184,0.000236055,0.000319634
-12.3135,-0.000757323,-0.000365737
-12.3086,0.000202579,-0.000333151
-12.3037,-0.000611411,-0.000405567
-12.2988,0.000602257,-0.00109822
-12.2939,0.000938034,0.000476434
-12.2891,-0.000592385,0.000641319
-12.2842,-0.000303833,-0.000649607
-12.2793,-4.67613e-05,0.000253467
-12.2744,-0.000568979,-0.00108566
-12.2695,0.00126434,-3.6725e-05
-12.2646,-0.000856883,0.000404366
-12.2597,0.000355711,-0.00101169
-12.2548,0.000321141,0.000278521
-12.2499,5.43562e-05,-0.000330468
-12.245,0.000508873,-8.01828e-05
-12.2401,0.000420412,0.000513101
-12.2352,-0.000426881,0.000371865
-12.2303,-7.50369e-05,-0.000116597
-12.2254,-1.46043e-05,-9.94206e-05
-12.2206,0.000455999,0.000457511
-12.2157,-0.000916059,0.000585244
-12.2108,-0.000200574,-0.000506133
-12.2059,-0.000235242,0.000364536
-12.201,-0.000635555,-7.09163e-05
-12.1961,-0.000782538,-0.000470225
-12.1912,6.01647e-05,-0.000896244
-12.1863,4.35112e-05,-0.000270267
-12.1814,0.000273005,-0.000435447
-12.1765,-5.42845e-05,-1.27014e-05
-12.1716,0.000298931,-0.000491542
-12.1667,0.000175311,0.000451983
-12.1618,-0.000690278,-0.00018214
-12.1569,-3.20205e-05,-0.0011173
-12.1521,0.00128549,-0.000294605
-12.1472,0.000179614,0.000720344
-12.1423,0.000209858,0.000182129
-12.1374,-0.000512433,0.000586478
-12.1325,-0.00022292,-0.000439083
-12.1276,-0.000302279,3.13932e-05
-12.1227,0.00040243,-0.000733276
-12.1178,0.000190964,0.00092248
-12.1129,-0.000723288,-0.000522846
-12.108,0.00050782,-7.18387e-05
-12.1031,-0.000197947,0.000176127
-12.0982,-0.00028245,-2.54063e-05
-12.0933,8.66282e-06,-0.000542821
-12.0885,0.0003126,0.000206112
-12.0836,-9.88048e-05,-0.000161675
-12.0787,0.000233585,0.000300584
-12.0738,-0.000374661,-1.84872e-05
-12.0689,9.75028e-05,-5.9384e-05
-12.064,1.02931e-05,-5.81548e-06
-12.0591,2.04021e-05,0.000366812
-12.0542,-0.000446988,1.06717e-05
-12.0493,-8.64077e-05,-7.33529e-05
-12.0444,6.30225e-05,-1.23475e-05
-12.0395,-0.000271108,0.0007578
-12.0346,-0.00115494,-0.00030745
-12.0297,-9.26546e-05,-0.000402139
-12.0248,-0.000741589,-0.000354019
-12.0199,6.83639e-05,-0.00099672
-12.0151,0.000441044,-0.000226816
-12.0102,-5.8209e-05,0.000161991
-12.0053,-0.000468201,-0.000490124
-12.0004,0.000281958,-0.000612566
-11.9955,0.00016689,-0.000391848
-11.9906,0.00062975,-0.00035841
-11.9857,0.000379039,0.000157057
-11.9808,0.000320661,-2.28243e-05
-11.9759,0.000386557,0.000123582
-11.971,0.000569117,0.000431615
-11.9661,-0.000237853,0.00098167
-11.9612,-0.000610142,-0.000114809
-11.9563,0.00022285,0.000184238
-11.9515,-0.000475928,0.000254042
-11.9466,0.00016403,0.000138252
-11.9417,-0.000910622,0.000704386
-11.9368,-0.000628836,-0.000844044
-11.9319,6.26957e-05,-1.96035e-05
-11.927,-0.000146926,-0.000392205
-11.9221,8.47135e-05,0.000428102
-11.9172,-0.000703809,-0.000337731
-11.9123,0.000326115,9.03699e-05
-11.9074,-0.00112993,0.000199334
-11.9025,-0.000387,-0.00121428
-11.8976,0.000491361,-0.000708644
-11.8927,0.000867609,-9.20343e-05
-11.8878,0.000337652,0.000974527
-11.883,-0.00108994,0.00061124
-11.8781,-0.000710176,-0.000867423
-11.8732,0.000187439,-0.000215344
-11.8683,-0.000403585,-0.000381139
-11.8634,0.000314488,-0.000298236
-11.8585,-0.000374591,-7.61381e-05
-11.8536,0.000125818,-0.000731414
-11.8487,0.000594846,-0.00020821
-11.8438,0.000364197,0.000513706
-11.8389,-0.000582194,2.36939e-05
-11.834,0.00047336,-0.000413997
-11.8291,0.000123161,0.000582023
-11.8242,-0.000230254,0.000159526
-11.8193,-0.000313739,3.96715e-05
-11.8145,0.000292926,-6.26735e-05
-11.8096,-0.000264533,0.000940103
-11.8047,-0.00100801,5.3151e-05
-11.7998,-0.000626576,-0.000232555
-11.7949,-0.000466159,-0.000338498
-11.79,-0.000714974,-0.000206172
-11.7851,-0.000519606,-0.00114095
-11.7802,0.000391282,-0.000528395
-11.7753,-0.000294461,-0.000428064
-11.7704,0.000360701,-0.000865489
-11.7655,0.000521189,-8.62358e-05
-11.7606,5.93267e-05,-0.00014652
-11.7557,0.000274163,-0.000331243
-11.7508,0.0005402,-0.000196425
-11.746,0.000703735,0.000532793
-11.7411,-0.000506453,0.000798809
-11.7362,-0.000478606,-0.000370831
-11.7313,9.49338e-05,-0.000138908
-11.7264,0.000211824,-2.05872e-05
-11.7215,-0.000130391,0.000560995
-11.7166,-0.000484299,-0.000235382
-11.7117,0.000193215,0.000269553
-11.7068,-0.000912081,0.000322777
-11.7019,-0.000646566,-0.000665179
-11.697,-7.5373e-05,-0.000689569
-11.6921,0.000340192,-0.000435607
-11.6872,0.000423591,0.000165385
-11.6824,-0.000449749,0.000559567
-11.6775,-0.000592039,-0.000643963
-11.6726,0.000258558,0.000120148
-11.6677,-0.00115389,-0.000348038
-11.6628,0.000595106,-0.00134526
-11.6579,0.000597913,0.000515191
-11.653,-0.000442398,1.34374e-05
-11.6481,-6.83345e-05,-0.000389094
-11.6432,0.000277319,-4.37701e-05
-11.6383,-0.000419488,0.000343595
-11.6334,-0.000740214,-0.000607356
-11.6285,0.000135122,-0.00105266
-11.6236,0.000763929,-0.000218429
-11.6187,-0.000160785,2.81594e-05
-11.6139,0.000465674,-0.000622068
-11.609,0.000328826,0.000333865
-11.6041,0.000106456,-0.00038811
-11.5992,0.000609497,0.00026428
-11.5943,7.04168e-05,0.000164279
-11.5894,0.000372524,0.000509628
-11.5845,-0.000505072,0.000579153
-11.5796,-0.000441327,-2.46446e-05
-11.5747,-0.000370352,-4.30881e-05
-11.5698,-0.000449915,-0.000246096
-11.5649,-0.00017018,-0.000699198
-11.56,0.00045963,-0.000410992
-11.5551,0.0003933,-0.000157449
-11.5502,0.000768992,0.000277169
-11.5454,-6.84484e-05,0.000898019
-11.5405,-0.000234901,0.000181657
-11.5356,-0.000162907,0.000875862
-11.5307,-0.0014387,0.000161822
-11.5258,-0.000225826,-0.000885316
-11.5209,-5.99147e-05,0.000272706
-11.516,-0.000613092,-0.000278817
-11.5111,-0.000226873,-2.27534e-05
-11.5062,-0.000959614,-0.00057115
-11.5013,0.000482187,-0.00112168
-11.4964,0.000380943,0.000475231
-11.4915,-0.000611579,-0.000158963
-11.4866,-6.61949e-05,-0.000321709
-11.4817,-0.000360708,-0.000433012
-11.4769,0.000372928,-0.000604154
-11.472,0.000170076,0.000178928
-11.4671,-0.00023478,-0.000140259
-11.4622,-0.000122077,-0.000383022
-11.4573,0.00046957,-0.000321469
-11.4524,-2.88282e-05,0.000708808
-11.4475,-0.00108974,-0.000359657
-11.4426,0.000111584,-0.00112612
-11.4377,0.000605573,-0.00021703
-11.4328,-3.76951e-05,-1.01696e-05
-11.4279,0.000258324,-0.000485062
-11.423,0.000297117,0.00018949
-11.4181,1.72599e-05,-0.00041904
-11.4132,0.000776094,0.0003345
-11.4084,-0.000551114,0.000415413
-11.4035,0.00011149,-0.000300263
-11.3986,-0.00031086,0.000231946
-11.3937,-3.32302e-05,-0.000697119
-11.3888,0.000639942,2.90563e-05
-11.3839,0.000265964,0.000512943
-11.379,-0.0004825,0.000726651
-11.3741,-0.00103343,-0.000215745
-11.3692,-0.000329042,-0.00108674
-11.3643,0.000991627,-0.000573595
-11.3594,0.000206547,0.00073194
-11.3545,-0.000159854,-0.000241782
-11.3496,0.000171259,0.000532746
-11.3448,-0.000743991,-0.000274361
-11.3399,0.000590631,-0.000245539
-11.335,-0.000346229,0.000621761
-11.3301,-0.000478886,-0.000382342
-11.3252,9.35245e-05,-0.00020456
-11.3203,-6.33809e-05,9.73089e-05
-11.3154,-0.000374403,1.57158e-05
-11.3105,-0.000510778,-0.000458398
-11.3056,0.000312273,-0.000923732
-11.3007,0.000725967,0.000213759
-11.2958,-7.24906e-05,7.2703e-06
-11.2909,0.000624752,0.000264891
-11.286,-0.000343874,0.000636367
-11.2811,-1.18766e-05,0.000251022
-11.2763,-0.000854455,0.000665401
-11.2714,-0.000643924,-0.00050691
-11.2665,-0.000377106,0.000148927
-11.2616,-0.000828149,-0.000471753
-11.2567,-0.000293737,-0.000576627
-11.2518,-0.000234368,-0.000510566
-11.2469,-0.000416937,-0.000568708
-11.242,0.000198247,-0.00123372
-11.2371,0.000804023,-0.000158355
-11.2322,0.000120323,-0.000164786
-11.2273,0.000352341,0.000106448
-11.2224,-0.000334237,-0.0001951
-11.2175,0.000436124,-0.000339295
-11.2126,-8.80968e-05,7.29508e-05
-11.2078,0.000195255,-0.000348988
-11.2029,-1.81908e-05,-8.24863e-05
-11.198,0.000530537,-0.00052781
-11.1931,0.000486566,0.000622823
-11.1882,-0.000314759,9.94421e-07
-11.1833,0.000337517,7.28032e-05
-11.1784,-0.000233596,0.000333785
-11.1735,-0.00019726,-0.000114974
-11.1686,-3.77339e-05,-2.33635e-05
-11.1637,-0.000207662,3.79043e-05
-11.1588,-0.000207558,-0.000362341
-11.1539,0.000308614,-4.57689e-05
-11.149,-0.000509588,0.000133294
-11.1441,8.18089e-05,-0.000918312
-11.1393,0.000708288,0.00040964
-11.1344,-0.000739491,0.000141959
-11.1295,0.000114583,-0.000664955
-11.1246,5.59972e-05,-0.000118634
-11.1197,0.000319489,-0.00060021
-11.1148,0.000798749,2.01209e-05
-11.1099,0.000493326,0.000645523
-11.105,-0.000518284,0.000543559
-11.1001,-6.60927e-05,-0.000422616
-11.0952,0.000134257,0.000208778
-11.0903,0.0001663,-0.000259073
-11.0854,0.000451381,0.000578529
-11.0805,-0.00025457,0.000445451
-11.0756,-0.000537119,0.000426063
-11.0708,-0.000416119,-0.000785201
-11.0659,0.000884811,0.00032204
-11.061,-0.00070283,0.000640779
-11.0561,-0.000262337,-0.000234889
-11.0512,-0.000292805,-4.62829e-05
-11.0463,-3.12323e-05,-0.000230481
-11.0414,1.76822e-06,-0.000214575
-11.0365,0.000528346,1.655e-05
-11.0316,0.00016459,0.000643446
-11.0267,-0.000285502,0.000732092
-11.0218,-0.000819843,0.000337615
-11.0169,-0.000706933,0.000119354
-11.012,-0.00109145,-0.000579969
-11.0071,0.000203524,-0.000922467
-11.0023,3.842e-05,-8.86962e-05
-10.9974,0.000239304,-0.00036945
-10.9925,0.000237887,0.000333206
-10.9876,-0.00037515,0.000343563
-10.9827,-0.000706717,-0.000371015
-10.9778,0.000387196,-0.000681785
-10.9729,0.000248057,0.000354745
-10.968,-7.65395e-05,-8.0923e-05
-10.9631,0.000272735,0.000382535
-10.9582,-0.000617032,0.000504368
-10.9533,-0.000362531,-0.000431621
-10.9484,0.000154358,0.000397091
-10.9435,-0.000845645,0.000119154
-10.9387,-0.000165855,-0.000118865
-10.9338,-0.000840286,3.35156e-06
-10.9289,-0.00028562,-0.000461415
-10.924,-0.000868158,-0.000388861
-10.9191,0.000316991,-0.00124451
-10.9142,0.000193748,0.000253943
-10.9093,-0.000199549,-0.000732997
-10.9044,0.000529557,-8.88381e-05
-10.8995,4.14383e-05,2.89756e-05
-10.8946,-9.34357e-05,0.000152265
-10.8897,-0.000280704,-0.000203738
-10.8848,-0.000326796,-0.000339197
-10.8799,0.000468787,-0.00105806
-10.875,0.00121634,0.000644406
-10.8702,-0.000536203,0.000826779
-10.8653,-0.000355718,-0.000112569
-10.8604,-0.00011694,2.93043e-06
-10.8555,-0.000177133,0.000110942
-10.8506,-0.000323732,-7.1536e-05
-10.8457,-6.06721e-05,-0.000115358
-10.8408,-0.000156106,0.000203353
-10.8359,-0.000671815,-9.19983e-05
-10.831,4.50997e-05,-0.000666272
-10.8261,9.2421e-05,0.000399251
-10.8212,-0.000641964,-0.000387417
-10.8163,0.000364459,-0.000119843
-10.8114,-0.000711627,7.80335e-05
-10.8065,0.000246887,-0.000831746
-10.8017,0.000188553,0.000617262
-10.7968,-0.000815503,-0.00031602
-10.7919,0.000216758,-0.000608908
-10.787,0.000393597,-9.38431e-05
-10.7821,0.000237808,0.000704262
-10.7772,-0.00116569,0.000247175
-10.7723,-0.000148322,-0.000967161
-10.7674,0.000284,4.34728e-05
-10.7625,-2.72691e-05,5.63267e-05
-10.7576,-0.000390043,0.000333586
-10.7527,-0.000507179,-0.000451521
-10.7478,8.73347e-06,-5.01133e-05
-10.7429,-0.000487149,-0.000264297
-10.738,0.000174672,-0.000367064
-10.7332,-4.66103e-05,0.000314848
-10.7283,-0.000718464,2.68674e-05
-10.7234,-0.000242464,-0.000628309
-10.7185,-4.09371e-06,0.00026554
-10.7136,-0.00101462,-0.000204235
-10.7087,-0.000321388,-0.000665165
-10.7038,-0.000560589,-0.000561935
-10.6989,-5.655e-05,-0.000846417
-10.694,-0.000367012,-0.000642852
-10.6891,0.000360187,-0.00137126
-10.6842,0.000870791,-0.000244941
-10.6793,0.000341167,-7.72886e-05
-10.6744,3.59557e-07,0.000149909
-10.6695,-0.000201828,-0.000646159
-10.6647,0.000594766,-0.000214903
-10.6598,-0.000215322,4.04743e-05
-10.6549,-5.54657e-05,-0.00057021
-10.65,0.000154952,-0.000473225
-10.6451,0.000165769,-0.000639082
-10.6402,0.000846756,-0.00084758
-10.6353,0.00126715,0.000360745
-10.6304,5.6664e-05,0.000589509
-10.6255,0.000153039,-1.79624e-05
-10.6206,0.000242495,8.50977e-05
-10.6157,0.000308266,0.000225298
-10.6108,-4.9607e-05,0.000216257
-10.6059,0.00021949,-2.55827e-05
-10.6011,0.000261808,0.000336301
-10.5962,-2.54001e-05,0.000523592
-10.5913,-0.000442399,0.000277659
-10.5864,-0.000307085,1.67787e-05
-10.5815,-0.000374482,-0.000141428
-10.5766,-9.99266e-05,-0.00022718
-10.5717,-0.00012452,-0.000314226
-10.5668,0.000339733,-0.000124213
-10.5619,-0.000119085,0.000162348
-10.557,-4.60741e-05,-4.31617e-05
-10.5521,-0.000303525,-0.000158754
-10.5472,0.00023844,-0.000254591
-10.5423,-0.000303597,-2.33638e-05
-10.5374,0.000409659,-0.000631001
-10.5326,0.000293676,0.000417232
-10.5277,-3.46078e-05,-0.000186715
-10.5228,0.000240049,0.000189926
-10.5179,3.13546e-05,7.77928e-05
-10.513,-0.000140476,0.000299047
-10.5081,-0.000175009,-0.000326662
-10.5032,0.000292342,0.000153544
-10.4983,-0.000245637,6.66197e-05
-10.4934,9.61007e-05,-0.000124045
-10.4885,0.000136423,0.000136863
-10.4836,-0.000102076,0.000301647
-10.4787,-0.000331852,6.31707e-05
-10.4738,-0.000338191,-0.000216569
-10.4689,0.0002316,-0.000506102
-10.4641,0.000423622,0.000365814
-10.4592,-0.000294568,0.000189029
-10.4543,4.75557e-05,2.18641e-06
-10.4494,-0.000143154,0.000194582
-10.4445,-0.00016006,1.05659e-05
-10.4396,-0.000165892,8.07891e-06
-10.4347,-2.19041e-05,-0.000214287
-10.4298,0.000449776,0.000224817
-10.4249,-0.000320349,0.000911358
-10.42,-0.00108364,6.3315e-05
-10.4151,-0.000451006,-0.000618467
-10.4102,-0.000125317,-0.000144088
-10.4053,-0.000617924,-0.000619344
-10.4004,0.000786805,-0.000900003
-10.3956,0.000470144,0.000750071
-10.3907,-0.000467966,5.97852e-05
-10.3858,-7.93479e-05,-4.3635e-05
-10.3809,-0.000101826,-1.26783e-05
-10.376,-0.000529526,0.000140956
-10.3711,-0.000212684,-0.00100489
-10.3662,0.000779334,0.000296976
-10.3613,-0.000874783,0.000158375
-10.3564,7.08178e-05,-0.000742389
-10.3515,-2.6761e-06,-0.000241761
-10.3466,0.000536271,-0.000536547
-10.3417,0.000427453,0.000393951
-10.3368,2.8367e-05,1.08871e-05
-10.3319,0.000278307,0.000350144
-10.3271,-0.000384348,0.000405804
-10.3222,-0.000517922,-0.000172693
-10.3173,-0.000155325,-0.000618604
-10.3124,0.000589559,-0.000446982
-10.3075,0.000524053,0.000367799
-10.3026,-6.77492e-05,0.000262396
-10.2977,0.000200031,7.08098e-05
-10.2928,1.87635e-05,0.00041638
-10.2879,-6.65153e-05,5.1594e-05
-10.283,0.000205466,0.000525368
-10.2781,-0.000648747,0.000452052
-10.2732,-0.000244864,-0.00011728
-10.2683,-0.000444168,0.000182314
-10.2634,-0.000128589,-0.000433879
-10.2586,1.79246e-05,0.000460005
-10.2537,-0.000803282,-0.000245464
-10.2488,0.000178969,-0.000436983
-10.2439,-0.000169064,4.68729e-05
-10.239,-9.71797e-05,-0.000446986
-10.2341,0.000452795,-0.000315122
-10.2292,0.000439135,0.000370829
-10.2243,-4.88102e-05,0.000143231
-10.2194,0.0004809,0.000470776
-10.2145,-0.000648226,0.000707214
-10.2096,-5.02509e-05,-0.000238697
-10.2047,-0.000225265,0.000709245
-10.1998,-0.000307079,-0.00027568
-10.195,0.000205825,0.00104558
-10.1901,-0.00162968,0.000381033
-10.1852,-0.000523994,-0.000614553
-10.1803,-0.000703646,-0.00031226
-10.1754,3.22017e-05,-0.000833964
-10.1705,0.000122649,-4.77654e-05
-10.1656,0.000308015,-0.000206324
-10.1607,5.09773e-05,0.00100852
-10.1558,-0.00149118,0.00014998
-10.1509,-0.000489952,-0.00103396
-10.146,5.08367e-05,-0.000407162
-10.1411,-6.22264e-05,-0.000441455
-10.1362,0.000226203,-0.000217932
-10.1313,-7.01851e-05,-6.7748e-05
-10.1265,5.99402e-05,-0.000263867
-10.1216,0.000186318,-3.60934e-05
-10.1167,8.02553e-06,0.000166779
-10.1118,-0.000240281,-0.00010042
-10.1069,0.000247663,-9.38499e-05
-10.102,-0.000251246,0.000397727
-10.0971,-0.000397764,-0.000473134
-10.0922,0.000556826,-0.000240081
-10.0873,0.000216128,0.000687973
-10.0824,-0.000733089,0.000468246
-10.0775,-0.000689306,-0.000483767
-10.0726,0.000175333,-0.000578646
-10.0677,0.000251453,0.000128168
-10.0628,-0.000164683,-5.26261e-05
-10.058,0.00025182,1.67925e-05
-10.0531,-0.000255089,0.000241707
-10.0482,3.26347e-05,-0.000294478
-10.0433,0.000281845,0.000203104
-10.0384,0.000142069,0.000323028
-10.0335,-0.000126967,0.000613119
-10.0286,-0.000418906,0.00029123
-10.0237,-0.00027979,0.000274745
-10.0188,-0.00046623,0.000334677
-10.0139,-0.000621533,-5.28418e-06
-10.009,-0.000131357,5.27398e-05
-10.0041,-0.000842055,0.000361582
-9.99924,-0.000499407,-0.000720795
-9.99435,0.000137419,0.00017269
-9.98946,-0.000662231,0.000100307
-9.98456,-0.000360629,-0.000322535
-9.97967,5.05284e-05,2.09053e-05
-9.97478,-0.000821695,0.000587744
-9.96988,-0.0011053,-0.000917383
-9.96499,0.000135298,-0.000787958
-9.9601,0.000392284,-0.000571601
-9.95521,0.000660367,0.000716339
-9.95031,-0.000892654,0.000428697
-9.94542,-6.19506e-05,3.79277e-05
-9.94053,-0.00107033,0.000507594
-9.93564,-0.000903534,-0.000712481
-9.93074,-0.000460925,-0.000651572
-9.92585,0.0001415,-0.000776081
-9.92096,0.000203686,0.000170309
-9.91606,-0.000669328,2.85397e-05
-9.91117,-0.000358196,-0.000907993
-9.90628,0.000722073,-0.000134949
-9.90139,-0.000665689,0.000491153
-9.89649,-0.000217986,-0.000944761
-9.8916,0.000498107,0.000239938
-9.88671,-0.000382584,0.000203936
-9.88182,-0.000237762,0.000247692
-9.87692,-0.000926325,5.98385e-05
-9.87203,-0.000547658,-0.000620928
-9.86714,-0.000271475,-0.000332683
-9.86224,-0.000487324,-0.000468782
-9.85735,-0.000116741,-0.000862587
-9.85246,0.000614447,-0.000344076
-9.84757,-0.000160326,0.000503152
-9.84267,-0.000488791,-0.000510351
-9.83778,0.000226652,0.000214981
-9.83289,-0.00125087,-6.20059e-05
-9.82799,-7.53459e-05,-0.00123519
-9.8231,7.3853e-05,-0.000151899
-9.81821,-0.000206948,-0.000732151
-9.81332,0.000511214,-0.000576746
-9.80842,0.00051435,0.000276143
-9.80353,-0.00063226,0.000179846
-9.79864,0.000132682,-0.000732742
-9.79375,7.53588e-05,0.000353953
-9.78885,-0.000361414,-0.000452212
-9.78396,0.000257428,-5.11244e-05
-9.77907,-0.000236122,0.000154415
-9.77417,-0.000760548,-5.79792e-05
-9.76928,-0.000351197,-0.00124659
-9.76439,0.000809248,-0.000335703
-9.7595,-0.000179811,0.000111808
-9.7546,-9.335e-05,-0.000601207
-9.74971,0.000502576,-0.000438918
-9.74482,0.000394525,-3.04499e-05
-9.73992,0.000711925,0.000152294
-9.73503,-0.000259105,0.00116377
-9.73014,-0.00101914,-0.000442531
-9.72525,0.000179967,-0.0004478
-9.72036,0.000144234,-0.000187558
-9.71546,1.29276e-05,0.000299561
-9.71057,-0.000251135,-0.000451147
-9.70568,0.000426293,0.000281374
-9.70078,-0.000534698,-0.000122953
-9.69589,0.000502534,-5.88481e-05
-9.691,-0.000335637,0.000391526
-9.6861,-0.000169154,-2.06995e-05
-9.68121,-0.000213385,-0.000214311
-9.67632,0.00046168,0.000321491
-9.67143,-0.000642055,0.000641044
-9.66653,-0.000579902,0.00028502
-9.66164,-0.00140622,-0.000297925
-9.65675,-4.5524e-06,-0.00104009
-9.65186,-0.000313344,-0.000147153
-9.64696,0.000196383,-0.000746916
-9.64207,-2.334e-06,0.000289893
-9.63718,-0.000323617,-0.000481205
-9.63229,0.000199482,-0.000175792
-9.62739,9.48685e-05,0.000110672
-9.6225,-0.000432175,0.000326012
-9.61761,-0.000487955,-0.000233573
-9.61271,-0.000524011,-3.89696e-05
-9.60782,-0.000671742,-0.000644865
-9.60293,-0.000125465,-0.000668226
-9.59803,-0.000186058,-0.00049951
-9.59314,-0.00017595,-0.000849168
-9.58825,0.000560434,-0.000879045
-9.58336,0.000733006,-0.000143035
-9.57846,0.000336904,0.00032377
-9.57357,-0.000459003,-1.02269e-05
-9.56868,0.000226546,-0.000913085
-9.56379,0.00110851,-3.22262e-05
-9.55889,0.000480381,0.000988359
-9.554,-0.000685536,0.00069973
-9.54911,-0.000548266,-0.000244641
-9.54422,-3.97241e-05,-0.000199133
-9.53932,-6.77481e-06,7.55871e-05
-9.53443,-9.17767e-05,0.000142939
-9.52954,-0.000502016,0.000566773
-9.52464,-0.0012836,-0.000760638
-9.51975,0.000821456,-0.000923124
-9.51486,-0.000278511,0.000773797
-9.50997,-0.000609492,-0.000915963
-9.50507,0.000539759,-0.000264577
-9.50018,-0.000145768,7.34844e-05
-9.49529,-5.91061e-06,-0.00042138
-9.49039,0.000497127,0.000201797
-9.4855,-0.000618668,0.000342559
-9.48061,0.000113971,-0.000432554
-9.47572,-0.000421218,0.000684518
-9.47082,-0.000887402,-0.000762446
-9.46593,6.92341e-06,-0.000573995
-9.46104,0.000199538,-0.000816829
-9.45615,0.000631772,7.42045e-05
-9.45125,0.000130154,-0.000230329
-9.44636,0.000818402,0.000588152
-9.44147,-0.000681506,0.000813287
-9.43657,-0.000377523,1.81484e-05
-9.43168,-0.000689579,0.00033345
-9.42679,-0.000939791,-0.000260472
-9.4219,-0.000874177,-0.000912504
-9.417,0.000356872,-0.00131061
-9.41211,0.000704873,2.92583e-05
-9.40722,-0.000256468,0.000179371
-9.40232,-0.000518437,-0.000528631
-9.39743,0.000376115,-0.00108626
-9.39254,0.000944957,-5.19024e-05
-9.38765,0.000424432,0.000166389
-9.38275,0.000471877,0.000576104
-9.37786,-0.000394404,0.000501134
-9.37297,-5.84756e-05,-4.78607e-07
-9.36808,-0.000106996,0.000404441
-9.36318,-0.000430439,0.000234469
-9.35829,-0.000346097,7.48776e-05
-9.3534,-0.000619329,0.000263861
-9.3485,-0.000870483,-0.000587152
-9.34361,-7.20377e-06,-0.000573927
-9.33872,-0.00016569,-0.00054653
-9.33383,0.000585516,-0.000269755
-9.32893,-0.000196781,0.000256217
-9.32404,6.69396e-05,-0.000388572
-9.31915,0.000310923,0.00015754
-9.31425,-9.9066e-06,0.000546146
-9.30936,-0.000787688,0.000200069
-9.30447,-0.000272382,-0.000336921
-9.29958,-0.000281039,-0.000254575
-9.29468,0.000355517,5.10005e-06
-9.28979,-0.000781125,0.000476103
-9.2849,-0.00022674,-0.000694275
-9.28001,-0.000139536,0.000393283
-9.27511,-0.00085549,-0.000296609
-9.27022,-0.000416535,-0.00091744
-9.26533,0.000953496,-0.000691536
-9.26044,0.000125267,0.00110727
-9.25554,-0.000875906,-0.000227252
-9.25065,-1.18588e-05,-0.000104968
-9.24576,-0.000394557,1.43976e-05
-9.24086,-0.000420734,-5.87301e-06
-9.23597,-0.000612085,-0.000192108
-9.23108,-0.000686498,-0.000499124
-9.22619,-0.000143147,-0.000845643
-9.22129,-5.07579e-05,-0.000423785
-9.2164,0.00019754,-0.000590979
-9.21151,7.69913e-05,1.93037e-05
-9.20661,-5.04388e-05,-0.000376559
-9.20172,5.68225e-05,-1.23118e-05
-9.19683,-4.74186e-05,-0.000125699
-9.19194,-0.000372618,0.000126683
-9.18704,-0.000346377,-0.000584192
-9.18215,2.59141e-05,-0.000280419
-9.17726,0.000137,-0.000169396
-9.17237,-0.000596106,0.000269707
-9.16747,-0.000456825,-0.0010441
-9.16258,0.000257908,-0.000364948
-9.15769,0.00029638,-0.000586456
-9.15279,0.000282187,0.000602808
-9.1479,-0.000819024,-0.000360391
-9.14301,0.000202993,-0.00036375
-9.13812,-0.000309441,-0.000124401
-9.13322,-0.000363798,-0.000307477
-9.12833,-0.000290795,-0.000980783
-9.12344,0.000678842,-0.000663828
-9.11854,0.000592123,8.39444e-05
-9.11365,-0.000229848,0.000514434
-9.10876,-0.000487709,-0.000439669
-9.10387,-0.000399031,-0.00017105
-9.09897,-0.000295022,-0.00142376
-9.09408,0.000947035,-0.000403664
-9.08919,0.000188936,-0.000618415
-9.0843,0.00127206,0.000129214
-9.0794,-0.000275761,0.000559589
-9.07451,2.46208e-06,-0.000303812
-9.06962,0.000243615,-0.000394346
-9.06472,0.000841924,0.000358745
-9.05983,-0.000518136,0.000653606
-9.05494,-0.000410744,-0.000437817
-9.05005,0.000258781,-0.000550179
-9.04515,0.000523024,0.000203454
-9.04026,-9.97943e-05,2.24011e-05
-9.03537,0.000299304,6.53724e-05
-9.03047,0.000236936,6.16164e-05
-9.02558,3.16092e-05,0.00107428
-9.02069,-0.0014245,-0.000600063
-9.0158,0.00131362,-0.000589749
-9.0109,-0.000506011,0.00121218
-9.00601,-0.00054893,-0.000607584
-9.00112,-5.2245e-06,-0.000254319
-8.99623,0.000433766,-0.000226567
-8.99133,-1.79322e-05,0.000264174
-8.98644,0.000591073,-6.31978e-05
-8.98155,8.04444e-06,0.00125619
-8.97666,-0.000764917,0.000354442
-8.97176,-0.000670151,0.000499795
-8.96687,-0.00112394,-0.000247617
-8.96198,-0.000336619,-0.000457242
-8.95708,-0.000532828,-1.59404e-05
-8.95219,-0.000773282,-0.000600964
-8.9473,-0.000104461,-0.000675696
-8.94241,-0.00024251,-0.000441082
-8.93751,4.80039e-05,-0.00059084
-8.93262,2.82955e-05,-0.000256202
-8.92773,-8.62143e-05,-0.000320852
-8.92283,-5.88096e-05,-0.000541124
-8.91794,0.000471776,-0.000379723
-8.91305,0.000190116,8.42254e-05
-8.90816,0.000158056,2.6121e-05
-8.90326,-9.53279e-05,0.000311147
-8.89837,-0.000501557,0.000118044
-8.89348,-0.00057513,-0.000365713
-8.88859,-0.000301021,-0.000502558
-8.88369,-0.000138267,-0.000852901
-8.8788,0.000571591,-0.000417577
-8.87391,2.74984e-05,-0.00022377
-8.86901,0.000645451,-0.000264573
-8.86412,8.6038e-05,0.000528879
-8.85923,-0.000413045,2.23716e-05
-8.85434,-0.000361409,-0.000428495
-8.84944,0.000155702,-0.000592447
-8.84455,0.000502477,-0.000373243
-8.83966,0.000481251,0.000506976
-8.83476,-0.000610732,-4.57452e-05
-8.82987,0.000463924,-0.000325604
-8.82498,-0.000150433,0.000160094
-8.82009,0.000403987,-4.02919e-05
-8.81519,-0.000489303,0.000431563
-8.8103,7.7306e-07,-0.000362391
-8.80541,-0.000536625,0.000176213
-8.80052,0.000112184,-0.00102112
-8.79562,0.000542676,0.000424063
-8.79073,-0.000587207,-1.49207e-05
-8.78584,-1.26474e-05,-0.000902563
-8.78094,0.001296,-8.46942e-05
-8.77605,-0.000272687,0.00113967
-8.77116,-0.00033613,-0.000582501
-8.76627,0.00046454,0.000225023
-8.76137,5.46439e-05,0.000321743
-8.75648,-0.00037897,0.000454284
-8.75159,-5.84795e-05,-0.000240356
-8.7467,-7.68957e-05,0.000667777
-8.7418,-0.000550783,6.08629e-05
-8.73691,-0.000565675,0.000374359
-8.73202,-0.000886405,-0.00045789
-8.72712,-0.000384141,-0.000472426
-8.72223,-9.72443e-05,-0.000757441
-8.71734,0.000140941,-0.000256198
-8.71245,0.00037581,-0.000324574
-8.70755,-0.000205538,0.00061942
-8.70266,-0.000399016,-0.000785651
-8.69777,0.000314268,0.000360605
-8.69287,-0.000646162,-0.000593293
-8.68798,0.000701107,9.22368e-05
-8.68309,-0.000890005,0.000134559
-8.6782,0.00011427,-0.000731687
-8.6733,8.52219e-05,-6.48615e-05
-8.66841,1.30472e-05,-9.4316e-05
-8.66352,-1.69055e-05,-0.000296294
-8.65863,0.000247137,0.000266577
-8.65373,-0.000640143,-0.000214309
-8.64884,0.000430782,-0.000319668
-8.64395,-0.00041098,8.59528e-05
-8.63905,0.000386812,-0.000537227
-8.63416,-3.22212e-05,0.000502356
-8.62927,-0.000282674,-0.000416859
-8.62438,0.000262485,-5.84528e-05
-8.61948,3.20057e-05,9.4102e-05
-8.61459,-0.000168011,7.53048e-05
-8.6097,9.06178e-05,-0.000102682
-8.6048,-0.000194325,0.000417665
-8.59991,-0.000408754,-0.000227424
-8.59502,-0.00020251,0.000165264
-8.59013,-0.000678904,-0.000614237
-8.58523,0.000606159,-0.000405492
-8.58034,-0.000339423,0.000363799
-8.57545,-0.000197795,-0.000606188
-8.57056,0.000249919,-0.000107551
-8.56566,-1.19228e-05,3.10695e-05
-8.56077,-0.000273347,-0.000140766
-8.55588,0.00023799,-0.000436803
-8.55098,0.000194793,0.000284758
-8.54609,-0.000210681,-5.15203e-05
-8.5412,-1.11949e-05,-1.16317e-06
-8.53631,-0.000213006,-0.000194535
-8.53141,0.000436766,-0.000354139
-8.52652,0.000498622,0.000900097
-8.52163,-0.00121389,0.00064348
-8.51674,-0.000672239,-0.000657807
-8.51184,-0.000557408,-0.000663096
-8.50695,0.000809902,-0.00122352
-8.50206,0.000781951,0.000943919
-8.49716,-0.000702306,5.83177e-05
-8.49227,9.91779e-05,-0.000277012
-8.48738,0.000254436,-9.14442e-05
-8.48249,0.000158034,0.000534502
-8.47759,-0.000329202,0.000262282
-8.4727,-0.000568098,0.000431198
-8.46781,-0.00073517,-0.000602064
-8.46292,5.12482e-05,-8.41437e-05
-8.45802,-0.000603237,-0.000473449
-8.45313,0.000247124,-0.000430836
-8.44824,-0.000116822,-0.000496482
-8.44334,0.00095579,-0.000152299
-8.43845,-0.000161498,0.000803238
-8.43356,-0.000310298,-0.000141369
-8.42867,-0.000155134,0.000153957
-8.42377,-0.00030516,-0.000217721
-8.41888,6.97643e-05,-3.38409e-05
-8.41399,-0.000330613,4.20725e-05
-8.40909,-4.38043e-05,-0.000271757
-8.4042,-0.000149632,0.000151476
-8.39931,-0.000374963,-0.000308593
-8.39442,-2.82591e-07,-0.000450359
-8.38952,0.000520064,-0.000257543
-8.38463,0.000168632,0.000474517
-8.37974,0.000119832,0.000150376
-8.37485,-0.000446746,0.000977962
-8.36995,-0.00102336,-0.00053834
-8.36506,4.4989e-05,-6.83918e-05
-8.36017,-0.000569963,-0.000440048
-8.35527,0.000156877,-9.24719e-06
-8.35038,-0.000818343,-0.000626832
-8.34549,0.000977229,-0.00074537
-8.3406,0.000139037,0.000608807
-8.3357,-0.000149768,-8.13364e-05
-8.33081,4.01639e-05,-0.000143785
-8.32592,0.000368977,0.00021734
-8.32102,-0.000248404,0.000322664
-8.31613,-3.89527e-05,0.000214758
-8.31124,-0.000461179,-8.74786e-05
-8.30635,0.000707835,7.46743e-05
-8.30145,-0.000576217,0.001224
-8.29656,-0.000760788,-0.000209213
-8.29167,-0.000347714,0.000443836
-8.28678,-0.0010758,-0.00019722
-8.28188,-0.000114049,-0.000451449
-8.27699,-0.000461925,0.000166905
-8.2721,-0.000332227,-0.000384881
-8.2672,-0.000482855,0.000380415
-8.26231,-0.000934047,-0.000914236
-8.25742,0.000509591,-0.000138401
-8.25253,-0.000957024,3.00326e-05
-8.24763,-1.19635e-05,-0.000626539
-8.24274,-0.000522931,-0.000137888
-8.23785,9.02976e-05,-0.000602647
-8.23295,-0.0002602,5.29496e-05
-8.22806,-0.000128436,-0.000353005
-8.22317,-0.000399844,-7.889e-05
-8.21828,-0.000107334,-0.000454181
-8.21338,-0.000299967,-9.12581e-05
-8.20849,-0.000186537,-0.000336094
-8.2036,-0.000531134,-0.00038792
-8.19871,0.000389072,-0.000738002
-8.19381,-7.76451e-05,0.000373056
-8.18892,-0.000302817,-0.000401223
-8.18403,-0.000282749,-1.73515e-05
-8.17914,-0.00017918,-0.000528646
-8.17424,-0.00033326,0.00013585
-8.16935,-0.00056484,-0.000946449
-8.16446,0.000429525,-0.000263163
-8.15956,-0.000625275,-0.000142753
-8.15467,-0.000101664,-0.000951247
-8.14978,0.000286875,-0.00031936
-8.14489,-0.000140512,-0.000378858
-8.13999,0.000192877,-0.000314282
-8.1351,-0.000461412,-0.000280619
-8.13021,9.69958e-05,-0.00101437
-8.12531,0.000282416,-0.000481634
-8.12042,0.000382152,-0.000755155
-8.11553,0.000713114,-0.000611369
-8.11064,0.00145501,4.18095e-05
-8.10574,2.54656e-05,0.00117787
-8.10085,-4.76346e-05,-0.000344275
-8.09596,0.000164147,0.00083513
-8.09107,-0.000839954,-0.000435518
-8.08617,0.000527838,-0.000397215
-8.08128,0.000256271,0.000106166
-8.07639,5.84887e-05,0.000463925
-8.07149,-0.00046527,-8.14758e-05
-8.0666,-8.67818e-05,-9.23228e-05
-8.06171,-0.000179209,-0.000483563
-8.05682,0.000389625,-0.000112218
-8.05192,0.000136938,-0.00017138
-8.04703,0.000332817,0.000496189
-8.04214,-0.000660058,-0.000161421
-8.03724,0.000472297,-0.000203255
-8.03235,-0.000348421,-1.30345e-05
-8.02746,0.000733798,-0.000289935
-8.02257,-0.000156125,0.000826637
-8.01767,-0.000339604,-0.000300403
-8.01278,0.000109682,1.3161e-06
-8.00789,0.0001091,3.25443e-05
-8.003,-9.33672e-05,0.000304156
-7.9981,-0.000303846,-2.75761e-05
-7.99321,-1.66533e-05,-0.00030897
-7.98832,0.000444171,0.00021885
-7.98342,-0.000419977,0.000352836
-7.97853,0.00018714,-0.00019325
-7.97364,-0.000105554,0.000636808
-7.96875,-0.000361268,3.94836e-05
-7.96385,-0.00025752,0.000277928
-7.95896,-0.000314681,0.000121402
-7.95407,-0.000744828,0.000332309
-7.94917,-0.000672294,-0.000660468
-7.94428,-0.000116214,-0.000159211
-7.93939,-0.000546705,-0.000636336
-7.9345,0.000557619,-0.000735789
-7.9296,0.00062916,0.000474823
-7.92471,-0.000671569,0.000638335
-7.91982,-0.000560165,-0.000712041
-7.91493,0.000451387,-0.000227227
-7.91003,0.000105174,0.000350715
-7.90514,-0.000508741,0.000419385
-7.90025,-0.000503561,-0.000391235
-7.89536,-0.000122061,5.81521e-05
-7.89046,-0.000447456,-0.000341038
-7.88557,-0.000136846,0.000139237
-7.88068,-0.000986907,-0.000689548
-7.87578,0.000533889,-0.000884425
-7.87089,0.000109241,-0.000203415
-7.866,0.000729866,-2.05953e-05
-7.86111,-0.000690482,0.000585448
-7.85621,-6.80006e-05,-0.00104683
-7.85132,0.000434237,0.000211069
-7.84643,-5.10717e-05,-0.000236074
-7.84153,-4.76185e-05,0.000112397
-7.83664,0.000120738,-0.00096255
-7.83175,0.00135254,0.000338752
-7.82686,0.000190886,0.000665089
-7.82196,0.000489834,0.00119105
-7.81707,-0.00144371,0.00104695
-7.81218,-0.000631897,-0.000582697
-7.80729,-0.000209971,3.72685e-05
-7.80239,-9.28337e-05,-6.12241e-06
-7.7975,-0.000426632,0.000291408
-7.79261,-0.000258698,-8.08632e-06
-7.78771,-0.000803291,0.000252144
-7.78282,-0.000376675,-0.000863503
-7.77793,0.000308218,0.000106076
-7.77304,-0.000257618,0.000198234
-7.76814,-0.000671357,0.000405476
-7.76325,-0.000971931,-0.000901042
-7.75836,0.000613163,-0.000644709
-7.75346,8.35772e-05,0.000276115
-7.74857,2.09769e-06,0.000214153
-7.74368,-0.000672333,0.000445168
-7.73879,-0.000681834,-0.000583105
-7.73389,7.15918e-05,-0.000190539
-7.729,-0.000474103,-0.000168648
-7.72411,0.000106058,-0.000257763
-7.71922,-0.00065308,4.32194e-05
-7.71432,0.000249196,-0.00101322
-7.70943,0.000448197,0.000930252
-7.70454,-0.00128935,-0.000142992
-7.69965,0.000217086,-0.00072527
-7.69475,-7.91639e-05,0.000284013
-7.68986,-0.000709588,-0.000117565
-7.68497,-0.000389133,-0.00102871
-7.68007,0.000848244,-0.000546959
-7.67518,0.000296561,0.00047097
-7.67029,-0.000258808,0.000175241
-7.6654,-0.000125031,-0.000137986
-7.6605,-1.7684e-05,0.000243236
-7.65561,-0.000659264,-0.000138565
-7.65072,0.000193227,-0.000623703
-7.64582,0.000391077,0.000162417
-7.64093,9.28064e-05,0.00044895
-7.63604,-0.000512275,0.000452124
-7.63115,-0.000410619,-0.000106893
-7.62625,-0.000378143,7.92526e-05
-7.62136,-0.000226984,-0.000308194
-7.61647,-6.85397e-05,0.00036971
-7.61158,-0.000834917,-0.000177712
-7.60668,0.000208984,-0.000337078
-7.60179,-0.000456555,0.000553769
-7.5969,-0.000787882,-0.000450529
-7.592,-8.589e-05,-0.000376894
-7.58711,-0.000207367,-0.000190991
-7.58222,8.6019e-06,-0.000233625
-7.57733,-3.80425e-05,0.000331701
-7.57243,-0.000874052,9.82541e-06
-7.56754,-0.000151622,-0.000701494
-7.56265,4.16933e-05,5.72964e-05
-7.55775,-0.000184563,-6.09407e-05
-7.55286,-0.000338939,0.000279788
-7.54797,-0.000752805,-0.000256019
-7.54308,-0.000306401,-0.000505898
-7.53818,3.7856e-05,-0.000396533
-7.53329,9.36806e-06,0.000121607
-7.5284,-0.000271931,0.0001
-7.52351,-0.000636469,0.000305153
-7.51861,-0.000988245,-0.000517238
-7.51372,-0.000333282,-0.000653164
-7.50883,-0.000303072,-0.000652851
-7.50393,3.17862e-05,-0.00058684
-7.49904,0.000154016,-0.000385364
-7.49415,-4.53711e-05,-2.93008e-05
-7.48926,-5.97301e-05,-0.000413518
-7.48436,-1.56368e-05,0.000362985
-7.47947,-0.00106001,-0.000547643
-7.47458,0.000380624,-0.000953924
-7.46968,9.58771e-05,-0.000110959
-7.46479,0.000260074,-0.000309945
-7.4599,-6.9328e-05,0.000194011
-7.45501,-0.000255431,-0.000301211
-7.45011,-1.709e-05,-0.000252751
-7.44522,-1.33498e-05,-0.000150851
-7.44033,-0.000268219,-0.000238609
-7.43544,0.000194554,-0.000529003
-7.43054,5.37797e-05,0.000157094
-7.42565,-0.000342033,-0.000782563
-7.42076,0.00138446,-0.000519711
-7.41586,0.000469498,0.00158272
-7.41097,-0.00136227,0.000261211
-7.40608,2.18171e-05,-0.000760649
-7.40119,0.000141976,0.000283796
-7.39629,-0.000220066,-0.000114152
-7.3914,0.000148974,0.000255059
-7.38651,-0.000602785,0.000257271
-7.38162,-0.000261276,-0.000389509
-7.37672,7.76402e-05,8.8154e-05
-7.37183,-0.000462877,0.000274109
-7.36694,-0.000647907,-0.000419961
-7.36204,0.000108718,-0.000563599
-7.35715,0.000276445,-0.000129033
-7.35226,0.000332788,0.000370613
-7.34737,-0.000533211,0.000488275
-7.34247,-0.000247333,-0.000152601
-7.33758,-0.000367626,0.000246241
-7.33269,-0.000153138,-0.000261165
-7.3278,-0.000123752,0.000650186
-7.3229,-0.000998689,4.62259e-05
-7.31801,-0.000467554,-0.000228801
-7.31312,-0.000590549,-0.000258023
-7.30822,-0.000333947,-0.000354998
-7.30333,-0.000312573,-0.000412005
-7.29844,0.000140543,-0.000324062
-7.29355,9.7841e-07,0.000233967
-7.28865,-0.00027257,0.000171194
-7.28376,-0.000458733,0.00052139
-7.27887,-0.00132315,-0.00014159
-7.27397,-0.000218539,-0.000724471
-7.26908,-0.000613534,0.000250849
-7.26419,-0.000937601,-0.000698463
-7.2593,-0.000521906,-0.000689343
-7.2544,-0.000149605,-0.0011018
-7.24951,0.000396183,-0.000398158
-7.24462,8.49452e-05,-0.000145619
-7.23973,-0.000185243,7.80675e-05
-7.23483,-0.000277357,-0.000325647
-7.22994,-0.00014634,3.64281e-05
-7.22505,-0.000571771,-0.000101078
-7.22015,-0.000772798,-0.000514448
-7.21526,0.000175382,-0.0010634
-7.21037,0.000132672,0.000415886
-7.20548,-0.000877657,-0.00067106
-7.20058,0.000389094,-0.000529749
-7.19569,-0.000401823,-3.52717e-05
-7.1908,-0.000227175,-0.000749554
-7.1859,0.000311433,-0.000361015
-7.18101,-0.000331344,-0.000152389
-7.17612,0.000434297,-0.00096154
-7.17123,0.000680882,0.000824627
-7.16633,-0.000996916,0.000157978
-7.16144,-0.000172596,-0.000530089
-7.15655,7.53131e-05,-0.000243216
-7.15166,-0.000151836,0.000445361
-7.14676,-0.00107622,-0.000443128
-7.14187,0.000209392,-0.000950764
-7.13698,0.000395191,0.000134385
-7.13208,-0.000626248,0.00030775
-7.12719,-0.000364188,-0.00088129
-7.1223,0.000397604,0.000171483
-7.11741,-0.000620089,2.16141e-05
-7.11251,-0.0004157,7.88079e-05
-7.10762,-0.00115759,-0.000873594
-7.10273,0.000722565,-0.00101436
-7.09784,-9.14211e-05,0.000502407
-7.09294,-0.00067247,-0.000549928
-7.08805,0.000181091,-0.00056406
-7.08316,-0.000243507,0.000194228
-7.07826,-0.00066389,-0.00087368
-7.07337,0.00062257,-0.00047
-7.06848,-0.000284855,0.000155708
-7.06359,-0.000144917,-0.00021303
-7.05869,-0.000793189,-8.16668e-05
-7.0538,-0.000430264,-0.00121568
-7.04891,0.000510881,-0.000621179
-7.04401,1.36954e-05,-6.07752e-05
-7.03912,-0.000300699,-0.000456225
-7.03423,5.8534e-05,-0.000782448
-7.02934,0.000639036,-0.000343512
-7.02444,-0.000138422,0.000289947
-7.01955,-0.000166272,-0.000781821
-7.01466,0.000598754,6.65312e-06
-7.00977,-0.000278482,7.48767e-05
-7.00487,-0.000105784,-0.00020926
-6.99998,-9.11302e-05,-0.00035517
-6.99509,0.000149738,3.22702e-05
-6.99019,-0.000478602,-8.71402e-05
-6.9853,-0.000204442,-0.000393991
-6.98041,-0.000325503,-0.000372559
-6.97552,-0.000298664,-0.000810249
-6.97062,0.000651685,-0.00106174
-6.96573,0.000888393,0.000326378
-6.96084,-0.000105629,0.000287667
-6.95595,-0.000351738,0.000223182
-6.95105,-0.000503977,-0.000796662
-6.94616,0.000610034,-0.000305542
-6.94127,-0.00011589,-2.38001e-06
-6.93637,6.65729e-07,-0.000117376
-6.93148,-0.000144915,-0.000579312
-6.92659,0.000673311,-7.18767e-06
-6.9217,-0.000393,-5.73487e-05
-6.9168,0.00083191,-0.00035395
-6.91191,-9.81875e-06,0.000968489
-6.90702,-0.000480359,7.47236e-05
-6.90213,-0.000602067,0.000279308
-6.89723,-0.000743489,-0.000760844
-6.89234,0.000285905,-0.000381555
-6.88745,-0.000414932,-0.000277571
-6.88255,0.000540796,-0.000412043
-6.87766,-0.000681328,0.000517955
-6.87277,-0.000186518,-0.00145069
-6.86788,0.000825492,0.000271372
-6.86298,-0.000248273,-0.000175067
-6.85809,7.85721e-05,0.000357549
-6.8532,-0.000667267,-0.00068541
-6.8483,0.000717727,-0.000226697
-6.84341,-6.06209e-05,0.000121734
-6.83852,-0.000143659,0.000466325
-6.83363,-0.000862599,-0.000790799
-6.82873,0.000788867,-0.000242989
-6.82384,-0.00044378,-0.000102784
-6.81895,0.000595004,-5.05084e-05
-6.81406,-0.000596347,3.04266e-05
-6.80916,0.00056776,-0.000196341
-6.80427,-0.000509909,0.000232473
-6.79938,0.00041874,-5.56956e-05
-6.79448,-0.000899266,0.000209479
-6.78959,0.000807203,-0.0006132
-6.7847,-0.000541561,0.00137731
-6.77981,-0.000618308,-0.000658708
-6.77491,-0.000312391,0.000898076
-6.77002,-0.0016883,-0.000545221
-6.76513,-0.000350861,-0.00095225
-6.76023,-0.000483348,-0.000741173
-6.75534,-3.14325e-05,-0.0011469
-6.75045,0.000769004,-0.000619669
-6.74556,0.00018255,0.000443698
-6.74066,-0.000820074,-0.000358332
-6.73577,0.000211865,-0.00114451
-6.73088,0.000651151,-0.000132117
-6.72599,0.000257978,-0.000108254
-6.72109,0.000221078,0.000533719
-6.7162,-0.000922623,-0.000116529
-6.71131,0.000132658,-0.000745091
-6.70641,9.90131e-05,-0.000145188
-6.70152,0.000146885,-3.23346e-05
-6.69663,-0.00052812,-7.41666e-05
-6.69174,2.44095e-05,-0.000836637
-6.68684,0.000491848,-0.000219227
-6.68195,0.000218282,0.00014308
-6.67706,-0.000104813,9.68624e-05
-6.67216,-0.000235862,6.7336e-05
-6.66727,-0.000390176,-0.000326727
-6.66238,-0.000177165,-0.000274763
-6.65749,-0.000242312,-0.000855038
-6.65259,0.000731264,-0.000434825
-6.6477,0.000211059,-0.000111121
-6.64281,0.000486607,0.000208425
-6.63792,-0.000489484,-0.000112481
-6.63302,0.000750233,-0.000436658
-6.62813,1.65381e-06,0.000478792
-6.62324,0.000333071,-0.000187572
-6.61835,-1.07816e-05,0.000685939
-6.61345,-0.000384563,-0.00013497
-6.60856,7.91989e-05,-0.000144374
-6.60367,0.000489605,8.95193e-05
-6.59877,-3.82384e-05,0.00106924
-6.59388,-0.00115134,0.000244931
-6.58899,-0.000335683,-0.000561067
-6.5841,-7.06638e-05,2.16171e-05
-6.5792,-0.000153186,-5.56382e-05
-6.57431,-0.000496628,0.000362635
-6.56942,-0.000610628,-0.000829669
-6.56452,0.000521266,0.000145595
-6.55963,-0.000831483,-3.84332e-05
-6.55474,0.000247871,-0.000169293
-6.54985,-0.000997861,1.39007e-05
-6.54495,0.0003092,-0.000959466
-6.54006,-5.52298e-05,0.000392582
-6.53517,-0.000159295,-0.000446535
-6.53028,1.91231e-05,0.000207103
-6.52538,-0.000365394,-3.80692e-05
-6.52049,-0.000432647,-0.000185961
-6.5156,2.39356e-05,-0.00038308
-6.5107,-0.000341397,0.000264328
-6.50581,-0.000651805,-0.000767756
-6.50092,0.00060275,-0.000606997
-6.49603,0.000204324,0.000452695
-6.49113,-0.0003778,0.000147148
-6.48624,-0.000619465,6.49173e-05
-6.48135,-0.00057909,-0.000900423
-6.47645,0.000453941,-0.000550536
-6.47156,0.000314314,-0.000263026
-6.46667,0.000519287,0.000441419
-6.46178,-0.000416471,0.000291533
-6.45688,-6.04596e-05,0.000305131
-6.45199,-0.000790637,-4.94132e-05
-6.4471,0.000111563,-6.86179e-05
-6.44221,-0.000886148,8.24725e-05
-6.43731,8.28518e-05,-0.000682057
-6.43242,-2.70525e-05,0.000290473
-6.42753,-0.00026989,9.01786e-05
-6.42263,-0.00036868,0.000139693
-6.41774,-0.000612918,0.000485683
-6.41285,-0.00145443,-0.000657247
-6.40796,0.000321552,-0.000704268
-6.40306,-0.000825242,8.75378e-05
-6.39817,-6.97115e-05,-0.00068419
-6.39328,-0.000773348,6.19309e-05
-6.38838,-0.000349049,-0.000877051
-6.38349,-0.000731525,-0.000439352
-6.3786,0.000289944,-0.0015877
-6.37371,0.000738208,0.000251449
-6.36881,-0.000360739,-3.14841e-06
-6.36392,-0.000303501,-0.0003095
-6.35903,0.0001918,-0.000306761
-6.35414,-0.00054267,0.000426419
-6.34924,-0.000818696,-0.000774609
-6.34435,-0.000111893,-0.000647063
-6.33946,-0.000106351,-0.000479641
-6.33457,-0.000404906,-0.000583386
-6.32967,0.000375135,-0.000989494
-6.32478,0.000361719,3.96025e-05
-6.31989,-1.8687e-05,-0.000145801
-6.31499,-0.000380348,-8.744e-05
-6.3101,0.000192757,-0.000749395
-6.30521,9.42145e-05,0.000672859
-6.30032,-0.00121821,-0.000449563
-6.29542,3.05146e-05,-0.000879697
-6.29053,-0.000286059,-0.000232297
-6.28564,-0.000508263,-0.000870186
-6.28074,0.000178982,-0.00099322
-6.27585,3.73355e-05,-0.000640695
-6.27096,0.000485605,-0.00124685
-6.26607,0.00120536,1.2217e-05
-6.26117,-0.000261953,0.000187814
-6.25628,0.000343158,-0.000751295
-6.25139,0.000427823,9.84415e-05
-6.2465,0.000140806,-0.00034442
-6.2416,0.000368642,1.42599e-05
-6.23671,0.000267842,-0.000352297
-6.23182,0.00072175,0.000550138
-6.22692,-0.000621753,0.000390726
-6.22203,-4.23783e-05,-0.000181099
-6.21714,-0.000514384,3.06916e-05
-6.21225,-0.000266184,-0.000751487
-6.20735,0.000449373,-0.000706389
-6.20246,0.000751556,0.000221009
-6.19757,-0.000207057,0.000216365
-6.19267,0.000360648,1.5185e-05
-6.18778,-0.000296165,0.000622605
-6.18289,-0.000753873,-3.31622e-05
-6.178,-0.000487432,-0.00083832
-6.1731,0.000679567,-0.000342553
-6.16821,-0.000311146,0.00037378
-6.16332,-0.000313314,-0.000352503
-6.15843,-0.000310552,-0.000511589
-6.15353,0.000586561,-0.000547598
-6.14864,5.01465e-05,0.000453564
-6.14375,-0.0003765,-0.000194522
-6.13885,-0.0001623,-0.000340096
-6.13396,8.45129e-05,-0.000218299
-6.12907,-0.000352112,-0.000214036
-6.12418,4.90873e-05,-0.000616557
-6.11928,0.000161442,-0.000517903
-6.11439,0.000784356,-0.000121467
-6.1095,-0.000260383,0.000429771
-6.1046,2.361e-05,-0.000480606
-6.09971,-2.81617e-05,2.38627e-05
-6.09482,0.000265067,-0.000505994
-6.08993,0.000225666,0.000303129
-6.08503,0.000121718,-0.000301238
-6.08014,0.000303111,0.00073263
-6.07525,-0.00103943,-6.43945e-05
-6.07036,0.000220097,-0.000720862
-6.06546,-4.75653e-06,5.66973e-05
-6.06057,0.000170772,-0.000466754
-6.05568,0.000322468,0.000232152
-6.05079,1.9033e-05,6.43155e-05
-6.04589,-0.000290195,0.000421501
-6.041,-0.000470714,-0.000707057
-6.03611,0.000542257,-0.00010913
-6.03121,5.77865e-05,-0.000170437
-6.02632,0.000548668,0.000561733
-6.02143,-0.000624726,0.000211944
-6.01654,0.000168862,0.000344941
-6.01164,-0.00111816,-5.06686e-06
-6.00675,0.000350421,-0.000470005
-6.00186,-0.000554951,0.000215531
-5.99696,0.000306597,-0.00020655
-5.99207,-0.000945946,0.000677638
-5.98718,-0.000771133,-0.000889007
-5.98229,-0.000432362,-0.000784616
-5.97739,0.000623897,-0.00110182
-5.9725,0.000482012,8.8976e-05
-5.96761,0.000478697,-3.82864e-05
-5.96272,-0.000289798,0.000479279
-5.95782,-3.9714e-05,-0.00056139
-5.95293,0.000246887,-5.36911e-06
-5.94804,0.000682847,3.17673e-05
-5.94314,-0.000169239,0.00122195
-5.93825,-0.000756253,2.14583e-06
-5.93336,-0.000482068,0.000266633
-5.92847,-0.000574369,-0.000437883
-5.92357,-7.75668e-05,0.000221809
-5.91868,-0.00109621,-9.48454e-05
-5.91379,-0.000387181,-0.000976289
-5.90889,7.7671e-05,-0.000403333
-5.904,2.51584e-05,-0.000534622
-5.89911,0.000347774,0.000294654
-5.89422,-0.0010169,-0.000173158
-5.88932,0.000418305,-0.000844345
-5.88443,-0.000165396,0.000319567
-5.87954,-0.000106511,-0.000394765
-5.87465,-0.000492228,0.000135539
-5.86975,-0.000383847,-0.000895958
-5.86486,8.77336e-05,-0.000470484
-5.85997,0.000288628,-0.000634931
-5.85507,0.000387241,4.31297e-05
-5.85018,3.87947e-06,7.14123e-05
-5.84529,-0.000379579,-5.97811e-05
-5.8404,-6.54618e-05,-0.000518475
-5.8355,-2.06651e-05,-0.000386731
-5.83061,0.00055456,-0.000347865
-5.82572,-7.20502e-05,0.00035523
-5.82083,-5.46616e-06,-0.000330054
-5.81593,-0.000157108,0.000164945
-5.81104,-0.000121644,-0.000460929
-5.80615,-0.00012546,-5.95639e-05
-5.80125,8.08334e-05,-0.000710131
-5.79636,0.000364399,0.000131782
-5.79147,-0.000182086,-0.000284275
-5.78658,0.00023183,-0.000273393
-5.78168,0.000396763,-0.000253086
-5.77679,0.000318904,0.000463927
-5.7719,-0.000406719,-9.72612e-06
-5.767,0.000100505,-0.000209882
-5.76211,-0.000116567,-0.000181543
-5.75722,0.000436196,-0.000479349
-5.75233,0.000668097,0.000375446
-5.74743,-6.37973e-05,0.000535619
-5.74254,-0.00018953,0.000136856
-5.73765,0.000184867,0.000133046
-5.73276,-0.000325992,0.000844958
-5.72786,-0.000963499,-0.000392804
-5.72297,0.000275295,-0.000189724
-5.71808,-0.000501661,-4.1622e-05
-5.71318,0.000331104,-0.000206483
-5.70829,-0.000370404,0.000333958
-5.7034,-0.000125998,-5.82989e-05
-5.69851,-0.000744155,2.86906e-05
-5.69361,-0.000108658,-0.000753848
-5.68872,1.83623e-05,-0.000246045
-5.68383,0.000329234,-0.000296146
-5.67894,-2.81665e-06,0.000196423
-5.67404,-0.000109656,-4.98807e-05
-5.66915,-0.000271968,-0.000381711
-5.66426,0.000607139,-0.000228279
-5.65936,-0.000173498,0.000113276
-5.65447,0.00077639,-0.000206033
-5.64958,-7.84657e-05,0.000962186
-5.64469,-0.000298367,-3.32252e-05
-5.63979,-0.000127199,6.36234e-05
-5.6349,0.000444233,0.000211
-5.63001,-0.000470264,0.000848845
-5.62511,-0.000373016,0.000318639
-5.62022,-0.00140854,0.000143225
-5.61533,0.000262146,-0.00112929
-5.61044,-0.000337073,0.000884456
-5.60554,-0.000538526,-0.00112687
-5.60065,0.000628475,0.000350469
-5.59576,-0.000508561,5.81566e-05
-5.59087,-1.73766e-05,-4.10673e-05
-5.58597,0.000127027,0.000256073
-5.58108,-0.00088543,0.000846299
-5.57619,-0.00109838,-0.000817151
-5.57129,-0.000176045,-0.000560601
-5.5664,1.71173e-05,-0.000920341
-5.56151,0.000816104,-0.000233249
-5.55662,0.000619617,0.000605353
-5.55172,-0.000713267,0.000955369
-5.54683,-0.000592452,-0.00056486
-5.54194,2.73829e-06,2.06108e-05
-5.53705,0.000226486,-0.000268831
-5.53215,6.77858e-05,0.000957256
-5.52726,-0.000584453,2.30253e-05
-5.52237,-0.000209964,0.000910125
-5.51747,-0.00158828,-3.71743e-05
-5.51258,-0.000340654,-0.000613767
-5.50769,-0.000412407,-0.000105434
-5.5028,-0.00057552,-0.000139081
-5.4979,-0.000539424,-0.000610805
-5.49301,-0.000141234,-0.000420536
-5.48812,5.57034e-05,-0.000646076
-5.48322,0.000464993,0.000368145
-5.47833,-0.000802708,0.000203817
-5.47344,-0.000137782,-0.000489909
-5.46855,-4.51117e-05,6.59397e-05
-5.46365,-0.000256058,4.9658e-05
-5.45876,-0.000301914,4.58822e-05
-5.45387,-0.000482047,8.71032e-05
-5.44898,-0.00060918,-0.000342157
-5.44408,-3.60063e-05,-0.000402732
-5.43919,-6.70142e-05,0.000119463
-5.4343,-0.000430782,0.000110785
-5.4294,-0.000530188,-7.63017e-05
-5.42451,-0.000468268,-0.000237501
-5.41962,-0.000389421,-0.000246189
-5.41473,-0.000236376,-0.000219242
-5.40983,-0.000612621,8.74058e-05
-5.40494,-0.000660625,-0.000904303
-5.40005,0.000387618,-0.000261118
-5.39515,-0.000524143,1.48894e-05
-5.39026,-0.00029182,-0.00026279
-5.38537,-0.000498538,-0.000648553
-5.38048,0.000549856,-0.000103812
-5.37558,-0.0010033,0.000154972
-5.37069,0.000213937,-0.000909835
-5.3658,-0.000202498,0.000419997
-5.36091,-0.000338696,-0.000294085
-5.35601,-0.000726502,-1.40316e-05
-5.35112,-0.000154303,-0.000756063
-5.34623,-0.000553971,4.92424e-05
-5.34133,-0.000228111,-0.000951341
-5.33644,-0.000468482,-2.28893e-05
-5.33155,-0.000257815,-0.00161492
-5.32666,0.000909643,-0.000228553
-5.32176,0.000118749,-0.000342403
-5.31687,0.000465831,0.000264039
-5.31198,-0.00047584,-9.70631e-05
-5.30709,0.000215987,-0.00051844
-5.30219,0.00057803,-1.60912e-05
-5.2973,8.56405e-05,0.000675847
-5.29241,-0.00037807,0.000121164
-5.28751,-0.000176653,0.00028504
-5.28262,-0.000502177,8.01884e-05
-5.27773,-0.000381641,-6.04972e-06
-5.27284,-0.000274884,-7.78708e-05
-5.26794,-0.000400218,0.000248296
-5.26305,-0.000696906,-2.01149e-05
-5.25816,-0.000822345,-0.000192229
-5.25327,-0.000588093,-0.000730016
-5.24837,-0.000179232,-0.000580305
-5.24348,0.000132603,-0.000377753
-5.23859,-0.000335264,0.000222669
-5.23369,-0.000631512,-0.000555965
-5.2288,-5.67594e-05,-0.000394843
-5.22391,-0.000437175,-0.000297343
-5.21902,-9.20141e-05,-0.000923922
-5.21412,0.000774351,1.84282e-05
-5.20923,-0.000672873,0.000484501
-5.20434,-0.000237668,-0.000516296
-5.19944,-0.000498053,0.000158104
-5.19455,-0.000510302,-0.000706329
-5.18966,-0.000283809,-0.000485191
-5.18477,0.000331337,-0.000806884
-5.17987,0.000111235,0.000438144
-5.17498,-0.000561912,-0.000457951
-5.17009,0.000115023,-0.000355025
-5.1652,0.000141394,-7.90854e-05
-5.1603,-0.000436133,0.000277199
-5.15541,-0.000365834,-0.000580401
-5.15052,-8.30276e-05,-5.37575e-05
-5.14562,-0.000100407,-0.000319881
-5.14073,-0.000381509,0.000404665
-5.13584,-0.000903666,-0.000685552
-5.13095,-0.000154391,-0.000558531
-5.12605,-0.000223625,-0.000929154
-5.12116,0.000706928,-0.000505306
-5.11627,0.000261173,0.000327153
-5.11137,-0.000528345,-1.08357e-05
-5.10648,0.000336355,-0.000631197
-5.10159,0.000196829,0.000751692
-5.0967,-0.000629869,5.33623e-06
-5.0918,-0.000333107,0.000192254
-5.08691,-0.000581139,-0.000238326
-5.08202,-0.000460823,0.000147735
-5.07713,-0.000702362,-0.000560633
-5.07223,-0.000188007,0.000234475
-5.06734,-0.00154571,-0.000273393
-5.06245,-0.000917106,-0.00125016
-5.05756,-0.000258392,-0.00176672
-5.05266,0.00103231,-0.000870465
-5.04777,0.000199919,-0.000208815
-5.04288,0.000522542,-9.67221e-05
-5.03798,-0.000631998,0.000191083
-5.03309,-5.86325e-05,-0.0011237
-5.0282,0.000666688,-3.76545e-05
-5.02331,-2.88447e-05,0.000185245
-5.01841,-0.000252338,0.000348934
-5.01352,-0.0010754,-8.60492e-05
-5.00863,-0.000666029,-0.00111914
-5.00373,0.000321248,-0.000986775
-4.99884,0.000288608,-0.0001162
-4.99395,-0.000240712,-0.00043517
-4.98906,0.000271163,-0.000288384
-4.98416,-0.00041624,-0.000171956
-4.97927,1.54815e-05,-0.000697806
-4.97438,3.31725e-06,-0.000407101
-4.96949,0.000418942,-0.000440566
-4.96459,-0.000121683,0.000324176
-4.9597,-0.00068097,-0.000551877
-4.95481,-4.89785e-05,-0.00102323
-4.94991,0.000540831,-0.00065896
-4.94502,0.000201479,-0.000409279
-4.94013,0.000652973,-0.000585409
-4.93524,0.000563905,-4.69364e-05
-4.93034,0.000608948,5.22339e-06
-4.92545,0.000306355,0.000202584
-4.92056,0.000587657,0.000397792
-4.91566,-0.000404316,0.00064082
-4.91077,0.000102467,5.14152e-05
-4.90588,-0.000733405,0.000581694
-4.90099,-0.000157223,-0.000523028
-4.89609,-0.000677688,0.000463213
-4.8912,-0.000284719,-0.00129326
-4.88631,0.00042497,0.000488793
-4.88142,-0.000811133,-0.000659664
-4.87652,0.000562889,-0.00041471
-4.87163,0.000103705,-0.000171896
-4.86674,0.000290207,0.000340305
-4.86184,-0.000556087,-0.000167008
-4.85695,0.000376888,-0.000247698
-4.85206,-0.000157746,0.000194979
-4.84717,5.51529e-05,-7.0597e-05
-4.84227,-0.000370284,0.000363768
-4.83738,-0.000674053,-0.000695039
-4.83249,0.000745953,-0.00057756
-4.82759,8.83911e-05,0.000509976
-4.8227,1.61908e-05,-0.000130081
-4.81781,-0.000172578,0.000460811
-4.81292,-0.000327833,-0.000466228
-4.80802,0.000459511,0.000135861
-4.80313,-0.000208259,0.000423711
-4.79824,-0.000307128,1.36813e-05
-4.79335,0.000249061,0.000219439
-4.78845,-0.000683946,0.000818901
-4.78356,-0.000555244,-0.000212552
-4.77867,-0.000819701,0.000542565
-4.77378,-0.000923144,-0.00109067
-4.76888,0.000468727,3.62419e-06
-4.76399,-0.000690164,0.0001606
-4.7591,-0.000500481,3.16932e-05
-4.7542,-0.000936523,-0.000455591
-4.74931,-0.000273827,-0.000437272
-4.74442,-0.000812989,-0.000605023
-4.73953,0.000121341,-0.00109853
-4.73463,0.000295776,-0.000106514
-4.72974,-0.000515936,-0.000414108
-4.72485,0.000595867,-0.00106604
-4.71995,0.000807236,0.000614832
-4.71506,-0.000380698,0.000331587
-4.71017,-0.000267547,0.00032377
-4.70528,-0.000866047,-0.000352481
-4.70038,0.000419381,-0.0006037
-4.69549,9.191e-05,0.000800698
-4.6906,-0.00119986,9.86335e-05
-4.68571,-0.000184594,-0.000722173
-4.68081,-0.000424086,0.000307419
-4.67592,-0.00072037,-0.00083505
-4.67103,6.63375e-05,-0.000174304
-4.66613,-0.000604854,-0.000674255
-4.66124,0.000503718,-0.000333098
-4.65635,-0.000579652,-1.69297e-05
-4.65146,0.000226072,-0.000668508
-4.64656,-0.000140859,0.000283367
-4.64167,-0.000287982,-0.000568797
-4.63678,0.000204655,3.78487e-05
-4.63188,-0.000419859,-8.37581e-05
-4.62699,-0.000122478,-0.000232553
-4.6221,-0.000203373,-0.000291743
-4.61721,0.000191074,-4.76561e-05
-4.61231,-0.000381091,0.000185974
-4.60742,-0.000252246,-0.000108495
-4.60253,-0.000469437,1.08892e-05
-4.59764,-0.000371124,-0.000133849
-4.59274,-0.000688524,-0.000169971
-4.58785,-0.000467358,-0.000367307
-4.58296,-0.000942341,-0.000735857
-4.57806,0.000440915,-0.00130505
-4.57317,0.000312836,0.000175947
-4.56828,-0.000247262,-0.000252653
-4.56339,-0.000394272,-0.000316384
-4.55849,8.09914e-05,-0.000857439
-4.5536,0.000316622,-0.000379762
-4.54871,0.000809182,-0.000139171
-4.54381,-0.00013675,0.000858009
-4.53892,-0.000343654,-0.000176021
-4.53403,-0.00041389,0.000235317
-4.52914,-0.000126593,-0.00052336
-4.52424,-0.000149732,0.000410939
-4.51935,-0.000277468,-0.000288131
-4.51446,-0.000468367,0.000608755
-4.50957,-0.000933478,-0.000615236
-4.50467,-0.000362818,-0.000124791
-4.49978,-0.00061904,-0.000783751
-4.49489,-0.000182518,-0.000354617
-4.49,-0.000117623,-0.000799558
-4.4851,-0.000216963,7.06605e-05
-4.48021,-0.00028033,-0.00135171
-4.47532,0.000879647,0.000194999
-4.47042,-0.000675833,-0.000305475
-4.46553,0.000479484,-0.000538997
-4.46064,0.000525373,-0.000106783
-4.45575,0.000235021,0.00105315
-4.45085,-0.000938909,-7.17737e-06
-4.44596,-9.5877e-05,0.000407582
-4.44107,-0.00130296,-0.000238444
-4.43617,-0.000106604,-0.000421375
-4.43128,-0.000643533,-0.000397311
-4.42639,9.01805e-05,9.86779e-05
-4.4215,-0.00156039,-0.000154281
-4.4166,-0.000262864,-0.00141692
-4.41171,8.3448e-05,-0.000640297
-4.40682,0.000368922,-0.000216785
-4.40193,-0.000587816,0.000250233
-4.39703,-0.00097703,-0.000597082
-4.39214,-0.000421037,-0.00159446
-4.38725,0.00104342,-0.000751984
-4.38235,2.73139e-05,8.11858e-05
-4.37746,-4.17565e-05,-0.000196637
-4.37257,-0.000585996,-0.000649328
-4.36768,0.000673909,-0.000983099
-4.36278,0.000299045,8.17206e-06
-4.35789,0.000434921,-0.000394667
-4.353,0.000312608,0.000360798
-4.3481,-0.000279513,2.62985e-05
-4.34321,-1.78805e-05,-0.000398537
-4.33832,0.000412757,2.00435e-05
-4.33343,-9.99649e-05,0.00018121
-4.32853,0.000113149,0.000182766
-4.32364,-0.000494552,0.000236059
-4.31875,2.73242e-05,-6.34164e-05
-4.31386,-0.000810127,0.000624984
-4.30896,-0.000929254,-0.00107216
-4.30407,0.000661781,-0.000383679
-4.29918,-0.000504916,0.000417398
-4.29428,-0.000473319,-0.000737678
-4.28939,0.000345073,-0.000342769
-4.2845,0.000266854,0.000188579
-4.27961,-0.000322305,0.000771067
-4.27471,-0.00122167,-4.69483e-06
-4.26982,-0.000601477,-0.000615364
-4.26493,-0.000507821,-0.000412766
-4.26003,-0.000593608,-0.000747411
-4.25514,0.000109786,-0.00108189
-4.25025,0.000513637,-0.000226194
-4.24536,3.45531e-05,-5.46382e-05
-4.24046,-0.000112423,4.03215e-05
-4.23557,-0.000162772,-0.000356756
-4.23068,0.000122408,0.00027773
-4.22579,-0.000896092,-7.46841e-05
-4.22089,-8.99857e-05,-0.000706344
-4.216,-6.03204e-05,-1.81814e-05
-4.21111,-0.000523969,-0.000445499
-4.20621,0.000594214,-0.000794418
-4.20132,0.000451726,0.00116511
-4.19643,-0.0015398,0.000168869
-4.19154,-0.000245484,-0.000785659
-4.18664,-0.000214938,-4.20568e-05
-4.18175,-0.000565514,4.12183e-05
-4.17686,-0.000926405,-0.000663327
-4.17197,-4.6074e-05,-0.000669309
-4.16707,-0.000407002,-0.000537459
-4.16218,0.000199738,-0.000420396
-4.15729,-0.00059629,-0.00013303
-4.15239,-0.000273302,-0.000731111
-4.1475,-0.000283035,-0.000800295
-4.14261,0.000650148,-0.00060456
-4.13772,-0.000317778,0.000114201
-4.13282,0.000143972,-0.000830884
-4.12793,0.00017565,6.76676e-05
-4.12304,0.000163059,-0.000292263
-4.11814,-0.000204447,0.000512228
-4.11325,-0.000653103,-0.00054109
-4.10836,6.00689e-06,-0.000172112
-4.10347,-0.000492114,-0.000424852
-4.09857,0.000117915,-0.000424327
-4.09368,-0.000268001,-6.95809e-05
-4.08879,-0.000361689,-0.000567873
-4.0839,0.000257849,-0.000550245
-4.079,4.05732e-05,9.9651e-05
-4.07411,-0.000224194,-0.000305151
-4.06922,8.68109e-06,3.60893e-05
-4.06432,-0.00052706,-0.000165972
-4.05943,-0.000193381,-0.000249992
-4.05454,-0.000699208,-0.000393001
-4.04965,0.000134886,-0.000963346
-4.04475,0.000163123,0.000101879
-4.03986,-0.000456302,-0.000478753
-4.03497,0.000286039,-0.000410143
-4.03008,-0.000185415,9.36184e-05
-4.02518,-0.000429244,-0.00045589
-4.02029,0.000131124,-0.0005521
-4.0154,8.88784e-05,-7.69811e-05
-4.0105,-1.3853e-07,-0.00012712
-4.00561,-0.000258791,0.000182959
-4.00072,-0.000373617,-0.00027271
-3.99583,-0.000572724,0.000231839
-3.99093,-0.00107394,-0.00118795
-3.98604,0.000706348,-0.000696843
-3.98115,-0.00061348,-4.64038e-05
-3.97626,1.33851e-05,-0.000938764
-3.97136,-0.00012503,-0.000395243
-3.96647,0.000205502,-0.000826319
-3.96158,0.00034498,-0.000516808
-3.95668,0.00101226,3.31732e-05
-3.95179,-0.000709685,0.000993916
-3.9469,-0.000626806,-0.00116732
-3.94201,0.000542047,-3.7654e-05
-3.93711,-0.000490316,-7.0112e-05
-3.93222,-0.000318388,-0.000481029
-3.92733,-5.41964e-05,-0.000886933
-3.92243,0.000691921,-0.000468721
-3.91754,0.000323069,0.000240749
-3.91265,-0.000117902,-0.000174036
-3.90776,0.000642132,0.000220708
-3.90286,-0.00100582,0.000827887
-3.89797,-0.000526375,-0.00117328
-3.89308,0.000142301,0.000110998
-3.88819,-0.000441733,-0.000945029
-3.88329,0.0010305,-0.000210391
-3.8784,5.67758e-05,0.000734134
-3.87351,-0.000904,0.000346453
-3.86861,-0.000337873,-0.0010144
-3.86372,0.000354707,0.000373286
-3.85883,-0.000664128,-0.000455071
-3.85394,0.00049419,0.000289435
-3.84904,-0.00111232,4.31644e-05
-3.84415,0.000140813,-0.000197368
-3.83926,-0.00137672,8.82939e-05
-3.83436,-9.56798e-05,-0.00130723
-3.82947,-0.000222396,0.000107856
-3.82458,-0.000660017,-0.000953131
-3.81969,0.000322522,-0.000918703
-3.81479,0.000443883,1.11035e-05
-3.8099,-0.000682525,-0.000184292
-3.80501,0.000300627,-0.00099318
-3.80012,0.000275401,8.16564e-05
-3.79522,9.75659e-05,-0.000394173
-3.79033,0.000396331,0.000312388
-3.78544,-0.000496345,0.000453346
-3.78054,-0.000725212,-0.000185864
-3.77565,-0.000533914,-0.00033447
-3.77076,-0.000592411,-0.000809831
-3.76587,0.000321481,-0.000678602
-3.76097,-0.000249289,-0.000186942
-3.75608,0.000183316,-0.000675985
-3.75119,3.02987e-05,8.89772e-05
-3.74629,-0.000231546,-0.000421883
-3.7414,2.99197e-05,-0.000198992
-3.73651,-0.000164466,-0.000159227
-3.73162,-0.000372327,-0.000241063
-3.72672,-0.000229451,-0.000515701
-3.72183,-0.000328739,-0.000553803
-3.71694,0.000265969,-0.00106779
-3.71205,0.000904748,-8.60691e-05
-3.70715,-6.22233e-05,0.000589062
-3.70226,-0.000674045,-0.000453306
-3.69737,0.000695121,-0.000427723
-3.69248,-0.000453723,0.00084181
-3.68758,-0.000836779,-0.000890247
-3.68269,0.000335684,-0.000372814
-3.6778,-0.000275797,-5.20196e-05
-3.6729,-0.00062688,-0.000330828
-3.66801,-0.000190358,-0.00140486
-3.66312,0.0010333,-0.000370514
-3.65823,-4.09316e-05,-0.000107739
-3.65333,0.00083236,-0.000204676
-3.64844,-0.000213619,0.000822008
-3.64355,-0.000516431,-0.000383553
-3.63865,-0.000117801,-0.000234554
-3.63376,0.000134774,-0.000424057
-3.62887,-0.000104545,0.000271579
-3.62398,-0.00029326,-0.000721174
-3.61908,0.00059642,0.000106024
-3.61419,-0.000386511,0.00018782
-3.6093,-0.000278206,0.000131027
-3.60441,-0.000888775,-0.000576837
-3.59951,0.00036227,-0.000758554
-3.59462,-4.79821e-05,-0.000199957
-3.58973,0.000435235,-0.000266673
-3.58483,-0.000307874,0.000325925
-3.57994,-0.000335083,-0.000650104
-3.57505,0.000402684,-0.000450746
-3.57016,0.000289521,0.000216321
-3.56526,-0.00020232,-7.60016e-05
-3.56037,0.000161482,0.000153241
-3.55548,-0.000522577,-0.000132387
-3.55058,0.000357856,-6.05471e-05
-3.54569,-0.000773947,0.000185627
-3.5408,0.000167271,-0.000666271
-3.53591,-0.000238781,0.000283176
-3.53101,-0.000121015,-0.000499876
-3.52612,-8.03853e-05,-6.41014e-05
-3.52123,0.000310728,-0.000236026
-3.51634,-0.000295671,0.000404295
-3.51144,0.000204365,-0.000363583
-3.50655,-0.000240529,0.00113426
-3.50166,-0.00128017,-0.000330159
-3.49676,-0.000311091,-0.000310834
-3.49187,-0.000758311,-0.000406522
-3.48698,-0.0003774,-0.000938273
-3.48209,0.000459746,-0.000706735
-3.47719,-7.15061e-06,2.443e-05
-3.4723,0.000290735,-0.000616015
-3.46741,0.000417087,0.000599622
-3.46251,-0.000524085,0.000266793
-3.45762,-0.000712795,6.5925e-05
-3.45273,-0.000375164,-0.000983052
-3.44784,0.000651934,0.000169891
-3.44294,-0.000781664,0.000436164
-3.43805,-0.000559948,-0.000479171
-3.43316,-0.000268448,-0.000186749
-3.42827,-0.000756889,-0.000366964
-3.42337,-4.47882e-06,-0.00104924
-3.41848,0.000265785,0.000223475
-3.41359,-0.00105528,-0.000397236
-3.4087,0.000194225,-0.00132359
-3.4038,0.000515704,-4.73424e-05
-3.39891,-0.000291191,-0.000509604
-3.39402,0.00073426,-0.000460917
-3.38912,-8.97323e-05,4.52531e-05
-3.38423,0.000884061,-0.000573337
-3.37934,0.000263175,0.00115767
-3.37445,-0.000379586,-0.00030384
-3.36955,0.000378895,0.000689714
-3.36466,-0.000767509,9.94082e-05
-3.35977,0.000123547,0.00019301
-3.35487,-0.000784165,0.000268609
-3.34998,-0.000318932,-0.000259925
-3.34509,-0.00035754,-0.000188619
-3.3402,0.000178448,-0.000127263
-3.3353,-0.000282964,0.000505617
-3.33041,-0.00057272,-8.07501e-05
-3.32552,-0.000130022,9.6143e-05
-3.32063,-0.000642023,0.000243096
-3.31573,-0.000349391,-0.000105562
-3.31084,-0.000690475,0.000437529
-3.30595,-0.00091013,-0.000334102
-3.30105,-0.000661928,-2.77663e-05
-3.29616,-0.000929871,-0.000686866
-3.29127,-9.58797e-05,-0.000417124
-3.28638,-0.000563223,-0.000125809
-3.28148,-0.00058991,-0.000205313
-3.27659,-0.000795093,-0.000515262
-3.2717,-0.000438852,-0.000501451
-3.2668,-0.000688847,-0.000686658
-3.26191,-6.36738e-05,-0.000792009
-3.25702,-8.63353e-05,-0.000307368
-3.25213,-0.000378535,-1.73668e-05
-3.24723,-0.00108941,-0.000598085
-3.24234,-0.000153015,-0.00132302
-3.23745,0.000348634,-0.000595746
-3.23256,0.000160595,-3.7513e-05
-3.22766,-0.00066612,-7.91745e-05
-3.22277,-0.000323402,-0.000783374
-3.21788,-0.000271077,-0.000373964
-3.21299,-0.000185115,-0.000785611
-3.20809,-0.000138994,-0.000250957
-3.2032,-0.000325832,-0.000951561
-3.19831,0.000406038,-0.000179099
-3.19341,-0.000968216,-0.000385586
-3.18852,6.59619e-05,-0.00147399
-3.18363,0.000514305,-0.000787637
-3.17874,0.00102499,-0.000564676
-3.17384,0.000623304,0.00081656
-3.16895,-0.000833545,0.000341548
-3.16406,-0.000467997,-0.0008938
-3.15916,0.000629023,-0.000503272
-3.15427,0.000138704,0.000365064
-3.14938,-0.000342502,7.069e-05
-3.14449,-0.000422119,-9.94401e-05
-3.13959,-0.000543083,-0.000232918
-3.1347,-0.000584868,-0.000888231
-3.12981,0.000489394,-0.000691295
-3.12492,-0.000372112,-7.38433e-05
-3.12002,0.000185333,-0.00121189
-3.11513,0.000887762,7.90093e-05
-3.11024,-0.000184047,0.000362039
-3.10534,-0.000622405,-0.000390931
-3.10045,0.000442042,-0.00105556
-3.09556,0.000760486,0.000364628
-3.09067,-0.000201208,2.76508e-05
-3.08577,0.000433519,7.51465e-05
-3.08088,-0.000254405,0.000494856
-3.07599,-0.000184459,-0.000105723
-3.07109,-0.000141531,0.000506963
-3.0662,-0.000996527,-0.000129327
-3.06131,-3.92541e-05,-0.000597291
-3.05642,-0.000164593,-0.000142681
-3.05152,0.000326727,-0.0001579
-3.04663,-0.000407314,0.000572089
-3.04174,-0.000346949,-0.000309439
-3.03685,-0.000431252,0.000377957
-3.03195,-0.000611177,-0.000530316
-3.02706,-0.000244163,0.000137423
-3.02217,-0.000784467,-0.000717085
-3.01727,0.000439983,-0.000365552
-3.01238,-0.000258208,0.000197871
-3.00749,-0.000220375,9.99222e-05
-3.0026,-0.000802268,9.53199e-05
-2.9977,-0.000526736,-0.000534466
-2.99281,-0.000324693,-0.000164869
-2.98792,-0.000650355,-0.00047787
-2.98302,0.000107681,-0.000638998
-2.97813,-0.000106854,0.000391432
-2.97324,-0.00115719,-0.000328786
-2.96835,9.40033e-05,-0.00114756
-2.96345,0.000286645,0.000616723
-2.95856,-0.00155054,-0.000313105
-2.95367,0.00032706,-0.00119924
-2.94878,-0.000273526,0.000341392
-2.94388,-0.000359203,-0.000702169
-2.93899,-0.000442804,2.82334e-06
-2.9341,-0.000290288,-0.00113202
-2.9292,0.000310057,1.05366e-06
-2.92431,-5.28893e-05,-0.00045926
-2.91942,-3.44729e-05,0.000902206
-2.91453,-0.00161711,-0.000680594
-2.90963,0.000360632,-0.000508516
-2.90474,-0.00140211,-0.000142265
-2.89985,-6.10492e-05,-0.00173819
-2.89496,0.000452315,-0.000332872
-2.89006,1.03008e-05,-0.000367585
-2.88517,3.55914e-05,-0.000285449
-2.88028,3.59936e-05,-0.000139295
-2.87538,-0.000296049,-0.000139294
-2.87049,-0.000161078,-0.000281932
-2.8656,-0.000343905,-0.000322465
-2.86071,8.36805e-05,-0.000401758
-2.85581,-0.000277307,9.44161e-05
-2.85092,-0.000438312,-0.000452338
-2.84603,-0.000182592,-0.00028073
-2.84114,-0.000416986,-0.000511369
-2.83624,0.0001963,-0.000572588
-2.83135,-8.25567e-05,0.000163581
-2.82646,-0.000568093,-0.000520136
-2.82156,0.000344085,-0.000445984
-2.81667,-0.000262543,0.000348273
-2.81178,-0.000697445,-0.000448705
-2.80689,-8.85366e-05,-0.000512536
-2.80199,-0.000218447,-0.000328748
-2.7971,3.03749e-05,-0.000314537
-2.79221,-0.000431144,3.5687e-05
-2.78731,-0.000414455,-0.000720292
-2.78242,-5.33013e-06,-0.000321632
-2.77753,-0.000199929,-0.000688444
-2.77264,0.000607284,-0.000304731
-2.76774,0.00018859,0.000340531
-2.76285,-0.000254421,0.000701946
-2.75796,-0.00127396,0.000116832
-2.75307,-0.000684195,-0.000607487
-2.74817,-0.000666682,-0.000630808
-2.74328,5.28655e-05,-0.000640986
-2.73839,-0.000535914,-3.4106e-05
-2.73349,-0.000389919,-0.000760734
-2.7286,-0.000350129,-0.000329977
-2.72371,-0.000153165,-0.000795165
-2.71882,-0.000253011,6.02217e-05
-2.71392,-0.000873999,-0.00110458
-2.70903,0.000626728,-0.000925307
-2.70414,0.000115399,-4.08566e-05
-2.69924,-0.000102961,-0.00010274
-2.69435,-0.000623448,-0.000267098
-2.68946,-0.000221145,-0.000934292
-2.68457,0.00032875,-0.000569642
-2.67967,0.000231333,3.56401e-05
-2.67478,-0.000643913,-1.47237e-05
-2.66989,-0.000298591,-0.00105377
-2.665,0.000541074,-0.000456353
-2.6601,0.000166477,-0.000127238
-2.65521,0.000310124,0.000184212
-2.65032,-0.000605419,0.000360975
-2.64542,-0.000367743,-0.000437558
-2.64053,-0.000440292,0.000139673
-2.63564,-0.000841661,-0.000834717
-2.63075,0.000403803,-0.000809457
-2.62585,0.000243083,0.000238449
-2.62096,-0.000617103,0.000166802
-2.61607,-0.000403574,-0.000335495
-2.61118,-0.000889794,7.09635e-05
-2.60628,-0.000873763,-0.00150242
-2.60139,0.000620904,-0.000665612
-2.5965,-0.000220504,-0.000503885
-2.5916,0.000616376,-0.000162897
-2.58671,-0.000729094,0.000217028
-2.58182,-0.000156268,-0.000730701
-2.57693,-0.000224999,-0.000207166
-2.57203,8.32572e-05,-0.000337875
-2.56714,-0.000618142,0.000265255
-2.56225,-0.000815946,-0.000712141
-2.55735,-0.000585921,-0.000861553
-2.55246,0.000135386,-0.00130519
-2.54757,0.000444911,-0.00038749
-2.54268,0.000128006,-0.00034425
-2.53778,-0.000180998,-0.000268625
-2.53289,0.000336389,-0.00077205
-2.528,0.000138201,0.000468146
-2.52311,-0.00063765,-0.000823357
-2.51821,0.000797041,-0.000118648
-2.51332,-0.000887792,0.000167027
-2.50843,5.11274e-05,-0.00105072
-2.50353,4.81309e-05,-0.000127712
-2.49864,0.000205451,-0.000742577
-2.49375,0.000412963,0.000131246
-2.48886,7.69264e-05,-0.000244415
-2.48396,0.000387171,0.000453862
-2.47907,-0.000491786,0.000362104
-2.47418,-0.000514037,0.000276304
-2.46929,-0.0010821,-0.000352374
-2.46439,-0.000249638,-0.000824047
-2.4595,-2.1209e-05,-0.000486255
-2.45461,4.15646e-05,-0.000125245
-2.44971,-0.000384139,-0.00029297
-2.44482,9.75504e-05,-0.000341322
-2.43993,-0.000112383,1.81682e-05
-2.43504,-0.00034819,0.000123161
-2.43014,-0.000719971,-0.000363055
-2.42525,-0.000248764,-0.000343265
-2.42036,-0.00071554,-0.000687874
-2.41546,0.00044855,-0.000849897
-2.41057,-1.72357e-05,8.49226e-05
-2.40568,2.35611e-05,-0.000436509
-2.40079,0.000173098,0.000304988
-2.39589,-0.000801867,0.000341973
-2.391,-0.000903863,-0.000744442
-2.38611,-1.57599e-05,-0.000703897
-2.38122,-4.8724e-05,-0.000465455
-2.37632,5.02501e-06,-2.25734e-05
-2.37143,-0.000622863,-0.000647166
-2.36654,0.000743632,-0.000574775
-2.36164,6.63648e-05,0.000533116
-2.35675,-0.000423067,0.000354317
-2.35186,-0.000847877,-0.000249186
-2.34697,-6.03151e-05,5.06113e-05
-2.34207,-0.001516,-0.000139427
-2.33718,-6.59868e-06,-0.00118075
-2.33229,-0.000639837,0.000171549
-2.3274,-0.000739021,-0.00123228
-2.3225,9.00105e-05,-0.00103272
-2.31761,0.000761713,-0.000529395
-2.31272,-7.47293e-05,0.000425125
-2.30782,-0.000390497,-9.63056e-05
-2.30293,-0.000844544,-0.000442659
-2.29804,0.000398326,-0.0008122
-2.29315,-0.000510028,0.000319876
-2.28825,-9.2122e-05,-0.000899505
-2.28336,-0.000284491,0.000378563
-2.27847,-0.000657468,-0.000856157
-2.27357,-8.54611e-05,-0.000321099
-2.26868,-0.000252845,-0.000573258
-2.26379,-0.000289786,-0.000494032
-2.2589,0.000577033,-0.000566946
-2.254,-0.000664707,0.000782296
-2.24911,-0.000583327,-0.00134069
-2.24422,0.000216266,0.000399915
-2.23933,-0.00122105,-0.000758441
-2.23443,-2.39275e-05,-0.000826857
-2.22954,-0.000137625,-0.00105013
-2.22465,0.0006347,-0.000278847
-2.21975,-0.000334029,-0.000232062
-2.21486,0.000204942,-0.000522751
-2.20997,8.61086e-05,0.00010923
-2.20508,-0.0009044,-0.000143611
-2.20018,-3.07046e-05,-0.00150575
-2.19529,0.000852925,-6.69311e-05
-2.1904,-6.26633e-05,5.2199e-05
-2.1855,-0.000366819,-1.74857e-05
-2.18061,9.61619e-05,-0.000956467
-2.17572,0.000556922,0.000644193
-2.17083,-0.000974487,-0.000301262
-2.16593,0.000524676,-0.000366406
-2.16104,-0.000479407,0.00034806
-2.15615,-0.000428043,-0.000527288
-2.15126,0.00021719,-0.000487281
-2.14636,0.000193835,0.000536663
-2.14147,-0.00107918,2.37368e-05
-2.13658,-0.000190284,-0.000828455
-2.13169,0.000109243,-0.000113257
-2.12679,-0.000247422,-0.000120378
-2.1219,0.000154132,-7.50344e-05
-2.11701,-0.000630405,0.000769805
-2.11211,-0.00135431,-0.000749864
-2.10722,2.29457e-05,-0.000839204
-2.10233,-0.000202778,-0.000426591
-2.09744,8.41139e-05,-0.000443013
-2.09254,6.33609e-05,-0.000245474
-2.08765,0.000177767,9.54435e-05
-2.08276,-0.000292828,0.000303544
-2.07786,-0.000586431,0.000184875
-2.07297,-0.000759811,-0.000171187
-2.06808,-0.000788589,-0.000357967
-2.06319,-0.000397864,-0.00105499
-2.05829,0.000392025,-0.000184832
-2.0534,-0.000564007,-0.00018685
-2.04851,0.000374437,-0.000488481
-2.04362,-0.000161879,0.000717656
-2.03872,-0.0008596,-0.00014433
-2.03383,-0.000374549,4.19143e-05
-2.02894,-0.00117682,-0.000368498
-2.02404,0.000115192,-0.000895192
-2.01915,-0.000312153,0.000456783
-2.01426,-0.00076419,-0.000336565
-2.00937,-0.000921951,-6.49636e-05
-2.00447,-0.000725314,-0.00130898
-1.99958,0.000126214,-0.000220598
-1.99469,-0.000756408,-0.000815491
-1.98979,0.000426563,-0.00051895
-1.9849,-0.000476701,-0.000151395
-1.98001,-2.80824e-05,-0.00065985
-1.97512,0.000278871,-0.00034819
-1.97022,0.000390525,0.000476687
-1.96533,-0.000625539,0.000701022
-1.96044,-0.00120987,0.000363991
-1.95555,-0.00127879,-0.00108095
-1.95065,0.000476879,-0.000427596
-1.94576,-0.000946563,0.000322081
-1.94087,-0.000292759,-0.000564844
-1.93597,-0.000740646,0.000615441
-1.93108,-0.00168896,-0.000547742
-1.92619,-0.000582392,-0.00128121
-1.9213,-0.000169335,-0.000192046
-1.9164,-0.00125383,-0.000662465
-1.91151,8.57155e-06,-0.00108414
-1.90662,-0.000486047,-0.000183871
-1.90172,-0.000327237,-0.000590099
-1.89683,-0.000965314,-0.000295402
-1.89194,-0.000182059,-0.00124694
-1.88705,-0.00048411,0.000118289
-1.88215,-0.00068827,-0.00151484
-1.87726,0.000591148,4.27526e-05
-1.87237,-0.00136375,-0.000189054
-1.86748,-0.000460148,-0.00109123
-1.86258,-0.000400712,-0.000922136
-1.85769,0.000109494,-0.000613605
-1.8528,-0.000636769,-0.000588262
-1.84791,0.000198001,-0.00102807
-1.84301,9.77029e-05,-0.00017027
-1.83812,-0.000182705,-0.000139902
-1.83323,-0.000736826,-0.000287149
-1.82833,-0.00021089,-0.000841778
-1.82344,-0.000169872,-0.000258419
-1.81855,-0.000301774,-0.000464364
-1.81366,-0.000196066,-0.000342115
-1.80876,-8.73494e-05,3.3024e-05
-1.80387,-0.00119604,0.000287067
-1.79898,-0.0011731,-0.00116528
-1.79408,-0.000177841,-0.000876584
-1.78919,-0.000403092,-0.000468882
-1.7843,-0.000651266,-0.000610565
-1.77941,-0.000440518,-0.00075247
-1.77451,-0.000717355,-0.000677618
-1.76962,-0.000396513,-0.00122498
-1.76473,-0.000160757,-0.000849499
-1.75984,-4.80041e-05,-0.00105531
-1.75494,0.000191642,-0.000662232
-1.75005,0.000212131,-0.000470048
-1.74516,-0.000303977,-8.90187e-05
-1.74026,-0.000166431,-0.000815835
-1.73537,-4.67132e-05,0.000148801
-1.73048,-0.000926987,-0.000687635
-1.72559,-7.85008e-06,-0.000574229
-1.72069,-0.00074758,-0.000675682
-1.7158,0.000318827,-0.00089537
-1.71091,-0.000483336,1.11731e-05
-1.70601,-0.000320371,-0.00122733
-1.70112,0.000475854,-0.000148664
-1.69623,-0.000584879,-0.000114236
-1.69134,-0.000222112,-0.000289991
-1.68644,-0.00109446,-0.000115465
-1.68155,-0.000819724,-0.00149831
-1.67666,0.000412365,-0.00097113
-1.67177,-8.54423e-05,-0.000172607
-1.66687,-0.000439981,-0.000587419
-1.66198,-0.000152304,-0.000460926
-1.65709,-0.000641869,-0.000590197
-1.65219,6.59681e-05,-0.00087683
-1.6473,-0.000433815,-4.22668e-05
-1.64241,-0.000713847,-0.00114917
-1.63752,0.000143678,-0.000835871
-1.63262,-0.000127348,-0.000795564
-1.62773,0.000411195,-0.000599271
-1.62284,-1.29408e-05,-1.77385e-05
-1.61794,-0.000406558,-0.000315171
-1.61305,-0.000162043,-0.000513339
-1.60816,-0.000265963,-8.98556e-05
-1.60327,-0.000752767,-0.000642474
-1.59837,0.000161427,-0.000806932
-1.59348,-0.00015366,9.22787e-05
-1.58859,-0.000592444,-0.00038598
-1.5837,-0.000467441,-0.000187837
-1.5788,-0.000991468,-0.000599299
-1.57391,-0.000477379,-0.000871202
-1.56902,-0.000710743,-0.000947885
-1.56413,0.000183444,-0.00132989
-1.55923,0.000166171,-0.000112897
-1.55434,-0.000678324,-0.000705173
-1.54945,0.000225326,-0.000872894
-1.54455,-0.000138099,-0.000111387
-1.53966,-0.000318124,-0.000607734
-1.53477,-0.000179435,-5.76781e-05
-1.52988,-0.00107207,-0.000505212
-1.52498,-0.000410827,-0.00116696
-1.52009,-3.76226e-05,-0.000832335
-1.5152,-0.00019222,-0.00038763
-1.5103,-0.000612545,-0.000981182
-1.50541,0.000251583,-0.000779071
-1.50052,-0.00055014,-0.000788896
-1.49563,0.000878473,-0.00122336
-1.49073,0.000388765,0.000626185
-1.48584,-0.000656755,-7.8041e-05
-1.48095,-0.000513864,-0.000331548
-1.47606,-0.000474089,-0.000393648
-1.47116,-0.000770471,-0.000702272
-1.46627,0.000202506,-0.000865221
-1.46138,-0.000418533,0.000157618
-1.45648,-0.000741653,-0.000590156
-1.45159,-0.00092811,-0.000789346
-1.4467,0.000234559,-0.0014348
-1.44181,-0.000107489,0.000236895
-1.43691,-0.000602351,-0.00115447
-1.43202,0.000349429,3.62424e-05
-1.42713,-0.00125716,-0.000210491
-1.42224,-0.000625678,-0.00117704
-1.41734,-7.52562e-05,-0.000837762
-1.41245,-0.000489342,-0.000498789
-1.40756,-5.13038e-05,-0.00104078
-1.40266,-0.000294523,0.000165455
-1.39777,-0.000973756,-0.00109584
-1.39288,-0.000122572,-0.000378742
-1.38799,-0.00124789,-0.00122311
-1.38309,0.000600801,-0.00126053
-1.3782,-0.000449767,-2.36652e-05
-1.37331,-0.000620612,-0.001061
-1.36841,-6.2138e-05,-0.000807935
-1.36352,-0.000468715,-0.000385185
-1.35863,-0.000719962,-0.00119017
-1.35374,0.000246236,-0.000686364
-1.34884,-0.00108226,-0.000231405
-1.34395,-0.000970506,-0.00159263
-1.33906,-0.000318474,-0.00158105
-1.33417,0.000123836,-0.00161614
-1.32927,0.00035139,-0.00112734
-1.32438,0.00031833,-0.00112959
-1.31949,0.00074418,-0.000626196
-1.31459,-0.000202345,0.000187544
-1.3097,-0.00110617,-0.00113703
-1.30481,0.000276361,-0.00172144
-1.29992,0.000356931,-0.000944474
-1.29502,0.000636324,-0.0011261
-1.29013,0.000565143,-0.000145646
-1.28524,-0.00011735,-0.000780031
-1.28034,0.000710563,-0.000410338
-1.27545,-0.000446986,-0.000288584
-1.27056,0.000636794,-0.00115692
-1.26567,0.000420032,0.000536048
-1.26077,-0.000786624,-0.000501798
-1.25588,0.00021389,-0.000847651
-1.25099,0.000234469,-0.000325389
-1.2461,2.20954e-05,-0.000140238
-1.2412,-0.000234243,-0.000217919
-1.23631,-0.000315238,-0.000389324
-1.23142,-3.10324e-05,-0.000453857
-1.22652,-0.000347954,6.79185e-05
-1.22163,-0.000787529,-0.000595693
-1.21674,-0.00027647,-0.00059927
-1.21185,-0.000635397,-0.000458828
-1.20695,-0.000800996,-0.000879319
-1.20206,-0.000509018,-0.00141146
-1.19717,0.000131507,-0.0013855
-1.19228,0.000469739,-0.00106481
-1.18738,0.000495702,-0.000583908
-1.18249,0.000316677,-0.000410958
-1.1776,7.53266e-05,-0.000265794
-1.1727,0.000154023,-0.000409355
-1.16781,-0.000248245,0.000185261
-1.16292,-0.000812774,-0.000984187
-1.15803,0.000598562,-0.000816698
-1.15313,-0.000180554,7.13978e-06
-1.14824,-0.000188979,-0.000628482
-1.14335,-7.81474e-05,-0.000315489
-1.13845,-0.00022056,-0.000395613
-1.13356,-0.000359476,-0.000367204
-1.12867,-0.000324016,-0.000678018
-1.12378,-0.000105975,-0.000510175
-1.11888,-0.000352932,-0.000407536
-1.11399,-0.000541451,-0.000809909
-1.1091,0.000147425,-0.00114923
-1.10421,0.000454861,-0.000345015
-1.09931,4.34244e-05,-0.000213657
-1.09442,-8.56066e-06,5.71513e-05
-1.08953,-0.000554527,1.52828e-05
-1.08463,-0.00082319,-0.000128559
-1.07974,-0.0010799,-0.00108535
-1.07485,0.000298633,-0.000946651
-1.06996,-0.000766912,-8.68229e-05
-1.06506,-0.00048646,-0.0015528
-1.06017,0.000438875,-0.000568902
-1.05528,-0.000363313,-0.000397311
-1.05038,-0.000327249,-0.000774591
-1.04549,3.852e-05,-0.000929799
-1.0406,0.000250307,-0.000388119
-1.03571,-0.000133865,-0.000321351
-1.03081,-0.000108319,-0.000293267
-1.02592,-0.000403991,-0.000278293
-1.02103,-0.000328509,-0.000722117
-1.01614,0.000398278,-0.0003089
-1.01124,-0.000553964,0.000641696
-1.00635,-0.00123855,-0.000464034
-1.00146,-0.000800427,-0.000534455
-0.996565,-0.00102876,-0.00105053
-0.991672,-0.000274351,-0.00101831
-0.986779,-0.000599542,-0.000935227
-0.981886,7.12417e-05,-0.00105834
-0.976994,-0.000338971,-0.000291084
-0.972101,-0.000681828,-0.00102878
-0.967208,-6.33939e-05,-0.00096515
-0.962316,-0.000323536,-0.000802617
-0.957423,0.000173909,-0.00110831
-0.95253,0.000215104,3.59643e-05
-0.947637,-0.00100176,-0.000641353
-0.942744,0.000319424,-0.000877973
-0.937851,-0.000957243,8.25315e-05
-0.932959,-0.000526534,-0.00181463
-0.928066,0.000351162,-0.000314977
-0.923173,-0.000701703,-0.00103698
-0.918281,0.000544827,-0.000793682
-0.913388,-8.6205e-05,-0.000209533
-0.908495,-0.000213762,0.000101544
-0.903602,-0.00134602,-0.000461576
-0.89871,-0.00043396,-0.00119397
-0.893817,-0.000525109,-0.000911933
-0.888924,9.74234e-05,-0.00102956
-0.884031,-0.000258763,-0.000322884
-0.879138,-0.000516408,-0.000594163
-0.874246,-0.000748361,-0.000855139
-0.869353,-0.000176804,-0.000924812
-0.86446,-0.00102182,-0.000738841
-0.859568,-0.000126278,-0.00209097
-0.854675,0.000713826,-0.000618826
-0.849782,-0.000213701,-0.000543081
-0.844889,-0.000147568,-0.000596851
-0.839996,-0.000332365,-0.000848047
-0.835104,-8.30935e-06,-0.000651931
-0.830211,-0.00057804,-0.000769007
-0.825318,0.000139861,-0.00129166
-0.820426,0.000245372,-0.000417451
-0.815533,-5.13808e-05,-0.000646631
-0.81064,-9.11255e-05,-0.000203078
-0.805747,-0.000377161,-0.000952565
-0.800854,0.000549842,-0.000103747
-0.795962,-0.000970798,-1.99059e-05
-0.791069,-0.000178292,-0.000614363
-0.786176,-0.00113415,-0.000124
-0.781283,-0.000563431,-0.00141115
-0.776391,-0.000226767,-0.000477049
-0.771498,-0.000565049,-0.000710834
-0.766605,-0.000912973,-0.000679851
-0.761712,-0.000521917,-0.00166654
-0.75682,0.000161274,-0.0010173
-0.751927,0.000230903,-0.000979983
-0.747034,0.000134531,4.80108e-05
-0.742141,-0.000797339,-0.000676238
-0.737248,0.000115657,-0.000342913
-0.732356,-0.00148182,-0.000156344
-0.727463,-0.000595594,-0.00191207
-0.72257,0.000294549,-0.000525745
-0.717678,-0.000744656,-0.000427127
-0.712785,-0.00091412,-0.000960745
-0.707892,-0.000292643,-0.0014814
-0.702999,-0.000263036,-0.000547199
-0.698106,-0.00073857,-0.00162405
-0.693213,0.000560646,-0.00109119
-0.688321,-4.21159e-05,-0.00084335
-0.683428,0.000499451,-0.000274146
-0.678535,-0.000712605,-0.000166469
-0.673643,-0.0004123,-0.000447321
-0.66875,-0.000990417,-0.000856099
-0.663857,-9.47057e-05,-0.000581846
-0.658964,-0.00155492,-0.000914313
-0.654072,0.000306478,-0.00169227
-0.649179,-0.000626051,-0.000376394
-0.644286,5.343e-05,-0.00149523
-0.639393,-0.000116957,1.0517e-05
-0.634501,-0.000946664,-0.000603541
-0.629608,-0.00110882,-0.0012069
-0.624715,4.54215e-06,-0.0014248
-0.619823,-0.000791273,-0.000824553
-0.61493,0.000174166,-0.00181083
-0.610037,0.000160778,-0.000420859
-0.605144,-0.000107225,-0.000686683
-0.600251,-0.000682774,-0.000565187
-0.595358,0.000261434,-0.0008419
-0.590466,-0.0014331,0.000266051
-0.585573,-0.00069985,-0.00227903
-0.58068,4.24099e-05,-0.000197531
-0.575788,-0.000952946,-0.00137427
-0.570895,-0.000218066,-0.000792089
-0.566002,-0.000436078,-0.00141619
-0.561109,4.63388e-05,-0.000359343
-0.556216,-0.000959761,-0.000847631
-0.551324,-0.000576351,-0.000899514
-0.546431,-0.000664815,-0.00121734
-0.541538,-0.000549936,-0.000921331
-0.536645,-0.000512144,-0.00130728
-0.531753,-0.00069702,-0.000806639
-0.52686,-0.000573436,-0.00180344
-0.521967,-0.000121114,-0.000817442
-0.517075,-0.000685265,-0.00148959
-0.512182,-0.000150891,-0.0011228
-0.507289,-0.000183598,-0.00149663
-0.502396,-6.00632e-06,-0.00050569
-0.497503,-0.000687959,-0.00132781
-0.49261,-5.49069e-05,-0.000554548
-0.487718,-0.00122448,-0.00132988
-0.482825,6.41523e-05,-0.00128322
-0.477932,-0.000953529,-0.00112424
-0.47304,-3.82298e-06,-0.00166477
-0.468147,-0.000467135,-0.000930842
-0.463254,-0.000311652,-0.00178414
-0.458361,0.000352376,-0.00111714
-0.453468,-0.00031376,-0.000850302
-0.448575,-7.80681e-05,-0.00122813
-0.443683,-0.000107255,-0.000685905
-0.43879,-0.000475906,-0.000857996
-0.433897,-0.000560289,-0.000960457
-0.429005,-0.000396214,-0.00110849
-0.424112,-0.000666884,-0.000962181
-0.419219,-0.000392265,-0.00131793
-0.414326,-0.000725448,-0.000979523
-0.409434,-0.00022811,-0.00155663
-0.404541,-0.000905263,-0.000400325
-0.399648,-0.00140765,-0.00262304
-0.394755,0.000825167,-0.00202262
-0.389863,0.000185865,-0.000956498
-0.38497,-0.000168183,-0.000927712
-0.380077,-0.000238727,-0.00112262
-0.375185,-0.000629066,-0.000835784
-0.370292,-0.00060212,-0.00181565
-0.365399,-0.000216567,-0.00142211
-0.360506,0.00041328,-0.00209572
-0.355613,0.000717073,0.000178067
-0.35072,-0.00148944,-0.00106366
-0.345828,0.000223005,-0.00135554
-0.340935,-0.000825031,-0.000842314
-0.336042,-0.000338393,-0.00143605
-0.33115,-0.000538089,-0.00121895
-0.326257,-0.000366756,-0.00131011
-0.321364,-0.000554128,-0.00146959
-0.316471,-0.00021287,-0.00144384
-0.311578,-0.000177659,-0.00152665
-0.306686,-0.000145939,-0.000858488
-0.301793,-0.000789846,-0.00174941
-0.2969,0.000423695,-0.00121081
-0.292007,-0.000843978,-0.00111951
-0.287115,7.59465e-05,-0.00141576
-0.282222,-0.000944808,-0.00115676
-0.277329,8.1635e-05,-0.0018951
-0.272437,-0.000582853,-0.000983365
-0.267544,-0.000138053,-0.00212802
-0.262651,7.17471e-05,-0.00106602
-0.257758,-4.53075e-05,-0.00169623
-0.252865,0.000225957,-0.000562932
-0.247972,-0.00112047,-0.00123281
-0.24308,-8.03032e-06,-0.00189915
-0.238187,3.42766e-05,-0.000946673
-0.233294,-0.000774647,-0.00106225
-0.228402,-0.000643241,-0.00199812
-0.223509,0.000248374,-0.00170033
-0.218616,-0.000134835,-0.00145752
-0.213723,0.000551958,-0.0015003
-0.20883,5.17664e-05,-0.000419582
-0.203938,-0.000618865,-0.00105686
-0.199045,-0.000313826,-0.0011238
-0.194152,-0.000491979,-0.00100322
-0.18926,-0.000802545,-0.00125167
-0.184367,-0.000435296,-0.00153546
-0.179474,-0.000628721,-0.00137076
-0.174581,-0.000128454,-0.00168181
-0.169688,-0.000550901,-0.000849246
-0.164796,-0.000814673,-0.00190791
-0.159903,-0.000150384,-0.00155995
-0.15501,-0.000121642,-0.00149543
-0.150117,-0.000710081,-0.00077393
-0.145225,-0.0010167,-0.0024592
-0.140332,0.000597292,-0.00155801
-0.135439,-0.000516363,-0.00127477
-0.130547,-2.86569e-05,-0.00115303
-0.125654,-0.00120539,-0.00144408
-0.120761,0.000315685,-0.00226285
-0.115868,0.000120062,-0.000365723
-0.110975,-0.00137475,-0.00100077
-0.106082,-0.000894876,-0.00194086
-0.10119,-0.000539829,-0.00161525
-0.0962973,-0.00080933,-0.00184259
-0.0914044,-0.00032768,-0.0020375
-0.0865116,-4.83626e-05,-0.00165235
-0.0816188,-0.00038559,-0.00108455
-0.076726,-0.00114649,-0.00147569
-0.0718331,-0.000902,-0.00227713
-0.0669403,-1.92305e-05,-0.0022086
-0.062048,-0.000290943,-0.00148919
-0.0571551,-0.000162853,-0.00191493
-0.0522623,-0.000420485,-0.000873184
-0.0473695,-0.00121786,-0.0021558
-0.0424767,1.04061e-05,-0.00174156
-0.0375838,-0.000891299,-0.00168683
-0.032691,-0.000295804,-0.00171152
-0.0277987,-0.00101498,-0.00172987
-0.0229058,-0.000484048,-0.0018296
-0.018013,-0.00133406,-0.00205396
-0.0131202,-6.98087e-05,-0.00261219
-0.00822735,-0.000658128,-0.00153391
-0.00333452,-0.000636084,-0.00256065
0.0015583,-0.000173526,-0.00195565
0.00645065,-0.00049607,-0.00201823
0.0113435,-0.000440275,-0.00201995
0.0162363,-0.000378201,-0.00201988
0.0211291,-0.000477093,-0.00187026
0.026022,-0.000572278,-0.00184495
0.0309148,-0.000919246,-0.0019765
0.0358076,-0.000680388,-0.00228241
0.0407,-0.000869319,-0.00215167
0.0455928,-0.000716235,-0.00268408
0.0504856,-0.000374577,-0.00239747
0.0553784,-0.000566072,-0.00251965
0.0602713,-6.22166e-05,-0.00254307
0.0651641,-0.000244091,-0.00187359
0.0700569,-0.000725648,-0.00225733
0.0749493,-0.000409477,-0.0021631
0.0798421,-0.00107037,-0.00229573
0.0847349,-0.000493048,-0.00305639
0.0896277,4.26981e-05,-0.00243627
0.0945206,-0.000360191,-0.00196815
0.0994134,-0.000942541,-0.002218
0.104306,-0.000850295,-0.00273652
0.109199,-0.000590414,-0.00299814
0.114091,7.39989e-06,-0.00289469
0.118984,-8.09303e-06,-0.00231218
0.123877,-0.000339718,-0.00206758
0.12877,-0.000776715,-0.00222599
0.133663,-0.000800312,-0.0023379
0.138556,-0.00121186,-0.00279848
0.143448,-0.000332571,-0.00304771
0.148341,-0.00099317,-0.00234324
0.153234,-0.000976213,-0.00360999
0.158126,-9.45656e-05,-0.00309328
0.163019,-0.000424393,-0.00296011
0.167912,-0.000331678,-0.00289747
0.172805,-0.000285182,-0.00294209
0.177698,-0.000474706,-0.00241398
0.18259,-0.00101412,-0.00320298
0.187483,-4.46499e-05,-0.002939
0.192376,-0.00109472,-0.00256431
0.197268,-0.000788748,-0.00328807
0.202161,-0.00137902,-0.00315637
0.207054,-0.000451399,-0.0046653
0.211947,0.000638952,-0.00281514
0.216839,-0.00105147,-0.00274239
0.221732,-0.000875414,-0.00350863
0.226625,-0.000565101,-0.00390658
0.231518,6.01859e-07,-0.00316033
0.236411,-0.000982237,-0.00334912
0.241303,-0.0001676,-0.00345716
0.246196,-0.00109872,-0.00305121
0.251089,-0.000876743,-0.00368755
0.255981,-0.00134924,-0.0039258
0.260874,-1.17521e-06,-0.00431814
0.265767,-0.00110868,-0.00299016
0.27066,-0.000850375,-0.00479199
0.275553,-0.000446821,-0.00315695
0.280446,-0.00167802,-0.00449782
0.285338,-0.000314277,-0.00429423
0.290231,-0.001208,-0.00395802
0.295124,-0.00133357,-0.00452506
0.300016,-0.00097666,-0.00513608
0.304909,-0.000633873,-0.00447303
0.309802,-0.00133557,-0.00502333
0.314695,-0.000704541,-0.00526948
0.319587,-0.000501178,-0.00534497
0.32448,-0.000410646,-0.00445433
0.329373,-0.00160279,-0.00519032
0.334266,-0.000726997,-0.00556801
0.339159,-0.00121367,-0.00567608
0.344051,-0.00049732,-0.00587709
0.348944,-0.000991702,-0.00583156
0.353837,-0.000131861,-0.0058644
0.358729,-0.00156736,-0.00497661
0.363622,-0.00186827,-0.00723317
0.368515,-0.000134912,-0.00691686
0.373408,-0.000976315,-0.00613048
0.378301,-0.00124257,-0.00700464
0.383193,-0.00124126,-0.0071598
0.388086,-0.000825555,-0.00800514
0.392979,-0.000537825,-0.00697572
0.397871,-0.00169438,-0.00791862
0.402764,-0.00101642,-0.00792006
0.407657,-0.00238427,-0.00897292
0.41255,-0.000638531,-0.0100265
0.417443,-0.00115792,-0.00955212
0.422335,-0.000433617,-0.0103665
0.427228,-0.00118942,-0.00983896
0.432121,-0.00142886,-0.0114753
0.437014,-0.00105857,-0.0121468
0.441906,-0.0005901,-0.0129147
0.446799,-0.000934883,-0.0136007
0.451692,-0.000208833,-0.0153317
0.456585,0.000280852,-0.016088
0.461477,0.00120937,-0.0179999
0.46637,0.00261741,-0.0190111
0.471263,0.00362737,-0.0214347
0.476156,0.00948031,-0.0250204
0.481049,0.018181,-0.0184561
0.485941,0.0125578,-0.00942141
0.490834,0.00697375,-0.012945
0.495727,0.00607284,-0.0155319
0.500619,0.0062196,-0.0212236
0.505512,0.0108616,-0.0252302
0.510405,0.0187486,-0.0302666
0.515298,0.0355765,-0.02299
0.520191,0.0325441,-0.00192707
0.525084,0.0170586,-0.00153571
0.529976,0.0146273,-0.0074359
0.534869,0.0125291,-0.01224
0.539762,0.0159547,-0.0194343
0.544654,0.0247179,-0.0277044
0.549547,0.0507486,-0.0225547
0.55444,0.0531024,0.01198
0.559333,0.0278052,0.0202512
0.564225,0.0191336,0.012798
0.569118,0.0147811,0.00772225
0.574011,0.0149543,0.00164252
0.578904,0.0177385,-0.00497745
0.583797,0.0331034,-0.00701825
0.588689,0.0407176,0.0135962
0.593582,0.0245251,0.0243951
0.598475,0.0161023,0.0199745
0.603367,0.0112422,0.0169376
0.60826,0.0108498,0.0115217
0.613153,0.0112248,0.00941688
0.618046,0.0167882,0.00530386
0.622939,0.0229082,0.0146638
0.627831,0.014685,0.0212057
0.632724,0.00963457,0.0190798
0.637617,0.0072121,0.0176219
0.642509,0.0055479,0.0160477
0.647402,0.00444433,0.0142406
0.652295,0.00482482,0.0131871
0.657188,0.00380069,0.013456
0.662081,0.00274848,0.0115419
0.666973,0.00376611,0.0111869
0.671866,0.00251355,0.0110982
0.676759,0.00312728,0.0102031
0.681652,0.00172452,0.0108503
0.686544,0.00165081,0.00851321
0.691437,0.00229291,0.00933933
0.69633,0.00122373,0.00828389
0.701222,0.00194018,0.00785815
0.706115,0.00180309,0.00756254
0.711008,0.00213674,0.00742308
0.715901,0.00234658,0.00763442
0.720794,0.0013984,0.00817747
0.725687,0.000965841,0.00670028
0.730579,0.00170423,0.00685139
0.735472,0.00146064,0.00674296
0.740365,0.00115688,0.00705994
0.745257,0.000688991,0.00593683
0.75015,0.00161307,0.00611893
0.755043,0.000914416,0.00631497
0.759936,0.000776672,0.00574301
0.764829,0.00124866,0.00538572
0.769722,0.00110406,0.00612356
0.774614,0.000378765,0.00526717
0.779507,0.00104161,0.00508658
0.7844,0.000760171,0.00498174
0.789292,0.00123217,0.00448203
0.794185,0.00220949,0.00521729
0.799078,0.000631994,0.00662619
0.803971,-0.000119294,0.00448661
0.808863,0.00102629,0.0052438
0.813756,-0.000442885,0.00459488
0.818649,0.000884004,0.00375173
0.823542,0.00114488,0.00451659
0.828434,0.000599578,0.00510675
0.833327,-0.000216674,0.00402673
0.83822,0.000831104,0.00391041
0.843112,0.000333736,0.00382662
0.848005,0.00137882,0.00390571
0.852898,0.0002629,0.0047153
0.857791,0.000317162,0.00347717
0.862684,0.000728416,0.00411689
0.867577,-9.39445e-05,0.00365746
0.872469,0.000798929,0.00303972
0.877362,0.000666529,0.00379493
0.882255,0.000762213,0.00292324
0.887147,0.00130223,0.00398335
0.89204,0.00044092,0.00331004
0.896933,0.00161411,0.00381771
0.901826,0.000477384,0.0041681
0.906719,0.000734408,0.00431364
0.911611,-0.000949193,0.003602
0.916504,0.00123503,0.00234114
0.921397,0.000703305,0.00451919
0.92629,-5.56442e-05,0.00330222
0.931182,0.000131629,0.00347531
0.936075,0.000356394,0.00282163
0.940968,0.00043608,0.00352126
0.94586,0.00038261,0.00280065
0.950753,0.000695069,0.0038323
0.955646,-0.000412795,0.0031254
0.960539,0.000303052,0.0030318
0.965432,-0.000343791,0.00244198
0.970325,0.00158952,0.00232428
0.975217,0.000425844,0.0044377
0.98011,-0.000725524,0.00252121
0.985003,0.000775772,0.00252959
0.989895,0.000355165,0.0029216
0.994788,0.000803382,0.00302353
0.999681,-2.55814e-05,0.0034626
1.00457,0.000191483,0.00260431
1.00947,0.00036562,0.00341858
1.01436,-0.000480696,0.00308281
1.01925,-0.000400176,0.00260775
1.02414,-0.000183238,0.00215854
1.02904,0.000253037,0.00235632
1.03393,0.00026811,0.00226223
1.03882,0.000606112,0.00296486
1.04372,-0.000765565,0.00275249
1.04861,0.000382127,0.00158093
1.0535,0.000334626,0.00312346
1.05839,-0.000466036,0.00181714
1.06329,0.000873626,0.00250578
1.06818,-0.000740577,0.00250349
1.07307,0.000569298,0.00157209
1.07797,-0.000143848,0.00256902
1.08286,0.000562921,0.00118421
1.08775,0.000833211,0.00293794
1.09264,9.38218e-06,0.00188697
1.09754,0.000740864,0.00269427
1.10243,-0.000278111,0.00205354
1.10732,0.000702444,0.00212294
1.11221,0.000278588,0.00212219
1.11711,0.000688959,0.00266308
1.122,-0.000311975,0.00203622
1.12689,0.00118591,0.00218993
1.13179,-0.000142184,0.00301493
1.13668,0.00013404,0.00220615
1.14157,-0.000313343,0.00241532
1.14646,0.000145377,0.00183915
1.15136,9.5989e-05,0.00216478
1.15625,0.000236795,0.00236649
1.16114,-0.000805949,0.00193434
1.16603,0.000634433,0.00120033
1.17093,-9.70304e-07,0.00217381
1.17582,0.000817944,0.00111018
1.18071,0.000863095,0.0027416
1.18561,0.000231002,0.00218428
1.1905,-3.78344e-05,0.00246246
1.19539,0.000301976,0.00143795
1.20028,0.000668088,0.00269713
1.20518,-0.00018078,0.00201937
1.21007,0.00041873,0.00233844
1.21496,-0.000273543,0.00217891
1.21986,1.02765e-06,0.00197045
1.22475,-8.38782e-05,0.00176514
1.22964,0.00018723,0.00180793
1.23453,0.000171857,0.00161733
1.23943,0.000584576,0.00179327
1.24432,0.000584893,0.00192522
1.24921,0.000804162,0.00241979
1.2541,9.07156e-05,0.00277466
1.259,-0.000158388,0.00225159
1.26389,0.000160032,0.00248252
1.26878,-0.000851309,0.00271274
1.27368,-0.000877037,0.00123258
1.27857,0.000303367,0.00153193
1.28346,-0.000166301,0.00206649
1.28835,-0.000457571,0.00163854
1.29325,-3.86526e-05,0.00110023
1.29814,0.000705084,0.00171093
1.30303,-0.000200273,0.00220996
1.30792,-6.13721e-05,0.00117745
1.31282,0.000674064,0.00195065
1.31771,-0.000270636,0.00203494
1.3226,0.000151802,0.00141629
1.3275,0.00054374,0.00185885
1.33239,0.000186759,0.00256366
1.33728,-0.000806418,0.00188845
1.34217,0.000223712,0.00143705
1.34707,-0.000229537,0.00206681
1.35196,4.90759e-05,0.00170322
1.35685,-0.00082527,0.00214774
1.36174,-0.000246123,0.000433316
1.36664,0.000767014,0.00208559
1.37153,-0.000798402,0.00164731
1.37642,0.000333131,0.00112925
1.38132,-0.000107224,0.00182006
1.38621,6.82465e-05,0.0011029
1.3911,0.00047222,0.00190362
1.39599,-0.000469552,0.00175759
1.40089,-1.53746e-05,0.00112922
1.40578,0.000204489,0.0013039
1.41067,0.000596372,0.00145079
1.41557,0.000333077,0.00203666
1.42046,-9.11047e-05,0.00198958
1.42535,-0.000441851,0.00137726
1.43024,0.000791584,0.00125925
1.43514,-1.25238e-05,0.00259217
1.44003,-0.000375539,0.00130666
1.44492,0.000218686,0.00208415
1.44981,-0.000671812,0.00165903
1.45471,-0.000157314,0.00156678
1.4596,-0.000629872,0.00128261
1.46449,0.00022666,0.00109239
1.46939,-0.000184563,0.00166276
1.47428,-0.000107467,0.00116597
1.47917,-0.000180625,0.0013829
1.48406,0.000224937,0.000766588
1.48896,0.00063922,0.00192856
1.49385,-0.000542763,0.00156011
1.49874,0.000244648,0.0011725
1.50363,-7.94052e-05,0.00152788
1.50853,0.000185319,0.00126925
1.51342,6.54303e-05,0.00155078
1.51831,0.000124825,0.00153494
1.52321,-0.000267857,0.00163316
1.5281,-0.000260116,0.00125626
1.53299,-0.000279956,0.000981673
1.53788,0.000359606,0.00079168
1.54278,0.000550104,0.0012258
1.54767,0.000506545,0.00173458
1.55256,-0.000293002,0.00137392
1.55746,0.000740918,0.00111656
1.56235,-2.9316e-05,0.00192792
1.56724,0.000280285,0.000939092
1.57213,0.000394159,0.00181666
1.57703,0.000199478,0.00105203
1.58192,0.00112287,0.00185434
1.58681,-8.74154e-05,0.00254959
1.5917,-0.000362712,0.00135951
1.5966,0.000561099,0.00195618
1.60149,-0.000910833,0.00206698
1.60638,1.92254e-05,0.000735925
1.61128,0.000352685,0.00189956
1.61617,-0.000141662,0.00175289
1.62106,-0.000430038,0.00166826
1.62595,-3.11125e-05,0.00118554
1.63085,-0.000122817,0.00165453
1.63574,3.50354e-05,0.00128052
1.64063,-0.000181796,0.00167946
1.64552,0.0002261,0.00114191
1.65042,-6.71116e-05,0.00225107
1.65531,-0.000653054,0.000992918
1.6602,0.000485248,0.00136399
1.6651,1.12429e-05,0.00183096
1.66999,-0.000318268,0.00177344
1.67488,-0.000110567,0.00136864
1.67977,-0.000299796,0.00204059
1.68467,-0.000628877,0.00104051
1.68956,0.000244197,0.00179628
1.69445,-0.00111123,0.00175162
1.69935,-0.000607401,0.000733419
1.70424,-5.55704e-06,0.000869976
1.70913,0.000149544,0.00164179
1.71402,-0.00094649,0.00146142
1.71892,-0.000408656,0.00052642
1.72381,2.56623e-06,0.000796934
1.7287,0.00026906,0.000862301
1.73359,0.00025124,0.00115116
1.73849,0.000487071,0.00121729
1.74338,0.000196687,0.00173208
1.74827,0.00014545,0.00148997
1.75317,-0.000183228,0.00208498
1.75806,-0.000772538,0.00125939
1.76295,-0.000322443,0.00113782
1.76784,-0.000201593,0.000659299
1.77274,0.000562039,0.00128385
1.77763,-2.74358e-05,0.00146878
1.78252,1.65628e-05,0.00165307
1.78742,-0.000319729,0.000993524
1.79231,0.00075138,0.00179437
1.7972,-0.00089118,0.00201717
1.80209,-0.000188924,0.00136858
1.80699,-0.00122676,0.00158583
1.81188,-0.000331437,0.000327775
1.81677,-0.000143665,0.00124903
1.82166,-0.000321383,0.000950448
1.82656,-0.000400449,0.000719159
1.83145,0.000413089,0.000754418
1.83634,-0.000275241,0.00099935
1.84124,0.000996146,0.000581088
1.84613,0.000157099,0.00220754
1.85102,-0.000165707,0.000852559
1.85591,0.000430909,0.00157574
1.86081,2.2357e-05,0.00163871
1.8657,-0.000507475,0.00179627
1.87059,-0.00065388,0.00085973
1.87548,6.64315e-05,0.00057888
1.88038,0.000812254,0.00135277
1.88527,-0.000425173,0.00176013
1.89016,0.000358974,0.000922945
1.89506,-0.000187382,0.00198582
1.89995,5.18749e-05,0.00088413
1.90484,0.000114594,0.00225243
1.90973,-0.000926686,0.00134948
1.91463,-0.000363371,0.00096151
1.91952,0.000219371,0.000997612
1.92441,-0.00017526,0.00177173
1.92931,-0.000178811,0.00111839
1.9342,-0.000364162,0.00196532
1.93909,-0.00109046,0.000830422
1.94398,-8.33659e-05,0.000602446
1.94888,6.45377e-05,0.000966775
1.95377,-2.75004e-05,0.000958494
1.95866,0.000544769,0.00112799
1.96355,-8.96354e-05,0.00172817
1.96845,0.000150568,0.00140143
1.97334,-0.000779544,0.00194819
1.97823,-0.000363515,0.000548229
1.98313,-0.000274596,0.00164249
1.98802,-0.000465777,0.000315119
1.99291,0.000608619,0.00135499
1.9978,-0.000349415,0.00133024
2.0027,-1.3024e-05,0.00114751
2.00759,3.45389e-05,0.00124565
2.01248,-0.000197807,0.00138269
2.01737,0.000250869,0.00119793
2.02227,-0.000536675,0.00213062
2.02716,-0.000772302,0.000506331
2.03205,0.000249925,0.0013411
2.03695,-0.00071378,0.00108251
2.04184,3.66389e-05,0.000456404
2.04673,0.000905789,0.00111771
2.05162,6.95521e-05,0.00224331
2.05652,-0.000413345,0.00149885
2.06141,-0.000633533,0.00166928
2.0663,-0.000296512,0.000880425
2.0712,-0.000620996,0.00188101
2.07609,-0.000862595,0.00011481
2.08098,0.000506218,0.00120288
2.08587,-0.000502562,0.000905308
2.09077,0.000399634,0.00100246
2.09566,0.000262465,0.00118467
2.10055,0.000257502,0.00219889
2.10544,-0.00109153,0.00124789
2.11034,0.000486125,0.00104534
2.11523,-0.000291029,0.00218859
2.12012,-0.000878251,0.00172806
2.12502,-0.00116869,0.00121273
2.12991,-0.000794499,0.000736283
2.1348,-0.000483225,0.000718027
2.13969,-0.000435235,0.000898693
2.14459,-0.00036263,0.000677143
2.14948,-0.000464292,0.00098247
2.15437,-0.000386136,-2.51932e-05
2.15927,0.000874613,0.000965965
2.16416,-0.000658608,0.00123741
2.16905,0.000329335,-4.38199e-05
2.17394,0.00106297,0.00130424
2.17884,0.000347307,0.00168571
2.18373,9.63869e-05,0.00192091
2.18862,-0.000681569,0.0016227
2.19351,-0.000306306,0.00112181
2.19841,-0.000566691,0.00113983
2.2033,0.000281124,0.000646082
2.20819,1.23734e-05,0.00199416
2.21309,-0.000734921,0.00084271
2.21798,0.000368454,0.0011818
2.22287,-0.000427852,0.00150624
2.22776,-0.000101607,0.000948964
2.23266,0.000157817,0.0016065
2.23755,-0.000689968,0.00156377
2.24244,-6.35978e-05,0.00101556
2.24733,-0.00053491,0.00211281
2.25223,-0.00142877,0.000745097
2.25712,-0.000238831,0.000376343
2.26201,-3.48763e-05,0.000694576
2.26691,0.000201651,0.000924065
2.2718,0.000227646,0.00132205
2.27669,-0.000421758,0.00152856
2.28158,-0.000258499,0.00079403
2.28648,-9.0283e-05,0.00123758
2.29137,0.000117646,0.000778778
2.29626,0.000317121,0.00195874
2.30116,-0.000867998,0.00140253
2.30605,-0.000276255,0.00105507
2.31094,-0.000298563,0.000909137
2.31583,0.000214247,0.00137843
2.32073,-0.000720466,0.00140328
2.32562,-9.03508e-05,0.000536085
2.33051,0.000598113,0.00147529
2.3354,-0.00052964,0.00204392
2.3403,-0.000637733,0.000772062
2.34519,0.00039153,0.00132845
2.35008,-0.000190028,0.00180313
2.35498,-0.000416959,0.00203838
2.35987,-0.00132901,0.00154875
2.36476,-0.000623006,0.00100246
2.36965,-0.00114017,0.00136982
2.37455,-0.000792532,0.000234713
2.37944,-0.000161996,0.0010306
2.38433,-0.000586047,0.000514807
2.38922,0.000485929,0.0012045
2.39412,-0.0011243,0.00152699
2.39901,-0.000151656,0.000168219
2.4039,0.00010799,0.00152548
2.4088,-0.000439757,0.00128332
2.41369,-0.00088864,0.00153306
2.41858,-0.00106434,0.000354679
2.42347,-0.000295948,0.000509029
2.42837,-0.000243173,0.000211793
2.43326,0.00055809,0.000647299
2.43815,0.000206074,0.00119481
2.44304,4.5485e-05,0.00106917
2.44794,0.000378348,0.00120107
2.45283,-4.56238e-05,0.00182725
2.45772,-0.00043329,0.00139583
2.46262,-0.000497684,0.00148506
2.46751,-0.000662111,0.000939582
2.4724,-0.000198616,0.000927795
2.47729,-5.15063e-05,0.00103788
2.48219,7.49324e-06,0.00140402
2.48708,-0.000231734,0.00169868
2.49197,-0.00102875,0.00157994
2.49687,-0.000510381,0.00073447
2.50176,-0.000634386,0.00171372
2.50665,-0.00138281,0.000516463
2.51154,-0.000307915,0.000318281
2.51644,1.27274e-05,0.000407146
2.52133,0.000252259,0.00142806
2.52622,-0.000905193,0.000925496
2.53111,0.000187493,0.000605754
2.53601,-0.00033204,0.00118467
2.5409,8.46244e-05,0.000815825
2.54579,-0.000468391,0.00150502
2.55069,-0.000465675,0.000262356
2.55558,0.000618047,0.00108829
2.56047,-0.000346526,0.00144983
2.56536,-0.000161599,0.000953735
2.57026,-5.89099e-06,0.00117333
2.57515,-0.000145811,0.00145598
2.58004,-0.000445696,0.00108461
2.58493,0.000131699,0.00144767
2.58983,-0.00100533,0.0016058
2.59472,-0.000396814,0.000689631
2.59961,-0.000657827,0.00146601
2.60451,-0.000808723,0.000363485
2.6094,1.80072e-06,0.000773319
2.61429,-0.000303909,0.000749446
2.61918,0.0002349,0.000858795
2.62408,-0.000140872,0.00147589
2.62897,-0.000554792,0.000963736
2.63386,-9.40158e-05,0.00107643
2.63876,-0.000768719,0.00102443
2.64365,-4.48221e-05,0.000460307
2.64854,-0.000365273,0.00117196
2.65343,-0.000245745,8.59082e-05
2.65833,0.000731037,0.000946306
2.66322,-9.9843e-05,0.00121193
2.66811,0.0002098,0.000867262
2.673,0.000167454,0.00123757
2.6779,0.000187911,0.00107927
2.68279,0.000131268,0.00151909
2.68768,-0.000136979,0.00102985
2.69258,0.000346363,0.00153059
2.69747,-0.000500963,0.0011427
2.70236,0.000750027,0.00107301
2.70725,-0.000117685,0.00199155
2.71215,3.86528e-05,0.00137887
2.71704,-0.000347438,0.0017957
2.72193,2.96975e-05,0.00120841
2.72682,-7.54129e-05,0.00218474
2.73172,-0.000952582,0.00176092
2.73661,-0.000816124,0.000965754
2.7415,-1.70149e-05,0.00115097
2.7464,-0.000480429,0.00127979
2.75129,0.000329716,0.00140869
2.75618,-0.00085484,0.00197797
2.76107,-0.000164284,0.00102909
2.76597,-0.000658198,0.00206942
2.77086,-0.000637017,0.00116172
2.77575,-0.00102083,0.00185593
2.78065,-0.00112335,0.000600013
2.78554,-0.000681899,0.00084633
2.79043,-0.000154733,0.000486008
2.79532,-0.000523211,0.00136917
2.80022,-0.00028366,2.46646e-05
2.80511,0.000679235,0.00127054
2.81,7.62158e-05,0.00132098
2.81489,7.64437e-05,0.00182506
2.81979,-0.000320394,0.00160266
2.82468,-0.000616775,0.00184426
2.82957,-0.00064237,0.00110796
2.83447,-0.000603966,0.00155538
2.83936,-0.000613153,0.000705652
2.84425,1.48055e-05,0.00126384
2.84914,6.19374e-05,0.00134667
2.85404,-0.000482467,0.0023234
2.85893,-0.00103651,0.00107999
2.86382,-0.000382457,0.00179533
2.86871,-0.00134204,0.00117832
2.87361,-0.000565248,0.00111961
2.8785,-0.00100225,0.0010164
2.88339,-0.000616096,0.000980607
2.88829,-0.000874411,0.000677944
2.89318,-8.51257e-05,0.00072025
2.89807,-0.000514005,0.00128295
2.90296,-0.000746519,0.000556624
2.90786,0.000406059,0.000560605
2.91275,-8.72052e-05,0.00182224
2.91764,-0.000547438,0.000937799
2.92254,-7.15449e-05,0.00154249
2.92743,-0.000765233,0.00125791
2.93232,-0.000544757,0.00138985
2.93721,-0.0011876,0.000721026
2.94211,-4.47924e-05,0.000386764
2.947,-0.000138004,0.00100417
2.95189,-2.70331e-05,0.000931528
2.95678,-0.000177904,0.00111839
2.96168,6.27604e-05,0.000909058
2.96657,0.000169948,0.00138776
2.97146,-3.31665e-05,0.0013791
2.97636,1.86184e-05,0.0015797
2.98125,3.42485e-06,0.00168172
2.98614,-0.000512126,0.00253676
2.99103,-0.00188174,0.00110749
2.99593,0.000169077,0.000585029
3.00082,-0.000811068,0.0019278
3.00571,-0.000481091,0.000600543
3.0106,-0.000378389,0.00191905
3.0155,-0.00122195,0.000802125
3.02039,-0.000147622,0.000924057
3.02528,-0.000688348,0.00127672
3.03018,-0.000670217,0.00070141
3.03507,-5.71746e-05,0.00077387
3.03996,-0.000284959,0.0011701
3.04485,-0.000129376,0.000821079
3.04975,0.00019252,0.00131946
3.05464,-0.000303992,0.00179924
3.05953,-0.00112276,0.00110789
3.06443,-6.88611e-05,0.000232626
3.06932,0.000718674,0.00109314
3.07421,0.000471684,0.00225486
3.0791,-0.00110977,0.0019941
3.084,-0.000251953,0.00109478
3.08889,-0.000831846,0.00177877
3.09378,-0.000351236,0.00067181
3.09867,-6.64242e-05,0.0017181
3.10357,-0.000332706,0.00152439
3.10846,-0.000891892,0.00200103
3.11335,-0.00102856,0.000852076
3.11825,-0.000564128,0.00113167
3.12314,-0.000355977,0.000747026
3.12803,-0.000220171,0.00145768
3.13292,-0.000468709,0.000943823
3.13782,-2.53151e-05,0.00130393
3.14271,-5.13921e-05,0.00140915
3.1476,-0.00044134,0.00207601
3.15249,-0.0010446,0.00116212
3.15739,-0.000109997,0.00121092
3.16228,-0.000639111,0.00193347
3.16717,-0.00136709,0.00115085
3.17207,-0.000458719,0.000536453
3.17696,-0.000235193,0.00111337
3.18185,-0.000226103,0.0012955
3.18674,-0.00080361,0.00125697
3.19164,-0.000183488,0.000760892
3.19653,-0.000395081,0.00118862
3.20142,0.000345851,0.000827839
3.20632,-9.29733e-05,0.00210116
3.21121,-0.000424431,0.00120154
3.2161,-8.82565e-05,0.00198255
3.22099,-0.0010274,0.00189264
3.22589,-0.00145034,0.00101862
3.23078,-0.000151378,0.000203291
3.23567,3.37283e-05,0.00160326
3.24056,-0.000558434,0.00102668
3.24546,-4.29051e-05,0.00117287
3.25035,-0.00012089,0.00133357
3.25524,-0.000184135,0.00137415
3.26014,4.08376e-05,0.00169401
3.26503,-0.000976149,0.00166859
3.26992,-5.61145e-05,0.000845638
3.27481,-0.000525277,0.00177321
3.27971,-8.64025e-05,0.000597538
3.2846,0.000366585,0.00190512
3.28949,-0.000111915,0.00169694
3.29438,-0.000449687,0.00221253
3.29928,-0.000592433,0.00124195
3.30417,5.51065e-05,0.00188217
3.30906,-0.000503581,0.00220741
3.31396,-0.00125202,0.00182735
3.31885,-0.000272121,0.00115292
3.32374,-0.000939341,0.00240734
3.32863,-0.00119775,0.000804194
3.33353,-0.000487738,0.00140999
3.33842,-0.000387072,0.000790846
3.34331,0.000181636,0.00202806
3.34821,-0.000963969,0.00187502
3.3531,-0.000850447,0.00135813
3.35799,-8.59715e-05,0.00131133
3.36288,-0.000924319,0.00254453
3.36778,-0.00149163,0.000728539
3.37267,-0.000158242,0.00132057
3.37756,-0.000918085,0.00136518
3.38245,-0.000568152,0.00114007
3.38735,-0.000343577,0.00103769
3.39224,-0.000149748,0.00168444
3.39713,-0.000809896,0.00148884
3.40203,-0.000332305,0.00100458
3.40692,0.000268661,0.00183586
3.41181,-0.00114924,0.00226213
3.4167,-0.000734479,0.000908997
3.4216,-0.00049417,0.00175918
3.42649,-0.000677095,0.00113886
3.43138,-0.000404796,0.00149613
3.43628,-0.000130181,0.0013262
3.44117,-0.000519683,0.00222134
3.44606,-0.00068583,0.0013332
3.45095,-0.000626817,0.00221431
3.45585,-0.0011908,0.00113319
3.46074,-0.00032867,0.00174415
3.46563,-0.00131708,0.00144631
3.47052,-0.000436138,0.00101443
3.47542,-0.000503224,0.00176417
3.48031,-0.00115417,0.0014551
3.4852,-0.000604671,0.00101366
3.4901,-0.000876519,0.00136519
3.49499,-0.000360871,0.000554479
3.49988,0.000113873,0.00168407
3.50477,-0.000719659,0.00154583
3.50967,-0.000423469,0.00116644
3.51456,-2.86615e-05,0.00155435
3.51945,-0.000771503,0.0017605
3.52434,-0.000204794,0.00108606
3.52924,-0.000228714,0.00203428
3.53413,-0.000669183,0.00178324
3.53902,-0.00113471,0.00166574
3.54392,-0.000525862,0.000726527
3.54881,-8.0663e-05,0.00164909
3.5537,-0.000610922,0.00161787
3.55859,-0.00075723,0.0011184
3.56349,0.000495431,0.00104412
3.56838,-9.41994e-05,0.00253151
3.57327,-0.000769061,0.00188747
3.57817,-0.00099263,0.0016949
3.58306,-0.000380435,0.00120866
3.58795,-0.000754584,0.00175611
3.59284,-0.000398442,0.00101783
3.59774,-0.000388727,0.001307
3.60263,0.000785742,0.00124103
3.60752,-0.000295622,0.00287912
3.61241,-0.000340984,0.0016327
3.61731,-0.000879283,0.00267811
3.6222,-0.000664957,0.000988657
3.62709,-0.000358867,0.00264987
3.63199,-0.00129756,0.00121655
3.63688,-0.000363753,0.00173912
3.64177,-0.00078814,0.00105056
3.64666,0.000329111,0.00143583
3.65156,0.000286025,0.00215598
3.65645,-0.000574671,0.00295256
3.66134,-0.00133267,0.00203124
3.66623,-0.00121645,0.00140214
3.67113,0.000141258,0.0012159
3.67602,-0.000840652,0.00281707
3.68091,-0.00116141,0.00106466
3.68581,-0.000584444,0.00175502
3.6907,-0.00052529,0.00104299
3.69559,-0.000394974,0.00179154
3.70048,1.613e-05,0.00098825
3.70538,3.38428e-05,0.00258481
3.71027,-0.000635984,0.00145551
3.71516,-0.000129716,0.00213267
3.72005,-8.4372e-05,0.00152845
3.72495,-0.000172138,0.00299433
3.72984,-0.00104835,0.00155784
3.73473,-0.000145041,0.0023227
3.73963,-0.000797259,0.00157129
3.74452,9.61665e-05,0.00237385
3.74941,-0.000899607,0.0020529
3.7543,-0.000249984,0.00220243
3.7592,-0.000811477,0.00214799
3.76409,-0.000694899,0.0021162
3.76898,-0.000633786,0.00162124
3.77388,-0.000161255,0.00223313
3.77877,-0.000632409,0.00229277
3.78366,-0.00107109,0.00233135
3.78855,-0.000915215,0.00121729
3.79345,-8.58275e-05,0.00162932
3.79834,0.000303231,0.00173223
3.80323,0.000154933,0.00307451
3.80812,-0.000893608,0.00262037
3.81302,-0.000885689,0.00235958
3.81791,-0.000577812,0.00187865
3.8228,-0.000482737,0.00238583
3.8277,-0.000346995,0.00217007
3.83259,-0.0007408,0.0026855
3.83748,-0.000313742,0.0021344
3.84237,-0.00108962,0.00327873
3.84727,-0.00117418,0.00155847
3.85216,-0.000684599,0.00274539
3.85705,-0.00128375,0.00153205
3.86194,-0.000366371,0.00228987
3.86684,-0.00117363,0.00179572
3.87173,-0.000501764,0.00157093
3.87662,0.000138408,0.00144359
3.88152,0.00034877,0.00263181
3.88641,-1.34761e-05,0.00248867
3.8913,-0.000216244,0.00315517
3.89619,-0.000343053,0.0026904
3.90109,-0.000766705,0.00354507
3.90598,-0.00111946,0.00240653
3.91087,-0.000957732,0.00305618
3.91577,-0.00114135,0.00192302
3.92066,-0.000353852,0.00287519
3.92555,-0.00123977,0.0026435
3.93044,-0.00118167,0.00239553
3.93534,-0.00064089,0.00187204
3.94023,-0.000721445,0.0027199
3.94512,-0.00044648,0.00186656
3.95001,-0.000371284,0.00338734
3.95491,-0.00138131,0.00219413
3.9598,-0.000400553,0.00231492
3.96469,-0.000210978,0.00230252
3.96959,-0.000195954,0.00346016
3.97448,-0.00112239,0.00299121
3.97937,-0.000987091,0.00287105
3.98426,-0.000764156,0.00261282
3.98916,-0.00108881,0.00311108
3.99405,-0.000970668,0.0024425
3.99894,-0.00127117,0.00277288
4.00383,-0.000323507,0.00183845
4.00873,-0.000462064,0.00368711
4.01362,-0.00128341,0.00263932
4.01851,-0.00122135,0.0027836
4.02341,-0.000415651,0.00184523
4.0283,-0.000404286,0.00341384
4.03319,-0.000380315,0.00252252
4.03808,-0.000809796,0.00421547
4.04298,-0.00141216,0.00231118
4.04787,-0.000607317,0.00361839
4.05276,-0.00135234,0.00256635
4.05766,-0.00085116,0.00358499
4.06255,-0.00162305,0.00232828
4.06744,-0.000499515,0.00303513
4.07233,-0.00107596,0.00287629
4.07723,-0.00123087,0.0034233
4.08212,-0.00148288,0.00198781
4.08701,-0.000225124,0.0026286
4.0919,-0.000143319,0.00297602
4.0968,-0.00101896,0.00421056
4.10169,-0.00147587,0.00246104
4.10658,-0.000778518,0.00330822
4.11148,-0.000789398,0.00247405
4.11637,-0.000747748,0.00401367
4.12126,-0.00151812,0.00223854
4.12615,-0.000147907,0.00338553
4.13105,-0.00112379,0.00289817
4.13594,-0.000605682,0.00344156
4.14083,-0.000963061,0.00237083
4.14573,0.000416468,0.00333153
4.15062,-0.000148347,0.00365316
4.15551,-0.000307382,0.0045927
4.1604,-0.00102859,0.00387925
4.1653,-0.000945739,0.00460397
4.17019,-0.00165771,0.00360884
4.17508,-0.00125824,0.00391242
4.17997,-0.00113642,0.0029858
4.18487,-0.000574149,0.00429028
4.18976,-0.00134013,0.00363644
4.19465,-0.00110989,0.00434766
4.19955,-0.00169187,0.00328605
4.20444,-0.000973472,0.00367622
4.20933,-0.00074382,0.00315729
4.21422,-0.000601723,0.00459422
4.21912,-0.00121874,0.00346402
4.22401,-0.000423729,0.00459458
4.2289,-0.00127469,0.00414694
4.23379,-0.00114768,0.00484728
4.23869,-0.00184493,0.00380744
4.24358,-0.00122356,0.00406741
4.24847,-0.000936047,0.00349248
4.25337,-0.000872985,0.00485622
4.25826,-0.00126625,0.00358339
4.26315,-0.000515337,0.00497324
4.26804,-0.0014856,0.00406002
4.27294,-0.000504495,0.00474951
4.27783,-0.000982099,0.00455855
4.28272,-0.000678878,0.00557232
4.28761,-0.00168934,0.00534926
4.29251,-0.00207764,0.00525517
4.2974,-0.00144143,0.00422889
4.30229,-0.00167615,0.00585591
4.30719,-0.00236287,0.00410155
4.31208,-0.00133307,0.00489879
4.31697,-0.00151018,0.00454439
4.32186,-0.00188217,0.00560404
4.32676,-0.00200652,0.00392387
4.33165,-0.00139273,0.00528425
4.33654,-0.00184869,0.00397968
4.34144,-0.0010271,0.00498245
4.34633,-0.00078332,0.00420034
4.35122,-0.000583144,0.00640524
4.35611,-0.0016114,0.00498229
4.36101,-0.000859274,0.00656764
4.3659,-0.00218083,0.00542237
4.37079,-0.00137759,0.00630632
4.37568,-0.00238484,0.00527889
4.38058,-0.00130092,0.0057121
4.38547,-0.00137577,0.00567554
4.39036,-0.00185695,0.00697189
4.39526,-0.0025186,0.00532426
4.40015,-0.00184526,0.00597878
4.40504,-0.00140216,0.00498469
4.40993,-0.00131447,0.00707499
4.41483,-0.00194009,0.00508508
4.41972,-0.00038863,0.00710429
4.42461,-0.00190164,0.0066154
4.42951,-0.00133891,0.00748929
4.4344,-0.00229301,0.00671422
4.43929,-0.00182108,0.00714895
4.44418,-0.00162236,0.00640025
4.44908,-0.00144758,0.00798018
4.45397,-0.00185666,0.00691835
4.45886,-0.0015711,0.00839444
4.46375,-0.00208225,0.00734882
4.46865,-0.00186407,0.00861086
4.47354,-0.00201305,0.00758071
4.47843,-0.00204396,0.00917447
4.48333,-0.00225406,0.00788069
4.48822,-0.00232907,0.00954611
4.49311,-0.00237943,0.00802568
4.498,-0.00247657,0.010102
4.5029,-0.0029275,0.00821611
4.50779,-0.00258093,0.00982355
4.51268,-0.00213814,0.00846382
4.51757,-0.00275967,0.0112081
4.52247,-0.00288843,0.00844221
4.52736,-0.00231003,0.0115901
4.53225,-0.00330279,0.00926137
4.53715,-0.00251042,0.0117097
4.54204,-0.00298536,0.00987582
4.54693,-0.00286126,0.0127551
4.55182,-0.00334247,0.0101815
4.55672,-0.00285178,0.013701
4.56161,-0.0041258,0.0107567
4.5665,-0.00282801,0.0139986
4.57139,-0.0044105,0.0115459
4.57629,-0.00278382,0.0142329
4.58118,-0.00386791,0.0128414
4.58607,-0.0034111,0.0155451
4.59097,-0.00354094,0.0137637
4.59586,-0.00396659,0.0181816
4.60075,-0.00561403,0.0148183
4.60564,-0.00500879,0.0183698
4.61054,-0.00589844,0.0148622
4.61543,-0.00449766,0.0193358
4.62032,-0.00583079,0.0164845
4.62522,-0.00464309,0.0211808
4.63011,-0.00593676,0.0186966
4.635,-0.0058768,0.0239563
4.63989,-0.00695294,0.0199462
4.64479,-0.00591144,0.026728
4.64968,-0.00800682,0.0227008
4.65457,-0.00643625,0.0303962
4.65946,-0.0100035,0.0269045
4.66436,-0.0089733,0.034108
4.66925,-0.0118907,0.0301338
4.67414,-0.0104886,0.0389344
4.67904,-0.0131878,0.0358323
4.68393,-0.0134105,0.0484159
4.68882,-0.0191565,0.0443944
4.69371,-0.0200995,0.0586675
4.69861,-0.0270956,0.0547164
4.7035,-0.0307064,0.0748166
4.70839,-0.0431494,0.0702388
4.71328,-0.0518062,0.098688
4.71818,-0.0765913,0.0951786
4.72307,-0.10664,0.139258
4.72796,-0.174235,0.126021
4.73286,-0.308262,0.178432
4.73775,-0.544946,-0.157547
4.74264,-0.148433,-0.464263
4.74753,0.0598053,-0.22647
4.75243,0.0447017,-0.16469
4.75732,0.0539245,-0.0906176
4.76221,0.0315807,-0.0829936
4.76711,0.0329786,-0.0524679
4.772,0.0201141,-0.0551525
4.77689,0.0220353,-0.0373433
4.78178,0.0141474,-0.0409862
4.78668,0.0146487,-0.028323
4.79157,0.00912962,-0.0337017
4.79646,0.010234,-0.0240825
4.80135,0.00676155,-0.029919
4.80625,0.00921734,-0.0207225
4.81114,0.00474855,-0.0251035
4.81603,0.00695746,-0.0188724
4.82093,0.00411498,-0.0221489
4.82582,0.00499577,-0.0165766
4.83071,0.00291519,-0.0208077
4.8356,0.00475244,-0.0151706
4.8405,0.00191393,-0.0183706
4.84539,0.00303008,-0.0144926
4.85028,0.00162776,-0.0184241
4.85518,0.00437283,-0.0137149
4.86007,0.00153843,-0.0151737
4.86496,0.00214781,-0.0128096
4.86985,0.00136747,-0.0152783
4.87475,0.00215043,-0.0118636
4.87964,0.000699047,-0.0146016
4.88453,0.00233687,-0.0119805
4.88942,0.00136644,-0.0132382
4.89432,0.0013742,-0.0107963
4.89921,0.000833832,-0.0134751
4.9041,0.00223903,-0.0107671
4.909,0.00148371,-0.0119138
4.91389,0.00161407,-0.0094679
4.91878,0.000896269,-0.0110721
4.92367,0.000532361,-0.00896094
4.92857,0.000214456,-0.0117307
4.93346,0.00132371,-0.00955009
4.93835,0.00144905,-0.0108374
4.94324,0.00125187,-0.00761873
4.94814,-0.000212984,-0.0100282
4.95303,0.000612757,-0.00857401
4.95792,0.000567472,-0.0100375
4.96282,0.000505025,-0.00769353
4.96771,-5.97539e-05,-0.0101287
4.9726,0.00101316,-0.00803658
4.97749,0.000416476,-0.00944423
4.98239,0.00106581,-0.00749902
4.98728,0.000373507,-0.00845902
4.99217,-0.000123612,-0.00705527
4.99707,9.75572e-05,-0.0093993
5.00196,0.000677919,-0.00692388
5.00685,2.32986e-05,-0.0088878
5.01174,0.000808175,-0.00662139
5.01664,-0.000449404,-0.00846444
5.02153,0.00090047,-0.00703676
5.02642,-0.000125986,-0.00779007
5.03131,0.000359782,-0.00691177
5.03621,-1.9596e-05,-0.0078331
5.0411,0.000172159,-0.00691982
5.04599,0.000351142,-0.00811713
5.05089,0.000628173,-0.00666196
5.05578,0.0008511,-0.00789296
5.06067,0.00133821,-0.00565788
5.06556,0.000278462,-0.00627481
5.07046,-0.000317282,-0.00543099
5.07535,-0.000215024,-0.00725359
5.08024,-6.74819e-05,-0.00568943
5.08513,-6.64589e-05,-0.00755396
5.09003,0.000587109,-0.00533584
5.09492,-0.000664222,-0.00699357
5.09981,0.000589244,-0.00603335
5.10471,-8.87837e-05,-0.00650163
5.1096,3.17347e-05,-0.00591954
5.11449,0.000435552,-0.00706049
5.11938,0.00086001,-0.00508844
5.12428,-0.000216429,-0.00601924
5.12917,-1.94921e-05,-0.00561741
5.13406,0.000678513,-0.00672281
5.13896,0.000933038,-0.00428733
5.14385,-0.000447106,-0.00533583
5.14874,-0.000576754,-0.00459026
5.15363,-0.000843602,-0.00664128
5.15853,0.000474099,-0.00496927
5.16342,-0.00110604,-0.00584244
5.16831,-3.60854e-05,-0.00589548
5.1732,-9.36629e-05,-0.00616062
5.1781,0.000226489,-0.00545941
5.18299,0.000148136,-0.00602561
5.18788,0.000311101,-0.00505204
5.19278,5.62943e-06,-0.00596064
5.19767,0.000603492,-0.00510811
5.20256,0.000368167,-0.00538229
5.20745,8.34114e-05,-0.00452038
5.21235,6.05669e-05,-0.00578465
5.21724,0.000549518,-0.00424222
5.22213,-0.00063073,-0.00539101
5.22703,0.000679242,-0.00493784
5.23192,-0.000312058,-0.00463374
5.23681,-0.000216195,-0.00518577
5.2417,0.000314824,-0.00512603
5.2466,-0.000237081,-0.00464618
5.25149,7.51991e-05,-0.00544999
5.25638,0.000115977,-0.00488706
5.26127,0.000607888,-0.00536398
5.26617,0.00053851,-0.0042928
5.27106,0.000291296,-0.00443758
5.27595,-0.00065738,-0.00455001
5.28085,0.000960176,-0.0056613
5.28574,0.00040299,-0.00363347
5.29063,0.000591728,-0.00499883
5.29552,0.000312679,-0.00302643
5.30042,-0.000511685,-0.00462579
5.30531,-0.000190566,-0.00385965
5.3102,-0.000210652,-0.00499236
5.31509,-2.64988e-05,-0.00383641
5.31999,-0.000266527,-0.00493486
5.32488,-0.000223718,-0.0040273
5.32977,-4.92817e-05,-0.00554295
5.33467,0.000740681,-0.00400019
5.33956,0.000208685,-0.00471139
5.34445,0.000490971,-0.00366649
5.34934,0.00012325,-0.0044225
5.35424,-6.68244e-05,-0.00344311
5.35913,-0.000190623,-0.0052701
5.36402,0.00123292,-0.00367247
5.36891,-0.000104887,-0.00380136
5.37381,0.000307632,-0.00392656
5.3787,0.000811083,-0.00377624
5.38359,-0.000300748,-0.00231702
5.38849,-0.00106655,-0.00416639
5.39338,-0.00073295,-0.00400414
5.39827,0.000372549,-0.00549476
5.40316,0.00105163,-0.00259635
5.40806,-0.00108237,-0.00391347
5.41295,6.01338e-05,-0.00391107
5.41784,-0.000158062,-0.00446737
5.42274,0.000532428,-0.00347342
5.42763,-0.000245771,-0.00403494
5.43252,0.000380217,-0.00351637
5.43741,2.09437e-06,-0.00386228
5.44231,0.000195038,-0.00310345
5.4472,-0.000305896,-0.00370932
5.45209,-0.000463853,-0.00315836
5.45698,-0.000317614,-0.00495165
5.46188,0.00134183,-0.002927
5.46677,-0.000867056,-0.00290928
5.47166,-0.000360999,-0.00357577
5.47656,-0.000357335,-0.00389398
5.48145,1.50966e-05,-0.00320697
5.48634,-0.000772018,-0.00373703
5.49123,-0.000236096,-0.00376256
5.49613,-0.000237583,-0.00420145
5.50102,0.000399846,-0.00346953
5.50591,-0.000353832,-0.00356405
5.5108,-6.19277e-05,-0.00373071
5.5157,0.00015414,-0.00385534
5.52059,0.000229468,-0.00338277
5.52548,0.000463636,-0.00349962
5.53038,2.06682e-05,-0.00249325
5.53527,-0.000345565,-0.00325354
5.54016,-0.00077075,-0.00269258
5.54505,-0.000607594,-0.00434849
5.54995,0.000218946,-0.00281564
5.55484,-0.00107587,-0.00373486
5.55973,-9.49905e-05,-0.00389222
5.56463,0.000304089,-0.0040591
5.56952,0.000403723,-0.00264523
5.57441,-0.000396929,-0.00358022
5.5793,0.000254392,-0.00261016
5.5842,-0.00100988,-0.00334869
5.58909,-0.000140764,-0.00346305
5.59398,-9.18816e-05,-0.00370036
5.59887,8.71376e-05,-0.00239394
5.60377,-0.00136091,-0.00365051
5.60866,0.000229923,-0.00356687
5.61355,-0.000787057,-0.0034875
5.61845,0.000335682,-0.0038085
5.62334,-7.30006e-05,-0.00302313
5.62823,-0.000262956,-0.00321103
5.63312,-0.000305436,-0.00351348
5.63802,0.00017437,-0.00339694
5.64291,0.000358168,-0.00286765
5.6478,-0.000759788,-0.00209576
5.65269,-0.00112644,-0.00377052
5.65759,-0.000376895,-0.00298278
5.66248,-0.00130949,-0.00406975
5.66737,0.000186517,-0.00390804
5.67227,-0.000592219,-0.00389785
5.67716,0.000656858,-0.00411466
5.68205,0.000286046,-0.00314102
5.68694,9.04806e-05,-0.00352112
5.69184,0.000587874,-0.00342459
5.69673,0.000253535,-0.00267369
5.70162,-2.13936e-05,-0.00340741
5.70652,0.000594237,-0.00275881
5.71141,-6.73096e-05,-0.00272413
5.7163,-8.10214e-05,-0.00249423
5.72119,-0.000611072,-0.00310213
5.72609,6.85784e-05,-0.00295732
5.73098,-0.000477332,-0.00294076
5.73587,-0.000216303,-0.00310906
5.74076,-0.00024767,-0.00331132
5.74566,0.000142053,-0.002992
5.75055,-0.000164369,-0.00315407
5.75544,0.000425752,-0.00271489
5.76034,-0.000593695,-0.00241937
5.76523,-0.000350385,-0.0032498
5.77012,-4.17412e-05,-0.00268591
5.77501,-0.000773769,-0.00281052
5.77991,-0.000320465,-0.00345239
5.7848,-0.000182499,-0.00306111
5.78969,9.73584e-05,-0.00329978
5.79458,5.25948e-05,-0.00244176
5.79948,-0.000552443,-0.00279791
5.80437,-0.000682198,-0.00291209
5.80926,-0.000369305,-0.00370481
5.81416,0.000182635,-0.0030081
5.81905,-0.000121965,-0.00306934
5.82394,-0.000382868,-0.00285943
5.82883,4.88697e-05,-0.0040013
5.83373,0.00108121,-0.00242126
5.83862,-0.00032964,-0.00246748
5.84351,0.000171906,-0.00247776
5.84841,-0.000513497,-0.00254233
5.8533,-0.000185032,-0.00263846
5.85819,-0.000434699,-0.00287724
5.86308,5.99372e-05,-0.00242834
5.86798,-0.00091449,-0.00260566
5.87287,-0.000150718,-0.0029883
5.87776,-0.000562004,-0.00250217
5.88265,-0.000637834,-0.00283142
5.88755,-0.00080052,-0.00312917
5.89244,-0.000201441,-0.0032267
5.89733,-0.000606005,-0.00303417
5.90223,-4.87394e-05,-0.00361498
5.90712,0.000236325,-0.00286573
5.91201,-2.92993e-05,-0.0028688
5.9169,-5.61803e-05,-0.00260996
5.9218,-0.000427942,-0.00285145
5.92669,-8.91548e-05,-0.00304328
5.93158,-2.54335e-05,-0.00286684
5.93647,1.83013e-05,-0.00277523
5.94137,3.87677e-06,-0.00276821
5.94626,0.000197457,-0.00240412
5.95115,-0.000483037,-0.00226614
5.95605,-0.000308691,-0.00267701
5.96094,-0.000503008,-0.00241164
5.96583,-0.000585637,-0.00271625
5.97072,-0.000768037,-0.00285888
5.97562,-0.000322868,-0.00331508
5.98051,-7.94761e-05,-0.00305622
5.9854,0.000420985,-0.00272957
5.9903,-0.000621739,-0.00193604
5.99519,-0.000690786,-0.00337048
6.00008,4.67882e-05,-0.00261862
6.00497,-0.000688713,-0.00294377
6.00987,-3.54412e-05,-0.00326671
6.01476,0.000325711,-0.00299348
6.01965,0.000448399,-0.00225146
6.02454,-0.00046253,-0.00197518
6.02944,-0.000676323,-0.00278379
6.03433,-0.00016437,-0.00264401
6.03922,-0.000675388,-0.00274643
6.04412,-2.2426e-06,-0.0030978
6.04901,-0.000117694,-0.00264168
6.0539,0.000164452,-0.00266071
6.05879,-0.000389523,-0.00235642
6.06369,0.000156888,-0.00283953
6.06858,-0.000200812,-0.00192996
6.07347,-0.00045613,-0.00259593
6.07836,-0.000472895,-0.00245886
6.08326,2.24569e-05,-0.00291716
6.08815,6.05832e-05,-0.00188116
6.09304,-0.000593795,-0.00201425
6.09794,-0.00106524,-0.0023418
6.10283,-0.000315233,-0.00286253
6.10772,-0.000968879,-0.00208936
6.11261,-0.000643942,-0.00351177
6.11751,-7.88706e-05,-0.0025014
6.1224,-5.0059e-05,-0.00293562
6.12729,-0.000143544,-0.0015293
6.13218,-0.00141984,-0.00259418
6.13708,-0.000808355,-0.00298559
6.14197,-0.000303122,-0.00360037
6.14686,0.000376959,-0.00244206
6.15176,-0.000285003,-0.00273365
6.15665,0.000299616,-0.00197042
6.16154,-0.00108983,-0.00211122
6.16643,-0.000370321,-0.00292234
6.17133,-0.000290068,-0.00223696
6.17622,-0.000769501,-0.00260086
6.18111,2.60047e-05,-0.00264479
6.18601,-0.000822007,-0.00179481
6.1909,-0.00089331,-0.00324175
6.19579,8.66878e-05,-0.00248899
6.20068,-0.000512341,-0.00239293
6.20558,-0.000285409,-0.00228803
6.21047,-0.000715485,-0.00195781
6.21536,-0.00154107,-0.00261071
6.22025,-0.000242955,-0.00361557
6.22515,-0.000127193,-0.00203902
6.23004,-0.000837622,-0.00290172
6.23493,-0.000179893,-0.00264527
6.23983,-0.000205328,-0.00275098
6.24472,-0.000105183,-0.00213377
6.24961,-0.000278333,-0.00249126
6.2545,-0.000101755,-0.00163838
6.2594,-0.000981478,-0.00195517
6.26429,-0.000809183,-0.00197839
6.26918,-0.00116963,-0.00213406
6.27408,-0.00146201,-0.00229471
6.27897,-0.00117881,-0.00324399
6.28386,-0.000471056,-0.00261169
6.28875,-0.00100532,-0.00257649
6.29365,-0.000993075,-0.00303801
6.29854,0.000125866,-0.00312634
6.30343,-0.000471387,-0.00154139
6.30832,-0.00115187,-0.00282774
6.31322,-0.000379143,-0.00223437
6.31811,-0.000828195,-0.00230919
6.323,-0.00115902,-0.00171975
6.3279,-0.00177423,-0.00301222
6.33279,-0.000853126,-0.00277365
6.33768,-0.000996295,-0.00318232
6.34257,-0.000421202,-0.00222923
6.34747,-0.00153811,-0.00284025
6.35236,-0.0004375,-0.0026792
6.35725,-0.00151522,-0.00260133
6.36214,-0.000622762,-0.00311679
6.36704,-0.00106379,-0.00252279
6.37193,-0.000863739,-0.00312325
6.37682,-0.000584669,-0.00275696
6.38172,-0.000566344,-0.00257117
6.38661,-0.000871166,-0.00232611
6.3915,-0.00077976,-0.00273713
6.39639,-0.000298494,-0.00190043
6.40129,-0.00149132,-0.001511
6.40618,-0.00164843,-0.00192662
6.41107,-0.00241405,-0.00218027
6.41597,-0.00171897,-0.00285352
6.42086,-0.0022752,-0.00231905
6.42575,-0.00168031,-0.0030003
6.43064,-0.00256995,-0.00162885
6.43554,-0.0031815,-0.00323163
6.44043,-0.00310709,-0.00243414
6.44532,-0.00430594,-0.00347449
6.45021,-0.00466205,-0.00366915
6.45511,-0.00664861,-0.00486769
6.46,-0.00899774,-0.0102058
6.46489,-0.000567411,-0.0180921
6.46979,0.00870016,-0.00997172
6.47468,0.00504801,-0.00467516
6.47957,0.00416326,-0.00380145
6.48446,0.00283633,-0.00336387
6.48936,0.00262147,-0.00254072
6.49425,0.00139493,-0.00313103
6.49914,0.0022733,-0.00253296
6.50403,0.000835314,-0.00235745
6.50893,0.00132024,-0.002653
6.51382,0.000811335,-0.0022726
6.51871,0.0003424,-0.00227801
6.52361,0.000194808,-0.00337207
6.5285,0.00126212,-0.0028867
6.53339,0.00108573,-0.00273204
6.53828,0.00131989,-0.00148356
6.54318,-0.000331254,-0.00169889
6.54807,-0.000262174,-0.00223968
6.55296,-0.000155987,-0.0031277
6.55786,0.000776636,-0.00197137
6.56275,-0.000816503,-0.00233088
6.56764,0.000273338,-0.00260851
6.57253,-0.000691276,-0.00222479
6.57743,-0.000552202,-0.00295586
6.58232,-0.000258928,-0.00344573
6.58721,0.000561321,-0.00262012
6.5921,-0.000720007,-0.00279673
6.597,0.00044304,-0.00353234
6.60189,0.000663401,-0.00263539
6.60678,0.000436723,-0.0020784
6.61168,-0.000322104,-0.00220322
6.61657,-0.000315107,-0.00233351
6.62146,-0.000637453,-0.00288696
6.62635,-9.22423e-06,-0.00285539
6.63125,-0.000228838,-0.00303358
6.63614,0.000527948,-0.00282169
6.64103,0.000346683,-0.00219216
6.64593,-0.000520442,-0.00161906
6.65082,-0.0010742,-0.00333418
6.65571,0.000593339,-0.00261688
6.6606,-0.000813343,-0.00238426
6.6655,-6.82019e-05,-0.00272477
6.67039,-0.00111059,-0.00271274
6.67528,-3.02812e-05,-0.00391156
6.68017,0.000677313,-0.00291813
6.68507,0.000385875,-0.00238028
6.68996,5.56419e-05,-0.00240822
6.69485,3.1166e-06,-0.00226905
6.69975,-1.63468e-05,-0.00251277
6.70464,-0.000112675,-0.00185787
6.70953,-0.000479357,-0.00270039
6.71442,0.000124707,-0.00161512
6.71932,-0.00152518,-0.00228002
6.72421,-0.000616081,-0.00274225
6.7291,-0.00101507,-0.00334509
6.73399,0.000578373,-0.00281888
6.73889,-0.000832948,-0.00239837
6.74378,0.00023286,-0.00274066
6.74867,-0.00103805,-0.00213303
6.75357,-0.000282976,-0.00329918
6.75846,-0.000222859,-0.00259748
6.76335,0.00022396,-0.00249973
6.76824,-0.000783718,-0.00186024
6.77314,-0.000499207,-0.00262572
6.77803,-0.00131551,-0.0020366
6.78292,-0.000934833,-0.00387679
6.78782,0.000315467,-0.00242303
6.79271,-0.00120961,-0.00251627
6.7976,-0.000241615,-0.00307431
6.80249,-0.00110895,-0.00222792
6.80739,-0.000943176,-0.00402089
6.81228,0.00041134,-0.00279857
6.81717,-0.000765469,-0.00278807
6.82206,-0.000153377,-0.00285032
6.82696,-0.000888859,-0.00293285
6.83185,-5.11539e-05,-0.00341386
6.83674,-5.54644e-05,-0.00273105
6.84164,-0.000354306,-0.00283504
6.84653,2.44695e-05,-0.00315487
6.85142,0.000128374,-0.00224633
6.85631,-0.000495945,-0.00285271
6.86121,0.000203429,-0.00230357
6.8661,-0.000749363,-0.00252522
6.87099,-7.21054e-05,-0.00250882
6.87588,-0.000604388,-0.00269786
6.88078,0.000269478,-0.00211433
6.88567,-0.00135283,-0.00205254
6.89056,-0.000368043,-0.00291376
6.89546,-0.000777281,-0.00228164
6.90035,-0.000517496,-0.00240376
6.90524,-0.0015873,-0.00245906
6.91013,-0.000405821,-0.00357818
6.91503,-0.000379331,-0.00208589
6.91992,-0.00129959,-0.00271709
6.92481,-0.000722495,-0.00327779
6.9297,-0.000309964,-0.00253062
6.9346,-0.00137824,-0.00283064
6.93949,-0.000134609,-0.00345187
6.94438,-0.000589173,-0.00204777
6.94928,-0.00145842,-0.00319405
6.95417,-0.000256782,-0.00370196
6.95906,0.000174019,-0.00268179
6.96395,-0.000411094,-0.0024797
6.96885,-0.000305321,-0.00240061
6.97374,-0.000564285,-0.00207268
6.97863,-0.00136193,-0.00180476
6.98353,-0.00181671,-0.00317846
6.98842,-0.000784844,-0.00290858
6.99331,-0.00155315,-0.0032739
6.9982,-0.000297091,-0.00343592
7.0031,-0.000734899,-0.00275496
7.00799,-0.000632183,-0.00260759
7.01288,-0.00165358,-0.00280532
7.01777,-0.000904669,-0.00367796
7.02267,-0.000613563,-0.00332456
7.02756,-0.000330396,-0.00293124
7.03245,-0.000914324,-0.00287123
7.03735,-0.000615728,-0.00276503
7.04224,-0.00143643,-0.00302343
7.04713,-0.000627625,-0.00340053
7.05202,-0.000921498,-0.00336293
7.05692,0.000192543,-0.00307188
7.06181,-0.00109125,-0.00218469
7.0667,-0.000890375,-0.00302446
7.07159,-0.00141771,-0.00276575
7.07649,-0.000701879,-0.00342793
7.08138,-0.00138018,-0.00243351
7.08627,-0.00145879,-0.0040294
7.09117,-0.00033792,-0.0031961
7.09606,-0.00136786,-0.00302664
7.10095,-0.000990359,-0.00388008
7.10584,-0.000566516,-0.00343085
7.11074,-0.000468653,-0.00370684
7.11563,1.4769e-05,-0.00254571
7.12052,-0.00154928,-0.00285211
7.12542,-0.000597237,-0.00333305
7.13031,-0.00141716,-0.00310752
7.1352,-0.000490519,-0.00376244
7.14009,-0.000781602,-0.00297809
7.14499,-0.000618318,-0.00307831
7.14988,-0.00165815,-0.0030668
7.15477,-0.00043074,-0.00423519
7.15966,-0.000455506,-0.00259987
7.16456,-0.00113467,-0.00333971
7.16945,-0.000933059,-0.00330403
7.17434,-0.000591154,-0.00356692
7.17924,-0.000754729,-0.00296281
7.18413,-0.000582495,-0.00332334
7.18902,-0.00120014,-0.0023945
7.19391,-0.00152384,-0.00415681
7.19881,1.42978e-05,-0.00294664
7.2037,-0.00210299,-0.00296315
7.20859,-0.000613774,-0.00462483
7.21348,-0.000111923,-0.00289066
7.21838,-0.000906023,-0.00312704
7.22327,-0.000865069,-0.00274745
7.22816,-0.0017264,-0.00338614
7.23306,-0.000734093,-0.0039674
7.23795,-0.000593717,-0.00321824
7.24284,-0.000816396,-0.00336986
7.24773,-0.000360908,-0.00301262
7.25263,-0.00122095,-0.00237464
7.25752,-0.00156555,-0.00315857
7.26241,-0.00170375,-0.00311761
7.26731,-0.00150503,-0.00407415
7.2722,-0.000952282,-0.00349946
7.27709,-0.000860816,-0.00384629
7.28198,-0.000844573,-0.00253303
7.28688,-0.00204457,-0.00380221
7.29177,-0.000713185,-0.00351509
7.29666,-0.00148199,-0.00379419
7.30155,-0.000193129,-0.00305649
7.30645,-0.00218983,-0.0026902
7.31134,-0.00137957,-0.00385306
7.31623,-0.00168117,-0.00326187
7.32113,-0.00160049,-0.00362011
7.32602,-0.00190806,-0.00369124
7.33091,-0.00162829,-0.00377232
7.3358,-0.00221553,-0.00408226
7.3407,-0.0016144,-0.00460601
7.34559,-0.00129819,-0.00487071
7.35048,-0.000478645,-0.00399537
7.35537,-0.00169985,-0.00419915
7.36027,-0.000419705,-0.00450474
7.36516,-0.00101808,-0.00390455
7.37005,-0.000297584,-0.00388232
7.37495,-0.00134692,-0.00324124
7.37984,-0.00100773,-0.00390572
7.38473,-0.00142413,-0.00338889
7.38962,-0.00161196,-0.0038565
7.39452,-0.00160877,-0.00446849
7.39941,-0.000440263,-0.00393574
7.4043,-0.00187769,-0.00345388
7.4092,-0.00110734,-0.00459116
7.41409,-0.000923491,-0.0036002
7.41898,-0.00145705,-0.00343779
7.42387,-0.00206773,-0.00417995
7.42877,-0.000850895,-0.00421533
7.43366,-0.00189884,-0.00347616
7.43855,-0.00177219,-0.00456189
7.44344,-0.00128659,-0.00452564
7.44834,-0.00073884,-0.00385465
7.45323,-0.00188747,-0.00348457
7.45812,-0.00179817,-0.00400633
7.46302,-0.0023503,-0.00431601
7.46791,-0.0014455,-0.00474965
7.4728,-0.00187224,-0.004278
7.47769,-0.00160281,-0.00475378
7.48259,-0.00151855,-0.00468645
7.48748,-0.00129569,-0.00416141
7.49237,-0.00231174,-0.00489878
7.49726,-0.000513355,-0.00493394
7.50216,-0.00191619,-0.0038877
7.50705,-0.00130551,-0.0050472
7.51194,-0.001467,-0.00429308
7.51684,-0.000950978,-0.00445542
7.52173,-0.00214116,-0.00346229
7.52662,-0.00226473,-0.00516142
7.53151,-0.00152964,-0.00453519
7.53641,-0.00213313,-0.00480065
7.5413,-0.00150314,-0.00522552
7.54619,-0.00132048,-0.00440879
7.55109,-0.00186561,-0.00470866
7.55598,-0.00167894,-0.00412745
7.56087,-0.00300619,-0.0051546
7.56576,-0.00108839,-0.00564716
7.57066,-0.00172518,-0.00440862
7.57555,-0.00204143,-0.00471251
7.58044,-0.00254623,-0.005563
7.58533,-0.000711609,-0.00544358
7.59023,-0.00208666,-0.0040424
7.59512,-0.00225578,-0.00528378
7.60001,-0.0020248,-0.00512633
7.60491,-0.00198839,-0.00494265
7.6098,-0.00262586,-0.00542621
7.61469,-0.00165287,-0.00541163
7.61958,-0.00268328,-0.00518814
7.62448,-0.00200248,-0.00582827
7.62937,-0.00238718,-0.00558672
7.63426,-0.00190402,-0.00571713
7.63915,-0.00269286,-0.00579447
7.64405,-0.00184432,-0.00639305
7.64894,-0.00190663,-0.00611869
7.65383,-0.00150957,-0.00578347
7.65873,-0.0022745,-0.00627483
7.66362,-0.000812329,-0.00592738
7.66851,-0.00227052,-0.00538912
7.6734,-0.00151203,-0.0058129
7.6783,-0.00269508,-0.00571603
7.68319,-0.0015395,-0.00642522
7.68808,-0.00211492,-0.00596917
7.69298,-0.00112504,-0.00585758
7.69787,-0.00269929,-0.00541032
7.70276,-0.00156089,-0.0061268
7.70765,-0.00314797,-0.00518901
7.71255,-0.00265268,-0.00722932
7.71744,-0.00179787,-0.00664581
7.72233,-0.0015205,-0.00589328
7.72722,-0.00299966,-0.00598002
7.73212,-0.00196022,-0.00675575
7.73701,-0.00252897,-0.0061914
7.7419,-0.00215855,-0.00634968
7.7468,-0.00310376,-0.00664105
7.75169,-0.00184324,-0.0067976
7.75658,-0.00308943,-0.00647667
7.76147,-0.002238,-0.00689733
7.76637,-0.00341115,-0.00737575
7.77126,-0.00081806,-0.00769447
7.77615,-0.00228876,-0.00551748
7.78104,-0.00275561,-0.00608484
7.78594,-0.00434045,-0.0067709
7.79083,-0.00271669,-0.00768807
7.79572,-0.00413517,-0.00757067
7.80062,-0.00191619,-0.00865608
7.80551,-0.00306305,-0.00714305
7.8104,-0.00204576,-0.00807453
7.81529,-0.00325881,-0.00687799
7.82019,-0.00286997,-0.00795604
7.82508,-0.00365644,-0.00796077
7.82997,-0.00202244,-0.00813622
7.83487,-0.0041917,-0.00736477
7.83976,-0.00261259,-0.00906419
7.84465,-0.00353937,-0.00782511
7.84954,-0.0024927,-0.00865447
7.85444,-0.00414914,-0.00771968
7.85933,-0.00299175,-0.00933449
7.86422,-0.00379697,-0.00829727
7.86911,-0.00287322,-0.00904186
7.87401,-0.0045173,-0.00835759
7.8789,-0.00335168,-0.00983738
7.88379,-0.0043474,-0.00931448
7.88869,-0.00268869,-0.0101468
7.89358,-0.00410551,-0.00935744
7.89847,-0.0020518,-0.00969494
7.90336,-0.00537839,-0.00820767
7.90826,-0.00344682,-0.0114205
7.91315,-0.00404508,-0.00904839
7.91804,-0.00358507,-0.0104126
7.92294,-0.00522769,-0.0094361
7.92783,-0.00363531,-0.0113833
7.93272,-0.00505804,-0.00926807
7.93761,-0.00481699,-0.0113919
7.94251,-0.00574812,-0.0106616
7.9474,-0.00450306,-0.0121622
7.95229,-0.00595413,-0.0110349
7.95718,-0.00475408,-0.0126992
7.96208,-0.00643877,-0.0118034
7.96697,-0.00456066,-0.0137696
7.97186,-0.00624747,-0.0120198
7.97676,-0.00500524,-0.014299
7.98165,-0.00627553,-0.012943
7.98654,-0.00459869,-0.0147738
7.99143,-0.00627334,-0.0127212
7.99633,-0.00559295,-0.0146077
8.00122,-0.00771409,-0.0137278
8.00611,-0.00607343,-0.0162061
8.011,-0.00779995,-0.01511
8.0159,-0.0055233,-0.0171347
8.02079,-0.00807323,-0.0151416
8.02568,-0.006269,-0.0179556
8.03058,-0.00862949,-0.0159438
8.03547,-0.00694694,-0.0189078
8.04036,-0.00941726,-0.0168835
8.04525,-0.00788642,-0.0199639
8.05015,-0.0109901,-0.0182524
8.05504,-0.00905485,-0.0226532
8.05993,-0.0108837,-0.0207538
8.06483,-0.00872367,-0.0240938
8.06972,-0.011645,-0.0217706
8.07461,-0.009818,-0.025831
8.0795,-0.0128819,-0.0236853
8.0844,-0.0110906,-0.0280854
8.08929,-0.0143605,-0.0261443
8.09418,-0.0129158,-0.0303062
8.09907,-0.0180003,-0.0302572
8.10397,-0.0133007,-0.036213
8.10886,-0.0191121,-0.0329953
8.11375,-0.0165834,-0.0411911
8.11864,-0.0217463,-0.0393844
8.12354,-0.018678,-0.0478462
8.12843,-0.0262596,-0.0468536
8.13332,-0.0221631,-0.0592831
8.13822,-0.0298102,-0.0586216
8.14311,-0.0261272,-0.0745224
8.148,-0.0348582,-0.078498
8.15289,-0.0260618,-0.0996743
8.15779,-0.0387713,-0.106205
8.16268,-0.025746,-0.142129
8.16757,-0.0409596,-0.163381
8.17247,-0.00378233,-0.238308
8.17736,0.00322241,-0.31035
8.18225,0.285418,-0.499031
8.18714,0.620967,-0.100171
8.19204,0.33872,0.192292
8.19693,0.215473,0.148468
8.20182,0.129775,0.153616
8.20671,0.103747,0.111234
8.21161,0.0704982,0.11014
8.2165,0.0638047,0.0839864
8.22139,0.0454157,0.0834808
8.22629,0.0459174,0.0660002
8.23118,0.0328559,0.0681115
8.23607,0.0345055,0.0542308
8.24096,0.0253639,0.0570047
8.24586,0.0271849,0.046106
8.25075,0.0202038,0.0488109
8.25564,0.0221093,0.0400857
8.26054,0.0160922,0.0424877
8.26543,0.018352,0.0345489
8.27032,0.0140891,0.0371105
8.27521,0.0161826,0.031098
8.28011,0.0118764,0.033324
8.285,0.0145979,0.0277887
8.28989,0.0106281,0.0311859
8.29478,0.0117665,0.0258034
8.29968,0.00852609,0.0280115
8.30457,0.00977043,0.0229352
8.30946,0.00762984,0.0243492
8.31436,0.009909,0.0208383
8.31925,0.00671847,0.0231221
8.32414,0.00842821,0.0186189
8.32903,0.00663416,0.0207432
8.33393,0.00812646,0.0172961
8.33882,0.00630456,0.0190384
8.34371,0.00827165,0.0160584
8.34861,0.00627137,0.0184727
8.3535,0.00748653,0.0155834
8.35839,0.00532852,0.0175154
8.36328,0.00667802,0.0141369
8.36818,0.00539051,0.0160722
8.37307,0.00696078,0.0133345
8.37796,0.00560657,0.0161267
8.38285,0.00587027,0.0133482
8.38775,0.00502869,0.015503
8.39264,0.00436296,0.0132516
8.39753,0.00368241,0.0134371
8.40243,0.0045264,0.0118873
8.40732,0.00333979,0.0121975
8.41221,0.00503782,0.0106533
8.4171,0.00363976,0.0117153
8.422,0.00537588,0.0101199
8.42689,0.00378731,0.0118603
8.43178,0.00485843,0.0100432
8.43667,0.00302247,0.0116059
8.44157,0.00390944,0.00852809
8.44646,0.00435439,0.010017
8.45135,0.00499548,0.0095198
8.45625,0.00340292,0.0106573
8.46114,0.00434044,0.00900889
8.46603,0.00308666,0.0106444
8.47092,0.00294726,0.00867451
8.47582,0.00242193,0.00864442
8.48071,0.00416551,0.00738858
8.4856,0.00320129,0.00903811
8.49049,0.00378111,0.00744184
8.49539,0.00335521,0.00868715
8.50028,0.00349347,0.00775032
8.50517,0.0026828,0.00797687
8.51007,0.00381313,0.00717159
8.51496,0.0025085,0.00774739
8.51985,0.00417644,0.0064764
8.52474,0.00294993,0.00816999
8.52964,0.00360302,0.00647665
8.53453,0.00306735,0.00783338
8.53942,0.00334584,0.00670983
8.54432,0.00252592,0.00743734
8.54921,0.00320541,0.00616239
8.5541,0.00250952,0.00685885
8.55899,0.00371193,0.00547452
8.56389,0.00358253,0.00727658
8.56878,0.00314633,0.00672288
8.57367,0.00243465,0.00677034
8.57856,0.00330517,0.00619198
8.58346,0.00221255,0.00692241
8.58835,0.00261144,0.00590519
8.59324,0.00183991,0.00578331
8.59814,0.00367729,0.00502003
8.60303,0.00263685,0.00660489
8.60792,0.0029941,0.00558571
8.61281,0.00210733,0.00620344
8.61771,0.00288428,0.00521001
8.6226,0.00204498,0.00570545
8.62749,0.00353469,0.00480334
8.63239,0.00252686,0.0065401
8.63728,0.00255703,0.00543936
8.64217,0.00153401,0.00588027
8.64706,0.00257419,0.00428567
8.65196,0.00247083,0.00565007
8.65685,0.00247594,0.00495297
8.66174,0.00201075,0.00532885
8.66663,0.00245042,0.00497813
8.67153,0.00119861,0.00476583
8.67642,0.00326304,0.0036357
8.68131,0.00254338,0.00560275
8.6862,0.00244588,0.00491645
8.6911,0.00102317,0.00496359
8.69599,0.00269357,0.00322881
8.70088,0.00230229,0.00487059
8.70578,0.00285528,0.00367948
8.71067,0.00252752,0.00486993
8.71556,0.00319234,0.00411572
8.72046,0.00226238,0.00564969
8.72535,0.00221346,0.00413833
8.73024,0.00215335,0.005068
8.73513,0.00208638,0.00427005
8.74003,0.0017844,0.00466074
8.74492,0.00209413,0.00412311
8.74981,0.0013632,0.00411225
8.7547,0.00279563,0.00341233
8.7596,0.00182769,0.00452311
8.76449,0.00285851,0.00357885
8.76938,0.00148647,0.00497328
8.77427,0.00235052,0.00270948
8.77917,0.00270984,0.00473978
8.78406,0.00240802,0.00377891
8.78895,0.00224876,0.00510597
8.79385,0.00153611,0.00406081
8.79874,0.00150136,0.0041416
8.80363,0.00215134,0.00331244
8.80852,0.00206376,0.00448515
8.81342,0.00182388,0.00391628
8.81831,0.00122729,0.00425678
8.8232,0.00177586,0.00307849
8.8281,0.00170328,0.00413035
8.83299,0.00166356,0.00321966
8.83788,0.00150915,0.00390506
8.84277,0.00156929,0.00269189
8.84767,0.00231446,0.00336061
8.85256,0.00228734,0.0035267
8.85745,0.0017285,0.00397318
8.86234,0.00191948,0.00340425
8.86724,0.00139306,0.00403148
8.87213,0.0012885,0.0029017
8.87702,0.00170604,0.00301804
8.88192,0.00223507,0.00288098
8.88681,0.00195128,0.00365472
8.8917,0.00172769,0.00309419
8.89659,0.00207393,0.00294401
8.90149,0.00276203,0.0037075
8.90638,0.00119126,0.00409577
8.91127,0.00186335,0.00302708
8.91617,0.00139795,0.00363264
8.92106,0.00215894,0.0028273
8.92595,0.00197362,0.0042432
8.93084,0.00114276,0.00396493
8.93574,0.000309905,0.00331598
8.94063,0.00146835,0.00237015
8.94552,0.00115835,0.00310566
8.95041,0.00170279,0.00243644
8.95531,0.00130203,0.00296103
8.9602,0.00227741,0.00229908
8.96509,0.0017111,0.00377787
8.96999,0.00154711,0.00265119
8.97488,0.00173224,0.00350552
8.97977,0.00119705,0.00316584
8.98466,0.000902628,0.00269334
8.98956,0.00224635,0.00244082
8.99445,0.00120788,0.00394127
8.99934,0.000815517,0.00243371
9.00423,0.00114293,0.00256656
9.00913,0.00182505,0.00208411
9.01402,0.00162744,0.00313506
9.01891,0.0015904,0.00242705
9.02381,0.00149237,0.00318771
9.0287,0.00125639,0.00221725
9.03359,0.0022485,0.00269141
9.03848,0.00179809,0.00374151
9.04338,0.000376253,0.00336139
9.04827,0.000900148,0.0023867
9.05316,0.000676285,0.00248179
9.05805,0.00125204,0.00192186
9.06295,0.00119258,0.00204599
9.06784,0.00222914,0.00211779
9.07273,0.00116584,0.00311437
9.07763,0.0013236,0.00200029
9.08252,0.00146134,0.00240671
9.08741,0.00178439,0.00247691
9.0923,0.000845145,0.00248185
9.0972,0.0021029,0.00194095
9.10209,0.000989725,0.00284037
9.10698,0.00226309,0.00166847
9.11188,0.00128451,0.00375111
9.11677,0.00101036,0.00156305
9.12166,0.00180197,0.00280443
9.12655,0.00145194,0.00216941
9.13145,0.00133425,0.00304225
9.13634,0.00126033,0.00178572
9.14123,0.00172345,0.00322137
9.14612,0.000425528,0.00204012
9.15102,0.0018661,0.00207548
9.15591,0.0011705,0.00265292
9.1608,0.000952857,0.00209453
9.1657,0.00159408,0.00158395
9.17059,0.00220198,0.00254164
9.17548,0.001258,0.00296223
9.18037,0.00106523,0.00223554
9.18527,0.00157802,0.00252984
9.19016,0.000693897,0.00250439
9.19505,0.00143363,0.00165709
9.19995,0.00177503,0.00243429
9.20484,0.00164752,0.0028849
9.20973,0.000471652,0.00301911
9.21462,0.000721097,0.00178783
9.21952,0.00110473,0.00204482
9.22441,0.00152014,0.00202704
9.2293,0.000985611,0.0026988
9.23419,0.00103914,0.00193115
9.23909,0.000864119,0.00278044
9.24398,-1.22074e-05,0.00136384
9.24887,0.0018461,0.00097376
9.25377,0.00174091,0.00240892
9.25866,0.00120717,0.00206229
9.26355,0.00117803,0.0024131
9.26844,0.000782001,0.00151414
9.27334,0.00185639,0.00207961
9.27823,0.000666298,0.00196605
9.28312,0.00195502,0.0015614
9.28801,0.00129555,0.00245249
9.29291,0.00161457,0.00203456
9.2978,0.00111856,0.00273282
9.30269,0.000581207,0.00213057
9.30759,0.000988157,0.00119535
9.31248,0.00207561,0.00230016
9.31737,0.000388943,0.00203197
9.32226,0.00215926,0.0014471
9.32716,0.0012759,0.0026605
9.33205,0.00170527,0.00232334
9.33694,0.000411445,0.00275401
9.34184,0.00130112,0.00160208
9.34673,0.000851182,0.00235906
9.35162,0.00184337,0.00178625
9.35651,0.000843484,0.00341862
9.36141,0.000388394,0.00197457
9.3663,0.000477002,0.00222555
9.37119,0.000873663,0.00161973
9.37608,0.000717079,0.0022359
9.38098,0.000860426,0.00200998
9.38587,-0.000139336,0.00211326
9.39076,0.000875359,0.00092686
9.39566,0.000440495,0.00191462
9.40055,0.00120604,0.000618762
9.40544,0.00115315,0.00235642
9.41033,0.000616697,0.000928411
9.41523,0.0014414,0.0017928
9.42012,0.000787622,0.00123979
9.42501,0.0017075,0.00142586
9.4299,0.001352,0.00204477
9.4348,0.000870881,0.00163248
9.43969,0.00177008,0.00147545
9.44458,0.00139857,0.00244761
9.44948,0.00103851,0.00235439
9.45437,0.000109569,0.0021068
9.45926,0.00109422,0.000964996
9.46415,0.00127954,0.00224985
9.46905,0.000610767,0.00180144
9.47394,0.000783291,0.00153086
9.47883,0.00123503,0.00160142
9.48372,0.00093805,0.00181464
9.48862,0.00130373,0.0021635
9.49351,-0.000264596,0.00209737
9.4984,0.000961286,0.000680408
9.5033,0.000809606,0.00181341
9.50819,0.00110428,0.00100181
9.51308,0.000978008,0.00179485
9.51797,0.00117837,0.00122717
9.52287,0.000783029,0.0016886
9.52776,0.00164522,0.000845305
9.53265,0.00143659,0.00236489
9.53755,0.00123125,0.00151112
9.54244,0.00111026,0.00254975
9.54733,0.000652113,0.00160465
9.55222,0.000847025,0.00207426
9.55712,0.000877895,0.00149684
9.56201,0.000661788,0.0023884
9.5669,0.000257182,0.00111325
9.57179,0.00104309,0.00180641
9.57669,0.000309415,0.00133654
9.58158,0.000965388,0.00138934
9.58647,0.00060718,0.00116041
9.59137,0.00159477,0.00114336
9.59626,0.00122931,0.00237895
9.60115,0.000105695,0.00165063
9.60604,0.00118231,0.00118122
9.61094,0.000721805,0.00210707
9.61583,0.000405808,0.00143509
9.62072,0.000419627,0.00134688
9.62562,0.000782526,0.000950989
9.63051,0.000866525,0.0011868
9.6354,0.00125019,0.00109956
9.64029,0.00106014,0.0014767
9.64519,0.00154196,0.00151198
9.65008,0.000511189,0.00239867
9.65497,0.000325558,0.000772758
9.65986,0.00151756,0.00138836
9.66476,0.000794475,0.00195879
9.66965,0.000432936,0.00135587
9.67454,0.000985382,0.00123115
9.67944,0.000819967,0.00133114
9.68433,0.00140475,0.00152449
9.68922,0.000450291,0.00208885
9.69411,0.000506309,0.00118418
9.69901,0.000521846,0.00126086
9.7039,0.00113804,0.00089983
9.70879,0.000985692,0.00167194
9.71369,0.000942861,0.00123929
9.71858,0.000952415,0.0017105
9.72347,0.000701904,0.00138896
9.72836,0.000975533,0.0014496
9.73326,0.000725234,0.00181935
9.73815,0.000307054,0.00116344
9.74304,0.00105658,0.00129331
9.74793,0.000562001,0.00116165
9.75283,0.00145359,0.00146714
9.75772,0.000412687,0.00157234
9.76261,0.00141618,0.00166495
9.7675,-0.000394975,0.00173324
9.7724,0.00174636,0.00056799
9.77729,0.000290527,0.00299984
9.78218,-3.3318e-05,0.000461023
9.78708,0.000960537,0.00168341
9.79197,0.000228557,0.00120732
9.79686,0.000491656,0.00115555
9.80175,0.000877005,0.00117606
9.80665,0.000127169,0.00153862
9.81154,0.000731122,0.000765808
9.81643,6.13155e-05,0.0015135
9.82133,0.00064904,9.35765e-06
9.82622,0.00114421,0.00132158
9.83111,0.00092085,0.000840159
9.836,0.000768027,0.0016882
9.8409,0.000442135,0.000632845
9.84579,0.00116268,0.0012609
9.85068,0.000498644,0.00125378
9.85557,0.000564177,0.000838312
9.86047,0.0010165,0.00090246
9.86536,0.000719045,0.000844752
9.87025,0.00172653,0.00116229
9.87515,9.91494e-05,0.00181352
9.88004,0.00114853,0.0002861
9.88493,0.00080522,0.00176709
9.88982,0.00113592,0.000499508
9.89472,0.000955919,0.00216242
9.89961,0.000447304,0.000619464
9.9045,0.00102382,0.0017124
9.9094,0.000352618,0.000630826
9.91429,0.00132206,0.00128652
9.91918,0.000711104,0.00108859
9.92407,0.0011376,0.00142588
9.92897,0.000663313,0.00142073
9.93386,0.000437459,0.0012946
9.93875,0.000965868,0.00063173
9.94364,0.00119445,0.00177382
9.94854,0.00036869,0.00132969
9.95343,0.000702357,0.00112174
9.95832,0.0011272,0.00125585
9.96322,0.000370199,0.00213639
9.96811,-0.000151037,0.000842916
9.973,0.000525817,0.000892767
9.97789,0.000658497,0.000727874
9.98279,0.000633788,0.00112411
9.98768,0.000825334,0.000605093
9.99257,0.000902546,0.00142927
9.99747,0.000525151,0.000700912
10.0024,0.00125186,0.0011838
10.0073,0.000690291,0.00149123
10.0121,0.000325245,0.00127602
10.017,0.00063651,0.000850109
10.0219,0.000411585,0.00126623
10.0268,0.000539091,0.00043237
10.0317,0.00101326,0.00100932
10.0366,0.000957442,0.000832937
10.0415,0.00106986,0.00157383
10.0464,0.000276764,0.00139482
10.0513,0.000121342,0.000881267
10.0562,0.000796837,0.000228918
10.0611,0.0013779,0.00105951
10.066,0.00103517,0.00144656
10.0709,0.000475166,0.00170542
10.0757,5.6252e-05,0.00126652
10.0806,-0.000277142,0.000568732
10.0855,0.00108009,-7.69419e-05
10.0904,0.000899752,0.00123526
10.0953,0.000857258,0.000412815
10.1002,0.000870686,0.00138418
10.1051,0.00047469,0.000132023
10.11,0.00181499,0.000927047
10.1149,0.000829555,0.00143819
10.1198,0.000746482,0.00108325
10.1247,0.000711099,0.000815706
10.1296,0.00124235,0.000591893
10.1345,0.00187986,0.00156684
10.1394,0.000186294,0.00222058
10.1442,0.000494043,0.000402197
10.1491,0.00127859,0.0016905
10.154,0.000201238,0.00130377
10.1589,0.000671012,0.00119889
10.1638,0.000262512,0.000963795
10.1687,0.000995327,0.000685234
10.1736,0.0010459,0.0015185
10.1785,0.000299954,0.00137743
10.1834,0.000540315,0.00101704
10.1883,0.000472229,0.000880252
10.1932,0.0012313,0.00106853
10.1981,0.000366002,0.00172141
10.203,0.000552914,0.00105746
10.2079,7.93403e-05,0.00151537
10.2127,0.000251404,0.000629847
10.2176,0.000239405,0.000897616
10.2225,0.00101255,0.000334896
10.2274,0.000818789,0.00169418
10.2323,0.000403754,0.00100748
10.2372,3.18589e-05,0.00160337
10.2421,-0.000114819,7.45656e-05
10.247,0.000916711,0.000847174
10.2519,0.000342287,0.000652314
10.2568,0.000629859,0.000811415
10.2617,0.000613808,0.000342688
10.2666,0.00123806,0.000968748
10.2715,0.00067334,0.00121653
10.2764,0.00035921,0.00110937
10.2812,0.000605253,0.000534591
10.2861,0.00087548,0.00113026
10.291,0.000587599,0.00107325
10.2959,0.000182465,0.00114295
10.3008,0.000727894,0.000286486
10.3057,0.000854387,0.00171267
10.3106,-0.000288811,0.000621847
10.3155,0.00100339,0.00064673
10.3204,0.000365637,0.00127168
10.3253,8.91899e-05,0.000862749
10.3302,0.000194526,0.000654173
10.3351,-0.000220983,0.000459768
10.34,0.000625299,-0.000738064
10.3449,0.0016321,0.000482824
10.3497,0.001198,0.000589302
10.3546,0.00136603,0.00146544
10.3595,0.000138607,0.00108189
10.3644,0.000828811,0.000616806
10.3693,0.000579196,0.00091155
10.3742,0.000760479,0.000620617
10.3791,0.000765881,0.000932493
10.384,0.000502026,0.000582935
10.3889,0.00127893,0.000491747
10.3938,0.00103842,0.00144547
10.3987,0.000427425,0.00106206
10.4036,0.000510338,0.000900578
10.4085,0.000575502,0.000598286
10.4133,0.001065,0.000730647
10.4182,0.000860322,0.00148287
10.4231,-0.000155983,0.000858028
10.428,0.00105238,0.000296181
10.4329,0.000546331,0.00124083
10.4378,0.00078384,0.000411573
10.4427,0.0007652,0.00119777
10.4476,0.000831585,0.000784895
10.4525,9.08433e-05,0.0014722
10.4574,0.000544889,-0.000325104
10.4623,0.00125758,0.00172355
10.4672,-0.000564959,0.000114486
10.4721,0.0019819,1.6449e-05
10.477,0.00114056,0.00157038
10.4818,0.000707914,0.00126921
10.4867,0.000424339,0.00101793
10.4916,0.000687144,0.000891575
10.4965,0.000784004,0.000783199
10.5014,0.00106931,0.00150109
10.5063,-8.29231e-05,0.0014253
10.5112,0.000270997,0.000668027
10.5161,0.000428174,0.000774597
10.521,0.000665033,0.000936352
10.5259,5.16056e-06,0.00112113
10.5308,0.000193467,9.5834e-05
10.5357,0.00107702,0.000662303
10.5406,0.000428731,0.000949262
10.5455,0.000729448,0.00075698
10.5503,0.000196973,0.00103692
10.5552,0.000493002,0.000359865
10.5601,0.000414673,0.000914971
10.565,0.000390387,9.10892e-05
10.5699,0.00104734,0.000640547
10.5748,0.000671571,0.000681802
10.5797,0.000731318,0.000723888
10.5846,0.000954025,0.000542381
10.5895,0.000845478,0.0014228
10.5944,-1.46053e-05,0.000586567
10.5993,0.000967055,0.000530383
10.6042,0.000434455,0.000719769
10.6091,0.00119281,0.000440373
10.614,0.000751012,0.00147451
10.6188,0.000238138,0.000476913
10.6237,0.0012881,0.000896465
10.6286,0.000197142,0.0014516
10.6335,0.000277568,0.000570078
10.6384,0.000309359,0.00072879
10.6433,0.000646778,0.000372921
10.6482,0.000508852,0.000841852
10.6531,0.000700426,0.000434315
10.658,0.000248882,0.0010048
10.6629,0.000556885,-0.000357004
10.6678,0.0012501,0.00110795
10.6727,2.41555e-05,6.82228e-05
10.6776,0.0017375,0.00017311
10.6825,0.00112642,0.000960938
10.6873,0.00106335,0.00116607
10.6922,0.000408611,0.000421512
10.6971,0.00198158,0.000754951
10.702,0.000546708,0.00174157
10.7069,0.000841944,0.000646032
10.7118,0.000909353,0.00110249
10.7167,0.00138014,0.00126203
10.7216,0.000130748,0.00196102
10.7265,0.000497741,0.00053599
10.7314,0.000567466,0.0016467
10.7363,0.000297394,0.000601082
10.7412,0.000744666,0.0016242
10.7461,-0.000258969,0.000825735
10.7509,0.000544186,0.000821826
10.7558,0.000329943,0.00058886
10.7607,0.000834696,0.00122494
10.7656,-0.000136368,0.000767402
10.7705,0.00103801,0.000799235
10.7754,-0.000142293,0.00148699
10.7803,-2.16914e-05,0.00023866
10.7852,0.000630101,0.000509718
10.7901,0.000482382,0.000793053
10.795,0.000406478,0.000463707
10.7999,0.000793938,0.000682211
10.8048,0.000697717,0.000644386
10.8097,0.000909919,0.00127373
10.8146,-5.11653e-05,0.000867833
10.8194,0.00091407,0.000645368
10.8243,0.000291366,0.00124442
10.8292,0.000362108,0.000750231
10.8341,0.000313834,0.000922458
10.839,9.80447e-05,0.000880202
10.8439,7.12562e-05,-5.07368e-05
10.8488,0.00161963,0.000606125
10.8537,0.000290106,0.00162348
10.8586,0.000293468,0.000812246
10.8635,-1.0363e-05,0.00106315
10.8684,-8.28914e-05,0.000406276
10.8733,0.000422117,-0.000120828
10.8782,0.00154512,0.000805813
10.8831,0.000109258,0.00148543
10.8879,0.000374617,0.000683173
10.8928,1.13592e-05,0.000983495
10.8977,0.000198311,0.000554391
10.9026,-8.18336e-05,0.000288461
10.9075,0.00114711,0.000231445
10.9124,0.000261359,0.00114092
10.9173,0.00075474,0.000524521
10.9222,-0.000166152,0.00137325
10.9271,0.000127648,-0.000143624
10.932,0.000521106,0.000851337
10.9369,0.000227252,0.000275236
10.9418,0.000323602,0.000729338
10.9467,6.28091e-05,-3.52399e-05
10.9516,0.000956881,4.71053e-05
10.9564,0.000918138,0.000791577
10.9613,0.00022009,0.000510084
10.9662,0.00102667,0.000320845
10.9711,0.000414053,0.000823497
10.976,0.00100725,0.000307871
10.9809,0.000561599,0.00130785
10.9858,7.00641e-05,0.000554312
10.9907,0.000223025,-1.33616e-05
10.9956,0.00168127,0.00017401
11.0005,0.00049699,0.00158565
11.0054,0.000508464,0.000178749
11.0103,0.000782286,0.000985965
11.0152,0.000773719,0.000608055
11.0201,0.000365852,0.00119451
11.0249,0.000583689,0.000237898
11.0298,0.000719084,0.00101172
11.0347,0.00102226,0.000506653
11.0396,0.000723688,0.00197457
11.0445,-0.000257349,0.000917278
11.0494,1.861e-05,0.000989893
11.0543,4.49491e-05,0.000239226
11.0592,0.000389627,0.000774975
11.0641,0.000430703,0.00027125
11.069,0.000530666,0.00123145
11.0739,-0.000113839,0.00041597
11.0788,0.000490327,0.000788964
11.0837,-5.13041e-05,0.000612945
11.0885,-8.29431e-05,0.00050184
11.0934,0.000240437,-0.000285099
11.0983,0.000836253,0.000575232
11.1032,0.000229244,0.000386296
11.1081,0.000339999,0.000334499
11.113,0.000763847,-0.000210932
11.1179,0.00105732,0.000943598
11.1228,0.000379988,0.000214061
11.1277,0.00140746,0.000944238
11.1326,0.00011456,0.00143188
11.1375,-0.000307363,0.000791458
11.1424,-0.000199282,-0.000222234
11.1473,0.000855542,4.42425e-05
11.1522,0.000552689,0.000369158
11.157,0.000479651,0.000426964
11.1619,0.000464686,-0.000355896
11.1668,0.00179511,0.000266735
11.1717,0.00086781,0.00114108
11.1766,0.000809588,0.000693268
11.1815,0.000738111,0.00090502
11.1864,0.000756638,0.000930757
11.1913,0.000328072,0.00118004
11.1962,3.03162e-05,0.000560739
11.2011,0.000636972,0.000414526
11.206,0.000341948,0.00100164
11.2109,-0.000195324,6.14865e-05
11.2158,0.00124927,-0.000303533
11.2207,0.00132173,0.00119509
11.2255,0.000295297,0.00095777
11.2304,0.000592501,0.000698954
11.2353,0.000317193,0.00058462
11.2402,0.00103913,0.000368894
11.2451,0.000948544,0.00133929
11.25,0.000118829,0.00126543
11.2549,6.04553e-05,0.000528406
11.2598,0.000711423,0.000870856
11.2647,-0.000318188,0.00095275
11.2696,0.00044744,-5.76727e-05
11.2745,0.000644646,0.00093249
11.2794,0.000219041,0.000545686
11.2843,0.000539892,0.000654144
11.2892,0.000267728,0.000924316
11.294,-0.00016279,0.000376762
11.2989,0.00065687,0.000211143
11.3038,0.000347035,0.000525639
11.3087,0.000888323,0.000710038
11.3136,-0.000536236,0.000896058
11.3185,0.000741861,-0.000494063
11.3234,0.000194202,0.00100513
11.3283,0.000751175,-0.00112469
11.3332,0.00225736,0.00142865
11.3381,0.000151029,0.00148737
11.343,0.000175805,0.00120145
11.3479,-0.000193289,0.000403077
11.3528,0.000546595,0.000669193
11.3577,5.42696e-05,0.000663849
11.3625,-4.65363e-05,0.000573811
11.3674,0.000297248,-0.00032053
11.3723,0.00106259,0.00101101
11.3772,-0.000667449,0.00057578
11.3821,0.000511476,-0.000629831
11.387,0.00131357,0.000220884
11.3919,0.000931714,0.00113438
11.3968,0.000109755,0.000858139
11.4017,0.000139036,0.000525243
11.4066,0.000203883,0.0001565
11.4115,0.000489102,0.000174163
11.4164,0.000885245,0.000198045
11.4213,0.000226749,0.000966848
11.4262,0.000258669,-0.000925287
11.431,0.00220272,0.000742811
11.4359,-1.3138e-05,0.00102627
11.4408,0.00118575,9.88302e-05
11.4457,0.000708199,0.000875828
11.4506,0.00138492,0.000644834
11.4555,0.00032753,0.00172646
11.4604,0.00025146,0.00017237
11.4653,0.00112826,0.000995509
11.4702,0.000493824,0.00125497
11.4751,0.000110425,0.00113346
11.48,0.000411801,0.000728396
11.4849,-7.60605e-05,0.00152684
11.4898,-0.000607344,-8.51455e-06
11.4946,0.000706321,0.000426057
11.4995,-0.000118094,0.000273768
11.5044,0.00110406,0.00017595
11.5093,0.000472651,0.000992557
11.5142,0.000691764,0.000712454
11.5191,0.000148543,0.00128964
11.524,-0.000258169,0.000669352
11.5289,-0.000137781,-2.03248e-05
11.5338,0.00124264,0.000116205
11.5387,0.000531356,0.00168724
11.5436,-0.000621633,0.000774111
11.5485,2.58461e-05,-3.29142e-05
11.5534,0.000548557,0.00064494
11.5583,-0.000349929,0.000402207
11.5631,0.000648388,-5.65658e-05
11.568,0.000388664,0.000603686
11.5729,0.000683529,0.00073569
11.5778,-0.000732018,0.000896898
11.5827,0.000347815,-0.000713688
11.5876,0.000560013,0.000671206
11.5925,0.000561285,-6.39056e-05
11.5974,0.000558033,0.00106249
11.6023,8.50908e-06,0.000323209
11.6072,-0.000170366,0.00058256
11.6121,0.000286941,-0.000835603
11.617,0.00118495,0.000841587
11.6219,-0.000211277,0.000163613
11.6268,0.000840087,0.000136958
11.6316,0.000384306,0.000217794
11.6365,0.000784882,0.000400976
11.6414,0.000318864,0.000237316
11.6463,0.000778799,0.0001651
11.6512,0.00102972,8.15019e-05
11.6561,0.00138978,0.00137652
11.661,-0.000361435,0.00104206
11.6659,0.000744933,0.000349143
11.6708,-8.08258e-05,0.00134791
11.6757,-0.000481714,6.97318e-05
11.6806,7.10154e-05,-0.000187252
11.6855,0.000815407,-0.000445919
11.6904,0.00106824,0.00084266
11.6953,-0.000296845,0.000298779
11.7001,0.00110458,-0.000634086
11.705,0.00144986,0.000944858
11.7099,0.000496082,0.000909172
11.7148,0.000691047,0.00091467
11.7197,-0.000137568,0.0011897
11.7246,-0.000241393,-9.11998e-05
11.7295,0.000894747,0.000467351
11.7344,-0.000411796,0.000873474
11.7393,-0.000214188,-0.000533966
11.7442,0.0007375,-0.000611446
11.7491,0.00153363,0.000153205
11.754,0.000531311,0.000941151
11.7589,0.000570731,2.96852e-06
11.7638,0.000978229,0.0005842
11.7686,0.000531954,0.000754887
11.7735,0.000108919,0.000276865
11.7784,0.0010338,-9.17509e-05
11.7833,0.000880574,0.000702843
11.7882,0.00107906,0.000522425
11.7931,0.000602011,0.00131228
11.798,0.000289761,0.000759006
11.8029,-0.000138274,0.000805521
11.8078,0.000444026,-0.000170837
11.8127,0.00051013,0.000870392
11.8176,0.000306073,-7.07396e-05
11.8225,0.000783239,0.000791126
11.8274,0.000124708,0.000145496
11.8322,0.000856081,0.00033634
11.8371,0.00066916,0.000324627
11.842,0.000912708,0.000719188
11.8469,0.000662584,0.00071112
11.8518,0.000446292,0.00115897
11.8567,-4.93536e-05,0.000479966
11.8616,0.000387838,0.000522544
11.8665,0.000249364,0.000401159
11.8714,0.000127079,0.000493557
11.8763,0.000403083,-0.000329437
11.8812,0.00110284,0.000583215
11.8861,0.000443676,0.000514436
11.891,0.000580327,0.000696331
11.8959,0.000428033,0.000201497
11.9007,0.000878148,0.00100216
11.9056,-0.000317201,0.000509836
11.9105,0.000689305,-5.30815e-05
11.9154,0.000711001,0.000536721
11.9203,0.000480272,0.000586111
11.9252,0.000676176,0.000268702
11.9301,0.00064269,0.0011127
11.935,-6.55083e-05,0.000183243
11.9399,0.000950557,0.000658815
11.9448,-0.000166153,0.000450032
11.9497,0.00102333,0.000302867
11.9546,-0.00024963,0.000906825
11.9595,0.000372217,-0.000681033
11.9644,0.00139036,0.000196272
11.9692,0.0011484,0.000867868
11.9741,0.000500059,0.000936539
11.979,0.000765097,0.000552829
11.9839,0.000783541,0.00113097
11.9888,0.000186502,0.00117339
11.9937,7.52324e-05,0.000585899
11.9986,0.000483647,0.00104909
12.0035,-0.000826248,0.000675302
12.0084,0.000602206,-0.000641095
12.0133,0.000956202,0.00110984
12.0182,-9.27984e-05,0.000707265
12.0231,5.13743e-05,0.000444974
12.028,0.000374215,-2.44628e-05
12.0329,0.000745049,0.000917161
12.0377,-0.000360939,0.000550263
12.0426,0.000365968,7.865e-05
12.0475,5.58208e-05,0.000318267
12.0524,0.000520049,-0.00030433
12.0573,0.00116703,0.000404805
12.0622,0.000466592,0.00120697
12.0671,-0.000450276,0.000277232
12.072,0.000720838,-0.000277127
12.0769,0.000628228,0.00055577
12.0818,0.00053574,0.000187841
12.0867,0.000722613,0.000402874
12.0916,0.000810817,0.000524696
12.0965,0.000493423,0.000765512
12.1014,0.000606886,0.000585687
12.1062,0.000125653,0.000808363
12.1111,0.000654386,-5.12568e-05
12.116,0.000994709,0.0013992
12.1209,-0.000453722,0.000979884
12.1258,-5.50122e-05,0.000394928
12.1307,-0.000190341,0.000113232
12.1356,0.000431778,-0.000136314
12.1405,0.000684906,9.46017e-05
12.1454,0.000971827,0.000701086
12.1503,-0.000102857,0.001049
12.1552,-0.000164406,-0.000133419
12.1601,0.000662357,5.48559e-05
12.165,0.000395351,0.000353799
12.1699,0.000410816,0.000107663
12.1747,0.000609419,3.30191e-05
12.1796,0.000987217,0.000192432
12.1845,0.000881646,0.000665078
12.1894,0.000691429,0.000697347
12.1943,0.000457279,0.00088241
12.1992,0.000158667,0.000515819
12.2041,0.00053312,0.000415677
12.209,0.000275909,0.000750762
12.2139,5.57271e-06,0.000140682
12.2188,0.000762434,1.80537e-05
12.2237,0.000703277,0.000556213
12.2286,0.000620708,0.00038282
12.2335,0.000901807,0.000670044
12.2383,0.000460551,0.00112302
12.2432,-5.05369e-05,0.000676414
12.2481,0.000215829,0.000310607
12.253,0.000663407,0.00021828
12.2579,0.000882094,0.00137081
12.2628,-0.00105559,0.00107308
12.2677,4.04378e-05,-0.000703722
12.2726,0.00065832,0.000647001
12.2775,-0.000271651,0.000212633
12.2824,0.000334803,-0.000339831
12.2873,0.00100561,-1.15202e-05
12.2922,0.000680266,0.000917034
12.2971,-0.000220885,0.000306822
12.302,0.000544933,-0.000339937
12.3068,0.000868358,0.000243355
12.3117,0.000801025,0.000221697
12.3166,0.000913848,0.000846924
12.3215,-0.000113884,0.000500074
12.3264,0.000871155,-0.000249382
12.3313,0.00100761,0.000834292
12.3362,0.000324104,0.000687213
12.3411,0.000513654,0.000249499
12.346,0.000836342,0.000800651
12.3509,-8.61292e-05,0.000500396
12.3558,0.0010493,0.000163338
12.3607,5.78886e-05,0.00106839
12.3656,0.000631833,-0.000373217
12.3705,0.000872142,0.00128623
12.3753,-0.000223478,-2.40182e-05
12.3802,0.00143905,0.00022667
12.3851,0.000604654,0.00116538
12.39,0.000467082,0.000651526
12.3949,0.000568628,0.00109679
12.3998,-0.00035351,0.00091484
12.4047,0.000206737,5.059e-06
12.4096,0.000370497,0.000732486
12.4145,0.000117026,0.000183937
12.4194,0.000483801,0.000682843
12.4243,-0.000390998,0.000325991
12.4292,0.00025996,-0.00056597
12.4341,0.0011053,-0.000246889
12.439,0.00128233,0.000301425
12.4438,0.0013772,0.000961679
12.4487,0.000293248,0.00136205
12.4536,0.000433683,0.000383798
12.4585,0.000535846,0.00115975
12.4634,3.70832e-05,0.000368548
12.4683,0.000909989,0.00071846
12.4732,0.000227104,0.00122536
12.4781,-0.00031701,0.000761008
12.483,0.000248998,-4.13836e-06
12.4879,0.000504891,0.00102802
12.4928,-0.000412515,0.000157706
12.4977,0.00100224,0.000161916
12.5026,0.000322169,0.00101588
12.5075,0.000292782,0.000652865
12.5123,8.39579e-06,0.000839326
12.5172,5.02837e-05,0.000596641
12.5221,-0.000415511,0.000741243
12.527,-0.000467598,-0.000301734
12.5319,0.00060403,-0.000295502
12.5368,0.000558744,0.000505571
12.5417,1.4917e-05,0.000339287
12.5466,0.000199799,-5.83069e-06
12.5515,0.000442815,-0.000132994
12.5564,0.000993152,0.000298342
12.5613,4.73107e-05,0.000836838
12.5662,0.000131236,-0.000538008
12.5711,0.00133166,0.000209796
12.5759,0.000647836,0.000693482
12.5808,0.000746867,0.000835093
12.5857,-0.000131354,0.000961784
12.5906,-0.000173628,0.000184155
12.5955,-4.88889e-05,-0.000304534
12.6004,0.00120029,-0.000446755
12.6053,0.000823011,0.00095864
12.6102,0.000270772,-0.000156834
12.6151,0.00154064,0.000475923
12.62,0.000409171,0.0011167
12.6249,0.000647469,0.000540514
12.6298,0.000158202,0.00109752
12.6347,0.000210385,3.42972e-05
12.6396,0.000755726,0.0010402
12.6444,-0.000487422,0.000480335
12.6493,0.000576952,-6.07482e-06
12.6542,0.00019384,0.000533715
12.6591,0.000322814,-3.51554e-05
12.664,0.000690353,5.08239e-05
12.6689,0.00096849,0.000428408
12.6738,0.000515015,0.00062655
12.6787,0.000633663,0.000332868
12.6836,0.000922761,0.000410276
12.6885,0.000985823,0.00108246
12.6934,0.000378245,0.000933842
12.6983,0.000463958,0.00137829
12.7032,-0.000727101,0.000430992
12.7081,0.00118637,0.000286606
12.7129,-0.000506908,0.00147112
12.7178,0.000168826,-0.000419327
12.7227,0.000376128,0.000943013
12.7276,0.000136329,-0.000146008
12.7325,0.000876701,0.000698619
12.7374,0.000252873,0.000691915
12.7423,0.000251809,0.00059717
12.7472,0.000571496,0.000507822
12.7521,0.000206349,0.00117546
12.757,-0.000220332,0.000665609
12.7619,-0.000399531,0.000390909
12.7668,0.000358752,-0.000185055
12.7717,0.000257961,0.000781151
12.7766,5.30691e-05,0.000126582
12.7814,-5.14137e-05,0.000610269
12.7863,-8.82456e-05,-0.000630393
12.7912,0.0012057,9.69257e-05
12.7961,0.000648216,0.000796272
12.801,-0.000113365,0.000857601
12.8059,-2.13958e-05,-0.00040754
12.8108,0.000991604,0.00037628
12.8157,0.000104396,0.000388639
12.8206,0.000776555,2.37874e-05
12.8255,0.000776012,0.000733389
12.8304,0.000244949,0.000530077
12.8353,0.000916284,0.000433047
12.8402,0.000152101,0.00132849
12.8451,2.51693e-05,7.12797e-05
12.8499,0.000522816,0.0010125
12.8548,-0.000378404,0.000192662
12.8597,0.000824383,0.000345141
12.8646,7.19554e-05,0.000927367
12.8695,-0.000130946,0.000593132
12.8744,-0.000316802,0.000140474
12.8793,0.000121398,-3.78205e-05
12.8842,0.000229581,-0.000221703
12.8891,0.000791343,6.00904e-05
12.894,0.000604605,0.000295756
12.8989,0.000629224,0.000688475
12.9038,-0.000107657,0.000278916
12.9087,0.000817788,-1.95172e-05
12.9135,0.000420511,0.000669065
12.9184,0.000438187,8.39745e-05
12.9233,0.000798557,0.000336716
12.9282,0.0010216,0.000651006
12.9331,0.00053956,0.00140437
12.938,-0.000254162,0.00108683
12.9429,-0.000609448,0.000553039
12.9478,-0.000209976,-0.000353354
12.9527,0.000456277,-1.59127e-05
12.9576,0.000479131,-0.000143867
12.9625,0.00105495,0.000448842
12.9674,0.000319723,0.000779986
12.9723,0.000260424,0.00057342
12.9772,-5.35947e-05,0.000200462
12.982,0.000823909,6.11858e-05
12.9869,0.000395267,0.000947337
12.9918,-0.000162789,0.000246562
12.9967,0.000589845,-0.000193161
13.0016,0.00090076,0.000841389
13.0065,-0.000299802,0.000479035
13.0114,0.000788338,-5.3516e-05
13.0163,0.000177562,0.000762315
13.0212,0.000452844,-0.000317832
13.0261,0.00115333,0.000550838
13.031,0.000610192,0.000953921
13.0359,0.000108632,0.000699396
13.0408,0.000622268,0.000367993
13.0457,0.000475713,0.00100821
13.0505,0.000169293,0.000978199
13.0554,-0.00056118,0.000745189
13.0603,0.000109569,-0.000131224
13.0652,2.20956e-05,0.00060415
13.0701,-4.05568e-05,-0.000349922
13.075,0.000761937,5.02405e-05
13.0799,0.000597832,0.000403702
13.0848,0.000246449,0.000210994
13.0897,0.0012807,9.74476e-06
13.0946,0.000734283,0.00153635
13.0995,1.48596e-05,0.000654382
13.1044,1.33293e-05,0.000990511
13.1093,-0.000248771,-4.26445e-05
13.1142,0.000601612,0.000361695
13.119,0.000311144,0.000350161
13.1239,0.000439353,0.000845456
13.1288,-0.000371286,0.000329104
13.1337,0.000480068,-0.000142678
13.1386,0.000670129,0.000475334
13.1435,0.000261472,0.000602207
13.1484,0.00028048,0.000218318
13.1533,0.000612204,0.000263565
13.1582,0.000894076,0.000705685
13.1631,0.000122836,0.00109904
13.168,0.000278093,0.000493903
13.1729,-0.000117554,0.00111775
13.1778,-0.000393833,-8.09754e-05
13.1827,0.000485363,0.00010043
13.1875,0.000660009,0.000337136
13.1924,0.000218502,0.00101101
13.1973,3.4766e-05,6.11423e-05
13.2022,0.000556842,0.000745779
13.2071,9.37423e-05,0.000319274
13.212,0.000563932,0.000875147
13.2169,-0.000118435,0.000573762
13.2218,0.000357896,0.000887336
13.2267,-0.000429296,0.000767702
13.2316,-0.000297389,0.000863834
13.2365,-0.00146006,-3.30893e-06
13.2414,0.000105549,-0.00124318
13.2463,0.000841267,-0.000192401
13.2511,0.000725395,0.000320977
13.256,0.000223761,0.000538946
13.2609,8.07827e-05,0.000322909
13.2658,-0.000176873,-7.95468e-06
13.2707,0.000617779,-0.000492914
13.2756,0.000918631,0.000629646
13.2805,-0.000178637,0.000455965
13.2854,0.000466267,-0.000200431
13.2903,0.00034534,0.000472107
13.2952,0.000210541,-0.000285954
13.3001,0.000974733,9.29974e-05
13.305,0.000698525,0.000484656
13.3099,0.000369627,0.000565871
13.3148,0.000480045,-2.71321e-05
13.3196,0.000965313,0.00074557
13.3245,-4.99465e-05,0.000480177
13.3294,0.00101613,-2.00732e-05
13.3343,0.000882238,0.0012835
13.3392,-9.01568e-05,0.00100538
13.3441,-8.02549e-05,0.000639095
13.349,-0.000330762,0.000316717
13.3539,0.000151638,-0.000276715
13.3588,0.000671395,1.00186e-05
13.3637,0.00087556,0.00027736
13.3686,0.000776655,0.000754182
13.3735,0.000617302,0.000899119
13.3784,-4.76446e-05,0.00119513
13.3833,-0.000220631,4.90311e-05
13.3881,0.000943527,0.000479497
13.393,0.000160567,0.00134288
13.3979,-0.000441996,0.0007407
13.4028,-0.000233903,0.000463581
13.4077,-0.000497968,0.000239538
13.4126,0.000226905,-0.00026395
13.4175,0.000121791,0.000692645
13.4224,-0.000362546,-0.000318033
13.4273,0.000735434,1.90786e-05
13.4322,0.000126449,0.000325141
13.4371,0.000409766,0.000152427
13.442,0.000272426,0.000233453
13.4469,0.000533105,0.000463344
13.4518,-0.000182605,0.000516203
13.4566,0.000143659,2.69339e-05
13.4615,-0.000235844,0.000121448
13.4664,0.000445845,-0.000916136
13.4713,0.0013854,0.000215052
13.4762,0.000619327,0.000660323
13.4811,0.000361966,0.000525761
13.486,0.000425157,6.07625e-05
13.4909,0.000896836,0.000540466
13.4958,0.000418358,0.000524695
13.5007,0.000810221,0.000809034
13.5056,-5.41617e-05,0.000869628
13.5105,0.000414703,0.00055692
13.5154,-0.000397802,0.000819628
13.5203,8.61296e-05,-0.000375684
13.5251,0.000804032,0.000313123
13.53,0.000631135,0.000722956
13.5349,0.000108974,0.000815814
13.5398,0.000333704,0.000625411
13.5447,-0.00034983,0.000858779
13.5496,7.7561e-05,-2.69804e-05
13.5545,3.91161e-05,0.00070654
13.5594,-3.97237e-05,-5.32004e-05
13.5643,0.000235711,0.000421613
13.5692,0.000301155,2.17034e-05
13.5741,0.000285439,0.000884065
13.579,-0.000332306,3.96587e-06
13.5839,0.000419368,0.000287218
13.5887,-8.6702e-05,7.73103e-05
13.5936,0.000503371,0.000128522
13.5985,0.000217989,3.114e-05
13.6034,0.00122988,0.000364399
13.6083,-3.80022e-05,0.00173065
13.6132,-0.0010529,-0.000114042
13.6181,0.000623644,-0.000243316
13.623,-4.16266e-05,0.000432768
13.6279,0.000411685,-1.95808e-05
13.6328,-0.000239418,0.000475628
13.6377,0.000313746,-0.000677008
13.6426,0.00058893,0.00034817
13.6475,0.000582701,-0.000315503
13.6524,0.000934908,0.0006984
13.6572,0.000458749,0.000461342
13.6621,6.29574e-06,0.000989311
13.667,8.6658e-06,-0.000638558
13.6719,0.00126477,0.000827823
13.6768,-0.000172181,0.000356802
13.6817,0.00112009,0.000775569
13.6866,-0.000679349,0.00119072
13.6915,-0.000143086,-0.000129452
13.6964,4.01045e-05,0.00024993
13.7013,0.000169787,4.11428e-05
13.7062,0.000264495,0.000245328
13.7111,-1.41443e-05,0.000288487
13.716,0.000217519,-0.00027714
13.7209,0.000527239,0.000511869
13.7257,-0.000337076,-5.80341e-05
13.7306,0.000508394,-0.000371417
13.7355,0.000670248,-0.000335309
13.7404,0.00119287,0.000443602
13.7453,0.000214086,0.000295467
13.7502,0.00112224,0.000271814
13.7551,0.000254846,0.000582213
13.76,0.00128448,0.000262391
13.7649,0.000272011,0.0016914
13.7698,-0.000397012,0.000193864
13.7747,0.000547722,0.000215804
13.7796,0.000526771,0.000715742
13.7845,-8.8023e-05,0.000867957
13.7894,-0.000277452,0.000271116
13.7942,-0.000168894,-0.000227964
13.7991,0.000962369,-0.000420463
13.804,0.000791914,0.000869587
13.8089,0.000355027,0.000258259
13.8138,0.000669273,0.00102049
13.8187,-0.000493327,0.000485787
13.8236,0.000427426,-7.28042e-05
13.8285,0.000299594,0.000278513
13.8334,0.00072233,0.000159392
13.8383,0.000517348,0.000514866
13.8432,0.000955542,0.00052932
13.8481,0.000306241,0.00130804
13.853,0.000187862,0.000736684
13.8579,-0.000445221,0.00133724
13.8627,-0.000798855,-0.000420326
13.8676,0.000716356,-3.93408e-05
13.8725,0.000314094,0.000327884
13.8774,0.000514686,0.000621825
13.8823,-8.56232e-05,0.000477961
13.8872,0.000264227,0.000270119
13.8921,0.000355893,0.000160748
13.897,0.000786824,0.000934043
13.9019,-0.000555845,0.000915799
13.9068,1.21576e-05,3.8321e-05
13.9117,-0.000137806,0.000371483
13.9166,0.000291697,-0.000345645
13.9215,0.00104494,0.000548902
13.9264,6.10326e-05,0.0013974
13.9312,-0.000906343,0.000219978
13.9361,0.000442259,-0.000308815
13.941,0.00010068,0.000491571
13.9459,0.000553423,-0.000168406
13.9508,0.000531232,0.0011224
13.9557,-0.000299364,0.000307241
13.9606,0.000309882,0.000619162
13.9655,-0.000371989,0.000213788
13.9704,0.000579116,0.000418924
13.9753,-0.00069937,0.000735286
13.9802,0.000100085,-0.000586054
13.9851,0.000578919,0.000714625
13.99,-0.000471719,0.000608004
13.9948,-0.000594949,-0.000152754
13.9997,0.000265215,-0.000730473
14.0046,0.000786637,0.000363899
14.0095,-0.000351825,0.000352402
14.0144,0.00015166,-0.000610268
14.0193,0.000707688,3.2858e-06
14.0242,0.000396161,-6.95301e-05
14.0291,0.000919977,0.00010245
14.034,0.000587503,0.000420646
14.0389,0.000842516,0.000575076
14.0438,4.77225e-05,0.000924895
14.0487,0.000194587,0.000199308
14.0536,0.000198693,0.000592471
14.0585,0.000162696,0.000234483
14.0633,0.000158984,0.000339952
14.0682,0.00069496,0.000190743
14.0731,0.000135708,0.00132639
14.078,-0.000618983,0.000140066
14.0829,-4.57044e-06,0.000152858
14.0878,8.7312e-05,-0.000395502
14.0927,0.000857281,0.000535483
14.0976,-0.000272367,0.000465096
14.1025,0.000269175,0.00023685
14.1074,-0.00034812,0.000125724
14.1123,0.000540459,-0.000277138
14.1172,0.000240359,0.000344046
14.1221,0.000586849,5.7352e-05
14.127,3.18676e-05,0.000793175
14.1318,-5.54107e-05,-0.000360807
14.1367,0.000677168,0.000390995
14.1416,-0.000151461,0.000221223
14.1465,0.000246806,-5.95424e-05
14.1514,0.000264239,-0.000328506
14.1563,0.00102009,-1.60407e-06
14.1612,0.000664629,0.000171536
14.1661,0.00147331,0.000766134
14.171,-0.000249078,0.00161188
14.1759,-0.000190846,5.15323e-06
14.1808,0.000113695,0.000525229
14.1857,0.000224534,-6.07719e-05
14.1906,0.000432294,0.000794618
14.1955,-0.000378381,0.000348976
14.2003,-9.27506e-05,-0.000144714
14.2052,0.000547255,-0.00038994
14.2101,0.000792166,0.000429952
14.215,0.000395559,0.000383885
14.2199,0.000333016,0.000475874
14.2248,0.000479144,0.000199438
14.2297,0.000442246,0.000785003
14.2346,0.000237639,0.000396407
14.2395,8.77533e-05,0.00101685
14.2444,-0.000521656,-0.000151427
14.2493,0.000835029,0.000114057
14.2542,0.000112711,0.00073026
14.2591,-8.19686e-05,0.000402212
14.264,4.92285e-05,-0.000148905
14.2688,0.000644131,0.000590679
14.2737,-0.00056755,0.000179398
14.2786,0.000919521,-0.000442249
14.2835,0.000536707,0.000892711
14.2884,0.000305289,0.000335445
14.2933,0.000211777,0.000781087
14.2982,8.44038e-05,0.000323253
14.3031,0.000116898,0.000752658
14.308,-0.000341326,0.000304907
14.3129,-9.29545e-05,0.000108966
14.3178,0.000144464,-0.000120107
14.3227,0.000241515,0.000299358
14.3276,0.000182298,-0.00027243
14.3324,0.000929484,0.00048581
14.3373,-6.93106e-05,0.000528225
14.3422,0.000485771,0.000288891
14.3471,5.38994e-05,0.000495558
14.352,0.000375325,0.000488155
14.3569,-0.000285553,0.000367183
14.3618,0.000677819,0.000266056
14.3667,-0.000514888,0.000926046
14.3716,9.48595e-05,-0.000388089
14.3765,0.000250507,0.000561879
14.3814,0.000387362,0.000408987
14.3863,-0.000845269,0.00115881
14.3912,-0.000561892,-0.00102932
14.3961,0.000384558,0.000302359
14.4009,-0.000253236,-0.000611241
14.4058,0.000634689,8.54516e-05
14.4107,0.00010078,-0.000502008
14.4156,0.00125783,0.000290466
14.4205,2.32092e-05,0.000709483
14.4254,-3.92175e-05,0.000187993
14.4303,0.00024306,-0.000331059
14.4352,0.000513401,0.000538877
14.4401,-0.000165971,-0.000605464
14.445,0.00177143,0.00027897
14.4499,-0.000287641,0.00113077
14.4548,0.000506309,-0.000196225
14.4597,0.000126142,0.000834141
14.4646,0.000274582,-0.00037619
14.4694,0.00111725,0.000866974
14.4743,-0.000234615,0.0011413
14.4792,-0.000309563,0.000402565
14.4841,-0.000370855,0.000408517
14.489,-0.000533674,-0.00032076
14.4939,0.000480753,-0.000539172
14.4988,0.000566355,0.000252589
14.5037,0.000309828,0.000221525
14.5086,0.000244677,0.00043436
14.5135,-9.70216e-05,0.000138647
14.5184,0.000281916,3.73705e-05
14.5233,4.76882e-06,0.000216192
14.5282,6.17818e-05,-0.000284348
14.5331,0.000605196,-0.000232923
14.5379,0.000545351,0.000314799
14.5428,0.000197535,-0.000232517
14.5477,0.00142602,0.000116281
14.5526,0.00028758,0.00136416
14.5575,-0.000325838,0.000243005
14.5624,2.45017e-05,-0.000165763
14.5673,0.00100422,-9.13913e-05
14.5722,0.00019292,0.00101198
14.5771,0.000223552,-0.000283748
14.582,0.000664124,0.000902001
14.5869,-0.000180488,0.000182746
14.5918,0.0003412,0.000525054
14.5967,-0.00023445,-0.000182165
14.6016,0.0010096,8.49208e-05
14.6064,0.00033696,0.000751404
14.6113,0.000167394,0.00068872
14.6162,-0.000356833,0.000301958
14.6211,0.000289387,-5.39236e-05
14.626,0.000230599,0.000407286
14.6309,5.5178e-05,0.000243091
14.6358,9.819e-05,0.00029208
14.6407,-0.000358762,9.49859e-06
14.6456,0.000537847,-0.000746469
14.6505,0.00086523,0.00045932
14.6554,0.000405389,7.71067e-06
14.6603,0.000873844,0.000799561
14.6652,-0.000231612,0.000473992
14.67,0.000479866,0.000285271
14.6749,-0.000287513,0.000348026
14.6798,0.000571948,-0.000615008
14.6847,0.00140559,0.000627706
14.6896,0.000259354,0.00143702
14.6945,-0.00037447,0.00058387
14.6994,0.000111519,0.000327983
14.7043,0.00019152,0.000772567
14.7092,-0.00081646,0.000760112
14.7141,-0.000213177,-0.000627768
14.719,0.000316972,0.000765937
14.7239,-0.000973356,-0.000231789
14.7288,0.000453938,-0.000460293
14.7337,-2.68102e-05,-6.47005e-05
14.7385,0.000419928,-0.000203585
14.7434,7.05881e-05,-0.000261526
14.7483,0.00107609,-0.000336437
14.7532,0.000515634,0.000748362
14.7581,0.000120791,-5.88076e-05
14.763,0.000813279,0.000185488
14.7679,0.000218857,0.000696086
14.7728,-3.03055e-05,-4.55968e-05
14.7777,0.00052457,-0.00017448
14.7826,0.00116786,2.57268e-05
14.7875,0.00087382,0.00150182
14.7924,-0.000630054,0.00062351
14.7973,0.000535591,0.000100193
14.8022,0.000357642,0.000992594
14.807,-0.000523298,0.00125442
14.8119,-0.00143961,-0.000305088
14.8168,0.000549275,-0.00085574
14.8217,4.13847e-05,0.000394595
14.8266,0.00012409,-0.000618957
14.8315,0.000729946,0.000176826
14.8364,5.40224e-05,0.000157025
14.8413,0.000320612,-0.000267714
14.8462,0.000764972,-0.000149274
14.8511,0.000991735,0.000358692
14.856,0.000648199,0.00093317
14.8609,-0.000113343,0.000943447
14.8658,-0.000365893,0.000171998
14.8707,0.000240495,0.000128314
14.8755,-0.000266955,0.00022074
14.8804,0.000429826,-0.000461152
14.8853,0.000493456,0.000570882
14.8902,0.000126706,-3.38848e-05
14.8951,0.000479193,0.000558249
14.9,-0.000220426,9.75292e-05
14.9049,0.000438395,-5.11172e-05
14.9098,0.000621118,0.000121644
14.9147,0.000556373,0.00115536
14.9196,-0.0010144,0.000543589
14.9245,-0.000109287,-0.000645752
14.9294,0.000447971,-7.87519e-05
14.9343,0.00020609,9.55159e-05
14.9392,0.000439501,5.70369e-05
14.944,-0.000308675,0.00052548
14.9489,-5.29828e-05,-0.00128204
14.9538,0.00155083,0.00026013
14.9587,-0.000169416,0.000153581
14.9636,0.0012123,-0.000294497
14.9685,0.00083946,0.000588854
14.9734,0.00099762,0.00112447
14.9783,-0.000776145,0.00124692
14.9832,-0.000260274,-0.000296762
14.9881,0.000129481,0.000226513
14.993,-0.000102527,0.00011872
14.9979,-7.37835e-05,-0.00044594
15.0028,0.000806047,9.23655e-06
15.0077,-0.000262247,-3.11355e-05
15.0125,0.00125311,-0.000629153
15.0174,0.000511919,0.000996502
15.0223,0.000372546,-0.0003131
15.0272,0.000893089,0.000820063
15.0321,-7.7182e-05,0.000344779
15.037,0.000641117,0.000283975
15.0419,0.000136147,0.000802307
15.0468,-0.000206776,0.0002383
15.0517,0.000103218,0.000217288
15.0566,-0.000364097,-9.93716e-05
15.0615,0.000712295,-0.000638826
15.0664,0.000694611,0.00057548
15.0713,0.000231147,0.000156112
15.0761,0.000150571,0.000471586
15.081,2.67318e-05,-0.000490853
15.0859,0.000964952,0.000309887
15.0908,-0.000189474,-2.84578e-05
15.0957,0.00141243,-0.000252703
15.1006,0.000399689,0.00117476
15.1055,0.000272784,0.000202031
15.1104,-9.33821e-05,0.000767538
15.1153,-1.75264e-05,-0.000456456
15.1202,0.000467229,0.000219383
15.1251,0.000521617,-0.000352045
15.13,0.000714715,0.000750915
15.1349,-5.02534e-07,-0.000277364
15.1398,0.00110895,0.00029786
15.1446,0.000465328,0.000320926
15.1495,0.000686066,0.000990416
15.1544,-0.000489496,4.39201e-05
15.1593,0.00108997,8.15279e-05
15.1642,-4.87269e-05,0.000564136
15.1691,0.000786115,-0.000155201
15.174,0.000762705,0.000633671
15.1789,0.000647516,0.000886508
15.1838,-3.29914e-05,0.000888098
15.1887,-0.000166124,0.000718242
15.1936,-0.000464422,-0.000250081
15.1985,0.000879405,0.000164834
15.2034,-0.000279407,0.000388072
15.2083,0.000659423,-2.75341e-05
15.2131,-0.000139017,0.000322954
15.218,0.000769908,-0.000277691
15.2229,0.000378463,0.000311026
15.2278,0.00121373,9.32534e-05
15.2327,0.000435719,0.00105164
15.2376,0.000862236,0.000515137
15.2425,-1.89517e-05,0.00163911
15.2474,-0.000435579,0.000448851
15.2523,-0.000662151,0.000366116
15.2572,0.000385386,-0.00092771
15.2621,0.00109057,0.00090701
15.267,-0.000183801,0.000654166
15.2719,2.47437e-05,0.000294829
15.2768,0.000319201,-1.29776e-05
15.2816,0.000735192,0.000664474
15.2865,7.65531e-06,0.00106052
15.2914,-0.000547578,0.000429879
15.2963,7.11867e-05,9.10087e-05
15.3012,-0.00028613,0.000316987
15.3061,0.000261269,-0.000231264
15.311,0.00012627,0.000490324
15.3159,0.000174253,-5.21851e-05
15.3208,3.00611e-05,0.000571195
15.3257,-7.64395e-05,-0.000391596
15.3306,0.000582229,0.000355492
15.3355,-0.000199756,-0.000101107
15.3404,0.000959842,-0.000216052
15.3453,0.000627726,0.000752988
15.3501,0.000323742,0.000593243
15.355,-2.86733e-05,0.000862497
15.3599,-0.000351526,0.000157107
15.3648,1.12945e-05,0.000347855
15.3697,-0.000599189,-0.000383567
15.3746,0.000989819,-0.000667173
15.3795,0.000719565,0.000462709
15.3844,0.000871795,0.000447937
15.3893,0.000134798,0.00114506
15.3942,-4.45182e-05,0.000548776
15.3991,-0.000583006,0.000756388
15.404,-0.000588912,-0.000398652
15.4089,0.000111086,-0.000580515
15.4137,0.00104974,-1.47601e-05
15.4186,-0.00051139,0.000823084
15.4235,0.000236683,-0.00146368
15.4284,0.00166612,0.000644855
15.4333,4.3654e-05,0.000706478
15.4382,7.04501e-05,0.000467031
15.4431,-4.57618e-05,-0.000474714
15.448,0.0013708,0.0001055
15.4529,0.000435582,0.00112171
15.4578,-0.000172745,0.000537145
15.4627,0.000166641,1.42986e-05
15.4676,0.00050837,0.000441038
15.4725,0.000212049,0.000547787
15.4774,-4.09936e-05,0.000594331
15.4822,-2.78291e-05,7.07798e-05
15.4871,0.000181194,0.00054975
15.492,-0.000467048,-8.97591e-05
15.4969,0.000788412,-0.000298228
15.5018,0.000313988,0.000951901
15.5067,-0.000513096,-5.27595e-05
15.5116,0.000630583,-0.000266549
15.5165,0.000294602,0.000418326
15.5214,0.00043314,2.93792e-05
15.5263,0.000375673,0.000615048
15.5312,-6.20525e-05,0.000281309
15.5361,0.000121053,-0.000145523
15.541,0.000994776,0.000171222
15.5459,-1.48703e-05,0.00100699
15.5507,0.000259618,-0.000130546
15.5556,0.0001656,0.00107392
15.5605,-0.000370257,-0.000306119
15.5654,0.00058197,0.000582565
15.5703,-0.000436588,-3.91647e-05
15.5752,0.000711648,0.000255785
15.5801,-0.000435643,0.000341491
15.585,0.000376829,-0.000216223
15.5899,0.000103574,8.40232e-05
15.5948,0.000843542,-1.88412e-05
15.5997,0.0002272,0.000998618
15.6046,-0.00038509,0.000126545
15.6095,0.000276114,-0.000117505
15.6144,0.000251182,0.000431804
15.6192,-0.000323201,-1.56237e-05
15.6241,0.000434638,-0.000447897
15.629,0.00063275,6.5853e-05
15.6339,0.000794114,0.0002728
15.6388,0.000266588,0.00098938
15.6437,-0.000505325,7.31937e-05
15.6486,0.00054305,-0.000278716
15.6535,0.000390032,0.00043819
15.6584,0.000265377,0.000211537
15.6633,8.56602e-05,0.000341016
15.6682,0.000283998,-9.00216e-05
15.6731,0.000369091,0.000416053
15.678,0.000168895,9.05456e-05
15.6829,0.000282575,0.000414009
15.6877,-9.52176e-05,6.39698e-05
15.6926,0.000178152,-0.000190595
15.6975,0.000832805,-0.000226935
15.7024,0.000466265,0.000905573
15.7073,-9.36676e-05,-0.000260699
15.7122,0.000836475,0.000547807
15.7171,-0.000476407,2.12265e-05
15.722,0.00104871,-0.000340413
15.7269,0.000445538,0.000651158
15.7318,0.000379007,0.000277198
15.7367,0.000172947,8.75187e-05
15.7416,0.00100605,0.000282669
15.7465,-0.000158443,0.00082672
15.7513,0.000429972,-0.000443927
15.7562,0.000778469,0.000633243
15.7611,0.000419578,0.000259263
15.766,0.000629771,0.000709487
15.7709,0.000365501,0.000534478
15.7758,0.000357799,0.00112455
15.7807,-0.000698744,0.000525573
15.7856,0.000231526,-0.00017411
15.7905,0.000215571,0.000546191
15.7954,-3.74287e-05,0.000144674
15.8003,0.000166592,0.000154138
15.8052,0.000319914,-9.54672e-05
15.8101,0.000770869,0.00041984
15.815,0.000127887,0.000705872
15.8198,1.97453e-05,0.000248815
15.8247,0.000386722,7.61167e-05
15.8296,0.000643105,0.000741332
15.8345,-0.000406002,0.000771807
15.8394,3.53262e-05,-0.000248707
15.8443,0.000573657,0.000576984
15.8492,-0.000346982,0.000567515
15.8541,-6.52261e-05,-0.000133492
15.859,0.000144198,3.87077e-05
15.8639,0.000393323,-0.00028537
15.8688,0.000876599,0.000402604
15.8737,0.000153898,0.000503947
15.8786,0.000609508,0.000249579
15.8835,0.00032384,0.000944247
15.8883,-0.000206029,0.000523692
15.8932,-5.14228e-05,0.000322257
15.8981,-0.000158614,0.00013365
15.903,0.000253469,-0.000156927
15.9079,0.000440339,0.000298279
15.9128,0.000237772,0.000106014
15.9177,0.000637441,0.000440947
15.9226,-0.000121905,0.000367256
15.9275,0.000963707,-0.000213751
15.9324,0.000780458,0.00157013
15.9373,-0.000664223,0.000637802
15.9422,0.00040142,0.00033872
15.9471,-0.000215191,0.000900442
15.952,-0.000194994,0.000397959
15.9568,-0.000567937,0.000476125
15.9617,-0.000115373,-0.00055427
15.9666,0.000835269,0.000504043
15.9715,-0.000391645,0.00108874
15.9764,-0.00094423,0.00012177
15.9813,-0.000305793,-0.000611449
15.9862,0.000258485,-0.000153148
15.9911,-0.000165543,-0.000189557
15.996,0.000423791,-0.000722974
16.0009,0.00114161,3.20231e-05
16.0058,0.000546239,0.000740869
16.0107,0.000167073,0.000484303
16.0156,0.00010565,0.000429154
16.0205,0.000135714,0.000456875
16.0253,-0.000463369,0.00045733
16.0302,-8.08081e-05,-0.000473782
16.0351,0.000254348,0.000182208
16.04,0.000105395,-0.000418249
16.0449,0.000697867,0.000224841
16.0498,0.000277441,-0.000181651
16.0547,0.00126714,0.000766167
16.0596,-0.000704665,0.00113342
16.0645,-0.000188449,-0.00044788
16.0694,0.000338313,0.000117091
16.0743,0.000241643,0.0001386
16.0792,0.000203261,0.000220441
16.0841,7.65943e-05,0.00027934
16.089,-5.79544e-05,-0.000206037
16.0938,0.000535669,-2.12293e-05
16.0987,0.000256354,-0.000314159
16.1036,0.00167247,0.000340174
16.1085,-0.000191865,0.00157765
16.1134,1.84382e-06,-0.000112009
16.1183,6.01559e-05,0.000978671
16.1232,-0.000384525,-0.000148801
16.1281,0.00016805,0.000502877
16.133,-0.00059363,-0.000329973
16.1379,0.000783341,-0.000370404
16.1428,0.000390827,0.00052706
16.1477,1.21481e-05,0.000361631
16.1526,-0.000192153,7.38542e-05
16.1574,9.19555e-05,-0.000301589
16.1623,0.000552089,-7.96861e-05
16.1672,0.000191742,0.000372485
16.1721,-1.38361e-05,-0.000219118
16.177,0.000371113,-0.000188627
16.1819,0.00060302,-0.000464833
16.1868,0.00125276,0.000432882
16.1917,1.53839e-05,0.000740144
16.1966,0.000167088,-0.000177699
16.2015,0.000711607,-0.000179025
16.2064,0.00117271,0.000546496
16.2113,0.000164375,0.000920162
16.2162,0.000361578,0.000466194
16.2211,-0.00044469,0.000671141
16.2259,0.000286812,-0.000728977
16.2308,0.000758608,0.000753921
16.2357,-0.000121726,-0.000271963
16.2406,0.0013402,0.000296387
16.2455,1.05163e-05,0.000872828
16.2504,0.000419341,-2.70469e-05
16.2553,0.000611792,0.000552419
16.2602,0.000333515,0.000479748
16.2651,0.000563359,0.000378027
16.27,0.0004945,0.000988775
16.2749,-0.00023799,0.00050758
16.2798,0.000495825,0.000285763
16.2847,0.000182043,0.000643902
16.2896,0.00048423,0.000452654
16.2944,0.000272268,0.0010163
16.2993,-0.000154849,0.000877366
16.3042,-0.000395879,0.000492011
16.3091,8.03224e-05,0.000270123
16.314,-2.41917e-05,0.000598258
16.3189,-6.70312e-06,0.000571373
16.3238,-0.000433071,0.000747201
16.3287,-0.000677324,0.000250418
16.3336,-0.000536567,-0.000397438
16.3385,0.000547308,-0.000161213
16.3434,-0.000437767,0.000458667
16.3483,0.000365432,-0.000845104
16.3532,0.000861198,0.0010601
16.3581,-0.000841001,0.000564243
16.3629,-0.000374419,-0.000255662
16.3678,3.02433e-05,-0.000462486
16.3727,0.000317941,-6.18487e-05
16.3776,0.000352663,-0.000300304
16.3825,0.000547148,0.000483391
16.3874,-0.00018879,-0.000217115
16.3923,0.00101876,0.000133097
16.3972,-0.000167808,0.000665078
16.4021,0.000173434,-0.00011475
16.407,0.000114442,0.000109017
16.4119,0.000420516,0.000106641
16.4168,-0.000237093,-4.75028e-05
16.4217,0.00114654,-0.000506645
16.4265,0.000345984,0.00112086
16.4314,3.05592e-05,-0.000403589
16.4363,0.000694578,0.000457872
16.4412,0.000308965,-0.000204775
16.4461,0.00116709,0.000639452
16.451,0.000204022,0.000848639
16.4559,-3.50872e-05,0.000877362
16.4608,-0.000518014,-0.000311906
16.4657,0.00116841,-0.000150012
16.4706,0.000570992,0.000846111
16.4755,0.000438547,0.000947216
16.4804,-0.000577511,0.000775745
16.4853,0.00010375,-0.000196037
16.4902,0.000443292,0.000479628
16.495,0.000244867,0.00067124
16.4999,-0.000282707,0.00073062
16.5048,-0.000361928,0.000178488
16.5097,-0.000152893,-0.000174183
16.5146,0.000591835,3.33719e-05
16.5195,-8.85413e-05,0.000637704
16.5244,-3.3131e-05,-0.000281706
16.5293,0.000502176,0.000159628
16.5342,0.000352397,0.00013671
16.5391,0.000646247,0.000477113
16.544,0.000133287,0.000880578
16.5489,-0.000461217,0.000423038
16.5538,-2.65367e-05,-0.000336751
16.5587,0.000691613,6.42429e-05
16.5635,0.000410802,0.000573286
16.5684,0.000209993,0.000319371
16.5733,0.000649151,0.000539078
16.5782,4.1671e-05,0.00112799
16.5831,-0.000338754,0.000476163
16.588,-8.27836e-05,0.000620091
16.5929,-0.000658993,0.000295551
16.5978,0.000100009,-0.000201338
16.6027,-3.34309e-05,0.000625102
16.6076,-0.00047631,-0.000162347
16.6125,0.000263503,-3.35705e-05
16.6174,2.11824e-05,-0.000129328
16.6223,0.000911631,0.000320164
16.6272,-0.000436611,0.00117197
16.632,-0.000683409,-0.000338651
16.6369,0.000187579,-0.000292406
16.6418,0.000365524,-5.7546e-05
16.6467,0.000329827,0.00026144
16.6516,0.000247756,0.00039635
16.6565,-0.000318534,0.000502797
16.6614,-0.000305407,-0.000328436
16.6663,0.000294054,-0.000275183
16.6712,0.000507726,4.89462e-05
16.6761,1.0519e-05,0.000361796
16.681,0.00011721,-0.000429746
16.6859,0.000767675,0.000114517
16.6908,0.000328235,0.00038887
16.6957,0.00011596,0.000227406
16.7005,0.000488243,-6.68674e-05
16.7054,0.000391396,0.000717361
16.7103,-0.000163303,-7.33322e-05
16.7152,0.000709856,0.00012441
16.7201,0.000346174,0.000291219
16.725,0.000631671,0.000725844
16.7299,-0.000482473,0.00044962
16.7348,0.000633673,-0.000252101
16.7397,0.000444699,0.000789108
16.7446,0.000299403,0.000481106
16.7495,-2.2942e-05,0.000869011
16.7544,-6.99033e-05,0.000360378
16.7593,-0.000262751,0.000747615
16.7642,-0.000422919,1.01446e-05
16.769,-0.000258588,0.00037926
16.7739,-0.000726332,-0.00055991
16.7788,0.000545176,-0.000800803
16.7837,0.000905897,-0.000153472
16.7886,0.000772087,0.000698509
16.7935,-0.000185174,0.000260856
16.7984,0.000811346,-4.82385e-05
16.8033,0.000350518,0.000920058
16.8082,-0.000106334,0.000279799
16.8131,0.000346729,0.000105591
16.818,0.000600356,0.000727167
16.8229,-0.000588813,0.000848966
16.8278,-0.000122147,-0.000575332
16.8326,0.000798984,0.000393036
16.8375,-0.000114462,0.000574607
16.8424,7.0375e-05,-8.68357e-05
16.8473,0.000834071,0.000247411
16.8522,9.8451e-05,0.00119692
16.8571,-0.000399995,4.00274e-05
16.862,0.000450104,0.000496173
16.8669,-0.000408036,0.000296716
16.8718,0.000552649,4.6451e-05
16.8767,0.000112571,0.00071287
16.8816,0.000293504,0.000480687
16.8865,-0.000173934,0.00114038
16.8914,-0.000893345,0.000522075
16.8963,-0.000663873,-0.000303653
16.9011,0.00011731,-0.000157854
16.906,-0.000264631,-0.000103223
16.9109,0.000561024,-0.000157916
16.9158,-0.000264505,0.000414324
16.9207,0.000539053,-0.000547173
16.9256,0.000380305,0.00101981
16.9305,-0.000287682,-0.000114725
16.9354,0.00036855,0.000495513
16.9403,-0.000147371,2.08181e-05
16.9452,0.000518319,0.000661491
16.9501,-0.000701412,0.000660098
16.955,-0.000481821,-0.00014958
16.9599,-6.26085e-05,-0.000347635
16.9648,0.000166128,0.000111147
16.9696,-0.000131076,-0.000155699
16.9745,0.000104253,-6.17914e-05
16.9794,0.000303861,-0.000590259
16.9843,0.00113242,0.0006735
16.9892,-0.000680153,0.000833712
16.9941,-0.000381988,-0.000298715
16.999,-0.000168471,-0.000616893
17.0039,0.000860115,-0.000517528
17.0088,0.000519822,9.31514e-05
17.0137,0.000971713,1.09361e-05
17.0186,0.000576878,0.000900264
17.0235,-8.63187e-06,0.000535373
17.0284,-7.33742e-07,0.00023128
17.0333,0.000209776,0.000143307
17.0381,0.000263056,0.000119708
17.043,0.000465145,0.000350996
17.0479,0.000230034,0.000321437
17.0528,0.000486838,0.000612449
17.0577,-0.000144936,0.000591234
17.0626,9.54403e-05,0.00053065
17.0675,-0.000556648,0.000176771
17.0724,0.000552232,-0.00014236
17.0773,2.79967e-05,0.000661839
17.0822,0.000183039,0.000328943
17.0871,-0.000574926,0.000494189
17.092,0.000285977,-0.000445006
17.0969,2.50827e-05,0.000680115
17.1018,0.000155903,-0.000302443
17.1066,8.20892e-05,0.000886537
17.1115,-0.00037628,-0.000650352
17.1164,0.00110833,0.000371593
17.1213,-8.54384e-05,0.000692783
17.1262,1.4525e-05,0.000651346
17.1311,-0.000646354,4.03673e-05
17.136,0.000442376,-9.91327e-05
17.1409,-0.000101514,0.000444422
17.1458,0.000137095,1.48617e-05
17.1507,5.81005e-05,0.0004027
17.1556,-4.97065e-05,0.000139485
17.1605,0.000156953,0.000216624
17.1654,-4.0662e-05,0.000494051
17.1702,-0.00038578,8.05507e-05
17.1751,8.22905e-05,-7.33541e-05
17.18,-8.56868e-06,7.06704e-05
17.1849,0.000242863,-1.10916e-05
17.1898,0.000185583,0.000342247
17.1947,-8.83235e-05,0.000258614
17.1996,1.30537e-05,2.79544e-05
17.2045,6.67183e-05,0.000248411
17.2094,-4.58972e-05,-0.000176269
17.2143,0.000775885,0.000316868
17.2192,-0.000329065,0.000949974
17.2241,-0.000360898,2.89017e-05
17.229,-0.000404638,0.000345758
17.2339,-0.000567968,-0.000525548
17.2387,0.000285183,-0.000413516
17.2436,0.000142524,-0.000212904
17.2485,0.000575154,-0.000130016
17.2534,6.2273e-05,0.000509112
17.2583,-0.000277241,-0.000592132
17.2632,0.00122413,-0.000282113
17.2681,0.000372898,0.00099495
17.273,-0.000246186,0.000186139
17.2779,7.61834e-05,-0.000102122
17.2828,0.000626235,-1.13022e-06
17.2877,0.000160706,0.000710665
17.2926,2.22742e-05,-0.000137639
17.2975,0.000624716,0.000615398
17.3024,-0.00043161,0.000534384
17.3072,7.76909e-05,-7.00127e-05
17.3121,0.000144512,0.000372911
17.317,-9.86975e-05,0.000362635
17.3219,-0.000335352,0.000112613
17.3268,8.43412e-05,-0.000210357
17.3317,4.83589e-05,0.000255416
17.3366,-5.99992e-05,-0.00036687
17.3415,0.000716404,0.000227525
17.3464,-0.000283869,0.000274171
17.3513,0.000749443,-0.000157763
17.3562,1.0153e-05,0.00116587
17.3611,-0.000581726,-2.28675e-05
17.366,-0.000233582,-2.48867e-05
17.3709,0.000238557,-0.000669325
17.3757,0.000725979,0.000549886
17.3806,-0.000176244,0.000143808
17.3855,0.000456123,0.000428118
17.3904,-0.00042675,0.00039639
17.3953,4.74096e-05,3.00007e-05
17.4002,-0.000192785,0.000195808
17.4051,-6.65759e-05,9.51402e-05
17.41,-0.000366174,-8.16979e-05
17.4149,0.000128387,-0.000318911
17.4198,7.43039e-05,-0.00013851
17.4247,0.000431582,-0.000102021
17.4296,2.39927e-05,0.000233745
17.4345,0.000236896,-0.000209734
17.4394,0.000178656,0.000373433
17.4442,-0.000191953,-0.000307495
17.4491,0.00073122,-0.000138936
17.454,0.000212897,0.000505239
17.4589,9.23134e-05,0.00010457
17.4638,0.000124992,0.000345952
17.4687,-0.00025399,0.000256566
17.4736,-0.000392642,-0.000348064
17.4785,0.000541495,-0.00056026
17.4834,0.00040817,0.000243842
17.4883,0.000412036,-3.60694e-05
17.4932,7.18078e-05,0.000618352
17.4981,-0.000265455,-0.00045479
17.503,0.000567784,-9.89688e-05
17.5079,0.000328608,-0.000260545
17.5127,0.000962396,0.000291873
17.5176,0.000193716,0.00047728
17.5225,0.000464251,0.000375717
17.5274,6.59619e-05,0.00050595
17.5323,0.000234126,0.000363411
17.5372,1.43851e-05,0.000657907
17.5421,-0.000543219,0.000431349
17.547,-0.000201075,-0.000441785
17.5519,0.00035274,0.000263505
17.5568,-0.000209439,-5.5493e-05
17.5617,0.000437625,0.000247526
17.5666,-0.000452146,0.000334757
17.5715,-0.000183553,-0.000234198
17.5763,-7.8807e-05,-0.000489923
17.5812,0.000682514,-0.000272414
17.5861,0.000294583,0.000128037
17.591,0.000475132,4.91332e-05
17.5959,0.000351536,0.000185685
17.6008,0.000451167,0.000443341
17.6057,9.54035e-06,0.000333373
17.6106,0.000246879,0.000548848
17.6155,-0.000564693,0.000245588
17.6204,0.000167648,-0.000106038
17.6253,-0.00024649,2.68391e-05
17.6302,0.000540471,-0.000194803
17.6351,3.01626e-05,0.000576884
17.64,-8.3488e-05,0.000106113
17.6448,-0.000311752,0.000108155
17.6497,6.60511e-05,-0.000275921
17.6546,-1.98716e-05,4.03255e-06
17.6595,0.000190413,-0.000165499
17.6644,1.54502e-06,-3.02912e-05
17.6693,0.00035215,-3.61283e-06
17.6742,-0.000505089,4.95336e-05
17.6791,0.000594463,-0.000973655
17.684,0.000618798,0.000744805
17.6889,-0.000480604,-0.000244749
17.6938,0.000508525,-0.000387732
17.6987,0.0002052,-1.81997e-05
17.7036,0.000297423,-0.000596418
17.7085,0.00139727,-0.000197868
17.7133,0.000610115,0.00120089
17.7182,-0.000396994,0.000214442
17.7231,0.000313883,-0.000168093
17.728,0.000550657,8.22727e-05
17.7329,0.000504372,0.000655181
17.7378,-0.00038558,0.000499691
17.7427,2.03321e-05,-0.000350578
17.7476,0.000485109,0.000256795
17.7525,-3.12508e-05,0.000334886
17.7574,-0.000254764,0.000202476
17.7623,-0.000269373,-0.000733222
17.7672,0.00104923,-0.000267337
17.7721,5.74322e-05,0.000291649
17.777,0.000808657,-0.000390355
17.7818,0.000587814,0.000857013
17.7867,-0.000120216,0.00027608
17.7916,-6.73824e-05,1.51923e-05
17.7965,0.000497846,-0.00050531
17.8014,0.00105187,0.000458323
17.8063,0.000247328,0.000924123
17.8112,-0.00039094,0.000434343
17.8161,0.00021762,-0.000263489
17.821,0.000575405,0.000667812
17.8259,-0.000360893,0.00074249
17.8308,-0.000622971,8.8819e-05
17.8357,-0.000253081,-0.000499524
17.8406,0.000375518,-0.000440918
17.8455,0.000709789,0.000104568
17.8503,0.000157197,0.000631497
17.8552,-0.000180282,0.000289748
17.8601,-0.000490349,0.000217873
17.865,-0.000448134,-0.00067351
17.8699,0.000355007,-0.000578849
17.8748,0.000342973,-0.000286362
17.8797,0.000256177,-0.000272082
17.8846,0.000520825,-0.000588575
17.8895,0.000917413,7.03587e-05
17.8944,0.000124476,-1.57932e-05
17.8993,0.000951954,-0.000639581
17.9042,0.00136068,0.000550491
17.9091,0.00046573,0.0009042
17.9139,-1.02779e-05,0.000591147
17.9188,0.000110642,1.29115e-05
17.9237,0.000382576,0.000558042
17.9286,-0.000585703,-4.63942e-05
17.9335,0.000888908,-0.000624664
17.9384,0.000352205,0.000784035
17.9433,6.17075e-05,-0.000532813
17.9482,0.00101308,0.000291774
17.9531,0.000119034,0.000148589
17.958,0.000959783,2.58369e-05
17.9629,0.000566637,0.000622355
17.9678,0.000645904,0.000561279
17.9727,4.05479e-05,0.000927287
17.9776,-3.61778e-05,0.000157489
17.9824,0.000259742,0.000406337
17.9873,0.000176191,0.00020737
17.9922,0.000345522,0.000660129
17.9971,-0.000478159,0.000437765
18.002,-8.47991e-05,-0.000373255
18.0069,0.000641893,-0.000264937
18.0118,0.000929642,0.000600983
18.0167,-0.000144159,0.000980443
18.0216,-0.000275352,-2.12268e-05
18.0265,0.000260601,0.000215824
18.0314,-0.000260431,6.61568e-05
18.0363,0.000437854,-0.000505894
18.0412,0.000820109,0.000163328
18.0461,0.000876824,0.000413933
18.0509,0.000370457,0.00126877
18.0558,-0.000468682,0.000325475
18.0607,0.000501131,0.000351991
18.0656,-0.000327425,0.000833617
18.0705,-0.000368095,-0.000102789
18.0754,0.000307952,-5.47176e-05
18.0803,0.000137842,0.000396745
18.0852,0.00010974,-0.00012762
18.0901,0.00068387,0.000557762
18.095,-0.000272894,0.000584191
18.0999,7.28134e-05,0.000318693
18.1048,-0.000501148,8.25752e-05
18.1097,0.000677935,-0.000311509
18.1146,9.66589e-05,0.000927454
18.1194,-0.000251544,-0.000145749
18.1243,0.000392065,0.000187419
18.1292,0.000252913,0.000314524
18.1341,0.000108289,0.000672107
18.139,-0.000376157,0.000370127
18.1439,-0.000208422,-5.55145e-05
18.1488,0.000443242,3.56859e-05
18.1537,-7.3664e-05,0.00109994
18.1586,-0.00126729,-2.68271e-05
18.1635,-2.95608e-05,-0.000926616
18.1684,0.000474515,-0.000196878
18.1733,0.000346447,0.000162538
18.1782,-0.000141769,0.000277709
18.1831,-0.000255166,-0.000343082
18.1879,0.000306644,-0.000619162
18.1928,0.00097517,-0.000162015
18.1977,0.000463118,0.000670445
18.2026,3.83163e-05,0.000151155
18.2075,0.00014152,0.000302915
18.2124,-8.27682e-05,-0.00022096
18.2173,0.000574539,-0.000120958
18.2222,0.000536538,5.24825e-05
18.2271,0.000705833,0.000634361
18.232,-0.000247128,0.000508958
18.2369,0.000305861,-6.91572e-05
18.2418,0.000370169,0.000450469
18.2467,0.00010184,0.000489611
18.2515,-6.73448e-06,0.000247531
18.2564,0.000213838,0.000552885
18.2613,-0.000609385,0.000428634
18.2662,-0.000167902,-0.000327058
18.2711,0.000140755,-7.24694e-07
18.276,-6.89175e-06,0.000149717
18.2809,-0.000273811,-0.000194079
18.2858,0.000207863,-0.000456525
18.2907,0.00055397,-0.0004138
18.2956,0.000967321,0.000499033
18.3005,-0.000528011,0.000553379
18.3054,0.00017068,-0.000734445
18.3103,0.000654502,1.14173e-05
18.3152,0.000535712,-2.08652e-05
18.32,0.000654699,0.000117816
18.3249,0.000895392,0.000449261
18.3298,0.000276029,0.000934526
18.3347,-6.81459e-05,0.000554314
18.3396,-0.000248538,9.42316e-05
18.3445,0.000658643,-1.02704e-05
18.3494,3.62327e-06,0.000762839
18.3543,0.000229543,-0.000168163
18.3592,0.000402721,0.000771669
18.3641,-6.47489e-07,0.000182891
18.369,0.00029965,0.00083617
18.3739,-0.000522464,0.000300733
18.3788,0.000153967,0.000316192
18.3837,-0.000474131,0.000276592
18.3885,8.59057e-05,0.000124707
18.3934,-0.000760367,0.00025974
18.3983,-6.9374e-05,-0.000906672
18.4032,0.000404324,-0.000123941
18.4081,0.000557597,-0.000438509
18.413,0.000765722,0.000705771
18.4179,-0.000371621,0.000134216
18.4228,0.000581169,-0.000243814
18.4277,0.000624228,0.000331766
18.4326,0.00040426,0.000837898
18.4375,-0.000415954,0.00040582
18.4424,0.000220428,0.000140348
18.4473,-0.000328585,0.000366674
18.4522,-3.29681e-07,-0.000445452
18.457,0.000799459,-0.000105036
18.4619,0.000671079,0.00095641
18.4668,-0.000486262,0.000615141
18.4717,0.000206516,0.000165926
18.4766,-0.000267323,0.000694811
18.4815,-0.000411165,0.000157081
18.4864,-0.000456258,-0.000107917
18.4913,0.000154566,-0.00023597
18.4962,-0.000355432,6.36649e-05
18.5011,0.000189189,-0.000975321
18.506,0.001312,-3.12694e-05
18.5109,0.000630004,0.00112657
18.5158,-0.000422787,0.000716554
18.5207,-0.000204749,0.000442267
18.5255,-0.000991704,-2.82775e-05
18.5304,0.000496545,-0.000999208
18.5353,0.000632055,0.000828647
18.5402,-0.000578617,0.000265466
18.5451,-0.0001182,-0.000197612
18.55,-4.22633e-05,-8.12156e-05
18.5549,9.35703e-06,-0.000403378
18.5598,0.000773444,4.84274e-05
18.5647,-0.000350715,0.000626346
18.5696,-5.87664e-05,-0.000604679
18.5745,0.000396626,0.000247327
18.5794,-0.000149037,-8.15301e-06
18.5843,-4.14561e-05,-7.43688e-05
18.5891,4.29623e-05,-0.00046143
18.594,0.000482226,-0.000245166
18.5989,0.000549975,8.15695e-06
18.6038,0.000100906,0.000451439
18.6087,-0.000259145,-0.000488638
18.6136,0.000917061,-0.000396274
18.6185,0.000348217,0.000579136
18.6234,-0.000148437,-0.000436365
18.6283,0.00113688,-0.00030895
18.6332,0.000498301,0.00062218
18.6381,0.000523914,-2.12961e-05
18.643,0.000718247,0.000732468
18.6479,0.000104579,0.000617754
18.6528,8.97053e-05,0.000649741
18.6576,-0.00038606,0.000461394
18.6625,-0.000317332,-0.000125645
18.6674,0.000305295,-0.000208253
18.6723,0.000285795,0.00043751
18.6772,-0.000325919,0.00027157
18.6821,-0.000204137,-0.000347619
18.687,0.000477292,-0.000262552
18.6919,0.000212505,0.000327138
18.6968,-5.83028e-05,-0.000121206
18.7017,0.000311515,-5.45424e-05
18.7066,9.21791e-06,9.00919e-05
18.7115,-2.29139e-05,-0.000437684
18.7164,0.000686501,-0.000508247
18.7213,0.00084367,0.000165957
18.7261,0.000333841,0.000381277
18.731,0.00017108,-0.000138395
18.7359,0.000887851,-9.32396e-05
18.7408,0.00056048,0.00069902
18.7457,-3.93235e-05,8.13619e-05
18.7506,0.000879408,-0.000209784
18.7555,0.000942866,0.000818997
18.7604,0.000304192,0.000920285
18.7653,-0.000165685,0.000899818
18.7702,-0.000183065,0.000199897
18.7751,-0.000133607,0.000802265
18.78,-0.000917195,-0.000438785
18.7849,0.000797839,-0.000326726
18.7898,-0.000239607,0.000295787
18.7946,0.000474786,-0.000476108
18.7995,0.000330557,0.000182231
18.8044,0.00070294,-0.000176088
18.8093,0.000567044,0.000599443
18.8142,0.000225016,0.00019032
18.8191,0.000775067,4.23729e-05
18.824,0.00107196,0.00134
18.8289,-0.00101529,0.00117725
18.8338,0.000102097,-0.000398037
18.8387,0.000188202,0.000896106
18.8436,-0.000357264,0.000309152
18.8485,-0.000347214,0.000107839
18.8534,0.000369944,-0.000284035
18.8583,0.000358622,0.000685132
18.8631,-9.90366e-05,0.000535063
18.868,-0.000500854,0.000341462
18.8729,0.00013407,-0.000132077
18.8778,-0.00024954,0.000610515
18.8827,-0.000294658,-0.000210492
18.8876,-0.000171063,9.62516e-05
18.8925,0.000151562,-0.000258886
18.8974,-0.000253809,0.00049267
18.9023,-0.000387657,-0.000698007
18.9072,0.000288992,-0.000311633
18.9121,0.000593508,-0.000592034
18.917,0.000872011,0.000661654
18.9219,-0.000237325,0.000455418
18.9268,-0.000299649,6.80333e-05
18.9316,1.52457e-05,-0.000724292
18.9365,0.000945374,-4.12554e-05
18.9414,0.000284976,0.000626965
18.9463,-0.000485253,4.86425e-05
18.9512,0.000508031,-0.000764774
18.9561,0.000569247,0.000254514
18.961,0.000896104,-0.00045415
18.9659,0.00118547,0.00148268
18.9708,-0.00076223,0.000821936
18.9757,-0.000238203,0.000104001
18.9806,1.33399e-05,-0.000368171
18.9855,0.00056027,0.000571824
18.9904,-0.000596585,-4.48859e-05
18.9953,0.000728265,-0.00023266
19.0001,6.3818e-05,0.000416865
19.005,0.000319592,-1.81784e-05
19.0099,0.000324384,0.000242723
19.0148,0.000369383,0.000624095
19.0197,-0.000640635,0.000301483
19.0246,0.000398211,-0.000542755
19.0295,0.000434438,0.000584197
19.0344,-5.50049e-05,0.000120008
19.0393,0.000296145,0.000262423
19.0442,-4.00518e-05,0.00041202
19.0491,-0.000328833,6.0467e-05
19.054,0.00028313,-0.000524612
19.0589,0.000827159,0.000635061
19.0637,-0.000715964,0.000573565
19.0686,0.000111943,-0.000647092
19.0735,0.000387464,0.00036146
19.0784,-1.37985e-05,-8.77784e-05
19.0833,0.000281829,0.000186154
19.0882,8.34804e-06,-0.000185056
19.0931,0.000759422,-8.28817e-07
19.098,0.000382456,0.000742115
19.1029,-0.000458417,0.000506288
19.1078,-0.000124063,-0.0006059
19.1127,0.000923615,0.000251949
19.1176,-0.0003803,0.000671746
19.1225,-1.30274e-05,-0.000541175
19.1274,0.000596515,0.000286266
19.1322,-0.000184922,4.67841e-05
19.1371,0.000765627,-0.000220904
19.142,0.000360236,0.000795931
19.1469,5.61816e-05,0.000156075
19.1518,0.000216496,0.000665606
19.1567,-0.00038617,0.000195152
19.1616,0.000149197,0.000133585
19.1665,-0.000196821,0.000328016
19.1714,-0.000340257,-2.37971e-06
19.1763,-6.63782e-05,-0.000404343
19.1812,0.000245383,-0.000106812
19.1861,0.000248471,-0.00032301
19.191,0.000627411,0.000353065
19.1959,-0.00043777,7.16e-05
19.2007,0.000673055,-0.000695898
19.2056,0.000998135,0.000613318
19.2105,-6.62266e-05,0.00104034
19.2154,-0.000902634,-5.80981e-05
19.2203,0.000536764,-0.000778981
19.2252,0.000435601,0.00056526
19.2301,-1.63453e-05,-0.000271684
19.235,0.000766732,0.0002846
19.2399,1.79498e-05,0.000567917
19.2448,-0.000228015,0.000449343
19.2497,-0.000664414,-0.000419215
19.2546,0.000687386,-0.000706736
19.2595,0.000472189,0.000339218
19.2644,9.18989e-05,-0.000101713
19.2692,0.000530242,-0.000277304
19.2741,0.000940895,0.00036864
19.279,1.55509e-05,0.00078579
19.2839,-0.000130563,9.13339e-05
19.2888,-7.29533e-05,-0.000202975
19.2937,0.000909553,-0.000282405
19.2986,0.000275852,0.000997204
19.3035,-0.000302901,-0.000326354
19.3084,0.000841223,3.96184e-05
19.3133,0.000317346,0.00055269
19.3182,-3.84998e-05,0.000469653
19.3231,-7.02124e-05,-0.000172341
19.328,0.000522194,0.000104693
19.3329,0.000299994,0.00019196
19.3377,0.000426461,0.00062796
19.3426,-0.000461697,0.000355299
19.3475,9.68321e-05,-0.000127659
19.3524,-0.000198629,-9.38084e-05
19.3573,0.000654517,-0.000612225
19.3622,0.000714724,0.000413273
19.3671,0.000518824,7.42533e-05
19.372,0.000649427,0.000812499
19.3769,-0.000150747,0.000471419
19.3818,0.000182118,0.000379125
19.3867,-0.000247595,6.81301e-05
19.3916,0.000692356,-0.000140683
19.3965,0.000403229,0.000759413
19.4013,0.000108198,0.000429684
19.4062,-8.58766e-06,0.000684418
19.4111,-0.000397282,0.000155539
19.416,0.000265545,-5.03085e-05
19.4209,0.000108139,0.000631568
19.4258,-0.0004639,-4.1761e-05
19.4307,0.000645874,-9.58528e-05
19.4356,-0.000151474,0.000920783
19.4405,-0.000373025,-0.000442946
19.4454,0.000790218,0.000459752
19.4503,-0.000981562,0.000868673
19.4552,-0.000686156,-0.00114697
19.4601,0.000912447,-0.00055441
19.465,0.000310906,0.00021836
19.4698,0.000378271,-0.000454442
19.4747,0.00131302,0.000190563
19.4796,0.000451038,0.0012177
19.4845,-5.15398e-05,0.000631787
19.4894,-0.000292305,0.00103308
19.4943,-0.00113408,-8.62054e-05
19.4992,9.20923e-05,-0.000590489
19.5041,0.000160708,-5.07855e-05
19.509,9.88151e-05,4.00222e-05
19.5139,-6.85236e-05,-0.000287683
19.5188,0.000443225,-0.000220428
19.5237,0.000452764,-0.000311067
19.5286,0.00106764,0.000516476
19.5335,-0.000254915,0.000529528
19.5383,0.000645937,0.000156268
19.5432,-0.00040879,0.000726918
19.5481,0.000208137,-0.000346243
19.553,8.31975e-05,0.000492303
19.5579,0.000179479,-6.25582e-05
19.5628,-5.40604e-05,0.00041598
19.5677,0.00014819,-8.99367e-05
19.5726,-0.000297448,0.000276271
19.5775,0.000306484,-0.000673519
19.5824,0.000292729,0.000227961
19.5873,0.000917874,-0.000555878
19.5922,0.000699166,0.0015822
19.5971,-0.000868549,-6.68027e-05
19.602,0.000465788,-3.97128e-05
19.6068,0.000272363,-0.000248864
19.6117,0.000998799,0.000761527
19.6166,-0.000347987,0.000579751
19.6215,0.000454323,0.000513337
19.6264,-0.00072772,0.000818476
19.6313,-0.000484756,-0.000302831
19.6362,-5.66354e-05,-0.000304187
19.6411,0.000356954,-0.000152968
19.646,0.000151022,6.75297e-05
19.6509,0.000509473,3.67005e-05
19.6558,8.57649e-05,0.000807432
19.6607,-0.000816419,-7.86847e-05
19.6656,0.000354039,-0.000909911
19.6704,0.00093584,0.000210061
19.6753,0.000214099,0.000519903
19.6802,4.55683e-05,0.000232654
19.6851,6.69829e-05,0.000167924
19.69,0.000101744,-0.000144164
19.6949,0.000851521,0.000286154
19.6998,-0.000227878,0.00101061
19.7047,-0.00032672,6.31764e-05
19.7096,-0.000692828,0.000170202
19.7145,0.000145519,-0.00131973
19.7194,0.00111358,0.000527584
19.7243,-0.000255558,8.23203e-05
19.7292,0.000478426,0.000226817
19.7341,-0.000281691,-0.00019392
19.7389,0.00105278,-0.000120976
19.7438,0.000174013,0.000893202
19.7487,-0.000244759,0.000304828
19.7536,-0.000279386,-0.000273567
19.7585,0.00072353,-0.000254052
19.7634,0.000325976,0.000492946
19.7683,0.000398445,0.000289683
19.7732,-0.000142655,0.000933975
19.7781,-0.000735012,-0.000131171
19.783,0.000151165,-0.000241767
19.7879,-0.000289035,-0.000116882
19.7928,0.000440117,-0.000752321
19.7977,0.000678428,0.000283851
19.8026,0.000189478,-6.26883e-05
19.8074,0.000588755,0.000347852
19.8123,-0.000250978,0.000182963
19.8172,0.000476705,-0.00047715
19.8221,0.000841534,0.00041021
19.827,6.39329e-05,0.000546111
19.8319,0.000304499,6.46331e-05
19.8368,0.000233745,0.000631353
19.8417,-5.64865e-05,4.8226e-05
19.8466,0.000557589,0.00056458
19.8515,-0.000567422,0.000918917
19.8564,-0.000889086,-0.000295528
19.8613,0.000200226,-0.000626764
19.8662,1.54165e-05,0.0002045
19.8711,-0.000256859,-0.000671745
19.8759,0.000532785,-0.000503602
19.8808,0.000650832,-0.000393986
19.8857,0.000551964,0.000140779
19.8906,0.000795273,-0.000763395
19.8955,0.00182516,0.00120562
19.9004,-0.000757346,0.00097883
19.9053,0.000629933,-0.000127009
19.9102,-9.4575e-05,0.000877538
19.9151,-2.71673e-06,-3.02087e-05
19.92,-4.46348e-05,0.000201844
19.9249,0.000419586,-6.65117e-05
19.9298,-4.5114e-05,0.000522593
19.9347,1.91919e-05,-0.000234608
19.9396,7.45367e-05,6.4786e-05
19.9444,0.000425889,-0.000536418
19.9493,0.000791478,0.000377025
19.9542,0.000189204,6.86575e-05
19.9591,0.000808305,0.000205842
19.964,0.000239224,0.000597238
19.9689,0.000409625,-6.60437e-06
19.9738,0.000849159,0.000787741
19.9787,-0.000133196,0.000940845
19.9836,-0.000144727,0.000541541
19.9885,-0.000479108,0.000148093
19.9934,0.000516991,5.09446e-05
19.9983,-0.000594656,0.00089734
20.0032,-0.000216903,-0.000894572
20.008,0.000533056,0.000698593
20.0129,-0.000938327,-0.000566611
20.0178,0.00142544,-0.000623254
20.0227,0.000135033,0.00105865
20.0276,-5.79034e-05,-0.000395111
20.0325,0.000610578,0.000182365
20.0374,0.000426927,0.000222055
20.0423,0.00019966,0.000770351
20.0472,-0.000496752,-3.20563e-05
20.0521,0.000412685,-0.000286483
20.057,0.00026208,5.92425e-05
20.0619,0.000577869,-0.000172444
20.0668,0.000822557,0.000426345
20.0717,0.000221822,0.000704366
20.0765,0.000199299,0.000254994
20.0814,0.000128246,0.00073067
20.0863,-0.000398959,-0.000154015
20.0912,0.000818995,1.8082e-05
20.0961,6.50353e-06,0.000585742
20.101,0.000359959,6.03059e-05
20.1059,6.16541e-05,0.000569023
20.1108,-1.65206e-05,-7.49475e-05
20.1157,0.000447481,-0.000184745
20.1206,0.00122568,0.000365859
20.1255,0.000240031,0.00150071
20.1304,-0.000467985,0.000551997
20.1353,-0.00026723,0.000365444
20.1402,-0.000111925,-9.23403e-05
20.145,0.00044106,0.000165204
20.1499,0.000298962,0.000745811
20.1548,-0.000487279,0.000570291
20.1597,2.19526e-05,4.71952e-05
20.1646,-0.000376921,0.000514621
20.1695,-0.000162333,-0.000376315
20.1744,4.40283e-05,0.000107567
20.1793,0.000564945,-0.000478559
20.1842,0.000663478,0.00131189
20.1891,-0.00100505,0.000216972
20.194,0.000205997,-0.00011965
20.1989,-0.000201298,-0.000141123
20.2038,0.000784246,9.35907e-05
20.2087,-0.000353159,0.000697908
20.2135,-1.71887e-05,-0.000477403
20.2184,0.00066661,0.000221572
20.2233,0.000122677,0.000671837
20.2282,-0.000297267,0.000175772
20.2331,0.000285984,-3.16956e-05
20.238,0.000337616,0.000475339
20.2429,-5.38278e-05,0.0008443
20.2478,-0.000915055,0.000364774
20.2527,-0.000397712,-0.000520682
20.2576,5.63489e-05,-0.000397453
20.2625,0.000556353,-0.000207387
20.2674,0.000165601,0.000583195
20.2723,-0.000440166,-8.56335e-05
20.2772,0.000106349,-0.000412553
20.282,0.000376518,-0.000349779
20.2869,0.000672797,-2.61828e-05
20.2918,0.000495423,0.000132197
20.2967,0.00078197,0.000356347
20.3016,0.000297053,0.000848927
20.3065,3.2977e-06,0.00071378
20.3114,-0.000647218,0.000541468
20.3163,-0.000146793,-0.000449789
20.3212,0.000199652,0.000404509
20.3261,-0.000437295,-0.000250074
20.331,0.000568792,-0.000353944
20.3359,0.000571999,0.000351393
20.3408,-9.39985e-06,0.000680279
20.3456,-0.000330495,-0.000222387
20.3505,0.000750116,3.28106e-05
20.3554,-4.48373e-08,0.000814737
20.3603,-0.000363623,0.000114784
20.3652,-1.72761e-05,5.32845e-05
20.3701,-0.000272679,-4.94885e-05
20.375,0.000470239,-0.000381813
20.3799,0.000120458,0.000854104
20.3848,-0.000787452,-0.000509499
20.3897,0.000667232,-0.000540518
20.3946,0.000535966,-0.000124081
20.3995,0.000895321,0.000684145
20.4044,-0.000667235,0.000604556
20.4093,0.000195046,-0.000423993
20.4142,5.91446e-05,0.000423076
20.419,-0.000308258,-0.000301042
20.4239,0.000411976,-0.000590167
20.4288,0.000818427,0.000120785
20.4337,0.000288252,0.000254395
20.4386,0.000380991,0.000431677
20.4435,-0.000413666,2.11579e-05
20.4484,0.000663661,-0.000522722
20.4533,0.000557225,0.000386419
20.4582,0.000292663,0.000163726
20.4631,0.000365114,-9.03235e-05
20.468,0.00109975,0.000433744
20.4729,-9.68345e-05,0.00100554
20.4778,0.000183054,0.000150345
20.4826,-0.000289744,0.000797344
20.4875,-0.000418632,-0.00058673
20.4924,0.000761739,-0.000181057
20.4973,0.000258734,0.000387258
20.5022,0.000126981,-0.000327903
20.5071,0.00128226,5.04875e-05
20.512,0.000373861,0.0010793
20.5169,0.000171627,0.000322497
20.5218,0.000108102,0.000498913
20.5267,0.00069182,6.47758e-05
20.5316,0.00049931,0.00159213
20.5365,-0.00096704,0.000749349
20.5414,-0.000447391,0.000106702
20.5463,-0.000339874,-0.000179686
20.5511,8.1705e-05,-1.11618e-05
20.556,-0.000223495,-0.000286462
20.5609,0.000707422,-0.000429994
20.5658,0.000499639,0.000402992
20.5707,0.000420817,-9.66075e-05
20.5756,0.000954508,0.000587101
20.5805,0.000150845,0.000834578
20.5854,0.00028314,0.000654965
20.5903,-0.000293116,0.000936997
20.5952,-0.000479813,0.000134687
20.6001,5.6014e-05,0.000122084
20.605,-0.000220931,0.000329279
20.6099,-0.000133069,-0.000316116
20.6148,0.000467027,1.40158e-05
20.6196,0.000444709,-9.77853e-05
20.6245,0.00115241,0.000949936
20.6294,-0.000658596,0.00128422
20.6343,-0.000273188,0.000230585
20.6392,-0.000808144,0.000338378
20.6441,0.000162743,-0.000672658
20.649,0.000214147,0.000548076
20.6539,-2.55478e-05,1.02207e-05
20.6588,-0.000312591,0.000365249
20.6637,0.000140516,-0.000837968
20.6686,0.000946657,0.00053802
20.6735,9.20533e-06,0.000398972
20.6784,0.00016752,0.000543737
20.6833,-5.38078e-05,6.52194e-05
20.6881,0.000377473,0.00073884
20.693,-0.000744034,0.000371002
20.6979,-3.22674e-05,-0.000255625
20.7028,-1.49021e-10,-0.000143321
20.7077,0.000648856,-0.000246005
20.7126,0.000768894,0.000600083
20.7175,0.000272409,0.000895664
20.7224,-0.000178792,0.00109372
20.7273,-0.00120633,0.000514026
20.7322,-0.000352956,-0.000919034
20.7371,0.000623212,6.23059e-05
20.742,0.000131172,0.000230851
20.7469,0.000170985,0.00052868
20.7518,-0.00032343,0.000137339
20.7566,0.000267785,0.000220022
20.7615,-0.000369186,0.000355594
20.7664,7.91242e-05,-0.000203426
20.7713,0.000171106,0.000434297
20.7762,-0.000386687,0.000107766
20.7811,0.000250411,-0.000349925
20.786,0.000515001,0.000466503
20.7909,-0.000119969,0.000410325
20.7958,0.000163759,0.000307263
20.8007,-0.000195046,0.000662631
20.8056,-0.000675258,0.000148799
20.8105,-5.49232e-05,-0.000446853
20.8154,0.000201316,0.000406796
20.8202,-0.000687764,-0.000177126
20.8251,0.0004881,-0.000652565
20.83,0.000523911,0.000218433
20.8349,0.000427887,0.000360666
20.8398,-0.000139541,0.000512676
20.8447,0.000171203,4.71848e-05
20.8496,-0.000231558,0.000634073
20.8545,-0.00023138,-0.00051739
20.8594,0.00060823,0.000336566
20.8643,-0.000232501,9.27152e-05
20.8692,0.000642671,0.000245545
20.8741,-0.000373079,0.000695208
20.879,-9.03591e-05,-0.000173504
20.8839,5.7289e-05,9.11849e-05
20.8887,0.000569123,-4.67082e-05
20.8936,0.000356934,0.00106853
20.8985,-0.000537038,0.000548599
20.9034,-0.000202739,0.000448449
20.9083,-0.000839694,0.000414163
20.9132,-0.000706087,-0.000582182
20.9181,0.00033006,-0.00058951
20.923,0.000409686,0.000326639
20.9279,-0.0003025,0.000312952
20.9328,-0.000225028,-8.27846e-05
20.9377,-0.000242212,-0.000181768
20.9426,0.000209235,-0.000469763
20.9475,0.000370895,0.000118829
20.9524,0.000178227,-1.54609e-05
20.9572,0.000167789,0.000402404
20.9621,-0.000294339,-0.000284569
20.967,0.000808069,-5.31916e-06
20.9719,-0.000188294,0.000605456
20.9768,9.39127e-05,-0.000246262
20.9817,0.000175695,0.000334886
20.9866,1.39423e-05,-0.00012812
20.9915,0.000532212,0.000128162
20.9964,0.00025716,0.000572604
21.0013,-0.000113647,0.000419596
21.0062,-3.38797e-05,0.00027541
21.0111,-6.25148e-05,0.00022289
21.016,7.38572e-05,0.000450579
21.0209,-0.000584013,0.000344164
21.0257,-9.63877e-05,-0.000278017
21.0306,5.96495e-05,0.000202875
21.0355,-6.73991e-06,0.00014577
21.0404,-0.000204001,0.000373278
21.0453,-0.000356146,-6.21361e-05
21.0502,5.70784e-05,1.66723e-05
21.0551,-0.000328134,0.000409365
21.06,-0.000707076,-0.000396006
21.0649,0.000218685,-0.00042314
21.0698,-0.00031246,-0.000193613
21.0747,0.000614042,-0.000884921
21.0796,0.000989858,0.000686222
21.0845,-0.00041806,0.000803106
21.0894,-0.000451805,-0.000147875
21.0942,-1.358e-05,9.82035e-05
21.0991,-0.000559489,-0.000178816
21.104,0.000207238,-0.000410302
21.1089,-0.000240216,-9.12784e-05
21.1138,0.000373857,-0.000556463
21.1187,0.000214158,0.000167347
21.1236,0.00022206,1.64132e-05
21.1285,-0.00057636,6.11812e-05
21.1334,0.000579167,-0.00112257
21.1383,0.000656039,0.000853625
21.1432,-0.000440682,-0.000292291
21.1481,0.000389254,8.24271e-05
21.153,-0.000236175,-0.000349508
21.1578,0.000653175,-0.000154516
21.1627,3.65758e-05,0.000199314
21.1676,-8.73019e-05,-9.5744e-05
21.1725,5.29502e-05,-0.000799775
21.1774,0.00130957,-0.000320984
21.1823,0.000627662,0.000859825
21.1872,-0.000180203,0.00036881
21.1921,0.000202081,-0.000109801
21.197,0.000300152,0.00048251
21.2019,-0.000510962,0.000187656
21.2068,-6.39738e-05,-0.000621184
21.2117,0.000470868,-0.000216019
21.2166,0.000128624,-0.000400039
21.2215,0.00131828,-0.000427409
21.2263,0.000598765,0.00114531
21.2312,-9.91949e-05,-0.000140812
21.2361,0.000818289,0.000479984
21.241,-0.000188738,0.00043151
21.2459,0.000346038,5.23076e-05
21.2508,0.000216881,0.00027085
21.2557,0.000452311,0.000330091
21.2606,4.8579e-05,0.000663404
21.2655,-0.000150336,0.00023269
21.2704,0.000191411,0.000323178
21.2753,-0.000432695,0.00059737
21.2802,-0.000411773,-0.000428802
21.2851,0.000238741,5.01991e-05
21.29,-0.000317435,-0.000313923
21.2948,0.000695333,-0.000393468
21.2997,0.000282492,0.000255197
21.3046,0.000594421,-0.000172148
21.3095,0.000640721,0.000870492
21.3144,-0.000475738,0.000443392
21.3193,0.000340533,-0.000192163
21.3242,0.000450698,0.000812422
21.3291,-0.000573935,0.00098253
21.334,-0.00142038,-0.000177464
21.3389,3.58957e-05,-0.00147744
21.3438,0.000923196,-0.000103768
21.3487,0.000320511,9.6427e-05
21.3536,0.000114007,0.000202723
21.3585,0.000243876,-0.000471058
21.3633,0.000812963,0.000350478
21.3682,0.000115644,0.000222443
21.3731,0.000470468,0.000476772
21.378,-0.000190547,0.000321516
21.3829,0.000153253,0.000406017
21.3878,-0.000755848,6.09221e-05
21.3927,0.000207265,-0.000763295
21.3976,0.000534805,-0.000101621
21.4025,0.000423415,0.000141464
21.4074,0.000138728,-0.000162099
21.4123,0.001026,2.25085e-05
21.4172,0.000200827,0.00090056
21.4221,-0.00013142,-1.23701e-05
21.4269,0.0005239,-6.05875e-05
21.4318,0.000561002,0.000663868
21.4367,-0.000323172,0.000289662
21.4416,0.000736855,-6.08027e-05
21.4465,0.000112933,0.00100565
21.4514,-0.000151883,0.000170848
21.4563,-0.000154509,0.000381858
21.4612,0.000140486,-0.000295676
21.4661,0.000437156,0.000541763
21.471,0.00012743,0.000185232
21.4759,0.000230337,0.000938933
21.4808,-0.000666156,0.000208584
21.4857,0.000125586,0.000261435
21.4906,-0.000538147,9.4908e-05
21.4954,0.000276549,9.62531e-05
21.5003,-0.000726439,0.000290544
21.5052,9.70484e-05,-0.000617824
21.5101,-2.70948e-05,0.000136504
21.515,0.000376889,-0.000490316
21.5199,0.000352248,0.000760131
21.5248,-0.000640944,-6.7609e-05
21.5297,0.000154893,-0.000397312
21.5346,0.000197694,-2.52056e-05
21.5395,-0.000268618,-0.0002596
21.5444,0.000785275,-0.00109163
21.5493,0.00129951,0.000639737
21.5542,0.000182101,0.000243545
21.5591,0.000900677,0.000697359
21.5639,-0.000414325,0.00074605
21.5688,0.00013778,-5.57212e-05
21.5737,0.000319321,0.000228572
21.5786,0.000396519,0.000852707
21.5835,-0.000999519,0.000393981
21.5884,0.000280642,-0.000752226
21.5933,0.000424063,0.000251346
21.5982,0.000716689,6.14166e-05
21.6031,0.000318318,0.00115863
21.608,-0.000433886,0.000469254
21.6129,-0.000313096,0.000186694
21.6178,0.000205694,-0.00014242
21.6227,0.000170146,0.00060799
21.6276,4.79761e-05,0.000295274
21.6324,-0.000417031,0.00101729
21.6373,-0.00101439,-0.000512474
21.6422,0.000399247,-0.000209056
21.6471,-0.000350188,-4.47376e-05
21.652,0.000472563,-0.000420741
21.6569,0.000421669,0.000449443
21.6618,-0.000142693,0.000299465
21.6667,0.000226045,-3.60575e-05
21.6716,0.00013656,0.000741308
21.6765,-0.000608006,0.000135406
21.6814,-0.000118864,-8.82368e-05
21.6863,3.221e-06,-0.000340742
21.6912,0.000526441,0.000428067
21.6961,-0.000634281,0.000265263
21.7009,0.000127075,-0.000286847
21.7058,-0.00013129,6.13072e-05
21.7107,0.000235107,-0.000188374
21.7156,9.09114e-05,0.000100409
21.7205,0.000276051,0.000168447
21.7254,-0.000314707,8.86768e-05
21.7303,0.000625102,-0.000285719
21.7352,0.000203987,0.000947653
21.7401,-0.000592308,0.000345368
21.745,-0.000559573,-0.000282869
21.7499,0.000399383,-0.00036665
21.7548,-0.000252629,0.000372365
21.7597,0.000177888,-0.000596178
21.7645,0.000137935,0.000684151
21.7694,-0.000539156,-0.000634048
21.7743,0.000839724,-2.1149e-05
21.7792,-0.000200812,0.000476052
21.7841,-0.000312413,2.532e-05
21.789,-0.000333474,-0.000534343
21.7939,0.000434113,-0.00039908
21.7988,0.000214698,-0.000256748
21.8037,0.000715978,7.71801e-06
21.8086,9.74845e-06,0.000317841
21.8135,0.000308527,-8.76979e-05
21.8184,2.76812e-05,0.000325227
21.8233,-4.2619e-05,-0.000209687
21.8282,0.000337272,-0.00023923
21.833,0.00069219,0.000284592
21.8379,-0.000324024,0.000514378
21.8428,0.00032946,-0.000513181
21.8477,0.000582239,0.000939976
21.8526,-0.00085348,0.000526348
21.8575,-0.000577828,-0.000532634
21.8624,0.00042458,-0.000473736
21.8673,-0.00024217,0.000352505
21.8722,-1.98671e-05,-0.00101303
21.8771,0.000693721,0.000474925
21.882,-0.000787417,-0.000447014
21.8869,0.000753808,-0.000646644
21.8918,6.96651e-05,-0.000141911
21.8967,0.000536467,-0.000490254
21.9015,0.000475296,-0.00042151
21.9064,0.00107004,-1.51345e-05
21.9113,0.000231273,8.65678e-05
21.9162,0.00100674,-0.000111821
21.9211,0.000348248,0.000340456
21.926,0.0010251,1.10791e-05
21.9309,0.000272073,0.000878281
21.9358,0.000414166,-0.000172264
21.9407,0.000799464,0.000735306
21.9456,0.000148544,0.000645712
21.9505,0.000107714,0.000641276
21.9554,-0.00041342,0.000459808
21.9603,-0.000145712,-0.000563652
21.9652,0.000983318,0.000219198
21.97,-0.0003212,0.000432606
21.9749,0.000772246,-0.000389409
21.9798,0.00038617,0.000951225
21.9847,-0.000111455,3.24636e-05
21.9896,0.000374583,-4.31868e-05
21.9945,0.00101909,0.000193475
21.9994,0.000439223,0.00118407
22.0043,0.000117615,0.00066276
22.0092,-0.000194604,0.0011022
22.0141,-0.000560626,0.000294071
22.019,-0.000271866,0.000364546
22.0239,-0.000496265,-7.14017e-06
22.0288,-8.62436e-05,-0.000416882
22.0337,0.000727572,-4.65709e-05
22.0385,3.79486e-05,0.000637652
22.0434,0.000329873,-1.60697e-06
22.0483,0.000129199,0.00106139
22.0532,-0.000678754,0.000231299
22.0581,-0.000248531,-6.3225e-05
22.063,0.000252043,-0.000242292
22.0679,0.000200016,0.000758098
22.0728,-0.000718855,7.41396e-05
22.0777,3.55563e-05,-0.000353289
22.0826,9.64458e-05,2.25782e-05
22.0875,3.79004e-05,-0.000375194
22.0924,0.00107551,0.000111921
22.0973,-0.000368471,0.00101054
22.1021,0.00016775,-0.000788715
22.107,0.000930449,0.00105288
22.1119,-0.000412558,0.000510178
22.1168,6.7828e-05,0.000836753
22.1217,-0.00099635,0.000223711
22.1266,5.57303e-06,-4.07406e-05
22.1315,-0.000711787,0.00013455
22.1364,2.89583e-05,-0.000688133
22.1413,0.000408733,0.000231425
22.1462,-0.000196973,0.000201353
22.1511,0.000105815,0.000110616
22.156,-0.00047734,0.000396891
22.1609,-0.000288284,-0.000527528
22.1658,0.000106255,8.80582e-05
22.1707,-0.000171923,-0.000366034
22.1755,0.000362985,0.000133216
22.1804,-0.000306742,8.34735e-05
22.1853,-0.000180705,-1.18563e-05
22.1902,-0.000410697,-0.000648072
22.1951,0.000819541,-0.000375486
22.2,-0.000205896,0.000587348
22.2049,-0.000597895,-0.000716117
22.2098,0.000488713,-0.000968913
22.2147,0.00093682,-0.000266042
22.2196,0.00056398,0.000228872
22.2245,0.000345813,-1.09405e-05
22.2294,0.000599254,0.000228812
22.2343,9.36675e-05,0.000334341
22.2391,0.000252567,0.000211853
22.244,-0.000482953,9.15456e-05
22.2489,0.000581606,-0.00092191
22.2538,0.000736153,0.000517719
22.2587,0.00050836,-0.000171644
22.2636,0.000604789,0.00127897
22.2685,-0.000941881,6.54976e-07
22.2734,0.000443653,-3.83331e-05
22.2783,-0.000593016,-0.000203468
22.2832,0.000868628,-0.000847636
22.2881,0.000883941,0.000259491
22.293,0.00088735,0.000592931
22.2979,-3.05173e-05,0.00106392
22.3028,-0.000441373,0.000362698
22.3076,-0.000370458,-0.00024064
22.3125,0.000494523,-0.000241457
22.3174,0.000133513,0.000309747
22.3223,0.000248038,-5.9444e-05
22.3272,0.000244227,0.000357719
22.3321,-0.000101175,0.000169425
22.337,3.96099e-05,-0.000214762
22.3419,0.000533215,7.31328e-05
22.3468,-8.87547e-05,0.000279845
22.3517,0.000405932,-0.000399968
22.3566,0.000668214,0.00072466
22.3615,-0.000648878,0.000337566
22.3664,0.000239097,-0.000678382
22.3713,0.000618893,0.000158915
22.3761,0.00055234,6.54213e-05
22.381,0.000407177,0.000898519
22.3859,-0.000442022,6.87942e-05
22.3908,0.000484621,0.000170717
22.3957,-0.000353656,0.000262635
22.4006,0.000298726,-0.000243577
22.4055,5.3452e-05,0.00016517
22.4104,0.000274563,-0.00026138
22.4153,0.000503865,-4.60037e-05
22.4202,0.000647791,0.000321902
22.4251,3.61808e-05,0.000188505
22.43,0.000957673,-6.92667e-05
22.4349,0.000579831,0.00107364
22.4398,2.67197e-05,0.000733156
22.4446,-0.000249286,0.000763385
22.4495,-0.000512098,0.000332882
22.4544,-0.000561436,-0.000281738
22.4593,0.00043363,-0.000462842
22.4642,5.19949e-05,6.4561e-05
22.4691,0.000832254,-0.000626028
22.474,0.00100454,0.000881733
22.4789,0.00024107,0.000534941
22.4838,0.000296732,0.00101538
22.4887,-0.00058301,0.000499312
22.4936,-8.79305e-05,-3.18456e-05
22.4985,0.000202749,1.11271e-05
22.5034,0.000444645,0.00022218
22.5083,0.000568383,0.000686975
22.5131,-0.000328331,0.00110308
22.518,-0.000470059,6.3693e-05
22.5229,-1.77689e-05,0.000326731
22.5278,-7.64954e-05,0.000230691
22.5327,-0.000400269,0.000541354
22.5376,-0.000257611,-0.000516233
22.5425,0.000463997,0.00051266
22.5474,-0.000490731,7.75286e-05
22.5523,0.000279219,0.000163597
22.5572,-0.000199165,0.000122409
22.5621,0.000213429,0.000481533
22.567,-0.000668797,3.42379e-05
22.5719,0.000433986,7.13071e-05
22.5767,-0.000676543,0.000358292
22.5816,0.000189543,-0.000273377
22.5865,-0.000574823,0.00028997
22.5914,0.00023121,-0.000802498
22.5963,0.00025328,0.00057495
22.6012,-0.000464113,-0.000371186
22.6061,0.000534802,-0.000526974
22.611,0.000918762,0.000350997
22.6159,-0.00017876,0.000876257
22.6208,-8.51546e-05,-0.000110931
22.6257,2.92216e-06,0.000665855
22.6306,-0.000684994,-0.000142996
22.6355,0.000107838,-0.000259331
22.6404,-6.07342e-05,-0.000136671
22.6452,0.000243735,-0.000163611
22.6501,5.29576e-05,-1.78193e-05
22.655,0.000329024,-0.000310185
22.6599,0.000596675,0.000236943
22.6648,0.000181347,0.000371566
22.6697,0.000102929,0.000467807
22.6746,-0.000437899,0.000183527
22.6795,3.87368e-05,-0.000268769
22.6844,7.96783e-05,-6.35965e-05
22.6893,0.000388743,-0.000128537
22.6942,0.000213311,0.000225405
22.6991,0.000317427,-6.7537e-06
22.704,0.000439491,0.000317562
22.7089,0.000313823,0.000812953
22.7137,-0.000954732,0.000549223
22.7186,9.11701e-06,-0.000764272
22.7235,0.000207451,0.000441606
22.7284,-0.000143323,-0.000407047
22.7333,0.00056415,0.00011293
22.7382,0.00046516,0.00026122
22.7431,-6.95675e-05,0.00129176
22.748,-0.0012738,-0.000143002
22.7529,-0.000107512,-0.00039666
22.7578,-0.000390652,-0.000823667
22.7627,0.00105977,-0.000464851
22.7676,5.23084e-05,0.000197533
22.7725,0.000788591,-0.00031117
22.7774,0.000399025,0.000600286
22.7822,0.000438012,0.00042252
22.7871,-0.00065649,0.000934322
22.792,-0.000524948,-0.000918587
22.7969,0.000681212,-0.000110087
22.8018,0.00019491,-9.11698e-05
22.8067,0.000682421,0.000314296
22.8116,-0.000157656,0.000613577
22.8165,-0.000328058,-6.86253e-05
22.8214,0.000204542,-0.000333379
22.8263,0.000340789,0.0001902
22.8312,0.000122839,6.01705e-06
22.8361,0.00023085,0.000341364
22.841,-0.00019139,-3.2048e-06
22.8459,0.00011497,0.000141005
22.8507,-0.000434745,-0.000352031
22.8556,0.000539789,-0.000641296
22.8605,0.000665669,-0.000372046
22.8654,0.00138527,0.000457419
22.8703,-0.00024019,0.000962278
22.8752,0.000445998,-0.000195619
22.8801,0.000135943,0.00101711
22.885,-0.000399967,-6.59563e-05
22.8899,9.656e-05,2.01015e-05
22.8948,0.000354938,-0.000244394
22.8997,0.000589384,0.000546335
22.9046,1.45237e-05,0.000646485
22.9095,-0.000689885,0.000571393
22.9143,-0.0005666,-0.000809602
22.9192,0.000476714,-0.000444394
22.9241,0.000467869,-0.000351423
22.929,0.000625652,0.000232804
22.9339,0.000207218,-0.000230516
22.9388,0.00107976,0.000165136
22.9437,0.000336033,0.000693413
22.9486,0.000262808,0.00044036
22.9535,-4.98285e-06,0.000381157
22.9584,0.000154906,0.000170595
22.9633,5.70598e-05,0.000156838
22.9682,0.0002826,-8.35564e-05
22.9731,0.000587952,7.91704e-05
22.978,0.000614291,0.000417414
22.9828,0.000533118,0.000554607
22.9877,0.000267475,0.000918141
22.9926,-0.0001273,0.000515238
22.9975,0.000107427,0.000643497
23.0024,-0.000385365,0.000388701
23.0073,9.08276e-05,0.000202207
23.0122,-0.000197607,0.000186739
23.0171,0.000643308,-2.43167e-05
23.022,0.000350232,0.00125934
23.0269,-0.000780199,0.000666001
23.0318,-0.000271278,9.06053e-06
23.0367,-0.000121101,0.000286741
23.0416,-8.60248e-05,0.000165549
23.0465,-0.000226662,0.000544394
23.0513,-0.000527376,-0.000217149
23.0562,0.00036184,0.000247781
23.0611,-0.000823712,0.000269668
23.066,0.000158586,-0.00062618
23.0709,0.000147578,0.000211608
23.0758,0.00038443,0.000138588
23.0807,-0.000634534,0.000746612
23.0856,-0.000247325,-0.000910868
23.0905,0.000328259,0.000373621
23.0954,-0.00026282,-0.000753116
23.1003,0.00117259,0.00014061
23.1052,-2.20895e-05,0.000420796
23.1101,0.000532066,0.000302395
23.115,1.73564e-05,0.000516013
23.1198,0.000184464,0.000805993
23.1247,-0.00107018,0.000403113
23.1296,5.97513e-05,-0.000538852
23.1345,1.4018e-05,0.000347898
23.1394,-0.000104649,0.000180436
23.1443,-0.000752949,0.000173621
23.1492,-0.000293701,-0.000918783
23.1541,0.000292028,-0.000564425
23.159,0.000797161,-0.000618177
23.1639,0.000870694,0.00043678
23.1688,0.000207639,0.00019337
23.1737,0.000551255,0.000216675
23.1786,0.000328303,0.000450308
23.1834,0.000159875,0.000413044
23.1883,6.24769e-05,0.000243457
23.1932,0.000273502,5.99627e-05
23.1981,0.000658927,0.000455365
23.203,-6.05782e-06,0.000999741
23.2079,-0.000450466,0.000268312
23.2128,3.39667e-05,8.89397e-05
23.2177,-6.14354e-05,0.000206707
23.2226,0.000176127,-0.000227108
23.2275,0.00100881,0.000377657
23.2324,0.00017747,0.00140701
23.2373,-0.00069043,0.000771473
23.2422,-0.000575803,0.000153241
23.2471,7.48898e-05,-5.1249e-05
23.2519,5.18569e-05,0.000870654
23.2568,-0.000913227,0.000277105
23.2617,0.000136136,-9.84556e-05
23.2666,-0.000537733,0.000971812
23.2715,-0.00116785,-0.000422611
23.2764,-6.19816e-05,-0.000474176
23.2813,-0.000301688,-0.000356304
23.2862,0.000222093,-0.00064626
23.2911,0.00082877,-0.000229101
23.296,0.000500904,0.000960585
23.3009,-0.000642826,0.000118333
23.3058,0.000606813,0.000134208
23.3107,-0.000636825,0.000819996
23.3156,-0.000389722,-0.000383665
23.3204,-0.000172195,-0.000111706
23.3253,0.000342795,-0.000395213
23.3302,0.000331688,0.000443755
23.3351,-6.88005e-05,0.000349648
23.34,-0.000411612,8.86797e-05
23.3449,0.000440715,-0.000283432
23.3498,0.000127809,0.000925706
23.3547,-0.000616286,0.000250841
23.3596,-0.000412068,-1.8529e-05
23.3645,7.70634e-06,-3.7107e-05
23.3694,-0.000838649,0.00040256
23.3743,-0.000449095,-0.00142558
23.3792,0.00117616,-0.000145604
23.3841,4.70413e-05,0.000450233
23.3889,7.55168e-05,0.000156471
23.3938,-1.0236e-05,0.000234359
23.3987,-0.000264199,0.000360853
23.4036,-0.000434524,-0.000257497
23.4085,0.00016067,-6.49884e-05
23.4134,-0.000337803,4.93823e-05
23.4183,4.93831e-05,-0.000415807
23.4232,0.000125056,0.000368167
23.4281,-0.000953964,-0.00045413
23.433,0.0010815,-0.0012769
23.4379,0.000873192,0.00129507
23.4428,-0.000842048,0.000159105
23.4477,8.25722e-05,-5.94553e-05
23.4526,-0.000501964,-0.000135934
23.4574,0.000148529,-0.000658889
23.4623,0.000540887,-0.000151404
23.4672,0.000157044,0.000240869
23.4721,0.000142517,-0.000307171
23.477,0.000628291,0.00035853
23.4819,-0.000254295,0.000432436
23.4868,-8.87895e-05,-1.91481e-05
23.4917,-7.74797e-05,8.89128e-05
23.4966,-0.000250475,-3.68801e-05
23.5015,1.77014e-05,-0.000320117
23.5064,-0.000108774,3.51706e-05
23.5113,4.17975e-05,-0.000773708
23.5162,0.000702561,0.000294697
23.521,-0.000641602,-0.000234329
23.5259,0.000805363,-0.000837668
23.5308,0.000643678,0.0002269
23.5357,0.00055115,0.000141602
23.5406,0.000250497,0.000343698
23.5455,0.000437051,0.000278818
23.5504,-0.000157501,0.000626841
23.5553,-0.000225926,-0.000116386
23.5602,-2.54985e-05,-0.000150612
23.5651,0.000562091,-0.000427225
23.57,0.000730232,0.000772916
23.5749,-0.000581301,0.000562019
23.5798,-0.000217502,-0.000467736
23.5847,0.000526751,-0.000174611
23.5896,0.000222853,0.00029575
23.5944,0.000297943,-0.000137878
23.5993,0.000648818,0.000727086
23.6042,-0.000673277,0.000553669
23.6091,0.000144717,-0.000324496
23.614,-0.000100448,0.000608598
23.6189,-0.000433436,-0.000464941
23.6238,0.00048719,-0.000124988
23.6287,0.000139309,7.70761e-05
23.6336,0.000272668,0.00026868
23.6385,-0.000243697,0.000109096
23.6434,0.000204944,-0.000206688
23.6483,0.000261396,7.00435e-05
23.6532,0.000279551,0.000173035
23.658,0.000148795,0.000156158
23.6629,0.000335666,0.000366368
23.6678,-0.000202589,0.000404183
23.6727,0.000105359,0.000173783
23.6776,-0.000437872,0.000439584
23.6825,-0.000140659,-0.000447543
23.6874,0.000220831,0.000293914
23.6923,-0.000216728,-8.63599e-05
23.6972,0.000196518,0.000314742
23.7021,-0.000748162,5.06418e-05
23.707,-4.52091e-06,-0.000695133
23.7119,0.000232767,-0.000279229
23.7168,0.000448694,-0.000182215
23.7217,0.000118469,3.12946e-05
23.7265,0.000629632,-0.000296127
23.7314,0.000448092,0.00074942
23.7363,-0.000226286,9.05622e-05
23.7412,0.000247497,0.000313554
23.7461,-0.000496404,6.70481e-05
23.751,0.000337917,-0.000508897
23.7559,0.000480483,0.000419724
23.7608,-0.000221388,0.000294774
23.7657,-4.00019e-05,-9.01972e-05
23.7706,-2.69e-06,2.87019e-05
23.7755,-2.35498e-06,-0.000180206
23.7804,0.000127448,-0.000166158
23.7853,0.000367656,-0.00038827
23.7902,0.000829037,0.000200328
23.795,0.000220829,0.000550401
23.7999,0.000114678,0.000370717
23.8048,-0.000183164,0.000277361
23.8097,0.000190085,-7.80293e-05
23.8146,0.000116014,0.00058316
23.8195,-0.000482118,-8.53486e-05
23.8244,0.00050007,-0.000138315
23.8293,-0.000181122,0.000570479
23.8342,-0.000168905,-0.000460042
23.8391,0.000554533,6.33361e-05
23.844,0.000297837,0.000259582
23.8489,0.000205623,0.000739433
23.8538,-0.000535327,0.000380024
23.8587,-0.000230795,0.000196441
23.8635,-0.000623776,-9.78611e-05
23.8684,3.03117e-05,-0.000262631
23.8733,-0.000431446,-0.000243485
23.8782,0.000700035,-0.000635633
23.8831,0.000205005,0.000920912
23.888,-0.000655708,-0.000126954
23.8929,-0.000196908,-8.23432e-05
23.8978,-0.000469453,-0.000622794
23.9027,0.000222507,-0.000721735
23.9076,0.000502709,-0.000777434
23.9125,0.00112818,-4.31629e-05
23.9174,0.000424797,0.000409334
23.9223,0.000283314,0.000299025
23.9272,0.000140163,8.56857e-06
23.932,0.000660351,0.000480383
23.9369,-0.000557768,0.00070533
23.9418,-0.000202699,-0.000424967
23.9467,0.000192294,0.000139906
23.9516,-0.000246027,7.78171e-05
23.9565,-0.000213289,-0.000444737
23.9614,0.000562754,-0.00027909
23.9663,-0.000130623,0.000271492
23.9712,0.000112926,-0.000686448
23.9761,0.000608478,0.000130435
23.981,-3.57179e-05,-5.20441e-05
23.9859,0.000325792,-0.00024419
23.9908,0.000412579,-0.000155938
23.9956,0.000575495,4.14475e-05
24.0005,0.00048029,0.000355705
24.0054,-7.89786e-05,0.000441682
24.0103,1.22745e-05,-0.000273656
24.0152,0.000366246,0.000257208
24.0201,-0.000286159,-0.000231578
24.025,0.000948289,-0.000422981
24.0299,0.000447087,0.000984262
24.0348,-0.000576626,0.000102566
24.0397,2.58182e-05,-0.000305988
24.0446,-3.03108e-05,-0.000639382
24.0495,0.00138258,-0.000744194
24.0544,0.00124562,0.00106241
24.0593,5.18421e-05,0.000912693
24.0641,-0.000293102,0.00063882
24.069,-0.000312997,-0.000214341
24.0739,0.000331883,7.045e-05
24.0788,-7.29891e-07,-0.000149923
24.0837,0.000880894,0.000104012
24.0886,4.62567e-05,0.000869195
24.0935,-0.000181186,0.000141048
24.0984,1.43313e-06,0.000221794
24.1033,-9.10391e-05,0.000173323
24.1082,-0.000295958,-5.74289e-05
24.1131,0.000342495,-0.000404856
24.118,0.00025379,0.000467193
24.1229,-0.000188276,-0.000269029
24.1278,0.000611188,0.000219031
24.1326,-0.000489646,0.000301518
24.1375,0.000154779,-0.000443872
24.1424,-9.78678e-05,5.91454e-05
24.1473,0.000281704,-0.000771016
24.1522,0.0006665,0.000207265
24.1571,-1.73704e-05,-0.000299086
24.162,0.000832498,-0.000372585
24.1669,0.000857452,0.000108229
24.1718,0.00078649,0.000564595
24.1767,0.000220283,0.000553536
24.1816,0.000159176,0.000398736
24.1865,8.91644e-05,-4.56735e-05
24.1914,0.000816711,0.000292642
24.1963,5.80489e-07,0.000717032
24.2011,0.000168825,8.44308e-05
24.206,0.000108364,0.000408478
24.2109,0.000214565,-0.000153146
24.2158,0.000823221,0.000435188
24.2207,0.000123932,0.000857338
24.2256,7.26864e-05,0.000379759
24.2305,8.75547e-05,0.000961078
24.2354,-0.000983294,0.000275366
24.2403,0.000335362,-0.000502743
24.2452,0.000189481,0.000851184
24.2501,-0.000602207,0.00013343
24.255,-0.000167759,-0.00018382
24.2599,0.000192229,-0.000218964
24.2648,0.000116112,0.000292758
24.2696,-0.000199037,-0.000208132
24.2745,0.000323408,-0.000293018
24.2794,0.000628684,-0.000117959
24.2843,0.000582736,0.000554506
24.2892,1.85108e-05,0.000349399
24.2941,0.000244504,0.00017786
24.299,0.000457816,0.000297119
24.3039,0.000150046,0.000924311
24.3088,-0.000425605,0.000255913
24.3137,0.000145472,0.000381281
24.3186,-0.000479183,0.000421126
24.3235,-0.000372632,1.76858e-05
24.3284,-0.000344912,-0.000377949
24.3332,0.000382231,-0.000329115
24.3381,0.000273053,-3.48319e-05
24.343,0.000626916,0.000157793
24.3479,0.000205614,0.000698277
24.3528,-0.000303574,0.000574942
24.3577,-0.000510491,-9.78826e-05
24.3626,0.000125415,-1.20607e-05
24.3675,-0.000524091,-6.4086e-05
24.3724,0.00028831,-0.000783869
24.3773,0.0006892,-1.15294e-07
24.3822,0.000501403,0.000329705
24.3871,4.85214e-05,0.00045271
24.392,-4.45839e-05,0.000227465
24.3969,-0.000281325,-7.33224e-05
24.4017,0.000377067,-0.000402544
24.4066,0.000532156,0.000109689
24.4115,0.000575817,0.000533154
24.4164,-0.000581329,0.000698649
24.4213,-0.000231754,-0.000865056
24.4262,0.00103495,-8.55899e-05
24.4311,0.000324651,0.000586434
24.436,0.000264088,9.15422e-05
24.4409,0.000602775,0.0007394
24.4458,-0.00055107,0.000738161
24.4507,-0.000136983,-0.000179757
24.4556,8.27852e-05,0.000224916
24.4605,2.0643e-06,0.000187306
24.4654,-0.000190676,0.000118337
24.4702,3.73148e-05,0.000120177
24.4751,-0.000771777,-0.000179588
24.48,0.000612954,-0.00137804
24.4849,0.00126801,0.000268748
24.4898,0.000703307,0.000403089
24.4947,0.00019784,0.000879674
24.4996,2.07763e-05,-0.000286945
24.5045,0.00114132,0.000506874
24.5094,0.000152066,0.00096907
24.5143,0.000308492,0.000679673
24.5192,-6.80158e-05,0.0013411
24.5241,-0.00121133,0.000712573
24.529,-0.000507501,-0.000406875
24.5339,-0.000171023,0.000104302
24.5387,-5.78551e-05,-0.00023451
24.5436,-6.23349e-05,0.000344107
24.5485,-0.000235005,-0.000498086
24.5534,0.000714518,0.000193479
24.5583,-0.000226277,0.000423077
24.5632,9.68805e-05,1.13694e-05
24.5681,6.6427e-05,0.00023165
24.573,0.000119406,0.000396665
24.5779,-0.00056147,0.000410855
24.5828,-0.000213735,-0.000611022
24.5877,0.000715395,0.000309433
24.5926,-0.000661124,0.000581446
24.5975,-2.34031e-05,-0.000416292
24.6024,-0.000417437,0.00045274
24.6072,-0.000380794,-0.00115074
24.6121,0.00096349,-0.000117693
24.617,0.000227651,7.84745e-05
24.6219,0.000279443,0.000592983
24.6268,-0.000735633,-0.000358224
24.6317,0.000857184,-0.000550209
24.6366,0.000222572,0.000248505
24.6415,0.000605441,-0.000112638
24.6464,0.000258263,0.000365848
24.6513,0.000562199,1.29869e-05
24.6562,0.000372592,0.0007174
24.6611,2.79902e-05,0.000363964
24.666,4.21153e-05,0.000450966
24.6708,-0.000117131,0.000318995
24.6757,-0.000327459,0.00015974
24.6806,-8.23858e-06,-0.00042655
24.6855,0.000570307,-2.02651e-05
24.6904,0.000384115,0.000266776
24.6953,0.000352623,0.000493934
24.7002,-0.000203729,0.000466417
24.7051,0.000101433,-9.10131e-05
24.71,0.000203664,0.000505004
24.7149,-0.000236994,-7.68518e-05
24.7198,0.000628263,0.00013073
24.7247,-1.32468e-05,0.000478848
24.7296,0.000465083,0.000337398
24.7345,-0.000513178,0.000995453
24.7393,-0.000486035,-0.00057216
24.7442,0.00054116,0.000124677
24.7491,5.99512e-05,0.000195244
24.754,0.000258297,0.000508139
24.7589,-0.000312391,0.000190422
24.7638,0.000376967,0.000359408
24.7687,-0.000733863,0.000662966
24.7736,-0.000434234,-0.000620244
24.7785,0.000368101,-0.000353161
24.7834,0.000638093,0.000190312
24.7883,-0.000121442,0.000576481
24.7932,7.4593e-05,-0.000207238
24.7981,0.000349232,0.000431605
24.803,3.41039e-05,0.000377594
24.8078,-0.000419605,0.000513368
24.8127,-0.000233233,-0.000660056
24.8176,0.000767117,0.000234941
24.8225,-3.40999e-05,0.000314142
24.8274,0.00028027,0.0005074
24.8323,-0.000539458,0.000179108
24.8372,0.000500158,-0.000143851
24.8421,5.29278e-05,0.000804732
24.847,-0.000499748,0.000364838
24.8519,-0.000496179,-0.000306201
24.8568,0.00043348,-0.000153605
24.8617,-0.000389303,0.000223942
24.8666,0.000382461,-0.000778485
24.8715,0.000810148,0.000454828
24.8763,0.000239359,0.000428765
24.8812,0.000103099,0.000530757
24.8861,0.000291743,0.000321267
24.891,-0.000109903,0.00113718
24.8959,-0.000705058,0.000215512
24.9008,-0.000461662,0.000533214
24.9057,-0.00109099,-0.000644072
24.9106,0.000502357,-0.000532429
24.9155,-0.000293965,-0.000259553
24.9204,0.00111489,-0.000617131
24.9253,0.00037991,0.00105616
24.9302,-9.87446e-05,-0.000155068
24.9351,0.000616234,0.00054415
24.9399,-0.000195032,0.000576029
24.9448,-3.52387e-05,0.000402121
24.9497,-0.000446631,0.000381274
24.9546,-0.000203909,-0.000258763
24.9595,0.000370994,0.000223852
24.9644,-0.000301281,0.000440772
24.9693,1.71101e-05,2.2059e-06
24.9742,-0.000307618,0.000598985
24.9791,-0.00065199,-0.000405299
24.984,0.000255325,-0.000338163
24.9889,0.000197501,-0.000155187
24.9938,0.000545742,0.000192074
24.9987,-1.10379e-05,0.000409721
25.0036,0.000218166,0.000178246
25.0084,-0.000109758,0.000564237
25.0133,-0.000166066,-9.79022e-05
25.0182,0.000513215,0.000388324
25.0231,-0.000319251,0.000961146
25.028,-0.000798457,0.000226155
25.0329,-0.000538254,-0.000174967
25.0378,-0.000204465,-0.000427358
25.0427,0.000260596,-0.000120514
25.0476,-6.86699e-05,0.000188123
25.0525,-1.77256e-05,-0.000167434
25.0574,0.000281631,0.000253647
25.0623,-0.000382623,0.000350562
25.0672,-0.000170878,-0.000338372
25.0721,0.000341314,0.000168793
25.077,-0.000372813,0.000430638
25.0818,-0.000386135,-0.000374176
25.0867,0.000287076,-0.000117708
25.0916,-0.000180269,0.000103616
25.0965,0.0001491,-0.000311925
25.1014,0.000281112,0.000171638
25.1063,0.000218682,0.000172827
25.1112,-3.33545e-05,0.000651399
25.1161,-0.00064128,6.92882e-05
25.121,-2.2805e-05,-0.00030785
25.1259,0.000162074,0.00017431
25.1308,-0.000311261,0.000301977
25.1357,-0.000362774,-0.00018634
25.1406,-4.32247e-05,-0.000226875
25.1454,0.000201582,3.56803e-05
25.1503,-0.000450432,0.000370725
25.1552,-0.000317998,-0.000583718
25.1601,-7.08504e-08,0.000189361
25.165,-0.000645257,-0.000688966
25.1699,0.000509989,-0.000403439
25.1748,-0.000330766,-0.000337842
25.1797,0.000585221,-0.000623503
25.1846,1.89082e-05,-0.000191385
25.1895,0.000828966,-0.000838744
25.1944,0.00108074,0.000406308
25.1993,0.00024967,0.00072644
25.2042,-0.000433676,-6.73341e-05
25.2091,0.000945121,-0.000408306
25.2139,0.000265946,0.0010765
25.2188,-0.000406527,-4.47888e-05
25.2237,-4.80912e-06,-4.78764e-05
25.2286,0.000310773,-0.000561687
25.2335,0.00091443,0.000378273
25.2384,9.36199e-06,0.000474635
25.2433,0.000329681,7.67433e-05
25.2482,0.000450679,0.000693063
25.2531,-0.000506867,0.00072171
25.258,-0.000204585,-0.000233965
25.2629,0.000110478,0.000428903
25.2678,-0.00047467,4.85562e-05
25.2727,-1.02774e-05,-0.000218131
25.2775,0.000149173,3.53218e-05
25.2824,-0.000197696,0.000104442
25.2873,0.000109496,-0.000283515
25.2922,-0.000179484,9.41299e-05
25.2971,0.000362771,-0.0010466
25.302,0.00132197,0.000609496
25.3069,-6.33067e-05,0.000515932
25.3118,0.000412221,0.000731031
25.3167,-0.000808912,0.000357052
25.3216,0.000287491,-0.00017224
25.3265,-0.000311831,0.000369437
25.3314,0.000120258,-0.000162762
25.3363,-0.000262868,0.000182437
25.3412,0.000374755,-0.000460559
25.3461,0.000322971,0.000627969
25.3509,-0.000154161,7.87523e-06
25.3558,0.000280449,0.000304277
25.3607,-0.000132642,0.000339459
25.3656,-0.000123439,0.000247402
25.3705,-0.000218582,0.000103659
25.3754,6.29964e-07,0.000105422
25.3803,-0.000263524,0.000410438
25.3852,-0.000657734,-0.00014685
25.3901,-7.19107e-05,-0.000321981
25.395,-0.000396064,-0.000247413
25.3999,0.000250593,-0.000728371
25.4048,0.00019148,4.27218e-05
25.4097,0.000137092,-0.000672079
25.4145,0.000821155,5.72792e-05
25.4194,6.88658e-05,8.77279e-05
25.4243,0.0005425,-8.08598e-05
25.4292,0.000272295,0.000346628
25.4341,8.69965e-05,1.6418e-05
25.439,0.000522533,-0.000146441
25.4439,0.000805956,0.000647138
25.4488,-0.000225294,0.000945362
25.4537,-0.000466517,4.90854e-05
25.4586,0.000308403,-0.000194859
25.4635,0.000479922,0.000888401
25.4684,-0.000994345,0.000728814
25.4733,-0.000472203,-0.000468207
25.4782,-0.000306283,-1.71603e-05
25.483,-0.000199642,-0.000860879
25.4879,0.000943441,-0.000181052
25.4928,6.68137e-05,0.000639944
25.4977,-0.000290407,-9.80601e-05
25.5026,0.000119225,-0.000129623
25.5075,0.00010209,-0.000201175
25.5124,0.000540414,0.000163834
25.5173,-0.000448001,0.000330989
25.5222,0.00028877,-0.00085455
25.5271,0.000892789,0.000485647
25.532,8.24302e-05,0.00037181
25.5369,0.00015403,0.000747762
25.5418,-0.000793895,0.000148491
25.5467,9.45423e-05,-0.000354933
25.5515,1.80448e-05,-9.83372e-06
25.5564,0.000376753,-2.70086e-06
25.5613,-5.12963e-05,0.000498854
25.5662,-0.000315595,7.72559e-05
25.5711,-0.000382981,-0.000132643
25.576,-2.92125e-05,-0.000590776
25.5809,0.000403259,-0.000285496
25.5858,0.000362609,-6.80124e-05
25.5907,0.000296592,-3.46471e-05
25.5956,0.000554346,5.10532e-05
25.6005,0.000202887,0.000619384
25.6054,-0.000302778,4.09532e-05
25.6103,0.000181022,-7.89169e-05
25.6152,-4.19756e-05,-5.09177e-05
25.62,0.000448418,-0.000364774
25.6249,0.000728859,0.000380436
25.6298,2.84144e-05,0.000704874
25.6347,-0.000428716,0.000160343
25.6396,-1.6997e-05,-0.000416186
25.6445,0.000606747,-9.13152e-05
25.6494,0.000307356,0.000387658
25.6543,0.000381477,0.000140254
25.6592,0.000296395,0.00105345
25.6641,-0.00101951,0.00037303
25.669,-0.000127702,-0.000367908
25.6739,-0.000326957,-0.000197211
25.6788,0.000533595,-0.000538622
25.6837,0.000202003,0.000389385
25.6885,0.000268949,-0.000161562
25.6934,-2.26867e-05,0.00055139
25.6983,-0.000107399,-0.000548061
25.7032,0.000597471,0.000380944
25.7081,-0.000466059,-2.87074e-05
25.713,0.000542269,-0.000501407
25.7179,0.000593038,0.000392399
25.7228,-4.53055e-05,0.000224577
25.7277,0.00060088,-7.19145e-06
25.7326,-3.31501e-05,0.00104556
25.7375,-0.000786358,-0.000359675
25.7424,0.000435545,-0.000501803
25.7473,0.000500692,-0.000133388
25.7521,0.000672427,0.000160469
25.757,0.000628212,0.000488485
25.7619,-7.75921e-05,0.000853519
25.7668,-0.000107107,-0.000198125
25.7717,0.000469194,0.000437554
25.7766,0.000112435,8.29716e-05
25.7815,0.000708551,0.000770491
25.7864,-0.000261276,0.00103659
25.7913,-0.000821465,0.000841184
25.7962,-0.00105678,-0.000577314
25.8011,0.000343621,-0.000301346
25.806,-0.000281738,-3.70271e-05
25.8109,0.000136643,-0.000259389
25.8158,0.000188254,-0.00037311
25.8206,0.000815226,0.000284548
25.8255,-0.000224891,0.000482428
25.8304,8.79679e-05,-0.000118298
25.8353,0.000397654,3.97442e-05
25.8402,0.000296128,0.000810247
25.8451,-0.00067173,0.000159546
25.85,0.000126613,-7.41167e-05
25.8549,-0.000244017,-9.50182e-05
25.8598,0.000314773,-0.000162472
25.8647,0.000219795,-0.000205578
25.8696,0.000711201,0.000439901
25.8745,-0.000274491,8.00043e-05
25.8794,0.000925256,0.000217246
25.8843,-0.000301752,0.000643019
25.8891,0.000639514,0.000103286
25.894,-0.000168823,0.00108095
25.8989,-0.000375993,0.000414699
25.9038,-0.000802642,-8.50985e-05
25.9087,0.000724909,-0.000326328
25.9136,-0.000437401,0.00093506
25.9185,-7.41843e-05,-0.000576961
25.9234,0.000145753,0.000630276
25.9283,-0.000352496,-0.000122951
25.9332,-8.09068e-05,-3.33209e-05
25.9381,0.000452673,-0.00046743
25.943,0.000762731,0.000762724
25.9479,-0.000140468,0.000927296
25.9528,-0.000912587,0.000623613
25.9576,-0.000465209,-0.000653563
25.9625,0.000261184,0.000214955
25.9674,-0.000364672,-5.72066e-05
25.9723,0.000215669,7.82708e-05
25.9772,-0.000426894,0.000217911
25.9821,-3.2173e-05,-0.000417168
25.987,0.000256387,0.000308288
25.9919,-0.000566393,8.43814e-05
25.9968,-5.85298e-05,-0.000469912
26.0017,5.82342e-05,-0.000421569
26.0066,0.000989422,-0.000244862
26.0115,3.06554e-05,0.00115312
26.0164,-0.000748772,-0.000567273
26.0213,0.000889842,-0.00028488
26.0261,5.93696e-05,0.000523219
26.031,6.47555e-05,-0.000180344
26.0359,0.000459935,7.61678e-05
26.0408,0.000455051,0.000340017
26.0457,0.000205132,0.000675211
26.0506,-0.000258726,0.000516146
26.0555,-0.000246543,3.86447e-05
26.0604,0.000337696,0.000123974
26.0653,-0.000131521,0.000718476
26.0702,-0.000318232,2.33965e-05
26.0751,1.75474e-06,0.000312843
26.08,-0.000104059,0.000158528
26.0849,-0.000267388,0.000681332
26.0897,-0.000763244,-0.000264136
26.0946,6.824e-05,7.5027e-05
26.0995,-0.000661113,-0.000260544
26.1044,0.000296716,-0.000409839
26.1093,0.000165173,-0.000189626
26.1142,0.00062899,0.000508422
26.1191,-0.000630017,0.000378676
26.124,0.000180404,0.000172526
26.1289,-0.0010434,0.000176289
26.1338,0.000360276,-0.000821772
26.1387,-9.36634e-05,0.00064967
26.1436,-0.000497647,-0.00042978
26.1485,2.32209e-05,-0.0003742
26.1534,0.000345828,-0.000204961
26.1582,-7.18612e-05,0.000104173
26.1631,0.000100031,-0.000262386
26.168,0.000125352,-0.000206966
26.1729,0.000599041,0.000106891
26.1778,-0.000318997,0.000283592
26.1827,0.000374576,-0.000326906
26.1876,0.000137157,0.000293297
26.1925,0.000442536,0.000301764
26.1974,-0.000774438,0.000680143
26.2023,-0.000194181,-0.0007578
26.2072,8.83769e-05,5.87305e-05
26.2121,0.000185731,-0.00029746
26.217,-0.000160225,9.59411e-05
26.2219,0.000479557,-0.00070407
26.2267,0.000510858,0.000572795
26.2316,8.74255e-05,-9.31973e-06
26.2365,3.12084e-05,0.0004953
26.2414,-0.000172397,-0.000306751
26.2463,0.000329488,8.1136e-05
26.2512,0.000144184,9.93929e-05
26.2561,-0.000220538,0.000110849
26.261,0.000430705,-0.000671148
26.2659,0.000831978,0.000541734
26.2708,9.93874e-05,0.000555551
26.2757,-0.000294128,0.000383356
26.2806,0.000193094,-0.00018783
26.2855,-0.000102275,0.000363183
26.2904,0.00072731,-0.000554771
26.2952,0.000598872,0.00173882
26.3001,-0.0011305,2.55318e-05
26.305,0.000559493,0.000344764
26.3099,-0.000879094,0.000527813
26.3148,-2.23312e-05,-0.000381656
26.3197,0.000204024,0.000345399
26.3246,-0.000280152,0.000715558
26.3295,-0.000958332,-3.07845e-05
26.3344,1.144e-05,-0.000515264
26.3393,0.0001235,0.000342947
26.3442,-0.00068519,0.000311229
26.3491,-0.000661585,-0.000539183
26.354,-0.000178822,-0.000655253
26.3589,0.000351947,-0.000971822
26.3637,0.00128889,6.72311e-05
26.3686,-1.6751e-05,0.00102392
26.3735,-0.000373756,-0.000307836
26.3784,0.000764181,0.000436771
26.3833,-0.00103632,0.000880053
26.3882,-0.000443444,-0.000965661
26.3931,0.000304179,2.56792e-05
26.398,1.50679e-05,-0.000148364
26.4029,-0.000154893,0.000286695
26.4078,-0.000179108,-0.000700835
26.4127,0.000666159,0.000201308
26.4176,-0.000223333,0.000125532
26.4225,0.000185281,0.000163247
26.4273,-0.000296348,3.06037e-05
26.4322,0.000183477,0.000140421
26.4371,-0.000611306,0.000252992
26.442,-0.000351155,-0.000543966
26.4469,0.00015635,-0.000429423
26.4518,0.000226926,9.11566e-05
26.4567,-0.000477456,-0.000121217
26.4616,0.000200752,-0.000760777
26.4665,0.000479931,2.98496e-05
26.4714,3.13053e-05,-0.000103617
26.4763,0.000369318,2.2616e-07
26.4812,-0.000152928,0.000155766
26.4861,0.000142779,-0.000299905
26.491,4.81803e-05,0.000273858
26.4958,-0.000433568,-0.000288206
26.5007,2.90457e-05,-0.000681579
26.5056,0.0005843,-0.000583815
26.5105,0.000510479,-9.83202e-05
26.5154,0.00078686,-0.000467395
26.5203,0.00130506,0.000757125
26.5252,-0.000196254,0.00120902
26.5301,-0.00059213,5.89148e-05
26.535,0.00027763,-0.000103723
26.5399,-0.000301325,0.000641982
26.5448,-0.000534531,-0.000769772
26.5497,0.000923034,-0.000154431
26.5546,-2.18457e-05,0.000495268
26.5595,8.65209e-05,0.000113976
26.5643,-0.00025732,0.000352204
26.5692,-0.000414054,-0.000112446
26.5741,-0.000208917,-0.000462324
26.579,0.00030317,-0.000231549
26.5839,-0.00025098,-9.5429e-05
26.5888,0.000278049,-0.000669095
26.5937,0.000293821,7.26551e-05
26.5986,-3.08892e-05,-0.000617243
26.6035,0.00100313,-0.000521651
26.6084,0.00101991,0.000510761
26.6133,4.61527e-05,0.00091331
26.6182,-0.000427599,8.79525e-05
26.6231,-9.41773e-05,-0.000120163
26.628,6.04217e-06,-0.00041817
26.6328,0.000405297,-0.00017069
26.6377,0.000310906,-0.000343802
26.6426,0.000869851,0.000253441
26.6475,-0.000222141,0.000257893
26.6524,0.000702144,-0.000354562
26.6573,0.000251467,0.000657184
26.6622,0.000167107,-0.000359873
26.6671,0.000956608,0.000472111
26.672,-5.61978e-05,0.000887629
26.6769,-0.000337163,0.000118357
26.6818,0.000211811,2.43276e-05
26.6867,-1.57487e-05,0.000288061
26.6916,0.000109767,4.74423e-05
26.6965,-9.4473e-06,0.000263813
26.7013,0.000115998,6.31498e-05
26.7062,-0.000201816,0.00040953
26.7111,-0.000233815,-0.000373318
26.716,0.000271769,2.09507e-05
26.7209,-3.64942e-05,-0.000222248
26.7258,0.000670526,1.03102e-05
26.7307,-3.71417e-05,0.00064432
26.7356,-0.000338744,-0.000206882
26.7405,0.000398417,-0.000161094
26.7454,9.10208e-05,0.000302928
26.7503,-2.37047e-05,-4.63252e-05
26.7552,8.50533e-05,0.000127699
26.7601,-0.000218442,-0.000125032
26.7649,0.000251083,-0.000345002
26.7698,0.00013122,-9.98463e-06
26.7747,0.000289854,-0.000527815
26.7796,0.000790769,7.38217e-05
26.7845,0.000417967,7.09358e-05
26.7894,0.000684911,0.000554324
26.7943,-0.000286659,0.000284505
26.7992,0.000695237,-0.000126766
26.8041,0.000241869,0.000783591
26.809,-7.83246e-05,0.00024579
26.8139,8.01804e-05,1.19438e-06
26.8188,0.000750959,0.00042757
26.8237,-0.000449333,0.00100091
26.8286,-0.000243109,-0.000213033
26.8335,2.47649e-05,0.000414808
26.8383,-0.000262074,2.38352e-05
26.8432,-5.23947e-05,-2.19275e-05
26.8481,0.000287543,0.000124653
26.853,-0.000461991,0.000512432
26.8579,-0.000262076,-0.000585094
26.8628,0.000286891,-7.17824e-05
26.8677,0.000329023,-7.45823e-05
26.8726,4.71363e-05,0.000531651
26.8775,-0.000343333,-0.000197239
26.8824,0.000163489,-0.000253565
26.8873,0.000539094,-6.21974e-05
26.8922,-5.30801e-05,0.000638065
26.8971,-0.000197484,-0.000450817
26.9019,0.000463776,0.000239165
26.9068,-0.000193277,1.23248e-05
26.9117,0.000134648,6.91899e-06
26.9166,1.08178e-06,-0.000348488
26.9215,0.000743694,-5.36315e-05
26.9264,0.000443951,0.00049242
26.9313,-8.38879e-05,0.000873109
26.9362,-0.000952374,-9.6758e-05
26.9411,0.000208338,-0.000635997
26.946,3.68188e-07,-6.93515e-05
26.9509,0.000408386,-0.000740014
26.9558,0.00101132,0.000266375
26.9607,0.000131643,0.000500317
26.9656,0.000119721,0.000244056
26.9704,-0.000132295,5.39936e-05
26.9753,0.000253155,-0.000133895
26.9802,9.97449e-05,-0.000142906
26.9851,0.000824744,-0.000232838
26.99,0.000525696,0.000479217
26.9949,0.00075767,0.000305624
26.9998,0.00019003,0.00120865
27.0047,-0.000283318,0.000380132
27.0096,-0.000255396,0.000573092
27.0145,-0.000234408,-0.000236547
27.0194,0.000390833,0.000463209
27.0243,-0.000364675,0.000431054
27.0292,-0.000266257,0.000171708
27.034,-0.000206862,-2.64329e-05
27.0389,-0.000209065,0.00016218
27.0438,-0.000271247,-0.000314579
27.0487,0.000128212,-0.000122159
27.0536,9.72982e-05,-0.000113594
27.0585,-9.96229e-05,9.41815e-05
27.0634,0.000148307,-0.000641996
27.0683,0.000679249,0.000381641
27.0732,-0.000254888,-3.31024e-05
27.0781,0.000599412,5.48795e-05
27.083,-0.000193831,0.00033332
27.0879,0.000209763,-0.000165343
27.0928,7.12465e-05,0.000287005
27.0977,-0.000158725,-0.000185642
27.1026,0.000549948,-0.000322812
27.1074,0.000427862,0.000651819
27.1123,-0.000326971,2.26622e-05
27.1172,0.000367664,0.000137617
27.1221,-0.000460702,8.08776e-05
27.127,0.0004128,-0.000600693
27.1319,0.000489025,0.000284727
27.1368,0.000184813,0.00010849
27.1417,0.000159681,0.000172153
27.1466,0.000166553,-9.51799e-05
27.1515,0.000627563,8.10389e-05
27.1564,0.000255331,0.000862931
27.1613,-0.000766962,2.25447e-05
27.1662,0.000664911,-0.000671694
27.171,0.000495155,0.00084265
27.1759,-0.000312613,6.83755e-06
27.1808,0.000419868,0.000118906
27.1857,-6.05726e-05,0.000320977
27.1906,-0.000101625,8.76337e-06
27.1955,0.000190254,-0.000376138
27.2004,0.000704727,0.000312538
27.2053,-0.000176144,0.000280343
27.2102,0.000456164,-1.00912e-05
27.2151,-0.000164477,0.000375906
27.22,0.000384857,-0.000493322
27.2249,0.000638084,0.00064306
27.2298,-0.000226888,0.00011999
27.2347,0.000686998,-0.000100024
27.2395,0.00043226,0.000872897
27.2444,-0.000325819,0.000372015
27.2493,0.000104084,0.000185178
27.2542,-0.00025335,1.58023e-05
27.2591,0.000624901,-0.000197328
27.264,0.000186736,0.000576973
27.2689,0.000369794,1.33099e-05
27.2738,0.000204585,0.000821719
27.2787,-0.000139498,7.19042e-05
27.2836,0.000241696,0.000504992
27.2885,-0.000244951,0.000150306
27.2934,0.000301047,0.000120626
27.2983,0.000163028,0.000482251
27.3032,-0.000289753,0.000452702
27.308,-0.000140371,-0.000202907
27.3129,0.000206115,0.000126832
27.3178,0.000220809,-0.000232849
27.3227,0.000985432,0.000548
27.3276,-0.000296328,0.00121847
27.3325,-0.000769338,-2.51251e-05
27.3374,0.000144567,-0.000424974
27.3423,0.000502321,1.61328e-05
27.3472,0.000621619,0.000315739
27.3521,0.000444989,0.000787567
27.357,1.81617e-06,0.000922924
27.3619,-0.000399019,0.00057055
27.3668,2.24789e-05,0.00048859
27.3717,-0.000623402,0.00080194
27.3765,-0.000535143,8.87297e-05
27.3814,-0.00080055,0.000194605
27.3863,-0.000150697,-0.000890056
27.3912,0.000462123,0.000410287
27.3961,-0.00041217,-4.40177e-05
27.401,0.000308386,7.6928e-05
27.4059,-0.000185303,0.000322033
27.4108,-0.00031571,0.000104534
27.4157,-0.000153031,-0.000393792
27.4206,0.000342431,1.23394e-05
27.4255,4.13706e-05,5.818e-05
27.4304,0.000110986,7.08266e-05
27.4353,0.000332243,-8.74473e-05
27.4402,0.000261511,0.000634246
27.445,-0.000107865,-2.90575e-06
27.4499,0.000341168,0.00070957
27.4548,-0.000640439,0.000211927
27.4597,9.0866e-05,0.000306014
27.4646,-0.000973266,-1.75723e-05
27.4695,0.000245851,-0.000768157
27.4744,0.000207738,-2.77123e-05
27.4793,0.000368881,-0.000145732
27.4842,0.00027688,-0.000139135
27.4891,0.00107824,0.000269857
27.494,-0.000123037,0.00104798
27.4989,4.42369e-05,8.5067e-07
27.5038,8.62786e-06,0.000714559
27.5086,-0.000291251,-0.000123111
27.5135,0.000607772,0.000137554
27.5184,0.000195409,0.00107794
27.5233,-0.00108976,0.000408918
27.5282,0.000294475,-0.000819499
27.5331,0.000684684,0.00109364
27.538,-0.000977366,0.00063597
27.5429,-0.00041932,-0.000450413
27.5478,0.000473915,-0.0001672
27.5527,0.000124692,0.000734609
27.5576,-0.000387554,0.000145266
27.5625,-3.0834e-05,0.000267106
27.5674,-0.00028624,2.05407e-06
27.5723,0.000244753,0.000273716
27.5771,-0.000553666,0.000441717
27.582,-0.000222036,-0.00036332
27.5869,0.000245458,0.000174823
27.5918,-0.000274636,0.00034737
27.5967,-0.000326457,-4.50895e-05
27.6016,-0.000248112,-0.000157121
27.6065,5.56924e-05,-0.000487926
27.6114,0.000603241,-0.00014333
27.6163,0.000621061,0.000427334
27.6212,-3.31804e-05,0.000911538
27.6261,-0.000544796,0.00020715
27.631,-0.00018742,9.56446e-06
27.6359,-3.17786e-05,-0.000201646
27.6408,0.000298748,0.000212039
27.6456,-2.33368e-05,0.000138486
27.6505,0.000261742,0.000338926
27.6554,-0.000114516,0.000364548
27.6603,3.09956e-06,0.000378912
27.6652,-7.55867e-05,0.000359415
27.6701,-0.000443801,0.000950343
27.675,-0.00140894,-0.000539381
27.6799,0.000640259,-0.00081503
27.6848,0.0001431,0.000285348
27.6897,0.000403559,7.99051e-05
27.6946,-4.89256e-05,0.000593465
27.6995,-0.000118064,0.000411969
27.7044,-0.000659293,0.000150998
27.7093,0.000159505,-0.000207498
27.7141,-0.000168757,0.000278973
27.719,0.000142456,0.000348305
27.7239,-0.00117649,0.000214599
27.7288,0.000510233,-0.00120217
27.7337,0.000444466,0.000936048
27.7386,-0.0002248,-0.000204819
27.7435,0.000392051,0.000596978
27.7484,-0.000285622,0.000408205
27.7533,-0.000286193,0.000503263
27.7582,-0.000391614,0.000139165
27.7631,-0.000506869,0.000360904
27.768,-0.00047066,-0.000297249
27.7729,-0.000176379,7.57337e-05
27.7778,-0.000220124,-0.000101456
27.7826,-0.00053117,8.47435e-05
27.7875,0.000110696,-0.000876683
27.7924,0.000552627,0.000789494
27.7973,-0.000855655,0.000134435
27.8022,-0.000179527,-9.68205e-05
27.8071,-0.000446361,-0.000545688
27.812,0.000888904,-0.000334009
27.8169,0.000330553,0.00112708
27.8218,-0.00117287,0.000752618
27.8267,-0.000791367,-0.000840236
27.8316,0.000250654,-0.000117144
27.8365,-0.000289993,-0.00020972
27.8414,0.000463062,0.000224877
27.8462,-0.000767203,0.000703063
27.8511,-0.000771539,-0.000345129
27.856,-0.000446454,-0.000310784
27.8609,-0.000391637,-0.000392259
27.8658,-0.000367417,-0.000566407
27.8707,0.000148319,-0.000619426
27.8756,4.90322e-05,-0.000100503
27.8805,-0.000121531,-0.000340882
27.8854,-9.58471e-05,-0.000256782
27.8903,0.000102516,-0.000654136
27.8952,0.000438383,0.000253977
27.9001,-0.000780787,-0.000279056
27.905,0.00057402,-0.000715072
27.9099,-0.000287066,0.000302523
27.9147,-0.000188623,-0.00100296
27.9196,0.00050388,-0.000552429
27.9245,0.000776761,-0.000186367
27.9294,-0.000256822,0.000341082
27.9343,0.000287267,-0.00111919
27.9392,0.000738099,0.000359705
27.9441,-3.6177e-06,-0.000678097
27.949,0.00128103,2.30985e-05
27.9539,0.000472797,0.000468849
27.9588,0.00038415,0.000892594
27.9637,-0.000797775,0.000285743
27.9686,7.72034e-05,-0.000416656
27.9735,0.000102377,-0.000107661
27.9784,0.000499926,-0.000103173
27.9832,0.000210751,0.000561674
27.9881,-0.000501684,0.000156493
27.993,-0.000107517,-0.000577272
27.9979,0.000532009,-0.000340763
28.0028,0.000629226,0.000305536
28.0077,-0.000279752,0.000344179
28.0126,0.000546459,-0.000359472
28.0175,-6.58574e-05,0.00115767
28.0224,-0.000772635,-0.000789546
28.0273,0.000709736,0.000186166
28.0322,-0.000690547,-0.000301796
28.0371,0.000832911,-0.000317072
28.042,-0.000421447,8.92427e-05
28.0469,0.000739051,-0.000748956
28.0517,0.00038822,0.000371484
28.0566,0.000555347,-0.000216396
28.0615,0.00037466,0.000711955
28.0664,-0.000242513,-5.80501e-06
28.0713,0.000227235,-0.000174988
28.0762,0.000457247,-0.000205482
28.0811,0.000717872,0.000224725
28.086,0.000424303,0.000456546
28.0909,0.0003061,0.000519693
28.0958,7.88083e-05,0.000505978
28.1007,1.18902e-05,0.000506425
28.1056,-0.000412555,0.000244841
28.1105,0.00026743,-0.000363554
28.1154,0.000624546,0.000660895
28.1202,-0.00022387,0.00069954
28.1251,-0.000298118,0.000421797
28.13,-0.000438332,0.000204723
28.1349,-0.000479809,-0.000171094
28.1398,0.000400169,-0.000599308
28.1447,0.000552619,0.000839637
28.1496,-0.000562867,0.000180484
28.1545,0.000291434,0.000356006
28.1594,-0.00078302,0.000366549
28.1643,-2.32582e-05,-0.000191777
28.1692,-0.000560974,0.000276654
28.1741,-0.000322272,-0.000460348
28.179,-0.000334075,-0.000277467
28.1838,0.000175171,-0.000849556
28.1887,0.000643914,-2.14431e-05
28.1936,6.36769e-06,0.000280851
28.1985,-0.000445507,-0.000425682
28.2034,0.000684379,-0.000954551
28.2083,0.000976157,6.99004e-05
28.2132,0.000928735,0.000181225
28.2181,0.000748928,0.00109098
28.223,-0.000304527,0.00100049
28.2279,-0.000632953,0.000191681
28.2328,0.000290669,-0.000276817
28.2377,0.000147455,0.000871535
28.2426,-0.000554105,-2.54152e-05
28.2475,0.000274238,0.000283063
28.2523,-0.000623927,0.000335757
28.2572,-0.000295349,-0.000332211
28.2621,7.44921e-05,-0.000533467
28.267,0.000927566,0.000157601
28.2719,-0.000268025,0.000872514
28.2768,-0.000313139,-0.000204259
28.2817,0.0001778,6.98564e-06
28.2866,0.00031722,0.00034753
28.2915,-0.000522421,0.000675758
28.2964,-0.000397297,-0.00044882
28.3013,0.000161505,0.000203767
28.3062,-0.000327361,-3.35654e-05
28.3111,-0.000136651,0.000146875
28.316,-0.000576081,-0.000608115
28.3208,0.000985523,-0.000450757
28.3257,-8.63064e-05,0.000928913
28.3306,-0.000479207,-0.000541265
28.3355,0.000571581,9.1777e-05
28.3404,-0.000577531,0.00022187
28.3453,0.000154138,-0.000796354
28.3502,0.000540011,0.000229641
28.3551,-1.97942e-05,-5.70054e-05
28.36,0.000358361,0.000190641
28.3649,-0.000177717,-3.4082e-05
28.3698,0.000567194,7.68275e-05
28.3747,-0.00043812,0.000389711
28.3796,0.00040356,-0.000641988
28.3845,0.000452157,0.000918534
28.3893,-0.000828696,5.75604e-06
28.3942,0.000249698,-0.00072636
28.3991,0.000935235,0.000202853
28.404,-0.000285811,0.000910555
28.4089,-0.000288942,-0.000697036
28.4138,0.000913859,0.000292098
28.4187,-0.00011259,0.000514854
28.4236,2.48621e-05,0.00049295
28.4285,-0.000666404,7.98674e-05
28.4334,5.56895e-05,-0.00027533
28.4383,-0.000113821,-0.000266368
28.4432,0.000787203,-0.000207269
28.4481,0.000170007,0.0006839
28.453,1.01432e-05,3.54398e-05
28.4578,0.000288991,0.000381014
28.4627,-8.1523e-06,0.000485
28.4676,-6.99639e-05,0.000592103
28.4725,-0.000889722,0.000731001
28.4774,-0.00107986,-0.000805936
28.4823,0.000322131,-0.000680314
28.4872,0.000159391,-0.000417813
28.4921,0.000695994,2.87965e-05
28.497,2.80256e-05,-3.69477e-05
28.5019,0.00104252,0.000370764
28.5068,-0.000569097,0.00103466
28.5117,-5.52933e-05,-9.52419e-05
28.5166,-0.000568389,0.000572341
28.5215,-0.000233489,-0.000422844
28.5263,-0.000508201,0.000316252
28.5312,-0.000459111,-0.00101774
28.5361,0.00034732,-0.00051157
28.541,0.000626417,-0.000753761
28.5459,0.00107886,0.000253843
28.5508,0.000694979,0.000548541
28.5557,-0.000111222,0.00132633
28.5606,-0.00106773,-0.000313211
28.5655,0.000657111,-0.000472207
28.5704,0.000137886,0.000470225
28.5753,0.000127766,-0.000142176
28.5802,0.000552935,0.000448311
28.5851,-0.000184156,0.000632879
28.59,-0.000167172,0.000211843
28.5948,-0.000138351,0.000250062
28.5997,-0.000214065,0.000365336
28.6046,-0.000644728,-0.000148514
28.6095,0.000339117,-0.000268048
28.6144,-0.000378687,0.000337418
28.6193,1.06692e-05,-0.00055975
28.6242,0.000126999,2.89474e-05
28.6291,0.000508122,-0.000356206
28.634,0.000417733,0.000676322
28.6389,5.32046e-05,0.000192358
28.6438,-2.68293e-05,0.000656592
28.6487,-0.000122394,-2.50345e-06
28.6536,6.61573e-05,0.000779828
28.6584,-0.000677787,0.000213804
28.6633,-0.000265773,0.000161785
28.6682,-0.000283499,9.6533e-05
28.6731,-0.00070828,0.000615586
28.678,-0.00128357,-0.00081261
28.6829,6.70233e-05,-0.000872173
28.6878,1.59652e-05,-0.000794702
28.6927,0.000908527,-0.000334442
28.6976,0.000179184,0.000453026
28.7025,-0.000150747,0.000130283
28.7074,-0.000424065,-3.19982e-05
28.7123,-0.000339075,-0.000725671
28.7172,0.000685762,-0.000688111
28.7221,0.000264115,0.000411358
28.7269,-0.000334705,-0.000713785
28.7318,0.00104615,-0.00060514
28.7367,0.000776762,0.000317073
28.7416,0.000429641,0.000408255
28.7465,0.000169392,0.000286411
28.7514,0.000251134,0.00022473
28.7563,0.000280534,0.0002955
28.7612,3.66424e-05,0.000658439
28.7661,-0.000608942,9.44903e-05
28.771,0.000118903,-0.000556313
28.7759,0.000694725,0.000170174
28.7808,-0.000144815,0.000604397
28.7857,-0.000172881,-0.000418937
28.7906,0.000755985,8.60906e-06
28.7954,0.000332148,0.000564181
28.8003,3.8809e-05,0.000570806
28.8052,-0.000196864,0.000285801
28.8101,6.58378e-05,0.000377797
28.815,-0.000595913,0.000402721
28.8199,-0.000265763,-0.000571398
28.8248,0.000542519,9.76925e-06
28.8297,3.05981e-05,0.000306034
28.8346,0.000160265,0.000215944
28.8395,-0.000113157,0.000308278
28.8444,6.33769e-05,0.000222242
28.8493,-0.000327204,0.000307793
28.8542,-4.44809e-05,-3.99596e-05
28.8591,-0.000265507,0.000111753
28.8639,0.000267169,-0.00020322
28.8688,-0.000130552,0.000489656
28.8737,-2.68686e-06,-0.000330758
28.8786,0.000217659,0.000384812
28.8835,0.000202912,1.1961e-05
28.8884,6.17122e-06,0.00101748
28.8933,-0.000749961,-0.000167581
28.8982,0.000322673,0.000315772
28.9031,-0.000770012,0.000267304
28.908,6.64987e-05,-0.000322504
28.9129,-1.69098e-05,0.000544351
28.9178,-0.000760943,0.000158939
28.9227,-0.000194711,-0.00035737
28.9276,-0.000380747,9.34963e-05
28.9324,-9.50323e-07,-0.000612179
28.9373,4.51393e-06,0.000597484
28.9422,-0.000781994,-0.000664151
28.9471,0.000527549,-0.000116555
28.952,-0.000578958,-7.2655e-05
28.9569,8.98537e-05,-0.000567162
28.9618,0.000208377,-0.000593549
28.9667,0.000984625,2.73609e-05
28.9716,0.00017746,0.000548296
28.9765,1.35736e-05,0.000562395
28.9814,-0.000556218,-5.23889e-05
28.9863,0.000446997,0.00015665
28.9912,-0.00076729,0.000500009
28.996,-0.000268982,-0.000435999
29.0009,-0.000350782,-0.000229022
29.0058,0.000337841,-0.000521398
29.0107,5.28224e-05,0.000174363
29.0156,0.000246625,-0.000190073
29.0205,-5.83963e-05,0.000492111
29.0254,-0.000425757,-0.000255421
29.0303,0.000232986,-0.000317659
29.0352,0.000293538,0.00045434
29.0401,-0.000933097,0.000188121
29.045,4.4108e-05,-0.000967576
29.0499,0.000329983,0.000192533
29.0548,-0.000105267,-0.00022601
29.0597,0.000159334,0.000157625
29.0645,-0.000466454,-1.99598e-05
29.0694,-0.00024119,-0.000664817
29.0743,0.000560668,-0.000503348
29.0792,0.000178469,0.000166671
29.0841,0.000131702,-0.000263605
29.089,1.73751e-05,-3.98092e-05
29.0939,0.000532065,-0.000579846
29.0988,0.000526108,0.000835414
29.1037,-0.000733484,-8.62448e-05
29.1086,0.000128695,-0.000506769
29.1135,0.000458886,-0.000653948
29.1184,0.00116316,0.000509717
29.1233,-0.000376822,0.000766907
29.1282,-0.000272798,-1.21842e-05
29.133,-0.000273892,-0.000415583
29.1379,0.000609635,-0.000135918
29.1428,-0.000369237,0.000147442
29.1477,0.000426716,-0.000734403
29.1526,0.000528788,0.000295799
29.1575,0.000117552,-4.26399e-05
29.1624,0.000330274,-0.000102292
29.1673,0.000710322,5.96717e-05
29.1722,0.000310084,0.00072446
29.1771,-0.00010665,0.000241342
29.182,0.00011582,0.000302003
29.1869,-0.000281265,0.000153213
29.1918,0.000290688,-0.000349775
29.1967,0.000506229,0.000642918
29.2015,-0.00033358,0.000191409
29.2064,0.000451502,0.000451168
29.2113,-0.00098411,0.000587097
29.2162,-0.000134813,-0.000838654
29.2211,0.000262384,5.16211e-05
29.226,0.000277402,-0.000256896
29.2309,0.000493258,0.000308744
29.2358,0.000315115,0.000449344
29.2407,-0.000154454,0.000718364
29.2456,-0.000171855,0.00021433
29.2505,-0.000267982,0.000745777
29.2554,-0.00107137,0.000121729
29.2603,-0.000456825,-0.000745382
29.2651,0.000319383,-0.000216168
29.27,-0.000309111,6.77482e-05
29.2749,-1.5507e-05,-0.000415661
29.2798,0.000158293,-0.000246921
29.2847,0.000602585,0.00028546
29.2896,-0.000868284,0.000593581
29.2945,-0.000112675,-0.000979929
29.2994,0.000196788,0.000282657
29.3043,-0.000209468,-0.000559664
29.3092,0.000422591,-2.57894e-06
29.3141,1.81684e-05,-5.7556e-05
29.319,-7.42882e-05,6.01233e-05
29.3239,1.14193e-05,-0.00054153
29.3288,0.000413394,-0.000204588
29.3336,0.000894531,-0.000185917
29.3385,0.000288628,0.00139805
29.3434,-0.00105257,-0.000207192
29.3483,0.000392342,-0.00021527
29.3532,-0.000250465,-4.16673e-05
29.3581,0.000320507,-0.000133813
29.363,-0.000135413,-3.6451e-05
29.3679,0.000497881,-0.000309019
29.3728,0.000446139,0.000539977
29.3777,-0.000384998,0.000479082
29.3826,-0.00032298,-0.000319937
29.3875,0.000171371,-0.000234472
29.3924,0.000438096,-0.000130663
29.3973,0.000279363,0.00056637
29.4021,-0.000129164,0.000256804
29.407,-0.000467952,0.000563602
29.4119,-0.000665941,-0.000851745
29.4168,0.000720481,-4.77547e-05
29.4217,-0.000415353,-7.1772e-05
29.4266,0.00066512,-8.19312e-05
29.4315,-0.000499315,0.000441193
29.4364,7.47254e-05,-0.000354332
29.4413,-0.000515771,0.000158694
29.4462,4.6746e-05,-0.00107869
29.4511,0.000620141,9.72705e-05
29.456,-0.000134928,-0.000358942
29.4609,0.000857268,-0.000403278
29.4658,0.000502479,0.000626358
29.4706,-0.000254256,2.50027e-05
29.4755,0.000542334,-0.000167498
29.4804,0.000165528,0.000474977
29.4853,-6.98696e-06,6.60802e-05
29.4902,-0.000165764,9.01419e-05
29.4951,0.00012958,-0.000622634
29.5,0.000875533,-8.69183e-05
29.5049,0.000729108,0.000321129
29.5098,0.00066832,0.000823205
29.5147,-3.15305e-05,0.00107031
29.5196,-0.000530855,0.000574051
29.5245,-4.28271e-05,0.000222089
29.5294,-0.000378854,0.000880848
29.5343,-0.000690777,2.66724e-05
29.5391,-0.00038288,0.000665739
29.544,-0.00157105,-0.000329
29.5489,4.50876e-05,-0.000923878
29.5538,-0.000403023,-0.000142346
29.5587,0.000205333,-0.000870673
29.5636,0.000321751,0.000363835
29.5685,-0.000633123,-0.000156352
29.5734,1.09785e-06,-0.000668371
29.5783,0.000298638,-0.000274789
29.5832,0.000268257,-3.19902e-05
29.5881,-0.00014705,0.000304742
29.593,-0.000557671,-0.000466852
29.5979,0.000163522,-0.000552349
29.6027,8.08524e-05,-0.000623748
29.6076,0.000905626,-0.000247831
29.6125,-1.9523e-06,0.00039687
29.6174,-3.12452e-06,-0.000337525
29.6223,0.000266506,-0.000315842
29.6272,0.000675072,0.000200555
29.6321,-0.000600425,0.000409552
29.637,1.5607e-05,-0.000950377
29.6419,0.000575724,-2.91852e-05
29.6468,0.000179482,-0.000112032
29.6517,0.000247195,-6.38077e-05
29.6566,0.000203064,-8.57372e-05
29.6615,0.000152355,-0.000323139
29.6664,0.000863321,-0.000124157
29.6712,0.00024449,0.000558485
29.6761,4.03463e-05,0.000191832
29.681,-0.000323561,-0.0001618
29.6859,0.000831362,-0.000494047
29.6908,0.000353659,0.000691625
29.6957,0.000307384,0.000220281
29.7006,-0.000563343,0.00090692
29.7055,-0.000552221,-0.000961851
29.7104,0.000748567,1.90517e-05
29.7153,-0.000227945,0.000327607
29.7202,-0.000539576,-0.000270371
29.7251,0.000206516,-0.00103543
29.73,0.000745036,-0.000194068
29.7349,0.000578145,-0.000220203
29.7397,0.000666539,0.000282269
29.7446,0.000421565,0.000270523
29.7495,0.000103776,0.000627571
29.7544,-0.000356786,7.33632e-05
29.7593,-0.00016287,-0.000429855
29.7642,0.000768789,-0.000442862
29.7691,0.000317094,0.000412768
29.774,0.000559077,-0.000117348
29.7789,5.00852e-05,0.000786359
29.7838,0.000199612,-0.000463729
29.7887,0.000485264,0.00110234
29.7936,-0.000816775,7.43676e-06
29.7985,-0.000101701,9.9733e-05
29.8034,-0.000609879,-0.000893556
29.8082,0.00117203,-0.000616719
29.8131,0.000475425,0.00054478
29.818,-0.000161915,0.000186027
29.8229,0.000199618,-0.000577399
29.8278,0.000712562,0.000293778
29.8327,-9.10845e-05,-0.000111757
29.8376,0.000846347,-0.000105593
29.8425,0.000371362,0.000549056
29.8474,1.15608e-05,0.000274054
29.8523,0.000245857,-0.000180876
29.8572,0.000704954,0.000402925
29.8621,8.86779e-05,0.000733001
29.867,-0.000507742,0.000488132
29.8719,-0.000316814,-0.000541421
29.8767,0.000471485,-5.76936e-05
29.8816,7.50829e-05,-5.85965e-05
29.8865,0.00042066,-1.34458e-05
29.8914,0.000335575,8.32144e-05
29.8963,0.000332752,0.000294236
29.9012,0.000276084,0.000213643
29.9061,-0.000141336,0.000596248
29.911,-0.000238336,-0.000744167
29.9159,0.00136267,0.000137653
29.9208,7.94814e-06,0.00110881
29.9257,-0.000367811,0.000217164
29.9306,-3.12284e-05,-2.6951e-05
29.9355,3.13318e-05,0.000191959
29.9403,-0.000137074,-0.000128926
29.9452,0.000301913,-0.000163146
29.9501,0.000395109,0.000170966
29.955,-6.4801e-05,0.000244668
29.9599,0.000444562,-0.000212279
29.9648,6.67708e-05,0.000825704
29.9697,-0.000369019,-0.000574983
29.9746,0.000787134,0.000268975
29.9795,-0.000426094,2.1126e-05
29.9844,0.000658585,-0.000429324
29.9893,0.000648057,0.000183183
29.9942,0.00068927,0.000636093
29.9991,-6.81789e-05,0.000622914
30.004,0.000153683,0.000479565
30.0089,-0.000518302,0.000540658
30.0137,-0.000548415,-0.000418297
30.0186,0.000420926,-0.000857882
30.0235,0.00109774,6.56498e-06
30.0284,0.000870308,0.000422717
30.0333,0.000604775,0.00110383
30.0382,-7.2717e-05,0.000556085
30.0431,0.000583467,0.00111826
30.048,-0.00117313,0.00134508
30.0529,-0.000969949,-0.000403747
30.0578,-0.000144532,-0.000169867
30.0627,-0.000321248,-0.000387612
30.0676,0.000784703,-0.000541463
30.0725,0.000560975,0.00111858
30.0773,-0.000998377,0.000247914
30.0822,7.43035e-05,-0.000821998
30.0871,0.000975293,-0.000152781
30.092,0.000747082,0.000824181
30.0969,0.00017362,0.00100329
30.1018,-0.000841174,0.00107014
30.1067,-0.000603702,-0.000756876
30.1116,0.000753396,0.000736507
30.1165,-0.00128199,0.000388458
30.1214,0.000168191,-0.000512294
30.1263,-0.000536088,0.000191803
30.1312,0.000433056,-0.000972871
30.1361,0.000888535,0.00101836
30.141,-0.00106172,0.000587924
30.1458,-0.000172315,-0.00065515
30.1507,3.6739e-05,7.13067e-05
30.1556,0.0001723,-0.000489122
30.1605,0.000419998,0.000637993
30.1654,-0.000750587,-0.000325268
30.1703,0.000924025,-0.000424159
30.1752,-1.58789e-05,0.00062291
30.1801,0.000142343,-0.000451039
30.185,0.000872038,0.000457523
30.1899,-0.000312594,0.000999524
30.1948,-0.000681483,-0.00029765
30.1997,0.000412262,-0.000326569
30.2046,0.000293227,0.000305855
30.2095,-0.000239348,0.000260735
30.2143,0.000120637,-0.000558642
30.2192,0.000644193,0.000435186
30.2241,-0.000125554,-0.000210932
30.229,0.00121943,0.000519943
30.2339,-0.000786846,0.000973543
30.2388,0.000231936,-0.000570409
30.2437,0.000266408,0.000615524
30.2486,0.000404713,1.25703e-05
30.2535,0.000249907,0.00136728
30.2584,-0.00103096,0.000332626
30.2633,-9.29929e-05,-1.45117e-05
30.2682,-0.000464327,0.000182432
30.2731,-0.000249127,-0.000277125
30.278,6.05123e-05,-0.000326218
30.2828,0.000559765,8.93036e-05
30.2877,-0.000176957,0.00062799
30.2926,-0.000365063,-0.000131751
30.2975,-0.000142146,-0.000113548
30.3024,-3.27905e-07,-0.000555228
30.3073,0.000679135,-0.000310893
30.3122,0.000666632,0.000204145
30.3171,0.000446223,0.000318086
30.322,0.000621649,0.000596592
30.3269,-0.000334271,0.00087807
30.3318,-4.86328e-05,-0.000273635
30.3367,0.000426212,0.000474625
30.3416,0.000195432,0.000252044
30.3465,0.000192825,0.000708945
30.3513,0.000308587,0.000221089
30.3562,0.00024683,0.00166281
30.3611,-0.00131035,0.000466514
30.366,-0.000136548,0.00027496
30.3709,-0.000797296,0.000142725
30.3758,-1.59066e-05,0.000260059
30.3807,-0.00108692,1.2222e-05
30.3856,0.000426658,-0.00058144
30.3905,-0.00028486,0.000832073
30.3954,-0.000654816,-0.000470082
30.4003,0.000266916,-0.000148506
30.4052,-0.000131048,0.000168209
30.4101,-1.85515e-05,-0.000104755
30.4149,-2.51447e-05,8.98805e-05
30.4198,0.000442631,-0.000246465
30.4247,0.000558237,0.00143553
30.4296,-0.00168208,0.00070852
30.4345,-0.000497708,-0.000665793
30.4394,-0.000582476,-7.78362e-05
30.4443,-0.000278873,-0.000955204
30.4492,0.000603108,-0.000461811
30.4541,0.000478343,0.000244267
30.459,-8.29139e-05,0.000403777
30.4639,-0.0003786,-1.15738e-05
30.4688,9.73921e-05,-0.000382606
30.4737,0.000160655,0.000297736
30.4786,-0.000295212,-0.000276154
30.4834,0.000381162,-1.89921e-05
30.4883,-0.000201877,-0.00014696
30.4932,0.000656974,-0.000223476
30.4981,0.000250538,0.000380185
30.503,0.000303828,0.000309547
30.5079,-0.000199301,0.000370981
30.5128,0.000224686,-1.70238e-05
30.5177,4.66738e-05,0.000499281
30.5226,-5.98105e-05,0.000131867
30.5275,9.26118e-05,0.000342588
30.5324,-0.000157275,0.000414282
30.5373,-0.000332465,0.000142179
30.5422,-6.60213e-05,-2.73378e-05
30.5471,7.08135e-05,8.96422e-06
30.5519,0.000373749,0.000284621
30.5568,-3.00785e-05,0.000819667
30.5617,-0.000685903,0.000407941
30.5666,-6.56064e-05,-0.000131362
30.5715,-0.00013494,0.000916006
30.5764,-0.00119116,0.000126124
30.5813,-0.0004939,-0.000306055
30.5862,-0.000525633,-0.000549787
30.5911,0.000266291,-0.000371889
30.596,-6.49096e-05,-0.000170965
30.6009,0.000568155,0.000104358
30.6058,-0.000434606,0.00076567
30.6107,-0.000695171,-0.00018349
30.6156,-0.000190039,-0.000415741
30.6204,5.55374e-05,0.000126034
30.6253,-0.000683727,-0.000225538
30.6302,0.000274353,-0.000387615
30.6351,-0.000659518,0.000106148
30.64,3.06593e-05,-0.00122078
30.6449,0.00074812,-6.77086e-05
30.6498,0.000296439,2.05193e-05
30.6547,0.000139997,0.000431434
30.6596,-0.00043879,-0.000150063
30.6645,0.00037494,-0.000390194
30.6694,0.000274862,0.000391181
30.6743,-0.000316138,0.000155967
30.6792,-0.000265928,-0.000157755
30.6841,-7.92675e-05,-0.000617291
30.6889,0.000786504,-0.000194926
30.6938,-5.00862e-06,0.000481122
30.6987,-5.49063e-05,-0.000404375
30.7036,0.000630596,-5.13773e-06
30.7085,0.000222027,0.000413843
30.7134,0.000117086,0.000257826
30.7183,-9.81408e-05,0.000505794
30.7232,-0.000424737,-6.94302e-05
30.7281,0.000155943,-7.08185e-05
30.733,-5.71869e-05,4.96116e-05
30.7379,0.000198471,0.00017939
30.7428,-0.000350464,0.000199028
30.7477,0.000102422,-5.47209e-05
30.7525,-0.00049246,0.00032999
30.7574,-0.000281908,-0.000716837
30.7623,0.000426283,-0.000137558
30.7672,4.09308e-05,2.56481e-05
30.7721,3.5527e-05,-6.50347e-05
30.777,0.000169052,-0.000184534
30.7819,0.000258264,0.000169576
30.7868,-0.000123593,-2.83555e-05
30.7917,0.000444992,-0.000143767
30.7966,8.38178e-05,0.000698215
30.8015,-0.000790189,-0.000293756
30.8064,0.000848844,-0.000800581
30.8113,0.000557423,0.00109884
30.8162,-0.000752518,-7.16658e-05
30.821,0.000684532,-2.84458e-05
30.8259,-0.000509369,0.000684445
30.8308,-0.000169732,-0.000392892
30.8357,-0.000244351,0.000102698
30.8406,0.000153692,-0.000622043
30.8455,0.00019784,0.000274011
30.8504,0.000328183,-0.000455271
30.8553,0.000346336,0.00119817
30.8602,-0.00142975,-0.000360469
30.8651,0.000491648,-0.000821798
30.87,-6.14829e-05,-0.000185267
30.8749,0.000446922,-0.000645939
30.8798,0.000688359,-0.000327857
30.8847,0.000969326,0.000222941
30.8895,0.000330462,0.000435742
30.8944,0.000385522,0.000355708
30.8993,0.000170671,0.000212078
30.9042,0.000430923,0.000483148
30.9091,-0.00012763,0.000262437
30.914,0.000388613,0.00026991
30.9189,-2.95862e-06,0.000227456
30.9238,0.000571805,0.000514832
30.9287,-0.000433395,0.000658033
30.9336,4.03672e-05,0.00012643
30.9385,-0.000386805,0.00027661
30.9434,0.00011323,-0.000276651
30.9483,0.000325283,-5.15496e-05
30.9532,0.000888552,0.000422087
30.958,2.67133e-05,0.000985937
30.9629,3.90953e-05,0.000721503
30.9678,-0.000612269,0.000624115
30.9727,0.000156504,0.000343315
30.9776,-0.000891091,0.00100881
30.9825,-0.000602585,-0.000405602
30.9874,-0.000153216,0.000344216
30.9923,-0.000525366,0.000123086
30.9972,-0.000648537,-0.000163176
31.0021,0.000180632,-0.000449592
31.007,-0.000190685,0.000404936
31.0119,-0.000138689,-0.000261752
31.0168,-0.000359442,0.000319717
31.0217,-0.000209837,-0.000838115
31.0265,0.000639466,0.000233999
31.0314,-0.000199015,1.73596e-05
31.0363,0.00057524,0.000290874
31.0412,-0.00057007,0.000862922
31.0461,-0.000672494,-0.000532786
31.051,0.00053978,-9.56195e-05
31.0559,-0.000362708,0.000516651
31.0608,-0.00020241,-0.000297243
31.0657,-4.87231e-05,6.83837e-05
31.0706,0.00014132,-0.000169326
31.0755,2.79748e-05,0.000448087
31.0804,-0.000231108,-7.08956e-05
31.0853,0.000120369,0.000215752
31.0901,-0.000165188,0.00033737
31.095,-0.000566005,0.000241901
31.0999,-0.000300747,-0.000385722
31.1048,-0.000138581,-8.80758e-05
31.1097,0.00028222,-0.000398293
31.1146,0.000112724,0.000744735
31.1195,-0.000565844,-0.000232934
31.1244,0.000107919,0.000338404
31.1293,-0.000897631,-0.000282293
31.1342,0.000322225,-0.000504437
31.1391,-0.000120026,-0.000104335
31.144,0.000460112,-0.000173174
31.1489,-4.94045e-05,0.00032385
31.1538,5.69592e-05,0.000132923
31.1586,-0.000600645,0.000171761
31.1635,5.09022e-05,-0.000693001
31.1684,0.000242341,0.000250376
31.1733,-0.00021446,-0.000298538
31.1782,0.00055703,-7.82524e-05
31.1831,-5.18789e-05,0.000553201
31.188,-0.000407,-0.000246313
31.1929,0.00039876,-0.000151699
31.1978,-0.000131838,0.000181585
31.2027,0.000376217,-0.000265034
31.2076,0.000159753,0.000711197
31.2125,-0.000516206,-3.19495e-05
31.2174,4.82709e-05,-0.000275148
31.2223,0.000485523,-0.000153211
31.2271,0.000265987,0.000771889
31.232,-0.000495112,2.85413e-05
31.2369,0.000263477,7.79653e-05
31.2418,-0.000128108,8.95548e-06
31.2467,0.000766222,0.000311747
31.2516,-0.000335026,0.00118861
31.2565,-0.000665372,0.00031273
31.2614,-0.000734498,0.000176853
31.2663,-0.000307232,-0.000326285
31.2712,-0.000238993,0.000232408
31.2761,-0.000457551,-0.00013044
31.281,-0.000325737,1.8682e-05
31.2859,-0.000458432,-0.000287422
31.2908,-0.000196481,-0.000229889
31.2956,-0.000257239,-0.000348757
31.3005,-3.09942e-05,-0.00030881
31.3054,-7.90938e-06,-0.000304174
31.3103,1.37043e-05,-0.000171161
31.3152,0.0001092,-0.000543743
31.3201,0.000849101,0.000154365
31.325,-0.000351468,0.000731305
31.3299,-0.000340588,-0.000426963
31.3348,0.000330739,7.72762e-06
31.3397,5.90685e-05,0.000262278
31.3446,-0.000208122,0.00059819
31.3495,-0.00107785,3.4408e-05
31.3544,-0.000367998,-0.00089437
31.3592,0.000168404,-0.000424326
31.3641,0.000146751,-0.000401369
31.369,0.000474848,-0.000124128
31.3739,0.000239922,0.000368579
31.3788,-0.000365401,0.000413825
31.3837,-0.00062547,-0.000290903
31.3886,-8.196e-06,-0.000428376
31.3935,-0.000255866,-0.000278063
31.3984,0.000281199,-0.000657441
31.4033,9.43077e-05,0.00019312
31.4082,-0.00020953,-0.00090281
31.4131,0.00114233,-0.000131111
31.418,-0.00021316,0.000411026
31.4229,0.000217291,-0.000447114
31.4277,0.000126216,-4.49992e-05
31.4326,0.000556874,-0.000424124
31.4375,0.000381998,0.000263355
31.4424,0.000649174,-0.000416879
31.4473,0.00118219,0.000950469
31.4522,-0.000134763,0.00120977
31.4571,-0.000707555,0.000842095
31.462,-0.000885096,-0.000299193
31.4669,0.000160672,-0.000171525
31.4718,-0.000289033,6.14119e-05
31.4767,7.04387e-05,-9.59884e-05
31.4816,-0.00021818,0.000109571
31.4865,-8.78087e-05,-0.000188593
31.4914,4.70254e-05,-0.000151518
31.4962,0.000270572,0.000173874
31.5011,-0.000479475,0.00035405
31.506,-0.000493828,-0.000667127
31.5109,0.000704641,-0.000686614
31.5158,0.000539066,0.000640016
31.5207,-0.000285599,-0.000178392
31.5256,0.000856662,0.000415708
31.5305,-0.000938294,0.000667863
31.5354,0.000157892,-0.000687436
31.5403,-8.10603e-05,0.000514036
31.5452,-2.42263e-05,-0.000455335
31.5501,7.85185e-05,0.000453331
31.555,-0.000281543,-0.000410151
31.5599,0.000358446,-1.69081e-05
31.5647,0.000278678,-3.4304e-05
31.5696,0.00020629,0.000588992
31.5745,-0.000304403,0.000118633
31.5794,-0.000147022,6.72546e-05
31.5843,0.000297119,-0.000378571
31.5892,0.000539476,0.000909119
31.5941,-0.000603731,0.000491487
31.599,-0.000346766,0.000401452
31.6039,-0.000630106,-0.000151762
31.6088,-0.000143879,0.000284559
31.6137,-0.000903844,-0.000422563
31.6186,0.00045014,-0.000243485
31.6235,-0.000692055,0.000213274
31.6284,4.46973e-05,-0.000600639
31.6332,-6.43678e-05,0.000108242
31.6381,7.51917e-05,-2.1877e-05
31.643,-0.000640534,0.000431689
31.6479,-0.000723842,-0.000683744
31.6528,-0.000158866,-0.00065229
31.6577,0.000256583,-0.000731129
31.6626,0.000298783,7.76155e-06
31.6675,-0.000181233,-0.000386742
31.6724,0.000350421,-0.000377103
31.6773,8.97375e-05,-0.000214998
31.6822,0.000479261,-0.000459493
31.6871,0.000591977,0.000271445
31.692,-0.000101022,0.000162129
31.6968,0.000287797,-0.000175667
31.7017,0.00011611,0.000347579
31.7066,-0.000153898,-0.000311207
31.7115,0.000711589,7.15609e-05
31.7164,-0.000339199,0.000571109
31.7213,6.12697e-06,-0.000579715
31.7262,0.000506706,0.000375245
31.7311,-0.000153395,5.38974e-05
31.736,0.00037881,0.000302521
31.7409,-0.000380593,0.000349874
31.7458,0.000136604,-2.59262e-05
31.7507,-0.000224921,0.000659639
31.7556,-0.000748284,-2.64423e-05
31.7605,-0.00031099,-0.000278222
31.7654,-0.000299159,-0.000334514
31.7702,0.000126074,-0.000301032
31.7751,-0.000316471,0.000109587
31.78,-0.000329251,-0.000704333
31.7849,0.000198224,-0.000342672
31.7898,-0.000108636,-0.00064703
31.7947,0.00076377,-0.000658843
31.7996,0.000738562,0.000104008
31.8045,0.000354117,0.000277224
31.8094,0.000199545,9.0236e-05
31.8143,0.000354363,0.000159172
31.8192,0.000351634,0.000398829
31.8241,-0.000191511,0.00076751
31.829,-0.000643241,-7.28658e-05
31.8338,2.98914e-05,-0.000131876
31.8387,-0.000273799,1.65923e-05
31.8436,-0.000142232,-0.000358354
31.8485,0.000297862,-0.000246667
31.8534,-2.80354e-05,0.000216986
31.8583,-1.60724e-05,-0.000480149
31.8632,0.00043233,0.000254868
31.8681,-0.00025862,-0.000126162
31.873,0.000352754,0.000130016
31.8779,-0.000523031,-8.00531e-05
31.8828,0.000379849,-0.000538466
31.8877,0.000328055,-1.66045e-05
31.8926,0.000465183,0.00023466
31.8975,-0.000228051,0.00028228
31.9023,3.793e-05,-0.000127019
31.9072,0.000104991,-0.000209086
31.9121,0.000558502,0.000412723
31.917,-0.000776184,0.000187634
31.9219,0.000480289,-0.000692637
31.9268,0.000252475,0.000342414
31.9317,0.000521657,2.19217e-05
31.9366,-0.00010659,0.000923483
31.9415,-0.00043436,-2.88524e-05
31.9464,-0.000342496,0.00013907
31.9513,-0.000263924,-0.000476019
31.9562,9.1708e-05,-0.000381065
31.9611,0.000763237,-0.000283714
31.966,0.000136287,0.000863123
31.9708,-0.000357544,-0.000198293
31.9757,6.65414e-05,0.000136036
31.9806,-3.66866e-05,-0.000505511
31.9855,0.000901034,0.000292237
31.9904,-0.000273755,0.000774087
31.9953,-0.000335078,-8.0795e-05
32.0002,0.000162973,7.59248e-05
32.0051,-0.000280148,0.000366442
32.01,-0.000280762,-0.000233617
32.0149,6.50458e-05,-5.09875e-05
32.0198,7.58683e-05,4.35264e-05
32.0247,-0.000231994,0.000184831
32.0296,9.24648e-05,-0.000332241
32.0345,0.000141887,0.000570794
32.0393,-0.00051585,-7.29116e-05
32.0442,8.83545e-06,0.000229629
32.0491,-0.0009106,-0.000117089
32.054,-0.000107839,-0.000845584
32.0589,0.000211382,-0.000571773
32.0638,0.00073498,-0.000380216
32.0687,0.000632102,0.000401951
32.0736,4.19705e-05,0.000630264
32.0785,-0.000549321,0.000173346
32.0834,5.78568e-05,-0.000575567
32.0883,0.00081445,0.000446161
32.0932,-0.000701905,0.00101552
32.0981,-0.000714538,-0.000526748
32.103,-0.000103865,4.67471e-05
32.1078,-0.000494167,-0.000718618
32.1127,0.000765993,-5.53355e-05
32.1176,-0.000751273,0.00027765
32.1225,0.000209238,-0.000911413
32.1274,0.000261468,0.000376688
32.1323,-0.000394996,-0.000362938
32.1372,0.000324141,-0.000461405
32.1421,0.000505531,-0.000103888
32.147,0.000380015,0.000461305
32.1519,-0.00043264,0.000440585
32.1568,-0.000458446,-0.000424183
32.1617,0.000251275,-0.000359008
32.1666,4.37894e-05,-9.96031e-05
32.1714,0.000326456,-0.000222188
32.1763,0.000114602,0.000226521
32.1812,5.12734e-06,-0.00023233
32.1861,0.000398382,8.67745e-05
32.191,-2.14375e-05,0.000249673
32.1959,-3.34228e-05,4.90934e-05
32.2008,-0.000139882,-1.62229e-05
32.2057,0.000265373,-0.000315025
32.2106,0.000425746,0.000639407
32.2155,-0.000809249,0.000233605
32.2204,0.000221547,-0.000519792
32.2253,1.06632e-05,0.000588887
32.2302,-0.000605326,-0.000153649
32.2351,-0.00011033,-0.00039962
32.2399,0.000282009,-0.00021904
32.2448,-0.00012551,0.000281886
32.2497,-0.000107758,-0.000341735
32.2546,-0.000123552,0.000306217
32.2595,-0.000465831,-0.000798564
32.2644,0.000839865,7.09959e-05
32.2693,-0.000854792,0.00031078
32.2742,3.82849e-05,-0.00092455
32.2791,0.000179675,2.46185e-05
32.284,-0.000137785,-0.000311305
32.2889,-0.000196922,-0.000469964
32.2938,0.000512288,-0.000988661
32.2987,0.000951207,0.000137082
32.3036,0.000123729,0.000238646
32.3084,8.6478e-05,2.69979e-05
32.3133,-1.89623e-05,-0.000230103
32.3182,0.000395438,-0.000365818
32.3231,0.000652817,4.66876e-05
32.328,0.000186133,0.000562033
32.3329,-0.000456954,-8.97076e-05
32.3378,0.000283051,-0.000693001
32.3427,0.00092243,-0.000136933
32.3476,0.00069325,0.000641341
32.3525,-6.86323e-06,0.000673569
32.3574,-0.000207082,0.000421876
32.3623,-0.000457373,0.000117621
32.3672,-0.000190427,-0.000334013
32.3721,0.000215454,-0.00024338
32.3769,0.000214539,6.67477e-05
32.3818,0.00012028,-2.63299e-05
32.3867,0.000146775,0.000277596
32.3916,-0.00033619,-0.000219664
32.3965,0.000739264,-0.000198412
32.4014,-0.000176671,0.000781966
32.4063,-0.00039205,-0.000553495
32.4112,0.000558136,-0.000136338
32.4161,9.66817e-05,0.000174347
32.421,0.000176487,-0.000190018
32.4259,0.000738829,0.000181501
32.4308,2.92847e-05,0.000883695
32.4357,-0.000323,0.000204562
32.4406,-0.000283095,0.000292848
32.4454,-0.000269884,-0.000239094
32.4503,-1.28221e-05,0.000143763
32.4552,-0.000227246,-0.000343527
32.4601,0.000368906,8.12208e-05
32.465,-0.000153355,-6.02898e-05
32.4699,0.000567241,0.000277146
32.4748,-0.000628446,0.000672202
32.4797,-0.000337973,-0.000283026
32.4846,-0.000500981,5.2008e-05
32.4895,-0.000110902,-0.00089739
32.4944,0.000598657,0.000220686
32.4993,-0.000603858,0.000152977
32.5042,-0.00011718,-0.000579585
32.509,0.000108714,-0.000289002
32.5139,0.000128585,-0.000271177
32.5188,9.82721e-05,-0.000316134
32.5237,0.000422882,-0.000372517
32.5286,0.000565949,-5.8296e-05
32.5335,0.000570923,0.000433918
32.5384,-0.00037576,0.000492987
32.5433,4.11056e-05,-0.000440798
32.5482,0.000262572,0.000376392
32.5531,-0.000192619,-0.000191755
32.558,0.00045484,0.000199889
32.5629,-0.000345171,0.00026618
32.5678,0.000120662,-0.000146311
32.5727,-0.000141036,0.000441659
32.5775,-0.000670009,-0.000243422
32.5824,0.000130142,-0.000684936
32.5873,0.000318332,-6.28881e-06
32.5922,2.6507e-06,-0.000153864
32.5971,0.000217648,-6.83993e-05
32.602,8.0423e-06,-5.2556e-05
32.6069,7.58013e-05,-0.000211036
32.6118,0.000376265,-0.000182833
32.6167,7.64441e-05,0.000302712
32.6216,-7.73597e-05,-0.000514695
32.6265,0.000747964,1.81476e-05
32.6314,0.000200216,0.000135208
32.6363,0.000522193,0.000607293
32.6412,-0.000852031,0.000260122
32.646,0.000600051,-0.000722072
32.6509,0.00041245,0.000963042
32.6558,-0.000525819,0.000270801
32.6607,-0.00028752,7.57864e-06
32.6656,-0.000104464,-0.000148711
32.6705,-0.000129373,-2.37379e-05
32.6754,0.00020423,-8.63588e-05
32.6803,-0.000369166,0.000603781
32.6852,-0.000821717,-0.00054239
32.6901,-9.13146e-05,-0.000588861
32.695,4.05173e-05,-0.000907654
32.6999,0.00086482,-0.000377634
32.7048,0.000326652,1.46624e-05
32.7097,0.000555963,-2.9142e-05
32.7145,0.000212001,0.000287102
32.7194,0.000222971,9.81437e-05
32.7243,-0.000116704,0.000339667
32.7292,-0.000283089,-0.000593308
32.7341,0.00116937,-0.000458598
32.739,0.000612228,0.00118539
32.7439,-0.000529245,0.000293854
32.7488,0.000259495,0.000169755
32.7537,-0.000228859,0.000354554
32.7586,0.000182831,0.000318268
32.7635,-0.000729861,0.000758628
32.7684,-0.000762279,-0.000419677
32.7733,-0.000250241,-0.000278151
32.7782,-4.83978e-05,-0.000348725
32.783,-0.000358188,0.000207359
32.7879,-0.000681436,-0.00098705
32.7928,0.000730639,-0.000618868
32.7977,-9.12124e-05,-1.90486e-05
32.8026,0.000340808,-0.000645525
32.8075,0.000412246,0.000169935
32.8124,-0.00019529,-0.000132342
32.8173,0.000138766,-0.000579939
32.8222,0.000714713,-0.000296266
32.8271,0.000360169,0.000307422
32.832,0.000133518,-0.000113304
32.8369,0.000467674,0.000125927
32.8418,0.000164906,0.000424757
32.8466,-0.000452089,0.000369376
32.8515,-0.000400422,-0.000712967
32.8564,0.000648126,-0.000291658
32.8613,4.90467e-05,2.52719e-05
32.8662,0.000479883,-0.000181924
32.8711,0.000221421,0.000291175
32.876,0.000207782,0.000157189
32.8809,-0.000143842,0.000362074
32.8858,-0.000161735,-5.3087e-05
32.8907,-0.000179848,4.44605e-05
32.8956,-0.000170659,-0.00016318
32.9005,-0.000310408,-0.000237926
32.9054,0.000125341,-0.000600982
32.9103,0.000120711,-9.44911e-05
32.9151,8.83965e-05,-0.000460971
32.92,9.0963e-05,-0.000133969
32.9249,0.000141908,-0.000822106
32.9298,0.000847945,-0.000111002
32.9347,0.000130371,-0.000176672
32.9396,0.000838467,-0.000164598
32.9445,0.000196844,0.000403001
32.9494,0.000186646,-0.000157533
32.9543,0.00019526,9.73787e-05
32.9592,0.000142748,-0.00032491
32.9641,0.000571979,-3.63048e-05
32.969,0.000107738,6.82895e-05
32.9739,0.000335586,-0.00035987
32.9788,0.00061588,-0.000128389
32.9836,0.000750989,-2.71551e-07
32.9885,0.000713051,0.000516086
32.9934,0.000185473,0.000466811
32.9983,0.000354658,0.000304178
33.0032,8.85811e-05,0.000580274
33.0081,-4.66804e-05,0.000146064
33.013,0.000132627,0.000396492
33.0179,-0.000264788,4.35517e-05
33.0228,0.000373594,0.000181203
33.0277,-0.000617584,0.000415301
33.0326,-8.12283e-05,-0.00086633
33.0375,0.000708777,-4.75553e-05
33.0424,0.00035053,0.000193573
33.0473,0.000180453,0.000359287
33.0521,-4.73114e-05,0.000143388
33.057,-7.90717e-05,-5.18488e-05
33.0619,0.000408381,-0.000278583
33.0668,0.000372451,0.000438108
33.0717,-2.71386e-05,7.34294e-05
33.0766,0.000191149,0.000158717
33.0815,7.37951e-05,3.97168e-05
33.0864,0.000159534,0.000126934
33.0913,0.000199463,3.52755e-05
33.0962,5.77309e-05,0.000320235
33.1011,6.555e-07,-0.000194273
33.106,0.000317752,0.000196804
33.1109,1.81631e-05,-8.98745e-05
33.1158,0.000492747,0.000129
33.1206,0.000155991,0.000312604
33.1255,2.75462e-05,0.000319702
33.1304,-2.08683e-05,-8.14228e-05
33.1353,0.000293495,0.000215543
33.1402,8.28203e-05,2.6593e-05
33.1451,0.000375771,0.000480708
33.15,-0.000370156,0.000338048
33.1549,-0.000234769,3.86331e-05
33.1598,-0.000124365,-0.000624665
33.1647,0.000926701,0.000183908
33.1696,-0.000436063,0.000288779
33.1745,0.000684348,-0.000341539
33.1794,-2.82092e-05,0.000631811
33.1842,0.000345697,-0.000461106
33.1891,0.000722735,0.000748519
33.194,-1.097e-05,0.000717429
33.1989,-0.000690665,0.000732842
33.2038,-0.000518838,-0.000910423
33.2087,0.00108569,0.000138729
33.2136,-0.000304343,0.000660565
33.2185,0.000181479,6.47873e-05
33.2234,-0.000419379,0.000516159
33.2283,-1.11875e-05,-0.000482447
33.2332,0.000341838,0.000448516
33.2381,-7.20774e-06,0.000180661
33.243,-0.000169861,0.000868959
33.2479,-0.00103803,-0.000240456
33.2528,-1.36967e-05,-0.000282664
33.2576,-0.000454262,-0.000720534
33.2625,0.00120148,-0.000374881
33.2674,-0.000217933,0.000735889
33.2723,0.000293671,-0.000427594
33.2772,-0.000102753,0.000781098
33.2821,-0.00034679,-0.000806227
33.287,0.000915659,0.000335599
33.2919,-0.000588847,0.000403107
33.2968,3.69661e-05,-0.000365379
33.3017,-8.59466e-05,-2.60501e-05
33.3066,0.000187823,-0.000438554
33.3115,0.000273093,-5.29153e-05
33.3164,0.000389084,-0.000416354
33.3212,0.000868866,0.000164053
33.3261,0.000475104,0.000488363
33.331,0.000146882,0.000657066
33.3359,-5.96224e-05,0.000138304
33.3408,0.000204222,0.000637162
33.3457,-0.000763693,-0.00010527
33.3506,0.000874733,-0.000457033
33.3555,0.000168696,0.000863651
33.3604,0.00013293,-6.03021e-06
33.3653,0.000141773,0.000828182
33.3702,-0.000455311,0.00014667
33.3751,-1.506e-05,0.000198263
33.38,-0.000348774,-4.67204e-06
33.3849,0.000198699,-0.00041249
33.3897,0.000821387,0.00027343
33.3946,-4.62768e-05,0.000935619
33.3995,-0.000236984,0.000144014
33.4044,-1.04862e-06,0.000433635
33.4093,-9.01935e-05,0.00016547
33.4142,7.24813e-05,0.000703298
33.4191,-0.000667555,0.000486215
33.424,-0.000445611,0.000157174
33.4289,-0.000550871,0.000165251
33.4338,-0.000787361,-6.99464e-05
33.4387,-0.000439417,-0.000944502
33.4436,0.000726812,-0.000349259
33.4485,8.58984e-05,0.000432109
33.4534,-0.000130981,0.000132483
33.4582,-0.000177243,0.000168712
33.4631,-0.000216468,0.000211213
33.468,-0.000738917,0.00021641
33.4729,-0.000810263,-0.000797115
33.4778,0.000318252,-0.000865814
33.4827,0.000210536,-0.000261376
33.4876,0.000619611,-0.000405555
33.4925,0.000214769,0.000700365
33.4974,-0.000450098,-0.000491959
33.5023,0.000739671,0.000140635
33.5072,-0.000761919,0.000250241
33.5121,0.000214237,-0.000934307
33.517,0.000546547,2.57136e-05
33.5219,0.000478834,2.48456e-05
33.5267,0.000138682,0.000667304
33.5316,-0.000477104,-0.000118222
33.5365,0.000479788,-0.000165461
33.5414,-0.000213811,0.000650924
33.5463,-0.000581137,-0.000550193
33.5512,0.000448849,-0.000392877
33.5561,0.000235557,-0.000121317
33.561,0.000467952,0.000179685
33.5659,-0.000153158,0.00013462
33.5708,0.000293044,-1.89026e-05
33.5757,-0.000205294,9.49257e-05
33.5806,0.00038862,-0.000295487
33.5855,0.000125632,0.000360394
33.5903,0.000100769,-7.34342e-05
33.5952,-3.33444e-05,0.00032917
33.6001,-0.00031465,-0.000418734
33.605,0.00071577,-0.00052676
33.6099,0.000771409,0.000713882
33.6148,-0.000585347,0.000459955
33.6197,0.00010714,-0.000547003
33.6246,0.000524276,3.40701e-05
33.6295,0.000556644,0.000299096
33.6344,0.000127828,0.000549603
33.6393,0.000308785,0.000458633
33.6442,-0.00039218,0.000919634
33.6491,-0.000594303,-9.61267e-07
33.654,-0.000227256,-3.68271e-05
33.6588,2.58962e-05,9.13799e-05
33.6637,-0.000637446,0.000300491
33.6686,-0.000401779,-0.000640713
33.6735,-6.84766e-05,-0.000514922
33.6784,0.000728895,-0.000679022
33.6833,0.000481551,0.000484728
33.6882,0.000395548,-9.06771e-05
33.6931,0.000138592,0.00103719
33.698,-0.000763299,-0.000330599
33.7029,0.0005588,-0.000218946
33.7078,0.000327482,0.000378526
33.7127,-0.000369986,0.000843574
33.7176,-0.000921626,-0.000618845
33.7225,0.000444717,-0.000523527
33.7273,0.000255243,-0.00026041
33.7322,0.000511419,0.000259816
33.7371,-0.00023349,-0.000285013
33.742,0.00122696,-0.000178222
33.7469,0.000244929,0.00114234
33.7518,-0.000240256,0.000168497
33.7567,0.000275978,0.000368791
33.7616,-0.000308524,0.000595692
33.7665,-0.000251198,-0.000140028
33.7714,0.000211579,0.000311061
33.7763,-0.000245893,0.000242039
33.7812,-2.88971e-05,0.000310626
33.7861,-0.000445935,0.000170473
33.791,-6.42809e-05,5.86471e-05
33.7958,-0.000461251,0.000334865
33.8007,-0.000795514,-0.000292637
33.8056,-7.34851e-05,-0.000971888
33.8105,0.000605629,-0.000212269
33.8154,0.000175288,-4.22823e-05
33.8203,0.000267025,5.11208e-05
33.8252,0.000244437,-0.00016446
33.8301,0.000556069,0.000537244
33.835,-0.00044216,0.000258522
33.8399,0.000320962,-4.1906e-05
33.8448,-0.000130169,0.000369445
33.8497,3.67083e-05,3.27376e-05
33.8546,-2.99504e-05,0.000130761
33.8595,0.000249049,0.000322307
33.8643,-0.000498048,0.000470646
33.8692,-0.000216151,-0.000147937
33.8741,-0.000281126,8.23782e-05
33.879,-6.46902e-05,-0.000273929
33.8839,2.6032e-05,6.78871e-05
33.8888,-0.000115546,-4.26757e-05
33.8937,7.39467e-05,-0.000237022
33.8986,0.000431264,0.000427384
33.9035,-0.0008595,0.000280128
33.9084,0.000377671,-0.000741947
33.9133,2.58649e-05,0.000986392
33.9182,-0.000938993,-0.000617562
33.9231,0.000690327,-0.000396393
33.9279,2.66248e-05,0.000406011
33.9328,-0.000189024,0.000121533
33.9377,-0.000360478,-7.43958e-05
33.9426,-0.000112609,-0.000377613
33.9475,0.000218095,-0.00028928
33.9524,0.000224814,0.000149574
33.9573,-0.000231042,1.94814e-05
33.9622,-7.29611e-05,-0.000249853
33.9671,6.4129e-05,-0.000469529
33.972,0.000723852,-0.000174579
33.9769,0.000268159,0.000407179
33.9818,0.000176576,0.00028585
33.9867,-0.000363996,0.000320858
33.9916,0.000112849,-0.00030488
33.9964,-0.000181621,0.000477802
34.0013,-0.000246884,-0.0008057
34.0062,0.00083382,0.000244023
34.0111,-0.000271057,0.000149456
34.016,0.000388483,0.000301648
34.0209,-0.000892007,9.52393e-05
34.0258,0.000532911,-0.000941552
34.0307,0.000451006,0.000574492
34.0356,-5.46572e-05,-0.000181801
34.0405,0.000550752,0.000207529
34.0454,6.67307e-05,0.000470034
34.0503,-8.62613e-05,0.000274452
34.0552,1.24608e-05,0.000218845
34.0601,-0.000242007,0.000419518
34.0649,-0.000460704,-0.00020593
34.0698,0.00034351,-0.000236962
34.0747,7.69448e-05,0.000389753
34.0796,6.77518e-05,-4.58095e-05
34.0845,0.000293492,0.000790767
34.0894,-0.00102619,0.000466635
34.0943,-0.000211564,-0.000579997
34.0992,0.00015959,0.00035343
34.1041,-0.000631227,0.000327994
34.109,-0.000684889,-0.000275536
34.1139,-0.000324814,-0.00058485
34.1188,0.000176395,-0.000498051
34.1237,0.000133655,4.42041e-05
34.1286,-0.000160164,-0.000191898
34.1334,1.96459e-05,-1.90793e-05
34.1383,-0.000314883,-0.000354486
34.1432,0.000367498,-0.000210968
34.1481,-0.000367409,0.000105724
34.153,-0.000182855,-0.000614941
34.1579,0.000143077,-0.000682165
34.1628,0.000879629,-0.000358254
34.1677,0.000255269,0.000333669
34.1726,0.000351196,-8.28609e-06
34.1775,-0.00022348,0.000387295
34.1824,3.40941e-05,-0.000583273
34.1873,0.000295785,0.000138994
34.1922,0.000157283,-0.000376798
34.1971,0.000432567,0.000187016
34.2019,0.000288925,-0.000218812
34.2068,0.000538293,0.000644814
34.2117,-0.000377404,-1.41174e-05
34.2166,0.000677568,0.000122436
34.2215,-0.000194271,0.000631351
34.2264,-0.000132127,0.000136172
34.2313,-0.000295452,0.000151274
34.2362,-0.000175786,-2.60821e-05
34.2411,-0.000340347,-0.000225483
34.246,0.000185876,-0.000436377
34.2509,0.000321912,-0.000142929
34.2558,0.000447667,0.000278099
34.2607,-0.000351794,0.000342691
34.2655,-7.83726e-05,-0.000314731
34.2704,6.54982e-05,-0.000120399
34.2753,0.000321284,-0.000114819
34.2802,-0.000128202,0.000226335
34.2851,5.64653e-05,-0.000720937
34.29,0.00119365,7.24548e-05
34.2949,8.32932e-05,0.00125255
34.2998,-0.00107652,-5.99508e-05
34.3047,0.000352187,-0.000932604
34.3096,0.00078216,0.000131838
34.3145,0.000550359,0.000517199
34.3194,-0.000331972,0.000754455
34.3243,-4.72596e-05,-0.000464869
34.3292,0.000690708,0.000748529
34.334,-0.000709129,0.000519887
34.3389,7.01964e-05,-4.12572e-05
34.3438,-0.000439402,0.000539593
34.3487,-0.000556973,-0.000516629
34.3536,0.000557729,-0.000434025
34.3585,0.00051102,0.000651087
34.3634,-0.000528697,0.000512968
34.3683,-1.71337e-05,-0.000241971
34.3732,0.000214969,0.000664148
34.3781,-0.000728595,0.000530062
34.383,-0.00070909,-8.28845e-05
34.3879,-0.000362585,-0.000406528
34.3928,-6.41834e-05,5.65662e-05
34.3977,-0.000775701,-0.000128982
34.4025,-0.000347224,-0.000836428
34.4074,0.000284825,-0.000936998
34.4123,0.00109657,-3.35296e-05
34.4172,-0.000141794,0.000651036
34.4221,4.00085e-05,-0.000233891
34.427,1.32508e-05,0.00036719
34.4319,-6.73997e-05,3.15343e-05
34.4368,-0.000507006,0.000456958
34.4417,-0.000589734,-0.000728797
34.4466,0.000204872,-0.000251691
34.4515,-6.32472e-05,-0.000411054
34.4564,0.000335937,-2.65545e-05
34.4613,-0.000103509,-9.46873e-05
34.4662,0.000116075,3.41658e-05
34.471,-0.000337668,-0.000138904
34.4759,8.04104e-05,-0.000453687
34.4808,0.000300917,-7.02939e-05
34.4857,-0.000287219,4.29529e-05
34.4906,0.000253412,-0.00074724
34.4955,0.000349726,0.000540988
34.5004,-0.000543551,-0.000655875
34.5053,0.000970683,-5.91152e-05
34.5102,-0.000560199,0.000324896
34.5151,0.000117174,-0.000726891
34.52,0.000414536,-0.000196561
34.5249,0.00034036,0.00014345
34.5298,-0.000169099,-0.00021242
34.5347,0.000423824,-0.000249234
34.5395,0.000252851,-0.000486195
34.5444,0.00140841,0.000313674
34.5493,-0.000242643,0.000967975
34.5542,0.000230347,0.00039513
34.5591,-0.00129159,0.000566563
34.564,6.87831e-05,-0.0013717
34.5689,0.000333502,0.000381398
34.5738,5.63965e-05,-0.000632949
34.5787,0.00044878,0.000345107
34.5836,-6.10366e-05,-0.000306507
34.5885,0.00042998,0.000109701
34.5934,0.000144267,-7.82852e-06
34.5983,2.36862e-05,0.000114971
34.6031,0.000505196,-0.000482096
34.608,0.000668321,0.000828659
34.6129,-0.000186961,0.000328005
34.6178,-0.000146236,0.000679878
34.6227,-0.000764601,-0.000322172
34.6276,0.000249409,-0.000339182
34.6325,0.000346936,-0.000210286
34.6374,0.000388893,0.000790612
34.6423,-0.000828093,8.16667e-05
34.6472,3.64255e-05,-0.000248475
34.6521,-0.000226937,-0.000323241
34.657,0.000531032,-0.000184744
34.6619,9.28327e-05,0.000252426
34.6668,-5.5715e-05,0.000342413
34.6716,-0.000556321,-0.000243047
34.6765,0.000201144,-0.000344679
34.6814,6.34321e-05,-0.000405921
34.6863,0.000874403,0.000150773
34.6912,-0.000221047,0.00065048
34.6961,-0.000259705,0.000332977
34.701,-0.00110345,-0.00024731
34.7059,0.000221076,-0.00100968
34.7108,-6.47759e-05,-0.000152043
34.7157,0.000241036,-0.000935584
34.7206,0.000750455,-0.000387514
34.7255,0.000876834,7.77372e-05
34.7304,0.000184532,0.000376403
34.7353,0.000412957,0.00016463
34.7402,-0.000452201,0.000329141
34.745,0.000326274,-0.000817255
34.7499,0.00057112,0.000400864
34.7548,0.000106192,-0.000100752
34.7597,0.0002984,0.000185734
34.7646,0.000340521,-0.000120113
34.7695,0.000312448,0.000641328
34.7744,-0.000445091,-0.000102749
34.7793,0.000400143,-0.000340354
34.7842,0.000445308,-2.65169e-05
34.7891,0.000664423,0.000154615
34.794,0.000556987,0.000697088
34.7989,-0.000174254,0.000830704
34.8038,-0.000284065,0.000258086
34.8086,-0.000345417,0.000385405
34.8135,-0.000531508,-0.000345935
34.8184,0.000443545,-0.00036424
34.8233,0.0002624,0.000541508
34.8282,-0.000500868,0.000143389
34.8331,7.74329e-05,-0.000272238
34.838,-6.8483e-05,0.000136476
34.8429,6.46749e-05,-0.000271811
34.8478,0.000152648,0.000186504
34.8527,-9.6672e-06,-5.50519e-05
34.8576,-4.01873e-05,0.000246283
34.8625,-0.000374265,-0.000319673
34.8674,0.0002711,-0.000443856
34.8723,0.000466704,-0.000115314
34.8771,0.000215196,0.000318238
34.882,-0.000117603,-0.000210497
34.8869,0.00054923,-0.000170725
34.8918,0.000431935,0.000295287
34.8967,0.000168056,0.000523335
34.9016,-0.000356402,0.000248027
34.9065,-1.7385e-05,-0.000226489
34.9114,0.000244331,0.000157953
34.9163,-0.000320659,0.000193572
34.9212,-6.38591e-06,-0.000608515
34.9261,0.00072247,0.000109864
34.931,-6.05123e-05,0.000412805
34.9359,-8.77224e-05,4.7586e-05
34.9408,-0.000155815,-0.0001933
34.9456,0.000353271,-0.000190177
34.9505,-6.19144e-05,-3.25826e-05
34.9554,0.000599142,-0.00052819
34.9603,0.000596361,0.000386649
34.9652,0.000624488,-7.86285e-05
34.9701,0.000796613,0.00128656
34.975,-0.000817821,0.00060968
34.9799,0.000309588,0.000190475
34.9848,-0.000638223,0.000908798
34.9897,-0.00069766,-0.000228042
34.9946,-0.000445865,-0.000104854
34.9995,-0.000445012,-0.000718322
35.0044,0.000415912,-0.000873115
35.0093,0.00094547,-0.000156667
35.0141,0.000520437,0.000421342
35.019,0.000250214,0.000424153
35.0239,-5.76254e-05,0.000307689
35.0288,0.000184779,0.000221299
35.0337,-0.000312417,0.000458371
35.0386,-0.00029493,-0.000324709
35.0435,0.000229048,-0.000190701
35.0484,0.000253096,-6.8877e-05
35.0533,0.000344715,2.26137e-05
35.0582,0.000461517,0.000198975
35.0631,0.000306329,0.000525288
35.068,-5.10931e-05,0.000584402
35.0729,-0.000312678,0.000247412
35.0778,-3.75159e-05,8.96949e-05
35.0826,-7.36617e-05,0.00018325
35.0875,-0.000157217,0.000260426
35.0924,-0.000394708,-0.000290429
35.0973,0.000610424,-0.000215085
35.1022,0.000121011,0.00043585
35.1071,0.000356556,0.000309734
35.112,-0.000418249,0.000809798
35.1169,-0.000311903,-9.50183e-05
35.1218,-0.000402445,0.000413284
35.1267,-0.000468449,-0.000513865
35.1316,0.000126782,-7.10826e-05
35.1365,-8.47377e-05,-0.000307053
35.1414,0.000361615,1.88251e-05
35.1462,-5.87153e-06,4.89146e-05
35.1511,0.000353869,9.97972e-05
35.156,-0.000115106,0.000588724
35.1609,-0.000492756,-0.000181843
35.1658,0.000356532,-0.000110543
35.1707,-0.00018554,0.00026691
35.1756,0.000223343,-2.48767e-05
35.1805,-0.000392888,0.000590842
35.1854,-0.000476572,-0.000448712
35.1903,9.41031e-06,-0.000305715
35.1952,0.000482917,-0.000283567
35.2001,-2.8777e-05,0.000653555
35.205,-0.000453143,-0.00044829
35.2099,0.000232702,-0.000289045
35.2147,0.000557609,-0.00048056
35.2196,0.000915516,0.000725927
35.2245,-0.000138731,0.000797923
35.2294,-0.000539283,0.000751942
35.2343,-0.000947499,-0.000369865
35.2392,5.59848e-05,-0.000362312
35.2441,-0.000211486,-0.000409498
35.249,0.000554002,-0.000353157
35.2539,0.000312826,0.000149991
35.2588,0.000356296,0.000218585
35.2637,9.97007e-05,0.00045786
35.2686,-0.000202908,0.000486632
35.2735,-0.000473138,8.08759e-05
35.2784,-0.000278604,-3.85742e-05
35.2832,-0.000276316,-0.000400691
35.2881,0.000348691,-0.000145348
35.293,-0.000175401,0.000103444
35.2979,9.70651e-05,-0.000352687
35.3028,0.00038048,6.04382e-05
35.3077,7.35596e-05,0.000367421
35.3126,-0.000317385,9.45142e-05
35.3175,-7.4643e-05,-0.000257391
35.3224,0.000291912,-0.000195625
35.3273,0.000369345,0.000404836
35.3322,-0.000398234,0.000319775
35.3371,-5.64753e-06,-0.00013296
35.342,-0.000238215,0.000279796
35.3468,-0.000287954,-0.00032362
35.3517,-0.000147881,-0.000140075
35.3566,0.000152769,-0.000909975
35.3615,0.00122778,0.000393247
35.3664,-0.000583696,0.000661037
35.3713,0.000329921,-0.000517347
35.3762,0.000356121,0.000900517
35.3811,-0.000846517,0.000291158
35.386,-0.000134322,-0.000638689
35.3909,0.000536401,0.000321412
35.3958,-0.000688573,0.000334604
35.4007,-3.58787e-05,-0.000371675
35.4056,-0.000407218,-1.50148e-05
35.4105,0.000298905,-0.000727428
35.4153,0.000329813,0.000410884
35.4202,-0.000210492,2.31778e-05
35.4251,-0.000316244,-0.000143228
35.43,0.000319809,-0.000547821
35.4349,8.53171e-05,0.000169571
35.4398,0.000491703,-0.000453472
35.4447,0.000154194,0.000865638
35.4496,-0.00032611,-0.000660171
35.4545,0.000949733,0.000523774
35.4594,-0.000731588,0.000552413
35.4643,-0.000117766,-0.000373898
35.4692,0.000224627,0.000189052
35.4741,-0.000677169,0.000472907
35.479,-0.000632445,-0.0010485
35.4838,0.000662078,-0.000479558
35.4887,0.000288297,-0.000132308
35.4936,0.000255971,0.000243164
35.4985,-0.000262476,-0.000347609
35.5034,0.000534498,-0.000316097
35.5083,0.000392054,-0.000159202
35.5132,0.000761377,0.000279666
35.5181,0.000131975,0.000506853
35.523,-2.3007e-05,0.00049399
35.5279,-0.000392874,-0.000140897
35.5328,0.000538961,3.56289e-05
35.5377,-0.000281102,0.000451246
35.5426,1.37029e-05,-0.000102352
35.5475,-0.000299976,0.000156647
35.5523,0.000174549,-0.000549349
35.5572,0.000327162,0.000502615
35.5621,-0.000498168,-0.000324121
35.567,0.000763909,-0.000245844
35.5719,-7.65325e-05,0.000328407
35.5768,0.000633572,-0.000354672
35.5817,0.000507495,0.000962124
35.5866,-0.000273349,0.000537521
35.5915,-0.000468356,0.000425605
35.5964,-0.000233454,-0.000209363
35.6013,-0.000236337,0.000354756
35.6062,-0.000399026,-0.000522366
35.6111,0.000363183,9.54268e-06
35.616,-0.000163836,6.28475e-05
35.6208,-6.56394e-05,-1.74639e-05
35.6257,1.15068e-05,-0.000137658
35.6306,-0.000245212,8.25138e-05
35.6355,0.000102759,-0.000801294
35.6404,0.000680873,0.000270302
35.6453,4.05449e-05,-0.000128208
35.6502,0.000631501,0.000443279
35.6551,-0.000174884,0.00031169
35.66,0.000175839,0.000560517
35.6649,-0.000800399,0.000149329
35.6698,0.000152171,-0.000316772
35.6747,-0.0001555,0.000206497
35.6796,3.69812e-06,-0.000202146
35.6844,0.000193494,0.00029082
35.6893,-0.000635896,0.000331405
35.6942,-0.000230709,-0.000856292
35.6991,0.000592364,0.000276719
35.704,-0.000754897,-7.72643e-07
35.7089,0.000235297,-0.000860869
35.7138,0.00073431,-0.000100293
35.7187,0.000420966,0.00049821
35.7236,-4.86676e-05,0.000330327
35.7285,-0.000153885,0.000485969
35.7334,-0.000728139,-0.00017773
35.7383,0.000178354,-0.000647757
35.7432,0.000576772,5.97449e-05
35.7481,-0.000114055,0.000560249
35.7529,-0.000330933,-0.000285697
35.7578,6.39944e-05,4.48349e-05
35.7627,-0.000201284,-0.000508474
35.7676,0.000670642,-0.000178723
35.7725,0.000333504,0.000211631
35.7774,0.000110106,0.000516309
35.7823,-0.00020481,-9.70835e-05
35.7872,0.000205922,0.000437066
35.7921,-0.000575779,-0.000135084
35.797,0.000227574,-2.98481e-05
35.8019,-0.000374052,-0.000345163
35.8068,0.00075781,-0.000149687
35.8117,-6.79019e-05,0.00031577
35.8166,0.000258621,0.000358445
35.8214,-0.000978817,5.69467e-05
35.8263,0.000434686,-0.000987068
35.8312,0.000459276,0.000270426
35.8361,0.00022493,0.00014556
35.841,-0.000366566,7.59205e-05
35.8459,0.000549131,-0.000716877
35.8508,0.000698133,0.000629872
35.8557,-8.1962e-05,0.000255294
35.8606,0.00020361,0.000159495
35.8655,0.000241092,0.000172055
35.8704,0.000366199,0.000625061
35.8753,-0.000632165,0.000745244
35.8802,-0.000408584,-0.00068138
35.8851,0.000940141,0.000216661
35.8899,-0.000261465,0.000896511
35.8948,-0.00033904,0.000241843
35.8997,-0.000407794,0.000123621
35.9046,4.11707e-06,2.51695e-05
35.9095,-0.000270685,0.000317375
35.9144,-0.000160302,0.000118097
35.9193,-0.000465793,0.000383971
35.9242,-0.000646866,-0.000164586
35.9291,-0.000288592,-0.000304219
35.934,-0.00025394,-0.00021479
35.9389,-7.43169e-05,-0.000465195
35.9438,0.000235347,8.39269e-05
35.9487,-0.000503667,-8.28187e-05
35.9536,0.000210715,-0.000534988
35.9584,0.000214287,0.000184115
35.9633,-4.05322e-05,9.8274e-05
35.9682,-0.000232487,0.000351572
35.9731,-0.00086808,-0.000169519
35.978,-0.000146271,-0.000926333
35.9829,0.00022777,-0.000320452
35.9878,0.00025856,-0.000597773
35.9927,0.000738912,0.000267865
35.9976,-0.000446334,0.000345123
36.0025,-0.000164599,-0.000570943
36.0074,0.000541524,-0.000287187
36.0123,0.000203686,0.000413821
36.0172,-0.000114565,-3.81984e-05
36.022,-0.000114318,0.000354861
36.0269,-0.000605169,-0.000492364
36.0318,0.000289698,-0.000317505
36.0367,-0.000152936,-0.000420134
36.0416,0.000568382,-0.000219654
36.0465,-5.62078e-05,-0.000124189
36.0514,0.000599848,-0.000145687
36.0563,-6.23283e-05,0.000266771
36.0612,1.74853e-05,-0.000234377
36.0661,0.000309836,-0.000455713
36.071,0.000976624,0.000497813
36.0759,-0.000627724,0.000731641
36.0808,-0.00021338,-0.000305244
36.0857,-0.000241761,-0.000197577
36.0905,0.000326302,-0.000281269
36.0954,-0.000303139,-8.69089e-05
36.1003,0.000676261,-0.000775181
36.1052,0.000658756,0.000655297
36.1101,-0.000155951,0.00035445
36.115,-0.00032982,0.000178139
36.1199,-0.000315427,-0.000387915
36.1248,0.000177611,-0.000510697
36.1297,0.000494188,-0.000133146
36.1346,0.00018144,3.17823e-05
36.1395,0.000325422,6.19925e-06
36.1444,0.000100468,8.08943e-05
36.1493,0.000246486,2.77709e-05
36.1542,0.000182023,1.4133e-05
36.159,0.000379793,0.000466746
36.1639,-0.000583772,0.000286267
36.1688,-2.15366e-05,-0.000207753
36.1737,-0.000501773,-0.000128993
36.1786,0.000179224,-0.000828514
36.1835,0.00036763,-0.000385048
36.1884,0.000909643,-0.000373306
36.1933,0.000618023,0.000487716
36.1982,0.000322737,0.000262611
36.2031,0.000199881,0.00028273
36.208,0.00046386,0.000405961
36.2129,-0.000372249,0.00070059
36.2178,-0.000219502,-0.000249648
36.2227,0.00020834,2.48595e-05
36.2275,0.000281805,0.00038809
36.2324,-0.00065178,0.000441155
36.2373,-0.000205259,-0.000598247
36.2422,0.000103982,-0.000123256
36.2471,0.000298892,-0.000411138
36.252,0.000552113,0.00018571
36.2569,0.000211094,0.000460431
36.2618,-0.000418471,0.000230011
36.2667,0.000177733,-0.000328799
36.2716,4.5559e-05,0.00031955
36.2765,-5.48284e-05,-0.000153444
36.2814,-1.82928e-06,2.19637e-05
36.2863,0.000165073,-0.00019581
36.2912,3.381e-05,2.23609e-05
36.296,0.000411954,-0.000164543
36.3009,-0.000140653,0.000340237
36.3058,0.000310074,-0.000622563
36.3107,0.000425822,0.000575835
36.3156,-5.48346e-05,-0.000402744
36.3205,0.00081188,0.000415283
36.3254,-0.0001721,0.00032173
36.3303,0.000245246,0.000316515
36.3352,-0.000448024,6.92989e-05
36.3401,0.000475424,-0.00037908
36.345,0.000369292,0.00057875
36.3499,-0.000260516,0.000210934
36.3548,0.000130873,-0.000104455
36.3596,0.000200426,0.000210118
36.3645,6.46112e-05,0.000164047
36.3694,6.77955e-05,0.000171893
36.3743,5.34764e-06,0.000228671
36.3792,-0.000339797,-0.000121023
36.3841,0.000639586,-0.000606992
36.389,0.000815678,0.000699429
36.3939,6.12545e-05,0.000579957
36.3988,-0.000161359,0.000678011
36.4037,-0.000292357,-0.000235087
36.4086,0.000732902,0.000473119
36.4135,-0.000524697,0.000756252
36.4184,4.60855e-05,3.66128e-05
36.4233,-0.000275486,0.00080721
36.4282,-0.000674109,5.40881e-05
36.433,-0.000346576,-4.71658e-05
36.4379,-0.000125587,-0.000239784
36.4428,9.2069e-06,0.000172383
36.4477,-0.000124373,-3.45645e-05
36.4526,-9.13397e-05,0.000500811
36.4575,-0.000925318,-0.000218013
36.4624,0.000165747,-0.000543367
36.4673,-0.000207396,-0.000113782
36.4722,0.000284205,-0.000560669
36.4771,0.000483974,-0.000102762
36.482,0.000812158,0.000484534
36.4869,-0.000647753,0.000959204
36.4918,-0.000239629,-0.000512358
36.4967,-5.73247e-05,0.00049336
36.5015,-0.000421312,-0.000438373
36.5064,3.12874e-05,0.000108009
36.5113,-0.000326418,-0.000812533
36.5162,0.00109575,-0.000289075
36.5211,0.00047735,0.000416031
36.526,0.000485194,0.000675413
36.5309,-0.000339399,0.000631937
36.5358,-1.41589e-05,0.000183892
36.5407,7.22138e-06,0.000481614
36.5456,-0.000269057,0.00080743
36.5505,-0.00104473,0.000239428
36.5554,-0.000299654,-0.000251124
36.5603,-0.00058088,0.000142312
36.5651,-0.000448955,-0.000501207
36.57,-8.23852e-05,-0.00018294
36.5749,-0.00036301,-0.000276965
36.5798,0.000108674,-0.000580886
36.5847,0.000247995,0.000171366
36.5896,-0.000407352,-0.000292667
36.5945,0.000524447,-0.00025382
36.5994,-0.000212258,0.000256222
36.6043,0.0002151,-0.000283344
36.6092,-0.000177261,0.000443894
36.6141,-0.000361589,-0.000470834
36.619,0.000234526,-0.000329855
36.6239,0.000566302,1.26308e-05
36.6288,-0.000239975,0.000755741
36.6336,-0.000529275,-0.00045256
36.6385,0.000143799,-0.00012111
36.6434,6.46395e-05,-0.00025453
36.6483,7.03132e-05,0.000306029
36.6532,-0.000232025,-0.000386284
36.6581,0.000242872,0.000286944
36.663,-0.000544663,-0.000502066
36.6679,0.000928231,-7.21964e-05
36.6728,-0.00053205,0.000575881
36.6777,3.404e-05,-0.000457233
36.6826,-5.88822e-05,0.000390773
36.6875,-0.000609806,-9.41089e-05
36.6924,-0.000516743,-0.000795872
36.6973,0.000659255,-0.00093163
36.7021,0.000576731,0.000186743
36.707,6.88665e-05,-7.8106e-05
36.7119,0.000309358,-0.000146553
36.7168,0.00032527,0.000108954
36.7217,4.28776e-05,9.62978e-05
36.7266,0.000125224,-4.54884e-05
36.7315,0.000172464,-2.46617e-05
36.7364,0.000102291,0.000179857
36.7413,-0.000106105,-0.000307354
36.7462,0.000663869,-7.28087e-06
36.7511,-0.000107606,0.000304213
36.756,0.000324527,-0.000223654
36.7609,0.000344011,0.000312162
36.7658,0.000187709,0.000468462
36.7706,-0.000495847,0.000214656
36.7755,0.000352342,-0.00033738
36.7804,0.00015547,0.000582635
36.7853,-5.69e-05,0.000205262
36.7902,-0.000391234,0.000462179
36.7951,-0.000295195,-0.000355513
36.8,0.000101794,0.000148959
36.8049,-0.000170456,5.59192e-05
36.8098,-0.000298996,0.000130391
36.8147,-0.000183827,-0.000288945
36.8196,-0.000262691,8.47775e-05
36.8245,-0.00022714,-0.000756294
36.8294,0.000512516,6.12723e-06
36.8343,-0.000383305,-0.000180827
36.8391,0.000485577,-0.00055637
36.844,0.000417127,0.000204295
36.8489,0.000145368,0.000133504
36.8538,1.38153e-05,0.000270936
36.8587,-0.00035778,-0.000109618
36.8636,0.000336741,-0.000422539
36.8685,0.000211216,0.000392642
36.8734,-0.000225853,-0.000122355
36.8783,-5.31533e-06,-6.83821e-06
36.8832,-0.000134217,-0.000659349
36.8881,0.00107682,-0.000168685
36.893,6.65039e-05,0.000699579
36.8979,3.22921e-05,-0.000107771
36.9027,0.000101844,0.00037073
36.9076,-0.000279549,-0.000203665
36.9125,0.000483366,-0.000240069
36.9174,0.000383726,0.000349341
36.9223,4.67696e-05,0.000407855
36.9272,-0.000197543,0.000231932
36.9321,-0.000157896,1.67162e-05
36.937,-0.000108345,-0.00019544
36.9419,0.000387429,-0.000210624
36.9468,0.000363476,0.000342462
36.9517,-1.80869e-05,0.000376589
36.9566,-0.000172459,6.42076e-05
36.9615,0.000289206,1.12319e-05
36.9664,6.19676e-05,0.000480637
36.9712,-5.20158e-05,0.000263075
36.9761,-0.000226548,0.000474838
36.981,-0.000359694,0.000182186
36.9859,-0.000641926,0.00015781
36.9908,-0.000228351,-0.000687082
36.9957,0.000241242,0.000237855
37.0006,-0.000467815,-0.000248725
37.0055,0.000305357,-0.000144032
37.0104,-9.05164e-05,-2.24317e-05
37.0153,0.000263244,0.00021101
37.0202,-0.000464031,0.00015101
37.0251,9.41515e-05,9.67617e-06
37.03,-0.000821397,0.000166767
37.0349,-8.37015e-05,-0.00106214
37.0397,0.000627069,-2.06421e-05
37.0446,-3.09619e-05,0.000175835
37.0495,1.68863e-06,-0.000185443
37.0544,0.000370884,0.000189387
37.0593,-0.000375086,0.000396948
37.0642,-0.000283257,-0.000145244
37.0691,-0.000372924,-0.000261177
37.074,0.000403295,-0.000415945
37.0789,-0.000183047,0.00047159
37.0838,-0.000252393,-0.000552778
37.0887,0.00012161,0.000104019
37.0936,-0.000241019,-0.000431692
37.0985,0.00027705,-4.9527e-05
37.1034,-0.000183213,-0.000259682
37.1082,0.000360103,-0.00011713
37.1131,-0.000245629,6.68141e-05
37.118,2.56224e-05,-0.00058207
37.1229,0.00060307,-3.71922e-05
37.1278,-0.000217629,0.000294019
37.1327,0.000148952,-0.000589303
37.1376,0.000460837,0.000480554
37.1425,-0.000508245,1.20181e-05
37.1474,-1.51654e-05,-0.000210294
37.1523,-0.000176707,-0.000433757
37.1572,0.000410717,-0.000337242
37.1621,0.000231591,-0.000205463
37.167,0.000512412,0.000129034
37.1719,-0.000204704,5.36759e-05
37.1767,0.000446797,-0.000295091
37.1816,0.000195989,0.000316036
37.1865,9.61828e-05,-2.82425e-06
37.1914,9.50093e-05,0.000225055
37.1963,-0.000194011,9.31766e-05
37.2012,-0.000131601,-0.000313423
37.2061,0.000422003,-0.000180929
37.211,0.00014422,0.000317583
37.2159,-0.000215425,0.000112429
37.2208,-0.000210361,-0.000262764
37.2257,0.000186992,-0.000297916
37.2306,0.000186002,-0.000131032
37.2355,0.000336762,6.88517e-05
37.2403,-0.000308646,0.000245943
37.2452,-0.000168418,-0.000781836
37.2501,0.000906406,-0.000240468
37.255,0.000158152,0.000451003
37.2599,0.000109213,-7.04795e-05
37.2648,-5.84783e-05,0.000260587
37.2697,-0.000107431,-0.00054715
37.2746,0.000627428,-7.62635e-05
37.2795,0.000254291,3.52886e-05
37.2844,0.000399991,0.000370322
37.2893,-0.000274169,0.000121074
37.2942,0.000169884,-9.34217e-05
37.2991,-4.74414e-05,-0.000258499
37.304,0.000854585,-0.000179046
37.3088,0.000306933,0.000717906
37.3137,-8.65232e-05,0.000283588
37.3186,4.83045e-06,0.0002023
37.3235,-0.000120264,0.000386442
37.3284,-0.000484417,-0.000195058
37.3333,0.000348427,-0.00014378
37.3382,-0.000290443,0.00012898
37.3431,0.000258491,-0.000316681
37.348,-6.12364e-05,0.000265182
37.3529,-6.56317e-05,-0.000271705
37.3578,-4.6673e-05,-0.000240987
37.3627,0.000612052,-0.000469509
37.3676,0.000334922,0.000467572
37.3725,0.000151035,-0.000297383
37.3773,0.00068786,0.000443384
37.3822,-0.000144763,0.000420585
37.3871,8.03803e-05,0.000128116
37.392,6.78311e-05,0.000185252
37.3969,0.000150158,0.000424165
37.4018,-0.000506361,0.000461441
37.4067,-0.000415334,-0.00029368
37.4116,-2.09273e-05,-0.000130083
37.4165,-5.06378e-05,-0.000250183
37.4214,0.000219306,5.9958e-05
37.4263,-0.000322756,-1.63989e-05
37.4312,9.0187e-05,-0.000445467
37.4361,0.000333002,-0.000136234
37.4409,0.000245598,0.000185596
37.4458,-0.00017588,-5.23534e-05
37.4507,0.000332183,-0.00019049
37.4556,7.19956e-05,0.000150906
37.4605,0.000132573,-6.14048e-05
37.4654,1.91556e-05,-1.78362e-05
37.4703,0.000318964,-8.43849e-05
37.4752,5.6657e-06,0.000160904
37.4801,0.000286152,-0.000170959
37.485,0.000146568,0.000393341
37.4899,-0.000192116,-5.86196e-05
37.4948,0.000104188,-0.000201351
37.4997,0.000388339,-0.000105347
37.5046,0.000263186,0.000296924
37.5094,-9.7041e-06,0.000157347
37.5143,4.55037e-05,2.19792e-05
37.5192,7.45667e-05,0.000127272
37.5241,-9.69105e-05,-0.000156311
37.529,0.000490693,-2.34514e-05
37.5339,-0.000106454,0.000372097
37.5388,-9.65218e-05,-0.000244215
37.5437,0.000250423,-0.000420775
37.5486,0.00105715,9.81363e-05
37.5535,0.000113271,0.000905701
37.5584,9.18667e-05,0.000348979
37.5633,-0.000589145,0.000700991
37.5682,-0.000307417,-0.000648405
37.5731,0.000381569,0.000234939
37.5779,-0.000129627,1.60432e-05
37.5828,0.000101431,0.000230546
37.5877,-0.000251136,3.10972e-05
37.5926,-8.62216e-05,-0.000123845
37.5975,0.00013538,-0.000234203
37.6024,0.000179089,-1.2685e-05
37.6073,0.000458556,-3.13722e-06
37.6122,-6.24559e-05,0.000635714
37.6171,-0.000217146,-0.000298459
37.622,0.000181644,0.000187703
37.6269,-1.85965e-05,-0.000343126
37.6318,0.000649978,0.00029361
37.6367,-0.000132896,0.000395777
37.6416,-3.25671e-05,0.000241012
37.6464,-0.000249336,-2.22146e-05
37.6513,0.00017575,-2.30625e-05
37.6562,4.23058e-05,0.000177775
37.6611,-0.000163584,0.000221621
37.666,-0.000171442,-0.000298501
37.6709,0.000327673,-7.72257e-06
37.6758,0.000134855,6.704e-05
37.6807,0.000132939,0.00048633
37.6856,-0.000641512,-5.62393e-05
37.6905,0.00035551,-0.00047373
37.6954,0.000161028,0.000378732
37.7003,-0.000288629,-0.000148732
37.7052,0.000236932,-0.000380329
37.7101,0.000422844,-0.000170943
37.7149,0.000788261,6.95878e-05
37.7198,0.000402307,0.000740843
37.7247,0.000177109,0.000453211
37.7296,-0.000149512,0.00083094
37.7345,-0.000210362,9.93094e-06
37.7394,3.85645e-05,0.000959966
37.7443,-0.00115465,-6.88942e-05
37.7492,0.000333995,-0.000252483
37.7541,-0.000406712,0.000327099
37.759,4.01787e-05,-8.33614e-05
37.7639,-0.0005053,0.000312683
37.7688,-0.000204418,-0.00059375
37.7737,0.000434111,2.34829e-05
37.7785,-7.08438e-05,0.000465467
37.7834,-0.000429821,-1.67578e-05
37.7883,2.24519e-05,-1.25824e-05
37.7932,-0.000365247,1.53345e-05
37.7981,7.83415e-05,-0.000142359
37.803,-0.000460088,8.64258e-05
37.8079,0.000151127,-0.000767119
37.8128,0.000577334,0.00045984
37.8177,-0.000514553,0.000213558
37.8226,6.58857e-05,-0.000271476
37.8275,2.93287e-05,0.00020046
37.8324,-0.000126583,5.87038e-05
37.8373,-0.000292708,7.95118e-05
37.8422,-8.54483e-05,-0.000442688
37.847,0.0003596,0.000235927
37.8519,-0.000484433,0.000167224
37.8568,-2.4033e-05,-0.000312093
37.8617,1.59247e-05,8.42938e-05
37.8666,-0.000210391,2.68248e-05
37.8715,-0.000129693,-0.000293234
37.8764,0.000332748,0.000143148
37.8813,-0.000596085,0.000496047
37.8862,-0.000749277,-0.000634964
37.8911,0.000315869,-0.000638349
37.896,-8.5335e-05,0.000261034
37.9009,-0.000516976,-0.000825786
37.9058,0.000782169,-0.000425871
37.9107,-0.000179237,0.000154341
37.9156,6.18877e-05,-0.000591426
37.9204,0.000398079,-0.000432208
37.9253,0.000811131,0.000126802
37.9302,-0.000229765,0.000480661
37.9351,2.51688e-05,-0.000304106
37.94,-2.29242e-05,3.22453e-05
37.9449,0.000189744,-0.000269361
37.9498,-1.48189e-05,5.91598e-05
37.9547,0.000243645,-0.000286928
37.9596,-6.95766e-05,0.000183505
37.9645,9.98657e-05,-0.000493757
37.9694,7.96329e-05,5.55484e-05
37.9743,0.000267845,-0.00077412
37.9792,0.000839467,0.000347277
37.984,-0.000166867,1.29955e-05
37.9889,0.00051256,-0.000217062
37.9938,0.00053383,0.000102463
37.9987,0.000533524,0.000558039
38.0036,-7.59697e-05,0.000657472
38.0085,-0.000452628,0.000421608
38.0134,-0.000533691,-0.000267183
38.0183,-3.34008e-05,-0.000481127
38.0232,0.000557797,-0.000441194
38.0281,0.000448743,0.000570779
38.033,-0.000219355,-0.000104572
38.0379,0.000586857,0.000288246
38.0428,-0.000404612,0.000503855
38.0477,-0.000173536,4.39359e-05
38.0525,-0.000576852,1.22285e-06
38.0574,-0.00017742,-0.000561079
38.0623,-7.32121e-05,-0.000454895
38.0672,0.000391548,-0.0007142
38.0721,0.000752185,-0.000198508
38.077,0.000645419,0.000290272
38.0819,5.7703e-05,0.000349946
38.0868,0.000263156,1.47567e-05
38.0917,0.000110402,0.000437366
38.0966,-0.000207819,7.08307e-05
38.1015,-5.76795e-05,-9.77578e-05
38.1064,0.000162906,-0.000193911
38.1113,0.000184977,0.000107424
38.1161,1.91013e-05,-0.000122627
38.121,0.000309428,-2.00899e-05
38.1259,0.000100056,2.66376e-05
38.1308,0.000327881,1.29295e-05
38.1357,2.56696e-05,0.000186274
38.1406,0.000232066,-0.000199473
38.1455,0.000333238,0.00021302
38.1504,0.000350703,1.13993e-05
38.1553,0.000357469,0.000808249
38.1602,-0.000683578,0.000150772
38.1651,0.000410263,-0.000185001
38.17,-0.000265686,0.000581883
38.1749,-0.000273648,-0.000519817
38.1798,0.000621432,-5.91002e-05
38.1847,0.000125247,0.000619538
38.1895,-0.000555523,7.69496e-05
38.1944,0.000184504,-0.000407417
38.1993,8.69701e-05,0.000209932
38.2042,0.000194855,-0.000309943
38.2091,0.000445853,0.000586901
38.214,-0.000540458,0.000223577
38.2189,-6.25558e-05,-0.000184048
38.2238,-0.000106591,-0.000291354
38.2287,0.000537864,-0.000164551
38.2336,5.31144e-05,0.000258698
38.2385,0.000329542,-6.57673e-05
38.2434,2.95115e-05,0.000486285
38.2483,-5.43005e-05,-0.000146616
38.2532,0.000272657,0.000314976
38.258,-0.000130052,0.000331762
38.2629,-0.000529232,0.00032235
38.2678,-0.000516127,-0.000741969
38.2727,0.000413992,-0.000376325
38.2776,0.000179381,-0.000498481
38.2825,0.00102107,8.22334e-05
38.2874,-2.75591e-06,0.000385427
38.2923,0.000659033,0.000175785
38.2972,-0.000420871,0.000742798
38.3021,0.000135764,-0.000529252
38.307,0.000323973,0.000630723
38.3119,-8.25842e-05,-6.76522e-05
38.3168,0.000286787,0.000623785
38.3216,-0.000558044,0.000200631
38.3265,-4.90556e-05,-4.11288e-05
38.3314,-0.000134693,1.54096e-05
38.3363,-0.000183821,6.79728e-05
38.3412,-0.000206839,-0.000517062
38.3461,0.000622883,-0.000246602
38.351,0.000396021,0.000243235
38.3559,0.000189234,0.000448039
38.3608,-4.89773e-05,0.000125328
38.3657,0.000238906,0.000548612
38.3706,-0.000693001,0.000269997
38.3755,0.000125054,-0.000282528
38.3804,-7.79951e-05,0.000453799
38.3853,-0.000454782,2.27264e-05
38.3901,-0.000240231,-0.000323239
38.395,0.000166979,-5.69841e-05
38.3999,-0.000416067,-0.000124781
38.4048,0.000431865,-0.000579087
38.4097,0.000182192,0.000427427
38.4146,-0.000155385,-0.000308684
38.4195,0.000289951,-4.29603e-05
38.4244,0.000214589,-0.000238019
38.4293,0.000703935,0.000298598
38.4342,-6.59629e-05,0.000662226
38.4391,-0.000234892,0.000205045
38.444,-0.000184317,0.000155229
38.4489,-0.000263079,7.68218e-05
38.4538,-0.00032533,-0.000131247
38.4586,-8.42439e-05,-0.000387588
38.4635,0.00017275,-0.000231117
38.4684,0.000214928,-0.000261144
38.4733,0.000562609,8.49712e-05
38.4782,-6.42534e-06,0.000372403
38.4831,0.000139308,-6.22909e-05
38.488,0.000163551,0.000370075
38.4929,-4.60782e-05,0.000210503
38.4978,-0.000225078,0.000428551
38.5027,-0.000512232,-0.00026232
38.5076,0.000318744,-0.000134406
38.5125,-0.000358813,0.000385856
38.5174,-0.000459632,-0.00061125
38.5222,0.000482089,-0.000452917
38.5271,0.000252639,8.05101e-05
38.532,0.000290299,-8.72142e-05
38.5369,0.000358536,0.000354652
38.5418,-0.000110297,0.000439877
38.5467,-0.000390068,0.000211979
38.5516,-0.000408724,-0.000309143
38.5565,0.000245033,-0.000442327
38.5614,0.000398684,0.000189351
38.5663,-4.23424e-05,0.000402933
38.5712,-0.000482451,0.000268224
38.5761,-0.000492274,-0.000467961
38.581,0.000210826,-0.000201118
38.5859,-0.000486283,-8.36698e-05
38.5908,5.92556e-05,-0.000758476
38.5956,0.000205479,-0.000186313
38.6005,0.000140525,-0.000405751
38.6054,0.000194358,-0.000299767
38.6103,0.000557246,-0.000432463
38.6152,0.000440735,0.000247489
38.6201,0.000191531,-0.000101595
38.625,0.000221488,0.000181948
38.6299,0.000147199,-0.000161706
38.6348,0.000116376,0.000290673
38.6397,-0.000120926,-0.000460733
38.6446,0.000496536,0.000192427
38.6495,-0.0005803,-0.000267415
38.6544,0.000586948,-0.000865194
38.6592,0.000641655,-0.000141347
38.6641,0.000666671,-3.59401e-05
38.669,0.00037066,5.17834e-06
38.6739,0.000734398,-7.88424e-05
38.6788,0.00057736,0.000208408
38.6837,0.000747534,0.000318833
38.6886,0.000224199,0.000452383
38.6935,0.000754764,9.29917e-05
38.6984,0.000502658,0.00105582
38.7033,-0.000127131,0.000554644
38.7082,3.24696e-06,0.000508817
38.7131,-8.67216e-05,0.000251924
38.718,7.12654e-05,0.000406176
38.7229,-0.000167113,0.000205097
38.7277,0.000217846,0.000229268
38.7326,-0.000154618,0.000616992
38.7375,-0.000590819,7.31456e-06
38.7424,0.000186464,-0.000471553
38.7473,0.000451737,0.000386641
38.7522,-0.000240798,0.000233257
38.7571,0.000118571,-7.84458e-05
38.762,0.00018514,2.83743e-05
38.7669,0.00050374,0.000223847
38.7718,5.24093e-05,0.000702549
38.7767,-0.000303353,0.000256843
38.7816,-6.11063e-05,1.13274e-05
38.7865,0.000102241,0.000238902
38.7914,-0.000309447,4.51877e-05
38.7962,0.000464081,-0.00029407
38.8011,0.000330635,0.000656511
38.806,-1.41817e-05,0.000192045
38.8109,0.000176667,0.000706773
38.8158,-0.000643682,0.000371437
38.8207,-0.000186292,-0.000142978
38.8256,-2.28934e-05,1.35302e-05
38.8305,5.39965e-05,3.74246e-05
38.8354,0.00017854,0.000137007
38.8403,-1.88525e-05,0.000437621
38.8452,-0.000200294,5.23471e-05
38.8501,9.65599e-05,0.000303206
38.855,-0.000444845,0.000160335
38.8598,7.76554e-05,-0.0002644
38.8647,0.000211253,0.000290114
38.8696,-0.000154382,0.000194312
38.8745,0.000128252,0.000100788
38.8794,-0.000110703,0.000436453
38.8843,-0.0001733,7.4454e-05
38.8892,-0.000217329,0.000331121
38.8941,-0.000243005,-0.000268568
38.899,0.000202534,0.000345855
38.9039,-0.000476917,-8.27074e-05
38.9088,0.000404333,8.83116e-05
38.9137,-0.00042696,0.000323687
38.9186,0.000141795,7.54017e-05
38.9235,-0.000774851,0.000368961
38.9284,-6.80427e-05,-0.000804746
38.9332,0.000308483,0.000203537
38.9381,4.16416e-05,9.59906e-06
38.943,-6.5503e-05,0.000356771
38.9479,-7.84287e-05,-2.66367e-05
38.9528,-0.000299233,0.00051604
38.9577,-0.000551134,-0.000552765
38.9626,0.000406158,0.000117546
38.9675,-0.000655641,2.36905e-05
38.9724,0.000192493,-0.000391487
38.9773,-0.000357126,9.71784e-05
38.9822,0.000108427,-0.000770245
38.9871,0.000480841,0.000200813
38.992,-0.00018947,-0.000144688
38.9968,0.000501536,-0.000189879
39.0017,0.000159749,0.000372971
39.0066,-6.87758e-05,-5.89409e-05
39.0115,0.000443591,3.2108e-05
39.0164,3.70744e-05,0.000730469
39.0213,-0.000707656,-2.51663e-05
39.0262,0.00025733,-0.00041255
39.0311,1.16397e-05,0.000367264
39.036,-0.000212049,-0.000322193
39.0409,0.000403057,7.37221e-06
39.0458,-0.000119058,0.000179092
39.0507,5.98608e-05,-0.000192756
39.0556,0.000254727,-5.12231e-05
39.0605,0.000376338,0.0001572
39.0653,9.29672e-05,0.000355477
39.0702,0.000152582,0.000230476
39.0751,-0.000156955,0.000536152
39.08,-0.000281597,-0.000115256
39.0849,0.000210727,0.000221955
39.0898,-0.000210256,0.000136671
39.0947,0.00030353,0.000359236
39.0996,-0.000771319,0.000732264
39.1045,-0.000655604,-0.000547853
39.1094,-1.04827e-05,-0.000171266
39.1143,-0.000177006,-0.000338843
39.1192,0.000266373,-0.000132674
39.1241,-4.95858e-05,1.9926e-05
39.129,0.000137826,-6.98229e-05
39.1338,-5.08144e-05,9.02169e-05
39.1387,0.000142435,-0.000122995
39.1436,8.86904e-05,0.000411615
39.1485,-0.00049179,5.78732e-05
39.1534,-0.00011818,-0.000254959
39.1583,-0.000163463,-0.000195294
39.1632,0.000160056,-0.000418091
39.1681,0.000256992,5.94784e-05
39.173,-8.51938e-05,-0.000188583
39.1779,0.00050007,-0.000222067
39.1828,0.000154785,0.00043598
39.1877,-0.000193033,-0.000239494
39.1926,0.000539165,-7.3029e-05
39.1974,4.16025e-05,0.000308918
39.2023,0.000184284,-0.000125442
39.2072,0.000363604,0.00028927
39.2121,5.87701e-05,0.000345862
39.217,-7.92695e-06,0.000259338
39.2219,3.64815e-06,0.000295648
39.2268,-0.000265384,0.000335105
39.2317,-0.000341875,-1.60577e-05
39.2366,-0.000144773,-0.000195328
39.2415,0.000176428,-7.28343e-05
39.2464,-0.000156378,0.000171383
39.2513,-1.23226e-05,-0.00034337
39.2562,0.000280965,9.44192e-05
39.2611,9.17041e-05,-2.18605e-05
39.266,0.000252029,0.000387101
39.2708,-0.000465683,0.000160513
39.2757,6.33817e-05,-0.000351294
39.2806,0.000277789,9.46474e-05
39.2855,-3.142e-05,0.000292198
39.2904,-0.000315982,-0.000222487
39.2953,0.000614258,-0.000358593
39.3002,0.000374967,0.000787706
39.3051,-0.000644356,0.000192094
39.31,0.000126618,-0.000500921
39.3149,0.000454945,0.00019875
39.3198,3.51582e-05,0.000258993
39.3247,6.50139e-05,1.47299e-05
39.3296,0.000577391,0.000129078
39.3344,0.000118776,0.00107724
39.3393,-0.000691752,0.000246024
39.3442,-0.000115666,0.000187012
39.3491,-0.000399874,-0.000119139
39.354,0.00033782,0.000291182
39.3589,-0.000865223,0.000246766
39.3638,0.000292272,-0.000605306
39.3687,9.81799e-05,0.00052305
39.3736,7.55024e-05,0.000185187
39.3785,-0.000661522,0.000827394
39.3834,-0.000797962,-0.00073287
39.3883,0.000289546,-0.000162244
39.3932,-0.000189352,-6.18875e-05
39.3981,1.66019e-05,-9.13465e-06
39.4029,-0.000194293,-0.000129274
39.4078,0.000152604,-0.000125118
39.4127,-4.80824e-05,0.000182799
39.4176,-0.000217576,-0.000239544
39.4225,0.000473043,2.91151e-06
39.4274,-0.000425645,0.000492823
39.4323,-8.73863e-05,-0.00055045
39.4372,0.000169443,0.000320592
39.4421,-0.0001606,-0.000240236
39.447,0.000218527,0.000317079
39.4519,-0.000363481,-2.06712e-05
39.4568,5.6546e-05,3.72289e-05
39.4617,-0.000146434,-2.49302e-05
39.4666,-8.36114e-05,0.000246747
39.4714,-0.00045647,-0.000249101
39.4763,0.000161613,-7.90728e-05
39.4812,-0.000344879,3.52661e-05
39.4861,-0.000320354,-0.00029443
39.491,0.000122491,-0.000796944
39.4959,0.000733888,0.00034487
39.5008,-0.000673467,3.80928e-05
39.5057,0.000526566,-0.000474544
39.5106,-0.000158636,0.000491717
39.5155,-0.000299807,-0.000506415
39.5204,0.000284358,-0.000406016
39.5253,0.000502614,-8.47587e-06
39.5302,-0.000129741,0.000192921
39.535,0.000179391,-0.000532208
39.5399,0.000658194,7.59928e-05
39.5448,0.000285281,0.000304072
39.5497,0.000183143,0.000263101
39.5546,0.000173024,0.000338892
39.5595,-0.000101781,0.000447818
39.5644,-0.000301538,0.000151283
39.5693,-7.20193e-05,-6.43276e-05
39.5742,4.0737e-05,0.000256186
39.5791,-0.000461665,0.000180267
39.584,-0.000370298,-0.000334568
39.5889,-1.17033e-05,-0.000569766
39.5938,0.000635311,-0.000347447
39.5987,0.000496239,0.000442292
39.6036,-0.00017353,0.000349835
39.6084,4.35055e-05,-0.000100435
39.6133,0.000139496,0.00039481
39.6182,-0.000407929,3.50673e-05
39.6231,0.000118669,-0.000138276
39.628,-8.14076e-05,1.87643e-05
39.6329,0.000255721,-9.52645e-05
39.6378,7.63078e-05,0.000318708
39.6427,-0.000128436,0.000179525
39.6476,-0.000295577,-3.07975e-05
39.6525,0.000117238,-0.000265588
39.6574,0.000132555,7.4728e-05
39.6623,0.000223701,3.05616e-05
39.6672,2.71454e-05,0.000474416
39.6721,-0.000425921,0.000103252
39.6769,-0.000178788,-0.000180424
39.6818,-9.05728e-05,-0.000171603
39.6867,7.03358e-05,-0.000325449
39.6916,0.000407454,-2.89557e-05
39.6965,7.28743e-06,0.000251551
39.7014,-9.1531e-05,-0.000165081
39.7063,0.000375119,-0.000211401
39.7112,0.000386365,0.000466871
39.7161,-0.000439594,0.00015847
39.721,0.000305059,-0.000449087
39.7259,0.000522009,0.000328438
39.7308,0.000150261,0.000424226
39.7357,-9.25609e-06,0.000356244
39.7405,8.6709e-05,0.000442599
39.7454,-0.000523221,0.0004806
39.7503,-0.00015816,-0.000261256
39.7552,4.88833e-05,0.000419876
39.7601,-0.000396175,1.41064e-05
39.765,0.000135325,0.00015242
39.7699,-0.000434525,0.000526867
39.7748,-0.000782282,-0.000212181
39.7797,1.54498e-05,-0.000534827
39.7846,1.01286e-05,0.000155448
39.7895,-0.000296772,-0.000243554
39.7944,6.55436e-05,-0.000149091
39.7993,-4.34503e-05,-0.000186347
39.8042,0.000161534,3.31038e-05
39.809,-0.00024297,-9.5959e-05
39.8139,0.000294369,-0.000234853
39.8188,-6.0867e-05,0.00022113
39.8237,0.000101346,-0.000401173
39.8286,0.000549184,0.000420066
39.8335,-0.000395357,0.000465489
39.8384,-0.000271524,9.09863e-05
39.8433,-0.000723903,-0.000116789
39.8482,3.32916e-05,-0.000992226
39.8531,0.000698536,-9.03063e-05
39.858,0.000323209,0.000126827
39.8629,0.000320989,0.000518341
39.8678,-0.000447168,0.000495471
39.8727,-0.000442755,-0.000106786
39.8775,-0.000229491,-0.000191366
39.8824,-0.000193788,-0.000308402
39.8873,0.000171759,-0.000464372
39.8922,0.000373182,8.72705e-05
39.8971,-0.000219584,2.179e-05
39.902,0.000211239,-0.00041217
39.9069,0.000364936,0.000155835
39.9118,-4.60014e-05,4.9526e-05
39.9167,0.000181711,-0.000123003
39.9216,0.000269693,3.2068e-05
39.9265,0.000319061,0.00023531
39.9314,-4.50606e-05,0.000462585
39.9363,-0.000344308,7.70552e-05
39.9412,-9.54549e-05,-0.000285505
39.946,0.000419482,-0.000186757
39.9509,0.000392011,0.000484657
39.9558,-0.00030483,0.000517371
39.9607,-0.000437998,-0.000112889
39.9656,0.000161674,-0.000280689
39.9705,0.000217817,0.000304866
39.9754,-0.000256298,0.000243652
39.9803,-0.000235365,-5.32755e-05
39.9852,-4.68753e-05,-0.000115116
39.9901,-9.67116e-05,1.02254e-05
39.995,-5.62853e-05,-0.000289003
39.9999,0.000320152,-1.70184e-05
40.0048,-2.75614e-05,0.000181948
40.0097,-5.83387e-05,-5.19385e-05
40.0145,0.000102747,-7.69215e-05
40.0194,9.29914e-05,0.000123325
40.0243,1.26258e-05,-6.2647e-05
40.0292,0.000230792,0.000268412
40.0341,-0.000420861,0.00014051
40.039,8.69047e-05,-0.000312274
40.0439,2.31853e-05,6.007e-05
40.0488,0.000232247,-0.000215017
40.0537,0.000213921,0.000348899
40.0586,-0.000104703,-2.75331e-05
40.0635,0.000302894,0.000109074
40.0684,5.10624e-05,0.000373727
40.0733,-0.000222428,0.000354798
40.0781,-0.000405275,-6.01495e-05
40.083,4.72678e-05,-0.000210234
40.0879,-2.64041e-07,0.000124415
40.0928,-0.000170267,-0.00020302
40.0977,0.00044206,-0.000170436
40.1026,0.000147129,0.000537205
40.1075,-0.000348206,8.83043e-05
40.1124,-4.77089e-05,-0.000107934
40.1173,8.13794e-05,-0.000135453
40.1222,0.000297034,0.000105033
40.1271,9.69916e-05,0.00031295
40.132,-0.00015884,0.000347839
40.1369,-0.000279496,-0.000109723
40.1418,0.000274046,-7.75213e-06
40.1466,-2.61684e-05,0.0003082
40.1515,6.76925e-05,0.000166201
40.1564,-0.000103954,0.000502839
40.1613,-0.000419101,0.000329318
40.1662,-0.000612984,0.000116725
40.1711,-0.000419023,-0.000351077
40.176,-0.000168302,-0.000138411
40.1809,-0.000273654,-0.000425447
40.1858,0.00030647,-0.000252514
40.1907,-0.000105823,4.56629e-05
40.1956,0.000148943,-0.000276079
40.2005,8.67053e-05,0.000170451
40.2054,1.94794e-05,-9.77307e-05
40.2103,-4.56858e-05,0.0002746
40.2151,-0.000337129,-0.000345415
40.22,0.000401735,-0.000191809
40.2249,9.92927e-05,0.000148543
40.2298,6.71329e-05,0.000138593
40.2347,-5.04359e-05,-1.42051e-05
40.2396,0.000186796,0.000243697
40.2445,-0.000338196,8.23716e-05
40.2494,0.000255716,6.96756e-05
40.2543,-0.000577546,0.000381719
40.2592,-7.18035e-05,-0.000546308
40.2641,4.05504e-05,0.000337212
40.269,-0.00038385,-0.000213977
40.2739,-0.000143395,-4.76482e-05
40.2788,-0.000294296,-0.000600943
40.2836,0.000509567,-0.000309791
40.2885,-3.9188e-05,-2.99274e-05
40.2934,0.000356764,-0.000505892
40.2983,0.000677175,0.000158764
40.3032,0.000188835,0.000317595
40.3081,0.000245414,0.000222907
40.313,-1.93459e-07,0.000385507
40.3179,-3.44956e-05,9.63001e-05
40.3228,4.56847e-05,0.000132445
40.3277,0.000291107,0.000165962
40.3326,-7.78874e-05,0.000733071
40.3375,-0.000513875,0.000102643
40.3424,-0.000243516,3.10867e-05
40.3473,-0.000113394,-0.000395341
40.3521,0.000527964,0.000150434
40.357,1.90598e-05,0.00037567
40.3619,0.000143414,0.00055972
40.3668,-0.00051712,0.000583815
40.3717,-0.000458119,0.00025541
40.3766,-0.000596693,4.67686e-05
40.3815,-0.000280788,0.000141022
40.3864,-0.000905727,-4.0683e-05
40.3913,-0.000199724,-0.000523465
40.3962,-0.000452513,-6.27682e-05
40.4011,-0.000201243,-0.000653728
40.406,2.8781e-05,-0.000193108
40.4109,-1.55449e-05,-0.000271916
40.4157,-0.000151994,-8.4281e-05
40.4206,-2.45109e-05,-0.000490726
40.4255,0.000260329,-4.01989e-05
40.4304,-0.000151373,5.53203e-06
40.4353,-0.000143143,-0.000332042
40.4402,0.000238311,-0.000234255
40.4451,-6.80295e-05,-0.000129174
40.45,0.000467154,-0.000283439
40.4549,-4.00826e-05,0.000408206
40.4598,7.76707e-05,-0.000470327
40.4647,0.000379706,0.00051279
40.4696,-0.000379956,-6.01042e-05
40.4745,0.000248382,0.000191003
40.4794,-0.000526207,0.000105155
40.4842,-3.05996e-06,-0.000315551
40.4891,1.50367e-05,-5.68577e-05
40.494,9.15191e-05,8.68461e-05
40.4989,-0.000269793,0.000107329
40.5038,-0.000229037,-6.63527e-05
40.5087,-0.000362337,-0.000345838
40.5136,0.000277608,-0.000389977
40.5185,-9.24981e-05,0.000151247
40.5234,-0.000177921,-0.000480194
40.5283,0.00030842,-0.000225249
40.5332,5.47178e-05,-0.000186315
40.5381,0.000500378,-0.000182979
40.543,0.000162603,0.000456205
40.5479,-0.000191537,-3.98736e-05
40.5527,7.42e-05,0.000105866
40.5576,-0.000257066,-7.46582e-05
40.5625,0.00010438,-0.000147354
40.5674,-9.72517e-05,-1.94287e-05
40.5723,6.29578e-06,-0.000196757
40.5772,0.000110277,-0.000196055
40.5821,0.000269958,0.000113876
40.587,-0.000344856,7.57927e-05
40.5919,8.80776e-05,-0.000515713
40.5968,0.000300391,-5.91162e-05
40.6017,0.00038758,-0.000165774
40.6066,0.00041161,0.000580105
40.6115,-0.000503836,0.000189662
40.6163,0.000267582,-0.000242586
40.6212,-3.42207e-05,0.000534157
40.6261,-0.000422816,-0.000154999
40.631,7.80611e-05,-0.000126117
40.6359,-2.89111e-05,-2.77616e-05
40.6408,1.02545e-06,5.6142e-05
40.6457,-0.000187125,-5.46645e-05
40.6506,-5.12109e-05,-0.000186621
40.6555,0.000113483,-0.000228473
40.6604,0.000209579,6.48414e-05
40.6653,3.89764e-05,-3.29839e-06
40.6702,0.000113378,0.000240518
40.6751,-0.000307415,-1.28968e-05
40.68,0.000155792,-4.93057e-05
40.6849,-0.000263912,8.01593e-05
40.6897,0.00017188,-0.000214056
40.6946,-0.000113809,0.000382609
40.6995,-0.000371229,-0.000261536
40.7044,0.000150407,-0.000111868
40.7093,-0.000188513,0.000155258
40.7142,-0.00036491,-0.000215638
40.7191,-4.17205e-05,-0.000383787
40.724,7.61191e-05,-0.000170361
40.7289,-8.2812e-05,-0.000108448
40.7338,-0.000107255,-0.000319481
40.7387,2.61353e-05,-0.000312041
40.7436,8.7385e-05,-0.000574598
40.7485,0.000782254,-0.00030006
40.7533,0.000397337,0.000455145
40.7582,-0.000140503,0.000310281
40.7631,-0.000374703,-0.000130965
40.768,9.61821e-05,-0.000469147
40.7729,0.0002977,-0.000161653
40.7778,0.000299302,5.2231e-05
40.7827,-0.00010261,0.000116313
40.7876,9.86646e-06,-0.000252051
40.7925,3.14976e-05,-0.000179074
40.7974,0.000281324,-0.000400519
40.8023,0.000414868,-6.22089e-05
40.8072,0.000437242,-6.19854e-05
40.8121,0.000436622,0.000272146
40.817,0.000212229,0.000419871
40.8218,-0.000353946,0.000371186
40.8267,-0.000176174,-0.000421772
40.8316,0.000286204,-0.000141537
40.8365,0.000359717,-0.000198987
40.8414,0.00059775,0.000382917
40.8463,-8.89552e-05,0.00057624
40.8512,-0.000397407,6.92927e-05
40.8561,0.000147373,-0.000357196
40.861,0.000281552,0.000366159
40.8659,-0.000262875,1.17183e-05
40.8708,0.000134132,-7.53308e-05
40.8757,0.000108451,-0.00010443
40.8806,0.00037645,0.000174901
40.8855,4.21985e-05,0.000264193
40.8903,-2.55438e-05,0.000376048
40.8952,-0.000387373,-0.000181445
40.9001,0.000611149,-4.32981e-05
40.905,-0.000234644,0.000706402
40.9099,-0.000325906,-0.00017726
40.9148,-2.77205e-05,2.549e-05
40.9197,-3.35285e-06,-9.81093e-05
40.9246,4.72308e-05,0.000139682
40.9295,-6.44456e-05,7.49523e-05
40.9344,-0.000238435,0.000147974
40.9393,-0.000209567,-0.000397209
40.9442,0.000432006,-4.37153e-05
40.9491,-0.00020883,0.000379673
40.9539,-0.000325345,-0.000394832
40.9588,0.000397697,-0.000256897
40.9637,0.000113478,0.000151907
40.9686,0.000226302,-5.62647e-05
40.9735,0.000110331,0.000437706
40.9784,-0.000298277,3.34541e-05
40.9833,-1.64126e-05,1.5048e-06
40.9882,-7.61733e-05,-0.00019093
40.9931,0.00037488,0.000200577
40.998,-0.00053275,0.000276457
41.0029,6.10501e-05,-0.000555724
41.0078,0.00026171,0.000249472
41.0127,-7.87261e-05,-5.42584e-05
41.0176,0.00021019,0.000168584
41.0225,-0.000116643,0.000279548
41.0273,-0.000299018,0.000151173
41.0322,-0.000227976,-0.000134037
41.0371,-0.000198913,-2.60185e-05
41.042,-6.21377e-05,-0.000373924
41.0469,0.000206925,0.000226312
41.0518,-0.000555954,7.08785e-06
41.0567,-0.000107068,-0.000422908
41.0616,-0.000109064,-0.000278383
41.0665,9.17032e-05,-0.000456951
41.0714,0.000294804,-0.00032089
41.0763,0.000439494,-6.28488e-05
41.0812,0.00016702,0.000198561
41.0861,-1.71766e-05,1.72108e-05
41.091,8.87429e-05,-7.12782e-06
41.0958,-0.000131464,6.43693e-05
41.1007,-8.06188e-05,-0.00034595
41.1056,0.000172881,-0.000190138
41.1105,0.000225823,-0.00031484
41.1154,0.000352699,0.000111477
41.1203,-8.78857e-06,-0.000288731
41.1252,0.000745417,-4.25527e-05
41.1301,7.87562e-05,0.000349914
41.135,0.000268153,-6.1017e-05
41.1399,0.000285504,0.000172766
41.1448,0.000397387,0.000323213
41.1497,-9.98096e-05,0.000486239
41.1546,4.62715e-05,0.000142121
41.1594,-0.000148953,0.000453175
41.1643,-0.000370368,4.58069e-05
41.1692,-0.000229585,-0.000185179
41.1741,0.000167306,-0.000321453
41.179,0.000397542,0.000131205
41.1839,-3.52938e-05,0.000424646
41.1888,-0.000217877,-9.07271e-05
41.1937,0.000155404,0.000204222
41.1986,-0.000454994,-0.000178668
41.2035,0.000723388,-0.000244556
41.2084,-0.000132249,0.000729751
41.2133,-5.69156e-05,-0.000131905
41.2182,-0.000250942,0.000480702
41.2231,-0.000320416,-0.000446369
41.2279,0.000144195,3.81427e-05
41.2328,5.64522e-05,-0.000262066
41.2377,0.000281902,0.000356683
41.2426,-0.000253095,-1.23951e-05
41.2475,0.000245705,0.000133456
41.2524,-0.000181671,0.000314653
41.2573,-0.000299316,0.000153437
41.2622,-0.00026496,-9.55253e-05
41.2671,-0.000343377,0.000118823
41.272,-0.000537914,-0.000573908
41.2769,8.53527e-05,-0.00054171
41.2818,0.000297231,-0.000825094
41.2867,0.00119524,0.000193168
41.2915,-0.000222245,0.000610807
41.2964,0.000224183,-0.000118084
41.3013,-9.06731e-05,0.000430586
41.3062,-5.67773e-05,-6.44936e-05
41.3111,-0.00028092,0.000175845
41.316,4.22804e-05,-0.000522579
41.3209,0.00025318,0.000293032
41.3258,-0.0001739,-0.000323936
41.3307,0.000609585,0.000110596
41.3356,-0.000106089,0.000373234
41.3405,1.0655e-05,0.000219263
41.3454,-0.00046069,0.000147043
41.3503,-9.87222e-05,-0.000370698
41.3552,0.000183775,-0.000101711
41.3601,0.000135326,0.000240428
41.3649,-0.00047979,8.05227e-05
41.3698,-4.26932e-05,-0.000521397
41.3747,0.000189745,-0.000141703
41.3796,0.000179607,-0.000270695
41.3845,0.00053119,-6.19994e-05
41.3894,0.000341426,0.000525625
41.3943,-0.000391807,0.000244998
41.3992,0.000125876,-0.000253773
41.4041,0.000166651,0.000265732
41.409,-5.83138e-05,0.000125134
41.4139,-3.48906e-05,8.15395e-05
41.4188,4.98093e-05,0.000172073
41.4237,-0.000335495,0.000113736
41.4286,0.000137975,-0.000203412
41.4334,-0.000135865,0.00039362
41.4383,-0.000271171,-0.000243286
41.4432,-6.49403e-05,9.86796e-05
41.4481,-0.000328272,-0.000389343
41.453,0.00029809,-0.000332073
41.4579,0.000296136,-4.72389e-05
41.4628,0.000163625,0.000305921
41.4677,-0.000322914,-3.95839e-05
41.4726,0.000210596,-0.000375098
41.4775,0.000489791,0.000133765
41.4824,1.98299e-05,0.000556699
41.4873,-0.000487203,2.74232e-05
41.4922,9.83258e-05,-0.000386043
41.497,0.000364933,0.000195714
41.5019,-0.00013272,0.00033468
41.5068,-0.000191003,8.63281e-05
41.5117,-0.000259906,-4.62027e-05
41.5166,3.97487e-05,-0.000151663
41.5215,-0.000142549,6.93371e-05
41.5264,2.27689e-05,-0.00020619
41.5313,-0.000102672,0.000123457
41.5362,-1.54601e-05,-0.000348858
41.5411,0.000143173,0.000201031
41.546,-0.000184449,-0.000224104
41.5509,0.000226386,0.000133844
41.5558,-0.000418578,-7.02193e-05
41.5607,0.000175885,-0.000401486
41.5655,0.000216374,2.74968e-06
41.5704,0.000109911,0.000119796
41.5753,-0.0001083,0.000115122
41.5802,-0.000306642,-3.61855e-05
41.5851,-4.45859e-05,-0.000607802
41.59,0.000541253,4.05909e-05
41.5949,-0.000214671,9.20779e-05
41.5998,0.000113737,-0.000179781
41.6047,-8.58746e-05,-0.000191507
41.6096,0.000418335,-0.000193436
41.6145,-6.10777e-05,7.62084e-05
41.6194,0.000376642,-0.000275194
41.6243,1.73443e-05,0.000248129
41.6292,0.000274971,-0.000398632
41.634,0.000297183,0.000440315
41.6389,-0.0001088,-0.000253949
41.6438,0.000436387,0.000114739
41.6487,0.000100392,-3.00638e-05
41.6536,0.00035634,0.000339727
41.6585,-0.000163699,-7.79561e-05
41.6634,0.000657334,0.000229728
41.6683,-0.000360121,0.000462126
41.6732,0.000250954,-0.000142595
41.6781,-0.000113718,0.000465273
41.683,-3.52501e-05,-0.000201228
41.6879,0.000198488,0.000177583
41.6928,0.000181714,0.000213041
41.6977,-0.000205805,0.000413387
41.7025,-5.2008e-05,-0.000128983
41.7074,5.46148e-05,0.000297833
41.7123,4.81984e-06,5.28157e-05
41.7172,-5.47156e-05,0.000565191
41.7221,-0.000635018,2.60905e-05
41.727,-0.000103876,-0.000285666
41.7319,0.000127005,-2.25236e-05
41.7368,-0.000169913,0.000252172
41.7417,-0.000258697,-0.000243875
41.7466,0.000129525,-0.000107741
41.7515,0.000179667,3.60684e-05
41.7564,-0.000133049,0.000492208
41.7613,-0.000555603,-0.000301858
41.7662,0.000343354,-0.000146187
41.771,-0.000310657,0.000261737
41.7759,-0.000178639,-0.000340174
41.7808,2.6412e-05,-0.000120662
41.7857,6.73479e-05,-0.000192274
41.7906,9.64283e-05,5.81022e-05
41.7955,-6.74983e-05,-0.000128866
41.8004,0.000170377,6.09785e-05
41.8053,-0.000349561,-4.8384e-05
41.8102,0.000261663,-0.000533365
41.8151,0.000419479,0.000171117
41.82,0.00012342,0.000218712
41.8249,-0.000223551,0.000198123
41.8298,8.39385e-05,-0.000322601
41.8346,0.000192521,0.00031467
41.8395,-0.00013696,-0.000140975
41.8444,0.000326069,0.000182383
41.8493,-0.00016006,0.000229922
41.8542,-8.53786e-05,0.00012626
41.8591,-0.00015489,-8.01355e-05
41.864,0.000140472,0.000206251
41.8689,-0.000490184,0.000164679
41.8738,-0.000167853,-0.000344016
41.8787,7.24579e-06,-0.000144059
41.8836,4.87691e-05,-0.000110316
41.8885,-2.11495e-05,-4.62725e-05
41.8934,2.10577e-05,-0.000156087
41.8983,0.000168573,-6.21371e-05
41.9031,3.40696e-05,9.50566e-05
41.908,3.85382e-05,-8.77933e-05
41.9129,0.000126119,0.00019057
41.9178,-0.000216098,4.38622e-05
41.9227,2.82895e-05,-3.07404e-05
41.9276,-0.000193802,3.25229e-05
41.9325,-6.4709e-06,-0.000204875
41.9374,3.36423e-05,8.08677e-05
41.9423,-0.000256489,-1.04828e-05
41.9472,-0.000227145,-0.000374248
41.9521,0.000289659,-0.000484879
41.957,0.000405033,0.000120955
41.9619,-5.61227e-05,2.84144e-05
41.9668,0.000240797,-2.11914e-05
41.9716,-0.000134812,0.000185387
41.9765,-5.4319e-05,-0.000270478
41.9814,0.000164577,-0.000142526
41.9863,0.000308527,-2.87499e-05
41.9912,-1.09135e-05,0.000201708
41.9961,0.00014874,-0.000198521
42.001,0.000174318,0.000346827
42.0059,-0.000233324,-4.65876e-05
42.0108,8.92026e-05,-7.48142e-05
42.0157,4.48438e-05,-0.000110044
42.0206,0.00019926,-5.98436e-05
42.0255,0.000346848,5.2294e-05
42.0304,3.0438e-05,0.00046848
42.0353,-0.00011723,-0.000105382
42.0401,0.000214854,0.000396771
42.045,-0.000508647,0.000152447
42.0499,-0.000138533,-0.000189094
42.0548,-6.86003e-05,-0.000309407
42.0597,0.000430098,1.09115e-05
42.0646,-0.000188638,0.000287831
42.0695,-1.59293e-05,-0.000182159
42.0744,3.80551e-05,0.00015938
42.0793,-0.00017135,-7.84959e-05
42.0842,0.000152005,-7.11666e-06
42.0891,-0.000280291,0.00021834
42.094,-0.000212624,-0.000385887
42.0989,2.5399e-05,-6.71536e-05
42.1038,-0.000150694,-0.00051352
42.1086,0.000593344,-0.000281893
42.1135,0.000208073,0.000137822
42.1184,0.000215664,-2.74251e-05
42.1233,0.000164786,6.60616e-05
42.1282,0.000221849,-6.90258e-05
42.1331,0.000550488,0.000216604
42.138,-6.99008e-05,0.000740059
42.1429,-0.000336333,-7.34142e-05
42.1478,8.50863e-05,0.000228066
42.1527,-0.000310557,-0.000112857
42.1576,0.000285599,5.54092e-05
42.1625,-0.000261578,9.70218e-05
42.1674,0.000283141,-6.4503e-05
42.1722,-0.000122034,0.000405926
42.1771,-0.000197522,2.46828e-05
42.182,-0.000249995,2.34856e-05
42.1869,-5.1045e-05,-0.00024317
42.1918,0.000163444,2.93977e-05
42.1967,-6.95428e-05,0.000274602
42.2016,-0.000424535,-7.98846e-06
42.2065,-0.000118697,-0.000315617
42.2114,4.28605e-05,-0.000165467
42.2163,3.06179e-05,-6.28128e-05
42.2212,-3.35304e-05,-0.000110499
42.2261,-1.10025e-05,-9.39879e-05
42.231,5.17534e-05,-0.000275302
42.2359,0.000256275,4.64728e-05
42.2407,-7.84657e-05,-8.83525e-05
42.2456,0.000267906,-2.77488e-06
42.2505,-0.00013962,2.30787e-05
42.2554,0.000243925,-0.00013645
42.2603,-1.38279e-05,0.000130747
42.2652,0.000132302,-6.11556e-05
42.2701,-7.70198e-05,0.000124438
42.275,8.6467e-05,-0.000158701
42.2799,1.43563e-05,0.00016826
42.2848,-0.000105223,-0.00015216
42.2897,5.14535e-05,-8.48709e-05
42.2946,6.99325e-05,-0.000259196
42.2995,0.000432006,-5.74343e-05
42.3044,0.000153266,0.000270085
42.3092,3.33799e-05,5.79057e-05
42.3141,2.98481e-05,0.000127915
42.319,7.7195e-05,-0.000132163
42.3239,0.000345176,0.000293012
42.3288,-0.000206159,0.000262044
42.3337,1.33841e-05,8.69432e-05
42.3386,-0.000171024,9.82997e-05
42.3435,3.38193e-05,0.000108256
42.3484,-0.000384523,7.75989e-05
42.3533,3.00662e-05,-0.000280353
42.3582,-3.38972e-05,4.65351e-05
42.3631,8.32852e-05,-0.000105013
42.368,-0.000107951,0.000118715
42.3729,5.10785e-05,-0.000203541
42.3777,2.47005e-06,0.000243192
42.3826,-0.000286365,-0.000180379
42.3875,7.08359e-05,-0.000190318
42.3924,1.06054e-05,-0.000125478
42.3973,6.75887e-05,-0.00017474
42.4022,0.000194977,-0.000198904
42.4071,0.0003516,-9.61582e-06
42.412,0.000173101,0.00026709
42.4169,-0.000112049,2.04796e-05
42.4218,0.000256545,-3.4167e-05
42.4267,2.01223e-06,0.000211851
42.4316,0.00017569,-5.58502e-05
42.4365,0.000126137,0.000429401
42.4414,-0.000251121,0.000146762
42.4462,-7.75741e-05,9.77476e-05
42.4511,-0.000229879,6.01442e-05
42.456,-0.000180667,-0.000134762
42.4609,5.29745e-05,-0.000223633
42.4658,0.000250927,6.81123e-05
42.4707,-4.27321e-05,0.000339161
42.4756,-0.000380564,0.000131706
42.4805,-0.000376318,-0.000189873
42.4854,-0.000148741,-0.000498567
42.4903,0.000371761,-0.000299232
42.4952,0.000155989,6.85297e-05
42.5001,0.000179185,3.05402e-05
42.505,-0.000160904,0.000191831
42.5098,1.08514e-06,-0.000316013
42.5147,0.000179401,0.000239071
42.5196,-0.000398795,-0.000113652
42.5245,0.000190145,-0.000436821
42.5294,0.000355604,2.34349e-05
42.5343,0.000101214,0.000211984
42.5392,-9.89588e-05,0.000105759
42.5441,-0.000173092,-6.17361e-05
42.549,9.39511e-05,-0.000306161
42.5539,0.00027288,0.000216129
42.5588,-0.000417967,4.98472e-05
42.5637,8.89279e-05,-0.000519698
42.5686,0.000314008,3.3994e-05
42.5735,-7.05457e-06,-8.32314e-05
42.5783,0.00027171,-0.000127634
42.5832,0.000193788,8.73447e-05
42.5881,0.000159421,8.51739e-05
42.593,-1.77686e-05,0.00013547
42.5979,7.39032e-05,-0.000142741
42.6028,0.00022094,0.00019722
42.6077,-0.000208639,1.02542e-05
42.6126,0.00028858,-0.000238756
42.6175,0.00024573,0.000317889
42.6224,-9.65378e-05,0.00010877
42.6273,6.54492e-05,7.92307e-05
42.6322,-0.00011229,5.9859e-05
42.6371,8.69067e-05,-0.000121454
42.642,9.47142e-05,0.000135915
42.6469,-3.92333e-05,-8.43904e-05
42.6517,0.000297463,2.16656e-05
42.6566,7.32118e-06,0.000264181
42.6615,-1.64292e-06,-4.24714e-05
42.6664,0.000226243,0.000137971
42.6713,1.08674e-05,0.000313179
42.6762,-9.86365e-05,0.000185626
42.6811,-0.000130801,0.000266018
42.686,-0.000415479,7.80926e-06
42.6909,5.3723e-05,-0.000199477
42.6958,-0.000138319,0.000289867
42.7007,-0.00044582,-0.000239545
42.7056,4.95333e-05,-0.000441088
42.7104,0.000412833,-0.000123517
42.7153,1.66443e-05,0.000395915
42.7202,-0.000244254,-0.000222631
42.7251,0.000241011,6.55038e-05
42.73,-0.000296005,-1.10794e-05
42.7349,0.00022259,-0.000261231
42.7398,0.000107174,0.000196045
42.7447,-9.24813e-05,0.000100766
42.7496,-0.000255072,-9.28875e-05
42.7545,0.00010293,-0.000373363
42.7594,0.000392516,-7.04503e-06
42.7643,0.000113054,0.000430174
42.7692,-0.000495398,4.31238e-05
42.7741,0.000108119,-0.000430175
42.779,0.00021652,0.000135314
42.7838,-5.77225e-05,7.39027e-05
42.7887,-0.000111342,-3.5078e-05
42.7936,5.61817e-05,-0.00013612
42.7985,-6.93364e-07,-1.17957e-05
42.8034,0.000127636,-0.000116057
42.8083,8.25286e-06,0.000109312
42.8132,4.59169e-05,-0.000162141
42.8181,0.000119875,0.000131073
42.823,-5.96779e-05,-7.07662e-05
42.8279,0.000149598,-8.85827e-06
42.8328,0.000144292,0.000118325
42.8377,-0.000168318,0.000350088
42.8426,-0.000347099,-0.0002555
42.8475,0.000172799,-3.56997e-05
42.8523,-0.000352191,-9.62235e-06
42.8572,2.42664e-05,-0.000471465
42.8621,0.000235296,-9.51992e-05
42.867,6.79523e-05,-8.65006e-05
42.8719,0.000199394,-7.92637e-05
42.8768,3.53791e-05,0.000126729
42.8817,-7.58957e-05,-0.000170874
42.8866,0.000157923,-6.24457e-05
42.8915,-6.03015e-05,-7.61055e-05
42.8964,5.93479e-05,-0.000224109
42.9013,0.000157332,-0.000278402
42.9062,0.000331865,-0.000135803
42.9111,0.000282579,-0.000177373
42.9159,0.000600273,0.000117085
42.9208,2.5918e-05,0.000334748
42.9257,0.000184285,-0.000120326
42.9306,0.00025374,0.000179995
42.9355,0.000232259,-8.48984e-06
42.9404,0.000417981,0.0003165
42.9453,5.41045e-05,0.000402738
42.9502,3.45617e-05,0.000282762
42.9551,-7.86288e-05,0.000287689
42.96,-5.59008e-05,0.000182876
42.9649,-0.000175822,0.000245879
42.9698,-0.000168556,-2.2346e-05
42.9747,-0.000115458,0.000123749
42.9796,-0.000189284,-0.000242237
42.9844,0.000237958,1.22054e-05
42.9893,-0.000131486,-6.5228e-05
42.9942,0.000421083,1.75642e-05
42.9991,-0.000237216,0.000364753
43.004,1.6611e-05,-0.000264107
43.0089,7.85406e-05,0.000117957
43.0138,0.00021468,-0.000140897
43.0187,0.000222834,0.000400585
43.0236,-8.62556e-05,0.000121051
43.0285,7.38317e-05,0.000262003
43.0334,-0.00015644,0.000201799
43.0383,-0.000172752,9.71587e-05
43.0432,4.62944e-05,-5.47518e-05
43.048,-2.52248e-05,0.000422547
43.0529,-0.000413883,-5.34714e-05
43.0578,0.000115453,6.49541e-05
43.0627,-0.000465657,0.000209366
43.0676,-0.000203194,-0.000442522
43.0725,0.000238214,-4.33614e-05
43.0774,-0.000118449,0.000160895
43.0823,-0.000139336,-0.00012885
43.0872,5.90622e-05,1.28535e-05
43.0921,-0.000213554,6.01353e-05
43.097,-8.18947e-05,-0.000241067
43.1019,9.00462e-05,2.46704e-05
43.1068,-0.000166406,-2.55754e-05
43.1117,-4.99007e-06,-7.87484e-05
43.1166,-0.000213973,-3.6993e-05
43.1214,-8.88749e-05,-0.000347867
43.1263,0.00016965,-0.000256104
43.1312,0.000187363,-9.88425e-06
43.1361,-5.61455e-05,-0.000131944
43.141,0.000341708,-0.000117909
43.1459,-0.000127183,0.00016589
43.1508,0.000181458,-0.000456364
43.1557,0.000439842,0.000286773
43.1606,-0.000116608,0.000138728
43.1655,1.05743e-05,6.2871e-06
43.1704,4.31502e-05,-0.000101279
43.1753,0.000180055,4.0271e-05
43.1802,0.000125185,0.000108077
43.1851,-7.36895e-05,0.000217724
43.1899,-6.57726e-05,-9.92034e-05
43.1948,-2.40051e-05,0.000125363
43.1997,-0.000113868,-0.00023905
43.2046,0.000198421,-1.25797e-05
43.2095,5.5531e-05,-0.000110338
43.2144,0.00024455,0.000166791
43.2193,-7.77684e-05,2.9885e-05
43.2242,0.000121932,0.000221218
43.2291,-0.000442146,-8.41605e-05
43.234,0.000308652,-0.000399197
43.2389,0.000210995,0.000150435
43.2438,0.000195771,7.1549e-05
43.2487,1.20676e-06,0.000300773
43.2535,-0.000167996,0.000116007
43.2584,-0.000300102,-7.40797e-05
43.2633,3.36328e-05,-0.000415911
43.2682,0.000302821,-9.22857e-05
43.2731,0.000182616,8.404e-06
43.278,0.000183121,4.9251e-05
43.2829,0.000121024,6.0101e-05
43.2878,0.000211899,1.10137e-05
43.2927,0.000251307,0.000261123
43.2976,5.09496e-07,0.000251441
43.3025,3.6086e-05,0.000258775
43.3074,-0.000242411,0.000216069
43.3123,-0.00011469,-7.94501e-05
43.3172,5.94068e-05,1.95483e-05
43.322,-1.34117e-05,0.000200418
43.3269,-0.000251679,-1.37401e-05
43.3318,0.000111442,-5.71336e-05
43.3367,-0.000257924,0.000131437
43.3416,2.08354e-05,-0.000458216
43.3465,0.000444615,0.000147239
43.3514,-9.52554e-05,0.000313813
43.3563,-0.000222269,-1.99769e-05
43.3612,9.5191e-05,-0.000207308
43.3661,0.000170144,0.000213492
43.371,-0.000204387,6.66016e-05
43.3759,-3.00663e-05,-0.000138494
43.3808,0.00016191,-0.000179528
43.3857,0.00037471,0.000196591
43.3905,-8.57662e-05,0.000358861
43.3954,-0.000130399,7.1395e-05
43.4003,-3.37296e-05,4.60674e-05
43.4052,-2.43622e-05,0.00016057
43.4101,-0.000191633,5.61935e-05
43.415,-4.87747e-05,5.24189e-05
43.4199,-0.000255578,-1.06175e-05
43.4248,3.25604e-05,-0.000112678
43.4297,-0.000207879,7.04393e-05
43.4346,-7.72241e-05,-0.000280724
43.4395,1.5924e-05,-0.000118717
43.4444,0.000221616,-0.000227445
43.4493,0.00014134,0.000270125
43.4542,-0.000186275,-0.000157857
43.459,0.000360586,-6.33434e-05
43.4639,6.52973e-07,0.000368764
43.4688,-0.000298842,-4.016e-05
43.4737,9.8858e-05,-0.000222955
43.4786,0.000121698,0.000100841
43.4835,-2.46948e-06,2.88272e-05
43.4884,-1.04049e-05,0.000104699
43.4933,-0.000149855,-1.44035e-05
43.4982,-6.7206e-05,-0.000177478
43.5031,0.000185816,-0.000187112
43.508,0.000192413,7.86478e-05
43.5129,9.67127e-05,0.000107836
43.5178,-0.000147152,0.000103068
43.5227,0.000120948,-0.000355257
43.5275,0.00045013,0.000292823
43.5324,-0.000202599,0.000191079
43.5373,0.000228883,-5.37679e-05
43.5422,0.000112108,0.000363923
43.5471,-6.24059e-05,0.000239233
43.552,-0.000124177,0.000336923
43.5569,-0.000404728,0.000176517
43.5618,-0.000312594,-0.000108022
43.5667,-0.000199813,-0.000181369
43.5716,2.72037e-05,-0.000237786
43.5765,0.000106526,1.61867e-05
43.5814,-5.80561e-05,6.2524e-05
43.5863,-0.000112207,-7.59699e-05
43.5911,0.000122733,-4.31619e-05
43.596,-0.000160847,0.000160884
43.6009,-3.5065e-05,-0.000212388
43.6058,-5.34835e-05,0.000223962
43.6107,-0.000334898,-0.000388604
43.6156,0.000465568,-0.000149477
43.6205,-0.000113836,0.000304795
43.6254,-0.000129573,-0.000172628
43.6303,4.64364e-05,2.65943e-05
43.6352,-0.00026213,-3.73217e-05
43.6401,-2.41309e-05,-0.000475263
43.645,0.000436454,-0.000129944
43.6499,0.000160266,0.00016628
43.6548,7.20641e-05,0.000107293
43.6596,-4.03273e-05,0.000160908
43.6645,-0.000215966,-1.66841e-05
43.6694,2.79646e-05,-0.000278486
43.6743,0.000231244,2.20739e-05
43.6792,5.40175e-06,7.80692e-05
43.6841,-1.41992e-05,-1.89454e-05
43.689,0.000121352,-0.000123351
43.6939,0.000250202,0.000183222
43.6988,-8.80566e-05,0.000262205
43.7037,-0.000213595,7.05564e-05
43.7086,-8.07296e-05,-0.000172674
43.7135,0.000108809,8.82806e-05
43.7184,-0.000236263,3.23658e-05
43.7233,-3.67375e-05,-0.000207915
43.7281,6.59832e-05,-0.000118258
43.733,0.000141549,-5.20279e-05
43.7379,9.6809e-05,4.77936e-05
43.7428,7.5606e-05,6.83148e-05
43.7477,3.23081e-05,0.000160296
43.7526,-0.000206327,0.000126639
43.7575,-7.54336e-05,-0.000171079
43.7624,2.77869e-05,0.000120673
43.7673,-0.000251326,-8.32269e-05
43.7722,2.02343e-05,-0.000141849
43.7771,-0.000119902,-6.19335e-05
43.782,-0.000114324,-0.000301658
43.7869,0.000282322,-0.000469938
43.7918,0.000603484,9.64737e-05
43.7966,0.000163348,0.000357407
43.8015,-1.14018e-05,0.000359977
43.8064,-0.000332202,0.000160891
43.8113,-0.000181357,-6.78919e-05
43.8162,-0.000207706,-0.000127739
43.8211,-2.47225e-05,-0.000276583
43.826,0.000201787,-0.000190876
43.8309,0.000164621,0.000186951
43.8358,-0.000233735,-2.39583e-05
43.8407,8.0603e-05,-0.000175548
43.8456,3.40319e-05,-7.69825e-05
43.8505,0.000174361,5.81869e-05
43.8554,-0.000324024,6.77216e-05
43.8603,1.68699e-05,-0.000551343
43.8651,0.000474234,-7.40464e-05
43.87,0.000151265,0.00019395
43.8749,1.50188e-05,9.50481e-05
43.8798,-0.00011351,7.94402e-05
43.8847,-0.000102198,-0.000296355
43.8896,0.000342459,-0.000105245
43.8945,4.06247e-05,9.5395e-05
43.8994,7.29633e-05,-2.74862e-05
43.9043,-3.14512e-06,-0.000142509
43.9092,0.000393628,-6.17126e-05
43.9141,3.09257e-06,0.000216814
43.919,0.000171015,-0.000111638
43.9239,7.99829e-05,0.000223196
43.9287,2.28982e-05,-9.91581e-05
43.9336,0.000201676,5.35037e-05
43.9385,0.000201394,0.000125587
43.9434,-9.99633e-06,0.000250244
43.9483,9.60513e-05,4.00397e-05
43.9532,-8.45915e-05,0.000384184
43.9581,-0.000242084,-0.000130511
43.963,5.75946e-05,8.69033e-05
43.9679,-0.000202832,-0.000121308
43.9728,0.00019857,-0.000121489
43.9777,8.32986e-05,0.000117654
43.9826,-0.000104374,0.000109291
43.9875,-6.90761e-05,-0.000264188
43.9924,0.000334481,1.82587e-05
43.9972,-4.45141e-05,0.000103884
44.0021,0.000172428,-4.00056e-05
44.007,9.18494e-05,0.000110323
44.0119,0.000224514,0.000132905
44.0168,-4.67213e-05,0.000428931
44.0217,-0.000348153,7.35717e-05
44.0266,-5.08001e-06,-0.000197825
44.0315,0.000148652,0.000252059
44.0364,-0.000408472,0.000131929
44.0413,-7.7646e-05,-0.000262189
44.0462,-6.8887e-06,-4.85539e-05
44.0511,7.71259e-05,-6.88728e-05
44.056,-0.000103298,9.5098e-05
44.0609,-6.97888e-05,-0.0002111
44.0658,8.59062e-05,-3.14533e-05
44.0706,-3.0379e-05,-5.65247e-05
44.0755,-2.95562e-05,-0.000114203
44.0804,9.18453e-05,-0.000205645
44.0853,0.000167398,-0.000130202
44.0902,0.000370043,-2.95243e-05
44.0951,2.50333e-05,0.000341975
44.1,-5.94832e-05,-0.000248659
44.1049,0.000414265,0.000184838
44.1098,-0.000237692,0.000224191
44.1147,8.2486e-05,-0.000213279
44.1196,0.000190317,0.000212122
44.1245,-0.000250111,8.07414e-05
44.1294,0.000123421,-0.000358176
44.1342,0.000365205,0.000245695
44.1391,-0.000183391,7.63341e-05
44.144,0.000244785,-5.24299e-05
44.1489,-2.61982e-05,0.000188484
44.1538,0.000126254,-8.42073e-05
44.1587,0.000159063,0.000192951
44.1636,8.81011e-05,0.000183782
44.1685,-0.000120266,0.000265819
44.1734,-7.04096e-05,-3.48193e-05
44.1783,-3.16327e-05,0.000203465
44.1832,-0.000236147,-0.000103511
44.1881,0.000137076,-0.000162164
44.193,0.000218741,4.0497e-05
44.1979,0.000125351,0.000273078
44.2027,-7.2866e-05,0.000178266
44.2076,-0.000105566,0.000257414
44.2125,-0.000353633,-9.88722e-05
44.2174,0.000225285,-0.000138627
44.2223,-0.000124645,0.000305289
44.2272,-0.000223505,-0.000256142
44.2321,0.000320388,-0.000117778
44.237,0.000113585,0.000357677
44.2419,-0.000249644,9.63474e-05
44.2468,6.3865e-05,5.36471e-05
44.2517,-0.000384227,0.000240181
44.2566,-0.000212987,-0.000545802
44.2615,0.00051279,-2.27465e-07
44.2663,-0.000163632,0.000357773
44.2712,-0.000118473,-0.000131921
44.2761,-3.43897e-06,0.000153837
44.281,-0.000317769,-4.74749e-05
44.2859,-8.11515e-05,-0.000251771
44.2908,1.89058e-05,-0.000258463
44.2957,0.000281441,-0.000166359
44.3006,0.000141607,0.000118672
44.3055,3.32271e-05,-6.43991e-05
44.3104,0.000276022,2.77179e-05
44.3153,1.67444e-05,0.000329998
44.3202,-0.000214879,-5.62485e-05
44.3251,0.00013724,-6.83157e-05
44.33,1.82027e-05,3.20155e-05
44.3348,0.000162145,4.57093e-05
44.3397,-5.45565e-05,0.000190761
44.3446,-9.39525e-05,-3.77274e-05
44.3495,6.87478e-05,-0.000142662
44.3544,0.000319194,0.000136412
44.3593,-0.000127324,0.000280591
44.3642,6.52652e-05,-7.78398e-06
44.3691,-0.000115398,0.000353174
44.374,-0.0002961,-0.000168858
44.3789,0.000198432,-7.14933e-05
44.3838,-1.71811e-05,0.000212338
44.3887,-0.000119569,5.35061e-05
44.3936,-0.000151937,5.84695e-05
44.3985,-0.000111234,-0.000223293
44.4034,0.000203834,4.81507e-05
44.4082,-0.000182732,-8.33124e-06
44.4131,0.000309329,-7.74252e-05
44.418,-9.64099e-05,0.000404861
44.4229,-0.000244203,-6.55151e-05
44.4278,-5.25739e-05,-0.000119902
44.4327,0.00015374,6.27703e-05
44.4376,-0.000331084,6.79828e-05
44.4425,0.000267526,-0.000319357
44.4474,-5.23254e-05,0.000464233
44.4523,-0.000178569,-0.00031969
44.4572,0.000163935,0.000274633
44.4621,-0.000321958,-0.000120242
44.4669,0.000105881,6.27959e-05
44.4718,-0.000386898,-0.000154836
44.4767,0.000310154,-0.000341731
44.4816,7.85877e-05,0.000246219
44.4865,-0.000120864,-0.00013981
44.4914,0.000209102,-3.22583e-05
44.4963,-4.23641e-05,0.000142034
44.5012,-3.89977e-05,-8.69987e-05
44.5061,8.07068e-05,-5.58113e-05
44.511,0.000188417,0.000103916
44.5159,-0.000204987,0.000200552
44.5208,2.02475e-05,-0.000259331
44.5257,0.000143845,0.00020191
44.5306,-5.21899e-05,-6.26602e-05
44.5355,0.000219526,0.000275293
44.5403,-0.000383508,0.000323783
44.5452,-0.000401956,-0.000178767
44.5501,-8.08612e-05,-0.000373332
44.555,0.00021803,-0.000174594
44.5599,7.31161e-05,0.000109344
44.5648,-0.000163468,-0.00017769
44.5697,0.000435219,-0.000225227
44.5746,0.000123051,0.000442872
44.5795,-0.000139975,-4.18372e-05
44.5844,9.56037e-05,0.000128069
44.5893,-2.91167e-05,8.73627e-05
44.5942,-0.000123474,0.000245963
44.5991,-0.000252006,-0.000110137
44.604,-3.83577e-05,2.60224e-05
44.6088,-0.000163417,-0.000135662
44.6137,9.62678e-06,4.19314e-05
44.6186,-0.000294474,-0.000136741
44.6235,3.60426e-05,-0.000262288
44.6284,-7.64474e-06,-0.00014329
44.6333,5.08778e-05,-0.000238844
44.6382,0.000254757,-0.000216623
44.6431,0.000238557,7.89477e-05
44.648,0.000118976,-1.88397e-05
44.6529,0.000131744,0.000144967
44.6578,1.33803e-05,-8.49043e-05
44.6627,0.000301257,0.000137511
44.6676,-7.36381e-05,0.000227736
44.6724,-8.82927e-06,3.35905e-05
44.6773,-2.55925e-06,0.000118991
44.6822,-0.000173982,3.51187e-05
44.6871,0.000158481,-0.000215213
44.692,0.00012218,0.000459707
44.6969,-0.000462983,-0.000149651
44.7018,0.000350421,-3.79082e-05
44.7067,-0.000478896,0.000240467
44.7116,5.74094e-05,-0.000691071
44.7165,0.000524345,0.000232686
44.7214,-0.000181229,0.000187124
44.7263,5.27292e-05,-3.97302e-05
44.7312,-5.38859e-05,4.29836e-05
44.7361,0.000138534,-5.96594e-05
44.741,-1.3762e-05,0.00025058
44.7458,-0.000166954,-0.000100853
44.7507,8.21751e-05,6.18019e-07
44.7556,-0.000135697,-7.6999e-05
44.7605,0.000234488,-0.000267559
44.7654,0.000352116,0.000219246
44.7703,-3.90718e-05,0.000193512
44.7752,0.000172241,0.000142123
44.7801,-0.000210248,0.000329195
44.785,-5.75993e-05,-0.000204358
44.7899,0.000206897,0.00024899
44.7948,-0.000163004,0.000202643
44.7997,-0.000116981,8.50272e-05
44.8046,-1.80919e-05,1.90319e-05
44.8094,-5.49045e-05,0.000251883
44.8143,-0.000238686,5.38058e-05
44.8192,-0.000119612,4.22389e-05
44.8241,-0.000124385,2.05335e-05
44.829,-0.000213697,4.41555e-05
44.8339,-3.53873e-05,-0.000183849
44.8388,-3.28084e-05,0.000209098
44.8437,-0.000231232,-0.000134017
44.8486,3.30098e-05,6.7158e-05
44.8535,-0.000162188,-3.59946e-05
44.8584,-5.15992e-05,0.000170927
44.8633,-0.000385837,-0.000135519
44.8682,0.000130848,-4.69206e-05
44.8731,-0.000430795,0.000175958
44.8779,-0.000268309,-0.000443758
44.8828,0.000109827,-0.000171817
44.8877,-0.000101846,-4.55327e-05
44.8926,-5.9132e-05,-0.000168919
44.8975,-8.78308e-05,-9.74547e-05
44.9024,-2.42885e-05,-0.000225555
44.9073,-4.91853e-05,-0.000106027
44.9122,9.80128e-05,-0.000353612
44.9171,0.000269276,0.000144288
44.922,-0.000258567,4.49559e-05
44.9269,-9.86165e-05,-0.000324242
44.9318,0.000340226,-0.000240816
44.9367,6.02652e-05,0.000362166
44.9416,-0.000307314,-0.000255669
44.9464,0.000220548,-0.000106455
44.9513,-7.45952e-05,-7.24211e-05
44.9562,0.000131769,-5.11964e-05
44.9611,-7.08574e-05,-3.68583e-05
44.966,1.77251e-06,-7.98881e-05
44.9709,7.5249e-06,-0.000219111
44.9758,0.000167084,2.35877e-06
44.9807,-9.36694e-06,-0.000167807
44.9856,0.000278504,9.72517e-05
44.9905,-0.000195715,5.72499e-05
44.9954,1.38535e-05,-8.83774e-05
45.0003,-0.000104426,-0.000236748
45.0052,0.000351084,-9.44779e-05
45.01,-8.38677e-05,8.59584e-05
45.0149,0.000147052,-0.000114416
45.0198,-7.26787e-05,2.75167e-05
45.0247,0.000135981,-0.000197291
45.0296,0.000117353,7.76643e-06
45.0345,0.000197074,5.32621e-05
45.0394,-0.000178156,0.00015631
45.0443,8.0464e-06,-0.000290809
45.0492,0.000115742,3.21427e-05
45.0541,2.86406e-05,-0.000262364
45.059,0.000485731,1.71008e-05
45.0639,-1.21078e-05,0.000361091
45.0688,-4.55097e-05,-0.000113622
45.0737,0.000194285,0.000171214
45.0785,-0.000150791,0.000150734
45.0834,-0.000110257,2.47406e-05
45.0883,-0.000181432,-0.000153235
45.0932,0.000144103,-0.000207064
45.0981,0.000100176,4.72872e-05
45.103,-6.50493e-05,-7.53197e-05
45.1079,0.000237919,-0.000247256
45.1128,0.000325615,0.000318377
45.1177,-0.000308136,0.000159947
45.1226,1.52064e-05,-0.000264096
45.1275,0.00020275,1.2896e-05
45.1324,1.35015e-05,4.55938e-05
45.1373,0.000212582,-7.08112e-05
45.1422,0.000119289,0.000360233
45.147,-0.00020931,4.41902e-05
45.1519,-2.35147e-05,5.80936e-05
45.1568,-7.32514e-05,-0.000112063
45.1617,5.87592e-05,0.000156912
45.1666,-0.00021933,-0.000203869
45.1715,0.00031736,4.5062e-05
45.1764,-0.000236736,8.01173e-05
45.1813,0.00014663,-2.00539e-05
45.1862,-0.000307918,6.89968e-06
45.1911,0.000255662,-0.000275327
45.196,-3.48754e-06,0.000204788
45.2009,0.000103438,-3.34712e-05
45.2058,-0.000219515,0.000285751
45.2107,-0.00022894,-0.000254992
45.2155,-0.000137481,-9.93476e-05
45.2204,-3.39613e-05,-0.000504617
45.2253,0.000397154,-0.000189488
45.2302,0.000264644,1.63489e-06
45.2351,0.000198079,0.000191944
45.24,-0.000135092,0.0001039
45.2449,-2.81799e-06,-0.000218151
45.2498,0.000258075,-4.48468e-05
45.2547,7.77031e-05,7.78044e-05
45.2596,0.000133787,-1.69059e-05
45.2645,0.000120887,0.000110724
45.2694,4.92443e-05,0.000100164
45.2743,-3.04891e-05,8.13524e-05
45.2792,-4.34547e-06,-7.46229e-05
45.284,0.000236254,-2.06119e-05
45.2889,0.000122997,0.000365564
45.2938,-0.000375277,0.000142811
45.2987,-6.23264e-05,-0.000328015
45.3036,0.000284015,2.39656e-05
45.3085,-0.000126695,0.000174966
45.3134,7.46163e-05,-0.000263129
45.3183,0.00029635,0.000362603
45.3232,-0.000480028,0.000145738
45.3281,8.14678e-06,-0.000368763
45.333,0.000184768,-6.91971e-06
45.3379,7.14615e-05,8.09042e-05
45.3428,-5.79083e-05,2.74322e-05
45.3476,1.34972e-05,-7.3355e-05
45.3525,0.000141274,-8.11811e-05
45.3574,0.000151544,0.000231278
45.3623,-0.000224132,3.53316e-05
45.3672,6.24787e-05,-0.000104361
45.3721,5.57874e-05,-0.000107788
45.377,0.000352901,0.000194769
45.3819,-0.000341976,0.000312312
45.3868,-6.012e-05,-0.000278498
45.3917,0.000116021,3.28374e-05
45.3966,7.80024e-05,0.000131353
45.4015,-0.000293449,0.000112107
45.4064,-2.75933e-05,-0.00029321
45.4113,7.26344e-05,-8.1885e-05
45.4161,0.000306436,-4.34892e-05
45.421,-0.000112043,0.000395938
45.4259,-0.000214409,-0.000231314
45.4308,2.5026e-05,4.84611e-06
45.4357,-8.32178e-05,-0.000251652
45.4406,0.000152049,-0.000140005
45.4455,0.000264273,-0.000240252
45.4504,0.000388521,0.000292486
45.4553,-0.000110371,9.84746e-05
45.4602,0.000208897,9.96103e-05
45.4651,-0.000122426,0.000163561
45.47,1.76872e-05,-2.03345e-05
45.4749,-9.18754e-06,-5.43168e-05
45.4798,0.000300305,7.10401e-05
45.4846,-0.000153751,0.000342951
45.4895,-0.000151176,-0.00017881
45.4944,0.000154369,-6.5814e-05
45.4993,0.000194873,6.79405e-05
45.5042,8.72404e-05,0.000226612
45.5091,2.39862e-05,0.0002348
45.514,-0.00026595,0.000270741
45.5189,-0.000199053,-0.000164436
45.5238,2.99519e-05,4.50143e-05
45.5287,-0.000110426,-2.64571e-05
45.5336,-4.37959e-06,2.28671e-05
45.5385,-9.41406e-05,-2.66225e-05
45.5434,-3.7525e-05,-1.67969e-05
45.5483,-5.94038e-05,-0.000136896
45.5531,0.000157844,-8.00336e-05
45.558,0.000139679,9.31738e-05
45.5629,-5.15939e-05,0.000203651
45.5678,-0.000105195,-8.36559e-05
45.5727,0.000112702,0.000122897
45.5776,-0.000219045,7.62429e-05
45.5825,-1.0695e-05,-9.15459e-05
45.5874,-3.39255e-05,5.6238e-05
45.5923,-0.00016016,9.5894e-06
45.5972,-7.39449e-05,-0.000280673
45.6021,0.000313758,1.75761e-05
45.607,-0.000165985,0.000242289
45.6119,-0.000182621,-0.000185495
45.6168,0.000107243,-0.000183058
45.6216,0.000152834,7.1936e-05
45.6265,-6.23343e-05,7.64749e-05
45.6314,-7.39087e-05,3.06793e-05
45.6363,-0.000172158,-0.000121936
45.6412,-1.12584e-05,-0.00022625
45.6461,0.000174299,-0.000343563
45.651,0.000476682,0.000107227
45.6559,-5.50388e-05,0.000140717
45.6608,0.000290343,5.26203e-06
45.6657,-2.3454e-05,0.000242842
45.6706,0.000230496,6.60748e-05
45.6755,-0.000188729,0.000527731
45.6804,-0.000367027,-0.00019766
45.6852,9.13992e-05,-9.64157e-05
45.6901,5.6379e-05,2.07038e-05
45.695,-7.3539e-05,0.000116437
45.6999,-6.43275e-05,-0.000173893
45.7048,0.00020575,-3.36549e-05
45.7097,0.000204423,0.000142047
45.7146,-3.68159e-05,0.000382947
45.7195,-0.000279228,4.86667e-05
45.7244,-0.00010788,-1.81079e-05
45.7293,-3.8449e-05,-0.00019323
45.7342,0.000313402,0.000113731
45.7391,-0.000129399,0.000333844
45.744,-0.000105388,8.08842e-05
45.7489,-0.000188983,0.000271388
45.7537,-0.000475653,-1.32218e-05
45.7586,-0.000160704,-0.000354161
45.7635,0.000116567,-5.55615e-05
45.7684,-0.000139034,2.26531e-05
45.7733,-5.44384e-05,-9.88803e-05
45.7782,-0.000102344,-6.56017e-05
45.7831,6.66031e-05,-0.000161809
45.788,6.99799e-05,0.000122125
45.7929,-0.000118974,6.22835e-05
45.7978,-0.000155741,7.39741e-05
45.8027,-0.000309321,-0.000156765
45.8076,8.42636e-05,-0.000326602
45.8125,0.0001617,0.000140318
45.8174,-0.000252006,8.45726e-05
45.8223,-0.000151578,-0.000119274
45.8271,-0.000207165,-0.000145519
45.832,-1.48069e-05,-0.000303489
45.8369,8.13004e-05,-0.00014165
45.8418,0.000135656,-1.16859e-05
45.8467,-0.000249486,0.00014931
45.8516,-0.000256364,-0.000440727
45.8565,0.000185743,-0.000263622
45.8614,5.055e-05,-0.000213366
45.8663,0.000292845,-0.000162209
45.8712,0.000129295,0.000134524
45.8761,-4.93011e-05,-2.41194e-05
45.881,-1.01913e-05,3.13857e-05
45.8859,-0.000257869,-0.00025369
45.8907,0.000418568,-0.0003303
45.8956,-4.3979e-05,0.00032111
45.9005,-0.000100102,-0.000445568
45.9054,0.000259279,4.31593e-06
45.9103,5.67242e-05,-0.000283321
45.9152,0.000385976,0.000124389
45.9201,-5.01778e-05,-6.0487e-05
45.925,0.000354491,0.000106078
45.9299,-0.000122758,0.000165397
45.9348,2.29312e-05,9.82243e-05
45.9397,-0.000347063,-0.000139948
45.9446,0.000295179,-0.000334322
45.9495,7.64372e-05,0.000105396
45.9544,0.000133758,-0.000126573
45.9592,0.00010904,5.05436e-05
45.9641,0.000186342,1.90701e-05
45.969,-2.38483e-05,0.000239242
45.9739,-0.000136837,-7.64509e-05
45.9788,9.41556e-05,-5.18055e-05
45.9837,-4.34956e-05,0.000132841
45.9886,-0.000212984,-0.000144966
45.9935,4.37142e-05,-0.000186954
45.9984,-7.97609e-06,-0.000269317
46.0033,0.000419053,-0.000147562
46.0082,1.2836e-05,0.000205766
46.0131,4.66006e-05,-0.000255973
46.018,0.000341586,4.1622e-05
46.0229,1.10138e-05,0.000174972
46.0277,5.33591e-05,-0.000144005
46.0326,0.000287519,0.000196127
46.0375,-0.000220923,0.000127807
46.0424,0.000133046,-9.06297e-05
46.0473,-0.000153987,0.000129117
46.0522,5.23726e-05,-0.000276106
46.0571,9.60262e-05,7.05413e-05
46.062,7.5587e-05,-0.000190641
46.0669,0.000233776,0.000120441
46.0718,-2.35015e-05,2.50012e-05
46.0767,0.000125053,4.51329e-05
46.0816,-6.40908e-05,7.81735e-05
46.0865,-1.57904e-05,-0.000115697
46.0913,0.000125922,-7.94474e-05
46.0962,0.000179424,8.54554e-06
46.1011,8.70281e-05,0.000211088
46.106,-0.0001772,1.17246e-05
46.1109,7.9701e-05,-5.58181e-05
46.1158,-0.000167154,-3.9103e-08
46.1207,0.000106688,-0.000310495
46.1256,0.000163325,3.93219e-05
46.1305,4.58539e-05,-0.000129657
46.1354,0.000205581,-8.82214e-05
46.1403,0.000278778,5.67894e-05
46.1452,-5.67628e-05,0.000215888
46.1501,-3.10052e-06,-0.000310257
46.155,0.000438101,1.5622e-05
46.1599,0.000144883,0.000213592
46.1647,4.35897e-05,0.000181194
46.1696,-7.34986e-05,6.78199e-06
46.1745,0.000139525,-7.58257e-05
46.1794,0.000185699,8.275e-05
46.1843,8.27429e-05,0.000142915
46.1892,4.22992e-05,0.000112859
46.1941,-8.85395e-05,7.56564e-05
46.199,6.01707e-05,-0.000186422
46.2039,0.000244443,4.26238e-05
46.2088,0.000190753,3.78201e-05
46.2137,0.000226424,0.000278786
46.2186,-4.28458e-05,0.000194188
46.2235,2.25677e-05,0.000202817
46.2283,-0.000171668,3.73612e-05
46.2332,0.000133551,-2.93493e-05
46.2381,3.04489e-05,0.00014115
46.243,1.56143e-05,8.03905e-05
46.2479,2.66388e-05,-2.89525e-05
46.2528,0.000312758,0.00019189
46.2577,-0.000161106,0.000416302
46.2626,-0.000158296,6.16624e-05
46.2675,-0.000226483,0.000108946
46.2724,-8.73854e-05,-0.000181185
46.2773,1.21594e-06,5.81166e-05
46.2822,-9.6731e-05,-0.000152947
46.2871,0.000159898,-0.000100945
46.292,0.000167404,3.07874e-06
46.2968,0.000164189,0.000157736
46.3017,7.19123e-06,0.00012076
46.3066,0.000135313,0.000125335
46.3115,-4.80043e-05,0.000316508
46.3164,-0.000199725,6.44489e-05
46.3213,-5.77407e-05,6.0494e-05
46.3262,-0.000136827,-3.82464e-05
46.3311,6.8331e-05,3.57803e-05
46.336,-0.00021556,-4.52242e-05
46.3409,0.000351855,-0.000210584
46.3458,9.15715e-05,0.00048689
46.3507,-0.000186449,1.79418e-05
46.3556,-9.1256e-06,0.000207643
46.3605,-0.000191425,2.18748e-05
46.3653,-9.63395e-05,0.000159798
46.3702,-0.000349707,-0.000138573
46.3751,0.000103886,-0.000221152
46.38,7.8174e-05,6.12147e-05
46.3849,-0.00011503,9.83505e-05
46.3898,-0.000107356,-0.000266513
46.3947,0.000381393,-2.75705e-06
46.3996,-3.33575e-05,0.000313335
46.4045,-7.10213e-05,0.000100292
46.4094,-0.000199531,0.000146859
46.4143,-0.000127214,-9.94949e-05
46.4192,-3.10967e-05,0.00011615
46.4241,-0.00032221,2.23059e-05
46.4289,-0.000141779,-0.000271825
46.4338,5.84366e-05,-6.43722e-05
46.4387,-0.000157113,-4.31231e-05
46.4436,-4.33047e-05,-0.000182328
46.4485,-0.000100861,-0.000125456
46.4534,9.45556e-05,-0.000360309
46.4583,0.000273818,0.000113348
46.4632,-0.000292823,6.00661e-06
46.4681,2.82761e-05,-0.000404412
46.473,0.000200536,-0.000201315
46.4779,0.000277546,-0.000115505
46.4828,0.000103538,-1.46015e-05
46.4877,0.000322073,-0.000245411
46.4926,0.000432251,0.00024918
46.4975,3.87242e-05,0.000146622
46.5023,0.000293886,0.000101815
46.5072,8.01689e-05,0.000399575
46.5121,-0.000147677,0.000148952
46.517,-1.22875e-05,8.65358e-05
46.5219,-7.66823e-05,4.88743e-05
46.5268,6.28786e-05,4.56458e-05
46.5317,-7.69941e-05,0.000103849
46.5366,1.89564e-06,-7.24417e-06
