Time (s),H Real,H Imag,C Real,C Imag,Frequency (Hz),H Magnitude,C Magnitude
0.0,-6.865329598753631,14.300405324532626,-0.4699221623848092,3.7013908102659845,-325.94932345220167,16.688434246000647,39.75008806288854
0.0002442002442002442,-11.564052556397295,9.627010140091295,0.8094510609344965,-3.780215687791217,-325.7901685091098,21.35767979303328,36.88497946653287
0.0004884004884004884,-13.738118887484912,3.850575660288905,-1.1704088556762546,3.142632041805992,-325.6310135660179,6.888999974523849,39.36154267332286
0.0007326007326007326,-12.349883356926417,-2.490731937136293,1.2175238033923481,-2.8723649294896085,-325.471858622926,10.231205631969301,33.12476893092408
0.0009768009768009768,-8.669550565391829,-6.456492018460057,-1.6155714810016837,2.161304265166377,-325.3127036798341,11.049206877580351,42.1357016288728
0.001221001221001221,-4.106462952516896,-7.707909392691635,1.2843670307621087,-1.5762982039118028,-325.1535487367422,19.18166993765898,42.92669076804709
0.0014652014652014652,-0.318373550010952,-6.4956466352253335,-0.8835451967787387,1.3186171465392396,-324.99439379365026,15.603321939156503,35.600523754667215
0.0017094017094017094,1.5974570774167873,-3.5483033340192947,0.6734969202566392,-0.4968687400741606,-324.83523885055837,5.435520486918499,44.96479551608085
0.0019536019536019536,0.8324643485478702,-0.9872079816767716,-0.48215391471479246,0.08458045113597329,-324.6760839074665,16.524737065014097,26.848423989909694
0.002197802197802198,-1.1179753163353325,0.3135202213184345,-0.3193622937653154,0.23342173810554634,-324.5169289643746,14.214106704464923,12.747978411805752
0.002442002442002442,-3.654898097158711,-0.3787406121942325,0.775325588012827,-0.5203809621279581,-324.3577740212827,24.35580483002779,32.399807210257045
0.002686202686202686,-5.297784916358443,-3.506536802023637,-1.556214337082392,0.3692956590180563,-324.1986190781908,13.930505444675651,33.892935668893074
0.0029304029304029304,-4.64876153777644,-7.309758481107583,2.178006377226575,-0.24063074834128703,-324.0394641350989,10.509300917094137,24.520677267576804
0.0031746031746031746,-1.1638888066513104,-10.705818908520474,-2.5607565873258578,-0.01452050884275169,-323.880309192007,8.592035156585684,27.846867852119026
0.003418803418803419,4.192935101694681,-11.7926250523507,3.11233885739517,0.2676435209452405,-323.7211542489151,17.28744623717321,19.42157005481134
0.003663003663003663,9.768109026158275,-9.825430893662272,-3.5385597319991593,-0.6419832375495632,-323.56199930582324,14.98768617618434,29.3801704998054
0.003907203907203907,14.148444500998115,-5.1334930519616515,3.5778684466140613,1.2200614037460669,-323.40284436273134,11.544371045348147,25.183647521641543
0.004151404151404151,15.599670185938031,1.5886371640536203,-3.6026023390525967,-1.7179265795512513,-323.24368941963945,5.529867986080224,27.910469568457206
0.004395604395604396,13.518482073680719,8.250582444722939,3.536343189820629,2.118634354961495,-323.08453447654756,13.654915004882564,30.24381050507286
0.00463980463980464,8.652778246011923,13.176749987775311,-3.195337091034212,-2.1769839977987853,-322.92537953345567,5.899576688670031,22.09747617974355
0.004884004884004884,2.306510473266868,14.77499497316295,2.8631487081611127,2.737912024015432,-322.7662245903638,5.904669648452132,22.860915872719133
0.005128205128205128,-4.175298912886313,13.386420045714004,-2.300078703253379,-2.6078210392749304,-322.6070696472719,20.877443072034147,14.323805268429954
0.005372405372405372,-8.422675977496334,9.38189977915816,1.696644920928236,2.7950623857404904,-322.44791470417994,24.30526557065434,16.21930173314751
0.005616605616605617,-10.051369964886094,4.2110993990162635,-1.164308622173181,-2.732211533070841,-322.28875976108804,15.469461237859555,14.836798354018798
0.005860805860805861,-8.77716313365754,-0.4891647437519067,0.7661410572899864,2.061618480092111,-322.12960481799615,18.651276141201667,19.337431733935283
0.006105006105006105,-5.8413235969472765,-3.1441455663522215,-0.5751376592792166,-1.702508393913705,-321.97044987490426,3.9180724200328756,19.15473837922655
0.006349206349206349,-2.4772654922908566,-3.1797280302863626,0.1886520597295053,1.037006567284394,-321.81129493181237,4.921414472745751,23.655902882868435
0.006593406593406593,-0.3969639751022844,-1.4534580419782075,0.013356348607475109,-0.49543636071679087,-321.6521399887205,19.508788991232787,7.583967160302858
0.006837606837606838,-0.2211830286855019,1.3012188830527855,-0.14829518241286427,-0.27992579336532386,-321.4929850456286,14.696775680144562,10.260175441075999
0.007081807081807082,-2.2265811029244666,2.8224771051248685,-0.06044823132645584,0.9237621258059425,-321.3338301025367,11.00807883947991,12.892211216254559
0.007326007326007326,-5.628143960799357,2.6208320295987058,0.4067236671309307,-1.6116215213185663,-321.1746751594448,14.554830828165592,19.7567530713602
0.00757020757020757,-8.457038367815619,-0.03252131768862033,-0.6468216662783901,1.9036928215987048,-321.0155202163529,6.626533510650713,19.484561970900643
0.007814407814407814,-9.544030716881764,-4.481687822470208,1.2168185719203337,-2.3387990439977,-320.856365273261,6.926899149866527,15.196130181103745
0.008058608058608058,-8.03393819683377,-9.454194649253672,-1.8054626500712723,2.5977301417209544,-320.6972103301691,5.3139393611018475,12.977929786433554
0.008302808302808303,-3.322854604146107,-13.39383345296194,2.1250326515579134,-2.496182582598697,-320.53805538707724,13.31202323327546,20.82098972704575
0.008547008547008548,2.7789301924873784,-14.703099895510444,-2.7495588605940577,2.4861901164785882,-320.37890044398534,12.142747717594457,24.416350503045276
0.008791208791208791,9.391594871254345,-12.431563571726342,3.186755337023572,-2.3472790364555944,-320.21974550089345,16.49246418944939,18.78202749661538
0.009035409035409035,13.832272568418396,-7.453443834935736,-3.4445234514712917,2.1010597031020106,-320.06059055780156,15.606425315561353,8.108146773237927
0.00927960927960928,15.517480629575878,-0.7376268554073659,3.446692456848908,-1.528602648387987,-319.9014356147096,16.397093558649953,19.70233714067609
0.009523809523809525,13.701657601945202,5.805775974723252,-3.6126553427954735,0.953915602071179,-319.7422806716177,14.529352149015883,12.696573864330313
0.009768009768009768,9.610236953063795,10.474647536404158,3.48561561835475,-0.7242119955882454,-319.58312572852583,12.537180454314138,14.03968967749043
0.010012210012210011,3.728677083584601,12.15501982830149,-3.277026901723179,0.18450504223833147,-319.42397078543394,14.471024338478799,12.213403755405507
0.010256410256410256,-1.6367497925891883,10.794524532344795,2.811007998654127,0.12195196347414802,-319.26481584234205,9.535309082449821,10.561511780383036
0.010500610500610501,-5.043344344844776,7.389379209827225,-2.2194335828877363,-0.37646732823220097,-319.10566089925015,20.53660478115975,16.95998213826264
0.010744810744810745,-5.661301655296159,3.5337500707507443,1.7066389068169836,0.43146832738123564,-318.94650595615826,12.430505366943535,6.858095866190022
0.010989010989010988,-4.047547779294054,0.4500210323069187,-1.078128791770432,-0.4974900782981251,-318.78735101306637,12.402643162630458,11.547917077027853
0.011233211233211233,-1.5284824283262515,-0.3522491908463033,0.3777265750450359,0.11291061907237254,-318.6281960699745,5.04229920009457,5.758890816581519
0.011477411477411478,0.5607292454737123,0.6993684249741735,0.04256886996639295,0.15464212248948014,-318.4690411268826,13.789377382415843,1.5781008558478942
0.011721611721611722,1.0372133832510155,3.3551035882113904,-0.5340361739604746,-0.7334150007197862,-318.3098861837907,18.222482730336466,14.854707911224269
0.011965811965811965,-0.6215668584189615,5.87469409470963,1.0605950145865408,1.1174730269151858,-318.1507312406988,7.901029886332949,13.54633136976534
0.01221001221001221,-4.294818742958984,7.2336704410984884,-1.294646015518696,-1.7566433745342633,-317.9915762976069,19.1012125975936,5.749841950138401
0.012454212454212455,-8.666382468137085,5.832403924058446,1.4300554503934828,2.2336179323325296,-317.832421354515,13.533090659050028,14.44479115788869
0.012698412698412698,-12.21835971264749,1.880213293252301,-1.3613941424500648,-2.6875983613670114,-317.6732664114231,11.081572388613958,15.167115792968524
0.012942612942612942,-13.050560291069859,-3.8765739046863357,0.9725264061345917,3.2635469376839477,-317.5141114683312,11.85814600617955,12.346072819396944
0.013186813186813187,-10.873495965202052,-9.971041020350732,-0.7455905842121215,-3.683204310234194,-317.3549565252393,12.254038706342216,3.087102705892439
0.013431013431013432,-5.885497882462319,-14.43909883538483,0.36787556024310997,3.768671654607996,-317.1958015821474,2.7846374963882563,13.107217425349317
0.013675213675213675,0.8591702814453452,-15.77647148444778,0.19706218661384772,-3.8536612774197225,-317.0366466390555,13.410696405888539,15.837790569726128
0.013919413919413919,7.5291528983640905,-13.741813660281526,-0.6547565336207022,4.062383576467978,-316.8774916959636,20.953455468765952,10.613779668898058
0.014163614163614164,12.036473644100717,-9.001012765498697,0.805182923423335,-3.5864360686481076,-316.7183367528717,16.60739747142533,14.001416237300445
0.014407814407814409,13.846858822522876,-2.692396952459693,-1.3056548475693963,3.220818178647202,-316.55918180977983,17.716865885770293,6.2126117819704465
0.014652014652014652,12.453836119371175,3.0749526063235018,1.2724881410522733,-2.903601702325661,-316.40002686668794,12.13047324267298,3.0722124524451937
0.014896214896214895,8.486254859062647,6.920853624218181,-1.6884144671956252,2.215605828560858,-316.24087192359605,4.169363642363469,4.887082024322047
0.01514041514041514,3.9960822749870943,8.090482126438518,1.468433882184919,-1.7075650821443007,-316.08171698050415,9.920061419085958,16.145231366819953
0.015384615384615385,0.06596172644871505,6.646828264978629,-1.2500761021644293,1.1748046350461134,-315.92256203741226,10.496099816412409,2.6627003017185316
0.01562881562881563,-1.8032540026971307,3.688384612750634,0.7510057673779581,-0.6302143747158135,-315.76340709432037,13.369312077672936,6.8420542405694995
0.015873015873015872,-1.2277344003391883,1.1732993679767543,-0.2855257978266219,0.3137164925756827,-315.6042521512285,15.862688240125234,5.225657376821926
0.016117216117216115,0.67030023436021,-0.16316513604311664,-0.11431103589627742,0.1283199295902577,-315.4450972081366,14.591167243530316,7.170269307217012
0.016361416361416362,3.443565178843291,0.6263911808685622,0.9119975084159957,-0.325416722107221,-315.2859422650447,17.882679348726136,5.033132847831412
0.016605616605616606,4.574456233595348,3.5186405436143557,-1.5212739654481242,0.3874567279262524,-315.1267873219528,11.097127305774295,14.233347209067524
0.01684981684981685,3.793541803332994,7.345484409028269,1.9911739293962374,-0.3617256970735626,-314.96763237886086,15.17885021316233,11.303725295026698
0.017094017094017096,0.5057201069917515,10.236995545095889,-2.4776022257020216,-0.01272217512951021,-314.80847743576896,5.603556763243875,10.291712663991524
0.01733821733821734,-4.965065394207562,11.176531551290118,2.927736111554272,0.42835511618765076,-314.6493224926771,15.780536427609189,11.496282966787966
0.017582417582417582,-10.004068732345182,9.063989969284837,-3.3814479355460705,-0.7032940131719786,-314.4901675495852,15.88306570050884,2.2244865677901515
0.017826617826617826,-14.122667034971938,4.296925627998517,3.5175723786890147,1.1193714087883575,-314.3310126064933,7.417062931965211,4.032251428449021
0.01807081807081807,-15.178680982223126,-2.253311914202618,-3.480131284645705,-1.8135068184762528,-314.1718576634014,18.136131949985444,15.835124527408269
0.018315018315018316,-13.121769625976224,-8.82827429294609,3.247247188462585,1.8987493107306341,-314.0127027203095,12.596625469300697,4.390303937602338
0.01855921855921856,-7.927969137477006,-13.485218773939318,-3.0365618680800734,-2.3968418549690385,-313.8535477772176,13.651146270248779,9.705790634329244
0.018803418803418803,-1.516883729071902,-14.957441426173713,2.800354686670268,2.4807809365003117,-313.6943928341257,11.057309262063466,8.614074691116405
0.01904761904761905,4.869958622669801,-13.11519038696972,-2.2085239250954167,-2.5947589742853494,-313.53523789103383,25.78894595971459,4.484757021474503
0.019291819291819293,9.08739977138656,-9.123484790960363,1.8926820549319812,2.7931145764383043,-313.37608294794194,19.732146996055548,10.287294936860873
0.019536019536019536,10.15790717876244,-3.932219415356086,-1.2730632180349875,-2.4824173496863766,-313.21692800485005,13.441627629367446,10.521667613299698
0.01978021978021978,8.897622907559384,0.82933182973062,0.9750105523098738,1.9739556731483272,-313.05777306175816,11.473762150534506,7.094200999216974
0.020024420024420023,5.975980646148569,3.594219496572911,-0.300241861835571,-1.640846192843027,-312.89861811866626,15.864014484493294,2.759964832464483
0.02026862026862027,2.357357263323087,3.5472209450064893,0.31235491751645195,1.1818409995627457,-312.7394631755744,13.592323937923876,7.841787055237777
0.020512820512820513,0.27874662335044764,1.9082241631600083,-0.08718324552344668,-0.7024180808067287,-312.5803082324825,18.92210000642511,5.717440067895198
0.020757020757020756,0.32103920948949544,-0.606066061356321,-0.007073497662368589,-0.15321092666259398,-312.42115328939053,8.82199907186141,5.903739043552525
0.021001221001221003,2.187509478603962,-2.3353436516210757,-0.0815960705682894,0.9047293030570808,-312.26199834629864,21.080817176968786,11.800978398039941
0.021245421245421246,5.337131111131999,-2.360433764496388,0.24091376967895517,-1.291904656564986,-312.10284340320675,28.141903492043944,18.777495815686834
0.02148962148962149,7.874687158544696,0.38712579323531,-0.7789853824297249,1.7497441664972757,-311.94368846011486,25.63468755099008,17.06522114112323
0.021733821733821733,8.856988272425113,4.752556473241559,1.3785272477909474,-2.3776238635037226,-311.78453351702296,15.294663512984323,11.603219803691019
0.021978021978021976,7.245436531601728,9.690132427531248,-1.7870668407673234,2.4432037679707004,-311.6253785739311,15.604687918392985,11.331736607855234
0.022222222222222223,2.627911216361157,13.323494003396506,2.2330472168982993,-2.4405343178855365,-311.4662236308392,21.37229855431464,3.8244841682851427
0.022466422466422466,-3.595727305726799,14.338977190828496,-2.626247985847945,2.249694521197903,-311.3070686877473,8.901856237353151,3.4302034743872043
0.02271062271062271,-9.759488618235823,11.888121853645,3.0634316773298815,-2.188061234056296,-311.1479137446554,13.269928859264615,8.548119313065255
0.022954822954822957,-14.080826751440414,6.627023800037123,-3.405590035398713,1.7919449239054355,-310.9887588015635,9.840484366250081,14.053617372848834
0.0231990231990232,-15.530303853283733,-0.23527585817743488,3.5992258725644746,-1.534425394746256,-310.8296038584716,12.089377049805236,4.9774070352588655
0.023443223443223443,-13.381380141851823,-6.347815252398845,-3.4195945976172193,1.0224690144647919,-310.6704489153797,18.50643651190742,16.75991416554779
0.023687423687423687,-8.70672363244941,-10.728868686624184,3.503591349166782,-0.6215558512934036,-310.51129397228783,8.08104365081932,10.031334860870883
0.02393162393162393,-2.933491970893339,-12.352969592952386,-3.185789244772942,0.18814060455557693,-310.35213902919594,20.24144826776448,5.22170077051659
0.024175824175824177,2.2132057230233246,-10.871925089068801,2.7639572017448435,0.09752542045805357,-310.19298408610405,9.86831987329164,10.863382317574931
0.02442002442002442,5.421383257998914,-7.2231374221247355,-2.2311706939649594,-0.39236106889820893,-310.0338291430121,2.7020613382755583,9.691088544827318
0.024664224664224663,5.899622879115849,-3.4235235358876848,1.7867206601346335,0.46500352622298424,-309.8746741999202,20.3789478513737,23.482342373327125
0.02490842490842491,4.528370603224758,-0.2563159477821043,-0.9295479119082339,-0.34040043193597486,-309.7155192568283,15.50639531490722,12.353540240998408
0.025152625152625153,2.0031974733306175,0.8224771648930322,0.5652075320757654,0.22856543645849287,-309.5563643137364,10.071091714327416,15.327862267611986
0.025396825396825397,-0.5371680739488827,-0.4708114565409638,0.25331024310580885,0.2569104248409127,-309.39720937064453,15.411297273352252,18.304040278323004
0.02564102564102564,-0.9352964281865888,-2.8575026449201166,-0.6638199704297045,-0.32792267003525977,-309.23805442755264,11.950883399927571,7.371622133058138
0.025885225885225883,0.8436086032705903,-5.20669427354259,0.9071522032592829,1.0456257504584097,-309.07889948446075,23.075741353264817,25.214966974503465
0.02612942612942613,4.355643593475135,-6.537326272578883,-1.3962027420053305,-1.6778581400859902,-308.91974454136886,21.09444360141784,19.75995035085267
0.026373626373626374,8.600880713057682,-5.150812603570418,1.267137263973404,2.172565445502653,-308.76058959827697,13.650508787570349,13.170460175888103
0.026617826617826617,11.709620966641722,-1.171437552003269,-1.244339644760048,-2.669772001388738,-308.6014346551851,24.192637950330397,15.628742766401944
0.026862026862026864,12.477998693576298,4.542530021063139,0.9826146666064374,3.2001217517701033,-308.4422797120932,14.83962221641306,22.270671631538765
0.027106227106227107,10.18382564748534,10.2958401985159,-0.8108430825843977,-3.379854263674793,-308.2831247690013,16.568979448745633,25.612280761567437
0.02735042735042735,5.189565134632885,14.176197169606258,0.435148003991266,3.8041254193504326,-308.1239698259094,13.802452347404468,21.927388453635498
0.027594627594627594,-1.4737499188025283,15.449661794893942,0.012041849567125243,-3.7270444041090673,-307.9648148828175,4.39018626315881,19.024034181070004
0.027838827838827837,-7.940279901102106,13.351517122993364,-0.6089233506477024,3.832309231346888,-307.8056599397256,12.743001873097816,18.507265029716667
0.028083028083028084,-12.439032142500743,8.370367575111068,1.0666365135855425,-3.6153294939807674,-307.6465049966337,8.341557046910273,21.767042948596668
0.028327228327228327,-13.831814393240807,2.0185779834683197,-1.1465792082079234,3.1292997426798683,-307.4873500535418,10.63792568229464,20.15403184745717
0.02857142857142857,-12.20165652114975,-3.7615475416619537,1.5065976478345162,-2.791881094330048,-307.3281951104499,16.80800922045609,21.8712769464766
0.028815628815628817,-8.234170732600647,-7.62724323472249,-1.521400237640051,2.2416600501824795,-307.169040167358,16.017550200102544,20.97277987715792
0.02905982905982906,-3.315033373969971,-8.62996926739617,1.4243746102917794,-1.8676015479315167,-307.0098852242661,24.564027440256112,16.813355190365446
0.029304029304029304,0.2944638466372672,-7.001982260748881,-1.249125629635765,1.1548323052158536,-306.8507302811742,12.564357322580886,21.82490974571066
0.029548229548229547,2.3295315682016966,-4.020599864748232,0.808458944868745,-0.871146805049812,-306.6915753380823,10.768622105177423,24.412414702330338
0.02979242979242979,1.6645486332605621,-1.3179970542122303,-0.6355942043278013,0.177380489317657,-306.5324203949904,8.613321307370517,33.10689581490149
0.030036630036630037,-0.31529477786528043,-0.05640796199928497,-0.05741073884412623,0.07445151473604669,-306.37326545189853,12.069206277260283,23.9465330480522
0.03028083028083028,-2.788638808560232,-0.6149284662917199,0.619737983318944,-0.15316785268724947,-306.21411050880664,10.822103951839784,29.59895150675366
0.030525030525030524,-4.158725406784271,-3.42886535481498,-1.344361363690194,-0.03572070128682436,-306.05495556571475,14.079627701732054,21.217224289636036
0.03076923076923077,-3.1215759611997616,-6.913564849810941,1.8738089777060698,-0.31628072009576613,-305.89580062262286,4.203802765057663,26.731466534711387
0.031013431013431014,-0.16124168175400924,-9.977473498214453,-2.5205096886373215,0.021479367302251983,-305.73664567953097,12.310181921627617,27.126407597809287
0.03125763125763126,4.947940771216627,-10.524810765168722,2.8347290813548605,0.38367186846781653,-305.5774907364391,12.18393616436903,31.64271053091929
0.0315018315018315,10.092122235088226,-8.033688250523952,-3.2647874944949575,-0.7404767513508865,-305.4183357933472,9.731499420777345,18.883647132664983
0.031746031746031744,13.913028933147801,-3.4905254462029496,3.3408252048777114,1.2088496884149476,-305.2591808502553,8.695983867520392,32.78273575076447
0.03199023199023199,14.692707707654328,2.9969679091202925,-3.3156224876968237,-1.5759408281308822,-305.10002590716334,8.179516671954275,31.684608769479414
0.03223443223443223,12.377037297496198,9.26104794527664,3.250916435231405,2.020798648376471,-304.94087096407145,12.785251572295362,34.12202412812054
0.03247863247863248,7.32230967724155,13.623453746844632,-2.956698326484966,-2.2808437351005493,-304.78171602097956,17.161959975113184,25.461379065047055
0.032722832722832725,0.7814450814680675,14.712849345486614,2.646829045104123,2.738291971238879,-304.62256107788767,28.807629718345645,31.159484403613085
0.03296703296703297,-5.476980351706247,12.899299282671725,-2.302598962519633,-2.740629585819976,-304.4634061347958,18.613200232115965,37.692685191283594
0.03321123321123321,-9.445613906674144,8.443101275431937,1.6002542304338951,2.6150884822627045,-304.3042511917039,8.853206744537717,42.36631988306669
0.033455433455433455,-10.882034095210297,3.146192903062204,-1.3180677215906593,-2.546330747317349,-304.145096248612,22.488434053819546,36.22353271625495
0.0336996336996337,-9.09967670379236,-1.3841836769273148,0.7412733475006368,2.262544042724505,-303.9859413055201,13.412239328663182,44.124605888062376
0.03394383394383394,-5.892434914541597,-3.8908551985521362,-0.44179768171210376,-1.6152399756430973,-303.8267863624282,14.172653444755252,30.273691691681886
0.03418803418803419,-2.3962325059298304,-3.935425016057115,0.29799325529901455,1.1292450332109223,-303.6676314193363,18.05130289216337,26.95609478498043
0.034432234432234435,-0.300093062329888,-2.0431174795183864,-0.0645698286030705,-0.46793345487415616,-303.5084764762444,5.7788904219909245,39.78171135643173
0.03467643467643468,-0.04179342027975336,0.3389848421031366,-0.007927756559503465,-0.08114190068279178,-303.34932153315253,10.876159231961159,27.96464307078428
0.03492063492063492,-1.9226002279961996,1.871639205128764,-0.0574224808423221,0.5969419160349866,-303.19016659006064,1.1957363031093893,47.89688906113367
0.035164835164835165,-4.921506940895532,1.8147644561332723,0.44965581939174293,-1.2529133022284427,-303.03101164696875,7.87917432665463,29.78176269865018
0.03540903540903541,-7.548213194429034,-0.7712030197439277,-0.6377734575731782,1.7309837483438915,-302.87185670387686,15.53330861225162,43.529063970321445
0.03565323565323565,-8.245279212493706,-4.989369856589083,1.033243786037091,-2.0607710868263553,-302.71270176078497,13.817734394178876,58.113574276410034
0.035897435897435895,-6.230390532147398,-9.414020008483925,-1.6329582581610786,2.2616951913254946,-302.553546817693,11.15486976768672,40.73099258610499
0.03614163614163614,-1.9075509852519579,-12.801227250614412,2.088595279363417,-2.537568492899109,-302.3943918746011,15.678411177115933,53.276322193673174
0.03638583638583639,4.025254433067934,-13.768579227391061,-2.7745613463225665,2.206631763448531,-302.23523693150923,16.496640928546636,52.14680940968522
0.03663003663003663,10.080180833577584,-11.156985240573706,3.081587081178436,-2.0408400103620736,-302.07608198841734,14.445214780400827,52.91602444415809
0.036874236874236875,14.217552213731818,-5.949661109457797,-3.3224853653111834,1.91284313093306,-301.91692704532545,10.337164944636061,54.10474968111829
0.03711843711843712,15.405787364184027,0.9085021090987069,3.4993970694029706,-1.6213876560318545,-301.75777210223356,19.273092891700433,55.49690042015701
0.03736263736263736,13.141485220833264,7.169576020342255,-3.6534282949549874,0.8965265996559653,-301.59861715914167,5.971951814755399,74.09816832172386
0.037606837606837605,8.259326843167194,11.195442538868495,3.6250677099727424,-0.40210564438679947,-301.4394622160498,16.640343784629227,59.672538908098865
0.03785103785103785,2.510092307078594,12.781839416027925,-3.1831890129127647,0.22075560766098096,-301.2803072729579,9.820294579994723,53.19903073348799
0.0380952380952381,-2.9012127689265306,10.791686338242435,2.692533684539197,0.23992216215886958,-301.121152329866,14.686658735768647,74.07710509668094
0.03833943833943834,-5.884747287299002,7.232114319831816,-2.336873186852957,-0.4957484490218597,-300.9619973867741,11.965691472405286,69.71168390039942
0.038583638583638585,-6.567372469997944,2.9789383629441013,1.8739395861059336,0.5466794058818641,-300.8028424436822,9.662054868114542,66.38632967949637
0.03882783882783883,-4.729641905822595,0.0576571910516695,-0.96321378291367,-0.3225864699262645,-300.6436875005903,25.676536226774108,89.13789814819836
0.03907203907203907,-2.0517345056586067,-1.0788702893462117,0.4743418684102715,0.3626714302020013,-300.4845325574984,11.601398134278604,92.79834755012557
0.039316239316239315,0.41026817395250376,0.26605116445474525,0.04820023480948035,0.049150306572881226,-300.32537761440653,15.662602646618234,89.99626141981526
0.03956043956043956,0.8520320680133233,2.6904157804245115,-0.31351618827365135,-0.342028500970835,-300.16622267131464,2.169354277583547,112.38414214333415
0.0398046398046398,-0.998149519437837,5.163282834457333,1.063997714499552,1.0046944994127236,-300.0070677282227,12.930171263458833,95.79815715030693
0.040048840048840045,-4.611340012405422,6.1797566208302355,-1.0469506171148808,-1.6294642461435889,-299.8479127851308,11.738681988595436,92.0340859780709
0.040293040293040296,-8.428596269828569,4.635153606693814,1.195851698384435,2.097960244968442,-299.6887578420389,7.670600638996145,113.82324253209704
0.04053724053724054,-11.399888628274581,0.45892124524099775,-0.9673777309002143,-2.6290907667553203,-299.529602898947,22.004928151781833,124.65947133490383
0.04078144078144078,-11.878408123089569,-4.741775849597972,0.892253906506546,3.040887362704096,-299.3704479558551,14.741370486564168,124.12234479837566
0.041025641025641026,-9.325901374386506,-10.572371685998803,-0.4473838027774145,-3.477837783351441,-299.21129301276324,13.025397483114693,144.0841003155816
0.04126984126984127,-4.3263121310302814,-14.257983702896702,0.12527396727984308,3.803922295849274,-299.05213806967134,13.466087823059137,165.0464466115941
0.04151404151404151,2.1345120613099224,-15.028044428545567,0.18183850076773467,-3.900426182546549,-298.89298312657945,19.567286537381055,181.28461733534098
0.041758241758241756,8.625336514368326,-12.75737870938111,-0.7089565758422165,3.6811481329289157,-298.73382818348756,12.679444544543447,207.41201795897905
0.042002442002442006,12.596190829185545,-7.61908292558734,0.9890564866023808,-3.5415161718420607,-298.57467324039567,12.851842264722771,228.05020719380178
0.04224664224664225,13.896956131376896,-1.375569807511943,-1.2237662835760783,3.252715916662342,-298.4155182973038,18.52798545546781,263.80599131180594
0.04249084249084249,12.024198155186268,4.309451588348513,1.4493969277554328,-2.7838689118977142,-298.2563633542119,18.413963681318034,318.33037645723033
0.042735042735042736,7.978058283414785,8.053595220207109,-1.4093668146990632,2.4554220577011154,-298.09720841112,5.042725370997872,395.2491214564846
0.04297924297924298,3.23566457937967,8.97031731633892,1.444870512266312,-1.7336634473503525,-297.9380534680281,10.043786156307466,499.9987585823557
0.04322344322344322,-0.7619369171114043,7.267939970250209,-1.2145341395175508,1.2184969071329343,-297.7788985249362,17.87486591493185,717.6712144580839
0.043467643467643466,-2.3708457436072696,4.293988433525283,0.8910020278151841,-0.7983289851096147,-297.61974358184426,10.892975361590318,1164.282806278743
0.04371184371184371,-2.215324675664767,1.4066406576741541,-0.6693121453277667,0.26400509697393054,-297.46058863875237,11.40961284495668,3391.8503112551907
0.04395604395604395,-0.005388164924480687,-0.10952328294065712,-0.16197896034809256,0.11317438459690905,-297.3014336956605,5.879852288386899,3409.432769677931
0.0442002442002442,2.465316639444272,0.7465593432363428,0.6471895117652399,-0.11819550631762629,-297.1422787525686,8.848248873877417,1190.1600277165237
0.044444444444444446,3.6885753368203353,3.4421581164206385,-1.200595846138871,0.3125458390949038,-296.9831238094767,14.007579802979427,721.0958630479712
0.04468864468864469,2.9073189025761415,6.6022995454660816,1.8285202334681416,-0.3275364183456785,-296.8239688663848,23.124128913681623,510.85291957051277
0.04493284493284493,-0.5329463175221075,9.458819961996616,-2.4252391302454956,0.029320307826959317,-296.6648139232929,8.37244274068163,405.6988739999459
0.045177045177045176,-5.321690706476537,9.928904721727895,2.717012815931151,0.449954404943996,-296.505658980201,14.791627936743238,332.2152285939555
0.04542124542124542,-10.312057467943749,7.523147082317817,-3.0606556338511797,-0.87731604697051,-296.3465040371091,7.720189687813794,285.8347285062621
0.04566544566544566,-13.624742252470801,2.780266830524079,3.409127974888973,1.1381116430782752,-296.18734909401724,16.692543234000958,237.02248809997664
0.04590964590964591,-14.389842357741017,-3.4734654287567,-3.3508119577676094,-1.6947876477083745,-296.02819415092534,9.606945783746923,212.6484393681593
0.046153846153846156,-11.75990426463457,-9.631233021237495,3.0834301163876123,1.8499875431289217,-295.86903920783345,12.852421932534929,192.8838352006306
0.0463980463980464,-6.299591607834943,-13.721664373779475,-3.049652804436372,-2.2160349181209957,-295.70988426474156,15.18102073285251,186.6482947752342
0.04664224664224664,-0.02412669069037766,-14.850531398322667,2.550494924556782,2.438804367737474,-295.55072932164967,17.36472046835379,160.78472931190242
0.046886446886446886,6.06822414360114,-12.740101863299106,-2.2864624805686615,-2.9149660495953427,-295.3915743785578,19.88907131832009,145.81787632552638
0.04713064713064713,9.995416748333867,-8.133526922764457,1.734182579663577,2.607001716529693,-295.2324194354659,10.1104492850838,138.31715226761588
0.04737484737484737,11.050757059518999,-2.7145393900798034,-1.163909165341445,-2.653659053392441,-295.07326449237394,17.02318789667584,140.52883578955192
0.047619047619047616,9.43069741920333,1.8229702574564637,0.9914993200061173,2.186423068586417,-294.91410954928205,9.269474808855422,138.83478834731898
0.04786324786324786,5.948894329428914,4.486388454940565,-0.4147647664432908,-1.61828839300059,-294.75495460619015,16.849031803624566,111.54331989547805
0.04810744810744811,2.356960751312739,4.562897345077894,0.0796333736342835,1.3914138180974858,-294.59579966309826,10.26796643647305,119.70380057820753
0.04835164835164835,0.12963337137298142,2.506312609525135,-0.10564728445476952,-0.5950625411945875,-294.43664472000637,27.364276951625094,99.51014364975273
0.0485958485958486,0.14964402258706602,0.19218851255379338,-0.03763054497621935,0.01957549572833742,-294.2774897769145,2.285522604436289,98.18974846288806
0.04884004884004884,1.7404211567977004,-1.6088023938356606,-0.11880432329316797,0.5298059395824879,-294.1183348338226,17.15665111914164,108.67813807432236
0.04908424908424908,4.701505743650925,-1.2880546081606652,0.3564133857601855,-1.2509779716736356,-293.9591798907307,12.834902742649987,83.38191343138035
0.04932844932844933,7.1311552119409445,1.083718725111245,-0.6551195588171157,1.5807386397104817,-293.8000249476388,8.829407650869344,88.66754745187639
0.04957264957264957,7.813223217974286,5.250440825060534,1.0818269302413055,-1.6610741544269634,-293.6408700045469,24.102917662900122,80.85053171128253
0.04981684981684982,5.414805123052101,9.38042981652053,-1.6738119237096614,2.0876433430912327,-293.481715061455,17.643995848821312,84.8753185052952
0.050061050061050064,1.3687057761303933,12.7261949418184,2.417619891919333,-2.2344106201459124,-293.3225601183631,20.230870062121568,82.60648754592218
0.05030525030525031,-4.794961896155032,13.004454049316292,-2.644214097615197,2.212459458260294,-293.16340517527124,32.64219954651643,88.69778409320236
0.05054945054945055,-10.529413298816573,10.450340856297515,2.937497334286907,-2.1697221839562135,-293.00425023217934,11.940812700424111,82.99620392664858
0.050793650793650794,-14.458648082530225,5.029709254379499,-3.2583755985205958,1.7856496056493378,-292.84509528908745,3.501925805996045,65.35389874425921
0.05103785103785104,-15.076686903568739,-1.244100107936463,3.4420954648571733,-1.4477461543038261,-292.68594034599556,1.588703437513849,58.410484715033945
0.05128205128205128,-12.70312690175791,-7.49777313539417,-3.565780369800024,0.9359160326108816,-292.5267854029036,5.339359817170865,67.10878039468311
0.051526251526251524,-7.754970452134881,-11.700293480057923,3.4072244815427823,-0.45223945089237355,-292.3676304598117,27.060869427619792,75.1101336296452
0.05177045177045177,-1.788524798109201,-12.71249351621338,-3.2900334072401582,0.2653095695444795,-292.20847551671983,15.975642553377677,54.40817436431754
0.05201465201465202,3.334982106858643,-10.766941697616664,2.863156284450902,0.14696849591387293,-292.04932057362794,10.858147278766584,48.38752254521347
0.05225885225885226,6.4057643823345,-7.1166474506569415,-2.263294258536484,-0.4335426441468534,-291.89016563053605,17.318660437638364,58.85305711802391
0.052503052503052504,6.819070296225823,-2.8896316370824975,1.7465488564477842,0.6653647788508898,-291.73101068744415,6.253108085140442,62.77600158308277
0.05274725274725275,5.137690090229801,0.32232987907383853,-1.0389681754359466,-0.6760053726066004,-291.57185574435226,8.764632203664808,62.12832737633725
0.05299145299145299,2.401744852694991,1.3702867726991823,0.6017584436198304,0.3822628964487578,-291.41270080126037,8.791815206658736,57.66118730782015
0.053235653235653234,-0.005170435348364338,-0.03020756100050509,-0.1949755722074267,-0.1169017286515071,-291.2535458581685,17.288386074103467,52.806359696472065
0.05347985347985348,-0.5212238632844017,-2.2663257195498896,-0.4104707530782619,-0.4193157529715768,-291.0943909150766,17.664076787405147,50.58647692285377
0.05372405372405373,1.2138568322871852,-4.434621154479195,0.775685100242166,0.7284800153629251,-290.9352359719847,9.479228067585916,49.607822713274494
0.05396825396825397,4.530836695000102,-5.287898472154267,-1.0369459580439337,-1.4589956192454188,-290.7760810288928,15.344406300621198,52.65420440594919
0.054212454212454214,8.057100973618068,-3.9228600659738846,1.0265063329165,2.0495453602527522,-290.6169260858009,6.685607879935031,41.21281578395374
0.05445665445665446,10.95209405992312,0.04212905056532764,-0.9272414822500512,-2.5446634659638048,-290.457771142709,13.07687803706782,42.471023410032984
0.0547008547008547,11.284548552494874,5.452202219145931,1.0499621563075634,3.084553771808539,-290.29861619961713,23.652663812506557,48.838551152619196
0.054945054945054944,8.638273398558418,10.741598109699892,-0.7196385152825053,-3.436250598935279,-290.1394612565252,22.553763358214795,49.58656382709581
0.05518925518925519,3.4926550573567674,14.267970560638977,0.23383062582977315,3.7913835555678173,-289.9803063134333,14.784256909574964,52.72458312272432
0.05543345543345543,-2.8594104604434585,14.901759027139777,0.26796646282866937,-3.8531983977644306,-289.8211513703414,8.3533622053011,35.100704076008626
0.055677655677655674,-8.996823000302506,12.028172635695617,-0.5399373426668664,3.5921908363696247,-289.6619964272495,6.799403645437629,48.03022082119801
0.055921855921855924,-13.001000047499854,6.943911520294983,0.9088639772140913,-3.562451782168344,-289.5028414841576,8.78124651642772,39.74945678547524
0.05616605616605617,-14.032924753593948,0.8071594394565923,-1.384898840276173,3.389371641347023,-289.3436865410657,12.439634025964843,32.45139376119254
0.05641025641025641,-12.026448155300008,-4.984933879937031,1.5652571087842937,-2.9716713824802574,-289.18453159797383,2.837280754354601,50.92133392662485
0.056654456654456654,-7.613983333195841,-8.300120251402308,-1.7873391561898062,2.3378574456728334,-289.02537665488194,7.09462062373808,40.87414468666887
0.0568986568986569,-2.756267340085661,-9.030660644794521,1.4831210817982514,-1.6315697807632767,-288.86622171179005,16.762542130305167,31.07786350172942
0.05714285714285714,1.1362214783506697,-7.348962839053361,-1.3397199703382472,1.3343477796703105,-288.70706676869816,10.22139302252817,43.725578990437896
0.057387057387057384,2.9802313469591435,-4.506159044916539,1.0922723908137217,-0.8285673557916934,-288.54791182560626,21.330319776421135,41.37315218407765
0.057631257631257635,2.441216252397287,-1.6699117943095818,-0.5317578644540211,0.22324926926650393,-288.3887568825144,13.588619566841638,38.218353798409574
0.05787545787545788,0.3058880100875031,-0.14715606992319696,0.05475821314165291,0.006700989543081508,-288.2296019394225,13.691468079257184,44.44468355088392
0.05811965811965812,-2.066214556984543,-0.6378910808329785,0.5081171968910535,-0.015738080447248504,-288.0704469963306,12.587198558698171,47.19081653226149
0.058363858363858365,-3.1904324096140737,-3.1068561267864134,-1.1382577178622995,0.15285886558724987,-287.9112920532387,16.615650347381052,56.05323189156343
0.05860805860805861,-2.2986222044607665,-6.2827809535000085,1.7088552688251706,-0.1075377448470525,-287.7521371101468,10.696322830005965,30.523445026812517
0.05885225885225885,0.8479307995399555,-8.85555283774548,-2.1827090504341267,0.04834725318074258,-287.59298216705486,6.759323181077229,37.967379450901184
0.059096459096459095,5.728406327381442,-9.495405341513095,2.9133352417257004,0.3951156266957457,-287.43382722396296,4.304253807334685,31.083795756408755
0.05934065934065934,10.453714443791458,-6.925242969168784,-2.968688924880515,-0.7215297180343196,-287.2746722808711,8.921790033208971,37.34805039884393
0.05958485958485958,13.471377420556962,-2.273630665462671,3.276005225760861,1.2936145371515004,-287.1155173377792,6.763110673583625,26.75434929724977
0.05982905982905983,14.036125382387134,4.326040866405093,-3.115277824538676,-1.7477214278672693,-286.9563623946873,16.38818901492176,29.112560940810983
0.060073260073260075,11.133062661842244,10.124559726748672,3.307202163160825,2.090191714077581,-286.7972074515954,20.407883878634475,27.164706376437064
0.06031746031746032,5.858945539982792,13.897192581043594,-2.949532700906944,-2.4980040186684285,-286.6380525085035,18.006394197070897,23.641388511046223
0.06056166056166056,-0.7079624580264514,14.732142456103952,2.5911919979698177,2.5931818922976193,-286.4788975654116,5.958116798032733,35.67454529911117
0.060805860805860805,-6.563577960967155,12.355855635504762,-2.1403194668087226,-2.8265700553179247,-286.3197426223197,14.976684109709469,35.34718596586055
0.06105006105006105,-10.40516462610037,7.546312051480222,1.587530439298393,2.777805664814107,-286.16058767922783,6.113449464700224,24.886173000061074
0.06129426129426129,-11.069186737648046,2.20525205487963,-1.3258267685718697,-2.559367383608804,-286.00143273613594,19.562600998176897,23.980711820191768
0.06153846153846154,-9.239094343273717,-2.4519224467536915,0.6908931720359429,2.315737228419357,-285.84227779304405,7.53488303417099,30.7834218088018
0.061782661782661785,-5.83365920420213,-4.832108171569376,-0.5063354502743858,-1.8758343686538932,-285.68312284995216,7.879049575738095,22.912441642867574
0.06202686202686203,-2.2540161857086463,-4.988104084329268,0.1684023351129812,1.3316930466832626,-285.52396790686026,19.254647607416565,37.009834932041336
0.06227106227106227,-0.056243937254055965,-3.0453196479754663,0.06976911579496302,-0.8191595438797059,-285.3648129637684,8.82381493009376,25.325410865415304
0.06251526251526252,0.22066138897230178,-0.5231132211091276,-0.023858354625532874,0.10392922318483794,-285.2056580206765,7.334292238582897,24.101945765918128
0.06275946275946276,-1.6735956864294645,1.4224629100247612,0.03546676643914598,0.5472912454779663,-285.04650307758453,18.51710631936509,40.67462723956602
0.063003663003663,-4.315685348765669,0.9982554505809387,0.46295369697352706,-0.9954253542337945,-284.88734813449264,14.824658340900685,26.717004946065476
0.06324786324786325,-6.711607890480521,-1.3321746369931011,-0.7453586976747235,1.3519827526515507,-284.72819319140075,11.250162650110116,28.154873783587036
0.06349206349206349,-7.028810008959473,-5.442567088789664,1.1428986237315129,-1.98154919468107,-284.56903824830886,17.279227207340785,32.128935752486946
0.06373626373626373,-4.913163598815431,-9.41830788993307,-1.7973371622034815,2.0771408727556415,-284.40988330521697,13.525676237949728,33.30369562287409
0.06398046398046398,-0.7077500340247213,-12.302802425293356,2.296700020922315,-2.1571928120170147,-284.2507283621251,18.84156310212812,29.057896689943156
0.06422466422466422,5.069560572097126,-12.383644210107986,-2.6251338540275335,2.1831063137827917,-284.0915734190332,16.862045530518078,38.772369380743044
0.06446886446886446,10.688698529222211,-9.711529004231314,2.8989617098154574,-1.9979868608792988,-283.9324184759413,13.285946151515828,15.964658312517136
0.06471306471306472,14.066243151404441,-4.349426248942966,-3.4662711768919316,1.5605536817658445,-283.7732635328494,8.844697721981175,29.58640622604822
0.06495726495726496,14.578652207863723,2.2594440428993776,3.482450261451631,-1.402579967214951,-283.6141085897575,15.788265075181215,20.830665004600007
0.0652014652014652,11.990836197640625,8.208090255817659,-3.5141135381659994,0.9950986188478825,-283.4549536466656,17.989117543847545,33.97790315694698
0.06544566544566545,7.125686591535019,11.931179588877225,3.3428961575154417,-0.589065511616249,-283.2957987035737,16.151751237050714,23.120548754298834
0.06568986568986569,1.302360713157689,12.71939210209491,-3.188016710974255,0.09613410083442869,-283.13664376048183,12.957914851964748,25.641134638351943
0.06593406593406594,-3.824559219405739,10.641366958939699,2.826567093835008,0.05431431214325935,-282.97748881738994,14.183018318746173,24.446334826997603
0.06617826617826618,-7.025690497991309,6.898598101318927,-2.472742783795284,-0.5247524915109036,-282.81833387429805,21.12344586791582,36.42456180648929
0.06642246642246642,-7.176169932702648,2.544431351820192,1.8801398443735167,0.5884452683762764,-282.6591789312061,13.62053130131133,33.099193238190395
0.06666666666666667,-5.370587973882986,-0.24040729168044106,-1.2044623411176092,-0.6315084998405058,-282.5000239881142,11.882169261954523,15.803957395248203
0.06691086691086691,-2.6004183784544375,-1.5358709491543878,0.5185966630131196,0.3331560802337968,-282.3408690450223,23.823804787344752,28.248292395623494
0.06715506715506715,-0.22429952266262407,-0.3828009337832735,-0.2144477828792336,-0.16843469465750593,-282.1817141019304,9.924481173665969,36.12341704934622
0.0673992673992674,0.20932575409101156,1.946056558325553,-0.3286228978503858,-0.301582720833758,-282.02255915883853,12.281846272927186,17.469551104097217
0.06764346764346764,-1.1902632318827888,4.171920760947007,0.4862573110199391,0.8819513493174821,-281.86340421574664,6.75192946047435,17.298671970894475
0.06788766788766788,-4.348149661890784,5.0153939380630375,-0.9262720556545802,-1.535410306172013,-281.70424927265475,12.693607791239558,20.64397512927343
0.06813186813186813,-7.76241068915025,3.4455824811608022,1.0044463226356573,1.8734765731237202,-281.54509432956286,12.30775814570036,24.749385063506786
0.06837606837606838,-10.70202622626961,-0.46820067486791167,-1.040411484985761,-2.3619507229701635,-281.38593938647097,7.890762059106263,21.303051017118214
0.06862026862026863,-10.664214544172161,-5.793868792174485,0.700845592217443,2.9925757560851367,-281.2267844433791,25.404165865340442,26.032197018799398
0.06886446886446887,-8.006037702532845,-10.805941460031457,-0.5048546353997327,-3.380297730187456,-281.0676295002872,14.092724986090525,27.253352765653737
0.06910866910866911,-2.681534047642711,-13.833954989901637,0.1417640825120211,3.5755849835238083,-280.9084745571953,7.80436762724237,26.750346109031184
0.06935286935286936,3.5545665880510477,-14.631372759887624,0.19564563286617043,-3.7624008906751243,-280.7493196141034,18.191966198901703,20.438749762004484
0.0695970695970696,9.509960772427043,-11.537563874720684,-0.6859297690222181,3.6378365394362184,-280.5901646710115,15.6274735201977,34.46722908496412
0.06984126984126984,13.186338112873374,-6.014888586629542,0.9207471011276054,-3.6479223438295465,-280.4310097279196,13.262741332272768,23.188633596986822
0.07008547008547009,13.91960066728376,0.26495730074582263,-1.1191869694176877,3.3256529571273994,-280.2718547848277,5.841044735543798,25.391344082139288
0.07032967032967033,11.555863086980066,5.280678781998913,1.4362311010780726,-2.885555649337468,-280.1126998417358,13.302575648037418,20.027821549000794
0.07057387057387057,7.186545428625227,9.074054159463769,-1.5630306509042422,2.5104579882701614,-279.9535448986439,17.696056415134713,18.387638812474243
0.07081807081807082,2.4245899227296412,9.592726580345856,1.7490492653616312,-1.7308232225418552,-279.794389955552,22.752930062808833,27.124891787409528
0.07106227106227106,-1.3354069132153557,7.504677430000092,-1.435611224481523,1.4740681872432357,-279.6352350124601,16.137372813507213,32.682326166207936
0.0713064713064713,-3.2720580055328914,4.4560191804648275,1.0137646512463385,-0.6439088942814865,-279.4760800693682,19.833898435617257,18.0192908417859
0.07155067155067155,-2.8548071830138184,1.5365797883274952,-0.5533613651264327,0.3832743613033459,-279.3169251262763,6.244856993190493,18.098821018647953
0.07179487179487179,-0.7239317131511566,-0.17905727288762457,0.12208907377066289,-0.06478298171832916,-279.1577701831844,20.341007529268257,17.35904094389264
0.07203907203907203,1.6585481884533015,0.5939201134120379,0.4092284253476221,-0.04515611338247594,-278.99861524009253,14.160663145857498,16.233054830141985
0.07228327228327228,2.838979252761871,3.047546077744796,-0.926213045112825,0.16451547533804614,-278.83946029700064,17.391957954059144,15.831887263726697
0.07252747252747253,1.8277060236785028,6.075377427740541,1.6430746330930457,-0.1848452926190428,-278.68030535390875,25.20458185722065,30.371923684529825
0.07277167277167278,-1.2775384999174364,8.493580499907871,-1.9839740046777217,-0.016929231181558813,-278.52115041081686,9.267837905730552,4.368331156644597
0.07301587301587302,-5.679407565313104,8.631351434099912,2.675522129335642,0.22059616819879838,-278.36199546772497,15.263704389024571,30.913062342750198
0.07326007326007326,-10.155103904725253,6.149240367800738,-2.941796836695468,-0.6376942779306627,-278.2028405246331,18.446391076200207,20.39695872715692
0.0735042735042735,-13.324961275531972,1.2619586400024487,3.1287556225159534,1.2244727529191897,-278.0436855815412,3.9481630668215137,27.248288559260747
0.07374847374847375,-13.412386099264863,-4.816354159027466,-3.120046985476145,-1.5689790774900298,-277.8845306384493,22.731805722858848,23.486938294011235
0.073992673992674,-10.483637100411833,-10.274979786759644,3.0035939284250412,1.9450565624798921,-277.7253756953574,16.465632064368993,11.516874188540722
0.07423687423687424,-5.102729516613099,-13.809778680338022,-2.8941815687813865,-2.4495118283182893,-277.56622075226545,14.006710405725823,18.464635453804686
0.07448107448107448,1.4691362050232968,-14.468620680798558,2.445746743311569,2.6668071094293824,-277.40706580917356,9.12780267721688,10.556408474685306
0.07472527472527472,7.168698242651113,-11.991916001071992,-1.9942381038314376,-2.755237856087907,-277.24791086608167,16.821235763125205,14.983713463615638
0.07496947496947497,10.799299328645647,-7.2465149764144865,1.7048744617252527,2.7798756068923463,-277.0887559229898,8.09700924492532,19.178935758071376
0.07521367521367521,11.280760226713207,-1.473175917403295,-1.2311562632336328,-2.591989576552423,-276.9296009798979,19.44295651521244,24.03066380405215
0.07545787545787545,9.291220490829533,2.7960807325214403,0.8258241906143614,2.268290067086409,-276.770446036806,18.033365322877238,16.494668577554812
0.0757020757020757,5.829560581976575,5.144029839093259,-0.23081099976246214,-2.058125435350919,-276.6112910937141,12.97349636264554,16.341149920195864
0.07594627594627594,2.0958493746117073,4.973957037537389,-0.04829120601420911,1.3547684457665858,-276.4521361506222,20.808657863756327,19.83183159502112
0.0761904761904762,-0.4345381750021551,3.3301447404815847,-0.02192046302719495,-0.8286462143635331,-276.2929812075303,13.285451759456889,20.047681888337134
0.07643467643467644,-0.32267705197542035,0.7262746629257482,-0.10941097807627788,0.13518791991087975,-276.1338262644384,18.204374586874124,25.43638893074783
0.07667887667887668,1.4954015230820477,-0.8259348787390146,-0.07248077034020119,0.16015622348869507,-275.97467132134653,19.905116310454062,18.582195427132127
0.07692307692307693,3.826291019333485,-0.8332017672360376,0.46981791835958864,-0.9638869821035366,-275.81551637825464,12.842691043695654,21.25831243310329
0.07716727716727717,6.098456698906495,1.5394529673812005,-0.599899266648112,1.5669974357118048,-275.65636143516275,15.446794025742072,16.167424667660857
0.07741147741147741,6.588406792920787,5.195470034163436,0.9636457624288637,-1.9172059612931918,-275.49720649207086,17.599953866050868,18.839625556652102
0.07765567765567766,4.360355759005168,9.262609114464578,-1.4376912749292674,2.057388908933846,-275.33805154897897,21.134097188650824,13.606075571219616
0.0778998778998779,0.06242771393753323,11.975907413848365,2.0167515412088086,-2.2096370142471575,-275.178896605887,15.681187457460863,29.63205227340865
0.07814407814407814,-5.72271751968866,11.94230947971619,-2.615292024479335,2.0976127613737656,-275.0197416627951,12.293722247863897,16.244072343361655
0.07838827838827839,-10.830866048595743,9.050989777761897,2.882621320697647,-1.756542344534668,-274.86058671970324,7.995015624078544,16.625746828758107
0.07863247863247863,-14.23221364140637,3.676589436244951,-3.2970927040621567,1.5980669501569245,-274.70143177661134,16.56943752439936,21.044123175920628
0.07887667887667887,-14.52467079255451,-2.9546265282242463,3.3650429464007403,-1.2373637749704194,-274.54227683351945,14.405887110660798,33.73665667753502
0.07912087912087912,-11.80089447665512,-8.497798833456361,-3.588495996466611,0.7648791381582596,-274.38312189042756,20.280917036418092,14.846863867008198
0.07936507936507936,-6.680324364891713,-12.299377233328057,3.3656652851339137,-0.36625782113208477,-274.22396694733567,16.638937794266404,13.026965660424265
0.0796092796092796,-0.5184224211764119,-12.978340483135502,-3.2132233682450857,0.11404047354861994,-274.0648120042438,5.424902822568178,23.50531554118177
0.07985347985347985,4.538901898806242,-10.79625644531087,2.854590001740173,0.44132426930782814,-273.9056570611519,15.892607884316456,3.7081385854810467
0.08009768009768009,7.3386649747758295,-6.686238152398273,-2.4555274981899538,-0.4244033142102227,-273.74650211806,18.230643788908008,11.954977304592637
0.08034188034188035,7.42135155265556,-2.4140380528273266,1.948202715519396,0.5058042772926261,-273.5873471749681,20.07581414297827,12.964013173395049
0.08058608058608059,5.708868293995882,0.763637108797373,-1.2124326600719226,-0.7446283635726005,-273.4281922318762,3.6914864413578967,21.614797619165365
0.08083028083028083,2.797299524921284,1.881208551374254,0.7306320304031636,0.4365269335454113,-273.2690372887843,25.112449522781525,12.939742699204858
0.08107448107448108,0.2371210121218032,0.9634994160818904,-0.17115410471257642,-0.24256546885868735,-273.1098823456924,7.592563874973478,15.645579761825429
0.08131868131868132,-0.11029487064847149,-1.461847611183816,-0.3751226348355717,-0.29515342583542253,-272.95072740260053,22.01828918374967,18.694731360691023
0.08156288156288156,1.2462096864287733,-3.7250273609268176,0.6229947647947254,0.6052081246719023,-272.79157245950864,16.85619664535711,13.581594388876722
0.08180708180708181,4.218167916313371,-4.405552442389401,-0.8485328865484673,-1.2407589098494587,-272.6324175164167,16.710593968119774,28.95719801720705
0.08205128205128205,7.7868118150615935,-2.8570503154291167,0.955872259603414,1.756863320543978,-272.4732625733248,19.124375591043112,20.52770245029941
0.0822954822954823,10.164524190560108,0.9378193093982764,-0.8236849123404467,-2.2988624629405634,-272.3141076302329,20.638040492220455,21.67755908404446
0.08253968253968254,10.014875830228672,6.150811875437088,0.6040143772416229,2.679577436097795,-272.154952687141,7.5608817788118055,32.689819748911646
0.08278388278388278,7.267193399401046,10.868817987547875,-0.4367405374028096,-3.1272856916089204,-271.9957977440491,13.23904600182599,24.052065309476525
0.08302808302808302,1.9980932021599187,13.780198972244918,0.18624006539779547,3.3946378840126994,-271.83664280095724,15.029506524071374,10.147527117184321
0.08327228327228327,-4.205602562784961,13.722433154680829,0.15661832835272826,-3.4801769092860453,-271.67748785786534,5.515909929238439,19.66968345962958
0.08351648351648351,-9.920736078239786,10.947986895860875,-0.568945944916251,3.7283960271611987,-271.51833291477345,20.378715278222927,16.475981720618627
0.08376068376068375,-13.351856655752464,5.560308929503107,1.0433224522723286,-3.5686423446228566,-271.35917797168156,3.4723371979682454,12.344162295254023
0.08400488400488401,-13.687974827669295,-0.975412372126006,-1.3117585339480615,3.3278566307501594,-271.20002302858967,5.965223357621795,18.96092009088436
0.08424908424908426,-11.31270917828605,-6.202012092615947,1.7135685170350436,-2.7132535061351426,-271.0408680854978,11.883498776010553,9.088538046976275
0.0844932844932845,-6.766987300406097,-9.181979688838283,-1.7441085381406043,2.4578356618500274,-270.8817131424059,10.021322994142317,22.206850649354454
0.08473748473748474,-1.937013451925997,-9.902480172852414,1.5332993035195945,-1.9050000677114374,-270.722558199314,12.350110634303713,29.448579403056797
0.08498168498168499,1.7661711294362035,-7.5851251383814615,-1.3225334042162722,1.3863550180286655,-270.5634032562221,3.7342047878088556,18.154184749630893
0.08522588522588523,3.758308640444691,-4.527082006623567,1.1151521775760291,-0.9244198089021097,-270.4042483131302,10.357086929811429,15.770504021417121
0.08547008547008547,2.9073330684339527,-1.4886185416658861,-0.9207680006312244,0.24631431619613123,-270.2450933700383,19.23883210527208,14.148981652965208
0.08571428571428572,1.1260601844377776,-0.24982947765226662,0.2770893485815579,-0.08435380863434674,-270.08593842694637,9.222374099371958,9.168326123081654
0.08595848595848596,-1.1043943783827723,-0.5761662162364815,0.4424441757035719,-0.11595851356072573,-269.9267834838545,18.82116316665725,18.851722475840976
0.0862026862026862,-2.3771861574384063,-2.996143434817561,-1.0097764424300597,0.2554308718369447,-269.7676285407626,15.487451772459307,20.88054737320331
0.08644688644688645,-1.468097502150594,-5.781573538652121,1.3747242735427436,-0.2253292885989052,-269.6084735976707,16.927928311020292,7.3934968133317325
0.08669108669108669,1.5477673577515099,-7.940329316515608,-2.037594222916273,-0.10917588562759466,-269.4493186545788,8.76923490023606,10.347548188063428
0.08693528693528693,5.932984529230118,-7.9492539391155885,2.419385369456208,0.4684667930936644,-269.2901637114869,11.037970535421417,21.3213517517147
0.08717948717948718,10.261419625826402,-5.654904935685856,-2.813732913391603,-0.6552492839652938,-269.131008768395,16.160340951606383,18.459954829238626
0.08742368742368742,12.856987949536254,-0.599232533494377,2.9495494933085427,1.1812165515288833,-268.9718538253031,6.688471956208247,2.2872423171969607
0.08766788766788766,12.675060568738463,5.212727208176468,-3.1462976310349675,-1.747210306880699,-268.81269888221124,22.71610322820938,27.149464431852326
0.0879120879120879,9.745277176474518,10.897035234879935,3.0965713071926633,2.1349580220044704,-268.65354393911934,3.5986832966807736,8.20056030174058
0.08815628815628816,4.158736417159555,13.77947485636311,-2.6834192470460683,-2.405582452903748,-268.49438899602745,10.884112100230023,14.245915062259515
0.0884004884004884,-2.333350400101233,14.372144050950439,2.4805688028261796,2.6281411260040994,-268.33523405293556,17.131176515397765,10.206470096830177
0.08864468864468865,-7.563777649403442,11.49421928729138,-2.2247301716234107,-2.747399750959943,-268.17607910984367,27.08313891015964,5.877125505189003
0.08888888888888889,-11.11833309850531,6.517159765707095,1.6320907196189098,2.702393150986743,-268.0169241667518,13.983857213833023,13.04250947001251
0.08913308913308914,-11.457203653911252,1.0701935093166994,-1.05193653715816,-2.4546060413908695,-267.8577692236599,6.185537564797176,11.464589371990897
0.08937728937728938,-9.126066668730392,-3.301596962551243,0.6879907116700735,2.376299276488829,-267.69861428056794,18.74961980556774,16.36129450135234
0.08962148962148962,-5.553883200016311,-5.5397485575969565,-0.4358150437945307,-1.8296993131254964,-267.53945933747605,9.947185992498417,15.40524076157756
0.08986568986568987,-2.175880359845292,-5.444479521321538,-0.0065234486402863945,1.5101893942680946,-267.38030439438415,17.40939871324631,21.644954577425253
0.09010989010989011,0.41347838512240614,-3.5382862099353853,-0.12210796298684914,-0.8952111479043068,-267.22114945129226,9.915010645162797,14.720074337366281
0.09035409035409035,0.688956167813904,-1.0144714949473472,-0.15555359597858748,0.2497551095599413,-267.06199450820037,19.641917802857233,12.056455828106973
0.0905982905982906,-0.9794131066104842,0.790777506621485,-0.03761982021615985,0.1356700590978387,-266.9028395651085,9.469771522347411,16.828625238291227
0.09084249084249084,-3.504274417567759,0.7475046237883741,0.2743212076915988,-0.781325820297511,-266.7436846220166,3.9708258240653063,22.845008970133822
0.09108669108669108,-5.655370270153837,-1.827013394730822,-0.570142986469447,1.274011177894369,-266.5845296789247,22.175041705182785,12.981975273885267
0.09133089133089133,-5.835794313575318,-5.260349867974661,1.075535703993155,-1.9211637275328637,-266.4253747358328,21.551645428187353,2.8268073604213737
0.09157509157509157,-3.8944167574732735,-9.153513847032363,-1.577222681479231,1.9766878345973076,-266.2662197927409,25.526688357620735,11.09768157850649
0.09181929181929183,0.5284713979507385,-11.499541114053173,2.1710988051536915,-2.072982193207426,-266.107064849649,6.8279764661273905,22.909268015447104
0.09206349206349207,6.045572107185314,-11.30638199230399,-2.565499520381899,1.830190519779173,-265.94790990655713,10.561446099559051,17.30522868397217
0.09230769230769231,11.04215179864235,-8.346874720042074,2.986800988347959,-1.764397917147093,-265.78875496346524,11.446955579452066,26.378922123890487
0.09255189255189256,14.188511601802084,-2.8732764602207754,-3.127560051871972,1.492366652730817,-265.62960002037335,5.036442094174479,7.681772180568806
0.0927960927960928,13.979372664668531,3.457167672655475,3.4617916806334477,-1.0227038301190565,-265.47044507728145,11.52052249897312,21.340778818993343
0.09304029304029304,10.936511889522532,9.102620648977478,-3.47277851063421,0.6842020822364462,-265.31129013418956,14.293802315094872,21.82618320524003
0.09328449328449329,5.846751769991111,12.586689578804782,3.4005936845367875,-0.301081154592308,-265.1521351910976,20.710924974231293,18.717774092632276
0.09352869352869353,0.039172430162258,12.719868116705477,-3.072590586276305,-0.05775595401620437,-264.9929802480057,9.975546171086824,20.253319763620915
0.09377289377289377,-5.023323658660907,10.525735295543592,2.7704301586274824,0.1400401449384412,-264.83382530491383,8.299790761173957,14.092559810413736
0.09401709401709402,-7.718652062871027,6.224156856941373,-2.558140793840906,-0.38869870674056695,-264.67467036182194,16.845939988620234,12.497086200224771
0.09426129426129426,-7.718091455742889,1.8323891590894514,2.1583833250912456,0.47426186508853896,-264.51551541873005,5.2179442896485755,5.874633733124115
0.0945054945054945,-5.719401743484768,-1.1396544154286679,-1.334476894394232,-0.5897806364680223,-264.35636047563816,24.769801642932627,9.384789261109614
0.09474969474969475,-2.9569628994417507,-2.2782375522965888,0.7820349154295191,0.4699597006796889,-264.19720553254626,11.533961750741206,23.26855457622045
0.09499389499389499,-0.397137657883445,-0.9523570040120054,-0.3450511289542512,-0.03969479305469295,-264.0380505894544,11.804738554742292,16.80433626733481
0.09523809523809523,0.05860651450127947,0.9316274488671054,-0.2528670319175197,-0.32406922295452734,-263.8788956463625,4.994015133078298,17.67548015621381
0.09548229548229548,-1.2542488701537595,3.215405579245495,0.5185500979827348,0.7680115810329127,-263.7197407032706,11.782679476871877,7.743372105352763
0.09572649572649572,-4.417470589424929,3.6322390265298776,-0.7960644020668808,-1.310192335513279,-263.5605857601787,5.097850962184013,5.679397732846398
0.09597069597069598,-7.5178527269065105,2.2302414450098254,0.8385808397477018,1.829023743615026,-263.4014308170868,17.145781781843606,12.343322779150716
0.09621489621489622,-9.68972476366275,-1.5016495649773425,-1.0100812098903549,-2.131350635100673,-263.2422758739949,11.53510412011165,14.139421983994328
0.09645909645909646,-9.32653586762675,-6.237495406406774,0.7533843513959076,2.828577116555671,-263.083120930903,3.9308172085442807,7.484096718493323
0.0967032967032967,-6.5502563906447495,-11.052869172093072,-0.2881259096285911,-3.267704573234285,-262.92396598781113,20.17739300816296,8.561087154672373
0.09694749694749695,-1.1868685599811262,-13.678401702944466,-0.049883444125532056,3.5235674710408675,-262.76481104471924,9.079224464299479,15.08837714401936
0.0971916971916972,4.85439844166121,-13.700321862733619,0.3482841391594664,-3.5259953066700582,-262.6056561016273,16.491932928262678,8.888228826019473
0.09743589743589744,10.314651184638763,-10.261492387301265,-0.8934527564497794,3.515033568737633,-262.4465011585354,3.562596654977343,12.958273442344463
0.09768009768009768,13.429586935029448,-4.880085237264033,1.0330744448609797,-3.46518054318743,-262.2873462154435,8.001402225463483,9.168567114104702
0.09792429792429792,13.558946144699165,1.384724903757175,-1.199440034213707,3.0213151152545428,-262.1281912723516,4.8361892184095625,10.945710843284129
0.09816849816849817,11.032344449443157,6.511425591162053,1.5261073818868087,-2.8352329619843064,-261.9690363292597,15.76463433450516,15.324521245803378
0.09841269841269841,6.40494063468458,9.635632362282768,-1.5317411708935125,2.428555927954052,-261.80988138616783,12.312689234183978,4.186770020788911
0.09865689865689865,1.5258100971308826,9.731361389208915,1.724073688417059,-1.8193966790634064,-261.65072644307594,16.043409190758144,15.708429875290602
0.0989010989010989,-2.494026511792826,7.806552970377633,-1.4900822288050715,1.3766750490284418,-261.49157149998405,6.360475890148015,6.36696490129375
0.09914529914529914,-4.071218366521057,4.523145291608058,1.0548128303875979,-0.7717082965260544,-261.33241655689216,1.7535032188829978,22.259743552906652
0.09938949938949938,-3.6311758455523346,1.281949962874548,-0.8290646593701422,0.31449429125445416,-261.17326161380026,16.262094004869546,16.34466797281016
0.09963369963369964,-1.621006488739251,-0.07173094438783176,0.2604803179552545,-0.18334963245670718,-261.0141066707084,15.393540112708532,4.878479299196386
0.09987789987789988,0.8663037594584521,0.30489367791509225,0.17091891577098772,-0.037328221319769636,-260.8549517276165,8.088033684518011,13.686903400183814
0.10012210012210013,2.0782692339785913,2.588209954999,-0.7438580293609571,0.14775057386024196,-260.6957967845246,18.539686111987002,8.842035665349027
0.10036630036630037,1.0999858113674168,5.407766873824742,1.2090880111805207,-0.025005649664904657,-260.5366418414327,13.892963526168009,19.010339165290336
0.10061050061050061,-1.8520997330722833,7.432546146562762,-2.1994105131837873,-0.1602018353875355,-260.3774868983408,19.65496473013064,22.61346239773491
0.10085470085470086,-6.101555149167357,7.468163748127183,2.366637081495555,0.4097293046051413,-260.21833195524886,9.815882620468297,19.42130645479387
0.1010989010989011,-10.186802617378584,4.676461066199362,-2.73623008404871,-0.8014786586840348,-260.05917701215697,13.312625293780401,13.730189106561848
0.10134310134310134,-12.70699296975084,-0.154038489536741,2.9075731080108715,1.17393335354452,-259.9000220690651,9.027493313207298,9.488716607882223
0.10158730158730159,-12.204833603983722,-5.5996356452944696,-2.9317204724526276,-1.5582117658392471,-259.7408671259732,12.966151783793709,7.506726626217291
0.10183150183150183,-8.88077422962427,-10.870223582116456,2.8729911903003473,2.090663636691238,-259.5817121828813,6.807488497771017,24.786506622237024
0.10207570207570207,-3.547305837151156,-13.84374762574225,-2.626606388802907,-2.4620943193192706,-259.4225572397894,14.781190735712514,14.74452618748385
0.10231990231990232,2.901903410708813,-13.896717591871228,2.389771441485794,2.6865455624008616,-259.2634022966975,11.469333580631098,9.22377411309954
0.10256410256410256,8.187303581748573,-10.844450465457795,-2.0012916771178517,-2.8630942946864955,-259.1042473536056,5.177189971724045,8.04179694617923
0.1028083028083028,11.288190230996612,-6.099350068815119,1.6077577662275864,2.991010368697334,-258.9450924105137,17.479644707667042,16.63480136669897
0.10305250305250305,11.475039802731649,-0.5757700577331969,-1.1399649682422537,-2.710256066321743,-258.78593746742183,11.463267400736873,21.773231642431575
0.10329670329670329,9.275714913395989,3.959766179130371,0.698257451983693,2.4849300014125344,-258.62678252432994,13.788847487225624,19.088923858170258
0.10354090354090353,5.366489827255192,6.239667397318073,-0.3141031412019918,-2.038861677483584,-258.46762758123805,6.4518805238988985,16.25496148484416
0.10378510378510379,1.7933472351640853,5.794828560125004,0.21415347987121813,1.5117560831814556,-258.30847263814616,12.703870153823623,13.199577897982111
0.10402930402930403,-0.42418303401026136,3.776983116091122,0.09364922075365091,-1.056507261689764,-258.14931769505426,19.601008741204033,7.603630097690566
0.10427350427350428,-0.869903916950726,1.2672402979604926,-0.044562525082505175,0.3216971507855344,-257.9901627519624,11.303006359232876,10.714740173558392
0.10451770451770452,0.6845523206771085,-0.544213073420769,0.036452748496523524,0.1847430976913517,-257.8310078088705,15.580795276981384,9.354078365866638
0.10476190476190476,2.9655183434607006,-0.36443627013211327,0.18370912686295532,-0.7118853944730339,-257.67185286577853,10.781017887678669,3.83865145132247
0.10500610500610501,4.862300558511305,1.7025987789682324,-0.714608671935591,1.258801893171182,-257.51269792268664,21.755805079478062,19.917740693121527
0.10525030525030525,5.308292148560516,5.2987290469454305,1.1503502320918604,-1.6639457330248417,-257.35354297959475,19.09028152783999,24.317294946071446
0.1054945054945055,3.2132930862922024,8.769423879904263,-1.4138981225377594,1.7689165941021108,-257.19438803650286,15.175912333930649,13.164436047710447
0.10573870573870574,-1.091749104648695,11.027435027207122,1.9950178481636738,-1.7694798999174852,-257.03523309341097,3.4130656928364336,18.283983886276893
0.10598290598290598,-6.5204745311951005,10.684826654132468,-2.4822532807519484,1.904330117662022,-256.8760781503191,13.289298907668805,16.49612487628803
0.10622710622710622,-11.21067869854441,7.702857874844563,2.733361656926404,-1.6402999612292515,-256.7169232072272,5.30671301020741,24.17606179413576
0.10647130647130647,-14.09713211981804,1.9406370374442088,-3.306130394175121,1.5481858299983395,-256.5577682641353,25.12918999353396,12.93845986667749
0.10671550671550671,-13.644109840161342,-4.100002660010225,3.4816655343969454,-1.0413490509010208,-256.3986133210434,11.840099930232649,9.75763739849251
0.10695970695970695,-10.502906819508102,-9.587595974922912,-3.511633799812539,0.7404110859328179,-256.2394583779515,15.180270736040832,7.18922151604725
0.1072039072039072,-5.258398525617586,-12.797297763483492,3.3489690126357083,-0.45255563454766257,-256.0803034348596,14.632112397697579,9.719015564433757
0.10744810744810745,0.42048855484145764,-12.748220360348078,-3.2378981490196868,-0.1399584521908554,-255.92114849176772,7.6958918948019885,19.642642696924742
0.1076923076923077,5.395772114700971,-10.09086569541892,2.952298976044812,0.40464966376738487,-255.7619935486758,20.430254315526938,17.330424932016683
0.10793650793650794,8.080429965808767,-5.952940748331735,-2.370473353209445,-0.6264116115250742,-255.6028386055839,14.811731532052466,10.918223228695432
0.10818070818070818,7.995195006277422,-1.626591568723744,1.9718798736051015,0.6930289628140953,-255.44368366249202,11.62940286456804,5.431665475162548
0.10842490842490843,6.006129059203048,1.5922363607627072,-1.2424564101321929,-0.7795083167153439,-255.28452871940013,3.827139339398334,8.633370448816187
0.10866910866910867,2.9747921733587783,2.4600533794422215,1.1405080733776014,0.660251919385718,-255.12537377630824,9.86058743782938,12.221769287240178
0.10891330891330891,0.8035614369473598,1.6058407167898636,-0.4160754556422612,-0.08672795702897051,-254.96621883321635,12.607663549199957,11.189597223312438
0.10915750915750916,-0.18964276739896677,-0.5308258734377709,-0.2154777045148507,-0.12306556160581764,-254.80706389012445,20.18102197968374,14.557749515360129
0.1094017094017094,1.3129986646027816,-2.65151449354369,0.5547681607076196,0.576743191539662,-254.64790894703253,16.307654518583032,1.8722849272065691
0.10964590964590964,4.107937262273307,-3.3826747622201503,-0.779282587033494,-1.010292847100522,-254.48875400394064,13.70984475983807,8.93951499813749
0.10989010989010989,7.001909537581406,-1.754704037393975,0.793096069065456,1.7372093693552664,-254.32959906084875,25.44265561934825,12.304993041381083
0.11013431013431013,9.196994302998593,1.8349709444326443,-0.7024881079874336,-2.152748141421555,-254.17044411775686,7.259382157662451,15.443802621634749
0.11037851037851037,8.692841011354583,6.477631010919821,0.572680460646713,2.6998412743543936,-254.01128917466497,19.518834830396067,16.989117615785577
0.11062271062271062,5.837195363279301,10.84764490253848,-0.38974351099204224,-3.0976131268750238,-253.85213423157307,5.677335266504965,20.341511189757675
0.11086691086691086,0.6574593685303697,13.338286713886642,0.13470969745291114,3.257802052634998,-253.69297928848118,8.563978262580582,14.188183742354884
0.1111111111111111,-5.286370460168969,12.863850492134182,0.3725655964021958,-3.3660715173699063,-253.5338243453893,23.90858892920556,17.281429326995404
0.11135531135531135,-10.59243418731442,9.704424534065357,-0.649916226434155,3.6218980157994998,-253.37466940229737,4.54235531197527,10.868427820182323
0.1115995115995116,-13.591986639590685,4.0922801759479315,1.2003449245970634,-3.3744456359513175,-253.21551445920548,12.150092990101761,5.7906797021435805
0.11184371184371185,-13.579696283921528,-2.0426628044693858,-1.4174280195102178,3.2869281559554846,-253.0563595161136,17.667491157001223,7.82970954585307
0.11208791208791209,-10.539206776137481,-7.130903925649987,1.8055716997395113,-2.62087883996968,-252.8972045730217,5.360679574907037,18.821530634101894
0.11233211233211234,-5.981395828972332,-9.750672624271798,-1.7504292753824142,2.187757416632119,-252.7380496299298,3.0443027081170473,13.08362888650978
0.11257631257631258,-1.0527689667468205,-9.987186201574252,1.7686476610019104,-1.8276751456072682,-252.5788946868379,1.97625349307482,3.828047024546276
0.11282051282051282,2.8738852241546096,-7.812998583364169,-1.5006434922325784,1.2105351109599043,-252.41973974374602,7.975505188484273,12.81674460623928
0.11306471306471307,4.408794117671575,-4.440888245067986,1.2128749967434218,-0.7552526218987301,-252.26058480065413,17.928067044072243,12.464317818386487
0.11330891330891331,3.7655872296053934,-1.4539033565580524,-0.7478540320647329,0.47931913873253434,-252.1014298575622,24.05024501216556,6.918684870024174
0.11355311355311355,2.009755138586055,0.16872142731391263,0.39797360869006554,-0.14548178538833736,-251.94227491447032,10.731741039770784,19.252809816316876
0.1137973137973138,-0.38979591414796505,-0.16839621263173535,0.07665998349577993,-0.1021113572118858,-251.78311997137843,10.317533648980335,9.70601829403576
0.11404151404151404,-1.67455935725186,-2.340877218522754,-0.6576513433198611,0.10150443826460571,-251.62396502828653,9.319727580755169,16.348420210727944
0.11428571428571428,-0.6457647951660416,-5.150846316034168,1.2811698417756574,-0.021286924253679434,-251.46481008519464,15.442304498211238,21.415849482075224
0.11452991452991453,2.4068575276266033,-6.924662061059218,-1.7996301852803422,-0.04671804337462339,-251.30565514210275,12.722451410630745,0.2332297180106805
0.11477411477411477,6.229118885545725,-6.895918718714547,2.1886576920345906,0.5347490432837839,-251.14650019901086,7.121139086283607,18.405563213614812
0.11501831501831501,9.985657543050253,-4.082184207779609,-2.475062974656409,-0.838268625214694,-250.98734525591897,7.398526370651702,17.897415824187178
0.11526251526251527,12.224532162663811,0.626839406362285,2.8223730422091644,1.0423435521448572,-250.82819031282705,16.21107921099076,1.671514448778218
0.11550671550671551,11.731439679997557,6.26079577912009,-2.8220262904255287,-1.7626681168222351,-250.66903536973516,18.632945967002392,7.693797937964116
0.11575091575091576,8.320969491427055,11.085549526953491,2.9218443643903953,2.2086085796157913,-250.50988042664326,3.2881524661901578,10.188148625852556
0.115995115995116,2.7453213899710347,13.989052533232467,-2.6086675686695533,-2.39204047026632,-250.35072548355137,14.995378192005685,2.9626215813558296
0.11623931623931624,-3.3788115130472662,13.718886361576942,2.4669053287322176,2.565714566688298,-250.19157054045948,4.9537045770029104,15.074254649276739
0.11648351648351649,-8.667356478895181,10.570652519210949,-2.051249905990585,-2.8255270049515104,-250.0324155973676,14.937044151769697,16.974905781088214
0.11672771672771673,-11.629604892871944,5.567772037493714,1.4143069876259236,2.5726590560971196,-249.8732606542757,11.332990859126374,17.69271909231652
0.11697191697191697,-11.710525546560657,-0.16191006378026862,-1.1776335134320324,-2.633080945530304,-249.7141057111838,11.200362467598653,13.175881524406565
0.11721611721611722,-9.214202589174937,-4.236396493395497,0.8038284115193306,2.506644220960357,-249.55495076809189,16.830857454386877,13.506573121826204
0.11746031746031746,-5.194937414459586,-6.404868602126776,-0.2825150902648442,-2.0934942653313464,-249.395795825,18.06327492425088,12.33802039781606
0.1177045177045177,-1.4553656199702694,-6.019725467801778,0.07757998701958438,1.3784986563764288,-249.2366408819081,6.533564735601165,11.031346439804322
0.11794871794871795,0.7682916217202708,-4.112423713948233,0.10252227484386348,-1.1448206958359797,-249.0774859388162,15.610195972818813,11.479768005114034
0.11819291819291819,0.9481481709901938,-1.528423250991754,-0.07921746703096769,0.32958707054344094,-248.91833099572432,11.904061798573185,12.299986885795029
0.11843711843711843,-0.48135818311124134,0.02620702260027169,-0.08950951862708939,0.11466251034814925,-248.75917605263243,15.85812421201267,10.717975111265845
0.11868131868131868,-2.626353331895101,0.09883867830515505,0.03531985486209324,-0.6238070497725403,-248.60002110954053,8.390404216726752,5.473885640070236
0.11892551892551892,-4.5954867839334606,-1.7928814038419225,-0.5516230230907452,1.0475354357909723,-248.44086616644861,17.418869801576324,11.546259485490355
0.11916971916971916,-4.726993684307525,-5.326069061532481,0.972488327417459,-1.302283401846269,-248.28171122335672,10.77857985685453,13.481808627663044
0.11941391941391942,-2.5345451919593893,-8.765160976372137,-1.4866390406786536,1.6338476136918938,-248.12255628026483,9.829063890050875,15.269662786190791
0.11965811965811966,1.5841793060771243,-10.607386361916667,1.8678627602734896,-1.9523572111957748,-247.96340133717294,17.361607140860215,16.10057058814964
0.1199023199023199,6.842217084156015,-10.015935261006293,-2.4256426539381613,1.730651753433816,-247.80424639408105,13.803619059107705,12.604038552500032
0.12014652014652015,11.258348317772617,-6.921832086801088,2.7901817214615754,-1.7548821923001996,-247.64509145098916,13.92120403532327,4.445152595494078
0.1203907203907204,13.84835990142365,-1.5317904094148473,-3.2243759789331157,1.4839418571472276,-247.48593650789726,12.390333011010785,8.044772854170978
0.12063492063492064,13.390407884209033,4.824076176331143,3.604896311721965,-1.1687551943984058,-247.32678156480537,12.587056773490712,19.98044738579103
0.12087912087912088,9.936912575577972,9.964624589640952,-3.3673022038888947,0.6348720409490985,-247.16762662171345,5.090245537315195,20.13301904551624
0.12112332112332112,4.503612745882333,12.881075828454078,3.3675346656667244,-0.42182470505601444,-247.00847167862156,11.670742662416696,0.3886972637566395
0.12136752136752137,-1.3523050301695998,12.71780829760226,-3.1631492114562527,-0.14098738433520452,-246.84931673552967,17.396093462733887,15.687211434280893
0.12161172161172161,-6.2257473473620655,9.876158055495024,2.9081349539222434,0.399177803239422,-246.69016179243778,6.426864477679545,8.258229978816573
0.12185592185592185,-8.440120945050657,5.648014249708542,-2.4781641162337116,-0.7670976053507144,-246.53100684934589,12.484140924881274,15.673933002696362
0.1221001221001221,-8.419074608279468,1.1870114905670257,1.7599204940441426,0.9589121526553835,-246.371851906254,9.800101723617072,6.374051476155638
0.12234432234432234,-5.903303366753702,-1.8443486968778393,-1.3167642105725843,-0.6408149713681428,-246.2126969631621,14.140837896093315,10.45663950157151
0.12258852258852258,-3.1501701385339747,-2.7740454654697397,0.9582133532388735,0.571832014183392,-246.0535420200702,3.0326030113477085,5.022256831693568
0.12283272283272283,-0.8277163515131184,-1.8852503556038935,-0.21758789187854044,-0.24459851474729133,-245.8943870769783,19.326031939462446,24.096788713676883
0.12307692307692308,-0.10879758732019207,0.2628334087529296,-0.1569593643130025,-0.05370390801040731,-245.7352321338864,9.264934221585323,22.267630174471467
0.12332112332112333,-1.1672207857960244,2.222453948599697,0.4460992280933256,0.4497318939264016,-245.5760771907945,21.751871960559054,3.25919395611569
0.12356532356532357,-3.848173448554588,2.7723164547180774,-0.48485349204497696,-1.120949732417595,-245.41692224770262,5.022187600510777,17.402906414372787
0.12380952380952381,-6.972555696976297,1.3795715753015239,0.802857826352825,1.3799332045006207,-245.25776730461072,15.433571548918696,4.130765157359262
0.12405372405372406,-8.482502097930304,-2.306595864572182,-1.0535853632571892,-2.0677922043360417,-245.09861236151883,6.062581935083913,7.440465192289054
0.1242979242979243,-8.329602962980525,-6.590375158672337,0.6939447848566871,2.4980945045414416,-244.93945741842694,13.926726729910756,5.256805339278643
0.12454212454212454,-5.151394359566569,-10.769424632156717,-0.2102714578727064,-2.9439013735120407,-244.78030247533505,11.949934700927827,8.014092306514163
0.12478632478632479,-0.0298726066815131,-13.110688497613122,0.04768858277154844,3.269247148401722,-244.62114753224313,6.8838630685823246,13.877726833874382
0.12503052503052503,5.852518974527062,-12.436469419753623,0.362894595377318,-3.4221659186879854,-244.46199258915124,10.726796319649695,11.552513501761261
0.12527472527472527,10.869619348569485,-8.985956662612304,-0.5157505160566309,3.4990846737084436,-244.30283764605934,24.110685296203826,8.269380540005466
0.12551892551892552,13.598503733156184,-3.3260321093035605,1.1114531341551996,-3.207435651438772,-244.14368270296745,22.98201202209996,6.9178848078123165
0.12576312576312576,13.253510323709431,2.699641206277483,-1.4151149014894402,3.213724683231507,-243.98452775987556,15.988717243437696,14.883936833227159
0.126007326007326,10.295147333565561,7.661935038616104,1.8054463692352825,-2.7784238680504822,-243.82537281678367,6.336416905888204,9.067342363278884
0.12625152625152625,5.445608908272185,10.165062220859365,-1.7660971199717204,2.276759437627746,-243.66621787369178,5.774123306304013,2.426797938110599
0.1264957264957265,0.4876470863076449,10.15621135374505,1.7239578206823973,-2.0354584514184593,-243.5070629305999,15.586869522841143,13.820990191786104
0.12673992673992673,-3.277943799569219,7.724093876394736,-1.6677161292891698,1.315454861513201,-243.34790798750797,18.75649842160458,16.552536783896386
0.12698412698412698,-4.745924554458504,4.420785062858251,1.6382548764569616,-0.9777066892979789,-243.18875304441607,23.019016731772023,15.447703586440017
0.12722832722832722,-4.101000733853663,1.1817590394298212,-0.9404330695734199,0.5140541383351338,-243.02959810132418,22.628327838078643,25.192014204688714
0.12747252747252746,-2.0292245314129302,-0.3024033258628863,0.44681854654057324,-0.28203593047148756,-242.8704431582323,19.84773989905755,9.549276315059219
0.1277167277167277,0.15605239037950255,-0.0036027310494761156,0.10988714222994392,-0.09125531668605613,-242.7112882151404,5.760744796303659,7.308233771376608
0.12796092796092795,1.3211038015012528,2.084918079129429,-0.5865939829309135,0.15912792946287274,-242.5521332720485,11.690476615298914,18.953320140345653
0.1282051282051282,0.5621307845395033,4.681281221089841,1.2716066878673673,0.06099589697104456,-242.39297832895662,14.537705551422047,13.869040430731156
0.12844932844932844,-2.1704560774402584,6.261584856355154,-1.6343957814598955,-0.10337214337245343,-242.23382338586472,7.497913203164381,13.460733307199442
0.12869352869352868,-6.1834600184889865,6.293375494994746,2.1515331668274005,0.4850970208270411,-242.0746684427728,16.767626291071014,13.436217563506048
0.12893772893772892,-9.862022389763915,3.488372890227617,-2.3096760486501986,-0.7333626873630563,-241.9155134996809,5.268838611851351,12.850087642309846
0.1291819291819292,-11.693011024120255,-1.107238254042789,2.889079491570893,1.026732457679954,-241.75635855658902,20.989903565462804,8.18631211805691
0.12942612942612944,-11.164318733025679,-6.6696702276778135,-2.819458861672394,-1.7566609743080477,-241.59720361349713,8.519492675825175,6.965223820854996
0.12967032967032968,-7.708264772781117,-11.325836990581863,2.591957670359151,1.8832406772849888,-241.43804867040524,10.883991706940973,7.040537361624875
0.12991452991452992,-2.0788660296978434,-13.807333576865574,-2.4884444582023977,-2.372868214616066,-241.27889372731335,15.168416754644435,10.629677912331433
0.13015873015873017,4.096781951496087,-13.275557609758053,2.148479030478575,2.6061860629121503,-241.11973878422145,2.2948417609545535,1.5820119640462003
0.1304029304029304,9.208723555842814,-10.076622124794605,-1.9387967258700156,-2.851007898657063,-240.96058384112953,19.53819184680213,8.888820613122542
0.13064713064713065,11.799192940686526,-4.9167404379191995,1.364918657415924,2.9115914612651634,-240.80142889803764,4.948029375839246,12.07778835094838
0.1308913308913309,11.705520805172418,0.5766656500093742,-1.179364926023198,-2.6845275957862955,-240.64227395494575,10.700201737857864,8.205883423215749
0.13113553113553114,9.114934449250509,4.776227925265203,0.8320486736933619,2.4590889474923867,-240.48311901185386,11.551900741811911,10.09269553507225
0.13137973137973138,4.949587461834992,6.928232579699068,-0.37240769573447857,-2.1551821720477924,-240.32396406876197,5.816468591526086,5.709398156239542
0.13162393162393163,1.2180909293321884,6.418462759228299,0.22894433259078828,1.7513032898881367,-240.16480912567008,18.364243137199264,20.860376381634364
0.13186813186813187,-1.0088204989590677,4.213799118433457,0.16287085608928942,-0.9546835995463134,-240.00565418257818,9.202276891275455,8.271823857525272
0.13211233211233211,-1.3456838072080504,1.7682901049575808,-0.08440392198978633,0.5720255859571861,-239.8464992394863,16.24104721015617,6.303644905293086
0.13235653235653236,0.044142327598290024,-0.15035456505083147,-0.13575868580725578,-0.16446133156830184,-239.68734429639437,6.666715665619804,16.717446339660984
0.1326007326007326,2.4575266372075237,0.044321018078700536,0.15660525518290325,-0.6225620796150034,-239.52818935330248,16.451910229005993,12.333635685078889
0.13284493284493284,4.185815497086408,1.928291565274121,-0.5785918604027691,1.1776071579450507,-239.3690344102106,12.364397409938688,6.608620492108834
0.1330891330891331,4.272616405503106,5.192006680703872,0.853579955995555,-1.4549345276876062,-239.2098794671187,17.78466937754495,16.280272723668293
0.13333333333333333,2.1441990948651455,8.264465956622118,-1.3297221825392467,1.7694108774009152,-239.0507245240268,13.206139616363249,4.122030391087297
0.13357753357753357,-2.081339204350887,10.23030112990829,1.8423458652826576,-1.7036306279901299,-238.8915695809349,8.940993794532462,16.466730479962475
0.13382173382173382,-6.914718058044802,9.48836013207308,-2.447679611914223,1.8146927731208107,-238.73241463784302,13.006962426388213,12.970402739184859
0.13406593406593406,-11.282972564113004,6.129940805875756,2.6066825843633405,-1.6817500046838778,-238.57325969475113,7.899948276100979,1.6852759127703136
0.1343101343101343,-13.525021902408204,0.7761300174434625,-3.18896650798818,1.1231694924587963,-238.4141047516592,7.649682071855082,17.252390778751913
0.13455433455433455,-12.830303941814847,-5.3007719916555684,3.2093105582650967,-1.1764635027821704,-238.25494980856732,17.005687294500316,7.321608755266709
0.1347985347985348,-9.352364978903406,-10.394830246897532,-3.4294435964521788,0.6232947173839906,-238.09579486547543,18.779386887713233,5.661611383207135
0.13504273504273503,-3.8527345239274617,-12.916132327731688,3.530047329557855,-0.23597832776375657,-237.93663992238353,15.160979197325904,11.006829583088303
0.13528693528693528,2.0956592400162246,-12.583733150365903,-3.3212363590295557,-0.08225730503974774,-237.77748497929164,24.752416194192183,6.59109806395844
0.13553113553113552,6.492357933194004,-9.724043275500984,3.0098711670965894,0.6335352155946041,-237.61833003619975,2.365833457384755,9.456141301723981
0.13577533577533576,8.890530642929754,-5.264580999489341,-2.572358577737132,-0.7264610890868441,-237.45917509310786,6.017193044460821,8.82567403679056
0.136019536019536,8.380308022918605,-1.0979423954944423,2.081515873817549,0.5604900263212205,-237.30002015001597,11.634185019921828,8.079168357823502
0.13626373626373625,6.2053086815869,2.1805191542918343,-1.6114587068667616,-0.7208947815459611,-237.14086520692405,9.907552527519787,13.803242516984513
0.1365079365079365,3.3179879013156164,3.2760861586466348,0.8499513553253764,0.6023448866321559,-236.98171026383216,13.34112578188138,5.734803871073305
0.13675213675213677,0.7823984020623472,2.2315247725968934,-0.49893863509169895,-0.28446894559295444,-236.82255532074026,5.949921391783506,4.672057450651947
0.136996336996337,0.11298088934251789,-0.05243445802251703,0.01905037052681744,0.022506220416691945,-236.66340037764837,16.301021600928706,14.233548437098072
0.13724053724053725,1.3214144945075073,-1.8673933502709006,0.3810555025478798,0.4515190465016365,-236.50424543455648,4.627227664841949,3.5314108231961
0.1374847374847375,3.8151107638380797,-2.760443208843032,-0.3900055862285187,-1.0555861801089128,-236.3450904914646,15.891456997326394,8.919757104773991
0.13772893772893774,6.523199913216145,-0.9153168914027922,0.6335339246114084,1.5406553760589918,-236.1859355483727,16.209620923940157,20.02265299535939
0.13797313797313798,8.138386264860754,2.532427415429867,-0.6515074476050182,-1.9400099720696995,-236.0267806052808,17.149526211285576,5.261674385821189
0.13821733821733823,7.510649358410255,6.865131199855019,0.5811586768498028,2.4237781317982177,-235.86762566218889,12.279178916961113,8.874202560327278
0.13846153846153847,4.408573276568054,10.605695872811346,-0.3780986994542774,-2.8603042073128697,-235.708470719097,21.3998832397005,16.10587867930666
0.1387057387057387,-0.6506569330209242,12.672898848302975,-0.08824584597109927,3.0990390882868897,-235.5493157760051,20.95251010662779,13.940413129694827
0.13894993894993896,-6.26465987965725,11.794081291191668,0.4054652410558381,-3.411488766439774,-235.3901608329132,7.389432119557084,7.445491034625523
0.1391941391941392,-11.267693280618548,8.242072447101096,-0.8101611341757322,3.386856413247858,-235.23100588982132,11.508588393461975,4.7838628129697
0.13943833943833944,-13.71334056601147,2.831658604753672,1.1603975777091582,-3.1847224694035967,-235.07185094672943,8.737472631030808,6.8836611961361935
0.13968253968253969,-13.022608823609005,-3.4161802391664646,-1.356769252000037,3.0595104464340745,-234.91269600363754,5.5598984140581935,11.326530504495675
0.13992673992673993,-9.671892051385187,-8.12701361301663,1.7520563237108657,-2.5610041133814883,-234.75354106054564,11.682596084363862,8.453254250636062
0.14017094017094017,-5.068981132080894,-10.743931743292661,-1.9613848698983378,2.19305780314874,-234.59438611745372,17.63422703129778,6.155351875968596
0.14041514041514042,-0.03081424868149589,-10.367012707680596,1.6230435017550784,-1.873452151901346,-234.43523117436183,19.11286504216922,10.161640599232918
0.14065934065934066,3.6009467541856375,-7.713332949962998,-1.6456836946580327,1.3550547388880871,-234.27607623126994,19.548397980103875,11.830705189909684
0.1409035409035409,5.1966925761771465,-4.11612886670305,1.4309448879952689,-0.8967652456109223,-234.11692128817805,26.378617517219478,11.007427540847932
0.14114774114774115,4.561721442075425,-0.9726821802629306,-0.9596209935990945,0.5562487760891498,-233.95776634508616,11.817237976273756,18.724394904195023
0.1413919413919414,2.236429420798404,0.5898631501154049,0.4591557561191518,-0.29732432316896523,-233.79861140199426,20.972448809324415,3.429600866389826
0.14163614163614163,0.07307363458055255,0.05664850458161867,0.09903390005190457,0.04655303140475321,-233.63945645890237,13.26451782983419,6.114985981953417
0.14188034188034188,-0.8715384453839793,-2.012360251133013,-0.6669693094141333,-0.013325979910462138,-233.48030151581045,15.818536540636924,12.877330466864265
0.14212454212454212,-0.23827860814001442,-4.153045291428427,1.315430053961224,-0.14056079122672657,-233.32114657271856,16.161160131539013,1.848374038009201
0.14236874236874236,2.64652594552663,-5.863596465064542,-1.6519844826186374,-0.17658160466515463,-233.16199162962667,13.810550175169553,14.277975808366813
0.1426129426129426,6.182010901955701,-5.5606574063726155,2.086229309192462,0.5778599035385334,-233.00283668653478,13.571380717084025,7.345634431201683
0.14285714285714285,9.612772071430998,-2.835117160776512,-2.385790621290812,-0.7986228877150167,-232.8436817434429,2.0714793769780298,16.729020938144448
0.1431013431013431,11.258866201273012,1.692017291996118,2.5208907535177407,1.3455125356412134,-232.684526800351,6.960992205760507,11.727599888894472
0.14334554334554334,10.585579945428831,7.164647360426009,-2.6919860360337498,-1.4859804271390342,-232.5253718572591,8.349717951112314,14.298579936196044
0.14358974358974358,7.025214163900028,11.345649935471654,2.613080741651521,2.0425448873419847,-232.3662169141672,5.992564807273936,3.8390506882870516
0.14383394383394382,1.2537790696733895,13.784579528833422,-2.425120453993428,-2.2486260865107925,-232.2070619710753,16.62802420838368,16.49843002967606
0.14407814407814407,-4.7898846107074515,12.85422579072709,2.4157929094378736,2.7694699114649306,-232.0479070279834,15.942281247767042,3.0513356199850015
0.1443223443223443,-9.482025464827261,9.511531652185296,-2.0097392491038333,-2.894931779643873,-231.8887520848915,14.799415189271562,15.622351329998157
0.14456654456654455,-12.070571901718022,4.320961482247334,1.3747516609167985,2.741507228539414,-231.72959714179962,21.43298981494034,14.02790363242524
0.14481074481074482,-11.649110559924761,-1.087955505022005,-1.0363342374980418,-2.7813995823214293,-231.57044219870772,10.46907311133582,16.46755199014612
0.14505494505494507,-9.018544989209971,-5.540864891528614,0.641005931603991,2.475060045621554,-231.41128725561583,15.57144269633686,9.07034241566008
0.1452991452991453,-4.695204006733829,-7.145860113405359,-0.33045975864078386,-2.0099857425639027,-231.25213231252394,18.242317333690774,9.680845456808955
0.14554334554334555,-1.0481677122751376,-6.58895465914545,0.1663337005138582,1.7297794653117495,-231.09297736943205,4.421165336264845,8.888616975172859
0.1457875457875458,1.1733571546411117,-4.385433248338872,0.18830712437302993,-1.0974770774812896,-230.93382242634013,11.99588933730791,13.53048144775764
0.14603174603174604,1.6656030718399597,-1.972143513646512,0.032668268825946284,0.7556975615787421,-230.77466748324824,9.996221358838188,4.338112652175236
0.14627594627594628,0.30971476657040825,-0.173538386378533,0.1132533394474472,-0.2951388643820618,-230.61551254015635,15.242331405901044,3.0091651665428745
0.14652014652014653,-1.9530309601245983,-0.00770391155312955,0.21177124116994625,-0.510128254735856,-230.45635759706445,11.954364804033169,12.410272809022494
0.14676434676434677,-3.7570601481886348,-2.0643043137751667,-0.3946317949168867,1.034907887417486,-230.29720265397256,20.200975983746066,16.12592673845708
0.147008547008547,-3.9132162214022106,-5.058765973900053,0.8767665476746749,-1.3236094052514873,-230.13804771088067,20.53331854641488,9.05449515968489
0.14725274725274726,-1.535019875055493,-7.975395826349279,-1.2782243475318473,1.3106960363945848,-229.97889276778878,15.802934530100622,6.382106352361993
0.1474969474969475,2.2549367435327827,-9.728341175431478,1.9414868325929135,-1.7009895063048173,-229.8197378246969,5.506658523867923,16.601000238679326
0.14774114774114774,7.277081653776024,-8.823445367915573,-2.34586398697726,1.6561205538116361,-229.66058288160497,2.5379178862067526,8.251817239411935
0.147985347985348,11.381887177180483,-5.377115497787486,2.8294910811082494,-1.6803596296183319,-229.50142793851307,16.708741627852362,3.9963082093760023
0.14822954822954823,13.340667556191894,0.049098909286464695,-2.9973715758880637,1.2675646416774253,-229.34227299542118,4.750106401785149,7.175107689349638
0.14847374847374847,12.231909738955736,5.751963699750966,3.1719933698236766,-0.9112240217371504,-229.1831180523293,7.592493021595333,13.698574592764164
0.14871794871794872,8.800810903510294,10.731140899185771,-3.4319334698737674,0.5615145583821727,-229.0239631092374,3.6351161456832592,11.062611940627804
0.14896214896214896,3.475473432261262,12.973218441907244,3.2570277654428583,-0.22474906039828801,-228.8648081661455,19.98160155431344,9.049567264892021
0.1492063492063492,-2.4515257419236107,12.456137654554356,-3.1116097180705733,-0.1747581831514352,-228.70565322305362,5.92440404316658,16.052647321314563
0.14945054945054945,-6.917447472495918,9.257689436726151,2.788278444497575,0.4230964783759323,-228.54649827996172,22.394520505917196,13.31970032404068
0.1496947496947497,-9.02077669993552,4.883981842115717,-2.5514403077879404,-0.6821449630990873,-228.3873433368698,11.417890822389197,12.438242545741115
0.14993894993894993,-8.669474995323542,0.494465926492835,1.9517114295632791,0.7811255221792026,-228.2281883937779,12.489940017291016,8.751358166079177
0.15018315018315018,-6.5124873209186065,-2.612044503914501,-1.5160869284804954,-0.7433381675147771,-228.06903345068602,13.086506908432566,12.069429701628854
0.15042735042735042,-3.403990402912209,-3.6201760242417116,1.028529496787714,0.5885972692788444,-227.90987850759413,9.561469746340023,12.855475721949249
0.15067155067155066,-0.6982049651315432,-2.6152859547940386,-0.49536413711559635,-0.6649025918604872,-227.75072356450224,13.199551317477853,11.746952641336899
0.1509157509157509,0.09003591555220081,-0.3561461190058454,0.14332029388573253,-0.0837566174536521,-227.59156862141035,23.97020472502978,21.64760291903607
0.15115995115995115,-0.962192192585165,1.5413591765759378,0.37887661711770626,0.5230662819561758,-227.43241367831845,18.968445738540197,6.754231969351104
0.1514041514041514,-3.4455592788576404,2.132319166590467,-0.5212902461819613,-0.5930779252306153,-227.27325873522656,16.140521887128724,7.191459612947059
0.15164835164835164,-6.050249011435345,0.5031872626659929,0.7024314407235971,1.483385793975746,-227.11410379213464,6.590894954921552,9.68188164634139
0.15189255189255188,-7.732809699757069,-2.7731908190398507,-0.4975271299116054,-1.9363105682155748,-226.95494884904275,4.779390753752378,10.079331300102144
0.15213675213675212,-6.79197163749641,-6.8677640091058425,0.4871736653820856,2.4699245319435894,-226.79579390595086,20.66037077893974,11.052407180878154
0.1523809523809524,-4.041564216751087,-10.67585847212768,-0.33415562335767746,-2.7901761287554434,-226.63663896285897,9.209151620670598,0.8807041725705639
0.15262515262515264,1.3969414037587793,-12.167823153830996,-0.07578354813999993,2.9459409906353544,-226.47748401976708,18.507283405223124,12.000270472154261
0.15286935286935288,6.970197316770035,-11.324066522706046,0.47638699668276224,-3.1734205571318768,-226.31832907667518,12.39658411313157,1.9545910594523217
0.15311355311355312,11.252423824350307,-7.473365668719197,-0.6729509760086035,3.2651874286286153,-226.1591741335833,9.894627096222512,8.027433608110812
0.15335775335775337,13.342509822664018,-2.127269235396086,1.2030125257749993,-3.4211918572308453,-226.00001919049137,8.864487249572274,12.372736980762992
0.1536019536019536,12.69233321499744,3.95995803870735,-1.5025790394161673,2.939024297367306,-225.84086424739948,7.746081148755755,7.7904599423626095
0.15384615384615385,9.376171398330616,8.645392944305154,1.629685640703575,-2.6921198308556393,-225.6817093043076,13.639577895713709,1.710588371971518
0.1540903540903541,4.406807080958198,10.869293972979023,-1.9307067119119932,2.146774173402366,-225.5225543612157,15.215862862241542,13.979856237165466
0.15433455433455434,-0.3728656870917991,10.200255729905388,1.9024566366897777,-1.903038284542627,-225.3633994181238,4.941968919196443,11.77829118408618
0.15457875457875458,-4.128125640999446,7.780384640325732,-1.5511521965921546,1.3763774045298072,-225.2042444750319,18.397279060295936,15.637675597147577
0.15482295482295483,-5.418760491995464,4.111619363796926,1.3567923066968504,-0.8223745243772586,-225.04508953194002,12.65099181895642,4.731895095869928
0.15506715506715507,-4.904859823592185,0.9580822999002827,-1.184803358668584,0.5819209925967852,-224.88593458884813,10.347165287497912,6.513388736054211
0.15531135531135531,-2.657385175478586,-0.7350912323784327,0.5598140002397112,-0.3198722516096155,-224.7267796457562,16.824226971614497,1.9228937468315377
0.15555555555555556,-0.49449579064545685,-0.27974755846864585,-0.1391097521040063,0.03241652292246346,-224.56762470266432,7.283428286404114,12.797546001423896
0.1557997557997558,0.6560094099540892,1.6082683026264646,-0.41902479316681884,0.16130900823202898,-224.40846975957243,6.469036573242894,10.385050260893129
0.15604395604395604,-0.016198852245922116,4.170480777053876,1.0660436747506519,0.08931397861790824,-224.24931481648053,5.035260912120416,24.37386398890727
0.1562881562881563,-2.6563704702157813,5.466827989982526,-1.4026986595747237,-0.2382691788063044,-224.09015987338864,15.662026295879196,2.3631299176400256
0.15653235653235653,-6.315983063279375,5.099196886093497,1.936185487078707,0.5575119556425798,-223.93100493029675,8.524286982647675,1.6905384520295486
0.15677655677655677,-9.375872343247476,2.1242010694667335,-2.3655048972817303,-0.8953513090540258,-223.77184998720486,14.211026979259806,0.29539138474889665
0.15702075702075702,-10.75470422984865,-2.281022136578692,2.686733439103533,1.0065673729279268,-223.61269504411297,18.047339686994185,6.074122226131859
0.15726495726495726,-9.89255150518436,-7.350217416338158,-2.587585384484825,-1.5778106365634188,-223.45354010102105,15.051614163421018,7.639393856736499
0.1575091575091575,-6.082207581154291,-11.492749476259158,2.4998889870220227,1.9452854459515179,-223.29438515792916,27.811850688207265,23.356521300216166
0.15775335775335775,-0.7576380533844653,-13.499931523022306,-2.524583319609163,-2.4776070549197255,-223.13523021483726,13.170281671303343,12.173048197770958
0.157997557997558,5.206036640451416,-12.612716793565887,2.2813740102705147,2.71393963661627,-222.97607527174537,22.518073613594677,16.83787483130944
0.15824175824175823,9.90680942475434,-8.9466405144804,-1.8406073347397336,-2.664890846528838,-222.81692032865348,21.040745431074974,8.492863852746979
0.15848595848595848,12.244182378382208,-3.627282015266856,1.3962397257061971,2.8526714665423745,-222.6577653855616,20.049802444168705,6.991204836421837
0.15873015873015872,11.595235792208841,1.7352414930139834,-1.0146971831482932,-2.5977447747940143,-222.4986104424697,7.818659281333999,18.81375697044029
0.15897435897435896,8.564209364961808,6.007796769525039,0.6803452735263239,2.526529699211531,-222.3394554993778,17.230089992825107,13.688812066042589
0.1592185592185592,4.517093276384059,7.614618279184832,-0.290637314557985,-2.224545944864038,-222.18030055628589,5.7930284616041225,7.445025087542621
0.15946275946275945,0.7951597565183618,6.939996769741609,-0.16661154376930876,1.7378842999160196,-222.021145613194,14.730657993207382,12.703634189860486
0.1597069597069597,-1.6511160487470147,4.585201135385721,0.01563524486992554,-1.2026381919362805,-221.8619906701021,14.610325770662554,6.303856403254779
0.15995115995115994,-2.128889832735858,1.8629904579104757,-0.14714174900518787,0.5182825570235252,-221.7028357270102,14.971647978190392,7.056979577221785
0.16019536019536018,-0.5888112146010244,0.13172910202904498,0.16633791466674747,-0.08671537859723902,-221.54368078391832,16.011238913207414,12.629205109797466
0.16043956043956045,1.6519649313556284,0.2490271205282175,0.14120940135654272,-0.4007634930617469,-221.38452584082643,14.783256113290227,12.687775094384605
0.1606837606837607,3.400487563157727,2.115076266129622,-0.35512548629222007,0.8821877643777076,-221.22537089773454,8.149631912492293,9.974955370042187
0.16092796092796094,3.4543141615556365,4.906528279894346,0.9076634935127156,-1.0901333369231685,-221.06621595464264,17.565861062819934,9.847198743772605
0.16117216117216118,1.1327131292471015,7.818454294183026,-1.2653105613279099,1.3542897264114682,-220.90706101155072,16.829861433081803,18.579322075607582
0.16141636141636143,-2.7722232490649517,9.061384647144328,1.805047736812822,-1.609312654564227,-220.74790606845883,13.060019827929858,10.58129546459485
0.16166056166056167,-7.430125428653031,8.241336469458993,-2.193528221819693,1.6170881628062836,-220.58875112536694,15.254279072548265,5.37132395783215
0.1619047619047619,-11.263476017059213,4.527106121191984,2.5928248338687805,-1.336065176766879,-220.42959618227505,14.867220269676313,22.907613295294652
0.16214896214896216,-12.878957134707175,-0.5693962072513463,-3.005419569083325,1.1635996953935086,-220.27044123918316,14.519381831275883,9.57452607403167
0.1623931623931624,-11.816804217669441,-6.32103873159954,3.3580902122157643,-0.8171779210318381,-220.11128629609127,14.887231850333832,4.829214493015437
0.16263736263736264,-8.067080778400872,-10.781641528649914,-3.1431103395346525,0.5593003012166731,-219.95213135299937,15.534909037088358,7.443136169634346
0.16288156288156289,-2.635526566789082,-13.065755643917198,3.269184842367464,-0.13555451951911807,-219.79297640990745,8.94286343849469,13.171370149059266
0.16312576312576313,3.006378859976949,-12.390052128310765,-3.153744592052893,-0.29585953022502326,-219.63382146681556,13.557214315131286,7.774034923182387
0.16336996336996337,7.482219910904406,-9.193786686293551,2.9098034618365887,0.6671379247523995,-219.47466652372367,19.923343593024317,6.140946483386425
0.16361416361416362,9.413637529620258,-4.459769978676889,-2.3087075992563535,-0.7584997679960225,-219.31551158063178,15.367860602580963,9.173841050734652
0.16385836385836386,8.860756606871526,0.037063020943290684,1.987878333087948,0.8159108279052115,-219.1563566375399,18.270041173769627,7.996922619241864
0.1641025641025641,6.476141975157265,3.1358951448668773,-1.4225291282140022,-0.8332871357607068,-218.997201694448,11.234009336589178,3.530868061880568
0.16434676434676435,3.0989756375709856,3.8987456641137936,1.2013750960978973,0.7692663579776962,-218.8380467513561,17.97826867742768,4.19632919799732
0.1645909645909646,0.8191493663443995,2.934174430292174,-0.5303968697736956,-0.3577927082404283,-218.6788918082642,16.553895582163875,12.93469641083225
0.16483516483516483,-0.15271043086001387,0.6852039521425318,-0.03626094926259704,0.18965795854974182,-218.5197368651723,13.0070371099794,11.567741285505223
0.16507936507936508,0.9899076885733431,-1.1455512547934332,0.28568165337997314,0.2547334707433535,-218.3605819220804,16.091177694821482,15.447824211117156
0.16532356532356532,3.1864611514157257,-1.7055348170962077,-0.39791758448652353,-0.6787349092605018,-218.2014269789885,15.13077367524009,12.626247133187851
0.16556776556776556,5.604818346640549,-0.19410297723494285,0.6215875874772008,1.2246935401003092,-218.04227203589662,16.061128890587092,15.216206912871744
0.1658119658119658,7.02625102389504,2.9517278383862804,-0.7763265242680044,-2.0891682995523215,-217.88311709280472,3.379255989030436,8.574989205642556
0.16605616605616605,6.439123836373571,7.112917869137703,0.4672963331782697,2.493748498907527,-217.72396214971283,16.305797847689718,9.867818698808446
0.1663003663003663,3.236986044411346,10.414399892513588,-0.27896004703719085,-2.70410206656773,-217.56480720662094,13.38357367295216,10.269742609595268
0.16654456654456654,-1.6917501027632442,11.819084361295483,-0.14097983782491394,2.9768441946533866,-217.40565226352905,10.195430775159284,4.130802016679054
0.16678876678876678,-7.109504552153273,10.769272278504012,0.38821079908358336,-3.07085633922848,-217.24649732043713,16.550975053485345,14.617422000133693
0.16703296703296702,-11.458316717004294,6.974206960628626,-1.0454160436205322,3.1039054388052687,-217.08734237734524,23.208394065069584,6.999549163239704
0.16727716727716727,-13.500234635931701,1.4258136329436368,1.0000004591245677,-3.068940353459391,-216.92818743425335,18.004757817415573,6.282674545866894
0.1675213675213675,-12.287164632059573,-4.434266196715881,-1.536701445377145,3.145462261088703,-216.76903249116145,10.477975405135727,10.8255378082812
0.16776556776556775,-8.992126986119588,-9.085285216204914,1.5336570405755132,-2.750269360779917,-216.60987754806956,17.065998176203603,9.728470378336242
0.16800976800976802,-3.795197582357006,-11.184741502416042,-1.880239927946834,2.177009624497985,-216.45072260497767,10.592577461887991,15.437671440587962
0.16825396825396827,0.8552773988900267,-10.42333530649134,1.8678842587782793,-1.790784515001109,-216.29156766188578,16.51143992508448,9.9271130332079
0.1684981684981685,4.591276520543597,-7.756775581102243,-1.734504034820292,1.298911403314893,-216.1324127187939,6.218306182215826,8.10636960699993
0.16874236874236875,5.836303717951406,-3.9117455761775313,1.4751814828400602,-0.8236844813805715,-215.97325777570197,18.911029799733686,3.670800764966408
0.168986568986569,5.076328808315565,-0.8727232735908236,-1.1024437224165413,0.4190954474179239,-215.81410283261008,20.346092458257875,14.536825908656827
0.16923076923076924,3.0222870813157257,0.952101682804597,0.6792856834235292,-0.15235630205285222,-215.65494788951818,8.088612757233399,15.456657977854908
0.16947496947496948,0.4598862608491163,0.5365070391774,-0.10761710472596385,0.040536295750108815,-215.4957929464263,13.85915155325662,13.268525862066365
0.16971916971916973,-0.5509396964230368,-1.1869600560473714,-0.4612061678356185,0.104155992696048,-215.3366380033344,11.971074111529779,3.847434216474108
0.16996336996336997,0.13751570599148277,-3.6932996841937062,0.8162894726527412,0.025752030713477224,-215.1774830602425,7.286307513014828,8.723044887907795
0.1702075702075702,2.89761830266952,-5.1714528827054025,-1.4915124093552885,-0.06536435086939513,-215.01832811715062,7.620125000457591,15.3265453833737
0.17045177045177046,5.826070637728746,-4.522571884219118,1.719746230449025,0.39245384381946397,-214.85917317405872,16.007439039913386,10.074078197435835
0.1706959706959707,9.298835120516543,-1.950142535066098,-1.9707858345312486,-0.876828785329603,-214.7000182309668,14.244015769592208,7.764917011592388
0.17094017094017094,10.536025601598201,2.6383999956734505,2.5337351384656115,1.1360411172083165,-214.5408632878749,12.750886431972544,13.176506017461486
0.1711843711843712,9.458963878595926,7.465638756538832,-2.66683052286158,-1.5213165139044798,-214.38170834478302,14.175373716560262,8.277339833644302
0.17142857142857143,5.397729196411571,11.621457299305897,2.36450565730956,1.898457648733403,-214.22255340169113,18.490300000811313,7.874130488609979
0.17167277167277167,0.015843697018210087,13.188819590040056,-2.395689608428765,-2.243184740054898,-214.06339845859924,12.6192486497192,10.060777945372438
0.17191697191697192,-5.644788299712022,12.088510738750536,2.27459175925669,2.4710215739778265,-213.90424351550735,2.1142349691708375,2.3764203005177187
0.17216117216117216,-10.237577058551862,8.563867259618947,-1.8665821894823296,-2.5943551477902065,-213.74508857241545,17.66293429454038,7.783364789908704
0.1724053724053724,-12.066125789836494,3.093203607983257,1.4475328648546284,2.8868512234049724,-213.58593362932356,19.057599019788555,22.48932898114507
0.17264957264957265,-11.573771206718778,-2.4251153856280903,-1.1500776617219441,-2.6950230518447733,-213.42677868623164,16.005323776483277,13.492222394052423
0.1728937728937729,-8.416344740482366,-6.215611864143912,0.6363469183463782,2.6791559372067577,-213.26762374313975,13.779272034409733,13.532615543675377
0.17313797313797313,-4.156549802700635,-8.07277235430269,-0.3322737813591146,-2.3749417120055445,-213.10846880004786,17.80631672917232,14.149576008508271
0.17338217338217338,-0.25671928580686104,-7.101999449387722,0.04095822599011095,1.779304500573322,-212.94931385695597,12.569089978830284,5.841763237693696
0.17362637362637362,1.9916048382272145,-4.937702200140178,0.13060296578274044,-1.17484301548431,-212.79015891386408,15.648532303352606,9.564059244441628
0.17387057387057386,2.3572894531044644,-2.126334755666606,-0.2457572370955759,0.6523051950589569,-212.63100397077218,8.401686249977939,7.490641940170379
0.1741147741147741,1.0207691534473164,-0.042250109064743885,0.16801802672599825,-0.14902520581865164,-212.4718490276803,13.503067055477922,3.516534318712017
0.17435897435897435,-1.110636675756106,-0.1710723014832911,0.10898438914230887,-0.28253770043834325,-212.31269408458837,8.442357917168932,6.445493004546778
0.1746031746031746,-3.0168279147977146,-1.9958856664747542,-0.5917519055978023,0.7703725204725445,-212.15353914149648,13.998598805639075,11.220297633768393
0.17484737484737484,-2.8859011114873505,-4.8664825334767,0.8170047325403172,-1.012325743856608,-211.9943841984046,7.175511338505825,12.126647711316597
0.17509157509157508,-0.8769762062905913,-7.342334784890801,-1.3067122765458616,1.3900305944236875,-211.8352292553127,26.792361007558604,4.31937848783056
0.17533577533577532,3.0828956067614377,-8.81278307467303,1.8805793694521435,-1.4277547479516772,-211.6760743122208,10.05718186122987,15.994520670506622
0.17557997557997557,7.536871328280329,-7.584152813765657,-2.277807381264225,1.5285895507066436,-211.5169193691289,21.973883206099604,14.180621576576163
0.1758241758241758,11.081922652697795,-3.948161627046748,2.5491313353349114,-1.461229244803413,-211.35776442603702,14.932961645023031,15.237412141677366
0.17606837606837608,12.466783344214639,1.4258559447264318,-2.947201833233205,1.0092192837956078,-211.19860948294513,8.068685730418842,5.238054776662688
0.17631257631257632,11.372474974968194,6.915456764655568,3.0533708694051778,-0.9553092857734573,-211.0394545398532,1.5711984192522261,8.938758436239238
0.17655677655677657,7.5350681796438295,11.287708273387185,-3.3979623890158264,0.2928261293942844,-210.88029959676132,20.909417341084996,8.26170086040933
0.1768009768009768,1.8778887033941438,13.119646561445741,3.4189221372215908,-0.007936863985575568,-210.72114465366943,9.595581073216035,12.584133335068422
0.17704517704517705,-3.5909345757868047,12.189331383320129,-3.1559006513212666,-0.07060411642308018,-210.56198971057754,22.913140513643345,10.55414937712077
0.1772893772893773,-7.819132297385506,8.543216055010179,2.862869488793551,0.5324511467736014,-210.40283476748564,19.73918977959431,7.1407834455313175
0.17753357753357754,-9.768910542756178,4.059431947292097,-2.6387501552223247,-0.9216340064045204,-210.24367982439375,16.719015123239476,11.381251880880225
0.17777777777777778,-9.121080867029509,-0.44753641355346896,2.0185525830231623,0.8456983776407093,-210.08452488130186,13.737295873757358,7.614658323938593
0.17802197802197803,-6.342487983825552,-3.487420501949408,-1.5494353911773784,-0.8342175682509363,-209.92536993820997,26.9789484485865,8.99910118341664
0.17826617826617827,-3.1968201234436893,-4.262744809905738,1.0560063439082572,0.7482320750798954,-209.76621499511805,11.831456260898884,6.088135450815744
0.17851037851037851,-0.6387521205087581,-2.9625335044524004,-0.5624127352493916,-0.7714195144771605,-209.60706005202616,12.190944023907347,5.279128241573175
0.17875457875457876,0.3123292811737741,-0.7443927739182572,0.03260309458985258,0.2884795041309771,-209.44790510893426,7.996849887016907,13.186342691319549
0.178998778998779,-0.6296163009856084,0.7701260797264493,0.07524874252288188,0.3013787323535753,-209.28875016584237,11.236377655200236,6.5427271959357025
0.17924297924297924,-3.070111306650241,1.4909658938802393,-0.18466234425040606,-0.5720810015510245,-209.12959522275048,5.699312100829478,12.318203112023399
0.1794871794871795,-5.3585301852562655,0.0258710169796547,0.4169382110466167,1.2416721440708742,-208.9704402796586,12.633302435380786,13.463493022224874
0.17973137973137973,-6.788538117211363,-3.227176103335944,-0.4790432468136442,-1.8559290901762049,-208.8112853365667,15.12551551709337,6.620594425522016
0.17997557997557997,-5.783293420712178,-6.877589108875495,0.41531359933407674,2.2187347611445962,-208.6521303934748,14.475356829150423,3.739495304102876
0.18021978021978022,-2.6935986298714587,-10.08575478347492,-0.1856774190224012,-2.58735392788335,-208.4929754503829,10.967096533454033,12.276185807734404
0.18046398046398046,2.4143938368933977,-11.52851755292791,-0.08945029516850626,2.864112832268889,-208.333820507291,18.75939639806134,14.352683568434989
0.1807081807081807,7.545705102630053,-9.896368448020148,0.4742937141297381,-3.116709171270744,-208.1746655641991,9.844286040881183,6.983037956596812
0.18095238095238095,11.577037763761183,-6.392030664096795,-0.7394455137778925,3.179680929905401,-208.0155106211072,6.209278186248696,7.951298557571476
0.1811965811965812,13.30504839139484,-0.7076140344184927,1.3501229149120655,-3.0148119123420036,-207.85635567801532,24.47495696138398,6.958675228961154
0.18144078144078143,12.065182627758274,4.975709555749205,-1.394403789429296,2.9348961240784446,-207.69720073492343,15.601533871568394,8.179338527725475
0.18168498168498168,8.279393549405322,9.31745678978626,1.913258101469335,-2.590741612117494,-207.53804579183154,3.7419813323492512,11.926627200835386
0.18192918192918192,3.37337541787862,11.324938125310304,-1.8931040038014715,2.0742268486533497,-207.37889084873964,18.192397642260705,7.688987606908513
0.18217338217338216,-1.5680020976782907,10.413581266306922,1.889208938264501,-1.819602187371818,-207.21973590564772,7.135500532362991,12.649150538669968
0.1824175824175824,-5.019814252811883,7.637162293788491,-1.528424348682623,1.3691815241757535,-207.06058096255583,19.3172929115641,6.397822761723585
0.18266178266178265,-6.208570668434878,3.8723396641659167,1.7349263246790847,-0.7886271505644643,-206.90142601946394,14.330748341807938,1.852264946437607
0.1829059829059829,-5.429738136994443,0.5467705431348807,-1.0765918222523139,0.4669980065379257,-206.74227107637205,6.605073834856545,16.55572891983789
0.18315018315018314,-3.032605912113648,-1.1594901102438524,0.5661992934827816,-0.26142761496057015,-206.58311613328016,12.623639604472954,7.1309750495195
0.18339438339438338,-0.8873945218452473,-0.8553181018626133,-0.3228148154601569,0.045298906414081595,-206.42396119018827,4.850834660573548,1.9260127655006922
0.18363858363858365,0.19526744187924425,0.9648270464586703,-0.21114199570080874,-0.05965282722710179,-206.26480624709637,9.195524569268205,19.39046550827208
0.1838827838827839,-0.3612497072480914,3.208112143977516,1.0019058198598423,0.03624985731403592,-206.10565130400448,7.664000081906692,10.975262660230355
0.18412698412698414,-2.625145797173606,4.493622122010557,-1.245694659815691,-0.3103480244530441,-205.94649636091256,18.468055021013054,11.389808811707784
0.18437118437118438,-6.055583034890361,3.93878829200978,1.5730461384834078,0.4555916926782244,-205.78734141782067,11.28593054555657,8.398177068924358
0.18461538461538463,-8.917844187689509,1.2160498065666268,-1.7260299876782423,-0.6864558599688596,-205.62818647472878,12.991478254893892,5.456627364906912
0.18485958485958487,-10.036028031003166,-3.0042507420277933,2.348535121294513,1.1316513142689577,-205.4690315316369,11.014325035452615,13.188906452048155
0.1851037851037851,-8.594440632932882,-7.806173161821725,-2.3824864769530687,-1.6034731135923428,-205.309876588545,15.163185011956138,8.260718940110964
0.18534798534798536,-4.730093342555446,-11.488285836479557,2.5049747884946005,1.98136093068403,-205.1507216454531,16.09531616647564,16.637076883018445
0.1855921855921856,0.4978356206616419,-13.19345472014033,-2.381456177030975,-2.3857584010194333,-204.9915667023612,9.696568251735881,14.575923257778951
0.18583638583638584,6.280639964212042,-11.710236958853907,2.1577856809187956,2.6777108591332692,-204.8324117592693,13.035480391558385,9.244380735478124
0.18608058608058609,10.31657847478358,-7.727653472155522,-1.6433841857200093,-2.80327348572095,-204.6732568161774,20.941240020246543,19.637277317653822
0.18632478632478633,12.383571710120028,-2.568278624536011,1.4823670245146006,2.635766278078246,-204.5141018730855,23.068766215619874,11.489075324750655
0.18656898656898657,11.529937350410245,2.7347171335348524,-0.9727422573433709,-2.71793346081156,-204.35494692999362,7.97689187060779,13.580919294276994
0.18681318681318682,8.138271105556916,6.5209808327133825,0.6182459155054421,2.5850747958605496,-204.19579198690172,19.167910507392694,5.365789875755654
0.18705738705738706,3.8965113380663277,7.98261035356699,-0.440603103900581,-2.2313991520201593,-204.03663704380983,9.745179127999808,2.5021297820935455
0.1873015873015873,0.0882554048363371,7.338364746383693,-0.03451185772584175,1.7681626285774614,-203.87748210071794,17.2644774880969,3.8845483057490844
0.18754578754578755,-2.3874323537324047,5.071853477956879,0.06487351305778419,-1.4825385254989623,-203.71832715762605,13.81588799122533,1.0350299920719472
0.1877899877899878,-2.693647767254151,2.037334114547444,-0.3272555638229991,1.0768104864566033,-203.55917221453413,8.141728125180244,5.930426660521871
0.18803418803418803,-1.0606597061015954,0.3360281193895931,0.18348882120287063,-0.3577669077884864,-203.40001727144224,13.861634060724452,2.381208141961291
0.18827838827838828,1.0073866850334405,0.19219620296519516,0.3260904563841065,-0.18335128295314013,-203.24086232835035,26.839803697138514,9.050477925983994
0.18852258852258852,2.5161280064187603,1.9476434934682871,-0.4282547103162779,0.6115258961787009,-203.08170738525845,15.821596262580467,19.362879885202766
0.18876678876678876,2.5564686908743797,4.395461792259521,0.9082806386751092,-1.1703371961993654,-202.92255244216656,22.207719929979643,14.200970489113764
0.189010989010989,0.5685174342940503,6.780944901781428,-1.1221631585652456,1.280742415421709,-202.76339749907467,4.8389309899975705,3.3953928565337104
0.18925518925518925,-3.394087705442093,8.161738536442034,1.4893552147840423,-1.4945522979079604,-202.60424255598278,23.665574732281694,5.637155795070246
0.1894993894993895,-7.62106580069214,6.836560247431459,-2.1441288788130763,1.4206816940773328,-202.4450876128909,15.744993039505339,4.745395604161538
0.18974358974358974,-11.057110629055574,3.3077118105317553,2.653922394317474,-1.1215147205458096,-202.28593266979897,17.478775467444873,10.500906596427962
0.18998778998778998,-12.14548562109223,-1.8337144433971782,-2.849294834603459,1.142378736577064,-202.12677772670708,13.873854334001747,1.8405306580622465
0.19023199023199022,-10.84108489604707,-7.133124704554253,3.313670371784242,-0.7345142094275527,-201.96762278361518,6.498017768868048,13.328430317469648
0.19047619047619047,-6.832217931687504,-11.330900921579174,-3.4400496206197015,0.3237572587708618,-201.8084678405233,9.145950525690887,7.9122369447686705
0.1907203907203907,-1.3578109982878133,-13.19829506028223,3.259085790152771,-0.05968622334093088,-201.6493128974314,11.760941611672749,9.04017080797796
0.19096459096459095,4.1659611267301635,-11.7654109094442,-3.111047776690379,-0.10206254495798484,-201.4901579543395,15.063326059210034,6.566497058959595
0.1912087912087912,8.242645256956868,-8.383253876968213,3.0280297898978112,0.556971424663328,-201.33100301124762,18.44182861227265,12.426232064699278
0.19145299145299144,10.077343847818732,-3.6781422770864327,-2.69120048588352,-0.7075368897241172,-201.17184806815573,7.146010206837815,5.783588375156336
0.1916971916971917,9.096128879056309,0.726768559119183,2.134972897479124,0.8952621983888948,-201.0126931250638,27.11891805803482,10.645191773231772
0.19194139194139195,6.235970629981765,3.979837792719043,-1.4553918396593617,-1.1934514814536488,-200.8535381819719,13.909611891556843,13.6123802090939
0.1921855921855922,3.1720551558023984,4.495159226100784,1.066748778343282,0.7763953662649186,-200.69438323888002,10.904312693149588,11.158036696032758
0.19242979242979244,0.5601835704558474,3.6699303650730726,-0.6556352491493997,-0.5798119174485352,-200.53522829578813,16.82520300670338,7.346031893343161
0.19267399267399268,-0.3917002126965543,1.114948684132723,0.09236284508221324,0.2930415625059913,-200.37607335269624,11.070611111629118,7.652093174957103
0.19291819291819293,0.3547551325777035,-0.5282277722687129,0.13806103429385888,0.02744286644294766,-200.21691840960435,13.608040201394843,13.207487116030627
0.19316239316239317,2.6530805555438746,-1.196482526517734,-0.1817357449636231,-0.5596998925982096,-200.05776346651245,11.661291184609286,6.689774762819549
0.1934065934065934,5.0411664862774055,0.2807107413409648,0.2750814153036456,1.1127352649511286,-199.89860852342056,13.732358584875326,15.444971029629048
0.19365079365079366,5.903452421285644,3.3426016244180294,-0.5268665389003185,-1.6751840607590314,-199.73945358032864,17.657528819425217,2.19572493693776
0.1938949938949939,5.1602915886959995,6.882769468080452,0.38160850609493946,2.0844878232971147,-199.58029863723675,5.555280937967549,6.68808010805271
0.19413919413919414,2.0336441323640178,9.984002137595434,-0.16716038234588468,-2.537205869750849,-199.42114369414486,16.691501085928287,9.325663258179967
0.1943833943833944,-2.7380422750598594,11.048950708193226,-0.05801060548933705,2.941308521386794,-199.26198875105297,20.080911232336756,8.965821028486292
0.19462759462759463,-7.912951429419831,9.521655863354447,0.5038643152916765,-2.9991292761147417,-199.10283380796108,13.782702525953757,14.115803021736637
0.19487179487179487,-11.726378588253883,5.607304410174838,-0.7959028989059613,3.167381715805577,-198.94367886486918,11.60500884340906,6.893483995404013
0.19511599511599512,-13.163557205784981,0.056274774549951806,1.1440023676656512,-2.9496039690625575,-198.7845239217773,16.306303455702952,7.759367173587788
0.19536019536019536,-11.87573248539479,-5.480586341030984,-1.3915592062734803,2.814951231808106,-198.62536897868537,19.28755314418787,13.404439234492925
0.1956043956043956,-7.90969481492556,-9.733529775312189,1.8961520123341593,-2.7532415042742704,-198.46621403559348,6.893806399458502,13.289700872329423
0.19584859584859585,-2.845858369792824,-11.409763304045791,-2.0452564624359266,2.2598726304179673,-198.3070590925016,20.46529969396618,7.727882086218285
0.1960927960927961,2.0581358353875188,-10.353671419133399,2.003759908780274,-1.6713205845806556,-198.1479041494097,4.549068225274216,10.111363449353066
0.19633699633699633,5.477392231327284,-7.509636713738341,-1.6932318525637315,1.4030930386548959,-197.9887492063178,22.621160050558803,11.141567537875135
0.19658119658119658,6.426433188721167,-3.4714353024517672,1.7026686590272908,-0.9904518284063039,-197.8295942632259,13.727963333970369,19.256443108176736
0.19682539682539682,5.754568558481375,-0.4248589541074634,-1.4971017290411404,0.4758338522393608,-197.67043932013402,14.28454923259142,2.983141479157066
0.19706959706959706,3.3455234523087745,1.5135392236963945,1.0385609646716023,-0.40357046446189637,-197.51128437704213,6.052921249618114,4.8329703060744125
0.1973137973137973,0.869031908194477,1.0341068564815916,-0.3944484067192245,0.012083034546667433,-197.3521294339502,3.011870664209883,1.8104310436677522
0.19755799755799755,-0.3385687539453175,-0.6690361806723654,-0.1387259702749969,0.03863109804694334,-197.19297449085832,15.861591346190734,6.622864621384524
0.1978021978021978,0.351898558439246,-2.879540446812074,0.6453303644507338,0.0271394905922983,-197.03381954776643,4.36622119300838,6.8627378741735905
0.19804639804639804,2.7495192727591324,-4.095884296334331,-1.1085403736807244,-0.09755146471723064,-196.87466460467454,20.439701161854305,5.159215194373491
0.19829059829059828,5.915911102983057,-3.541650947596839,1.7280066759657147,0.2136669558321709,-196.71550966158264,13.188350066892983,6.048090431917714
0.19853479853479852,8.660561843870877,-0.7201248877829537,-1.975707365051836,-0.6943513887992258,-196.55635471849075,14.944914749259539,5.957872483134999
0.19877899877899877,9.636721667190752,3.5579541990158283,2.141642764599842,1.1314579579519188,-196.39719977539886,18.700206388591173,11.673327484656536
0.199023199023199,8.119553406283924,8.038266327817043,-2.489168033881168,-1.7071874008107621,-196.23804483230697,15.778719316650056,5.403901097221786
0.19926739926739928,4.185881176407559,11.525663260484134,2.49066868013599,1.9619103527298298,-196.07888988921505,7.183132905820124,2.6139970814286353
0.19951159951159952,-1.1747835051859443,13.082992115679074,-2.181419161883524,-2.2573014565562137,-195.91973494612316,10.096928407935621,5.161160481683906
0.19975579975579977,-6.693417451492801,11.185670160014109,1.9966507089698775,2.4586442608578127,-195.76058000303127,7.047311879330502,8.732725336704556
0.2,-10.96478383680795,7.233950908188357,-1.5581240074896723,-2.8470383055264756,-195.60142505993937,13.09703970016296,11.866102964898875
0.20024420024420025,-12.379309302717273,1.7609310504309355,1.305614542707888,2.883358879481577,-195.44227011684748,5.242546682847274,5.442231255672095
0.2004884004884005,-11.204312583770594,-3.4739775911007684,-1.1186788416735836,-2.8714486034542297,-195.2831151737556,11.03766870629501,3.393442825449371
0.20073260073260074,-7.790176492389312,-7.1809264411496745,0.5773388246967645,2.6455879372690574,-195.1239602306637,14.015561724006611,3.8273992494607776
0.20097680097680098,-3.478945626617287,-8.538839918088893,-0.2561620442185508,-2.233279568574134,-194.9648052875718,7.740146253727696,7.512752063486861
0.20122100122100123,0.31441325764130607,-7.736054971287841,0.24648115728181763,1.8129613231179063,-194.8056503444799,17.353174363625236,13.582976847182435
0.20146520146520147,2.748830919267483,-4.886708317468753,0.21687796910209478,-1.405113038375869,-194.646495401388,10.269198257738276,5.28773705608314
0.20170940170940171,2.9927239271966286,-2.118586593578381,-0.21094843709318695,0.982528694259869,-194.4873404582961,17.37249540998561,12.324732571294463
0.20195360195360196,1.5641967220886086,-0.5287085884108987,0.01994498756317191,-0.3579181273548011,-194.3281855152042,4.00957814877269,3.9238031814313
0.2021978021978022,-0.47282160478113133,0.09509654326329567,0.11618211445203094,-0.16971383310011712,-194.16903057211232,19.105553753886586,8.099287393822406
0.20244200244200244,-2.006747680526448,-1.5987352885742443,-0.34483548315613477,0.6059178857371128,-194.00987562902043,12.820557853737606,7.109836883394657
0.2026862026862027,-1.8914805121425933,-4.265845312481558,0.6734584006477037,-0.8529622370454862,-193.85072068592854,17.050288668336947,11.404090568736125
0.20293040293040293,0.1340033587780514,-6.590866418617983,-1.217923371157559,1.1871021408163458,-193.69156574283664,6.388343049853665,8.795692234948161
0.20317460317460317,3.7214349790741608,-7.677982427987411,1.6415756746583365,-1.235281369381796,-193.53241079974472,6.653813230273086,8.33840032336947
0.20341880341880342,7.5442030493188375,-6.439479363511904,-2.018319388710569,1.3357356389356674,-193.37325585665283,8.378398671564234,3.789834723416944
0.20366300366300366,11.0413839655687,-2.625254026978772,2.5662771491518463,-1.2093019608010431,-193.21410091356094,18.30186386226775,10.178109385439582
0.2039072039072039,11.924024556443342,2.2113243911963614,-3.037731319620528,1.0899007666890774,-193.05494597046905,15.076383135055998,7.6443663760749665
0.20415140415140415,10.293777030587497,7.6127481039224465,3.01213947231007,-0.7394336715793588,-192.89579102737716,12.468024349316492,4.351726617731727
0.2043956043956044,6.0718713773429975,11.62224913719958,-3.3390034624556657,0.33966046401009015,-192.73663608428527,15.183875323700882,7.093454443079119
0.20463980463980463,0.7489323467755612,12.692700086928282,3.250635558082035,0.06980578833027197,-192.57748114119337,14.234075215394197,7.638787632065244
0.20488400488400488,-4.613230026419981,11.488343146131562,-2.945122681392747,-0.4108088931191438,-192.41832619810148,14.680620909692113,17.333682276345193
0.20512820512820512,-8.663510329062124,7.631699761263434,2.8034135366356336,0.5699436918500754,-192.25917125500956,6.035862812451457,6.292148849651698
0.20537240537240536,-10.226448312887433,3.177533222084955,-2.5951739700613174,-0.8070324979363028,-192.10001631191767,14.02679216176159,13.004544671602208
0.2056166056166056,-9.002615317688097,-1.3625729905874036,2.234141544074458,0.8479910936554538,-191.94086136882578,14.667952110959103,11.41873237955592
0.20586080586080585,-6.394108303038048,-4.206332516302794,-1.7493678574912364,-1.056872181053699,-191.7817064257339,10.789455801807922,14.475892746363934
0.2061050061050061,-2.8300926072547896,-4.767293391208559,1.1053648123843207,0.7311085199030957,-191.622551482642,21.087194871582206,7.764021876702556
0.20634920634920634,-0.3225975313199988,-3.729015148952867,-0.7313785601955436,-0.6322910875265492,-191.4633965395501,11.732354669774546,7.605556732340006
0.20659340659340658,0.7010244482185318,-1.6392749981244226,0.29155702221021373,0.2542988807278252,-191.3042415964582,6.9647601399962475,7.468360768176006
0.20683760683760682,-0.48159802074434865,0.3957207611565883,0.24615711834068707,0.18598939392446506,-191.1450866533663,9.808212950946809,3.973547356840157
0.20708180708180707,-2.404266864721361,0.807239527682867,-0.32139364976095863,-0.5097257587294346,-190.9859317102744,7.217588957428164,7.137904499655742
0.20732600732600734,-4.522996891160291,-0.44813675174187834,0.5820458432986882,0.9255069309300583,-190.8267767671825,13.363960962458389,0.9637822616321629
0.20757020757020758,-5.7381503465374895,-3.3425551729584373,-0.42151617134582536,-1.6706554447696373,-190.66762182409062,16.189654643859658,22.709175672589303
0.20781440781440783,-4.714415799413737,-7.0292535713225215,0.2147707475476277,2.0931458935741407,-190.50846688099872,14.317427969370776,8.051365982084784
0.20805860805860807,-1.3814626566374608,-9.766597453673059,-0.12026854352323076,-2.540551186672839,-190.34931193790683,9.55302429640049,13.275999847102566
0.2083028083028083,3.2513887432166833,-10.653306029288334,-0.11861605620318272,2.785700924157657,-190.19015699481494,11.236937314164825,11.398967730430208
0.20854700854700856,8.062819959868207,-8.88720943622896,0.6251642359319618,-2.902002605257981,-190.03100205172305,8.85876094749034,11.029108938767905
0.2087912087912088,11.71045662244043,-5.01468163759837,-0.8506112254733601,3.0835228285810237,-189.87184710863113,15.976736684900146,7.093261999234729
0.20903540903540904,13.094016798828513,0.5837984134267682,1.181576963390925,-2.987608778948741,-189.71269216553924,13.52404761604867,8.404911566998914
0.20927960927960929,11.516867730216667,6.067908011428579,-1.5301495588041694,2.7091086140651206,-189.55353722244735,12.224459761307314,16.61581656060191
0.20952380952380953,7.608521769951508,10.04555128534659,1.9460145552853352,-2.473551377250031,-189.39438227935545,24.149711581734906,5.9466404358201475
0.20976800976800977,2.3377787298691572,11.571094669443838,-1.9104009505647443,2.087549514484023,-189.23522733626356,9.971592701044282,3.903704233306864
0.21001221001221002,-2.7236410722345705,10.398003181267361,1.9632255280839503,-1.7811878365267453,-189.07607239317167,8.277383237182923,22.243631972819188
0.21025641025641026,-5.71438164709302,7.197192930761401,-1.9066687049007078,1.1604923458324525,-188.91691745007978,10.987979529226854,8.850158019143853
0.2105006105006105,-6.803672255498447,3.2616963670122647,1.654782788012232,-0.9422967830024306,-188.7577625069879,5.811083878835165,9.2880407621186
0.21074481074481075,-5.939271871632143,-0.011578245075167724,-1.2537106666744544,0.5807420253036847,-188.59860756389597,16.135226892361583,5.345426094853581
0.210989010989011,-3.3255051419545283,-1.6353725838730406,0.9839622584479701,-0.07583976785501492,-188.43945262080408,11.267899886799073,11.884445920105831
0.21123321123321123,-1.1153989063247185,-1.3408918777137169,-0.4927141612228973,-0.05597745861089429,-188.28029767771218,15.732733467689547,1.590941041250929
0.21147741147741148,0.04021140260425913,0.3517151157454416,-0.18989652182118133,-0.09929680635215564,-188.1211427346203,7.754270330173887,11.045097458787788
0.21172161172161172,-0.5271128003394754,2.5287059325087013,0.7704302863500994,-0.28518757091171204,-187.9619877915284,19.655365049181327,3.4759911040352915
0.21196581196581196,-2.719854502092318,3.5183223520303657,-1.1411444669925193,-0.26953434413007316,-187.8028328484365,9.04693893134771,11.326975506838286
0.2122100122100122,-5.554382794464909,3.254117860400501,1.7405434759652887,0.29375711670591753,-187.64367790534462,16.571802760661537,5.933040975223913
0.21245421245421245,-8.343781096958121,0.45343631798465345,-1.921904239445075,-0.8595635631579497,-187.48452296225273,12.99636296643593,7.998122317963632
0.2126984126984127,-9.183882088567273,-3.8303133489196104,2.2595329393992434,1.083850407736983,-187.3253680191608,7.6914400837801065,13.689958815956992
0.21294261294261294,-7.344533719551243,-7.998333657660663,-2.0955938435340355,-1.4926001752342672,-187.1662130760689,11.85144971934347,5.213398447642221
0.21318681318681318,-3.7322569481295282,-11.540135438933957,2.0910398605257576,1.9433865625913445,-187.00705813297702,20.700038487431943,6.50210525471675
0.21343101343101342,1.953636384706007,-12.383273409029762,-2.320448663072606,-2.376390749954098,-186.84790318988513,14.30644892814396,11.070110047018103
0.21367521367521367,7.087457349963775,-10.754775420903032,1.9285352818867105,2.515872662427746,-186.68874824679324,9.498511331887384,7.311873789974248
0.2139194139194139,11.16170345035378,-6.761493503051626,-1.6362771492535253,-2.6989422174959414,-186.52959330370135,23.956582490020633,12.832240310223439
0.21416361416361415,12.538161720667569,-1.3439903778275752,1.336177083131932,2.69563864623471,-186.37043836060946,18.352141810432894,10.279794791636464
0.2144078144078144,10.991173933897672,3.942824410780354,-0.9836536569043818,-2.801875058668556,-186.21128341751756,5.632472588170476,1.3570928417996102
0.21465201465201464,7.494018641706217,7.602393312291095,0.530260745430686,2.541235705061944,-186.05212847442564,6.148814346583846,9.063711497437172
0.2148962148962149,3.090983396133278,8.879888121733824,-0.12416784991059514,-2.372454958865223,-185.89297353133375,5.508787554661207,7.056806590596629
0.21514041514041515,-0.8283455558265954,7.742477863015738,-0.025899150435270843,1.8715044602032833,-185.73381858824186,10.243445723205491,3.2163209113925104
0.2153846153846154,-3.0740159756607763,4.9862044596145365,0.19933147809512294,-1.4869551292815686,-185.57466364514997,18.686420980324012,11.090724551704682
0.21562881562881564,-3.2710810439485734,2.0428927255526026,-0.2932596811401286,0.9092112214666781,-185.41550870205808,13.221758851761713,2.060376269508842
0.21587301587301588,-1.7235009498842833,0.21916080671009155,0.06406493138609008,-0.4248531473764404,-185.25635375896618,14.454464330496883,13.251627577504092
0.21611721611721613,0.05053479882815276,-0.012970028363117433,-0.015394277908617776,-0.14138596208479842,-185.0971988158743,11.55092002024238,11.449777690532951
0.21636141636141637,1.6444648498750862,1.8442000343249347,-0.3526720938543142,0.46139873759332745,-184.9380438727824,20.963707957744273,6.0662591967742525
0.2166056166056166,1.657641726589353,3.964729607182092,0.6303186943311713,-0.9240693954772443,-184.77888892969048,12.051507428277645,2.829534869497574
0.21684981684981686,-0.202747339621098,6.273093947436851,-1.1543947883175198,1.054046738148989,-184.6197339865986,20.67576066050585,7.147246426016709
0.2170940170940171,-4.004317991875553,7.184427892609495,1.5782520094680952,-1.2763633731255166,-184.4605790435067,8.649769161247159,11.110147385069308
0.21733821733821734,-7.656333369426239,5.749211195682353,-2.04117005083738,1.1211468259076136,-184.3014241004148,18.232013558479498,5.798793766361413
0.2175824175824176,-10.552086785954511,1.9872734732986583,2.6039194253052584,-1.1653198482024019,-184.14226915732291,12.245209295006404,9.78177087273886
0.21782661782661783,-11.434116217316602,-2.9026353764870896,-2.640804093274344,0.9137850867658582,-183.98311421423102,10.949535418409631,3.126792719195535
0.21807081807081807,-9.695720460570046,-7.874415772125823,3.045937298059704,-0.6230981771407835,-183.82395927113913,26.250198586257447,5.676707822241626
0.21831501831501832,-5.488591480264111,-11.639558423600622,-3.3515559973808817,0.41177272608778875,-183.6648043280472,13.767196378525943,9.973806435371756
0.21855921855921856,0.02598496783374159,-12.695336171237408,3.2404215507170666,0.10410832617105029,-183.50564938495532,15.706554557566722,3.609008443727166
0.2188034188034188,5.28047334343304,-11.130012042008415,-3.0631371950138893,-0.20350943975966648,-183.34649444186343,7.777948605418844,6.24080439517871
0.21904761904761905,9.187338931823966,-7.458726983809002,2.997548206554516,0.38339183621163087,-183.18733949877154,17.800636822768013,10.926495828692774
0.2192918192918193,10.425785878782126,-2.465305386745418,-2.7125184494070953,-0.8009148988945779,-183.02818455567964,13.776955440874836,5.884027335774929
0.21953601953601953,9.104092832327707,1.8944069620049921,2.288130369269845,0.9239354563027428,-182.86902961258775,12.48485644333557,8.753459556765998
0.21978021978021978,6.1974005882373415,4.683538773859105,-1.5634021688759931,-1.3345266207708881,-182.70987466949586,5.453695866265838,11.922526731223693
0.22002442002442002,3.0161256996898107,5.137827666299439,1.003375369659226,0.9475789403726842,-182.55071972640397,19.04495266021279,8.403903637137779
0.22026862026862026,0.29100998949958334,3.863115755247585,-0.9210351273031337,-0.7811205784814579,-182.39156478331205,12.065428126168314,13.618949811086427
0.2205128205128205,-0.6027512246164729,1.799145021796424,0.39498908365587004,0.4962965743144016,-182.23240984022016,10.154198774763955,13.980550721098206
0.22075702075702075,0.1681809682000553,-0.15043751985355253,0.03215805378227924,0.008993965525412595,-182.07325489712827,13.313270601180362,6.492981280844186
0.221001221001221,2.3578262369782905,-0.5791082996865342,-0.41459964387831005,-0.5977364691342799,-181.91409995403637,16.31009965143194,11.879985503755318
0.22124542124542124,4.275400381103338,0.5516461384934913,0.34419402604930405,1.0644097343617154,-181.75494501094448,10.904345415946976,4.325280194122683
0.22148962148962148,5.040210320878199,3.4097139297469656,-0.38673136120845963,-1.518269739676346,-181.5957900678526,17.93404757470348,10.459509290083979
0.22173382173382172,4.0554362661195595,6.782727113532161,0.1673134053272765,2.0583371956524195,-181.4366351247607,8.134004154267595,6.617593369700668
0.22197802197802197,0.9660498469403581,9.53781532704929,-0.18738009187911825,-2.2231438789712827,-181.2774801816688,15.143605964185287,7.501144042524258
0.2222222222222222,-3.4995809209951148,10.214009284462094,-0.26234080468781645,2.4608114107308197,-181.1183252385769,22.85960111773514,10.167971655521745
0.22246642246642245,-8.226620001776178,8.253580832681559,0.7087701067174221,-2.8749553921701443,-180.959170295485,15.576663735055691,18.110687399470944
0.2227106227106227,-11.812877096752253,4.1311276475787,-0.813882459672131,2.919284874685717,-180.8000153523931,8.87700484433038,4.499679803674808
0.22295482295482297,-12.654698711930669,-1.3545811881309737,1.2791919157103468,-2.8801269166327375,-180.6408604093012,20.891188978241956,6.3994985398504065
0.2231990231990232,-10.888634235330139,-6.422985061959117,-1.564529153743177,2.650984256028213,-180.48170546620932,8.945431337087312,2.7213813999193954
0.22344322344322345,-6.863557337871561,-10.418102130729515,1.988912585275268,-2.345065450292685,-180.32255052311743,10.921613649653711,2.846559888036901
0.2236874236874237,-1.6862023356162592,-11.509442740558624,-2.0696063294724913,2.0170498902925607,-180.16339558002554,17.310103237310408,10.073684529345474
0.22393162393162394,3.1243871182044427,-10.380813781683376,2.083723576746979,-1.6212279106290788,-180.00424063693364,7.804360142404219,14.499998804908325
0.22417582417582418,6.313388515553565,-6.918408791980173,-2.0573995829723124,1.2848063479357452,-179.84508569384172,10.59840345566248,21.621575115323047
0.22442002442002443,7.27077615400127,-2.9231574063042016,1.8030660218901269,-0.8073064014709679,-179.68593075074983,15.722884376518385,0.9965585771468422
0.22466422466422467,6.061098682561346,0.1703780399488494,-1.471283539809367,0.6658262252217022,-179.52677580765794,12.033566193631001,9.173018600665452
0.22490842490842491,3.672380588990179,1.9406549558443478,1.0320849238754406,-0.2783025739450517,-179.36762086456605,12.223236792154106,10.476395387731634
0.22515262515262516,1.2420995212739832,1.6315416050928402,-0.5701365295057629,0.0864336417417039,-179.20846592147416,20.31964869624275,10.151446650483544
0.2253968253968254,0.06332166370206938,-0.12772268239240903,0.02368962903812151,0.1184112872792632,-179.04931097838227,17.609373572588247,4.545032628284138
0.22564102564102564,0.734096288495185,-2.0243671211867063,0.6065414598636217,0.16164092448633158,-178.89015603529037,2.796121685028536,8.136866526592204
0.2258852258852259,2.5066529771776027,-3.098766911012328,-1.0700145002789678,-0.17997652495385774,-178.73100109219848,16.601707804436803,15.572058029435178
0.22612942612942613,5.6604888573743155,-2.654909337931613,1.2725046529527062,0.31312397105551815,-178.57184614910656,10.953974320014012,12.435477608177335
0.22637362637362637,7.761653023993039,-0.009720884926453871,-1.9218698751980292,-0.9020712704210747,-178.41269120601467,11.876378981227054,2.4083844604476603
0.22661782661782662,8.507116875445682,4.014416225577826,2.0691543263678853,1.158040877968487,-178.25353626292278,21.583748080918358,2.3095217670478396
0.22686202686202686,6.849468097690725,8.341607656804678,-2.170755684900136,-1.5895552684240175,-178.0943813198309,18.500564228119416,10.546114470178743
0.2271062271062271,2.7755437212188676,11.319063364677598,2.169185653578695,1.904357888984174,-177.935226376739,20.752982373438215,5.243609196233088
0.22735042735042735,-2.4513013305768374,12.114457316851478,-2.0911377168517196,-2.2911033882269476,-177.7760714336471,14.483089748079315,9.1171940269934
0.2275946275946276,-7.743836311037394,10.374977089947453,1.8434401142602925,2.5780562873018886,-177.6169164905552,21.568558002032447,17.559717622924957
0.22783882783882783,-11.20150063493725,5.941566758475043,-1.5390457052168496,-2.709702246093815,-177.4577615474633,22.315228058281726,12.913559706619893
0.22808302808302808,-12.35287683995293,0.6556783247783521,1.1486606511036561,2.920319711624811,-177.2986066043714,19.140462525006143,7.272385910075036
0.22832722832722832,-10.739175952197597,-4.557844958238407,-0.9815339652078761,-2.826871765788065,-177.1394516612795,14.758739104421547,4.922509153051252
0.22857142857142856,-7.252137489327526,-8.099916941898782,0.5722702324039093,2.6165539417420947,-176.98029671818762,9.269699577947398,7.36623308213787
0.2288156288156288,-2.917363146651179,-8.952351356315173,-0.11363456981633724,-2.412922694557248,-176.82114177509573,20.421426429192284,4.056146888543119
0.22905982905982905,1.1059597046727347,-7.680156628173381,-0.07834699732412406,2.0117752436094145,-176.66198683200383,16.035728741328164,9.43263265880648
0.2293040293040293,3.5606348185421046,-5.132475001363569,0.17601411334653425,-1.5945760179937063,-176.50283188891194,9.65811480400519,4.577263486912665
0.22954822954822954,3.4936069327733934,-2.264887374433909,-0.26334407523394643,1.1713758222055306,-176.34367694582005,9.400744444120237,0.8821305467234386
0.22979242979242978,2.233654715612215,-0.12887702005778195,0.23078462550524895,-0.35959047563941926,-176.18452200272813,5.639304354449756,11.278383458298908
0.23003663003663002,-0.0709266928453853,0.09210279885807017,0.10838631800149495,-0.033735488012435116,-176.02536705963624,17.497700313199488,0.2653345590823206
0.23028083028083027,-1.4312791199863548,-1.5469039163514438,-0.34856781593308395,0.4200225441126372,-175.86621211654435,9.755792982777265,12.166139088019529
0.23052503052503054,-1.1760797675470973,-3.8317085448775234,0.6441413896648348,-0.8133258963406692,-175.70705717345245,18.005300218125242,7.742168460555055
0.23076923076923078,0.553847606118431,-5.924283983338426,-1.3751645857590367,0.9968458045613207,-175.54790223036056,20.504144785170926,7.647145329410498
0.23101343101343103,3.9867748346386076,-6.5493214824249,1.5717533325840372,-1.2275796878751852,-175.38874728726867,9.021895836775213,10.14937417386108
0.23125763125763127,7.7438574409241925,-5.14405255014569,-2.1121599494355867,1.3180723199957753,-175.22959234417678,3.5881248144927884,11.362227362794767
0.2315018315018315,10.439472182405447,-1.497801073628239,2.224923161895583,-1.0838259029195365,-175.0704374010849,19.061502742071063,4.821356788630355
0.23174603174603176,11.022364949925505,3.484752178637426,-2.6753250479787907,0.9606704841649932,-174.91128245799297,17.81793578721266,3.6365757730854424
0.231990231990232,9.105394016440483,8.208472768209447,3.1484921267391632,-0.7415142683161577,-174.75212751490108,9.408145740990573,5.223257370681428
0.23223443223443224,4.912876882969581,11.651721922978993,-3.360036685903534,0.11797654863530799,-174.59297257180918,3.284336964213138,7.390433529527165
0.23247863247863249,-0.5721355239734078,12.750953731346355,3.22603295245684,0.0895980569837109,-174.4338176287173,17.481190460661427,12.124782253310862
0.23272283272283273,-5.723195369719968,11.05736146861734,-3.2222270841736886,-0.47976144731788156,-174.2746626856254,14.260015881785538,15.40820239265784
0.23296703296703297,-9.430595868238902,7.06217630027093,2.7067839397957894,0.6746966191187158,-174.1155077425335,10.08888187978193,16.723679779986565
0.23321123321123322,-10.396777214025656,2.2291947764540287,-2.6956991433602226,-0.932876718757468,-173.95635279944162,16.74542737015736,13.284144803089575
0.23345543345543346,-9.133282773981424,-2.3342848248282233,2.043380180972649,0.9864622463272712,-173.79719785634973,17.127631879743824,3.395468243961801
0.2336996336996337,-6.056397462999446,-4.985056675812459,-1.7523128923139082,-1.1320118681249816,-173.6380429132578,12.051145828825652,12.589967064132912
0.23394383394383395,-2.592321526510897,-5.4771904869992145,1.318461160329647,0.9217639618805645,-173.4788879701659,17.74056868610538,15.333000441899994
0.2341880341880342,0.07791257454734002,-4.15092775939465,-0.7234246981566514,-0.8641175366483799,-173.31973302707402,14.567639004855254,8.634170170416256
0.23443223443223443,0.8180388203432402,-1.988307469006195,0.46378354428782576,0.2618419231439165,-173.16057808398213,21.261760387782775,2.9090160725725656
0.23467643467643468,0.21900733607175987,-0.05231632146588826,0.07842020787860089,0.10749982490988891,-173.00142314089024,24.02000963700771,5.961123159322229
0.23492063492063492,-1.8559723327383124,0.5132439836363972,-0.1886194095993816,-0.44261190312929904,-172.84226819779835,21.244766540282583,3.533007128466161
0.23516483516483516,-3.8898774928554447,-0.669223961226373,0.4094177565156197,0.8708366323138268,-172.68311325470646,10.194646827169269,19.26418578821576
0.2354090354090354,-4.82645546795542,-3.4962789056697496,-0.4187562374511674,-1.383715310755237,-172.52395831161456,20.307115204438563,14.015784318211066
0.23565323565323565,-3.6251260490821067,-6.748639546620352,0.2607488769691536,2.0450568015519095,-172.36480336852264,14.483794305687342,17.753792226228377
0.2358974358974359,-0.565709026655969,-9.082292915823105,-0.07719168313258325,-2.3484193394239683,-172.20564842543075,14.72511432872822,7.898970690339099
0.23614163614163614,3.9905258151954754,-9.669242286276976,-0.49173486489418416,2.7050632618454045,-172.04649348233886,5.981059353614297,12.410717824018288
0.23638583638583638,8.429223704057032,-7.6413914191570536,0.6186668512551963,-2.75132756469951,-171.88733853924697,13.320937797358209,12.691282760793596
0.23663003663003662,11.53036349985352,-3.3527058085589423,-1.1354352922983362,3.0364487763479127,-171.72818359615508,4.3450531198911175,2.465490015490268
0.23687423687423687,12.408875310122,1.9362579634761001,1.2562823931153144,-2.607687340815698,-171.56902865306319,25.398176358767355,11.509076778319393
0.2371184371184371,10.463879652682312,6.81824506605739,-1.5732304285410867,2.5681014500798036,-171.4098737099713,13.845454906588703,4.088302331106897
0.23736263736263735,6.282692455838615,10.664370088487233,1.6407381152812313,-2.5988860632983823,-171.2507187668794,12.5649957373367,3.5148230056922833
0.2376068376068376,1.152271012697054,11.714440472318564,-1.9183427217349809,2.185499096299182,-171.09156382378748,18.58876065357731,7.242426661663154
0.23785103785103784,-3.7235128957681587,10.053295880923693,2.0668650562976287,-1.6458330376084735,-170.9324088806956,15.027873398826703,6.387773558075006
0.23809523809523808,-6.773207051900876,6.723258365617951,-1.986338624459982,1.2498462859086825,-170.7732539376037,15.596107105896577,14.719450743640744
0.23833943833943833,-7.651914049736862,2.4640207816255626,1.7642005583656546,-0.9565640978534389,-170.6140989945118,6.898043268148148,13.939782751516631
0.2385836385836386,-5.957402839391139,-0.6237292675107917,-1.6163493092774741,0.46483725758917155,-170.45494405141991,13.392565660197203,9.493891213894129
0.23882783882783884,-3.8008587218851173,-2.165548247661514,0.9588407424264653,-0.4003584446457984,-170.29578910832802,7.240665751932996,16.15394313246009
0.23907203907203908,-1.2906253901938565,-1.8974089545630088,-0.5993625365677526,0.05641996472491012,-170.13663416523613,15.60135159933261,14.319075007444399
0.23931623931623933,0.1781802159018423,-0.40408952693765565,0.24975503304312816,0.08789164731186416,-169.9774792221442,20.40600905315913,7.906598366359376
0.23956043956043957,-0.3211229072034428,1.7559035253319848,0.4889839428961456,0.05155380970175253,-169.81832427905232,13.374654689126915,4.598070086019717
0.2398046398046398,-2.594983122461094,2.7053792956004297,-0.8213710253412724,-0.1413222715439513,-169.65916933596043,0.7663075871573961,18.359785325733426
0.24004884004884006,-5.319064697017173,2.2103182605395464,1.2990551266925363,0.35325057091215045,-169.50001439286854,14.317905672049811,3.0943581387392873
0.2402930402930403,-7.441099639504034,-0.36477823835003964,-1.6112003378243984,-0.7229104179513707,-169.34085944977664,17.226251754496175,7.557701011723022
0.24053724053724054,-7.954761985445666,-4.301473543629936,2.027605311848078,1.3603795286784706,-169.18170450668475,19.04566330091844,5.560510211154785
0.2407814407814408,-6.437181242063418,-8.293396564946336,-2.081717414908112,-1.5168187315791513,-169.02254956359286,26.488351090655744,21.49826883669012
0.24102564102564103,-2.280034056906829,-11.392833491287194,1.9731196579171257,1.9015546631399436,-168.86339462050097,17.428733344815264,11.409711446366359
0.24126984126984127,2.7971682579602386,-11.65668165272095,-1.8979928754304036,-2.3004812172999847,-168.70423967740905,7.64171726373794,13.385743331195284
0.24151404151404152,7.900565672007225,-9.67637291226505,1.6517575389620913,2.502903150277992,-168.54508473431716,4.22909200257337,2.6347283412833704
0.24175824175824176,11.273591459740626,-5.34388442024138,-1.4626544970510102,-2.71209350804508,-168.38592979122527,25.09120519589097,15.847052037192404
0.242002442002442,12.219456166860928,0.18869462548643257,1.2002105699068693,2.8355804834512104,-168.22677484813337,15.172911615263237,9.688276415348348
0.24224664224664225,10.413831591752285,4.907188022500299,-1.0188672755337869,-2.826533176192492,-168.06761990504148,14.451153396664555,8.589554047042334
0.2424908424908425,6.921952008112056,8.198155515391067,0.29831979493238003,2.734594649615913,-167.9084649619496,17.333256972381157,5.609898859230773
0.24273504273504273,2.383943880846761,9.283422632297285,-0.23235214857266437,-2.320408234481883,-167.7493100188577,22.30093086147115,10.057124056759525
0.24297924297924298,-1.6234126375847546,7.805491482931558,-0.05010620509000063,1.9624508754211225,-167.5901550757658,26.378631137767087,2.561561759695528
0.24322344322344322,-3.734402702486495,4.83620185328675,0.17431149846991853,-1.440430570830946,-167.4310001326739,8.66701848637665,11.64366730060974
0.24346764346764346,-4.087905222423926,2.066461909440776,-0.34516987244287656,1.1169307819343808,-167.271845189582,15.821474433798835,6.174907098500771
0.2437118437118437,-2.4742199241454235,0.08909739334731975,0.316327143728406,-0.765232291890134,-167.1126902464901,13.520416666132974,16.57985897738776
0.24395604395604395,-0.31338932137341513,0.0038525209334151767,-0.08162658623734292,0.05749966708339711,-166.9535353033982,11.668226538187245,5.0179582831272365
0.2442002442002442,1.1912151002968399,1.282209505225155,-0.2742542211449266,0.15946706046078293,-166.79438036030632,19.88726780733237,12.607628844073833
0.24444444444444444,1.0793348351646426,3.677527170238257,0.6030175765758479,-0.5818132142515018,-166.63522541721443,15.33334899949844,15.528341576641477
0.24468864468864468,-0.8128915025373826,5.439765703388622,-0.9800207946466668,1.165929837562995,-166.47607047412254,8.082416835304599,5.619173666680459
0.24493284493284492,-4.049026818816163,6.147277389625108,1.459118782360254,-1.2232284755093845,-166.31691553103065,7.342283817266567,2.174043866486798
0.24517704517704517,-7.587685247734297,4.574060965511993,-2.005651333471376,1.2063163535634276,-166.15776058793872,9.689598810036827,13.996762972285005
0.2454212454212454,-10.137237179224089,1.0698324382482667,2.4826829420272007,-0.9804344495526863,-165.99860564484683,14.042549454515424,7.996378483235162
0.24566544566544565,-10.606494587315838,-3.6908237505533887,-2.833872404377909,0.7993893567202002,-165.83945070175494,13.177057207529357,3.838421378937692
0.2459096459096459,-8.352177868084572,-8.543099970167408,2.9902361468498038,-0.4378071096174346,-165.68029575866305,8.5113296530103,6.5362085334607025
0.24615384615384617,-4.227868934882688,-11.771877033961532,-3.157590238110745,0.1564875657895538,-165.52114081557116,11.276729529873672,17.032940712631586
0.2463980463980464,1.1906198401002572,-12.28778385487617,3.008381051643436,0.04140550863737355,-165.36198587247927,4.694576858105554,14.524943972401044
0.24664224664224665,6.077373191041396,-10.5150996263504,-2.985994010034331,-0.44505069881709636,-165.20283092938737,15.171512169066151,5.210315339260519
0.2468864468864469,9.623992704455974,-6.364130187298637,2.801246306463677,0.614703389837652,-165.04367598629548,17.11615898282255,6.446198267995377
0.24713064713064714,10.599834089177019,-1.6836879680714996,-2.5671058788583982,-1.2012676921125134,-164.88452104320356,7.799466867549211,8.085958569775213
0.24737484737484738,8.91874329144516,2.7402007276951634,2.064196333272045,1.0781661704117447,-164.72536610011167,6.948164745174496,4.496400037403119
0.24761904761904763,5.779065536843675,5.33516314976179,-1.8715024715506947,-1.0899110801889187,-164.56621115701978,19.19536657683805,13.823909994878926
0.24786324786324787,2.3969570487878085,5.964281516743541,1.199896230828032,0.9726203166396695,-164.4070562139279,18.374014054257817,5.862325004659014
0.24810744810744811,-0.2728305704214776,4.430800445770012,-1.0212425951143302,-0.8388612764574193,-164.247901270836,7.682281477188846,14.226820989901706
0.24835164835164836,-1.047839972878886,2.1794159853498867,0.3252947974496448,0.6532833531348008,-164.0887463277441,5.662190889078215,2.6902898459259514
0.2485958485958486,-0.45058649582794613,0.2529959285620706,-0.0673810326902788,-0.20786165769213383,-163.9295913846522,10.862663532215256,6.003967792894933
0.24884004884004884,1.642934506070135,-0.1982756890498203,0.08173421059017738,-0.5348201875865787,-163.77043644156032,6.986902576971347,13.055764320142144
0.2490842490842491,3.5373033150404294,0.6427528473788594,0.34545621256229014,0.9632559714361298,-163.6112814984684,15.965694052978796,6.4082555605115985
0.24932844932844933,4.41161419146809,3.708981820143419,-0.24698065459698765,-1.2907005190991696,-163.4521265553765,10.852276821457993,7.821661646573648
0.24957264957264957,2.9629991466760432,6.551576878069956,0.185935512062827,1.6313382697673235,-163.29297161228462,3.422878908760387,0.959950668081544
0.24981684981684982,-0.16949912545035295,8.744565708379593,0.02928022684222152,-2.161639484211634,-163.13381666919273,27.33552946793394,3.5753363544209478
0.25006105006105006,-4.310906927269398,9.205939353895316,-0.4232375554568113,2.3648583278809987,-162.97466172610083,17.936858078896204,5.036007076812336
0.2503052503052503,-8.862139756563499,7.033426153417509,0.8006125362931295,-2.8551441144467704,-162.81550678300894,21.035447850183782,6.692356445222393
0.25054945054945055,-11.438537484030974,2.82178079494775,-0.9374464312147663,2.806108466300494,-162.65635183991705,20.769536754822784,4.745903938616964
0.2507936507936508,-12.043421144339074,-2.4141898293774684,1.29349729894078,-2.775862708468603,-162.49719689682513,8.035651492507737,9.871039980969535
0.25103785103785103,-10.129674245588996,-7.456215475676493,-1.5144524378535866,2.815302038832775,-162.33804195373324,16.508470374294056,3.174908638460294
0.2512820512820513,-5.727588556207697,-10.763731918652347,2.0273739753006472,-2.2498349899132677,-162.17888701064135,24.820555201460156,4.438358472442373
0.2515262515262515,-0.665697052387719,-11.588718162998198,-2.067983606765922,2.071986798254641,-162.01973206754946,20.934455043591417,5.5968575326098575
0.25177045177045176,4.106153101429148,-10.002522089993546,1.9566039815093528,-1.8393057595889428,-161.86057712445756,7.94092460761847,5.838213231521051
0.252014652014652,7.016330564728941,-6.529232311743937,-2.131064900450555,1.4015396308269856,-161.70142218136567,28.532202413834177,17.78603781802271
0.25225885225885225,7.8915352460276935,-2.2278283399580068,1.8495033589732395,-0.8013252636650251,-161.54226723827378,11.230285963822878,8.873681806663132
0.2525030525030525,6.324762533816219,0.9200223268643194,-1.6060904055373275,0.7014944419596426,-161.3831122951819,18.50867973910113,3.9036871354083997
0.25274725274725274,3.695633502763914,2.396379928320625,1.1602927922404394,-0.4257897958508944,-161.22395735208997,15.6109108544816,11.302770952637632
0.252991452991453,1.4586675034437888,2.06492216610685,-0.6398982039734766,0.14365268378610063,-161.06480240899808,11.162283308251466,4.138567307153288
0.2532356532356532,0.1772304490836863,0.654258320750789,0.06983985610393156,-0.09595582105889444,-160.90564746590618,10.400172483161414,11.575802906973525
0.25347985347985347,0.5044571683476151,-1.3226695743725754,0.36237442909777773,0.07343075255425136,-160.7464925228143,18.208146521201982,6.367122492398257
0.2537240537240537,2.4818705508956893,-2.3009927877845495,-0.7605790145783287,-0.17962332510682555,-160.5873375797224,10.743696432161114,7.003998906809468
0.25396825396825395,5.044126899730694,-1.8857295874782842,1.4674833973108896,0.21262194388712596,-160.4281826366305,17.823069467830763,5.546045812833805
0.2542124542124542,7.266500925950307,0.6061756972263013,-1.634269338126629,-0.5944117549979993,-160.26902769353862,8.20582917024167,12.089342233122672
0.25445665445665444,7.4308596591857805,4.512791577310491,1.9222268735127013,0.8671861911469361,-160.10987275044673,4.784644737050091,4.8870162655085725
0.2547008547008547,5.485620537335947,8.525354153525285,-2.0534917459041764,-1.4701155997387223,-159.9507178073548,21.805815076471408,8.769869915433839
0.2549450549450549,1.7667612761327351,10.872389713186275,1.953341418417932,1.9245744127503885,-159.79156286426291,18.64423541352627,13.208923929329549
0.25518925518925517,-3.3919673714591863,11.354652918562476,-1.9190316738961875,-2.1286583615069268,-159.63240792117102,14.96080570036201,5.122644834090253
0.2554334554334554,-8.201813619603916,9.102607643791613,1.7382136965259372,2.3862149524345027,-159.47325297807913,21.086712414347968,9.188323246613002
0.25567765567765566,-11.471095889526799,4.737550233762608,-1.3703575800001861,-2.60214292215316,-159.31409803498724,9.598040673056017,11.636423631887826
0.2559218559218559,-12.084079509238409,-0.5797967426130538,1.149492276621078,2.8856725049801004,-159.15494309189535,13.483578462394817,5.781422585284733
0.25616605616605614,-10.240260973533701,-5.241743518026729,-0.7044812229691406,-2.835238116629918,-158.99578814880346,15.264493220314712,1.2112824398495927
0.2564102564102564,-6.420512211581107,-8.591428573551697,0.37580582508549265,2.5584916031685667,-158.83663320571156,20.05729834315642,11.177776682506476
0.25665445665445663,-1.8806241476060703,-9.276646931728008,-0.06042996739532788,-2.441582679547691,-158.67747826261964,14.21162280947052,2.825968471978265
0.2568986568986569,1.8931528502784625,-7.8639452454354295,0.036130048936592024,1.9176241395651237,-158.51832331952775,15.106278005239032,5.420019877344351
0.2571428571428571,4.150377494799632,-4.984959405009579,0.3843092055481101,-1.5827343625989791,-158.35916837643586,6.406398905555128,7.657034214728979
0.25738705738705736,4.344818171260346,-2.1214815710737502,-0.2317601600815659,1.1716401816141215,-158.20001343334397,12.119188416857952,14.366044211576224
0.2576312576312576,2.8740555351937793,0.00869943906859833,0.17241088233928842,-0.5582563001057541,-158.04085849025208,15.684942504888886,11.904510810801682
0.25787545787545785,0.6318927088043275,0.20588773176444025,-0.10676322834583335,0.1947063225712135,-157.88170354716019,10.502753651535569,6.14856208128407
0.25811965811965815,-0.789513118547508,-0.9525733174443685,-0.31983896283328744,0.22482562449307203,-157.7225486040683,14.357654588702953,5.957563921217313
0.2583638583638584,-0.7971220528039105,-3.265123559102014,0.593202540571349,-0.5813696638036301,-157.5633936609764,16.512213978696007,6.403705318214805
0.25860805860805863,1.1294837563183033,-5.0694452176968525,-0.9304366332973435,0.837021426103142,-157.40423871788448,31.200053807429512,12.893153246336938
0.2588522588522589,4.115428733156449,-5.812571428974344,1.6215749717917691,-1.2072209138876808,-157.2450837747926,17.801006133842893,11.22816722819411
0.2590964590964591,7.674355139968671,-4.094257558236322,-1.8770683602155038,1.0555579223982399,-157.0859288317007,12.70029742691071,6.779234257280478
0.25934065934065936,10.137427867858856,-0.5506364720922886,2.3265320133112657,-1.0672529493735816,-156.9267738886088,10.086217789737185,6.252600338437501
0.2595848595848596,10.314200395595195,4.169706092352085,-2.7203196903648466,0.8617168603327747,-156.76761894551692,14.17805233965431,10.698790947527396
0.25982905982905985,7.855995879958172,8.542835780826751,2.847712387246004,-0.5859214378579153,-156.60846400242502,20.65145136240597,8.501754464740532
0.2600732600732601,3.46066813925543,11.588734294191905,-3.136473488846317,0.32361654570878173,-156.44930905933313,15.961031367522981,2.2229730620168042
0.26031746031746034,-1.7789642469498295,12.279921192323675,2.9394076271492198,0.02572872570191717,-156.29015411624124,9.747741520561357,8.891364257860346
0.2605616605616606,-6.659211274206022,10.221229956784818,-2.9539822322604734,-0.42170560523242007,-156.13099917314932,19.54435011760381,12.189939368210707
0.2608058608058608,-9.809902110924833,5.963716343662816,2.790966149413164,0.7736330355158978,-155.97184423005743,12.059907913221188,9.189190174643084
0.26105006105006107,-10.642212176688753,1.164968826809764,-2.4543592035604744,-0.8326003221205991,-155.81268928696554,15.095529214949917,13.374991444041322
0.2612942612942613,-8.90741113756338,-3.0444401309842517,2.133578161856378,1.0397728181023649,-155.65353434387364,16.505271209800767,14.671258997609849
0.26153846153846155,-5.88957971225359,-5.746665229271644,-1.7879184153900423,-1.0118177127258696,-155.49437940078175,13.864105776652359,3.4732836456532734
0.2617826617826618,-2.1362412034344445,-6.21592318475288,1.25414887038778,1.0923753829955576,-155.33522445768986,4.768124013050742,9.118346823917282
0.26202686202686204,0.38331371180802,-4.585964975209744,-0.8184084628146605,-0.9275490657895058,-155.17606951459797,8.87380497881097,5.618286679025098
0.2622710622710623,1.297268200328123,-2.47513582466048,0.3337913590816432,0.5029181247412995,-155.01691457150605,22.60754437185478,12.872538672113143
0.2625152625152625,0.6558923771731787,-0.6570941777478968,-0.264472938843065,-0.162633338673032,-154.85775962841416,5.105509989659095,14.404281866865883
0.26275946275946277,-1.2648136108602688,0.05513571963547301,-0.22190497069633547,-0.3094394059267745,-154.69860468532227,18.864067726385485,3.9284930209874975
0.263003663003663,-3.0217131718581967,-0.9833870422723182,0.2457074685016276,0.7957094694011255,-154.53944974223037,20.92157498426523,3.755628470022603
0.26324786324786326,-3.707994378448305,-3.551900659996762,-0.4109431418652416,-1.3410652747180922,-154.38029479913848,12.277421803489432,8.670794618447484
0.2634920634920635,-2.561012038166159,-6.298046843441118,0.06055646261677436,1.713342337820546,-154.2211398560466,17.013196814069847,1.1079488248842968
0.26373626373626374,0.42677694648531184,-8.298484133435661,-0.04684797796361821,-2.042712910364706,-154.0619849129547,14.493173573164336,12.194117222338123
0.263980463980464,4.431629906343711,-8.67183144030129,-0.265903998627764,2.516699347963595,-153.9028299698628,7.935834938319035,4.721133995354341
0.26422466422466423,8.715431430794922,-6.457026078031181,0.41055886324019814,-2.6985030158834644,-153.7436750267709,13.79918084871233,15.763358348717988
0.2644688644688645,11.445217929883745,-2.4719295540128225,-0.9870918500140595,2.524050575109997,-153.584520083679,21.672104336872167,11.622137524046856
0.2647130647130647,12.011882107941046,2.9107457995946104,1.2661361001134495,-2.6689418745989584,-153.4253651405871,26.067283699388984,4.966039237003754
0.26495726495726496,9.503887885636926,7.781315056042267,-1.8424632058827992,2.6221185271211565,-153.2662101974952,7.969224440703989,8.381035400478652
0.2652014652014652,4.985221014597773,10.93925068815608,1.833494458563272,-2.3189688121877627,-153.10705525440332,20.956913176060667,3.457467883077955
0.26544566544566545,0.12047376987965275,11.51904059173822,-1.9595832419431654,2.060807170543744,-152.94790031131143,15.028031840730733,9.021155885529996
0.2656898656898657,-4.540342341382326,9.531181548209666,2.3041203091137956,-1.6538843759438837,-152.78874536821954,20.61441718189672,5.037750406258456
0.26593406593406593,-7.22345771041293,6.1823504447707665,-1.9978020073549483,1.3607300815046315,-152.62959042512765,21.3865930996147,3.467401715238308
0.2661782661782662,-7.997671898205227,2.0501772554297677,1.7008333030527774,-0.8160026021582847,-152.47043548203573,28.904936389782165,9.049478025084813
0.2664224664224664,-6.548775508540258,-1.2831488161311104,-1.5693730317867263,0.6281584973070754,-152.31128053894383,23.257399436665363,6.040798248488031
0.26666666666666666,-3.9618546293978136,-2.848528997788341,1.2474937097835792,-0.1945977359756233,-152.15212559585194,5.633726925538003,6.396823259121869
0.2669108669108669,-1.2889739645409282,-2.6804514560403128,-0.6103798002152474,0.0709673073573345,-151.99297065276005,14.189682300742733,9.743780983302015
0.26715506715506715,-0.12393624431201151,-0.7764523773149032,0.1399970735952375,0.058239412199531375,-151.83381570966816,22.490660697850476,5.835430833631387
0.2673992673992674,-0.5004355736630073,1.1769507624341449,0.263531520511385,0.1001182842889103,-151.67466076657627,16.40517808016058,16.97517607351042
0.26764346764346764,-2.330779411242533,2.101435241163612,-0.8333346295088911,-0.2901926393798643,-151.51550582348438,14.56263674193055,16.993143550836518
0.2678876678876679,-4.577128789055341,1.412889206131504,1.195475103297127,0.36516425004718234,-151.35635088039248,16.1934940639408,9.52180072979363
0.2681318681318681,-6.7451945784832965,-0.9633452769448336,-1.53500991569019,-0.826884490772363,-151.19719593730056,25.024975201161155,15.708987045101555
0.26837606837606837,-6.96522687498443,-4.5490841375450435,1.8126844457603077,1.2316627290773696,-151.03804099420867,28.116223376930357,12.046451545520831
0.2686202686202686,-4.952994576629868,-8.232980425993546,-1.8622064859872653,-1.3306425673350368,-150.87888605111678,9.740674104815566,0.6871604596636469
0.26886446886446885,-1.054029794733837,-10.630995316237225,1.9425907116364387,1.8887115848104947,-150.7197311080249,22.121909882415423,5.48391308412287
0.2691086691086691,3.9773442389059253,-10.887858181867172,-2.0449897241440813,-2.207938023087686,-150.560576164933,12.659776833782455,2.4448142235005355
0.26935286935286934,8.512627880906265,-8.560780448905362,1.8396160234039076,2.556543061592489,-150.4014212218411,13.272760471343348,10.165669742880755
0.2695970695970696,11.604247322254595,-4.2990942041106885,-1.3792646554445613,-2.6313144163710382,-150.2422662787492,15.215481336564995,3.3345889797229202
0.2698412698412698,11.929685749710567,1.0565772169250591,1.0805000357583572,2.8518137310404015,-150.08311133565732,16.45006507507146,11.93811016425775
0.27008547008547007,9.835391323841852,6.155788101775011,-0.7920818909833276,-2.8129753913182025,-149.9239563925654,10.773613796714047,6.638553550134417
0.2703296703296703,5.911891893305295,8.738003726328675,0.4067791409829354,2.5361215946029163,-149.7648014494735,8.198103453059366,3.6385996627025707
0.27057387057387056,1.3407873664031174,9.578635331970048,-0.09488496334333044,-2.3844622398205386,-149.60564650638162,4.108898174604205,9.01809065645902
0.2708180708180708,-2.3259868378977155,7.994396256736727,-0.15892944422642696,2.044901235285939,-149.44649156328973,26.47893337834654,8.404678283924977
0.27106227106227104,-4.552701830373464,4.782656238695089,0.18384634919581008,-1.5026313026789904,-149.28733662019783,21.940312889748444,12.943899580859012
0.2713064713064713,-4.662986561112716,1.9038795502576256,-0.4302412574373565,1.1815287959090388,-149.12818167710594,16.235359271676135,7.6781471797064995
0.27155067155067153,-2.9370231073898405,-0.24882631580078843,0.16292078239972635,-0.48391342031331136,-148.96902673401405,21.730886992578977,4.507373456077937
0.2717948717948718,-0.7693581851932201,-0.3645661636559436,-0.17901052862841224,0.35428988055763266,-148.80987179092213,13.378982027857557,18.61361924627857
0.272039072039072,0.6118621741371414,0.9347384684772375,-0.1860478290502453,0.3639289380303614,-148.65071684783024,16.469074901278503,2.0285676812726003
0.27228327228327226,0.7001082125147604,2.779039828288031,0.6376547146576769,-0.4268991641819647,-148.49156190473835,17.518733315368983,11.375703726542215
0.2725274725274725,-1.1557517851839993,4.818894080372171,-0.9236033189721047,0.8099423239454756,-148.33240696164646,18.93479330010575,7.05413744458698
0.27277167277167275,-4.258579579348608,5.185558489532898,1.2426603456592662,-0.8956272691980804,-148.17325201855456,22.207573165822627,19.06155345359136
0.273015873015873,-7.305125407915827,3.5746628304924877,-1.9426424715803234,0.9112900394815986,-148.01409707546267,22.2450267843189,8.442923806603046
0.27326007326007323,-9.400243704581788,0.07053194811557739,2.291895460421757,-1.1597464364935026,-147.85494213237078,22.38216889354689,9.2655951862564
0.27350427350427353,-9.603985393860851,-4.490766798144637,-2.5742698812007117,0.875503958380733,-147.6957871892789,17.949570918784385,12.978794287229794
0.2737484737484738,-7.145903472334482,-8.876687303556784,2.744176542332636,-0.5586709802425236,-147.53663224618697,19.429593337964107,10.554731104531275
0.273992673992674,-2.8195352127771236,-11.622254998839995,-3.155460792532308,0.24739550420405354,-147.37747730309508,21.152104784395323,15.669923450623289
0.27423687423687426,2.354993211847898,-11.90624259161073,3.1634708449524584,0.05178197143878932,-147.21832236000319,13.62206372919125,12.450676869765545
0.2744810744810745,7.290712662514893,-9.70587330231024,-2.9254818494894335,-0.6523725386883901,-147.0591674169113,21.73924724468164,12.76228314108615
0.27472527472527475,10.19518342781585,-5.61592445399558,2.7741820075835366,0.8535105674545037,-146.9000124738194,16.93340555557176,3.1385837977551487
0.274969474969475,10.670162900255873,-0.5105869413953243,-2.4790979142293743,-0.9492484790621664,-146.7408575307275,8.755963253024317,6.262861580166589
0.27521367521367524,9.000261060058847,3.611573856744091,2.123185112711719,1.2140652823544162,-146.58170258763562,25.77673691404852,4.581515804231499
0.2754578754578755,5.652701799446489,6.140134486906199,-1.813078659040974,-1.221829016135122,-146.42254764454373,25.05943761335149,15.876366172527499
0.2757020757020757,1.856130696629513,6.302791167307583,1.241508269975086,1.1024575341682195,-146.2633927014518,7.849865760738778,25.277693408392828
0.27594627594627597,-0.7390095233901559,4.803421996996167,-1.0048552702181037,-0.9077329069239493,-146.10423775835991,24.380308588696373,4.000303754924652
0.2761904761904762,-1.4399725205295015,2.5629861192056405,0.4452012438810028,0.6332015208624036,-145.94508281526802,12.001322929910211,9.335770859700736
0.27643467643467645,-0.955054139031493,0.5342965392412028,-0.0851791014149911,-0.3300349512853548,-145.78592787217613,25.11418763083456,10.069604644130411
0.2766788766788767,1.1288542516184235,-0.0724206406960584,-0.23092851037651602,-0.02847867990116265,-145.62677292908424,8.284149244976847,6.304332261033979
0.27692307692307694,2.981062689021875,0.9968195905689416,0.08617315705134024,0.8036464781830394,-145.46761798599235,7.708373279184233,4.225976201937308
0.2771672771672772,3.4982559932984008,3.3581208182556392,-0.10220443020586661,-1.2513608101055282,-145.30846304290046,12.850828757140315,5.816216753418963
0.2774114774114774,2.2333202770684553,6.261177156522757,0.1632766869300806,1.395456966450671,-145.14930809980856,10.295898844368882,3.6643233287154047
0.27765567765567767,-0.6110282683785679,8.103123300569607,-0.008503411862455415,-1.9361435857057474,-144.99015315671664,20.895895186233176,6.475375748508752
0.2778998778998779,-4.937812871079144,8.041599583110887,-0.25617103001277075,2.3471988165809337,-144.83099821362475,12.612247970701706,6.416096629531727
0.27814407814407816,-8.992793742375643,6.029676886160436,0.8733704667335216,-2.523523635898749,-144.67184327053286,24.60366194786879,4.237162210578912
0.2783882783882784,-11.468408349176473,1.727447733865296,-1.102451778494888,2.720146744395204,-144.51268832744097,3.90314631082476,7.128485155458394
0.27863247863247864,-11.362807672385543,-3.438260420808867,1.3064727540116725,-2.6433311837216134,-144.35353338434908,10.333135608162756,4.631591011442006
0.2788766788766789,-8.845508282918775,-8.263864720679903,-1.708968527519328,2.4232307816175305,-144.1943784412572,20.396072914714512,19.371876859701814
0.27912087912087913,-4.538474913549839,-10.873212045372853,1.8687742057406467,-2.4193905787947316,-144.0352234981653,16.572125271189584,8.400959529435676
0.27936507936507937,0.43680901497834623,-11.552837869874125,-2.0366398692808385,1.9687826880288974,-143.8760685550734,14.486592973462757,12.562281510856918
0.2796092796092796,5.126809760300989,-9.519106942006923,2.254261772712185,-1.5861306875780579,-143.71691361198148,23.86845545187416,5.936169300148085
0.27985347985347986,7.751717258573852,-5.715227125071149,-1.8314081271300668,1.3375906443906456,-143.5577586688896,22.72477693755919,7.677214205068072
0.2800976800976801,8.184080183208824,-1.519732405339614,1.8463814340766465,-0.9074054832002725,-143.3986037257977,13.744127574153389,8.13264346598961
0.28034188034188035,6.604284012925971,1.7821122736807296,-1.6180757838479911,0.5963257957585548,-143.2394487827058,8.729192912096133,7.676834830518905
0.2805860805860806,3.763135887693956,3.1300087029024244,1.3864524319969074,-0.2569835481946119,-143.08029383961392,20.585620208180597,7.75490243826379
0.28083028083028083,1.436283058784315,2.71131782687278,-0.8037221866921134,0.034662434232240476,-142.92113889652202,10.237111052932601,13.953825887042267
0.2810744810744811,0.25246420934710206,1.1681510053097108,0.3989909663275151,-0.07355650109512286,-142.76198395343013,11.509148496818947,4.66248086010176
0.2813186813186813,0.33731602482419143,-0.6976813278746796,-0.012425238709682929,0.09902300382895363,-142.60282901033824,17.27955766329062,0.8541918773936658
0.28156288156288156,2.077747856520779,-1.7321417025746308,-0.37751854241716776,-0.24986313885754058,-142.44367406724632,16.180501867945207,3.0984383800014896
0.2818070818070818,4.6317487122502525,-1.1619938231571412,1.0219065444532194,0.4073303918374414,-142.28451912415443,13.446379007006302,7.023905965182391
0.28205128205128205,6.341463434542639,1.3479338311856315,-1.3583763879601503,-0.5957001242419003,-142.12536418106254,16.186716854986297,2.339757681449263
0.2822954822954823,6.34771993529006,4.682584509938198,1.599239583643938,1.1965699497872397,-141.96620923797065,38.998047721765516,7.537381595540377
0.28253968253968254,4.386101640279967,8.135897444690341,-1.7761537096726763,-1.4657814403637648,-141.80705429487875,20.188983161761822,11.542030670812235
0.2827838827838828,0.5133846657809026,10.470358667567641,1.8253918316141255,1.91819971789953,-141.64789935178686,3.428465861954494,3.0075717846923054
0.283028083028083,-4.564514547553434,10.429686125027507,-1.693524454330074,-2.287727117874175,-141.48874440869497,12.663613746170828,5.878657467775058
0.28327228327228327,-8.609821141975823,7.892352823461531,1.6228241776195886,2.448628852570376,-141.32958946560305,10.215004715054853,8.242093100685937
0.2835164835164835,-11.53354721163333,3.471728549356897,-1.3331480248488181,-2.682936012514442,-141.17043452251116,22.039106824242918,3.8819633560965054
0.28376068376068375,-11.950503278177866,-1.571205256459542,0.9703540162335264,2.8577681555700103,-141.01127957941927,19.922484284783312,14.487114353254979
0.284004884004884,-9.38857814373249,-6.48835127135661,-0.5889436714176882,-2.8127307834452333,-140.85212463632737,10.635975542499335,12.030257770220524
0.28424908424908424,-5.558272825729237,-9.343416578501074,0.21651477890909915,2.6677286110542737,-140.69296969323548,6.593267328275781,9.441153515998062
0.2844932844932845,-0.8990774366479726,-9.566294468182248,0.03378745346005298,-2.3561484451672374,-140.5338147501436,17.97435209852309,12.776572426703146
0.2847374847374847,2.747752629216119,-7.793296203635151,-0.1347820015635321,2.0178485608650716,-140.3746598070517,13.40505654097171,9.63339148094458
0.28498168498168497,4.783052270574922,-4.79227551437037,0.182900213736812,-1.9166078701396785,-140.2155048639598,21.77388072506818,6.834852315473704
0.2852258852258852,4.7536804594487485,-1.6547248366807041,-0.4298689050690857,1.1987580013068093,-140.0563499208679,10.895227323289014,4.3628776800807625
0.28547008547008546,3.219825135734747,0.2651407473613068,0.19348383172226974,-0.937190510632579,-139.897194977776,15.309030038078994,2.3150827020911002
0.2857142857142857,1.0955433374940562,0.7342179388248424,-0.02967938154688568,0.32443542390796,-139.7380400346841,7.206405918872864,5.80585485005442
0.28595848595848594,-0.4738988424918071,-0.7268000314123398,-0.053652414378283525,0.07984976865567134,-139.5788850915922,8.124456069960308,8.308192420373949
0.2862026862026862,-0.38500228495387184,-2.74881407388556,0.42007086505140784,-0.4950805203097717,-139.41973014850032,29.332321473470525,3.278871603846642
0.28644688644688643,1.3641700042480465,-4.2506717128539835,-0.964004506310324,0.6685681419766069,-139.26057520540843,7.380125945929045,16.739770378491624
0.28669108669108667,4.240963904996404,-4.623559839909176,1.370603792017941,-0.8379784730330953,-139.10142026231654,22.461192938515534,2.7168831736549954
0.2869352869352869,7.159165076750571,-3.0003080333132277,-1.7169603280336534,0.9198623710408853,-138.94226531922465,10.186167283466526,8.747437384987785
0.28717948717948716,9.506858655439151,0.5373110131625202,2.2085931929560227,-0.8254185223439066,-138.78311037613273,16.88887028260033,9.352505041913792
0.2874236874236874,8.89851294957278,4.847698842496035,-2.519956412676755,0.5958269387849848,-138.62395543304083,14.021017600530456,14.749350024379472
0.28766788766788765,6.689671512064972,9.10103341496579,2.760939487919456,-0.5740479429915357,-138.46480048994894,18.763255622434745,5.537898863502212
0.2879120879120879,2.2875790765419737,11.441075022742494,-3.0162290113233294,0.09486821728529896,-138.30564554685705,19.2884020264347,7.93505686751235
0.28815628815628813,-2.9174529511703917,11.593950986706316,3.1550036995286304,0.19222707982697873,-138.14649060376516,21.781953425790842,8.718417416770835
0.2884004884004884,-7.7513381279600795,9.378963503198374,-2.7076353788527405,-0.4976828118573543,-137.98733566067327,23.207128301466547,6.3803461293457095
0.2886446886446886,-10.342450431123543,4.9220666007332285,2.8116633852099815,0.7298594014062131,-137.82818071758138,10.559247595651948,13.845046346981652
0.28888888888888886,-10.732634025977076,-0.0400153737968493,-2.54631986393573,-0.9796422627812819,-137.66902577448948,16.30931850082944,5.104248902312228
0.2891330891330891,-9.063746430446395,-4.111139199900065,2.2161806744059427,1.3856249123157274,-137.50987083139756,8.718541384775072,8.021368420491472
0.2893772893772894,-5.277027276907621,-6.617160243657318,-1.7969754443018255,-0.9855593521373087,-137.35071588830567,9.713569078847575,5.8568923442454395
0.28962148962148965,-1.7372938006819674,-6.583351292123113,1.463703097347934,1.1011647236908302,-137.19156094521378,26.907639312333163,8.221234512201173
0.2898656898656899,1.140434093128068,-4.873418230763116,-0.8774652250540964,-1.0681366283096243,-137.0324060021219,14.15582203725353,10.540018461771801
0.29010989010989013,2.0452218366261796,-2.8280132103900106,0.3512352965381308,0.8274421160875121,-136.87325105903,27.91598599623027,24.235469755907666
0.2903540903540904,1.0227699425001067,-0.5292614053404421,-0.10599639294585468,-0.14186132821382513,-136.7140961159381,20.15674741057906,6.242962214753297
0.2905982905982906,-0.5663712428869013,0.08164816860524332,-0.03351670934944266,-0.053742972195758035,-136.5549411728462,20.278257474029726,4.400943364725431
0.29084249084249086,-2.175222994219241,-0.9030364479947058,0.10742774043385776,0.5868089107566099,-136.39578622975432,19.744345309126402,18.018645376347123
0.2910866910866911,-2.773512740718405,-3.3436102436509714,-0.08661575962685325,-1.20341035706053,-136.2366312866624,25.513740487772157,11.75284726688738
0.29133089133089135,-1.9259958566171422,-5.785605796725672,0.04684030782865441,1.401239945482192,-136.0774763435705,4.336180567881161,3.5084233667342297
0.2915750915750916,1.0659886032358987,-7.68161219135584,-0.04190113089750598,-1.8346236560889404,-135.91832140047862,22.544967302254733,11.3957289017446
0.29181929181929184,4.984069586641311,-7.586096857200979,-0.21714150027562995,2.1815176929907603,-135.75916645738673,21.377296825188804,9.566903526593942
0.2920634920634921,8.723305255151715,-5.2970992392343526,0.7466941559948038,-2.455951887770005,-135.60001151429483,15.250165214637006,4.526571041970763
0.2923076923076923,11.0697937592253,-1.088297325317516,-0.8399138990948388,2.375824365000046,-135.44085657120294,5.509609872587311,14.81790523371569
0.29255189255189257,10.960994401883777,3.8237851435812247,1.180913961147389,-2.499148598886336,-135.28170162811105,12.95466814853529,0.7566115687737464
0.2927960927960928,8.63096084571891,8.505168582427656,-1.6550054194972876,2.4666691257988043,-135.12254668501916,12.989141147715175,7.699453932411651
0.29304029304029305,4.014629849318964,10.937912977330637,1.9225461116751386,-2.1332487783118013,-134.96339174192724,12.275212283596746,4.850091395054824
0.2932844932844933,-1.3059035958400842,11.390944567422977,-2.0737454122202506,1.8734093219519958,-134.80423679883535,13.719550224369497,2.5061494900927195
0.29352869352869354,-5.417655273636365,9.177204675324829,2.125717038132801,-1.6892422438062906,-134.64508185574346,13.40752011995403,3.6635266225919203
0.2937728937728938,-8.120548882689352,5.527374378913438,-2.1803288456157346,1.0684940574312358,-134.48592691265156,19.70140393478392,5.774381201325802
0.294017094017094,-8.286341413214465,1.28376440542674,1.924759128033528,-0.8147740202693448,-134.32677196955967,16.809153919027562,12.204513814221357
0.29426129426129427,-6.528866342069073,-1.9951631981988305,-1.8418806693212408,0.6272999106386256,-134.16761702646778,30.33886981703182,15.398320135023907
0.2945054945054945,-3.994835814579233,-3.443156475913541,1.1565400001737054,-0.2128181155730155,-134.0084620833759,13.727986691663599,4.767437654959515
0.29474969474969476,-1.2934764765211673,-3.0835580477166333,-0.7667574527874677,0.2941643771273932,-133.84930714028397,5.508738513904097,6.793169458566251
0.294993894993895,0.016506940060911274,-1.2565395495384826,0.22125647464731393,0.1307246494465401,-133.69015219719208,16.476357198784097,16.737085586935944
0.29523809523809524,-0.3674179236497912,0.47709101857929836,0.08269100591978154,-0.16052595497091152,-133.53099725410019,24.022450808878652,4.722341609672501
0.2954822954822955,-1.9839423745928901,1.5519455554586488,-0.5291403471355286,-0.02350101935759652,-133.3718423110083,19.42072905848971,10.46144936168351
0.29572649572649573,-4.107272825942627,0.7421413490515774,1.0975492585253048,0.2910551498978344,-133.2126873679164,11.370656724975104,14.632974094022345
0.295970695970696,-5.790779100564229,-1.5029919821289768,-1.3492634573193214,-0.7556620942510077,-133.0535324248245,8.627473213358737,15.910014873344176
0.2962148962148962,-5.894433207245786,-4.920074013339499,1.6172660604096032,0.9710558361194348,-132.89437748173262,5.707800071242253,4.8606755228667495
0.29645909645909646,-4.015743975123472,-8.092732353207529,-1.8218318605832005,-1.4941339965078315,-132.73522253864073,10.398633788329056,5.660942970122011
0.2967032967032967,-0.05629194725960351,-10.089944334330681,1.7553263414190199,1.8196635806687562,-132.5760675955488,24.448612425604395,11.35777238672664
0.29694749694749695,4.562690382125986,-9.946874117164612,-1.6339073425851505,-2.2705239536166295,-132.41691265245692,5.630314169119285,4.24045482169697
0.2971916971916972,9.028462639337015,-7.364089839711802,1.4601119287560012,2.6718892834696604,-132.25775770936502,3.1914008736044757,6.7014912424365445
0.29743589743589743,11.586201728010325,-2.937049293844253,-1.1944185137853038,-2.630471862635531,-132.09860276627313,15.313702687385774,6.275359779719354
0.2976800976800977,11.489438373969211,2.0888512090375158,0.8892964789388103,2.889309877607421,-131.93944782318124,23.759167416245816,16.283805669004675
0.2979242979242979,9.11316513525538,6.781041373507612,-0.7936071493468442,-2.8405873773154258,-131.78029288008935,25.339414683190896,17.443880692378897
0.29816849816849816,5.203400595212964,9.375098399868254,0.24404548907979456,2.621439714098325,-131.62113793699746,27.962173386459472,4.349265442974753
0.2984126984126984,0.5039148074816286,9.622101204686373,0.05800182074200387,-2.4600165533245284,-131.46198299390556,18.64623369650057,4.722076387302771
0.29865689865689865,-3.3294140253910007,7.726185861492569,-0.17833630121409344,2.0903830848727405,-131.30282805081364,12.99070826677544,4.547389823051657
0.2989010989010989,-5.177222093413177,4.658987742565325,0.39437541668017106,-1.677096680249778,-131.14367310772175,10.741117540186737,10.139114689832159
0.29914529914529914,-5.010306528102086,1.6605563932774319,-0.31045589033307663,1.2327992593631136,-130.98451816462986,20.916879700565314,5.861585960328163
0.2993894993894994,-3.723998372098949,-0.5348964284902191,0.35402523797565905,-0.5836031789702364,-130.82536322153797,14.25446433753132,5.600369249993167
0.2996336996336996,-1.181290664377384,-0.9626679690791138,-0.2865711541423479,0.3139732706443734,-130.66620827844608,12.655449733489109,7.564380147548912
0.29987789987789987,0.17788454637635248,0.2799448649188346,0.047181000230497816,0.18584346825547027,-130.5070533353542,19.49191741695995,22.9468914545095
0.3001221001221001,0.2008855795146739,2.312592076150513,0.3862951767255592,-0.5435777590587988,-130.3478983922623,20.871804192128998,4.9446398282888735
0.30036630036630035,-1.5200586597701926,4.007990177233286,-0.7837019642919577,0.7282718905655629,-130.1887434491704,15.187377992904068,2.5227431997152245
0.3006105006105006,-4.198723678472485,4.172451167477207,1.2151233982083802,-0.710342355083033,-130.02958850607848,21.711220189048433,3.445092964715324
0.30085470085470084,-7.147026325497142,2.4947046121156755,-1.8427557249614575,0.8840907482056252,-129.8704335629866,20.49178513960874,4.143144265554276
0.3010989010989011,-8.803109333305828,-0.8982239762717396,2.104177974057816,-0.557417522328307,-129.7112786198947,17.813382839537315,18.04913876669296
0.3013431013431013,-8.55204209996754,-5.236378262360561,-2.318409241394687,0.6093826706656178,-129.5521236768028,16.326333112493135,9.929359334788906
0.30158730158730157,-6.168137884852051,-9.057766639457288,2.79205987328732,-0.5806881025180911,-129.39296873371092,18.629922363635533,14.95802168660785
0.3018315018315018,-1.6744099067558627,-11.342670380822067,-2.8907418500808237,0.088364963970299,-129.23381379061902,21.652068715558098,8.375578964090177
0.30207570207570206,3.436721000283177,-11.330263403510045,3.0320988264400444,0.3159212702485442,-129.07465884752713,15.303449568407771,9.733224389584802
0.3023199023199023,7.78318823971879,-8.745273168921482,-3.114495466147776,-0.5932801695635554,-128.91550390443524,10.870541574901575,6.291705168962203
0.30256410256410254,10.623545459346039,-4.173972494127574,2.7609556859645115,0.8707668096904564,-128.75634896134332,8.594890384733066,4.578452831413544
0.3028083028083028,10.735945796691238,0.6180403922540324,-2.473024337926176,-1.1821085654871173,-128.59719401825143,11.868196124583228,3.4423490477959984
0.30305250305250303,8.679265236239882,4.50027228427001,2.1131121164599986,1.0016991693823118,-128.43803907515954,14.512594616831851,1.9802093528675087
0.3032967032967033,5.016835109364126,6.798519247941294,-1.6019579459160307,-1.1907334025319476,-128.27888413206765,9.151876590042637,4.941046702496321
0.3035409035409035,1.3068757274293812,6.969118492330602,1.231959446328854,1.0857914749655977,-128.11972918897575,7.533688736152882,13.24342144547012
0.30378510378510376,-1.4708541605087002,5.329116499862596,-1.0622260271275685,-1.0228396412691985,-127.96057424588386,7.082415533458831,5.293480766021756
0.304029304029304,-2.229012173443449,2.868050009788881,0.27916701206645544,0.6195422365431176,-127.80141930279196,18.827988302056987,9.855701407476213
0.30427350427350425,-1.5226461428383873,0.5831161195779806,-0.1838202651797499,-0.49367110311519236,-127.64226435970006,14.67921487672663,11.873887746951441
0.3045177045177045,0.25975579184498115,-0.08259344994144584,0.0607536165027755,-0.19486023973293373,-127.48310941660817,17.323582131231948,6.4016337882578735
0.3047619047619048,2.0417348418717594,0.988655715699056,0.18860412624215597,0.5750832632497584,-127.32395447351627,17.366677270576748,7.327191419061727
0.30500610500610503,2.4286290929673426,3.2018705599217925,-0.24454484455831202,-1.111926174277438,-127.16479953042438,17.832920268576807,4.549637364045624
0.3052503052503053,1.3107806524555754,5.800830180662852,0.10592473596978685,1.4479602109305594,-127.00564458733248,21.101202661893428,11.815571600476828
0.3054945054945055,-1.4975055853830623,7.315562798819103,0.03309530355565096,-1.66430885975297,-126.84648964424059,22.06413690525453,7.909578305358946
0.30573870573870576,-5.419452103483023,7.034614251428215,-0.12979937911556713,2.1709451901591548,-126.68733470114869,16.63709300708969,5.5125888152485585
0.305982905982906,-8.916490107798554,4.7082621296718425,0.5624684971583203,-2.4501418150572087,-126.5281797580568,18.35018151936322,13.368041709647565
0.30622710622710625,-10.921025099524451,0.5345975511888451,-0.9595173972416978,2.4168117747276896,-126.3690248149649,15.21093961961727,7.32687173387156
0.3064713064713065,-10.52960722214485,-4.3309074449480995,1.4985673978680432,-2.4558985643717732,-126.20986987187301,21.05003658904385,5.377809959154653
0.30671550671550674,-7.873779294968558,-8.771090281049227,-1.6285223168456686,2.2429428541351286,-126.0507149287811,21.99810184074877,9.286000280042556
0.306959706959707,-3.40205229696887,-11.333134860010402,1.9575548747121823,-2.289068137870495,-125.89155998568921,10.46258410017426,7.159843388973472
0.3072039072039072,1.568272276709687,-11.380075320873672,-2.1439922391122987,1.839964764028293,-125.73240504259732,21.004583051141562,8.336374648707213
0.30744810744810747,5.952766206849962,-8.917576086536377,2.2219286207518745,-1.629798790619371,-125.57325009950543,0.48593908833450195,4.861372530973212
0.3076923076923077,8.49230332300967,-4.861789196787573,-1.9414700458552114,1.090308761418425,-125.41409515641352,24.623215866153448,12.26049484867494
0.30793650793650795,8.377787686743995,-0.9209138774177695,2.0090163130582646,-0.8995050690018164,-125.25494021332163,14.394122911604091,12.339343932201109
0.3081807081807082,6.679700392905137,2.225719718375775,-1.729918445534484,0.28382016332227167,-125.09578527022974,25.331077975865966,1.1909403045423514
0.30842490842490844,3.8248198633952857,3.7726475280982563,1.5321392601944543,-0.24325546358054523,-124.93663032713785,23.227026483254246,11.089710569794125
0.3086691086691087,1.0995578962746757,3.3323007575184964,-0.9991103929874392,0.1488868642876913,-124.77747538404594,27.163363379475268,8.410168402176538
0.3089133089133089,-0.039055970675441226,1.8026904675860818,0.4605717832273333,0.021384839374441154,-124.61832044095405,18.780655941592652,5.143283335198594
0.30915750915750917,0.06675238245951726,-0.19186513225750862,0.05152569224071445,-0.10480091173587441,-124.45916549786216,12.851512144694423,5.6557550387040525
0.3094017094017094,1.790702861503352,-1.1226200327273153,-0.27751224685034104,-0.13040150705067094,-124.30001055477027,16.86799109298777,17.886556521719353
0.30964590964590966,3.9815127420408674,-0.7467556891733577,0.9366915181192766,0.5372884617625113,-124.14085561167836,14.523140778637021,1.786147158769258
0.3098901098901099,5.4667202365891345,1.507451662268259,-1.2182467461208322,-0.5918519330274408,-123.98170066858647,9.258088520890688,5.461086369870173
0.31013431013431014,5.315673582216634,4.799695255528915,1.6254221748118163,0.9987890578114789,-123.82254572549458,21.771612460191083,14.755772277007882
0.3103785103785104,3.2756503036961697,8.016241920527545,-1.6293098789764473,-1.3098236867011168,-123.66339078240269,11.984510741033082,2.325352065808622
0.31062271062271063,-0.5939713163090422,9.724291674187274,1.6468618305121099,1.7676580853722847,-123.50423583931078,19.29588164573503,1.9572307426968858
0.3108669108669109,-5.083546339608448,9.597959759304958,-1.594913026927,-2.235966831064296,-123.34508089621889,17.63567578768548,9.572467946045323
0.3111111111111111,-9.18241241037166,6.775880906200949,1.484162295847794,2.3522923341203397,-123.185925953127,24.557536619199116,4.773028270033892
0.31135531135531136,-11.587234442072893,2.33330541280732,-1.192468822326902,-2.7303172104028257,-123.0267710100351,17.213586053569962,4.613035120370066
0.3115995115995116,-11.136154647959618,-2.9184800332223575,1.0952505557094983,2.8291382767672935,-122.8676160669432,14.538711711765542,5.105656921795772
0.31184371184371185,-8.677319890709697,-7.187911935959261,-0.7233205096818036,-2.8424922275333575,-122.70846112385131,19.808539407988206,5.821722500011809
0.3120879120879121,-4.569774156311995,-9.679410901516714,0.4082778590038999,2.798720160636294,-122.54930618075942,16.212746793250613,4.786111708367663
0.31233211233211233,0.08050163714730796,-9.789632109273063,0.042798296664252465,-2.539154027000955,-122.39015123766752,14.727779098409787,19.610866155389346
0.3125763125763126,3.6138331528511083,-7.761912505837254,-0.19063846049083316,2.116035104606039,-122.23099629457562,11.787768762142445,5.194819927040864
0.3128205128205128,5.6569476168344055,-4.5059536567839205,0.4244625034163038,-1.630215719954945,-122.07184135148373,21.41264187816208,8.232960635036637
0.31306471306471306,5.2652715504368,-1.3428043857888339,-0.5149597821405532,1.4464593992368793,-121.91268640839183,15.27228220410946,8.762908866139162
0.3133089133089133,3.4879569212930384,0.6824511448124938,0.3616651474312993,-0.8105532924836077,-121.75353146529994,7.0598285516908845,5.859591930505733
0.31355311355311355,1.505561731391293,1.1133391453881873,-0.30220612670358393,0.3514955154765027,-121.59437652220804,22.482307521130068,12.17249658589346
0.3137973137973138,-0.016830000477018884,-0.20273721199873274,0.13359726474213204,-0.021874656337838222,-121.43522157911615,10.14619472649985,10.823235406936314
0.31404151404151404,-0.0842546765376243,-2.04025516214413,0.3178045750441094,-0.28647333048531964,-121.27606663602425,20.710802649791642,7.7492048110431675
0.3142857142857143,1.5086552350089995,-3.617776096936112,-0.5624486603437657,0.5286074575854727,-121.11691169293236,26.41233812950324,12.371170256807364
0.3145299145299145,3.9135896235318968,-3.7941398279912004,1.2400225552894215,-0.7829414460805593,-120.95775674984046,5.7108388509270185,7.479628817625305
0.31477411477411477,6.8108594056983645,-2.0720849419491136,-1.5898509191992936,0.664393218886995,-120.79860180674856,15.253579243561962,1.343231604623628
0.315018315018315,8.524839701152276,1.1662397525330532,2.080125698856854,-0.898729580209215,-120.63944686365667,15.74598913336795,13.393029527477333
0.31526251526251525,8.260702123146258,5.45352843379139,-2.4087838398429384,0.5915721367255576,-120.48029192056477,9.175250714169541,13.082649458248527
0.3155067155067155,5.508132055027841,9.251702745954526,2.4444068261418743,-0.4246777922765045,-120.32113697747288,22.56237464528936,12.801929963604373
0.31575091575091574,1.2256996354055252,11.341845266587704,-2.8789299015800545,0.025641408507605865,-120.16198203438098,22.023695242244823,16.27867731423036
0.315995115995116,-3.8347822094270128,10.920361076839686,2.851821101776601,0.3764133472129018,-120.00282709128909,21.83823035567054,3.826805544279285
0.3162393162393162,-8.142241988815826,8.239036058463245,-2.791091493024965,-0.6699975427663454,-119.84367214819719,24.01127264019155,15.693696807722826
0.31648351648351647,-10.485129575816158,3.8803562739401225,2.6857660634202865,0.8594428606015301,-119.6845172051053,8.166882521510344,7.158151585337361
0.3167277167277167,-10.635732253500016,-0.9631601266881312,-2.3729374696753247,-1.0966453722754568,-119.5253622620134,19.38869022133331,8.424900513819331
0.31697191697191696,-8.29835315436936,-4.984601992698846,2.122542236539455,1.3864503114761613,-119.36620731892151,20.5239750783807,3.717047550237619
0.3172161172161172,-4.821898806162004,-7.272266931014233,-1.7682688068274797,-1.153237796763557,-119.2070523758296,34.040259281597955,7.517927836163273
0.31746031746031744,-1.0391544173363965,-7.105286163384652,1.2967124635832068,1.132324487082692,-119.04789743273771,17.922721460476875,10.62007695519658
0.3177045177045177,1.7223706837519295,-5.263999344474072,-1.0552965189564638,-1.1576080232817112,-118.88874248964582,24.38140443376072,4.581141882502627
0.31794871794871793,2.6178721388409487,-2.965877605355975,0.5096470234904902,0.7539638298431957,-118.72958754655393,12.164188136086633,14.69595007213114
0.3181929181929182,1.6866620749055654,-0.5844698138590151,-0.36871122656113176,-0.46930084400979255,-118.57043260346202,22.206760349722053,14.155449728274379
0.3184371184371184,-0.1729296641064336,0.10818895112999723,-0.19491485676161943,0.058940993710902945,-118.41127766037013,21.932115925883632,15.221637123693743
0.31868131868131866,-1.6502423623305227,-0.8125263211447152,0.0017395915529774264,0.5454040442015691,-118.25212271727824,21.644882234519333,10.18114502351342
0.3189255189255189,-2.264441309746255,-2.9863723279594345,-0.11330148297624629,-0.9467425485395802,-118.09296777418635,22.405748239581047,12.912526451282405
0.31916971916971915,-1.1579634382715907,-5.472801584084908,0.15414030010629082,1.4268457604285179,-117.93381283109444,16.224341967045767,11.700051916906428
0.3194139194139194,1.7263247993324857,-6.8254923451367375,0.11625489094598665,-1.9418272994070294,-117.77465788800255,16.99414098825068,13.15756838481723
0.31965811965811963,5.513439476954631,-6.686060866940327,-0.5152083100370863,2.086116164797942,-117.61550294491066,14.247926039383536,5.837990300399374
0.3199023199023199,8.878947798891083,-4.326590224108005,0.7907228205304032,-2.1852472309494053,-117.45634800181877,14.358416953213334,6.309316765477951
0.3201465201465201,10.585401044692098,-0.06750827360173355,-0.9366881757010737,2.354233450789089,-117.29719305872686,12.234155673802409,4.817806173166772
0.32039072039072036,10.231387511424947,4.798238405075438,1.2315528691066064,-2.3369932204856934,-117.13803811563497,4.025983597902486,7.509309889770384
0.32063492063492066,7.3680453118731375,9.146301607648542,-1.7572597183932128,2.20449682435345,-116.97888317254308,12.79604035762035,7.833134349181993
0.3208791208791209,2.6616805624928697,11.167667918799678,1.868365806441915,-2.1290475695581477,-116.81972822945119,22.543035011912572,8.361684070458379
0.32112332112332115,-2.046906700450133,11.04466159428577,-2.116370838947575,1.9137701357355628,-116.66057328635928,19.219393477966875,3.237491727167487
0.3213675213675214,-6.468927522265729,8.57417337267947,2.062847289279833,-1.4057035586615494,-116.50141834326739,16.858470134032434,17.691649731871326
0.32161172161172163,-8.50469043204191,4.5281451111484685,-2.164366298884209,1.2430613888762574,-116.3422634001755,16.888105938900512,11.993548588020792
0.3218559218559219,-8.466675415719214,0.5183480390808295,1.8282063982839445,-0.9245441164838164,-116.1831084570836,19.9071609157744,5.156421955985616
0.3221001221001221,-6.734100467616488,-2.6338154636724243,-1.8897497134776706,0.5551187649353695,-116.0239535139917,18.829026309658683,5.286153933751525
0.32234432234432236,-3.9833155318239966,-4.161577392412302,1.3117361323784749,-0.3391170216464292,-115.86479857089981,9.472694793045855,2.996583497858599
0.3225885225885226,-1.1143496929587704,-3.7282201271984388,-0.936734743041164,0.11972277642812688,-115.70564362780792,19.2278951498445,4.66343619535251
0.32283272283272285,0.31053081277216044,-1.9750526159342547,0.545452404747186,0.03278461256262956,-115.54648868471602,20.986776330320676,3.0694329077041624
0.3230769230769231,0.17805751433537653,-0.13002699304118007,0.06410209784970142,-0.13699771533013205,-115.38733374162412,12.506918283095901,12.645750058643136
0.32332112332112334,-1.6939720836631007,0.6846159665152507,-0.4530104272612959,-0.04153635312973546,-115.22817879853223,19.770846871661064,8.157070794114931
0.3235653235653236,-3.7092669497626143,0.35311708490635063,0.7159600293178827,0.39900224796466877,-115.06902385544034,21.161438871304956,15.362860835298351
0.3238095238095238,-5.1875767120399985,-1.840228979655255,-1.328265184477044,-0.6421988063238286,-114.90986891234844,25.426659832280194,8.653614616783688
0.32405372405372407,-4.905174987436262,-5.01642004773158,1.5044247645927302,0.9469127035408323,-114.75071396925654,14.872248382422747,3.279330914474199
0.3242979242979243,-2.9658402845797744,-8.027856873636326,-1.5817690376292999,-1.317923460819932,-114.59155902616465,6.146207238486518,9.646157442692642
0.32454212454212455,0.9811886849515647,-9.5067216344326,1.5212025106089717,1.4895568875003677,-114.43240408307275,34.17971670683122,11.52112270734104
0.3247863247863248,5.432188602713003,-8.924470577820836,-1.5814855832041534,-2.1397481825260023,-114.27324913998086,11.780451686736876,4.064114957396817
0.32503052503052504,9.282413856237802,-6.096027097992989,1.3345342786115113,2.4895318256538492,-114.11409419688896,14.11268498587383,7.238190269066072
0.3252747252747253,11.300060416210448,-1.5967552876743603,-0.9950717728225981,-2.690439500395045,-113.95493925379706,17.92184280595069,13.719600177056472
0.32551892551892553,10.98388538626199,3.403741044111253,1.000310167902399,2.687488610987419,-113.79578431070517,23.536247459481917,9.928067230586606
0.32576312576312577,8.260812589983422,7.634471418501286,-0.45211172984020853,-2.693393338651356,-113.63662936761328,8.901513523851797,12.921850415879268
0.326007326007326,4.0548871182626405,9.953850941129048,0.3641935168832225,2.699594630682318,-113.47747442452138,10.72198618129449,4.564232054625278
0.32625152625152626,-0.47149483102708695,9.861548774120848,-0.021783913052497564,-2.3634482224344793,-113.31831948142948,21.315662546550605,8.794845214597196
0.3264957264957265,-3.886916763542062,7.687039043525084,-0.18649633548021327,2.097769418575703,-113.15916453833759,13.0495890130232,9.566798352172414
0.32673992673992674,-5.878373008244828,4.267383098352319,0.52620004263464,-1.8617201954637566,-113.00000959524569,13.40449388245566,4.959228626876552
0.326984126984127,-5.6727580156784745,1.09346626626366,-0.5647359876197394,1.3088306525324371,-112.8408546521538,27.25084377078293,3.3306999959197494
0.32722832722832723,-3.7260170627509197,-1.0528259894594907,0.5440805361053002,-0.8669587323020892,-112.6816997090619,25.76022282449469,3.8404581988762887
0.3274725274725275,-1.5777156489135649,-1.4984794258680738,-0.24692866677716097,0.4500932186007463,-112.52254476597001,27.421854148308594,13.241259137414312
0.3277167277167277,-0.03619766199239002,-0.3640320385583745,0.059063225510231555,-0.08316841703252187,-112.3633898228781,17.238802791394175,5.127061604706499
0.32796092796092796,0.055655912982811064,1.7238345495023075,0.30799393778060485,-0.11017592923842001,-112.20423487978621,26.78086521833731,13.293059207977084
0.3282051282051282,-1.621441387041532,3.2095047272148207,-0.6828940512849916,0.611808803299241,-112.04507993669432,18.47547472960934,2.5111075823212796
0.32844932844932845,-4.265453046067269,3.3632949777795367,1.234978044038288,-0.8307154055785372,-111.88592499360243,15.791192845693526,5.315127455095322
0.3286935286935287,-6.734429781881958,1.7460557891388497,-1.502335604926016,0.7556052629585616,-111.72677005051052,8.007951695481173,1.3062596862153042
0.32893772893772893,-8.180558825617817,-1.6301059946038021,1.8849217258354467,-0.7455575924322371,-111.56761510741863,1.6235368826994117,15.63925608855846
0.3291819291819292,-7.501815531153444,-5.731408367568385,-2.3747343924652204,0.39739001768275795,-111.40846016432674,9.234424571766487,6.683907643277214
0.3294261294261294,-4.907933648230865,-9.284791536396062,2.6272148638584754,-0.2893687019118428,-111.24930522123485,24.84582597696158,7.272640107782687
0.32967032967032966,-0.40575176144624214,-11.01457094277255,-2.7618446649832764,-0.04576502663030456,-111.09015027814294,15.009474464892408,11.073566738380606
0.3299145299145299,4.43253472832875,-10.590175618751902,2.921067048645349,0.19282119087941907,-110.93099533505105,14.884800961665134,15.47762137350473
0.33015873015873015,8.620768292155306,-7.716279657188915,-2.8038964002117868,-0.6828683961525825,-110.77184039195916,16.280026661978543,6.716700724837367
0.3304029304029304,10.666879387026055,-3.1537156620838394,2.6428616642878966,0.9277610903903585,-110.61268544886727,22.908042421483106,4.9443652639668345
0.33064713064713064,10.300173168927039,1.716122674078448,-2.3263051167894147,-1.0240305228217028,-110.45353050577536,11.168134477996318,3.12729927605025
0.3308913308913309,8.210314071261319,5.45294302800438,1.898384934678637,1.1577698906025706,-110.29437556268347,20.159641102012078,5.658598085273305
0.3311355311355311,4.467874603393487,7.548306505598951,-1.7772368998630552,-1.318694436963645,-110.13522061959158,17.554763488781855,3.5725733357700573
0.33137973137973137,0.6971056211972143,7.1487866929781925,1.441980269443944,1.2055442283535636,-109.97606567649969,13.852866238994034,8.197123902580698
0.3316239316239316,-1.9035073494379333,5.296279747966557,-0.7381038541070128,-0.9584406046318796,-109.81691073340778,13.653576470048987,6.793356574861967
0.33186813186813185,-2.6821064597602753,2.9695022345643456,0.49777164353381526,0.8398498611228907,-109.65775579031589,21.07436772396864,4.9810887722606445
0.3321123321123321,-2.1754761382637953,0.5638264953366565,-0.36643168071222254,-0.5648680595068003,-109.498600847224,16.195151038875508,13.015467391189569
0.33235653235653234,-0.348873997719607,-0.018363108121321435,0.055130267625257336,0.07460922605073415,-109.3394459041321,23.565057262570107,12.69556892339745
0.3326007326007326,1.3740294404943312,0.7070594385439485,0.03910450678980199,0.34406248289207536,-109.1802909610402,9.287222759922217,2.3891383513095534
0.33284493284493283,1.8427092503606364,2.831529702004966,-0.16449413898407006,-0.7899729123364411,-109.02113601794831,17.64456753720879,20.241935524561327
0.33308913308913307,0.638348073475608,5.1855365791450705,-0.025288009828890193,1.0715433305082054,-108.86198107485642,5.115987499195383,11.209165154760006
0.3333333333333333,-1.9951433974724886,6.227680690919889,0.1069951838738073,-1.7090647107605326,-108.70282613176452,14.067395900478772,8.39547352303201
0.33357753357753356,-5.444279860488007,6.114264310002073,-0.5605669755758697,1.857879507695222,-108.54367118867262,25.320732410570905,4.0699191735492715
0.3338217338217338,-8.633499326988723,3.7717494227433996,0.7375279726433142,-2.3474994582862507,-108.38451624558073,17.96315792144968,13.381949878467767
0.33406593406593404,-10.295703697524742,-0.46523931111677924,-1.0430898425194615,2.416286920774134,-108.22536130248884,13.475516822039838,7.272639437502583
0.3343101343101343,-9.761161271905909,-5.048976370876329,1.4247922771430557,-2.373623320597643,-108.06620635939694,18.60050809358419,10.447583374664768
0.33455433455433453,-6.7393650740464475,-9.00820672202523,-1.8101034194941574,2.146584368602737,-107.90705141630504,16.06926847447139,4.596597524765914
0.3347985347985348,-2.1731815395986183,-11.359642360484658,1.9346700646205623,-2.0441549908112906,-107.74789647321315,23.210669470350496,2.1623234245483
0.335042735042735,2.5807450716189657,-10.805343199926522,-2.0576592235342255,2.042414821952638,-107.58874153012125,18.970082495556795,5.099904395027275
0.33528693528693526,6.772209509831263,-8.288333613410904,2.1749241714487777,-1.3951757800878912,-107.42958658702936,12.461815981636496,8.939733928098525
0.3355311355311355,8.900844293511746,-4.212087094349684,-2.1645401902989825,1.2482333691869947,-107.27043164393746,24.104815786289464,11.17731965329499
0.33577533577533575,8.725138207948708,-0.01284323052386737,1.9790739973684734,-0.7464821075727731,-107.11127670084556,13.414181881664533,12.745115247890464
0.33601953601953605,6.654538439049846,3.1214857826160576,-1.7296596394660069,0.5337586979684766,-106.95212175775367,15.240326666105286,6.967186962902544
0.3362637362637363,3.570907763293003,4.347223077073702,1.3549064154907586,-0.30928975538324116,-106.79296681466178,10.035499005879705,10.655579483771657
0.33650793650793653,0.8418522186500618,3.839994651717799,-0.8798861377203469,-0.11973776931045865,-106.63381187156988,12.644763112991232,14.340645952189666
0.3367521367521368,-0.37530062168300715,2.3354856540213453,0.5579728015231439,0.11062335298115257,-106.47465692847798,23.142638404105938,9.259692497138325
0.336996336996337,-0.31840562013505586,0.44248205387254036,-0.25948419630796576,-0.0023972882865677947,-106.31550198538609,21.21276569702852,8.753214859680849
0.33724053724053726,1.4045363481164819,-0.6534809802126589,-0.39046939059495095,-0.12969278338752913,-106.15634704229419,29.385519074088755,8.820280577004928
0.3374847374847375,3.388341765012225,-0.3189660161914133,0.8370643440028862,0.14321308173503355,-105.9971920992023,17.30426196577672,6.91843932927686
0.33772893772893775,4.545255177206148,2.0456977557195115,-1.1542361217293484,-0.5893489684184217,-105.8380371561104,19.385982907722223,6.920623949112404
0.337973137973138,4.64877666282628,5.067208554117324,1.3098159338283792,1.105894622076534,-105.67888221301851,8.982835875013283,7.264167679958706
0.33821733821733824,2.367922800472682,7.696369643479778,-1.5741513590464282,-1.405249877210569,-105.5197272699266,20.727214687244334,5.1595888575624285
0.3384615384615385,-1.301430099884003,9.28248326115911,1.5859966993345906,1.696183204547557,-105.36057232683471,8.936909415833874,9.361528377116437
0.3387057387057387,-5.750233419493687,8.602316601514442,-1.426927208232872,-1.9752674219881379,-105.20141738374282,22.799186993900086,3.838855740604542
0.33894993894993897,-9.337385717922514,5.576226209353838,1.3962785503099058,2.3495762617357476,-105.04226244065093,13.187996984935673,8.78899177937734
0.3391941391941392,-11.23278889454581,1.1217356833029144,-0.9890657452021552,-2.4230321888492337,-104.88310749755902,16.710314879728767,11.003928752865278
0.33943833943833945,-10.835707867729399,-3.8611852706032885,0.9321360205648406,2.728271346632421,-104.72395255446713,25.281998273292395,9.141833942221222
0.3396825396825397,-7.779586549566832,-7.92872563172701,-0.5260683946011606,-2.5950448306350884,-104.56479761137524,7.160014326492348,8.729416113297379
0.33992673992673994,-3.721153849200762,-10.060931776597416,0.25034650411473086,2.5547161031171512,-104.40564266828335,25.967137368094402,5.394184895370035
0.3401709401709402,1.0266794828450292,-9.799970784898942,0.08697617344511513,-2.400642674691121,-104.24648772519144,18.092487798559336,15.504184840414965
0.3404151404151404,4.449445467752863,-7.406754544937224,-0.3334320161869293,2.3191404826851945,-104.08733278209955,23.87295597520199,6.10310161158018
0.34065934065934067,6.05754896276158,-3.981558132646666,0.5643210524832749,-1.7076723093115838,-103.92817783900766,13.220954866150135,6.022320676200417
0.3409035409035409,5.942248704808585,-0.829407583319058,-0.3975842575766749,1.330225624760561,-103.76902289591577,23.641970585667792,9.97050148879004
0.34114774114774116,3.991780590826104,1.2083685909532134,0.4015463371879922,-1.0660267868235984,-103.60986795282386,17.11305321861828,7.390383056850626
0.3413919413919414,1.574703953431798,1.578461075555697,-0.19627878878747573,0.5171405243971118,-103.45071300973197,12.168060908668746,11.610774637148554
0.34163614163614164,0.2165276098319841,0.43699617767815796,0.0977657601744496,-0.003940970860291826,-103.29155806664008,21.88418498027261,10.882354208691313
0.3418803418803419,-0.006106475121195137,-1.4784325545253985,0.296804705053178,-0.35474879359130745,-103.13240312354819,15.377085332595346,14.085301616655347
0.34212454212454213,1.3848805550288756,-2.9026167321861336,-0.6656286107316449,0.5376005636412672,-102.97324818045628,25.929184533556302,6.825624270064687
0.3423687423687424,3.9162449253519513,-3.032558326462079,1.0399196016292882,-0.6164395995128708,-102.81409323736439,19.17894239984348,9.378593630266176
0.3426129426129426,6.36660018024314,-1.2938515786854206,-1.5012096464549718,0.5585322449343927,-102.6549382942725,20.238059636718383,14.960360195693461
0.34285714285714286,7.731119371328391,1.9147167931277356,1.7596398963426243,-0.4695443662575586,-102.4957833511806,17.332780097683692,7.111675882389569
0.3431013431013431,7.20254306748318,5.722449579701956,-2.2851017230216777,0.5397116500614734,-102.3366284080887,6.534398180869699,12.224375531726462
0.34334554334554335,4.367657640558505,9.038813865330768,2.4738767486847038,-0.2899099376943127,-102.17747346499681,24.129594402525008,5.634467183807922
0.3435897435897436,-0.08513882202220145,10.778498564164012,-2.7224890798825223,-0.004047376525432602,-102.01831852190492,19.327174923881827,8.124587397175945
0.34383394383394383,-4.781226835833386,10.13232976959827,2.654543905432774,0.10439321139683339,-101.85916357881302,21.62346712464812,1.7660957410425737
0.3440781440781441,-8.725623504635793,7.1562128981441795,-3.0546089478011194,-0.6270944173452312,-101.70000863572112,16.85441945308942,9.913597887213326
0.3443223443223443,-10.804052912262701,2.858789138379452,2.474047835729245,0.9188319010649564,-101.54085369262923,26.56478243569803,10.553533729830056
0.34456654456654456,-10.401484336265229,-2.0765912148227392,-2.3888221887201286,-1.1114649727454273,-101.38169874953734,17.53397419139177,8.397060311806158
0.3448107448107448,-7.904350948338601,-5.8114013824147035,1.8705769497966438,1.3482722016369466,-101.22254380644544,15.540590833177017,15.35985575414003
0.34505494505494505,-4.006393289292266,-7.760892044718987,-1.6676632836656866,-1.2787078162733092,-101.06338886335354,23.116019164632835,7.202544052959205
0.3452991452991453,-0.2990592494362624,-7.569404768838054,1.2088811843752973,1.231622137773214,-100.90423392026165,12.9951747684477,7.783156223373429
0.34554334554334554,2.2492367984645103,-5.401921939024405,-1.0528397004460366,-0.9621928511179266,-100.74507897716975,39.01291682583264,10.555769520977602
0.3457875457875458,3.205768072671955,-2.9491172158387124,0.6284524108776196,0.9110677845056298,-100.58592403407786,32.51207449590255,13.19015530128283
0.346031746031746,2.433206753470104,-0.5089035156334873,-0.4071766549982839,-0.645188552829964,-100.42676909098596,20.955087661254986,8.433334638274713
0.34627594627594627,0.4849080505635817,0.05319954625017688,-0.19673915170916248,0.15454522363904125,-100.26761414789407,21.901235429201254,6.819820467199191
0.3465201465201465,-1.1354582855806143,-0.5244443067512088,0.07679450422811232,0.25701760558525244,-100.10845920480217,19.646736863069986,13.21080932490568
0.34676434676434675,-1.5436779096318,-2.696164089627565,-0.055414252033224906,-0.7931927589549388,-99.94930426171028,11.948162841872014,3.0253583679153
0.347008547008547,-0.31704635999291764,-4.803933982364999,0.12309066838478482,1.13963752517257,-99.79014931861838,10.093058637455409,12.276827319839432
0.34725274725274724,2.1843410924428985,-6.116205697698069,0.10184143195967972,-1.58683807595849,-99.63099437552648,21.998966318638686,14.140278072346808
0.3474969474969475,5.63049645946987,-5.682874854874055,-0.2858029338263823,1.82166318714346,-99.47183943243459,22.635819338774102,9.692899195392936
0.3477411477411477,8.657897365954124,-3.1800295947952217,0.6353439755442623,-2.070037860854513,-99.31268448934269,22.19466378846421,3.5980215126315054
0.34798534798534797,9.964929146491098,0.9954378669862342,-1.0877358819218454,2.2090912256844706,-99.1535295462508,18.957091082655168,15.033742312531832
0.3482295482295482,9.38644626511863,5.5501020023501715,1.354272303204815,-2.2665282592334006,-98.9943746031589,22.10438461960857,9.713376559160327
0.34847374847374846,6.07373943116417,9.42643743285477,-1.7325672563863328,2.213350215089567,-98.83521966006701,22.452590644163998,15.211723559078909
0.3487179487179487,1.780041281805368,10.963431846464097,1.9250835601667475,-2.1802878195504602,-98.6760647169751,18.150767056327776,9.071028483817955
0.34896214896214894,-2.96367803379226,10.593829835983243,-2.037096325805187,1.641220973522979,-98.51690977388321,17.80637045377298,3.498440508167539
0.3492063492063492,-7.08191536275364,7.942764748295958,2.3401880121789653,-1.662549842747503,-98.35775483079132,16.60891049906394,17.76619598731302
0.34945054945054943,-9.06587124707415,3.8011591918450938,-2.1834269702124662,1.0696251988345966,-98.19859988769943,23.14907940090802,1.931862810890964
0.3496947496947497,-8.590690500997944,-0.5544615968492204,1.914898127943715,-0.8619128927243802,-98.03944494460752,12.945035797662925,5.3007294009231885
0.3499389499389499,-6.538067540204768,-3.4368079401070224,-1.7938172298826727,0.5833523936582967,-97.88029000151563,19.89409867173351,4.347242224639025
0.35018315018315016,-3.4647163772468748,-4.758937098136961,1.5437668858164697,-0.15588697408229812,-97.72113505842374,4.1458697445956325,9.757060873411067
0.3504273504273504,-0.8693053682307822,-4.346188214541075,-0.9732134216540225,-0.002572946086560002,-97.56198011533185,10.330519737719454,8.925156764970339
0.35067155067155065,0.4816739746315902,-2.5821485677849876,0.7090241393596476,0.06599654819827068,-97.40282517223994,17.45746393295219,20.91606859955585
0.3509157509157509,0.1959188588708505,-0.4216700996207566,-0.03229801572195648,-0.09380625382659957,-97.24367022914805,17.278159836192458,7.6156833481524
0.35115995115995113,-1.0883431109545452,0.3807774859402295,-0.39447901867727037,-0.008234697419958012,-97.08451528605616,18.38794844423884,7.923243571581574
0.3514041514041514,-2.9601555005695133,0.011325075281648868,0.8789939876940789,0.21463364023466763,-96.92536034296427,8.102535841930553,9.137901212439973
0.3516483516483516,-4.222261780402051,-1.876537380123556,-0.9966978144447209,-0.5002276624527027,-96.76620539987236,13.912333972032037,7.582482796034597
0.3518925518925519,-3.882835243879223,-4.7675279761208555,1.412913417423034,0.8443684231039176,-96.60705045678047,12.335250089552787,12.124607987064355
0.35213675213675216,-2.002691778954013,-7.544547813258531,-1.6626977614405418,-1.3042878014799797,-96.44789551368858,23.15185995164523,7.466530416456745
0.3523809523809524,1.7191728932432397,-8.741233389759993,1.438415904758406,1.86788036078717,-96.28874057059669,24.41002473527396,7.628922060324895
0.35262515262515265,6.088285226630938,-8.0175407631287,-1.4277724056205114,-1.9088943925164803,-96.12958562750478,33.005956945825474,3.9621470057753436
0.3528693528693529,9.32397161543867,-5.020746384404842,1.3223608754908915,2.2531957278246146,-95.97043068441289,21.875629366139588,3.4948525883918546
0.35311355311355314,11.08101365545775,-0.6436629897752779,-1.0639020152246776,-2.7034802264259326,-95.811275741321,14.729654747704744,5.843318349895491
0.3533577533577534,10.32429124005154,4.1831618838641615,0.8027857156783558,2.7242462189209555,-95.6521207982291,18.376341859541224,5.840427209803345
0.3536019536019536,7.468014520050521,8.189993178165112,-0.42259294650673046,-2.659422351136587,-95.4929658551372,34.87452942385402,8.323833993156695
0.35384615384615387,3.178268388235711,10.028240955419129,-0.033559077734178905,2.692309262101731,-95.33381091204531,21.057628450807705,4.163558159448281
0.3540903540903541,-1.3265287789688178,9.884526110731024,0.16462563581502426,-2.4728420467479335,-95.17465596895342,10.744829162465702,3.5925428014919234
0.35433455433455435,-4.8391611709206375,7.420263145394798,-0.416828220221368,2.4155317345956426,-95.01550102586152,18.53506405503816,1.8477460162004278
0.3545787545787546,-6.407848875220767,3.699293505848464,0.4517220880379106,-1.8335613746453057,-94.85634608276962,24.138078009266746,12.755781921935208
0.35482295482295484,-5.852591173137513,0.6108498733801341,-0.6159420556581329,1.526371651136409,-94.69719113967773,11.146635968552072,2.379124414894585
0.3550671550671551,-4.156851195408848,-1.6121595432001428,0.4842552782267293,-0.8758023138696152,-94.53803619658584,22.194555292821722,8.275870032744567
0.3553113553113553,-1.7013318456991506,-1.751338599226591,-0.41743528051854273,0.7079829528236189,-94.37888125349394,21.38979497254858,14.886811886385114
0.35555555555555557,-0.10066242147228144,-0.5637456045764246,-0.04986749001027216,-0.247160838051606,-94.21972631040204,24.363860068989553,17.826371670169024
0.3557997557997558,-0.04115754305729555,0.9462571605134376,0.3002775012904413,-0.18445094394872658,-94.06057136731015,13.332212276866077,5.829918451307257
0.35604395604395606,-1.4257330953975906,2.484161554094152,-0.6463825443272028,0.4363202705780199,-93.90141642421825,24.016336354751168,8.816156094165859
0.3562881562881563,-3.8179005115925992,2.5263464327742864,1.1712166964894593,-0.6163522831696179,-93.74226148112636,20.41890268416333,14.735972641372353
0.35653235653235654,-6.2588015693166374,0.9901813377121911,-1.4260466636351143,0.6133705710669578,-93.58310653803446,14.23850885505894,8.042334963219785
0.3567765567765568,-7.33964948489034,-2.4651829662167195,1.959316585399648,-0.6382075522637576,-93.42395159494257,20.546322364143922,3.430364757103154
0.35702075702075703,-6.73508159254296,-6.004925018592857,-2.1667169727413094,0.26099941737097365,-93.26479665185067,15.713582397238886,7.246599460708331
0.3572649572649573,-3.9738479072568547,-9.240634269433501,2.495850398764382,-0.3112614651574802,-93.10564170875878,6.241051992430972,6.638596917592644
0.3575091575091575,0.4877680379305873,-10.485678147807112,-2.5757001200807617,-0.039319138155311566,-92.94648676566688,20.889257624379443,5.18561512442078
0.35775335775335776,5.181173866052053,-9.873629313905596,2.658701786305107,0.49453777529113185,-92.78733182257498,25.858551166033603,1.9895852367005418
0.357997557997558,9.041433355944177,-6.641939914862866,-2.615834584213003,-0.6396001736418134,-92.62817687948309,12.438200282185717,6.490413516624648
0.35824175824175825,10.717738004396423,-2.3932759073368275,2.708832676844829,0.8342517751519517,-92.4690219363912,19.964274619782284,19.449077481651827
0.3584859584859585,10.154760722302798,2.286153327005696,-2.2321761382346588,-1.160898608483588,-92.3098669932993,22.51102900510697,11.207211302138436
0.35873015873015873,7.528749727544797,6.1608200693094455,2.164363658751369,1.4507674199077187,-92.1507120502074,16.719910014313886,3.1041645439148384
0.358974358974359,3.860294304408945,7.869351350085627,-1.762365072726703,-1.322830079795738,-91.99155710711551,13.745234739065689,8.369170675712109
0.3592185592185592,-0.17768249853419849,7.585653074420409,1.4003427689378667,1.3956617377944556,-91.8324021640236,14.114144558343574,4.1690602310504286
0.35946275946275946,-2.5324220132078383,5.2680420359295015,-0.7429265700757451,-1.0142633952644864,-91.67324722093171,23.47068381347902,4.965167438223953
0.3597069597069597,-3.3582401998846265,2.6831554029823734,0.5708654402175312,0.8704017683375466,-91.51409227783982,22.557139842527537,12.493305909075689
0.35995115995115995,-2.4646155118495976,0.5104143424745409,-0.2982084854244101,-0.5565773299278413,-91.35493733474793,23.122213420373072,3.6728462274254103
0.3601953601953602,-0.7894370087202631,-0.19696666606028945,0.2268826663492757,0.2260089633740141,-91.19578239165602,28.114743191384083,10.4041342710262
0.36043956043956044,0.7593578439877664,0.4531985756366059,-0.0831549141564076,0.2623130779423773,-91.03662744856413,27.093175725668065,6.234214891989497
0.3606837606837607,1.3209002376681143,2.3411120452438556,-0.03845569378596902,-0.5382849598184439,-90.87747250547224,13.958714040718625,9.875733620099071
0.3609279609279609,0.3052864117023978,4.392605977200175,-0.10869170531837313,1.1797444155653285,-90.71831756238035,25.05961818918274,12.987012440959953
0.36117216117216117,-2.3112582904556094,5.6446225548711135,0.19600066046803136,-1.476618880089712,-90.55916261928844,26.073111071093027,9.522321124742538
0.3614163614163614,-5.759389186608956,5.105398478599998,-0.4578027387463585,1.9074130186820664,-90.40000767619655,15.680810918277471,1.3204095817838797
0.36166056166056165,-8.329508147596323,2.6058356208780116,0.7401140926293917,-2.139965016512765,-90.24085273310466,21.93779240084927,1.2865425636742351
0.3619047619047619,-9.660553022541803,-1.5589871218809646,-1.1050395262918191,2.555137246131167,-90.08169779001277,27.83653272546804,10.87731696841565
0.36214896214896214,-8.886408991785316,-6.016264491603272,1.5637843854912856,-2.4448196594845437,-89.92254284692086,18.66110961167665,7.1176856775092725
0.3623931623931624,-5.498138882711398,-9.379332598638843,-1.6949618448022103,2.145162418077087,-89.76338790382897,20.899258906505455,1.554105654298309
0.3626373626373626,-0.9715877286580946,-11.118711141861588,1.9287275507670583,-2.1542196649191436,-89.60423296073708,14.742803408679084,10.486270719220313
0.36288156288156287,3.821969397864739,-10.27055342953322,-2.197136106069335,1.735874238431159,-89.44507801764519,15.913995960707975,13.233326426545952
0.3631257631257631,7.527002242080342,-7.440159862397568,2.279731432021146,-1.4848776686181382,-89.28592307455328,13.759609038268454,19.89062656426866
0.36336996336996336,9.260770652547368,-3.2145961572464476,-2.300412647365413,1.1812267429089698,-89.12676813146139,7.270083751377632,4.941622992591167
0.3636141636141636,8.683484017629118,0.8824387008364468,1.9031493959681207,-0.7012482775631553,-88.9676131883695,21.683077808580226,16.776735930013587
0.36385836385836384,6.614970176774599,3.941315843719482,-1.8130397383500894,0.5019680008419141,-88.8084582452776,1.1379049241795791,6.909671540649555
0.3641025641025641,3.405713583677079,5.00592074890082,1.5873551932317702,-0.23954121958602778,-88.6493033021857,16.54443855452519,2.8800622149912942
0.36434676434676433,0.6928026730087715,4.4024190669014605,-1.288840666390777,-0.1283806445929726,-88.49014835909381,28.571365008183875,7.907450974143783
0.3645909645909646,-0.8828113054170339,2.6279267017323247,0.7003467281174619,-0.04963008562402685,-88.33099341600192,20.76612483052104,4.446547348924405
0.3648351648351648,-0.5764224923682795,0.7467137865569629,-0.16968119795491357,0.061129672762488096,-88.17183847291003,29.173299866031414,8.630979186113885
0.36507936507936506,0.5789376400843486,-0.5362662522347847,-0.22417760533187714,-0.07356695287649591,-88.01268352981812,15.115692054769372,4.391505463840724
0.3653235653235653,2.8061391416197363,0.08224209836589808,0.6430890575547534,0.2598842106040831,-87.85352858672623,26.712999939489556,6.4565432210025415
0.36556776556776555,3.7416555564083396,2.109457578350415,-0.8867208661960986,-0.8001506325042402,-87.69437364363434,18.398477129126473,15.01366403177282
0.3658119658119658,3.7426547187947863,4.944254203987321,1.3191236335532701,0.8866315615019963,-87.53521870054244,25.786083305892127,17.060805482181483
0.36605616605616603,1.4787039949543268,7.250035785779162,-1.486037227084671,-1.2393225725983925,-87.37606375745054,19.024023029273323,12.306943796071527
0.3663003663003663,-2.096602833981629,8.415245506696461,1.3171595711967359,1.672566986628034,-87.21690881435865,10.33050332764178,4.944375068935989
0.3665445665445665,-6.23916832824859,7.443074695099343,-1.4663569602257316,-1.9055803229183104,-87.05775387126675,13.294615357620831,13.987949782063248
0.36678876678876676,-9.408715265522298,4.685052065137156,1.4466929099872312,2.2789904377624315,-86.89859892817486,29.053318662309056,8.136646735983204
0.367032967032967,-10.91371497117521,0.13261428880250317,-1.181869545912999,-2.5201326392093417,-86.73944398508296,12.182591492962093,16.372823262345218
0.3672771672771673,-10.046638023242078,-4.769379105053961,0.8686210864042867,2.752566743113833,-86.58028904199107,24.335482395791864,1.3556623644226224
0.36752136752136755,-6.825441087256207,-8.308221743547293,-0.570990025885798,-2.56487050255074,-86.42113409889917,21.37521010132044,15.937750846727955
0.3677655677655678,-2.661058814116664,-10.354378810283128,0.13760718973870675,2.807843472634226,-86.26197915580728,13.892153300564972,4.0093521513321235
0.36800976800976803,1.8944152300493668,-9.771398559826968,0.11362277172960733,-2.3188859171149594,-86.10282421271538,32.055069940442806,1.9184664845692951
0.3682539682539683,5.424404969306523,-7.095653151243427,-0.30292662742225035,2.1581212318831984,-85.94366926962348,21.2468373526181,5.187456421993908
0.3684981684981685,6.623939702756523,-3.5955743290750455,0.4367161783179277,-1.7857540011271993,-85.78451432653159,22.346867683828407,14.012637315280829
0.36874236874236876,6.299442071262393,-0.26797219355309454,-0.5272605507748592,1.3930930727137296,-85.6253593834397,31.25940945443394,2.0971578312281407
0.368986568986569,4.148141294013351,1.6702167379729744,0.6632994716131655,-1.0908888314231338,-85.4662044403478,10.786500714044367,6.635922530182783
0.36923076923076925,1.88386887974325,2.227204387032933,-0.4760728059889708,0.6144565415164324,-85.3070494972559,11.622076015798548,9.964512287603636
0.3694749694749695,0.2676785436230011,0.8035638989968846,0.15000756371897672,-0.26810189060383294,-85.14789455416401,25.713112451029186,12.27179234614142
0.36971916971916974,0.07287983636493392,-0.8803430930469585,0.09556737973503918,-0.04675782825490063,-84.9887396110721,24.04714654253774,6.688139188781781
0.36996336996337,1.4280149303455854,-1.9772278749159344,-0.6007713135059347,0.4549942918147266,-84.82958466798021,18.791929810698974,7.90600977093355
0.3702075702075702,3.4836429103634754,-2.101054769391348,0.7240876982272776,-0.5862386390755318,-84.67042972488832,20.663070721417572,12.522220046724872
0.37045177045177047,5.943412716860965,-0.7475747807285871,-1.5049733825554734,0.6033542685384852,-84.51127478179643,14.799312292430486,14.83275326742836
0.3706959706959707,7.162795890486154,2.584322039746697,1.8748859638851436,-0.7087017251785619,-84.35211983870452,12.558715642239912,10.69322871038913
0.37094017094017095,6.104160920833985,6.166671203433645,-2.170469562901115,0.2385063048820728,-84.19296489561263,19.019423255946133,3.463847301947857
0.3711843711843712,3.414860178372884,8.965280814522957,2.512557902788295,-0.15459074974691966,-84.03380995252074,13.360934633338095,4.010484905312219
0.37142857142857144,-1.0229621521567056,10.349233409680833,-2.6286607592417637,-0.0266026531264204,-83.87465500942885,29.599130228826972,9.864510592704136
0.3716727716727717,-5.495295235508538,9.130638293145996,2.7058218966859555,0.40417033441526046,-83.71550006633694,20.514081197478117,8.88389718052806
0.37191697191697193,-9.236221616169903,6.217592761046341,-2.648029373841273,-0.48887872219533657,-83.55634512324505,24.795983927975648,2.2308108872939343
0.37216117216117217,-10.895023140021943,1.6048790618479678,2.6383753545509077,0.7993394712440405,-83.39719018015316,17.01370006836963,6.488186073949489
0.3724053724053724,-9.89379467967805,-3.0047503417897805,-2.328485850810155,-1.126237683981598,-83.23803523706127,13.328737181946838,8.877717767927654
0.37264957264957266,-7.333581057809676,-6.549868749159493,2.0167684751956942,1.3366599898920477,-83.07888029396936,19.16045751218088,12.852655484745458
0.3728937728937729,-3.5325492001464944,-8.283291376277544,-1.6836331524131976,-1.330533782380205,-82.91972535087747,22.44786279523538,11.260316160588813
0.37313797313797314,0.48958406135824245,-7.571395970750734,1.2021589576026412,1.2446901761927205,-82.76057040778558,20.878024696130808,1.5953626061068569
0.3733821733821734,2.8797341280856865,-5.490100025033924,-0.9762605923243317,-1.2878510605037556,-82.60141546469369,19.79875244624004,6.933113521041585
0.37362637362637363,3.833154979518209,-2.6303763226894135,0.6224745701035921,0.8885580092923004,-82.44226052160178,15.08297244837052,4.627757279017197
0.3738705738705739,2.88777325630013,-0.39588494988295186,-0.1956657885464924,-0.6886964094813602,-82.28310557850989,20.54798576664915,7.499117900851275
0.3741147741147741,1.037317629332478,0.20838776758776842,0.08288894553421075,0.31404692043277327,-82.123950635418,23.23990874280162,5.274325259860142
0.37435897435897436,-0.5397401886109738,-0.39941019421805435,0.04968786532712091,0.13170482071929468,-81.9647956923261,23.890922704736443,5.730586446775888
0.3746031746031746,-1.0730344592449608,-2.4096224530589225,-0.2908663521072431,-0.6134370392904136,-81.8056407492342,29.122049110935734,9.878443310250821
0.37484737484737485,0.046514411887017985,-4.241748107129501,0.08444946180515704,1.1318876345703979,-81.64648580614231,30.577209149231717,3.0933710414943256
0.3750915750915751,2.4870282631849134,-5.253553917160595,0.17964990622352978,-1.4055816441445599,-81.48733086305042,36.89304045613878,6.210785878080059
0.37533577533577533,5.6564534610742,-4.609459296315808,-0.3522684865794342,1.9071603179441947,-81.32817591995853,27.292125120119362,10.616153205369482
0.3755799755799756,8.136322762814409,-2.123923465841025,0.668589415860447,-2.218795659979896,-81.16902097686662,14.222558020456841,5.071008981886149
0.3758241758241758,9.189180837804608,1.9846867467880358,-0.944895077079918,2.233763545996885,-81.00986603377473,12.84399606858807,11.063713132243233
0.37606837606837606,8.304926332514757,6.165267937993921,1.2314593739040143,-2.1892478892490828,-80.85071109068284,14.528284546358874,10.270482401429906
0.3763125763125763,5.131916427688511,9.620596347545279,-1.584552769073029,1.9302236636414136,-80.69155614759094,10.405573863555855,5.066049639533053
0.37655677655677655,0.40599438954642375,10.81550092601154,1.7821659200947901,-1.9544399806815584,-80.53240120449904,24.18412640121374,6.229870871235661
0.3768009768009768,-4.082590278316,10.025568927576396,-2.1927681322446624,1.660071839079114,-80.37324626140715,20.876349015418867,4.358527325240028
0.37704517704517704,-7.7352974016357,7.160203919594006,2.1334303876794225,-1.383008729766224,-80.21409131831525,24.284542801421203,9.263548125368517
0.3772893772893773,-9.385945176224451,2.9795947873294772,-2.0388569804107846,1.3472080542014413,-80.05493637522336,20.348684554684358,2.828405632487379
0.3775335775335775,-8.598709385224286,-1.0797627941669468,2.12596718421295,-0.8752690650308432,-79.89578143213146,15.929793462857653,6.973972595055601
0.37777777777777777,-6.177723279859948,-4.301357025009789,-1.714727565646948,0.5492075754862801,-79.73662648903957,32.974628631209825,7.822988442360164
0.378021978021978,-3.1517258477031116,-5.320749142852024,1.6636985138587868,-0.4148867383601801,-79.57747154594767,30.177297183970204,1.1585215438213734
0.37826617826617825,-0.3998242951479782,-4.59088331910504,-1.1429981020366662,0.05486837801869704,-79.41831660285578,28.232689844864858,6.128614721270791
0.3785103785103785,1.1329218854516525,-2.766252785802519,0.7947724070969044,-0.009253740594358795,-79.25916165976388,16.81792885610397,3.4991006256743113
0.37875457875457874,0.9481218224996373,-0.781928139341872,-0.2908710092746398,0.11897062423298443,-79.10000671667198,22.8097410678747,3.2666571206525594
0.378998778998779,-0.7545843404536631,0.1286895827108545,0.1120968777025203,0.05256147195181815,-78.94085177358009,26.43290963007895,2.9187541507916923
0.37924297924297923,-2.49699276527818,-0.13795750981040888,0.6900920644240724,0.28534495010086525,-78.7816968304882,22.839318349059276,10.23115155839858
0.37948717948717947,-3.7364563806350732,-2.0849288626643094,-0.8392932932035279,-0.46210336668525487,-78.6225418873963,18.963374118854023,8.807712765520021
0.3797313797313797,-3.0467749501402186,-4.734312109164843,1.1116358879687602,0.8244776080569897,-78.4633869443044,25.831576279222737,2.053689968124478
0.37997557997557996,-1.163226901492679,-7.106922039151366,-1.167488232713015,-1.2742323448197241,-78.30423200121251,22.02650661363999,12.171958839746807
0.3802197802197802,2.7072518673200077,-8.150788345355028,1.3630479433504044,1.734903484705478,-78.14507705812062,20.809050271837673,4.90774174527527
0.38046398046398044,6.3047866595607935,-6.934057320810837,-1.4327100309370706,-1.970904219794204,-77.98592211502871,17.694751250488533,5.378066157684849
0.3807081807081807,9.565183619611593,-3.8379297273957897,1.3232504865867045,2.497277514886213,-77.82676717193682,15.454477905588773,3.7689738702295035
0.38095238095238093,10.626878061754862,0.40272774532024974,-0.9588938910776202,-2.373896677222109,-77.66761222884493,8.326471714323231,21.214464499482837
0.3811965811965812,9.552480071045668,5.129376280009183,0.7351961602661503,2.7699386034299205,-77.50845728575302,10.888283242608907,5.464391353044885
0.3814407814407814,6.418451842797467,8.728064063374111,-0.26722695836070215,-2.5615668571032737,-77.34930234266113,22.680680521217692,11.749577923681084
0.38168498168498166,2.072161565475498,10.371919721842708,0.1563076154387967,2.4630525985040497,-77.19014739956924,24.548030571003693,7.783825693970417
0.3819291819291819,-2.337680323894781,9.557956606919939,0.2949319878629312,-2.3851527710985243,-77.03099245647735,28.630665434584063,11.597754867996692
0.38217338217338215,-5.706922819150663,6.765884729528011,-0.26567189626879034,2.1218675286929933,-76.87183751338544,16.224437933000498,0.11512052004255685
0.3824175824175824,-6.915704709523203,3.1885209466345183,0.39099245704801056,-1.7207525695326358,-76.71268257029355,27.964738628551128,0.6428654242423717
0.38266178266178263,-6.373770801049954,0.0393513116006744,-0.603694832824645,1.461464774431432,-76.55352762720166,21.144718889719922,11.037854923715374
0.3829059829059829,-4.261861941376285,-1.9904822232148243,0.40922455768628707,-1.2001262580742544,-76.39437268410977,25.98747609592794,12.089574778478497
0.3831501831501832,-1.8676075631007008,-2.4119775680834494,-0.13049571187407533,0.7809221425807966,-76.23521774101786,26.327481559605395,6.744141714618345
0.3833943833943834,-0.42010382511561006,-1.3994552639714026,0.05952462837171685,-0.149748911818304,-76.07606279792597,13.66434435711998,4.492608292335208
0.38363858363858366,-0.058345719274285716,0.33866025850538184,0.07109168247642049,-0.16375337927121297,-75.91690785483408,22.27962098509746,9.856519384959068
0.3838827838827839,-1.178367529900331,1.6835683246570188,-0.5570341056258912,0.25537576305765564,-75.75775291174219,29.492947391488553,18.513543157038548
0.38412698412698415,-3.5392344320551024,1.8729055986304681,0.7393014416131086,-0.5813607426422545,-75.59859796865028,22.513613624839063,20.722214824715746
0.3843711843711844,-5.648168636058564,0.25538193022610145,-1.2902382667658594,0.6190500611756944,-75.43944302555839,29.292449472343325,11.94773015252839
0.38461538461538464,-6.550220904111855,-2.679488094618814,1.5551952430555567,-0.624856684958371,-75.2802880824665,28.665738410877672,9.740579247457267
0.3848595848595849,-5.506128202372309,-6.238762410005926,-2.0959608842449033,0.27774406269860896,-75.1211331393746,28.921001737520672,5.101966596788217
0.3851037851037851,-2.668847476614429,-8.99552160616815,2.42212760970503,-0.1641811395078323,-74.9619781962827,19.021589496050144,1.9375797617375534
0.38534798534798537,1.5419883789408604,-10.022484933181419,-2.553505979020774,-0.015432049696086511,-74.80282325319081,15.150358130382338,6.4402319217687225
0.3855921855921856,6.061389902004747,-8.888017147317472,2.5691987083040653,0.5419780743939709,-74.64366831009892,21.556423321973725,8.464231928832172
0.38583638583638585,9.187712382528174,-5.506646040801333,-2.4736938870705485,-0.8166137568992898,-74.48451336700703,27.734329644862367,14.737946081955362
0.3860805860805861,10.712886923623197,-1.1126979775486896,2.4989666752603306,1.1623254785237176,-74.32535842391512,9.265635490076004,18.089019124284903
0.38632478632478634,9.852173989051062,3.5312198910078885,-2.3783575315836734,-1.2240452369216896,-74.16620348082323,21.24315151878022,6.8063006543873925
0.3865689865689866,6.8737276270677015,6.944959168995154,1.843202830157338,1.276519506347778,-74.00704853773134,15.434446597790808,2.907080143812556
0.3868131868131868,3.0190994875912778,8.380923184898544,-1.7240682490752544,-1.2822062782818788,-73.84789359463944,16.518072211473346,7.319495306004456
0.38705738705738707,-0.5774245486227807,7.437972261413272,1.4415125898966232,1.3320762178926213,-73.68873865154754,20.58100895475592,5.248143517359651
0.3873015873015873,-3.185634449129058,5.385006432445539,-0.9741655972215287,-1.165520508729009,-73.52958370845565,30.328237830602554,6.938597259785108
0.38754578754578756,-4.005344275129429,2.692063052449963,0.6352250616172249,1.0079497243251128,-73.37042876536376,23.665261467338286,10.77118779329007
0.3877899877899878,-3.1671338932839763,0.3243369993004946,-0.41032416563856317,-0.552809386462167,-73.21127382227186,14.764313670749353,10.893461516381482
0.38803418803418804,-1.3277468006951971,-0.3709812415757518,0.13410912735335795,0.35228751447920215,-73.05211887917996,10.593865876352591,9.007539287072907
0.3882783882783883,0.12827245566714607,0.3121367949090372,0.033919894999056795,0.008808000825283144,-72.89296393608807,17.162954074562652,3.289279442176822
0.38852258852258853,0.8474194022866746,2.097776936682135,-0.08368674846926591,-0.45338880153717004,-72.73380899299617,26.580388168912226,8.133242859044072
0.3887667887667888,-0.4209524402252545,4.035882077449411,0.10794926863857957,0.8709887317020617,-72.57465404990428,30.448664977012584,11.101229580275556
0.389010989010989,-2.8639373864993676,5.143348163430059,0.24242064710075584,-1.3629722119451007,-72.41549910681238,22.128016707263747,11.794082149230388
0.38925518925518926,-5.646350498898364,4.16533434662773,-0.4032957330466908,1.757505668869493,-72.25634416372048,21.94773278910467,1.31385690789894
0.3894993894993895,-7.970209504717534,1.7112211747759123,0.7264862341364724,-1.730905678269379,-72.0971892206286,16.50128555868549,7.286768765457021
0.38974358974358975,-9.030389923658783,-2.2419106180240114,-0.9939331888698071,2.0992634243579644,-71.9380342775367,11.119675567021838,13.204676841096628
0.38998778998779,-7.758454537232384,-6.358963921053725,1.5718680764195845,-2.153208165384097,-71.7788793344448,25.510461948401993,11.460412940917653
0.39023199023199023,-4.339840873144293,-9.662302543477251,-1.6271148168289904,1.8651203166334005,-71.6197243913529,22.001519427853502,1.5732802222554922
0.3904761904761905,0.1463087851310804,-10.872582458411571,2.0339448078849913,-1.8225616602024597,-71.46056944826101,20.79034935493385,8.866709752673643
0.3907203907203907,4.644416883372272,-9.653395312645927,-2.225283687148205,1.7615489197760923,-71.30141450516912,33.3733173679037,11.437614115914474
0.39096459096459096,7.938650483958902,-6.441067817996189,2.1518077622803307,-1.4768896876722177,-71.14225956207721,29.883635662921332,8.869190387798026
0.3912087912087912,9.422217947040616,-2.4501867776212256,-2.025160029426881,1.2777823577475012,-70.98310461898532,19.026059536845477,17.806171442715407
0.39145299145299145,8.65264203943019,1.7816207970512123,2.0625391137229108,-0.7267469335168778,-70.82394967589343,33.43562431824055,10.208558368283946
0.3916971916971917,6.287861920214735,4.637940680501694,-1.7207663639404958,0.5752862746125125,-70.66479473280152,19.783885035562733,6.022383826032015
0.39194139194139194,2.9611920768772064,5.49995810065283,1.6106737455555107,-0.205240285009931,-70.50563978970963,24.07822149239905,5.455698726431745
0.3921855921855922,0.03772707539357267,4.872169821595665,-1.2246956905988082,-0.11604069030100084,-70.34648484661774,28.966521874377005,7.485223442320918
0.3924297924297924,-1.2820613004128216,3.0555256217587843,0.5512355966070033,0.35099952514906335,-70.18732990352585,16.691586368029018,7.2968307099000755
0.39267399267399267,-1.2207797803801457,0.9138326496957475,-0.3843807470564547,-0.18823957452414788,-70.02817496043394,19.178316616588717,19.25171491270261
0.3929181929181929,0.18822552143468874,-0.13174559817305606,-0.21256848693693256,-0.10515880491634624,-69.86902001734205,21.490438384552803,8.205427851847379
0.39316239316239315,2.006485757807864,0.30005526994378073,0.4502023877588636,-0.013613305772069012,-69.70986507425016,27.849557778294383,2.132571892433078
0.3934065934065934,2.910181181566073,2.011811272418051,-0.8689042763867915,-0.6153438475190067,-69.55071013115827,14.798652655424926,8.660408003899306
0.39365079365079364,2.6676505104016663,4.759513048517228,1.250964143365995,0.7471866549505067,-69.39155518806636,25.62765738415737,5.156792736288801
0.3938949938949939,0.5878388220180107,6.8641018380728624,-1.249475381378803,-1.1977084791723045,-69.23240024497447,23.572621706811884,16.14630733434163
0.3941391941391941,-2.8262272541501092,7.771213801454709,1.2018492984057536,1.611731681981561,-69.07324530188258,21.148447908440698,4.961611381332587
0.39438339438339437,-6.52144592079153,6.472280111535979,-1.2583104959414577,-1.9071894184592602,-68.91409035879069,22.94298513408697,9.016636118138212
0.3946275946275946,-9.340701428619584,3.3991553462316677,1.1187543421260144,2.261908487837154,-68.75493541569878,25.307916774280642,13.709046154670206
0.39487179487179486,-10.325492488881677,-0.9506751663807559,-0.9867706743460931,-2.418961140311809,-68.59578047260689,20.782701310402697,12.861670944421766
0.3951159951159951,-9.267954397559025,-5.387981541668708,0.7764804417581271,2.4980588671585657,-68.436625529515,21.56652548594795,6.685289903116091
0.39536019536019534,-6.040555670307967,-8.855115662472832,-0.2810800412680862,-2.629373731649137,-68.2774705864231,16.485766867748634,5.582894123938089
0.3956043956043956,-1.4827844193908823,-10.285760429916806,-0.02135097794083994,2.725099764890956,-68.1183156433312,24.853748643763375,11.643307620391411
0.39584859584859583,3.0296901919044283,-9.391901129939203,0.171352068606961,-2.3298878706200985,-67.95916070023931,24.398066743089494,16.559241803465756
0.3960927960927961,5.938409342110648,-6.700120076035606,-0.45467631564752714,2.125938160067165,-67.80000575714742,20.377444257257203,7.626800861824207
0.3963369963369963,7.239909745679776,-2.8425914573681306,0.45793347782211097,-1.9789977785841257,-67.64085081405553,23.54332441855677,7.567103240549456
0.39658119658119656,6.531723271210809,0.4055808433974966,-0.655850495386049,1.4729779302333972,-67.48169587096362,18.215298390798612,1.5861343775787498
0.3968253968253968,4.244182445442813,2.227411197742403,0.5261466867263623,-1.269795603113787,-67.32254092787173,11.27360396463989,13.3533972254686
0.39706959706959705,1.7743933484038412,2.7096861321586623,-0.6021630472636168,0.64982001555573,-67.16338598477984,20.438508973126854,12.763651463481933
0.3973137973137973,0.24633855808488417,1.5956565139521912,0.29562308119566155,-0.33906304052976355,-67.00423104168794,23.518676338642283,1.148446558599939
0.39755799755799753,-0.06083447762925945,-0.207742342338145,0.05592950905063776,-0.07786174781149834,-66.84507609859604,12.908645941742915,3.642680305712409
0.3978021978021978,1.3509612779405171,-1.6498244258302,-0.6194708148162698,0.20672700105797748,-66.68592115550415,37.85151293633068,5.80019959693358
0.398046398046398,3.347892303383373,-1.5274607059768504,0.8883080398620955,-0.5107771858015323,-66.52676621241226,18.705392275564403,12.570860693722155
0.39829059829059826,5.213363765126248,-0.12613194777586154,-1.3747108947824582,0.37867199106426275,-66.36761126932036,29.675438998090154,4.755413922625712
0.39853479853479856,5.984850498800847,2.8897375946822637,1.5356222439565368,-0.4528718954439564,-66.20845632622846,26.60795951102688,2.05294257127162
0.3987789987789988,5.032764558654943,6.094594893740494,-2.1034584762930746,0.39558526160556834,-66.04930138313657,31.25549389627116,4.295624932453621
0.39902319902319905,2.0843397807457373,8.611861626836113,2.2730929823524044,-0.04610991064961445,-65.89014644004467,23.33924157538309,7.651757351804196
0.3992673992673993,-1.960912795913467,9.883870889475784,-2.484507880424703,-0.009713636949153837,-65.73099149695278,23.37238808190651,11.32018466841897
0.39951159951159954,-6.250563875079148,8.128949157696708,2.5150351922297918,0.511190507106696,-65.57183655386088,30.75056186430355,12.10146456436515
0.3997557997557998,-9.329550607463162,5.089068963189436,-2.6326039681507334,-0.5991496513932527,-65.41268161076898,43.77391234397903,11.053705007891079
0.4,-10.525058031579505,0.4607530741323771,2.58408980099157,1.001617765670448,-65.2535266676771,25.002894995455332,3.9680037017988465
0.40024420024420027,-9.482598693902096,-3.9217663867669303,-2.3250210810200636,-1.155124025155106,-65.0943717245852,27.918413153483705,7.753121129363604
0.4004884004884005,-6.584371066810971,-7.477131910298027,1.9224504788564678,1.3243800999433186,-64.9352167814933,13.329869927540438,9.383673736435245
0.40073260073260075,-2.6606579707570672,-8.431109507015563,-1.7921386033147422,-1.485726150364976,-64.7760618384014,26.577607892621646,4.540295457354031
0.400976800976801,1.084076513568413,-7.613108580238431,1.3772912174039345,1.3564441544419874,-64.61690689530951,30.019306001550962,3.2035908556469885
0.40122100122100124,3.7065009712137584,-5.31058800206972,-1.1299348421348177,-1.241413343387458,-64.45775195221762,24.069156672436673,18.18712537056109
0.4014652014652015,4.262428106984783,-2.610928570966838,0.6543171764573827,1.1558883146092778,-64.29859700912571,28.155444043098594,7.6544875344162415
0.4017094017094017,3.240821276772529,-0.2367363327949049,-0.5277555161561367,-0.9010266959612974,-64.13944206603382,28.78675106142963,3.515517478609123
0.40195360195360197,1.5156597732040094,0.45325888775412554,0.049920374152941274,0.2881092790563509,-63.98028712294193,22.856938179390575,11.684309519747547
0.4021978021978022,0.03449986932202828,-0.11933883362189218,0.03559383429913923,-0.034164234394038526,-63.82113217985003,23.50110784455358,10.076127531391007
0.40244200244200246,-0.7069134417847878,-1.8552971839790855,-0.21846236906921263,-0.34869934357872434,-63.66197723675813,25.040830161656103,6.54858704054077
0.4026862026862027,0.353700542120899,-3.673228667567214,-0.09100352616772664,0.9811906448253832,-63.50282229366624,30.369420401624986,5.414626334623675
0.40293040293040294,2.609749295932417,-4.5176638521633405,0.28177229147464916,-1.1966274172771605,-63.34366735057434,29.689703737431945,9.624146576397429
0.4031746031746032,5.464778460392497,-3.634374804303295,-0.4255644218020178,1.5964040989494612,-63.18451240748245,23.123836726562793,9.393766741684152
0.40341880341880343,7.750837043444491,-1.1699088498987766,0.5068431611087081,-1.767326207205383,-63.02535746439055,27.869461310678187,14.364552956448199
0.40366300366300367,8.509858166391906,2.542794593514989,-0.9821154365954755,2.103246436814972,-62.86620252129866,16.970888425875078,4.523227620795417
0.4039072039072039,7.402728136583265,6.6238208824989675,1.2629402848664588,-2.0456828608224717,-62.70704757820676,24.816817880142466,6.106352349826072
0.40415140415140416,3.883687352812838,9.494169992650551,-1.597488164948278,2.081170982879268,-62.54789263511487,31.51205952875492,3.8624383345280977
0.4043956043956044,-0.5605045471447236,10.461827233333244,1.9896712682166877,-1.8938873624814787,-62.38873769202297,15.476055791615998,3.299640794547302
0.40463980463980465,-4.9256912648918405,9.385891401448687,-2.1204385910217467,1.621692686008048,-62.22958274893108,12.27604521164039,9.958003171376149
0.4048840048840049,-8.250391934319174,5.99263175093047,2.2455793471081362,-1.3458835547934322,-62.07042780583918,19.750461592711293,12.039372531493683
0.40512820512820513,-9.550280933215257,1.9472498762092294,-2.246299943425682,1.1685161663375911,-61.91127286274729,17.426243751203472,6.711885934985898
0.4053724053724054,-8.644512946823323,-2.1942529550789747,1.9913184601357923,-0.65657104587155,-61.75211791965539,13.704026801050016,1.504246706288232
0.4056166056166056,-5.952094071852491,-5.239491545108702,-1.9176329368789344,0.35171244648276045,-61.5929629765635,31.09915740079633,8.846924507366339
0.40586080586080586,-2.6081007786377377,-5.8739110274126745,1.5488856625546736,-0.09301525069991959,-61.4338080334716,22.11383717115508,6.20654035625037
0.4061050061050061,-0.04943102485174625,-5.004146138631794,-1.3017048195508671,-0.19990222672586824,-61.27465309037971,34.1321312523797,5.506147802721065
0.40634920634920635,1.5311504748841043,-2.871850340851203,0.9164790047992597,0.08061086910530481,-61.11549814728781,26.211252099746524,21.1370384871582
0.4065934065934066,1.3877090310415476,-1.055964015755177,-0.5330106793490178,-0.020637340214094038,-60.95634320419592,24.63965791509038,7.3281950150045505
0.40683760683760684,-0.004321900626788382,-0.0002554402721669808,0.07081864595275333,0.1579145908935503,-60.79718826110402,24.57877999195779,16.56186840965644
0.4070818070818071,-1.6682705769012312,-0.3173412126529478,0.3866758715161434,0.29191800536088763,-60.63803331801213,31.14735915806344,10.926729337411764
0.4073260073260073,-2.9558722858738005,-2.0763945768491174,-0.5631431886485174,-0.39269076461030483,-60.47887837492023,22.03592383919852,4.722052032684904
0.40757020757020757,-2.530975732006394,-4.567422770416129,1.086858511963185,0.8573086568524231,-60.319723431828336,23.808656759296177,7.420460354645238
0.4078144078144078,-0.12320117076968784,-6.432304002136316,-1.1979947011742198,-1.0618082245396525,-60.16056848873644,27.12184560255955,6.494194716309694
0.40805860805860805,3.0055371156966264,-7.316981823987541,1.152351684038826,1.6058791046685748,-60.001413545644546,24.27918794191424,3.2393108116972713
0.4083028083028083,6.625143963356147,-5.963579539583306,-1.1676481012305107,-1.7423301649695138,-59.84225860255265,19.64916247012738,13.903849371711233
0.40854700854700854,9.323057129889044,-2.9085846132681534,1.1089169584376481,2.231373329811098,-59.683103659460755,19.129328862108093,18.43880595248217
0.4087912087912088,10.02246677301805,1.6276214316924995,-0.9025840168256813,-2.372388614963815,-59.52394871636886,23.73360836519402,9.317086234524014
0.409035409035409,8.776485695687008,5.987747840282142,0.5647321628777954,2.4997885617091966,-59.364793773276965,29.553679892786953,1.7052089534283665
0.40927960927960927,5.544274850439604,9.057103999738693,-0.48209644052354156,-2.6546061218273445,-59.205638830185066,17.570115619250267,8.657361015740685
0.4095238095238095,0.9522421799804207,10.171646519563144,0.05560258841481706,2.5521357007008043,-59.046483887093174,24.40335202435617,9.699900948866855
0.40976800976800976,-3.2024697076256348,8.955260375856737,-0.010252873351593667,-2.415339633153176,-58.887328944001275,30.01312515730282,12.569343838356788
0.41001221001221,-6.293899865503242,6.175710621947942,-0.40356092829745094,2.1357297549659084,-58.728174000909384,27.29034279398284,7.371766738694471
0.41025641025641024,-7.220460134799057,2.572151607822383,0.7927494396546002,-1.9397475926542511,-58.569019057817485,18.093238213935045,7.682555531751797
0.4105006105006105,-6.515770086828152,-0.567554331252981,-0.7178073506042447,1.5033998295611086,-58.40986411472559,27.04178412029341,11.245690419846566
0.41074481074481073,-4.300375676811822,-2.582068105297953,0.6056030322616377,-1.1320601477633851,-58.250709171633694,18.580518906708992,9.801161728067607
0.41098901098901097,-1.7541246009278284,-2.784888388792529,-0.5005691155245234,0.6619301105979181,-58.0915542285418,23.011445000628946,8.345834942261202
0.4112332112332112,-0.30132999643972036,-1.6815950375796793,0.40455901335258715,-0.37531012347773673,-57.932399285449904,27.20579767989201,3.5101721898192872
0.41147741147741146,-0.11229611184489516,-0.08757322178178925,-0.010346608614442754,0.030521292597930776,-57.77324434235801,28.393456756380388,8.418621387268113
0.4117216117216117,-1.1635456304198633,1.2280349797075956,-0.35757315623741925,0.1744854511013076,-57.61408939926611,21.99983616704829,9.507163029173418
0.41196581196581195,-3.140006035996944,1.3390280336501628,0.7004870645566486,-0.479024724553173,-57.45493445617422,28.43018400509208,6.890752818057696
0.4122100122100122,-4.852240176495322,-0.11589633420695664,-1.1384283795152168,0.4924505051398789,-57.29577951308232,24.190149655134004,9.211920424862525
0.41245421245421243,-5.627543086580596,-3.0817980166537216,1.8192081343059678,-0.32912631538855075,-57.13662456999043,17.325713083463597,4.523527016750415
0.4126984126984127,-4.670834844215277,-6.267477777811462,-1.9154035352581373,0.4480957247172174,-56.97746962689853,32.638983574827606,4.671788223002677
0.4129426129426129,-1.6802793964441476,-8.605814579471444,2.3279226002996602,-0.0601264086832263,-56.81831468380664,28.00850769248728,6.132091260167344
0.41318681318681316,2.308876114141263,-9.226283000196283,-2.4558984833073487,-0.18219886546382416,-56.65915974071474,27.369825927324488,8.802757550452666
0.4134310134310134,6.3785000176606985,-7.83243557704037,2.6232102508323525,0.35174625995847475,-56.50000479762284,19.55295216214218,8.323934920359441
0.41367521367521365,9.695377517672918,-4.615216866388778,-2.505835639481906,-0.7199688375571661,-56.34084985453095,42.74469785069895,1.5269604884091876
0.4139194139194139,10.591343111615611,-0.09165879614243264,2.536166491620556,1.017723042534575,-56.18169491143905,29.06114746348648,3.750221802275466
0.41416361416361414,9.159086837668433,4.486836548730487,-2.217457331309164,-1.3066396295125025,-56.02253996834716,23.785631043806738,4.609217083065551
0.41440781440781443,6.23022449994644,7.62884094230596,2.0042991022888996,1.4543596993581442,-55.86338502525526,22.564324933900988,5.446002484072768
0.4146520146520147,2.137558191742399,8.396414221518025,-1.5922661117715728,-1.5488647207667259,-55.70423008216337,26.445064331182408,8.258884197231962
0.4148962148962149,-1.6623352957122928,7.677983611801508,1.10418577525693,1.411525859244605,-55.54507513907147,13.936030896847765,5.508044164183102
0.41514041514041516,-3.8920601773273074,5.312173115770129,-0.8054851995232613,-1.39467749706667,-55.38592019597958,35.1062693123726,14.42931330164645
0.4153846153846154,-4.672163291018164,2.4545382777197413,0.6362376059975504,0.9345029719967333,-55.22676525288768,19.63233390249727,1.9831583778205801
0.41562881562881565,-3.526028770173452,0.12446152482013931,-0.28132693227265937,-0.745009491722779,-55.06761030979579,18.155525857437883,5.42617732131668
0.4158730158730159,-1.8115088321083768,-0.7940255877903079,0.0902106176215831,0.49342820308958124,-54.90845536670389,33.905129463397124,3.5014737166752523
0.41611721611721614,-0.05186085109686611,-0.15541189197548425,-0.04323004634293266,0.08122232998671189,-54.749300423612,27.759497565457025,7.312702248541105
0.4163614163614164,0.5950900212331844,1.6200878768831184,-0.07067328486003394,-0.3853319068633943,-54.5901454805201,23.22243706676506,4.510801980321749
0.4166056166056166,-0.5853453443636086,3.4036617598929695,0.050861170611574705,0.8870917441473132,-54.43099053742821,21.2587258523011,14.770771299958223
0.41684981684981687,-2.7380757724599634,4.2247410695400065,0.12445516401351311,-1.2102634793910565,-54.27183559433631,30.87090204838341,6.403874460469038
0.4170940170940171,-5.637542030199809,3.2817751366105194,-0.36390434840428704,1.4482507023633775,-54.11268065124442,22.468113388734704,7.004388503429956
0.41733821733821735,-7.735853495768477,0.6491143242735457,0.6847472809936995,-1.674529265361356,-53.95352570815252,21.277999085259843,12.918053972026668
0.4175824175824176,-8.228678039414435,-3.0113681881476313,-0.8797722914943933,1.9831925315306438,-53.79437076506063,14.233358349529677,4.459092511812877
0.41782661782661784,-6.711021925395919,-6.81282567969703,1.4328827187410476,-1.815492507164434,-53.63521582196873,18.001095697236497,2.392010342310651
0.4180708180708181,-3.387659469284776,-9.65085867278958,-1.706456462969108,2.069023746323904,-53.47606087887684,24.97705885534511,7.94776308986087
0.4183150183150183,1.1960649087816992,-10.371848374723628,1.9943838803107994,-1.5578492567473596,-53.31690593578494,19.193996759508092,15.350172969114128
0.41855921855921857,5.346898298800899,-9.09707700303661,-1.9605071084334527,1.8073198112669324,-53.157750992693046,14.636052995529116,11.690386596396923
0.4188034188034188,8.493061992436061,-5.779387237072184,2.2160421141857083,-1.4294134475188445,-52.99859604960115,22.1832372681032,8.76084330775007
0.41904761904761906,9.655488861932612,-1.4905811249236287,-2.1278315338142493,1.0132676663471991,-52.839441106509256,35.98234261864312,2.276557281163803
0.4192918192918193,8.536991635386618,2.5258423220624917,2.060006111209713,-0.5615414198775853,-52.68028616341736,27.576662338503507,6.745085463940426
0.41953601953601954,5.933422928130777,5.269793738085648,-1.9983759860427028,0.39061093053627766,-52.521131220325465,35.19799600874111,11.47022376197453
0.4197802197802198,2.4524197471250386,6.043908252503382,1.698278499212841,-0.11939865449587415,-52.361976277233566,19.82903001573849,12.700707488338777
0.42002442002442003,-0.1654826372726923,5.195437492648485,-1.2508432579078008,-0.004573823970159182,-52.202821334141674,32.46335499060175,1.7957076559045138
0.4202686202686203,-1.7610364440042863,3.127085188819134,0.9240470765427908,0.27954834360481606,-52.043666391049776,26.545582098251376,8.190093289732449
0.4205128205128205,-1.603993356622415,1.280613595496016,-0.5023661543691422,-0.039193070346607586,-51.884511447957884,25.7744449750895,4.835946508899245
0.42075702075702076,-0.24069893377959772,-0.035818361117840675,0.05092892420872251,0.043566727889201434,-51.725356504865985,19.54914018112136,6.2755974265547385
0.421001221001221,1.546975784558677,0.41702623933146327,0.40905044616056996,0.25325587070495753,-51.56620156177409,32.8280650741293,5.88616843831703
0.42124542124542125,2.5296042308223123,1.9675079335631431,-0.6074706605324225,-0.5360487675187808,-51.407046618682195,20.324190571817503,3.456723136658027
0.4214896214896215,1.9873664002762892,4.575655871040105,1.0173131813676748,0.8825440035450972,-51.2478916755903,23.20634785388885,4.504069504602506
0.42173382173382173,0.084956993392935,6.189230781177077,-1.2369750816788452,-1.1322764111506953,-51.088736732498404,18.087726752252948,8.49692084256732
0.421978021978022,-3.273215251716214,6.731868666812027,1.3267763694378727,1.6234561051890857,-50.92958178940651,32.680339348344084,15.60350801465105
0.4222222222222222,-6.844382876369289,5.647472874141791,-1.1622967530274935,-1.8124285772293156,-50.770426846314614,36.44582735327266,9.588748403757815
0.42246642246642246,-9.268093966433709,2.406523391286376,1.047873530714785,1.8802161008512999,-50.61127190322272,28.055780296120737,3.3958092508216446
0.4227106227106227,-9.907241088925431,-1.9280614616541412,-0.8121135885003941,-2.3526883334806685,-50.45211696013082,23.359340102867616,1.9356560238869902
0.42295482295482295,-8.389068756925527,-6.142050355614204,0.6061035133134,2.5564842230986806,-50.29296201703893,16.80330860038182,3.7513607706848875
0.4231990231990232,-5.031392115184301,-9.287180045513605,-0.19659128298977396,-2.6649351030211474,-50.13380707394703,34.69775837660315,1.8663152107065244
0.42344322344322344,-0.40102006972497134,-10.288337999419454,-0.02812582537953459,2.437567913972002,-49.97465213085514,36.369581156063724,11.429606751866451
0.4236874236874237,3.752953936711419,-8.969155133152956,0.29236422293320313,-2.330073337947313,-49.81549718776324,25.500396691994666,0.5673568950320873
0.4239316239316239,6.639671705379637,-6.0352787754336275,-0.4638623401748261,2.4620668211086314,-49.65634224467134,24.28720602049994,5.371760707682849
0.42417582417582417,7.643179739452077,-2.295910429429115,0.5152440821150767,-1.884010074344482,-49.49718730157945,25.60481800243524,6.025126312989855
0.4244200244200244,6.576379084486672,1.0106664789135744,-0.7712763907278848,1.5876340506142894,-49.33803235848755,25.735728241776382,16.123056449969578
0.42466422466422465,4.286916525719837,2.914143576036324,0.6790147565104637,-1.2607758588192466,-49.17887741539566,33.557912155260674,8.366409908037646
0.4249084249084249,1.8435416886341633,3.166493185796811,-0.6062226188859536,0.5509099012720315,-49.01972247230376,28.505866867990285,6.825806256762229
0.42515262515262514,0.253674961002168,2.118133281730206,0.3853443030916164,-0.39806044768720483,-48.86056752921187,27.07464650516153,8.317909474916984
0.4253968253968254,-0.08326033201302305,0.1695526869052026,-0.12219525864122566,-0.002891939295619629,-48.70141258611997,18.48062477583006,14.710248070053575
0.4256410256410256,0.8788732726918355,-0.8769258848545467,-0.405162459344827,0.0710548326367435,-48.54225764302808,22.82474508929342,12.099303054238083
0.42588522588522587,2.9199577974748907,-1.2570551168164317,0.7309067961621245,-0.3209984761093912,-48.38310269993618,28.842469560155482,5.032456117666738
0.4261294261294261,4.757645753670283,0.5892147460456206,-0.9726314061713658,0.40486878078740185,-48.22394775684429,37.62552906883486,13.33798935591579
0.42637362637362636,5.2694170758002095,3.0678668553075408,1.6251376146602587,-0.21181040515685068,-48.06479281375239,29.598315823841773,12.366435191323617
0.4266178266178266,4.151953857993033,6.0769435805088605,-1.9240931855690524,0.24701620812909938,-47.9056378706605,33.82644612915021,7.324076289991654
0.42686202686202684,1.0893546813843402,8.424240833282372,2.167579030915267,-0.2354248301866328,-47.7464829275686,22.99586124831474,3.7836890200291844
0.4271062271062271,-2.6895487821558306,9.074522633856805,-2.3961664670507052,-0.2900553402804258,-47.58732798447671,37.79333234465325,12.213857916145132
0.42735042735042733,-6.822288752864443,7.4595820724938,2.4750852832183377,0.5990668435844386,-47.42817304138481,26.343917986201046,1.521095560693005
0.4275946275946276,-9.527568134635361,3.955643594573912,-2.3926015487554273,-0.7422054851116621,-47.26901809829292,29.634832342487066,3.8633716461583636
0.4278388278388278,-10.378452121142857,-0.7382039326421628,2.4627469771371104,0.9562173305798675,-47.10986315520102,27.946754972156274,7.467840572789255
0.42808302808302806,-8.919351501577482,-4.868508649727124,-2.219185029111606,-1.326815911471778,-46.95070821210913,27.679895678854738,3.5161427529114473
0.4283272283272283,-5.612237327362846,-7.731936347468435,1.7952574448109861,1.3239284235980873,-46.79155326901723,24.152559798681025,2.3282359564011785
0.42857142857142855,-1.9571764630034487,-8.68696216912349,-1.4955034093172117,-1.5636371118342718,-46.63239832592534,27.389500561664633,7.269974568237654
0.4288156288156288,2.048817265823182,-7.639419449555225,1.244533729327138,1.430396737117882,-46.47324338283344,24.488385487697535,3.526326747901864
0.42905982905982903,4.2683311022226835,-5.21126915039588,-1.024436943556712,-1.40413660484339,-46.314088439741546,18.6833871191504,5.515943280352335
0.4293040293040293,4.657017609242341,-2.3964205189907255,0.7472599899857613,1.1535683495442544,-46.15493349664965,24.731993113355152,15.588998429605073
0.4295482295482295,3.809482855787938,0.06387788805774913,-0.3268497900185896,-0.9029664523514527,-45.995778553557756,23.99593364732894,17.10405332924235
0.4297924297924298,1.8656493776192726,0.8027114881202755,-0.2119612345434057,0.4657921472215714,-45.83662361046586,23.35936811617058,8.92229240577839
0.43003663003663006,0.3011214730201006,0.3252522978596683,-0.07413250781703257,-0.057984732031767156,-45.677468667373965,26.498572218685553,11.82399341659366
0.4302808302808303,-0.3719319548262028,-1.285339051536959,0.02859499713626968,-0.36623067197208603,-45.518313724282066,26.26044165526623,12.842719935249633
0.43052503052503055,0.5569988727545355,-2.8972824530411017,-0.19416520124083353,0.9100563214810062,-45.359158781190175,18.463921504266274,2.4240045221725808
0.4307692307692308,2.8277782928132518,-3.67057130685127,0.27164903550819924,-1.0327803608986128,-45.200003838098276,31.38002382162265,8.961447911138492
0.43101343101343104,5.399795979190737,-3.011891709702279,-0.2477848718126682,1.5702698547929912,-45.040848895006384,33.41483472117437,2.0526269249542404
0.4312576312576313,7.160340316953796,-0.4428951817026907,0.679618730425223,-1.6772683312661376,-44.881693951914485,32.00035838770713,10.718892549359627
0.4315018315018315,7.821015477859697,3.40968179721637,-1.129954629234139,1.6592403206159037,-44.722539008822594,12.015734718190947,7.683695895241628
0.43174603174603177,6.146042949531224,6.966613978315406,1.394882954013917,-2.001453424198087,-44.563384065730695,37.539732984921976,5.112208154735055
0.431990231990232,2.7246778555352127,9.567506820833076,-1.5365433969265734,1.850464928436166,-44.4042291226388,36.839544600601464,10.384683861993897
0.43223443223443225,-1.3650532195119618,10.200018172537392,1.8593152792353635,-1.8696468146223157,-44.245074179546904,30.17885450248618,10.494700636477772
0.4324786324786325,-5.7262670841140695,8.636014060179123,-2.1449522449728415,1.5308344902201583,-44.08591923645501,27.010214561584426,15.585568436363685
0.43272283272283274,-8.79469229117485,5.273866003584596,2.106347133279976,-1.260724142950256,-43.926764293363114,18.341111540526867,8.615881964635578
0.432967032967033,-9.794142499176766,1.1600066004514114,-2.3087723638238082,0.9606304637158765,-43.76760935027122,22.596145404320907,5.843356450029062
0.4332112332112332,-8.223896081595628,-3.0100198944196457,2.0673481124495896,-0.6041377858897367,-43.60845440717932,32.73845864428009,12.579060450246006
0.43345543345543347,-5.511937441887283,-5.368510922175178,-1.8900224326724315,0.3936199256337756,-43.44929946408743,28.76197004849831,2.317414982817926
0.4336996336996337,-2.139637399334631,-6.413352991007302,1.5438182387749952,-0.4972899190734034,-43.29014452099553,28.936665477664594,8.650539261730188
0.43394383394383396,0.6011722810943183,-5.447159400466721,-1.2429324491621885,-0.10345050252810208,-43.13098957790364,29.571979685046234,1.1083423844534481
0.4341880341880342,2.1218302359520966,-3.455105194692732,0.890168091176242,-0.008601045217610487,-42.97183463481174,30.756939035611243,9.241034948972658
0.43443223443223444,1.845548828961104,-1.2318578147343935,-0.4209087165132547,-0.09120836278332364,-42.81267969171985,23.092265538760827,5.074117313894962
0.4346764346764347,0.3288659257303066,0.0700221697418881,0.04018494300007683,0.05055050794399775,-42.65352474862795,29.397447591272837,6.084929782754179
0.43492063492063493,-1.154570421386748,-0.4220262266115245,0.23381227353456796,0.2358106705833649,-42.49436980553605,25.77726434526814,3.9672625906446517
0.4351648351648352,-2.1848881161767753,-1.9202940163018851,-0.5512743359832928,-0.2278393872051559,-42.33521486244416,30.142759552040587,4.043181897837607
0.4354090354090354,-1.5700855130798304,-4.2685267277850185,0.9541146340342567,0.7625882331604278,-42.17605991935226,29.088986684854852,16.42988310625867
0.43565323565323566,0.23685549312671106,-6.122911944411088,-1.037301232794325,-1.1948321326834503,-42.01690497626037,32.21675980029255,5.68984992757937
0.4358974358974359,3.4198118872206833,-6.389308424403869,1.0436620422089138,1.4602353748456993,-41.85775003316847,23.110025574069827,6.653960723517889
0.43614163614163615,6.780803156410754,-5.062630708577299,-1.0048811134728164,-1.8254523829868814,-41.69859509007658,35.788003341304766,17.53550965081169
0.4363858363858364,8.986563478990744,-1.6895657272896423,1.0404565042264367,2.1823520155232625,-41.53944014698468,24.681405938051636,3.294619584400916
0.43663003663003663,10.010913812799156,2.2909537739045103,-0.676605087516152,-2.348445627356919,-41.38028520389279,23.166449916936497,11.354609541862583
0.4368742368742369,7.816151321066259,6.363674972585721,0.508570512946087,2.562813352044787,-41.22113026080089,30.983548212607705,10.763646207527257
0.4371184371184371,4.410266677226041,9.37751468203482,-0.28080604458773956,-2.565430757087152,-41.061975317709,36.06148132505485,17.46751742461995
0.43736263736263736,-0.18805493901373976,10.227065082088203,-0.1165969091514372,2.49993806065632,-40.9028203746171,27.58104225576179,2.186898692266693
0.4376068376068376,-4.09649923324106,8.610239166482085,0.15591199020758542,-2.4080572760340706,-40.74366543152521,20.51142764428853,4.299424238894831
0.43785103785103785,-6.87272385441053,5.623948792649107,-0.5129035686608459,2.0895879116824285,-40.58451048843331,40.962548352518304,4.817653740154282
0.4380952380952381,-7.800408549591033,1.9075729669462165,0.760756080107785,-1.8382526177446565,-40.42535554534142,25.31932501785695,8.702129237934882
0.43833943833943834,-6.4160493242609595,-1.3201903858529622,-0.6109941547868146,1.5771650551360015,-40.26620060224952,24.762063432503723,12.168077381117692
0.4385836385836386,-4.237153123300491,-3.360520819870816,0.7475631001161591,-1.013895425729969,-40.10704565915763,22.471197826255224,5.712773494674117
0.4388278388278388,-1.805634533686659,-3.3789815053906014,-0.5024822162772274,0.7422134447270468,-39.94789071606573,19.462278342148498,4.303757329529137
0.43907203907203907,-0.17017574874016275,-2.352976765234577,0.38306087227684227,-0.4450826986970237,-39.78873577297384,28.4240546115765,3.882946393612855
0.4393162393162393,0.23404270675810185,-0.5381290584421636,-0.12074931399693438,0.0821787425376753,-39.62958082988194,30.074852123866076,7.0697273865702135
0.43956043956043955,-0.7944894362934617,0.8555925949608804,-0.1884807746878732,0.024349481870161116,-39.470425886790046,31.6549302796482,12.102373977909
0.4398046398046398,-2.7267443977473946,0.8677271249911989,0.6409145298196665,-0.21361348193024654,-39.31127094369815,25.093889194713952,5.976499145439947
0.44004884004884004,-4.412444880716365,-0.5917671634996523,-1.2771820724021294,0.2936372637278799,-39.152116000606256,36.50421851637668,7.528470926839679
0.4402930402930403,-4.881923519467076,-3.482313996472167,1.4747080867230904,-0.26605261401596053,-38.99296105751436,32.73090641476963,7.74455490852041
0.4405372405372405,-3.6748096311793144,-6.125730551866973,-1.7867290690557378,0.16774685236268383,-38.833806114422465,31.141634606245887,7.913353503994054
0.44078144078144077,-0.8489414190770659,-8.192555305967261,2.181955326265541,-0.20947175090983847,-38.67465117133057,38.196366128773874,8.48653357247838
0.441025641025641,3.1610577985589816,-8.600712592705534,-2.2805782382786015,-0.18399644422602082,-38.515496228238675,30.038116320137952,16.485121685560905
0.44126984126984126,7.10297431156576,-6.922748567259792,2.3028797333200246,0.4054343121926104,-38.356341285146776,30.0074486085023,3.5304786582455154
0.4415140415140415,9.739223651535493,-3.4533033237134907,-2.4733597640566107,-0.8558004532477647,-38.197186342054884,38.91629315819584,7.313811306217679
0.44175824175824174,10.302994415300955,0.8907281040723114,2.2346631401241486,1.0996587842630186,-38.038031398962985,33.50289896047051,4.389246172832475
0.442002442002442,8.557916808691392,5.3438995907788955,-2.087185649937378,-1.3097223682914576,-37.878876455871094,26.987893183569238,6.919703068462435
0.44224664224664223,5.235396571296268,8.0399115706873,2.0434859489795185,1.5377654393399987,-37.719721512779195,35.08379972288268,9.419393978369632
0.4424908424908425,1.2281114441035796,8.790284057562472,-1.7510474105536695,-1.4280635914727973,-37.5605665696873,25.356381281765216,7.611900340093117
0.4427350427350427,-2.3591265209504164,7.656416774780476,1.3185271829285958,1.547821248105002,-37.401411626595404,32.04596840296505,5.687595357398111
0.44297924297924296,-4.40648452496871,4.89462809871514,-1.0522658516916223,-1.4888209976637639,-37.24225668350351,32.39612801729646,8.451209520647364
0.4432234432234432,-4.903028634952126,2.203732768880967,0.6490930140870217,1.1548272206182304,-37.083101740411614,27.078133480862242,0.38913636286253017
0.44346764346764345,-3.7671692798494414,-0.27565113718139644,-0.4249044499685645,-0.8720925315066894,-36.92394679731972,37.09514678077616,9.222920464143291
0.4437118437118437,-2.109723331447762,-1.2007479465594606,0.18482431049823025,0.4988619092136009,-36.76479185422782,32.36646506724147,8.17302092422385
0.44395604395604393,-0.4593025773073398,-0.13836480019799624,0.11022525210453543,-0.07767967275214416,-36.60563691113593,25.602663486677923,5.100868770333371
0.4442002442002442,0.2883807048406041,0.9236968513290444,-0.005387261465426228,-0.2554318727980257,-36.44648196804403,36.314142134081315,6.560744839594693
0.4444444444444444,-0.6290471045270609,2.601801759175796,0.03788230208986561,0.525980438439218,-36.28732702495214,35.539991604666234,11.35632922948226
0.44468864468864466,-2.6019697407237694,3.4235399340114467,0.28192557836938964,-0.8955314143307732,-36.12817208186024,33.11399805949813,2.920095575066945
0.4449328449328449,-5.297617850924798,2.5440311875936987,-0.4033574801932675,1.491492741211921,-35.96901713876835,33.70045149591641,11.418181328635127
0.44517704517704515,-7.160100492365218,0.0691774183520826,0.6674259218567717,-1.6396909610704535,-35.80986219567645,29.37421049840899,18.798618671934328
0.4454212454212454,-7.470166370147222,-3.4713374202737213,-0.964027176382175,1.632575089646589,-35.65070725258456,31.093321121069938,2.0858671146719354
0.4456654456654457,-5.890976458140721,-7.042895191435094,1.1130465377496364,-1.929522292033973,-35.49155230949266,25.261734058779364,8.450861408970344
0.44590964590964594,-2.2438689830663323,-9.413779174655735,-1.5095513677965777,1.8911193928645063,-35.33239736640076,26.691415598618622,20.557065367279357
0.4461538461538462,2.054910005337156,-9.749945018138078,1.9453612712598827,-1.775010826931621,-35.17324242330887,20.33684758177469,20.40831231968938
0.4463980463980464,6.139512370368848,-8.373258125695285,-1.9452229888366808,1.4021253345907754,-35.01408748021697,18.53753685806931,8.497587585562874
0.44664224664224667,8.871591569388928,-4.748858832742008,2.3226637986937244,-1.166286136189314,-34.85493253712508,37.95387178510632,1.634984457762981
0.4468864468864469,9.701020260247438,-0.3943829984099476,-2.1647057556652114,0.9327024945275872,-34.69577759403318,23.665319233605477,13.959661826043428
0.44713064713064715,8.213799566137917,3.3612641734804596,2.28203022799524,-0.6167023927511841,-34.53662265094129,18.579191774295808,4.94445692804892
0.4473748473748474,5.36337579367483,5.909809557890897,-1.908403696459378,0.28321379583959033,-34.37746770784939,41.644799316370644,7.437449177047849
0.44761904761904764,1.986359254450915,6.651062233227369,1.5749437380834668,-0.04473327903668124,-34.2183127647575,24.347868446924902,0.7190802616353098
0.4478632478632479,-0.9549568490430314,5.482251015870266,-1.5190720873489871,-0.1321046233194667,-34.0591578216656,27.644151000366186,12.294549495388301
0.4481074481074481,-2.2173915926375094,3.5472052827718095,0.9272670472167943,0.023683349066779505,-33.90000287857371,30.9697914136949,8.697041564551517
0.44835164835164837,-2.22237296319056,1.1130888232424145,-0.4588570234193498,-0.1992420930379742,-33.74084793548181,22.381365468756222,4.242663683469693
0.4485958485958486,-0.7481758131530003,0.0640975792520123,0.11061144142036985,-0.08717791674619924,-33.58169299238992,23.07420521302561,12.244747998011276
0.44884004884004886,0.8823416094480712,0.47945426294592264,0.3528454637348081,0.14554807443216197,-33.42253804929802,32.871690944784945,11.382434607771623
0.4490842490842491,1.638160103404442,1.9926193541689197,-0.5040332332786561,-0.32575265565162165,-33.26338310620613,29.96455235123397,8.078515897946689
0.44932844932844934,1.3318107795002831,3.963193375369549,0.8301768521969015,0.72546525928117,-33.10422816311423,33.442805240988655,1.8244138449556193
0.4495726495726496,-0.5896974182413107,5.542197394212209,-1.046040568190924,-0.8470058918958838,-32.94507322002234,35.876598457322736,14.50583316868705
0.44981684981684983,-3.6292092560469733,5.933132852920338,1.0262807821779025,1.5358604983099566,-32.78591827693044,30.235613695782654,9.20659432586095
0.45006105006105007,-6.820220034940179,4.661690608320697,-1.0259309590466457,-1.5404886436313578,-32.62676333383855,23.720979731048107,16.163476818047286
0.4503052503052503,-8.901695282495403,1.2470946908226423,0.9052234680737533,1.8855121347635109,-32.46760839074665,28.25240282808412,10.586998967713182
0.45054945054945056,-9.169373142320671,-2.8633419078442053,-0.8407722907267235,-2.2209885065555794,-32.308453447654756,35.16345931330836,6.470924309945355
0.4507936507936508,-7.5134509765799296,-6.66464130146509,0.5215760940303737,2.182731953941683,-32.14929850456286,23.12771005567093,11.37485365936401
0.45103785103785105,-4.036860175605638,-9.483545001356001,-0.19833959400520723,-2.56910134134155,-31.990143561470965,21.747963129418853,16.209456135516774
0.4512820512820513,0.2911185398754125,-10.062822232293389,0.1270762155125739,2.518253085920603,-31.830988618379067,36.582584566935914,13.45166263918858
0.45152625152625153,4.596302766501823,-8.521407468123606,0.4376853430698063,-2.4260131391936985,-31.67183367528717,29.956162300786396,5.432265945184507
0.4517704517704518,7.079828168366785,-5.460923643188856,-0.5894583925677472,1.9152078763933984,-31.512678732195276,40.88662444260253,3.0824854298585325
0.452014652014652,7.596947354029226,-1.3226804547823665,0.6144117630168443,-1.9039407117693288,-31.35352378910338,32.16526075795152,11.144154702320517
0.45225885225885226,6.577907477906351,1.5977790799068954,-1.0455140374038625,1.6518716853078452,-31.194368846011486,22.52262041059521,11.782692875878578
0.4525030525030525,4.4336330242571,3.446585271627686,0.7920343365416651,-1.2113748347488027,-31.03521390291959,35.615885183229274,6.453397297879982
0.45274725274725275,1.7815143860385083,3.7379224988911566,-0.6168626817167367,0.8231021688308159,-30.876058959827695,36.39834319666369,2.2691304682842537
0.452991452991453,-0.006485046904709169,2.5523043586763365,0.6892347958171622,-0.3495465976090953,-30.7169040167358,32.99672389419511,8.5349484396949
0.45323565323565324,-0.274273490117972,0.8847235808789721,-0.28034149142711395,0.12499635224382331,-30.557749073643905,28.05371612718881,4.731848407326072
0.4534798534798535,0.817178595877423,-0.5713562423992791,-0.11733272961794539,0.07246079547435001,-30.39859413055201,35.84897228776233,11.403022306334359
0.4537240537240537,2.4850271632084517,-0.6777138812381867,0.4809783964698989,-0.17824854797857886,-30.239439187460114,32.10161546038422,1.2988154217410106
0.45396825396825397,4.061316753406176,0.6182352263480977,-0.930377078995219,0.4858291457500248,-30.08028424436822,38.634465277530616,4.831929015387092
0.4542124542124542,4.288219897726041,3.276328955961144,1.4058385602418797,-0.441855937508338,-29.921129301276324,42.87691257790821,8.084287817642748
0.45445665445665445,3.202263329877774,6.109181701269815,-1.739727295147614,0.46044448851296255,-29.76197435818443,42.14681579053919,1.5629361968727367
0.4547008547008547,0.3379815750525418,8.003516044335313,2.0149517485073924,-0.0947321500580308,-29.602819415092533,31.74967988120581,6.045611754729768
0.45494505494505494,-3.3444037388704873,8.32299154778902,-2.1165650853051345,-0.2697824588197048,-29.443664472000638,39.38814664972936,7.901210009778746
0.4551892551892552,-7.180654272013137,6.422450123012081,2.4183504468638684,0.36744400369839514,-29.284509528908742,32.92019430460021,11.302736387603106
0.4554334554334554,-9.770532726485387,2.945278535569721,-2.2180992182091295,-0.8112115851793578,-29.125354585816847,33.60900452121335,2.894538746037416
0.45567765567765567,-10.036808627393668,-1.6086450946278,2.4144766268947233,0.9939823757020727,-28.966199642724952,30.66313234667079,9.637047722584766
0.4559218559218559,-8.2707678293222,-5.465245690959648,-2.1600754572745253,-1.368683265553468,-28.807044699633057,36.71561067236702,12.604192906685421
0.45616605616605616,-4.718826579178556,-8.17117970460334,1.9327298708639524,1.3459564411349516,-28.64788975654116,29.12909406037211,11.107317121889091
0.4564102564102564,-0.8374306984348495,-8.88951451647511,-1.634080860425649,-1.5455155445255224,-28.488734813449266,33.59644802471832,5.42058681674828
0.45665445665445664,2.5648738245193794,-7.704317504178086,1.3681895612518196,1.6726549716670314,-28.32957987035737,39.03932085932391,3.743320106946005
0.4568986568986569,4.799289608698492,-4.758358972987306,-1.1614600917276023,-1.2561748733277913,-28.170424927265476,24.781791441916255,5.382261592944425
0.45714285714285713,5.312987292432467,-1.9236676948872717,0.6662549544502898,1.2464125405781652,-28.01126998417358,36.18692485626573,12.629783545330874
0.45738705738705737,4.080649218362559,0.40892254902164704,-0.3479652846787827,-0.9897491776461163,-27.852115041081685,22.19850871441098,5.698435459908381
0.4576312576312576,2.0367482057248876,1.3300558459724803,0.16248619476969817,0.6993961339122554,-27.69296009798979,30.324528261885867,6.232637344086691
0.45787545787545786,0.6575613674251591,0.7761888753924944,0.06538018846071779,-0.18509122934648592,-27.533805154897895,35.67329595291742,8.510318275216212
0.4581196581196581,-0.0818488112675517,-0.8609297006302518,-0.02294860292328817,-0.21360230234370892,-27.374650211806,33.58423932992699,9.045809673408074
0.45836385836385835,0.5620563966586041,-2.3438106480129575,-0.12313965103314228,0.5039853644133684,-27.215495268714104,38.70302585927403,9.54717160648258
0.4586080586080586,2.7233606683823166,-2.803137693416926,0.2378064945079251,-1.067693025098123,-27.05634032562221,40.678381038974514,5.790113889758349
0.45885225885225883,4.9901418970607025,-2.009520738245709,-0.2830646642014327,1.2328407247459017,-26.897185382530314,28.69768942006185,7.524172673787076
0.4590964590964591,6.917572932714227,0.4104168758877474,0.4944507940606425,-1.5692437926060017,-26.73803043943842,27.43121061813337,9.11417789033075
0.4593406593406593,7.04038642828664,3.619139350883573,-0.9055846165046768,1.8889695899957972,-26.578875496346523,25.183363322882872,3.0324337680812423
0.45958485958485956,5.060466311164029,7.134197700448411,1.4158536476920287,-1.778426402336895,-26.419720553254628,37.904410369694645,2.66329528203623
0.4598290598290598,1.7171035905317373,9.293034616750074,-1.6199714043312046,1.727210293509741,-26.260565610162732,39.49837520437048,8.959886534569826
0.46007326007326005,-2.507932148015813,9.665989993349491,2.0907938725941544,-1.6463096791005276,-26.101410667070837,24.502752444686312,12.589294020678775
0.4603174603174603,-6.502703200576881,7.695267138689042,-2.0458533627501434,1.3421759177233343,-25.942255723978942,21.67539548337997,10.839504737995718
0.46056166056166054,-9.15474132626707,4.251579304216276,2.1458957424282294,-1.1888717613092703,-25.783100780887047,43.62147200846359,11.43005218197613
0.4608058608058608,-9.558609914645157,0.14429234072161642,-2.301269119968312,0.9616975951489947,-25.62394583779515,36.34386704254343,7.4808821915000445
0.4610500610500611,-8.082047084934207,-3.9721860756887613,2.0898521705592037,-0.47317220613396127,-25.464790894703256,42.741080261770314,11.956079625194526
0.4612942612942613,-5.09232400296345,-6.348522251944065,-2.129534307102457,0.4294256055260042,-25.30563595161136,39.43181451593665,10.217322887853314
0.46153846153846156,-1.7929530769897073,-6.753953064090958,1.6956140567414744,-0.16661204229836565,-25.146481008519466,32.935345120233144,5.0248972865795904
0.4617826617826618,1.0214933948567138,-5.51497507148734,-1.3148713892643227,-0.025760021452842223,-24.98732606542757,41.69666796577283,12.885141067729714
0.46202686202686205,2.57912411009111,-3.5160043048665557,1.0743044960598882,0.17971184188600012,-24.82817112233567,31.676651054173163,16.715528052146123
0.4622710622710623,2.2316016561005765,-1.1641773235781352,-0.5488309509285181,-0.18560643286262926,-24.669016179243776,30.840794672820664,7.93314457713784
0.46251526251526254,0.8698305101953997,0.024056592636224144,0.3098237103720315,0.1259442284811005,-24.50986123615188,33.8948979002266,5.632215185910592
0.4627594627594628,-0.6363064828416038,-0.47915804736674916,0.2064842606367535,0.0723971948783587,-24.350706293059986,39.526427186467785,13.987088528247728
0.463003663003663,-1.6676497887413453,-1.8453369140089422,-0.5834638013303439,-0.40860441256366103,-24.19155134996809,29.96567505678679,7.749170298604867
0.46324786324786327,-1.1491622994692954,-3.7974116063096592,0.8135408461472055,0.6382797976862244,-24.032396406876195,43.643271556460505,7.890083552387507
0.4634920634920635,0.6982936477617372,-5.279699892160816,-0.975548256524273,-0.9204413924140799,-23.8732414637843,39.09636339837653,8.836724021959306
0.46373626373626375,3.7790158184633302,-5.51788791025266,1.041621792080524,1.3591773909619445,-23.714086520692405,42.451801074137705,2.9793901147528707
0.463980463980464,6.763567350796831,-3.9333912152156447,-0.9350489755418175,-1.690579317774027,-23.55493157760051,42.46280020429065,8.864040340704442
0.46422466422466424,8.732411082732035,-0.94427759463516,1.0902306548413834,2.0764893477129758,-23.395776634508614,36.70460159571802,11.257708545547375
0.4644688644688645,9.013353019502716,3.1379015774780785,-0.6332631020835787,-2.2428486537040597,-23.23662169141672,27.091271087804014,3.674406962863144
0.4647130647130647,6.885773540922308,7.052153708108726,0.4114155747181861,2.4865700741750367,-23.077466748324824,41.866547901683944,14.05511285847153
0.46495726495726497,3.391755690289101,9.50116038457457,-0.07932893341335659,-2.476133256994845,-22.91831180523293,20.825269142859355,2.3392703988707586
0.4652014652014652,-0.9517304549990296,9.885459520923165,0.01015028690020403,2.397347052888459,-22.759156862141033,35.580864794943885,2.8390093077103042
0.46544566544566546,-4.944971028948091,8.38424104877287,0.07257970680886233,-2.3117854104555104,-22.600001919049138,38.713940668335354,2.586443790434844
0.4656898656898657,-7.371335847919655,4.864754534645962,-0.6295892180299811,2.160427046695165,-22.440846975957243,29.189508518906408,2.8865065025120975
0.46593406593406594,-8.076260417524919,1.0696426695975876,0.6405273528034948,-1.729212086237523,-22.281692032865347,37.51199915394248,6.791732973594305
0.4661782661782662,-6.571601733804137,-1.9956248196623183,-0.7787430205172918,1.771477495571121,-22.122537089773452,41.450395450158425,17.527952952833864
0.46642246642246643,-4.196268308988902,-4.084855629903545,0.7670506432520132,-1.0732710333696225,-21.963382146681557,31.69135860268184,2.8373367892042034
0.4666666666666667,-1.6536635545818053,-3.832928526044043,-0.6415637302048279,0.896752095254917,-21.80422720358966,47.168100999057536,5.99322705409097
0.4669108669108669,0.06586535157955248,-2.6293735186498592,0.47243249227111694,-0.5317947057426686,-21.645072260497766,41.94853924950847,11.143209994162588
0.46715506715506716,0.6107333218512863,-0.8654355285201618,-0.2040653091343758,0.2077403833906889,-21.48591731740587,35.093470609929135,4.27414901412678
0.4673992673992674,-0.5291216303162031,0.4712067314202629,-0.1679305773368977,0.12287921575602159,-21.326762374313976,33.41020320873649,11.156040369895843
0.46764346764346765,-2.065813570223597,0.3313648393027939,0.5191390377846326,-0.2885860420444737,-21.16760743122208,25.81872677143077,7.019445072578466
0.4678876678876679,-3.510517379551994,-1.052954919177314,-0.9702830601359355,0.42161301151776104,-21.008452488130185,31.533739031263423,5.981981749129946
0.46813186813186813,-3.917950736663523,-3.3040662250413546,1.2667523045530258,-0.2600088251379215,-20.84929754503829,38.78123695459643,9.304908321561559
0.4683760683760684,-2.7794712025105888,-6.081522192479996,-1.6327042482377612,0.279715461459359,-20.690142601946395,42.206695387672404,11.845225823990441
0.4686202686202686,0.1150905272074577,-7.759671451402057,2.1119344722245685,-0.1776743648094123,-20.5309876588545,37.861623064085926,10.82628416441326
0.46886446886446886,3.515751393249637,-7.804987046026323,-2.0473870548256627,-0.1438305558021421,-20.371832715762604,39.56183645460017,8.100010775971874
0.4691086691086691,7.290932412225466,-5.954987922837193,2.497803062086691,0.7598451089010794,-20.21267777267071,24.83654886688256,7.462880344542612
0.46935286935286935,9.606922214595885,-2.569434079281223,-2.333530449301533,-0.7023457378270043,-20.053522829578814,27.73545515250132,8.726643340333093
0.4695970695970696,9.905444068836827,1.919324058325862,2.1754659728128214,0.993947382661617,-19.89436788648692,50.892287482044964,1.8321795739490079
0.46984126984126984,8.016984182193289,6.066623594386948,-2.181710054031224,-1.5099037184482673,-19.735212943395023,36.94694068083651,11.959901021149268
0.4700854700854701,4.445356287458856,8.473115651942718,1.8805232622926384,1.357549090833279,-19.576058000303128,36.75841821599667,11.545429583562637
0.4703296703296703,0.42913836050103715,8.900306441325261,-1.5653254387257154,-1.5977006505248288,-19.416903057211233,49.28084351170661,10.80857200599828
0.47057387057387057,-3.105087859361092,7.403230387960894,1.1429066045238039,1.5442204731021207,-19.257748114119337,51.045133347215305,7.006723071747806
0.4708180708180708,-5.27694614886377,4.686397225511943,-1.1117630645726475,-1.4718474807298554,-19.098593171027442,34.05433572587661,3.0813120310768047
0.47106227106227105,-5.311656533475208,1.7500686981727531,0.7118971748272348,1.4200268201617405,-18.939438227935547,42.60399434593111,9.844675555854543
0.4713064713064713,-4.241453139388821,-0.6726984767647003,-0.2715283387045868,-1.0196356723624407,-18.78028328484365,39.43235570345585,4.565658822663293
0.47155067155067154,-2.3257203410258485,-1.5664352665081833,0.4090505527571423,0.5739847635073073,-18.621128341751756,35.733089228948515,5.084354175161002
0.4717948717948718,-0.5074066455528081,-1.0327055026447616,-0.022493771042183145,-0.17963564017098274,-18.46197339865986,40.43285229879989,6.142675519595342
0.472039072039072,0.061944788524564656,0.5747248768443229,-0.011750204641280645,-0.04862342631383945,-18.302818455567966,41.957884979867416,7.222273698557607
0.47228327228327227,-0.9139457912327862,1.9946848380929347,0.03187940536429745,0.5149892918955808,-18.14366351247607,44.97177676142448,6.117501856729391
0.4725274725274725,-2.583296130297347,2.5908048873857665,0.3252288713389816,-0.894465935984339,-17.984508569384175,34.4683092295702,13.90691866589722
0.47277167277167276,-4.7619652789714335,1.5495116764539145,-0.3909876012788379,1.217259807181815,-17.82535362629228,39.20822058458248,6.881343919590625
0.473015873015873,-6.484107334755724,-0.5764547123302197,0.6584801617043743,-1.5169680445316873,-17.66619868320038,38.18580578694786,10.744926216448812
0.47326007326007324,-6.57612879585173,-3.9433779250617307,-1.0824652716144552,1.7206243135108361,-17.507043740108486,45.20583951414149,5.6170232842047545
0.4735042735042735,-4.798509324342125,-7.048572237360948,1.2939139564408342,-1.7676120737606917,-17.34788879701659,50.6162836403694,12.058060257634548
0.47374847374847373,-1.224664140364497,-9.209749387823523,-1.564215464696344,1.765224203818438,-17.188733853924695,41.89437455980556,1.3997809731878523
0.473992673992674,2.8437186873402607,-9.38045474331862,1.8853045744215517,-1.6723546026804736,-17.0295789108328,43.926707217712405,8.741166328093412
0.4742368742368742,6.5082461947118,-7.551647449379972,-1.9771935939937209,1.4488878445308475,-16.870423967740905,38.46401870759051,8.276773511719437
0.47448107448107446,9.193106446195392,-3.906287224096608,2.2102978513931566,-1.3056455661054465,-16.71126902464901,49.805859330586735,8.159921002819582
0.4747252747252747,9.551916900263965,0.47467335937505134,-2.2847923007459197,1.027849975737583,-16.552114081557114,46.61136663161539,4.470378684973771
0.47496947496947495,7.7870969885573205,4.103095079920019,2.1242810902281857,-0.5885045610668636,-16.39295913846522,40.14866589151472,7.533042781689012
0.4752136752136752,4.7145343303492115,6.595335853464844,-2.0369268814280925,0.27377193922196247,-16.233804195373324,55.42103042338298,10.395625129575992
0.47545787545787543,1.280900235936334,6.903297233207246,1.6564833182008611,0.0023425339827154446,-16.07464925228143,38.85835201009008,22.976900496258892
0.4757020757020757,-1.2609686717362565,5.596451433709691,-1.466313390351421,-0.028151756578464214,-15.915494309189533,33.32525898008084,5.108350199516495
0.4759462759462759,-2.665373263451756,3.3254858905382076,1.0168628474897303,0.1566028264585037,-15.756339366097638,39.828673267000106,4.723713052637408
0.47619047619047616,-2.564644035206122,1.260065550929481,-0.7590044407318405,-0.13871088310373528,-15.597184423005743,50.845385796114776,15.720425515818752
0.4764346764346764,-1.1983444937887018,0.06397741520828615,0.222037841296973,0.30560372002718905,-15.438029479913848,39.18018662854227,4.711024784933984
0.47667887667887665,0.3979836473306534,0.07982932288750134,-0.05944706040108705,0.013257837852708794,-15.278874536821952,45.9312559580344,4.087542450188354
0.47692307692307695,1.072878803767885,1.6867435453869855,-0.5081800911985016,-0.22966312291521412,-15.119719593730057,43.65465812072447,8.099153267772643
0.4771672771672772,0.8218201587145584,3.699116268188037,0.7078281984034422,0.8153267780006446,-14.960564650638162,48.21513823662615,10.664769346251903
0.47741147741147744,-1.0557307131407991,5.0342171194227,-0.9281062921140172,-1.0514614028372826,-14.801409707546267,54.99991799787991,7.505361874016244
0.4776556776556777,-3.8515006887819774,4.8719674955939585,0.884380683665227,1.3169939872115184,-14.642254764454371,43.90200684387023,8.818360832567285
0.4778998778998779,-6.567566984036992,3.5533101051252545,-0.8285017659832915,-1.667021029385379,-14.483099821362476,50.795961704744016,15.505719627601382
0.47814407814407817,-8.568764464338203,0.5807912351854316,0.710639837475444,1.7773311800110463,-14.32394487827058,41.789962821223426,11.090951411395366
0.4783882783882784,-8.567292155902667,-3.5871999918392614,-0.6520275863566007,-2.0191968431923066,-14.164789935178685,45.54013804873261,2.541257304584755
0.47863247863247865,-6.565485833397413,-7.159105579395676,0.596584178831101,2.3951483954087727,-14.00563499208679,42.931449641984244,9.035956762623686
0.4788766788766789,-2.679269268380857,-9.491672081585753,-0.2820068387562864,-2.657868236435532,-13.846480048994895,41.94367648740842,5.203185868288314
0.47912087912087914,1.3862607314336288,-9.617981401129155,-0.09845694884872842,2.5579171648493944,-13.687325105903,32.01030485883988,5.794342714568875
0.4793650793650794,5.142732500812359,-7.825926921450094,0.36982227937982587,-2.259632232083625,-13.528170162811104,34.24598918192141,11.904611919096398
0.4796092796092796,7.6165174973127705,-4.537723869030116,-0.5071380147548826,2.194438959030782,-13.36901521971921,32.68423554553717,8.950125984732654
0.47985347985347987,7.98393091940523,-0.7754328622500284,0.7670743624819085,-1.9125564249830305,-13.209860276627314,44.744761018308225,10.487419213251878
0.4800976800976801,6.567763941531066,2.476297594909476,-0.7166851942025964,1.4786149884431443,-13.050705333535419,40.44909431604553,1.5340505744303645
0.48034188034188036,4.018569637728294,4.109234895011768,0.9001903191970086,-1.2243928899396677,-12.891550390443523,37.54620558398906,3.5509420672040437
0.4805860805860806,1.327249107038,4.160303922587133,-0.67854406361205,0.7789615318415359,-12.732395447351628,46.853385928474,4.301920170111323
0.48083028083028084,-0.2590802123342672,2.6175000281481533,0.5639630430199596,-0.5396338902839681,-12.573240504259733,39.10072677267048,10.608202170151023
0.4810744810744811,-0.7036735241869639,1.0413951271505324,-0.2782968099498656,0.02476614173927577,-12.414085561167836,47.87841349721051,5.246379350326501
0.48131868131868133,0.17744524249692797,-0.31914910057525553,-0.023688256674286534,-0.16464613737028588,-12.25493061807594,44.03076165121431,4.653210302901552
0.4815628815628816,2.000502873467778,-0.33160947613099734,0.4810053241333458,-0.253066372332615,-12.095775674984045,37.79014017208529,5.449238338745058
0.4818070818070818,3.2461985370041266,1.0735542947265315,-0.7071292244647207,0.18593961914139795,-11.93662073189215,50.94316056421888,6.297133139248584
0.48205128205128206,3.641344430804496,3.186356797923084,1.3177906948783134,-0.19892370895167283,-11.777465788800255,49.95533431060365,10.263929819403975
0.4822954822954823,2.3990542745404935,5.825084036902212,-1.4315846321168544,0.3296548480517441,-11.61831084570836,36.607691888527505,1.932360944577677
0.48253968253968255,-0.5080224770066792,7.583130290802387,1.8990266253186552,0.12819780481451964,-11.459155902616464,38.724392373852105,15.108764947778402
0.4827838827838828,-3.9616462907977623,7.510186716922079,-2.2552249384917107,-0.2942670461659997,-11.300000959524569,42.642170440447856,8.741326524181579
0.48302808302808303,-7.322448763701878,5.613819601741727,2.0426961658490215,0.41251824293505407,-11.140846016432674,44.59358016575152,5.630310753639006
0.4832722832722833,-9.503364545484258,1.7657314234513437,-2.268022404005441,-0.7875193508406724,-10.981691073340778,39.079463261745595,8.973888478024683
0.4835164835164835,-9.621099622135706,-2.5274540260354255,2.305087419342815,0.9129483466202764,-10.822536130248883,38.22474629899068,1.3182049713436828
0.48376068376068376,-7.539954574173947,-6.17376931940303,-1.9211995692532595,-1.2278458397839198,-10.663381187156988,47.40989439075269,9.080254430402988
0.484004884004884,-3.998406716832096,-8.36495145077324,1.6564327819491207,1.6023876498811098,-10.504226244065093,44.98260655701149,6.103287220264247
0.48424908424908425,0.016202373540228986,-8.956675584854883,-1.5306547169165488,-1.6703592972047918,-10.345071300973197,46.623832594292196,18.579077714586564
0.4844932844932845,3.4709497499130215,-7.455104922086575,1.1644656756479645,1.678103980689739,-10.185916357881302,41.940251379588716,2.747236600441355
0.48473748473748474,5.285541048877286,-4.492289452838221,-0.9219313896246484,-1.4397317852993552,-10.026761414789407,45.145838713617536,7.140250508038791
0.484981684981685,5.74014926004862,-1.3843321580987653,0.6213472576609287,1.248526573129203,-9.867606471697512,46.6816337075336,0.8254105399023862
0.4852258852258852,4.411862569512792,0.7576717689937321,-0.3799198225015748,-1.1789523868703085,-9.708451528605616,48.50109627069541,14.399252317914678
0.48547008547008547,2.438859844553164,1.8665953995795976,0.23629397841958288,0.5797035305233629,-9.549296585513721,41.098950234385555,7.394837382542944
0.4857142857142857,0.5339331847806008,1.2936901422956517,0.11788518675360471,-0.24500962754745026,-9.390141642421826,45.554240457083615,17.66386593629324
0.48595848595848595,-0.061278842063223454,-0.45448729644431063,-0.015255455540955193,-0.09560008857620342,-9.23098669932993,47.307434333063114,5.504160102247073
0.4862026862026862,0.581969540666651,-1.6586760824580415,-0.2128187429777867,0.432236977051905,-9.071831756238035,51.064112892572474,16.95241086362155
0.48644688644688644,2.486860044873353,-2.1708385624775772,0.10448783871875532,-0.950999788215226,-8.91267681314614,66.12402898444694,9.678911568280608
0.4866910866910867,4.7726680509159305,-1.4378489727393213,-0.3875603132921282,1.1540510952567364,-8.753521870054243,34.98722828567547,13.457553211807822
0.4869352869352869,6.162767893698465,0.8266095587189082,0.770127541551007,-1.5245158430165662,-8.594366926962348,33.27167723651645,2.8735201453838695
0.48717948717948717,6.222858893064115,4.116183693051394,-1.0843433262119773,1.4779440984694545,-8.435211983870452,44.8016802531616,10.436250600592162
0.4874236874236874,4.260849937512809,7.083984921129162,1.2154008584034857,-1.683118039246277,-8.276057040778557,51.974211718148034,12.603921034965074
0.48766788766788766,0.9462353406629718,9.050439683891028,-1.6598889010387272,1.7670415232914758,-8.116902097686662,37.237877355578945,7.432275414262812
0.4879120879120879,-3.25774611421385,8.951516705894583,1.9094507357446073,-1.6363372646646062,-7.957747154594767,42.09263285575803,4.576811781605265
0.48815628815628814,-6.993379772057777,6.77295245563044,-2.0461346736008355,1.4401647877953676,-7.798592211502871,54.80557995260726,8.64550236851075
0.4884004884004884,-9.20964162013891,3.088198029312717,2.1804317296130513,-1.084861747869315,-7.639437268410976,44.84983566704903,1.9857320094369433
0.48864468864468863,-9.609867465763719,-1.1182206330244555,-2.1939544536220743,0.9750919494160581,-7.480282325319081,52.50302927837161,6.057318496647265
0.4888888888888889,-7.680964449147044,-4.594077452663589,2.0406489139233863,-0.6576874471643174,-7.321127382227186,58.10813055211084,2.1727828250797634
0.4891330891330891,-4.518693220025989,-6.80857103061248,-1.865238399868442,0.4006009844866681,-7.16197243913529,47.29067553676758,5.822022570715312
0.48937728937728936,-1.2171395806914942,-7.112186656207445,1.7313749090744137,0.03032403267824009,-7.002817496043395,44.58874935655153,2.2102560532130533
0.4896214896214896,1.6955685557826063,-5.753592276991468,-1.5232958042418232,-0.2033235288917439,-6.8436625529515,43.837853727114265,9.257173605046184
0.48986568986568985,3.0796163669353485,-3.3479790660135675,1.1719724484099974,0.19893180456548107,-6.684507609859605,51.42088554754711,10.131774697313121
0.4901098901098901,2.8232343476072788,-1.1179034952224458,-0.7129153551294273,-0.2313999743657792,-6.525352666767709,48.37338559501833,5.181823698750155
0.49035409035409033,1.5031742710704536,0.04255783143909454,0.2491068813654989,0.27499342192891985,-6.366197723675814,50.88581480553266,14.99554012496916
0.4905982905982906,-0.05228865525538867,-0.07858978202444575,0.09732085948426031,-0.060748475082030906,-6.207042780583918,53.69052116108371,4.037851210380704
0.4908424908424908,-1.2129079583345228,-1.6018306597769605,-0.32211349549718604,-0.4847438183349324,-6.047887837492023,62.681069763766395,3.8805930865931337
0.49108669108669106,-0.7515024607632976,-3.247822230019164,0.5548433991200693,0.4312942976237609,-5.888732894400127,49.47279631627282,10.295379899731367
0.4913308913308913,1.1581197778794474,-4.703645408686548,-1.0700442683306697,-0.9520724718551129,-5.729577951308232,60.09057772989736,7.1212122046895665
0.49157509157509155,3.9348060750551723,-4.802445651812471,1.0137760759864327,1.3772912585742785,-5.570423008216337,62.30575269866294,6.249056080219349
0.4918192918192918,6.486642470131709,-3.2156598774525196,-0.9534852749576072,-1.5478914225015097,-5.411268065124442,55.797107385421214,15.559098304344303
0.49206349206349204,8.259366363249445,0.0830503499835149,0.7580949841122175,1.7927949917317894,-5.252113122032546,61.66631058814449,10.662857777138939
0.49230769230769234,8.427161071039986,3.816802611258856,-0.5829036877789794,-2.079632265155138,-5.092958178940651,48.19511376957538,6.633634990289286
0.4925518925518926,6.150244259255609,7.253506627063076,0.5635175866289093,2.3572436888919186,-4.933803235848756,56.484900145819154,4.635818587453697
0.4927960927960928,2.33454444396348,9.617039110045752,-0.26478998706360574,-2.4307073512913626,-4.7746482927568605,50.40732175592631,12.667451387249644
0.49304029304029307,-1.8468489426021422,9.486809316233693,-0.23136955535798773,2.434044498085521,-4.615493349664965,58.36982843939194,7.197134489116656
0.4932844932844933,-5.602059844607334,7.581312487695924,0.4994474900091455,-2.3724541330421856,-4.45633840657307,60.73375096943877,7.461689494808089
0.49352869352869355,-7.760290258793831,4.152820165220373,-0.39624191414796006,2.2038166479472916,-4.297183463481174,50.22436814647539,8.966724125960347
0.4937728937728938,-8.198026812092149,0.48854849874862566,0.8888119404939815,-2.0043925534696547,-4.138028520389279,49.503223809892596,12.060269455449363
0.49401709401709404,-6.6387904520347725,-2.7936924155633305,-0.9332055280566299,1.6722398667670273,-3.9788735772973833,53.05790648473721,2.1060066527730936
0.4942612942612943,-4.001229209231598,-4.41046632096367,0.9162814160491005,-1.3152686869274384,-3.819718634205488,50.54291069311672,13.639985764193122
0.4945054945054945,-1.3691584504435537,-4.317223378145592,-0.8708351926510218,0.8666075043335238,-3.660563691113593,43.881597305208714,14.18015875051798
0.49474969474969477,0.7752786500631332,-3.0551319893606306,0.5336144053276466,-0.6475162772498089,-3.5014087480216975,62.77761375392303,10.820433038387087
0.494993894993895,0.882350270133344,-1.3313200898922792,-0.47997659289080497,0.05090856567313137,-3.3422538049298023,57.73497007408716,10.574483052688896
0.49523809523809526,-0.12124762127487934,0.1537195732850422,-0.00964171004721581,-0.040051712071195504,-3.183098861837907,56.361511880711,6.078582802572084
0.4954822954822955,-1.6260331534814985,0.19738916287291794,0.5077618579121558,-0.041752563215731564,-3.0239439187460113,51.97362590323116,10.856142493789962
0.49572649572649574,-3.041653257274562,-1.1743374063169956,-0.7911470347268261,0.21194715958079194,-2.864788975654116,51.542359684688726,6.966083185688431
0.495970695970696,-3.391659242143582,-3.349772286200207,1.0601998833322765,-0.314292125838247,-2.705634032562221,47.64930921453832,12.046748946333576
0.49621489621489623,-2.176280759748553,-5.682694246753974,-1.557821663913101,0.21114123095604617,-2.5464790894703255,61.18849662579037,11.884778103952044
0.49645909645909647,0.7835666335148385,-7.235650893376749,1.8977612563404112,0.007350991778260187,-2.3873241463784303,56.705539920049254,5.87250255849042
0.4967032967032967,4.108075898866396,-6.858994120777563,-1.9832007117405122,-0.47129269000175955,-2.228169203286535,58.38207083959044,3.4543442803979407
0.49694749694749696,7.5598259322208605,-4.9655452400837,2.2032607137274804,0.5930199573163162,-2.0690142601946393,62.5476785427887,9.078967969656512
0.4971916971916972,9.471646180239626,-1.1936520409178868,-2.086175679212621,-0.8715119433606837,-1.909859317102744,55.99757080668317,12.059813939577957
0.49743589743589745,9.40448804330969,2.7031829760224686,2.1419946233837823,1.2234270128166718,-1.7507043740108488,53.587027948472596,9.812420281359893
0.4976800976800977,7.1619685628538,6.549964931068564,-2.109308755559685,-1.5231268533979503,-1.5915494309189535,65.37611046494322,15.20503827539074
0.49792429792429793,3.416195792427758,8.679853436009056,1.8674739378675058,1.3584139003054692,-1.432394487827058,60.39548671629861,4.144441892476264
0.4981684981684982,-0.42854070794306276,8.821025096019154,-1.5272948859738171,-1.4842213396722281,-1.2732395447351628,58.31942294823286,9.626230337740118
0.4984126984126984,-3.7090920761284236,7.23854422817682,1.2276422679309138,1.6129654908774895,-1.1140846016432675,50.25521713457557,16.8809487128118
0.49865689865689866,-5.61127757430326,4.343460573928551,-0.9558846835778472,-1.6353959678590093,-0.954929658551372,71.30702391649669,4.442246876255506
0.4989010989010989,-6.029301139690849,1.1744688419330584,0.5153985460809798,1.4999439817906834,-0.7957747154594768,53.86620970671728,4.262974363098171
0.49914529914529915,-4.4344397787979,-1.0107111104997657,-0.24291486403062695,-1.0121070486943844,-0.6366197723675814,50.385463394403615,3.1052175436809404
0.4993894993894994,-2.3438626174616237,-2.053300441380166,0.25141381691887277,0.8876245376126991,-0.477464829275686,56.39418894933878,18.486918317415437
0.49963369963369964,-0.7393674028329503,-1.3862139834284708,-0.17880622273258356,-0.39613679917234085,-0.3183098861837907,65.6736999863098,5.909431984908872
0.4998778998778999,0.017300090800039688,0.021149214446780525,0.12195380485021519,-0.08950076977544513,-0.15915494309189535,48.561876893468444,3.173777903016004
0.5001221001221001,-0.636598325956772,1.4673723652104667,0.04171573522131916,0.305418784473251,0.0,59.01145760246615,10.052520825152454
0.5003663003663004,-2.6046225928949283,1.9532720265860364,0.19473391350517116,-0.8502933051365065,0.15915494309189535,60.07665143366203,3.9859695793638896
0.5006105006105006,-4.5512186457208115,1.1374096937174296,-0.3301970645042727,1.0339899461964592,0.3183098861837907,60.193784503027835,9.544201917210069
0.5008547008547009,-5.855762439444955,-1.1434411271873697,0.6798887675242768,-1.082634078684604,0.477464829275686,62.476491211393935,5.14821791798293
0.5010989010989011,-5.884576584262426,-4.107506880982353,-1.0740073583916492,1.51958231406542,0.6366197723675814,58.789866257148034,5.471057613734068
0.5013431013431013,-3.8897845300024474,-7.273231448640841,1.1984354553305747,-1.6830006643903535,0.7957747154594768,46.77023569696959,10.531071301256755
0.5015873015873016,-0.39210797585080226,-8.986290982575134,-1.5280854731532438,1.4314986589111356,0.954929658551372,61.99948277753666,6.64149568194452
0.5018315018315018,3.5972300729072617,-8.80768782255514,1.8162323917789331,-1.549663076390387,1.1140846016432675,59.03762309121636,7.53425100626343
0.5020757020757021,7.143214485850402,-6.433985457881649,-2.018787685366306,1.348058927883147,1.2732395447351628,50.78487168767774,7.868895666453505
0.5023199023199023,9.26344245115441,-2.9274712087357777,2.109146516639409,-1.1624522423613888,1.432394487827058,55.95214127584407,7.893349985081063
0.5025641025641026,9.376636457047768,1.3675744401279748,-2.18294206865232,0.7529981429905771,1.5915494309189535,60.72268270053179,5.870627503023792
0.5028083028083028,7.34183438182758,4.9442309726162685,1.9645449449770702,-0.6151413684620559,1.7507043740108488,58.016624254439506,9.544789277509192
0.503052503052503,4.118730799319743,7.009982583056463,-2.144372600594185,0.2626585031531484,1.909859317102744,64.98023719227507,11.4963733468531
0.5032967032967033,0.7321910759050198,7.0786573773079295,1.8214548167675066,0.09824564614834902,2.0690142601946393,79.23067656589646,9.483447718140344
0.5035409035409035,-2.2406360435926906,5.451406887982808,-1.521462454093411,-0.21810223771339077,2.228169203286535,57.73028687884196,8.316863831701715
0.5037851037851038,-3.3174715569171767,3.5137940520629565,1.0960863532982754,0.21115379332463435,2.3873241463784303,65.63798773607509,7.840078897446729
0.504029304029304,-2.9330602436344897,1.0742829476921227,-0.645548832489416,-0.3127456113698339,2.5464790894703255,61.33395384478369,12.181498219878739
0.5042735042735043,-1.4967050527239343,-0.05097665353060478,0.3475826750812424,0.29116357259613956,2.705634032562221,73.78492979349086,9.24391154732809
0.5045177045177045,-0.10592680513713529,-0.04592377527157223,-0.09565223774339164,-0.1294524525733151,2.864788975654116,62.4925852641259,10.181528846712506
0.5047619047619047,0.8803952626896283,1.171555150426241,-0.1989762690217931,-0.160746515129159,3.0239439187460113,54.82704889029505,18.345660331978312
0.505006105006105,0.3718253407837813,3.104575338861259,0.7118373967010245,0.3931380095396945,3.183098861837907,77.29734247847068,1.5776167917202486
0.5052503052503052,-1.189125261562708,4.423475300267136,-0.8482163562937028,-0.8622302531806654,3.3422538049298023,74.96020700879045,13.32484326029355
0.5054945054945055,-3.912916273668252,4.425800799198108,0.7577930968404158,1.1117416301405016,3.5014087480216975,64.56595163033776,1.545650346777718
0.5057387057387057,-6.540555666667666,2.765100483585157,-0.7010518975917396,-1.6537530605701631,3.660563691113593,65.5233644103923,10.854653380950538
0.505982905982906,-8.018717631147204,-0.3034203531472807,0.9162449095133747,1.9790025313865347,3.819718634205488,63.603618415208096,3.970453423640303
0.5062271062271062,-7.861035235027455,-4.309245706037277,-0.5066298380450498,-2.0383822011382446,3.9788735772973833,66.62557192517319,11.795328706275221
0.5064713064713064,-5.587848819845675,-7.434469725767308,0.22660269974206845,2.427572679491359,4.138028520389279,61.842147227332894,6.295331717634845
0.5067155067155067,-1.9494297429613852,-9.273171441747571,0.0077374231191553455,-2.371960391742539,4.297183463481174,71.24994944538092,6.649039469421869
0.5069597069597069,2.3062907794605083,-9.296729282260369,-0.05387460056087638,2.2574575538391093,4.45633840657307,65.46784854816826,3.3607743256559153
0.5072039072039072,6.175776285123769,-7.084406459491894,0.3696485997220541,-2.34705449434806,4.615493349664965,67.9094728580577,4.654877571205672
0.5074481074481074,8.010161260799041,-3.825265641390933,-0.7639573896242049,1.988806041711776,4.7746482927568605,54.37533249361884,14.721137365931476
0.5076923076923077,8.215281916777185,0.0594109999751007,0.92537690193001,-1.9114089069141504,4.933803235848756,66.72762708457414,10.588353618022005
0.5079365079365079,6.375642915441005,3.1808573951889927,-1.0345193471428027,1.7145589781480899,5.092958178940651,61.01827121196241,14.334752701828444
0.5081807081807082,3.9279509404737922,4.663393595356636,0.8151920118806234,-1.1001764572873567,5.252113122032546,86.73843488675078,5.4482511331051
0.5084249084249084,1.0907877314435372,4.728007848730667,-0.9112110169137653,1.1061350698114485,5.411268065124442,57.40604031171375,4.179276162019516
0.5086691086691086,-0.7594673180145819,3.152052009626232,0.5924804140378193,-0.6142502547642121,5.570423008216337,74.57307896975536,9.363420411553724
0.5089133089133089,-1.02142749314762,1.4419462620525185,-0.2832244685751051,0.11546209888002557,5.729577951308232,69.67392174794307,11.98286720347631
0.5091575091575091,-0.23736097784149382,0.021132739642519244,0.15072950306998384,0.09222195321464795,5.888732894400127,75.43972748965976,7.0694043993135605
0.5094017094017094,1.3670472659803874,0.09907578966832464,0.2869214338028942,-0.13622417632580403,6.047887837492023,77.16608762268862,8.262839837485691
0.5096459096459096,2.7964396157763267,1.2693635863857016,-0.824059922740602,0.13710311545693665,6.207042780583918,72.70185452795872,14.737586418250295
0.5098901098901099,2.951103565111431,3.36673659856346,1.0573023129080388,-0.07368477147656566,6.366197723675814,64.26511548810994,10.102704761475964
0.5101343101343101,1.6585327168019954,5.371170879401634,-1.4176173840180881,0.1332382641389684,6.525352666767709,68.48821117496257,11.781959983168553
0.5103785103785103,-0.9646604857557372,6.8682600781235585,1.637601278348654,0.07552793768984081,6.684507609859605,77.66096894874873,5.974368769983264
0.5106227106227106,-4.318251622885429,6.6865952475396995,-1.8835465011542856,-0.2833308486960721,6.8436625529515,64.3222473288335,1.571203555980455
0.5108669108669108,-7.580040768784782,4.5158755318500345,2.2649452484849677,0.6155901929727913,7.002817496043395,67.72364362444524,8.022145479849405
0.5111111111111111,-9.218454187774993,1.043649674532033,-2.1224290468429676,-0.8185840150897563,7.16197243913529,77.95591024711257,16.458395418723608
0.5113553113553113,-8.961888447938811,-3.1763580276780568,2.0414635724539423,1.1623806991867625,7.321127382227186,66.9989802504176,2.883847470820868
0.5115995115995116,-6.92881669599642,-6.9843486611615,-1.9532041311326038,-1.4507077894781013,7.480282325319081,70.51893190684011,11.172626117286631
0.5118437118437118,-3.280372607634584,-8.877993563190126,1.895478563950188,1.5303202749679776,7.639437268410976,77.87288621804527,11.980982055384061
0.512087912087912,0.8360842202360642,-8.664958852912612,-1.5891305135365654,-1.5275854285533086,7.798592211502871,73.61229256830681,2.2972547470765194
0.5123321123321123,4.081545594875702,-6.94301467857099,1.374253857280637,1.6337457037498335,7.957747154594767,79.45915724514602,11.32251121878403
0.5125763125763125,5.778878131376278,-4.130398196316229,-1.112877641197972,-1.4116841698769587,8.116902097686662,78.21025573489077,2.2645143857106826
0.5128205128205128,5.9485390404444125,-1.0756670066140221,0.506362099322511,1.427264150661393,8.276057040778557,74.16244722013143,6.095996038614385
0.513064713064713,4.578175193957303,1.4178653601825852,-0.39985298881308506,-1.1710405742971617,8.435211983870452,88.22226493234808,7.682166861394205
0.5133089133089133,2.421002658223716,2.322248609946238,0.09212700307167976,0.8777837502771325,8.594366926962348,72.07743873085779,12.028302636025845
0.5135531135531135,0.8632960078791274,1.5885338381723773,0.002129662327413906,-0.3151082953059777,8.753521870054243,86.632420976154,10.284703737562216
0.5137973137973137,-0.10880895084534163,0.12718817467693325,-0.11075749251724394,-0.016232476656199202,8.91267681314614,86.4507488168899,9.89039841602473
0.514041514041514,0.5342271159937391,-1.1434923795460277,-0.0806881518500655,0.28188643861384166,9.071831756238035,65.78462669586118,11.039194693394176
0.5142857142857142,2.300705025487162,-1.7823110918930292,0.2458446024361885,-0.6742557659445176,9.23098669932993,77.04622932490918,12.264613092365789
0.5145299145299145,4.386631122132639,-1.0663834245934483,-0.3470090556893535,1.035983216878863,9.390141642421826,67.99794765518948,7.70389127226885
0.5147741147741147,5.365622422669568,1.494935397279707,0.5042312009055471,-1.5296238609098236,9.549296585513721,78.40932492621317,4.627202598754985
0.515018315018315,5.300780256053279,4.465971574508187,-1.1553469496841087,1.482533812023796,9.708451528605616,71.69147959454583,6.528161795961957
0.5152625152625152,3.083484151318789,7.068270163822032,1.2753238657687047,-1.4667084893854743,9.867606471697512,78.71380570625087,3.1098714013185833
0.5155067155067155,0.04165544681664197,8.651864875345833,-1.5976802324998685,1.3204827644431596,10.026761414789407,75.19304905921933,3.006123429350273
0.5157509157509157,-3.938322447459365,8.177852841208662,1.8285415925726585,-1.6392190142614813,10.185916357881302,83.87445476789514,2.7192537524023845
0.515995115995116,-7.1420447914994565,6.061359107527307,-2.026231505621959,1.131664566632081,10.345071300973197,92.64334144753363,7.385711736318201
0.5162393162393163,-9.354911185432808,2.3005090361631493,2.1448482163635547,-0.9139995310337661,10.504226244065093,79.92754423840019,3.8643469286156287
0.5164835164835165,-9.152896806912619,-1.86881340629118,-2.3477674342665416,0.7913207617619747,10.663381187156988,81.46175353868111,15.391026999186565
0.5167277167277168,-7.028351855245814,-5.503078946193579,2.111212937440567,-0.5275254104799781,10.822536130248883,86.12560628554338,9.635613430995555
0.516971916971917,-3.843299442772088,-7.181403949342318,-2.1177266377706587,0.3638303237865308,10.981691073340778,73.43948211826212,11.552096609383383
0.5172161172161173,-0.24622475102137442,-7.327164732800172,1.9423812799580804,-0.043869870706734995,11.140846016432674,88.12358007350402,10.465021279894037
0.5174603174603175,2.492086177746054,-5.4322159983562335,-1.51377818417609,-0.07938448481816103,11.300000959524569,99.63675235556362,15.62272033059423
0.5177045177045178,3.44605921854562,-3.3274354184063526,1.0631805667684184,0.16660085859391688,11.459155902616464,88.49152350814198,2.9240172466151964
0.517948717948718,3.3281645956102324,-0.9193556064201232,-0.7921597335309022,-0.36348461946276744,11.61831084570836,86.54148314349519,12.422586372695132
0.5181929181929182,1.8096382665915403,0.37443394997518425,0.534966096456105,0.2425324337579595,11.777465788800255,89.69105975270645,8.261671651560645
0.5184371184371185,0.051369862519364484,0.2152204903250733,-0.0010163848165986866,-0.03966199252106642,11.93662073189215,87.0673137702168,4.428013583329172
0.5186813186813187,-0.667674230122416,-0.9665311288455369,-0.239233827679954,-0.0797335627064002,12.095775674984045,98.44214978507118,18.83785990460439
0.518925518925519,-0.3504127276096722,-2.701082469261896,0.6271224886923197,0.4962999550562914,12.25493061807594,87.48343707422774,10.820893827031796
0.5191697191697192,1.4224738287563214,-3.9144703467493254,-0.6765634923473035,-0.9469744279964337,12.414085561167836,100.27216097344127,7.088821760771196
0.5194139194139195,3.892144863529109,-3.9749812296647913,0.5100330449636656,1.2677510939857124,12.573240504259733,83.50570297696304,6.816976466137498
0.5196581196581197,6.415612211704235,-2.3262184359553486,-0.8766521588882003,-1.3806706840113923,12.732395447351628,88.19321809597801,5.9960664129486725
0.5199023199023199,7.771073116735,0.9146252035673309,0.7912924663556725,1.6389754403906316,12.891550390443523,92.09646608055318,6.612340693292129
0.5201465201465202,7.294308585863152,4.516933327765985,-0.6163267535186188,-2.151810990498482,13.050705333535419,103.91702414134687,3.4317080381903584
0.5203907203907204,5.126425449938131,7.512629532633739,0.38433262455679673,2.3835069723452986,13.209860276627314,86.74925062438378,7.325262211656901
0.5206349206349207,1.3241364808287546,9.295884426028133,-0.12593972887935279,-2.4226590427866577,13.36901521971921,106.53540962268842,14.049014883830818
0.5208791208791209,-2.6995757850519815,9.304406869351308,-0.25621674340066986,2.3240384691901195,13.528170162811104,99.02509154266721,11.095531311807107
0.5211233211233212,-6.039735577749669,6.796474117817661,0.26367714988612834,-2.4032244168119057,13.687325105903,87.2294462464203,7.23323811522968
0.5213675213675214,-8.064709181497015,3.4276513606909633,-0.6965249692230364,2.0593465628567067,13.846480048994895,92.10652730716474,19.88499606846614
0.5216117216117216,-8.2865731251887,-0.4651405860131646,0.9456861759754966,-1.7924371093760394,14.00563499208679,114.9776426618837,11.842539609196221
0.5218559218559219,-6.503311989422961,-3.1983557840115493,-0.9931276953531467,1.6613614029388346,14.164789935178685,105.31995057180053,6.310939265173034
0.5221001221001221,-3.6957095786639815,-4.931019540740791,0.8470904951457816,-1.304590316783758,14.32394487827058,105.28557383143118,1.4387047050846549
0.5223443223443224,-1.0121465741633289,-4.777362780683439,-0.8126244133187891,0.9633123758464205,14.483099821362476,96.40214697366518,5.704794470227818
0.5225885225885226,0.8154129604759044,-3.394337475028628,0.6822808849962044,-0.5415238015638226,14.642254764454371,118.59942866698363,2.7570761794867646
0.5228327228327229,1.3115790390418465,-1.4379757216665545,-0.33057627414841306,0.23290136618918708,14.801409707546267,100.62386369634781,4.390433983702942
0.5230769230769231,0.19292689342969718,-0.08550489112652086,-0.06644494741925877,-0.06249892298715698,14.960564650638162,105.47328608831243,7.848549381294866
0.5233211233211233,-1.177566422007314,-0.02363560389430338,0.056214014246496635,-0.15238747123347984,15.119719593730057,102.0757893228456,3.638524467048227
0.5235653235653236,-2.5262966354436314,-1.256511777146186,-0.7196424789434896,0.11966200034267102,15.278874536821952,115.86694834257906,11.358085238873777
0.5238095238095238,-2.520104902835944,-3.126665048123325,1.1781458115121886,-0.29334005491855086,15.438029479913848,121.87692235015771,9.591773068773787
0.5240537240537241,-1.4577631283962222,-5.371513274675483,-1.6328132795074717,0.09559425138340402,15.597184423005743,114.23362862413273,13.150017877895827
0.5242979242979243,1.4323264156900473,-6.63789383960178,1.5200897882260676,0.12540864982783181,15.756339366097638,94.96519823440997,9.836607266466599
0.5245421245421246,4.67410162162949,-6.079978847130444,-1.8912041718657302,-0.22650751866707292,15.915494309189533,111.28483933344062,9.434086670731801
0.5247863247863248,7.306284295456456,-3.994544248414956,1.8421628669879508,0.7030202272121093,16.07464925228143,107.65084756956747,18.74699846638116
0.525030525030525,9.110627049478776,-0.5173940426212583,-2.097300248979045,-0.7194781870941709,16.233804195373324,116.86341345268214,8.371299750591335
0.5252747252747253,8.55924273144877,3.6486169731430524,2.0103631368216117,1.201395337443282,16.39295913846522,117.1714433797254,19.573913681279993
0.5255189255189255,6.2733346038136615,6.924082330809789,-1.9730639044349547,-1.294458436679893,16.552114081557114,118.58047102454968,6.66579818300012
0.5257631257631258,2.664873216443992,8.896278781949936,1.8337552610385033,1.6459488812532173,16.71126902464901,113.93402636260716,6.680252472129551
0.526007326007326,-1.2846549295284013,8.792997545449525,-1.6997500575748017,-1.8505982128222735,16.870423967740905,117.56362702404354,2.845834056174179
0.5262515262515263,-4.443061846266166,6.802289760186216,1.1904093447007245,1.674927755112589,17.0295789108328,125.47649956155622,15.567312368774155
0.5264957264957265,-5.925559565525667,3.661514679381421,-0.8551464953228144,-1.6352680258246741,17.188733853924695,122.79071850661214,11.825199021637305
0.5267399267399268,-5.899733966354702,0.5543034461905457,0.44019461853815145,1.6332641487010688,17.34788879701659,127.77004653185703,8.543702245210005
0.526984126984127,-4.64778398748614,-1.716683664164285,-0.5741812736891887,-1.2471905325348982,17.507043740108486,127.92764503490122,6.264071075552642
0.5272283272283272,-2.29587572846889,-2.6264655384009776,0.3166536097698955,0.7587801822930039,17.66619868320038,127.66794364455355,4.671070058214677
0.5274725274725275,-0.6565247016274924,-2.0110453221631572,0.07174156778899438,-0.5100379305081976,17.82535362629228,123.2928656050878,6.702387941612151
0.5277167277167277,0.022527318409812203,-0.38888957773980487,-0.03883990558751313,-0.06352631179044821,17.984508569384175,134.23113306030075,19.932078932191864
0.527960927960928,-0.780191755550106,0.8849596609917275,0.11425269278583297,0.2571331750572089,18.14366351247607,133.99716356113763,5.273325207115356
0.5282051282051282,-2.1999688680017497,1.4786853988371125,0.11691823467765426,-0.6849439046586142,18.302818455567966,142.5681542838458,1.812634177751059
0.5284493284493285,-3.9603878700813535,0.5791678967410029,-0.3488876080344731,1.072177577031183,18.46197339865986,130.5318113548177,10.214183209875369
0.5286935286935287,-5.1944093331331045,-1.5985466598510039,0.5434736150615143,-1.1293173430457464,18.621128341751756,139.27420226450263,8.900732683311997
0.528937728937729,-4.937737289474907,-4.5180370748648455,-0.7124895906110533,1.3781922308378158,18.78028328484365,149.68694406735298,7.905881228114795
0.5291819291819292,-2.8551621572264994,-6.907884559656754,1.2235930191775346,-1.376415340154863,18.939438227935547,136.78800175918684,4.764771367780136
0.5294261294261294,0.5030108244678241,-8.527876626651812,-1.4685819022962185,1.566514940436828,19.098593171027442,150.19661441968745,11.06889227494937
0.5296703296703297,4.222570294146176,-7.882631742709616,1.7615716205811536,-1.3321132192098823,19.257748114119337,140.7731119630093,7.376694579155498
0.5299145299145299,7.484320446797906,-5.685677801255371,-2.144680739428539,1.2211293912044214,19.416903057211233,147.57010584464368,9.239273474576498
0.5301587301587302,9.216534625518289,-1.8090463677852582,2.1673146949804907,-1.0772928207992705,19.576058000303128,153.7910509341093,11.655746892896667
0.5304029304029304,8.928359916769772,2.4012342460746487,-2.220624229250104,0.8020392317906551,19.735212943395023,148.83426662562428,3.340122012627504
0.5306471306471306,6.911414136805695,5.671290263186089,2.1320200005521364,-0.5063969734989058,19.89436788648692,157.01732355229254,2.046985976413503
0.5308913308913309,3.300396527313766,7.397674741876195,-2.065115542290992,0.16881458030881621,20.053522829578814,152.29478673433906,3.633678445231287
0.5311355311355311,0.08383897947682717,7.291438685928774,1.71136966198365,0.056073265725813684,20.21267777267071,162.56320679796326,5.13371393797768
0.5313797313797314,-2.6643198485987423,5.631178215114879,-1.3567555455577998,-0.13773989070262382,20.371832715762604,162.58303910280978,13.372275955327911
0.5316239316239316,-3.847305440079727,3.27125693407964,1.2233593522818762,0.2880643481696917,20.5309876588545,171.5620974535735,12.63287572287381
0.5318681318681319,-3.5105288399531056,0.8889008189721382,-0.7597731761874049,-0.32825685830529505,20.690142601946395,157.42503667729554,11.07798137250815
0.5321123321123321,-2.0906121678337968,-0.31008920389245626,0.32018416690723983,0.4585432230310551,20.84929754503829,164.7714063726156,5.418501235179895
0.5323565323565324,-0.5097198353367803,-0.5260566645963596,-0.09557318495927097,-0.09218975091477172,21.008452488130185,163.8332828035998,8.157465764742483
0.5326007326007326,0.47995568809858735,0.8720156090370171,-0.2886207268700094,-0.08411811446621673,21.16760743122208,166.27540207186289,5.4880864537775595
0.5328449328449328,-0.16109545820212867,2.6867918655789076,0.38542334747976537,0.2911245031815721,21.326762374313976,184.6050563991753,11.417400990241706
0.5330891330891331,-1.3258276503316597,3.7625448045223604,-0.608811080675501,-0.8465096828466605,21.48591731740587,182.45861783868398,8.96399727739272
0.5333333333333333,-3.7675070020479065,3.3735934755570667,0.744623612037249,0.8783071571133045,21.645072260497766,192.27605361540918,2.9899369668098412
0.5335775335775336,-6.232531850694073,1.9771436042881636,-0.5251253719649752,-1.5834717745381304,21.80422720358966,193.6978101715891,8.67658720135263
0.5338217338217338,-7.408749232177266,-1.2179227634214052,0.7248211920077305,1.6872075777704918,21.963382146681557,187.10992212173747,17.919910044140597
0.5340659340659341,-7.028869551857862,-4.8856569883226815,-0.6032664827768272,-1.9032510551675317,22.122537089773452,204.09144021354976,4.748893346211418
0.5343101343101343,-4.539973274364511,-7.7533928867080935,0.34571206370631224,2.2191510181626755,22.281692032865347,214.1392353338085,9.520751474419464
0.5345543345543345,-0.8268322999718059,-9.324025277209113,-0.06809231008953107,-2.3520538627138468,22.440846975957243,206.457806236112,7.882159816793661
0.5347985347985348,3.206368370164165,-8.6419922049914,0.020248923863899704,2.3548800044994525,22.600001919049138,210.65108422406942,10.49831262924207
0.535042735042735,6.496537485948227,-6.46221426126408,0.6971636508302923,-2.239306407420167,22.759156862141033,208.85267264241813,8.474621078700606
0.5352869352869353,8.174346912048843,-2.9049865483389787,-0.6738395463175356,2.151695709121075,22.91831180523293,229.3007591945997,6.041901073183215
0.5355311355311355,8.10380840778186,0.8421840309803746,0.5997843400073238,-1.931037328756952,23.077466748324824,231.2555958757989,8.047352752571722
0.5357753357753358,6.281947990098248,3.5865926350259127,-1.0151153688613612,1.5630529246589386,23.23662169141672,223.96118845282467,3.1196513692120926
0.536019536019536,3.612575136902415,5.127741844993689,0.8375256211595896,-1.320905477204202,23.395776634508614,231.7477324962407,11.850881450510705
0.5362637362637362,0.8850895491797759,4.964454288557997,-0.7143910376397871,1.0049225559444759,23.55493157760051,240.10096671776404,6.389348735393216
0.5365079365079365,-0.8640872792695017,3.513135159030081,0.885316562637889,-0.7151645957631184,23.714086520692405,252.1497196770868,16.488793947949617
0.5367521367521367,-1.7358032384951472,1.3894731764981507,-0.31547034713179,0.2634243719903421,23.8732414637843,262.90576448882376,8.14169597594851
0.536996336996337,-0.6770389947670593,0.11374064290641253,0.14432413340850214,-0.1390657036692115,24.032396406876195,266.0583482309294,4.0980201607184386
0.5372405372405372,0.9454687887036541,0.16029066431754085,0.022519296688342016,-0.005659250331258969,24.19155134996809,284.73725516264886,12.933917993350045
0.5374847374847375,2.145603690981349,1.0392407297211377,-0.5653554971825925,0.017512831457167838,24.350706293059986,296.6825746194199,16.33922526907051
0.5377289377289377,2.4862982564081784,3.141550887803811,1.0693261884751828,-0.09866964079394273,24.50986123615188,308.065054705643,2.3476482348077967
0.537973137973138,1.190292063669613,5.041682416199866,-1.274213312399698,0.011177970370500473,24.669016179243776,298.9255247211719,7.535854623485694
0.5382173382173382,-1.4891878172283344,6.299988572698297,1.4425451157087523,0.03216081207228724,24.82817112233567,318.68893040408176,6.519509817487921
0.5384615384615384,-4.792268368497522,5.723953507685274,-1.7941388234896376,-0.365830159017709,24.98732606542757,328.54833814516695,4.738831907524625
0.5387057387057387,-7.297936384050026,3.5751706017957225,2.028012664672014,0.4963953446483891,25.146481008519466,346.20046037319247,16.75240789425083
0.5389499389499389,-8.955426162533481,-0.023719699059245147,-2.075824642593551,-0.6351305832704217,25.30563595161136,357.23191115745476,9.056049651144669
0.5391941391941392,-8.237440748893775,-4.033921500446897,1.9924159930808918,1.1078027567886655,25.464790894703256,383.68351756836336,8.33859241151237
0.5394383394383394,-6.073824391615053,-7.128765142498891,-1.921977556949909,-1.3656833871461236,25.62394583779515,391.2755823651288,3.9795463893121124
0.5396825396825397,-2.2891976223647217,-9.025135530731724,1.70102500103684,1.611489268298158,25.783100780887047,414.2779356771323,7.777256351426404
0.5399267399267399,1.8134456643934111,-8.548068738617902,-1.5695725473732958,-1.8667119969607266,25.942255723978942,434.6303324402692,11.633140512062887
0.5401709401709401,4.9282830963042805,-6.548497856245159,1.1600220565962167,1.5754905365208567,26.101410667070837,460.6334866674373,9.250556646473546
0.5404151404151404,6.479203157550289,-3.3057447734422576,-1.1450307805983946,-1.5324050421614952,26.260565610162732,487.39832501158776,2.8745173870812253
0.5406593406593406,6.21744185747512,-0.33082651821094194,0.5279146442310781,1.5866268225425473,26.419720553254628,510.85196172110994,6.297869337834203
0.5409035409035409,4.681233781638161,1.7873236203448877,-0.25276568631992735,-1.3280788465990985,26.578875496346523,552.3596386352393,0.8147617740163907
0.5411477411477411,2.2940576212068358,2.8320778710357817,0.14979140912640063,0.7510783943856192,26.73803043943842,601.0191184695005,6.435808356489922
0.5413919413919414,0.8841542861645402,2.2841907177758194,0.11668341405079494,-0.5264410261657395,26.897185382530314,644.1112048904367,8.562772451136173
0.5416361416361416,-0.08111306261528253,0.6565715469677194,-0.021305813971067178,0.3069637225803773,27.05634032562221,702.7835349678184,12.789459250236359
0.5418803418803418,0.5524332339853812,-0.6690377163941101,0.06712785516439443,0.22339854683182328,27.215495268714104,792.4850731785261,14.70393064187218
0.5421245421245421,1.9159561900627686,-0.9510944737944174,0.1270863151957158,-0.6694252283184862,27.374650211806,872.8538919318912,10.052105092759344
0.5423687423687423,3.5556928498677203,-0.33647912274840236,-0.3852571063923639,0.9761290456919737,27.533805154897895,979.1571461462545,3.006268565626144
0.5426129426129426,4.668087138442909,1.7498519562231774,0.7458999293526127,-1.1081171462991057,27.69296009798979,1128.0389083885607,10.78013974344323
0.5428571428571428,4.509986741477007,4.459891940741725,-0.8549309600474982,1.3657639345149561,27.852115041081685,1329.13509261723,5.459874346728646
0.5431013431013431,2.485967829264263,6.952283786018089,1.1562540055100985,-1.5105773440875303,28.01126998417358,1628.797269541335,9.7709223294888
0.5433455433455433,-0.9090643622119625,8.176829511968773,-1.5233665117148885,1.256706081113349,28.170424927265476,2057.69015358961,7.492972350412115
0.5435897435897435,-4.385353933166673,7.620421218743583,1.8343231186828128,-1.3385929629630324,28.32957987035737,2885.435711924915,14.200874858849037
0.5438339438339438,-7.688063323676296,5.270966649027609,-1.9606449888481887,1.1779746649913094,28.488734813449266,4766.095262438662,16.445156040254616
0.544078144078144,-9.19576617546709,1.2283361363214036,1.936619570357339,-1.0364569648830566,28.64788975654116,13620.072398894075,7.017943633891533
0.5443223443223443,-8.78449759307558,-2.677519400073247,-2.1264896444210666,0.6190108450133853,28.807044699633057,13558.70129326653,8.39458620249518
0.5445665445665445,-6.418368978832947,-6.014601506478983,2.242043354943525,-0.5870124385448316,28.966199642724952,4685.602676704114,15.047386135833065
0.5448107448107448,-3.1612263991075737,-7.502561328136555,-2.0468925826043143,0.144053067046004,29.125354585816847,2810.1829838189424,11.28144391329169
0.545054945054945,0.30709773667993956,-7.378782741783745,1.8225655666555012,0.17136555826713512,29.284509528908742,1996.4456704904821,13.306974169272566
0.5452991452991452,2.8095271106134505,-5.570235472147927,-1.5574236880217154,-0.10210551523507952,29.443664472000638,1553.5621475075827,10.885745407709301
0.5455433455433455,4.107156235254048,-3.0687819437395834,1.1905238890634147,0.1254322728804766,29.602819415092533,1263.1966442562189,21.231699618490488
0.5457875457875457,3.644762349544681,-0.6959505532314673,-0.8770887951335452,-0.4188614302174421,29.76197435818443,1059.834751881178,11.06067111888127
0.546031746031746,2.234504370956401,0.6547267345287603,0.6212017313239854,0.33149643690325725,29.921129301276324,911.4555614607931,4.889964854536391
0.5462759462759462,0.5337214333127835,0.5661625795140725,-0.21027897949755747,-0.07749751526363427,30.08028424436822,805.2366554441762,5.60034268690152
0.5465201465201465,-0.3602518816549597,-0.7202476895874206,-0.27052646377525713,-0.24637088495108334,30.239439187460114,720.502690429334,12.004032538990355
0.5467643467643467,-0.034756201071704955,-2.345419610580969,0.47636913254316127,0.32133313211299996,30.39859413055201,638.8513542598981,10.975803691129736
0.5470085470085471,1.6291860460265974,-3.2406042130151445,-0.4593234616507602,-0.6348946475720807,30.557749073643905,597.1593087240358,4.826444497377106
0.5472527472527473,3.977315071410052,-3.1168519014075953,0.5043074011021511,1.0689229133109117,30.7169040167358,529.5828292881455,9.977579553970084
0.5474969474969476,5.961852550078887,-1.5814871813540206,-0.7469594943925028,-1.3976403251836313,30.876058959827695,494.44456810903165,5.80426238002392
0.5477411477411478,7.22395441104969,1.5006210932720374,0.6675008588835232,1.7200667011465762,31.03521390291959,466.93724302139645,6.572216682586952
0.547985347985348,6.575952306873152,4.792558127436493,-0.44900215554589934,-2.074404425788619,31.194368846011486,423.4488674420375,15.32344262213325
0.5482295482295483,4.133710463450978,7.773820479521835,0.2913694210883412,2.117938133313073,31.35352378910338,404.7223526543024,7.120406442949279
0.5484737484737485,0.5152245526008761,9.15345954064835,-0.0968059973040094,-2.1841874167053956,31.512678732195276,365.9226270597421,18.078911891136176
0.5487179487179488,-3.4977437580058433,8.467605120358156,-0.3457763804575792,2.347778230965716,31.67183367528717,347.96488239695407,3.5172490209017617
0.548962148962149,-6.873515684916957,5.961269730546209,0.5966441828087863,-2.3013933235013986,31.830988618379067,337.7346038553762,6.538404388196183
0.5492063492063493,-8.506117258995118,2.572846771273449,-0.6910045582185806,2.0120273802531394,31.990143561470965,313.19130871061435,3.9739306895412043
0.5494505494505495,-7.988496620205769,-1.1539876693203637,0.875302070802747,-1.8507865538586896,32.14929850456286,299.71421034108766,10.016740940082327
0.5496947496947497,-6.129854449342849,-4.097969863183626,-1.0538186609279019,1.5652692920906472,32.308453447654756,283.3569703388502,7.86910346811105
0.54993894993895,-3.148820895829168,-5.469563566898257,0.8881411924006384,-1.2777852085850212,32.46760839074665,273.4572877998011,9.125181505394536
0.5501831501831502,-0.5485207809199156,-5.005658421573456,-0.7593152963466561,0.8988308730608111,32.62676333383855,265.61373299052127,8.309915856420535
0.5504273504273505,1.1801256144571093,-3.4110792473482645,0.787945137628762,-0.6327414403939985,32.78591827693044,234.38053825229153,7.505263171934744
0.5506715506715507,1.4391064233097826,-1.6801890308395047,-0.5103293759287322,0.37792774425609893,32.94507322002234,240.1370559047369,10.05964527872304
0.550915750915751,0.6860588930429843,-0.2321050439838102,0.36956316731481104,-0.17314072613461823,33.10422816311423,222.79679063109973,11.953125813143007
0.5511599511599512,-0.7918913592140188,-0.24981378532673018,0.0049016209297012,-0.06749396732889068,33.26338310620613,218.26876475571197,4.838412577618724
0.5514041514041514,-1.9803122722775461,-1.0793574166898932,-0.6384903870275576,-0.15179521490334608,33.42253804929802,209.9484196108839,1.3429881522332747
0.5516483516483517,-2.0593492403396363,-3.0601190052483704,0.8643659350773627,-0.13513369499832356,33.58169299238992,181.71220666688797,17.633127545269453
0.5518925518925519,-0.7638663820177864,-4.953752344795108,-1.1371568029022732,0.027323002092967404,33.74084793548181,187.8920600687842,4.609012741873388
0.5521367521367522,1.7731486018485745,-5.94038983520223,1.4379822984936796,0.16515792274117577,33.90000287857371,174.36626636738228,5.209934689792287
0.5523809523809524,4.813998408781194,-5.350485095602398,-1.7530048037572687,-0.23328021664150655,34.0591578216656,163.9161495780249,9.17193468798092
0.5526251526251527,7.4102922784636,-3.2580270976587933,2.015136869830861,0.48816203689821874,34.2183127647575,169.4961216519994,9.449444067391418
0.5528693528693529,8.61150870747447,0.48597668453122367,-2.0714057270965287,-1.082097758794412,34.37746770784939,152.65747494224854,3.402797145770205
0.5531135531135531,7.996502395309248,4.142625181192062,1.8605908485657725,1.071591485543233,34.53662265094129,167.61644964184737,7.074843744666755
0.5533577533577534,5.5051945859793525,7.451931191563467,-1.901800068882245,-1.5529881901719358,34.69577759403318,145.15157014303693,12.287449456029155
0.5536019536019536,1.7552532742511222,8.942678581682667,1.6957187381437742,1.3831308906516921,34.85493253712508,137.1056760611168,2.5925787329441543
0.5538461538461539,-2.2055565885580357,8.508707803375387,-1.6435858342314404,-1.6088187102158436,35.01408748021697,136.80835876731282,6.410079823998908
0.5540903540903541,-5.1174962915707365,6.4241591868942365,1.2985272693246694,1.8002861478450285,35.17324242330887,129.56493657627396,9.62721544425866
0.5543345543345544,-6.59193951889456,3.305474840937722,-0.9093966804405347,-1.7402144935846617,35.33239736640076,129.22009387805133,5.353409590602472
0.5545787545787546,-6.318663583194732,0.06428061289691164,0.6468843906005692,1.5286734363232428,35.49155230949266,122.73215109452136,10.455417212862661
0.5548229548229549,-4.679095668705622,-2.1021108590632798,-0.21140457415877945,-1.3057205892330936,35.65070725258456,135.38091680450898,5.967435248255206
0.5550671550671551,-2.5427118157982926,-2.8109042029490023,0.22613656251682318,0.9618054102473775,35.80986219567645,116.96073706831278,13.729608601203353
0.5553113553113553,-0.41074256554208527,-2.482495609947642,0.07460509516033123,-0.5570146109004418,35.96901713876835,111.81360328791847,5.7384327212199135
0.5555555555555556,0.2332299153000199,-0.980987573209068,-0.0337550274461821,0.35421965287449336,36.12817208186024,109.96579068706417,3.6857374981690474
0.5557997557997558,-0.32936070950306895,0.38218221425521465,0.04436548290173628,0.3586711757447948,36.28732702495214,111.62912815142512,9.244537548176341
0.5560439560439561,-1.9736521195056957,1.0257100586958154,0.30206215821091587,-0.5091398891251321,36.44648196804403,101.56833862404409,4.337280302363443
0.5562881562881563,-3.4400173872749047,0.21358573163897712,-0.2603267702861695,0.8490936447834122,36.60563691113593,99.00044655859107,16.862417196711576
0.5565323565323566,-4.566740536562048,-1.6011737605300418,0.6395581605109162,-0.9892492743288948,36.76479185422782,98.29255573550394,5.069945540909061
0.5567765567765568,-4.091279074274618,-4.501291661798603,-0.7937159932290837,1.193218964316993,36.92394679731972,91.19237223827493,12.381666208333291
0.557020757020757,-2.2469983596032037,-6.746574636041828,1.103188598796147,-1.3146734866094518,37.083101740411614,96.42771890744746,7.261727146566161
0.5572649572649573,1.2396258041143704,-7.8706896831571065,-1.542358394025523,1.4501809091932647,37.24225668350351,97.64340041628621,1.7046610597816514
0.5575091575091575,4.846525697474935,-7.344001988804971,1.7633508083689622,-1.1142366016244745,37.401411626595404,86.67186644736458,8.09450108714841
0.5577533577533578,7.810941202335457,-4.601556303950594,-1.9957666810217844,1.1042124309918269,37.5605665696873,82.14216975082137,12.126162264976294
0.557997557997558,9.152749843733739,-0.8417474083916575,2.0983756732703274,-0.855692720781919,37.719721512779195,73.87985295451766,2.044630779159789
0.5582417582417583,8.624665926776574,3.032947824375859,-2.1296275245458998,0.6580861296100593,37.878876455871094,77.76762460390799,8.289487659923989
0.5584859584859585,6.302113831213441,6.330077005823871,2.1045328066899582,-0.30476230826683537,38.038031398962985,74.44546475084087,7.3489618117761335
0.5587301587301587,2.7869338829583294,7.615505450638857,-2.144830107324971,0.2049298639206673,38.197186342054884,70.71372804039567,14.273594196277397
0.558974358974359,-0.627194008317336,7.333654196379661,1.8985048017851083,0.13931098743123527,38.356341285146776,70.66278481794869,18.17905261196325
0.5592185592185592,-3.154256460506373,5.338288845997339,-1.4854127338514849,-0.30514104394073266,38.515496228238675,72.29909122265201,8.779852573257955
0.5594627594627595,-4.43930289718192,2.897123642880203,1.4128537703623567,0.16656507141816682,38.67465117133057,72.60980831877433,12.096774601473285
0.5597069597069597,-3.9023818249191993,0.6439708733107518,-1.0148510595417797,-0.3387974495277128,38.833806114422465,67.3767871104076,2.0778492225171585
0.55995115995116,-2.3493646827236887,-0.7796611772315744,0.5442526163274034,0.22495067903137983,38.99296105751436,65.05939681860075,19.060524750497496
0.5601953601953602,-0.6345295079123409,-0.7235622185701955,-0.2940675586989196,-0.11026824166804168,39.152116000606256,62.906750341293105,2.052595140594181
0.5604395604395604,0.2642970860417301,0.33217640623528155,-0.019308830414719397,-0.008926441628845705,39.31127094369815,61.4524429151012,8.899929065246516
0.5606837606837607,-0.14066618696275282,1.9007797677333165,0.3313878051433807,0.38716709957462475,39.470425886790046,64.2276803891476,14.593213618304532
0.5609279609279609,-1.6252142259139686,3.0097994656120335,-0.43926835533782804,-0.5971107836558327,39.62958082988194,60.58393923561612,6.32886282320528
0.5611721611721612,-3.8758362878954604,2.717362845726559,0.5713002853054823,1.0060100043844384,39.78873577297384,48.11030970107088,8.801062771730589
0.5614163614163614,-5.786234169104888,1.2833304384343,-0.6394249313122387,-1.5904898922975077,39.94789071606573,48.643950546387835,6.498770294929854
0.5616605616605617,-6.7251290486120565,-1.6891862255375971,0.5367723099881923,1.5946971863518398,40.10704565915763,45.872161457295405,4.40292591263491
0.5619047619047619,-6.184302248901185,-5.012257898455707,-0.29128648567083903,-2.0359430892924353,40.26620060224952,52.97172546571397,7.393069266598877
0.5621489621489622,-3.6807007570323718,-7.575516659616191,0.35443492134295057,2.1925977440744813,40.42535554534142,37.29910020632772,14.330085882882065
0.5623931623931624,0.17101621662745808,-8.844090375584592,0.1285446670461672,-2.282170109107498,40.58451048843331,49.05332906714291,2.075414049731305
0.5626373626373626,3.9406847827193396,-8.064069812270205,-0.3723652959314211,2.189455324199398,40.74366543152521,44.07668065243725,13.216840238509288
0.5628815628815629,7.247341169276444,-5.710047585052796,0.442389256268687,-2.2637512007846703,40.9028203746171,48.552429248466495,1.8935814020556672
0.5631257631257631,8.538465320896881,-2.2220040804534475,-0.7489033502555958,1.9855109840200131,41.061975317709,42.302732425231426,8.029251298882768
0.5633699633699634,8.017736935902748,1.5663775727347415,1.0103226014180962,-1.6724253871527757,41.22113026080089,44.56967052209005,21.64384926209173
0.5636141636141636,5.9022627713674805,4.500091200953276,-0.9613380827778378,1.5840851003040615,41.38028520389279,28.320135608091007,2.4331438897279956
0.5638583638583639,2.858142122269781,5.744113115908081,1.0342672901424896,-1.2398688086525258,41.53944014698468,36.641779056628856,10.068770867367956
0.5641025641025641,0.18207887578673349,5.085195592042698,-0.9437970698771901,0.9258616216079159,41.69859509007658,46.269465873498355,18.31190922020711
0.5643467643467643,-1.4372117694498598,3.671935355927878,0.7743529762587379,-0.680965684440872,41.85775003316847,20.78656653764768,7.018323389009176
0.5645909645909646,-1.59560545319635,1.765292400004224,-0.6128351798459359,0.3781125003430457,42.01690497626037,24.050553821626522,11.071485101860844
0.5648351648351648,-1.0276905157205038,0.21633531132263933,0.09017574386009389,-0.00018588612149722517,42.17605991935226,26.5569726518188,11.946796510315298
0.5650793650793651,0.5045481387819181,0.13090782455625954,-0.007605199871559873,0.17640174314918636,42.33521486244416,29.531592781077702,4.108429056155843
0.5653235653235653,1.7800797820295953,1.0921309217250805,-0.45878701544971273,0.2289647746807188,42.49436980553605,30.74673414129979,4.493261027132886
0.5655677655677656,1.5604506648007184,2.838172856451232,0.9079748729435229,-0.04063601136600087,42.65352474862795,32.86930575990708,1.998337841702601
0.5658119658119658,0.525998000714278,4.608319644020882,-1.180284165651809,-0.011525247665638089,42.81267969171985,29.34564635394193,10.182379767873824
0.566056166056166,-2.0255664385985765,5.444664261186184,1.4490244501930687,0.18181338456629278,42.97183463481174,24.37813575039599,3.523818188860688
0.5663003663003663,-4.79377553561469,4.859343327126461,-1.8498966576030194,-0.28776068387000603,43.13098957790364,33.46517428002318,15.129505495123613
0.5665445665445665,-7.559484147534854,2.7831161143508423,1.8302818702880823,0.5442062487126065,43.29014452099553,20.54774192961648,11.850969258191439
0.5667887667887668,-8.420663378084615,-0.851846707397191,-1.9325986713874617,-0.9047564539749404,43.44929946408743,22.940830331938326,3.8506067067261864
0.567032967032967,-7.650730258673924,-4.552821142330451,1.769589695233603,1.1737284538184438,43.60845440717932,17.12419038493523,9.642009788055839
0.5672771672771673,-5.03896336886127,-7.679668157173548,-1.6637562320714734,-1.3526538001957378,43.76760935027122,19.75827556941805,16.077176905998297
0.5675213675213675,-1.3223683896952296,-8.896475751071113,1.5016490278323111,1.5658862001216736,43.926764293363114,26.849720755023505,13.608033067772086
0.5677655677655677,2.5391314558015257,-8.30983296432853,-1.3078206462240154,-1.7630889767347255,44.08591923645501,10.843013758680373,5.454646768268358
0.568009768009768,5.557065805868882,-6.000532207125071,1.1153436505733572,1.8089200263827738,44.245074179546904,18.54492299280544,6.839975020684209
0.5682539682539682,6.93490026036195,-2.8711724350914354,-0.8406633642195227,-1.5945744524913394,44.4042291226388,19.495461770888195,2.000748531327436
0.5684981684981685,6.441370532374214,0.321705195161331,0.7073078975237845,1.5845069378110552,44.563384065730695,6.880283567336598,12.722249163777658
0.5687423687423687,4.5863022918257546,2.295340923036467,-0.5013316755695937,-1.32249822206033,44.722539008822594,5.368506175097612,5.357225799773475
0.568986568986569,2.2251035670098496,3.2078900578133998,0.20097340523899218,0.9667823492853097,44.881693951914485,12.713334762053975,3.3460669759595025
0.5692307692307692,0.6661682720679494,2.661597673140871,-0.13919217190628788,-0.6426434815725356,45.040848895006384,9.016558053846177,4.234088298243719
0.5694749694749695,-0.220455353419445,1.0699876676993214,-0.10042167482270177,0.23004824994010858,45.200003838098276,6.4162024792835615,17.80014827020576
0.5697191697191697,0.11433743380331267,-0.43423128971927705,-0.2298803898053194,-0.02885828308908825,45.359158781190175,13.537608819285458,10.21000672723014
0.5699633699633699,1.8261041367707356,-0.7766732592206561,0.19167359565292227,-0.3687573579828214,45.518313724282066,11.20178158543841,10.325485957934523
0.5702075702075702,3.179349593989924,-0.14415239311714623,-0.31861095856536803,0.754098108831435,45.677468667373965,25.391212596391412,10.44859807218378
0.5704517704517704,4.307624519299106,2.0667639901109034,0.4661885157825024,-1.0422890554140078,45.83662361046586,12.310028510903148,11.413674710254954
0.5706959706959707,3.5667769137827,4.319877022713587,-0.8908595768647175,1.1931622213787794,45.995778553557756,20.21962237269051,7.334445265938701
0.5709401709401709,1.615604089173281,6.640279046986837,1.2211043854733377,-1.3132175402323683,46.15493349664965,13.591156788169393,8.800242144343299
0.5711843711843712,-1.4897696842254295,7.670481631333311,-1.570129495820883,1.2920542659561904,46.314088439741546,14.431006990147154,5.031827844153831
0.5714285714285714,-4.975757491323589,6.548355345642554,1.7105853708566243,-1.2193895893249926,46.47324338283344,8.629741265573468,7.743021397905104
0.5716727716727716,-7.703972321920338,4.110341840371355,-1.9973560786102262,0.8878172633415543,46.63239832592534,15.04699077198999,11.08957222657122
0.5719169719169719,-8.921860210747967,0.3741768901565112,2.191760646919445,-0.733771822305004,46.79155326901723,18.40449921372484,3.660626890104464
0.5721611721611721,-8.172034642101686,-3.4204663218910256,-2.3317631695003773,0.7754263785914456,46.95070821210913,15.610675373432763,3.4870496101216664
0.5724053724053724,-5.864588637183259,-6.426130260440491,1.9408719795340608,-0.4392332010278408,47.10986315520102,5.19875870465813,2.6500909906092334
0.5726495726495726,-2.260666047868268,-7.752993235273608,-2.054089212721561,0.06383426974184003,47.26901809829292,14.065057011360492,13.296068244065891
0.5728937728937729,1.1922923385635158,-7.1901559247194875,1.8970654341409339,-0.017766100894167025,47.42817304138481,26.285276517515953,9.530776172550402
0.5731379731379731,3.564724434552947,-5.2999138350361,-1.566761003070429,-0.259468075102956,47.58732798447671,16.133791565292164,9.774542302489186
0.5733821733821733,4.448145682146417,-2.5497626791902515,1.1798169844480315,0.35787396283925044,47.7464829275686,25.55859915192067,22.06204637658525
0.5736263736263736,4.130658602447826,-0.3998081797553894,-0.8752100925427985,-0.40951197246599835,47.9056378706605,26.89582785653868,5.664519722326816
0.5738705738705738,2.5111804331755896,0.8006704822452724,0.5721437919952406,0.35630565686581006,48.06479281375239,21.695514918941633,4.42151506784865
0.5741147741147741,0.7543099022915151,0.9114716937676445,-0.2999394960327315,-0.048588752499418686,48.22394775684429,18.516236408441767,16.116580162743787
0.5743589743589743,-0.13586460783170823,-0.3927634223770922,0.08943749096132914,-0.20245581021796902,48.38310269993618,27.20209544604663,8.44567133269211
0.5746031746031746,0.09336446975675605,-1.8101738081098648,0.5414359653514937,0.31393139789258295,48.54225764302808,27.02533549808412,10.230065651637762
0.5748473748473748,1.5935886437383546,-2.852787962911065,-0.7031625011157903,-0.608749251883583,48.70141258611997,21.506544661840646,9.948993768979747
0.575091575091575,3.7491403134130934,-2.409756497890495,0.5314763861114028,0.8143046412131827,48.86056752921187,25.12853063836755,7.388359153111164
0.5753357753357753,5.744379730103795,-0.62549525435872,-0.6056355161410911,-1.4253143808993767,49.01972247230376,38.203379739281694,5.863509855636957
0.5755799755799755,6.44329049643776,1.9396434511596057,0.5959270104732441,1.3657434769688823,49.17887741539566,21.73810434629782,12.345141970044105
0.5758241758241758,5.7282195317668085,5.127097283371178,-0.4540679740468071,-1.7912328580413066,49.33803235848755,25.81765372074592,10.011767204560796
0.576068376068376,3.2728756382860125,7.5859095013515025,0.1282565682280671,2.128886294707544,49.49718730157945,23.220940356142684,3.6947935176221525
0.5763125763125763,-0.38432584453773994,8.708673257723659,0.23141271070299388,-2.23317330533099,49.65634224467134,36.59854119631178,13.589702529005383
0.5765567765567765,-4.28445718380574,7.947570197107776,-0.17168756927766055,2.393092192091,49.81549718776324,28.44113443318794,9.18215738638728
0.5768009768009768,-7.098398481498024,5.378794475517805,0.6091495073960177,-2.1999777427762837,49.97465213085514,42.18577413314111,18.330278407246116
0.577045177045177,-8.528714192318928,1.7426038953355754,-0.6486324571713055,2.0767148484104188,50.13380707394703,33.463975070267885,3.104937314940982
0.5772893772893772,-7.909442096721256,-1.9287479078737453,0.9022804443832029,-1.7246647881206165,50.29296201703893,50.5217019958733,9.723873091822206
0.5775335775335775,-5.800128290354533,-4.588019883141651,-0.9127521131897144,1.5467813609982053,50.45211696013082,34.48165174353777,6.518215435383726
0.5777777777777777,-2.652658375028911,-5.7558569838856695,1.0533289827645422,-1.0935391454190546,50.61127190322272,49.49020232172473,12.254212010474133
0.578021978021978,-0.026630346548422487,-5.306495156280927,-0.9814506604999531,0.8599099705160103,50.770426846314614,60.190947263841196,2.408505659680833
0.5782661782661782,1.7254988775965527,-3.8457853721739546,0.6898583327649483,-0.567837528053121,50.92958178940651,42.89126308106907,4.101942520456954
0.5785103785103786,2.0987075218200775,-1.8140572480565504,-0.6869669926031208,0.4015411143057991,51.088736732498404,42.7490552733422,9.893447899794575
0.5787545787545788,1.1925259027755057,-0.3242695451946041,0.24003989619337357,-0.2358437467133218,51.2478916755903,37.8556188303495,13.475807875541006
0.578998778998779,-0.1346017633860138,-0.019340038029328602,-0.12280629077962382,-0.01018790459605545,51.407046618682195,45.637795963495265,11.292176713090743
0.5792429792429793,-1.2112246721843378,-0.9597514434103375,-0.28463115263129846,0.27321865787201205,51.56620156177409,62.690953314783954,1.8950661483126412
0.5794871794871795,-1.4763580707164425,-2.5900255906349954,0.5424128864577227,-0.12278309934362244,51.725356504865985,54.443990484967095,15.984368229514248
0.5797313797313798,-0.33005464073845103,-4.4054772272349725,-1.0454722960838105,0.11302099332621651,51.884511447957884,58.694273806081455,8.899377784474268
0.57997557997558,2.0620582554996,-5.223162387970319,1.417065112478062,-0.00820394161597876,52.043666391049776,53.34573022440187,10.009693779482888
0.5802197802197803,5.082425733030169,-4.592944119023984,-1.5643686735178823,-0.34315297538471684,52.202821334141674,62.545022475391505,0.9393222024026058
0.5804639804639805,7.309083668504506,-2.128842232491313,1.8844408429495385,0.43508794886777047,52.361976277233566,59.66114390719435,9.621398826903208
0.5807081807081808,8.292706300928375,1.2364986998891523,-1.8944984489966936,-0.810905479006094,52.521131220325465,59.84397416419651,8.483582262771643
0.580952380952381,7.215495621356417,4.749052163930105,1.9371635351493215,1.1853245954047427,52.68028616341736,67.83979612987837,10.379446980644916
0.5811965811965812,4.5927924632809045,7.710194498035813,-1.7772793553926451,-1.5225462097505915,52.839441106509256,65.20585381331203,17.872731174900753
0.5814407814407815,0.8026892374631033,9.061497436723796,1.6886348233104327,1.5418645653970655,52.99859604960115,72.0262979260919,7.491992244713487
0.5816849816849817,-2.914737697755765,8.110325055669254,-1.3900541715647703,-1.6051906493097323,53.157750992693046,71.36954362946548,11.542221094925456
0.581929181929182,-5.741837650241756,5.742123657658256,1.2902624333408197,1.8529935208377275,53.31690593578494,71.20122972354143,8.615148278442744
0.5821733821733822,-6.839620314344711,2.517421104082706,-0.9011109012364101,-1.6600270035720066,53.47606087887684,84.38003759217021,9.362347246799327
0.5824175824175825,-6.481592794023285,-0.6524109228336641,0.5454063866835425,1.6379640414900944,53.63521582196873,90.2258984187765,20.096776114347065
0.5826617826617827,-4.705362744831684,-2.676113559804417,-0.2996218683774221,-1.2233379336268742,53.79437076506063,81.85484997098045,10.219081046313573
0.582905982905983,-2.0835145498919045,-3.347464727679951,0.195382536411279,0.9952458327755234,53.95352570815252,93.62550552328497,5.091983158048174
0.5831501831501832,-0.4166583589817115,-2.7349075204233717,-0.19060490126333954,-0.7816388191381527,54.11268065124442,76.58956160164645,13.81067660517973
0.5833943833943834,0.44093770193416176,-1.3033942719727771,-0.01332998640808165,0.37819925950598143,54.27183559433631,86.51672158812558,6.339120173438048
0.5836385836385837,0.03543576427127003,0.013068912105388866,-0.0401963360593305,0.12868581686351016,54.43099053742821,87.74050784006674,16.207592890554654
0.5838827838827839,-1.4759489851168568,0.5624955468546402,0.1374002807184205,-0.27806340085647563,54.5901454805201,100.5625282517492,7.9679253846650315
0.5841269841269842,-3.038051521056639,-0.30866934132789725,-0.2638655627704814,0.6347108497376165,54.749300423612,91.8407288573369,4.684998158171175
0.5843711843711844,-3.6797120979739284,-2.0940977949899398,0.6622791314878282,-0.9168705181781971,54.90845536670389,103.86360437251103,2.082062182858937
0.5846153846153846,-3.3664794643011993,-4.360830147173068,-0.7300685439155604,1.3428023286040192,55.06761030979579,109.92358544788088,13.946862180692271
0.5848595848595849,-0.9938231321508801,-6.720908223681988,0.909353029270204,-1.2327686864860703,55.22676525288768,104.00630467845404,2.6169616925073056
0.5851037851037851,1.7452897334139672,-7.076697976786293,-1.4924683746754877,1.1119208193447574,55.38592019597958,116.28168724277172,6.816051884698927
0.5853479853479854,5.189448587073019,-6.152140665817216,1.8256762127153312,-1.3829302472984453,55.54507513907147,103.59117478809354,14.903725990496406
0.5855921855921856,7.8121339789807065,-3.596152356707499,-1.898269405974015,0.9974168639099199,55.70423008216337,121.2708701719089,8.00581344420203
0.5858363858363859,8.765043488398764,-0.0905192283868227,1.9998215280992837,-1.040360289230438,55.86338502525526,113.10701612397212,6.835540923991762
0.5860805860805861,7.997714893685196,3.619332446566678,-2.029579512435566,0.6448843833444393,56.02253996834716,133.9238266914338,10.561057875345199
0.5863247863247864,5.4903717949365625,6.537568988026069,2.2762216240737425,-0.3177611404490316,56.18169491143905,123.91618399963224,5.237522547277645
0.5865689865689866,1.9479429117623803,7.937820346672089,-2.05241679152262,0.09997850372232732,56.34084985453095,141.20568093322836,3.9078860356029863
0.5868131868131868,-1.515782719265743,7.464034920602734,1.9629869233537345,0.06576934577596623,56.50000479762284,132.13861448414536,14.210543041288863
0.5870573870573871,-3.847305683463145,5.102479687909034,-1.4596109153556018,-0.2560107751985764,56.65915974071474,139.71007927726012,5.186036482565304
0.5873015873015873,-4.614579943758254,2.6050401942129895,1.4522094979099178,0.36748499309644406,56.81831468380664,142.7044390281069,1.9421584961542961
0.5875457875457876,-4.312233770273377,0.26939502224045314,-0.936723136006789,-0.35320518437554066,56.97746962689853,132.09430524658643,9.115859363815822
0.5877899877899878,-2.545607956924005,-0.9157991072179198,0.6712339771037714,0.22952653952805674,57.13662456999043,150.94359917765757,7.950408219846567
0.588034188034188,-0.9287434065517544,-1.208256164993176,-0.2352202176418191,-0.281748744364028,57.29577951308232,165.2798220397655,10.401780932135573
0.5882783882783883,-0.035538623351173027,0.02099203895462061,0.05163119634559882,0.0489613807243478,57.45493445617422,165.66699406521957,2.4906484208439585
0.5885225885225885,-0.2703866500524383,1.3469574061415936,0.24099401519367192,0.10743246362451297,57.61408939926611,169.6480906998932,3.6526714755636847
0.5887667887667888,-1.6303170856734899,2.485129068460414,-0.416509066286376,-0.5804300164561936,57.77324434235801,187.20684733914914,9.244299989496074
0.589010989010989,-3.7124705095903283,2.147191000380203,0.6432223376135583,0.8576017071297258,57.932399285449904,192.05947340297968,10.338413149147721
0.5892551892551893,-5.541538984868128,0.5939312156967683,-0.5228789064143085,-1.3400758374804975,58.0915542285418,193.97247771580467,9.926959971079608
0.5894993894993895,-6.03735308075067,-2.095396903244526,0.3647501211805946,1.626234340528347,58.250709171633694,203.98083986786122,4.981048571126037
0.5897435897435898,-5.338557070022903,-5.216602134006914,-0.40836349512810477,-1.7707823647234517,58.40986411472559,212.44563921653148,5.051175069550879
0.58998778998779,-2.711452818128948,-7.727388056830431,0.21974370640957833,2.197132671278796,58.569019057817485,211.72407759358845,5.94989312750121
0.5902319902319902,0.8862634677097375,-8.7022014356968,0.10998487832973164,-2.2305375454711625,58.728174000909384,233.09965481266616,0.5805605571472654
0.5904761904761905,4.561669772214022,-7.705744045168933,-0.2755832801555775,2.3493424915865164,58.887328944001275,249.8633739337183,3.0371446137323534
0.5907203907203907,7.3027098553065795,-4.799765766036908,0.5332913822449097,-2.27089107032647,59.046483887093174,254.64415976558539,14.12670515747446
0.590964590964591,8.577564745702816,-1.1003674773146845,-0.8841589563535263,1.9819792489804424,59.205638830185066,260.0897947162965,8.478102461840106
0.5912087912087912,7.8990837722571285,2.419734522042503,0.7303267924088673,-1.981969941932009,59.364793773276965,277.4786650973244,6.444825156398676
0.5914529914529915,5.267176254879636,4.9821964904699865,-0.9145117971821308,1.6569873802867647,59.52394871636886,288.6195492542643,3.339713734831504
0.5916971916971917,2.362168226168136,5.942846780469181,1.1023848782567165,-1.3518033173443462,59.683103659460755,309.04198070196105,8.106095136090545
0.591941391941392,-0.2404887665364427,5.495481745300325,-0.868105474152652,0.9342999313255588,59.84225860255265,319.79718769400625,12.835020689097
0.5921855921855922,-2.055522958303001,3.572618333741026,0.9114008321729964,-0.8227249053587697,60.001413545644546,350.8017416693607,2.2560566407700495
0.5924297924297924,-2.464059376787569,1.8014529472137115,-0.6015415195949628,0.4859387224754049,60.16056848873644,371.9634614740819,18.53348290297309
0.5926739926739927,-1.4295711854666038,0.21897282250229175,0.31999953760543737,-0.10334035923850247,60.319723431828336,394.4777730944943,10.624902804880291
0.5929181929181929,0.034249324070351514,-0.10824815746336541,0.05432745117749012,0.13147160754453682,60.47887837492023,411.7539407270482,6.222653177911134
0.5931623931623932,1.1679032544861452,0.9711940052576702,-0.3425551422074228,0.09289345757818261,60.63803331801213,456.03934015873074,13.599469355841196
0.5934065934065934,1.2259465693202045,2.509658739512712,0.7087081326621503,-0.07562241833451978,60.79718826110402,495.5590296410248,4.86670573315715
0.5936507936507937,0.1535598277604874,4.085614354819359,-1.1491088832261522,-0.12135913740047544,60.95634320419592,539.7042615248105,11.392388119667201
0.5938949938949939,-2.2846807099966253,4.927062358185299,1.3126940045374471,0.09256725891446548,61.11549814728781,570.0065313606696,4.435838126277244
0.5941391941391941,-4.856253225516623,4.1075920426744,-1.393962763171388,-0.31560623626210427,61.27465309037971,634.975770945,1.0253056694875573
0.5943833943833944,-6.908223656446226,1.8174158499507433,1.7222485311769287,0.6752020248030614,61.4338080334716,712.9574604336252,16.033215411869353
0.5946275946275946,-7.934269495816162,-1.5326704575795513,-1.7251686027572801,-1.038127781173259,61.5929629765635,797.4377959394241,5.911442325262378
0.5948717948717949,-6.622565909995775,-5.099038864785608,1.835847925847248,1.03906561287497,61.75211791965539,918.5380092895679,11.398365442230046
0.5951159951159951,-4.124988526656481,-7.949079966143166,-1.7460587991184977,-1.323117338735733,61.91127286274729,1073.326737740669,16.889400414596228
0.5953601953601954,-0.41250273071282495,-8.598678216958755,1.6563233015231034,1.470331255110002,62.07042780583918,1263.0245053226035,9.440267675275168
0.5956043956043956,3.1818665113690825,-7.886532991205039,-1.4698669241668652,-1.709491052619293,62.22958274893108,1557.33058212087,7.660036746301343
0.5958485958485958,6.097574539231852,-5.301516394383427,1.0960777856439958,1.64085124899962,62.38873769202297,2000.5714722248686,8.684960170520176
0.5960927960927961,7.159627086456034,-2.278389343008002,-0.9547403506206041,-1.5233649189692042,62.54789263511487,2822.649230325218,5.9913854134277456
0.5963369963369963,6.4321562341272935,1.0508779868153242,0.5389645489408312,1.4015375115067374,62.70704757820676,4686.772754030912,9.731831994326843
0.5965811965811966,4.477308470306647,3.2020911473946336,-0.3570174941059876,-1.4443203156952689,62.86620252129866,13562.33142743628,9.291408170902024
0.5968253968253968,2.3957337976297652,3.7637665541974283,0.05272995352319784,0.9949243113065933,63.02535746439055,13629.912783092605,5.354568660305779
0.5970695970695971,0.3790507421092574,2.9068538034008173,-0.14709609366893883,-0.6585540960295346,63.18451240748245,4753.760472169996,11.15605226467224
0.5973137973137973,-0.5730759834353477,1.5316637566401172,0.01200729438966857,0.349048033158205,63.34366735057434,2874.697869439849,3.8265342079937095
0.5975579975579975,-0.08855198822907688,0.06244763701936123,0.07550476159376153,-0.04456593655219238,63.50282229366624,2071.7521844019648,2.805009255300872
0.5978021978021978,1.1691682140434903,-0.47408350031592156,0.14221104669052614,-0.4929846187696285,63.66197723675813,1613.9022250839905,6.617502488847329
0.598046398046398,2.8149025769992733,0.17436139749207535,-0.06609190181391764,0.6617405463879646,63.82113217985003,1329.3158866044992,14.415079058684183
0.5982905982905983,3.4433435760597053,2.1581107672110043,0.7196252459234125,-0.8313556288903095,63.98028712294193,1133.6840721409737,12.232082272224067
0.5985347985347985,2.880236960024979,4.254857812576221,-0.5973690671696374,0.9084640143546763,64.13944206603382,979.4333230871536,6.356328452301333
0.5987789987789988,0.9989773683932641,6.25477186729698,0.8380795872962645,-1.1288943742315112,64.29859700912571,875.0707616077109,4.024663469308104
0.599023199023199,-2.0565806293005746,6.949291106378582,-1.4528834755971358,1.0802056414665828,64.45775195221762,778.2558570498899,2.8921087951459947
0.5992673992673992,-5.426655039494463,5.906819563444963,1.6469552234526346,-0.9200079436048478,64.61690689530951,717.062399200117,4.285214709553562
0.5995115995115995,-7.867355306358241,3.240133545057672,-1.9491847953461778,1.0332777761448189,64.7760618384014,651.184541689538,8.995114096511607
0.5997557997557997,-8.865299305200246,-0.43284259512767653,2.058773128348625,-0.8447432956605991,64.9352167814933,593.5770186968703,9.942713006316154
0.6,-7.695744175365873,-4.214890158189882,-2.271418903074293,0.47110332922750187,65.0943717245852,556.8218833142183,7.292856653427627
0.6002442002442002,-5.053082659053591,-6.7644540954717485,2.1873442295743373,-0.3777205008601199,65.2535266676771,529.306418693458,9.336848407215962
0.6004884004884005,-1.6879088501658797,-7.841824028886039,-1.917345028250035,-0.025298387265094646,65.41268161076898,486.1516788705463,18.157635939102217
0.6007326007326007,1.6391757338714958,-7.430903267899975,2.0356998405038715,0.15382994298636374,65.57183655386088,477.94306537919493,2.084910109454851
0.600976800976801,4.121588255365537,-5.060529703225297,-1.6931809622795315,-0.3581717458642049,65.73099149695278,433.6385055282082,9.47896531713533
0.6012210012210012,5.081554287097126,-2.3961138838292304,1.2841825560720066,0.4161064798980109,65.89014644004467,422.2259681636307,15.655200561648465
0.6014652014652014,4.36580601071902,0.04713559964482578,-1.0099347671978907,-0.443949340346149,66.04930138313657,396.8354806337343,7.114903747448132
0.6017094017094017,2.743261569944241,1.289909899701,0.6590516275464006,0.37913861130524434,66.20845632622846,370.57881656985745,1.7053584248411275
0.6019536019536019,0.8974654741167022,1.3211700054268234,-0.31455915116376143,-0.16183983145130132,66.36761126932036,352.78503324388356,4.1524861921769
0.6021978021978022,0.11242417376304258,0.00032472711073169847,0.013436647024605276,-0.03389114481210262,66.52676621241226,346.82990279525785,11.370890607262224
0.6024420024420024,0.25717933096423246,-1.40911381692764,0.07836437547483863,0.2981006812730658,66.68592115550415,334.11957684463454,6.125714902691996
0.6026862026862027,1.5276059500875336,-2.137763226347681,-0.3620435567474254,-0.43272870596631785,66.84507609859604,324.089639216781,15.467818599845216
0.6029304029304029,3.4947963009020993,-1.9141881255882638,0.6232038510756657,0.9412106112193788,67.00423104168794,321.29957664159855,15.277182838903432
0.6031746031746031,5.229916262363012,-0.22121608717172997,-0.5505727568713317,-1.1619712499428427,67.16338598477984,309.9375839745007,8.332995451148673
0.6034188034188034,5.813457519805529,2.3869045165092095,0.47699227333182115,1.509535023443891,67.32254092787173,284.39500944076804,0.6621364510848861
0.6036630036630036,4.932958532887175,5.168391728149843,-0.1720074513616307,-1.8050456787725695,67.48169587096362,271.12810199318915,13.051260270866548
0.6039072039072039,2.1778443523331728,7.585627910939288,0.251440306185421,1.8675642975287003,67.64085081405553,275.60341427375863,12.869487793476974
0.6041514041514041,-1.2173852029338388,8.250180343818053,-0.01625146977135962,-2.2914410259044713,67.80000575714742,278.21484961199013,4.145103337193711
0.6043956043956044,-4.734497030730255,7.300884847070054,-0.40179747204582617,2.1301760677997508,67.95916070023931,255.7130658523797,7.088616708879409
0.6046398046398046,-7.40568078596442,4.459767022062666,0.7617624880648668,-2.1055149652718406,68.1183156433312,249.51602801848873,11.04867318877167
0.6048840048840048,-8.68237064918094,0.7356599289019192,-0.8607019936047897,2.0215863342839007,68.2774705864231,238.13239372970423,13.293104378042752
0.6051282051282051,-7.660003794296502,-2.579207148853155,0.9147567277074852,-1.8221143234947244,68.436625529515,236.49578562401408,6.268734182916642
0.6053724053724053,-5.200870824256936,-5.227869969305636,-0.9364801152466836,1.48641972289533,68.59578047260689,233.23717945729842,8.13478517176863
0.6056166056166056,-2.2793380441014923,-6.254344478344138,1.1888777467585,-1.4804839028014656,68.75493541569878,219.0116327112652,5.744472822986895
0.6058608058608058,0.5420177616601027,-5.570202954302346,-1.0977025385951868,0.9749745344834098,68.91409035879069,222.805806633565,6.634320596587049
0.6061050061050061,2.194366586065855,-3.7343119901288317,0.7415522761275621,-0.6538212018111829,69.07324530188258,213.72115025534546,4.635507507841011
0.6063492063492063,2.618013966959911,-1.6411720451862946,-0.7705560549381036,0.40032438864037556,69.23240024497447,206.30485954445666,8.519060483525287
0.6065934065934065,1.5979573496355335,-0.24807923991621747,0.3029690962200833,-0.15196486447643584,69.39155518806636,202.55870013602737,11.398081270623207
0.6068376068376068,0.2395537656650233,0.052653472508568125,-0.028542109680038154,0.0014974740302696778,69.55071013115827,212.54124854033915,6.361986161479158
0.607081807081807,-0.9861922702383591,-0.8299353090581209,-0.11766663749441506,0.2896987366614463,69.70986507425016,194.07954450176132,12.926789278249013
0.6073260073260073,-0.831842387482442,-2.1883220187748393,0.5555973111255217,0.014938670120436426,69.86902001734205,185.78687890009763,14.215486855909731
0.6075702075702075,0.21559326209750776,-3.9117615299440605,-1.0488151496449525,0.021612681087128605,70.02817496043394,191.79275617277645,5.284132273874217
0.6078144078144078,2.540566993430353,-4.690626169090285,1.294457494943912,0.045530003797422045,70.18732990352585,184.55997229615073,3.9447553066845367
0.608058608058608,4.921461130246481,-3.6556337706544264,-1.5850471604631917,-0.47937688700280856,70.34648484661774,189.02433704408827,3.70044646596126
0.6083028083028083,7.020634018107471,-1.615567381963233,1.8085871734775019,0.60752885064199,70.50563978970963,183.5245883182574,1.842431801776737
0.6085470085470085,7.53082357113769,1.8446838092170452,-1.8002201538539462,-0.9333909691955549,70.66479473280152,175.941909343759,13.317795671747552
0.6087912087912087,6.435150032272833,5.286803010224299,1.6093176725582419,1.0555790172911068,70.82394967589343,160.25316575717292,1.1804372485624655
0.609035409035409,3.8912166552288845,7.754772567599239,-1.7514855204474906,-1.5185206368505733,70.98310461898532,170.9697131757778,2.5685763357203832
0.6092796092796092,0.08406797208454186,8.704312877114965,1.5988856827582356,1.3070735045381874,71.14225956207721,161.7788496040737,6.040953847311965
0.6095238095238096,-3.468971534085711,7.6143189749130356,-1.1885797593626826,-1.7034434619878325,71.30141450516912,161.57799844192743,9.191896632192206
0.6097680097680098,-6.330981718461489,5.265029435841767,1.262088767423076,1.6660706302482113,71.46056944826101,164.35112539481582,7.687300233349964
0.6100122100122101,-7.2568744820035,1.789111592370821,-0.6135380565613275,-1.7637286443326394,71.6197243913529,153.8010992515988,7.892512205423901
0.6102564102564103,-6.499250723537906,-1.2881568978098592,0.40375208223666936,1.5084685792188948,71.7788793344448,162.10679625869878,4.622727564042527
0.6105006105006106,-4.488239630228202,-3.2006563139447177,-0.17691408439341072,-1.517561106656998,71.9380342775367,152.4393151575601,14.066645251051266
0.6107448107448108,-1.9926490278701388,-3.9245042053227763,-0.043612455960523655,0.9493466028104329,72.0971892206286,151.86946235615537,8.1386490284401
0.610989010989011,-0.1435148698858727,-3.134081768182554,0.08157222855454194,-0.7068448074778204,72.25634416372048,139.469268152572,13.093235061394353
0.6112332112332113,0.7446422149580417,-1.5706148329053249,-0.13114532421084815,0.6330143269919182,72.41549910681238,145.9766556604805,16.575499100795216
0.6114774114774115,0.23334970349176817,-0.06055304388699956,0.0036126771200601284,0.017529368577906143,72.57465404990428,140.79909668066543,9.803130767769543
0.6117216117216118,-1.1894002396941221,0.3950959624440606,0.039081396681342695,-0.3069897413112208,72.73380899299617,141.7958838537971,10.389692218754893
0.611965811965812,-2.425738536941538,-0.4331171508537196,-0.3332407715064465,0.7275149863000411,72.89296393608807,147.85872033378453,10.932154963387607
0.6122100122100123,-3.1848111605084855,-2.0551766498808446,0.5167710325317557,-0.9549986148253092,73.05211887917996,132.67703338749897,2.309642738070239
0.6124542124542125,-2.611911558751356,-4.419578033592689,-0.6833699760367866,1.0183963441053603,73.21127382227186,139.16484973225016,14.64271398530715
0.6126984126984127,-0.515272058005765,-6.1830975273632705,0.9083853752602878,-1.1348250066637129,73.37042876536376,134.4002961167207,8.373775672247499
0.612942612942613,2.268798609905551,-6.720474820780459,-1.1986844860418038,1.176281149517484,73.52958370845565,140.59659279571798,7.596214910517472
0.6131868131868132,5.3639850416907695,-5.757927657391947,1.8473260171518509,-1.2910620390660195,73.68873865154754,142.12333291169426,12.26053839935527
0.6134310134310135,7.790837852705833,-2.794183494823045,-1.7754302638297712,1.0338204829550794,73.84789359463944,132.14458809253344,15.507913172830936
0.6136752136752137,8.576253604004274,0.8679747572730062,2.2244136132852885,-0.7606861043456241,74.00704853773134,124.10598511160767,11.87535109668501
0.613919413919414,7.524735522919714,4.450523625990339,-2.1331261547481497,0.5893560199580982,74.16620348082323,130.76230949693326,3.465866639073427
0.6141636141636142,4.704728143537432,7.058190402509676,2.09898289567547,-0.14913918762169642,74.32535842391512,133.67754036467267,3.526055510803569
0.6144078144078144,1.2393967579069172,7.992588150243285,-2.014324285874061,0.14043606382636953,74.48451336700703,118.68226875934225,11.350603810182143
0.6146520146520147,-2.080520493413152,7.205187317720789,1.6239238378885,0.25412365134249737,74.64366831009892,123.4830238229599,11.456336337811544
0.6148962148962149,-4.382913686149475,4.826676400530355,-1.770783591847951,-0.14918156063563334,74.80282325319081,114.86476294470364,4.077152123034319
0.6151404151404152,-5.223199111422858,2.092914878219936,1.3179243036935684,0.5291385082271531,74.9619781962827,115.64630501261937,5.369979432006736
0.6153846153846154,-4.512560615466466,-0.12966001454963316,-1.0019074688239982,-0.34849341358211117,75.1211331393746,119.07914093686475,4.785927667857622
0.6156288156288157,-2.965271108742578,-1.5187849795543,0.6684429016020291,0.3175852078039785,75.2802880824665,120.03340543552991,8.820730864698806
0.6158730158730159,-1.04921695729174,-1.4681794991638852,-0.36388028639693243,-0.29705165539760175,75.43944302555839,112.76262365186888,11.796389357803855
0.6161172161172161,-0.08984644360236375,-0.24937297528197605,0.0989453762650828,0.23645370085015746,75.59859796865028,113.3343838785358,9.652099751489496
0.6163614163614164,-0.29368662326701594,1.1364276054453424,0.2901234762085154,0.22656007008855006,75.75775291174219,110.22941881032922,11.17170731292499
0.6166056166056166,-1.514416648858298,1.8073422060355422,-0.38956086081770236,-0.4647638653289109,75.91690785483408,113.68442254258589,14.808174023885654
0.6168498168498169,-3.5207053794576835,1.6827781310386911,0.49259356041166513,0.7080159490270659,76.07606279792597,113.58834656744399,7.025280561280148
0.6170940170940171,-4.811954470029116,-0.03520283219701316,-0.3441036004923539,-1.1606210313557621,76.23521774101786,110.12977116383246,18.712064068874305
0.6173382173382174,-5.389157775016517,-2.55347007955954,0.2984122301363456,1.306233462953333,76.39437268410977,102.24340365429131,6.5727149576340675
0.6175824175824176,-4.432196113745421,-5.391572141128993,-0.26209304092221886,-1.6349883113506416,76.55352762720166,105.36067923512977,5.010215665192627
0.6178266178266179,-1.8153424613932831,-7.391670062257916,0.23210184444870952,1.7831391767427702,76.71268257029355,117.7071040560421,2.2170637215310824
0.6180708180708181,1.5220768544676697,-7.931517696619282,0.15751074696641412,-2.0504820339612286,76.87183751338544,106.48975873069362,10.06774581813288
0.6183150183150183,5.086782753593821,-6.900049587542692,-0.18691603212258764,2.0859254357118915,77.03099245647735,114.88884911854373,4.071680784081045
0.6185592185592186,7.470236337823779,-4.03144485324275,0.4934640311342898,-1.9797440736604193,77.19014739956924,117.63885288132276,14.606193398771962
0.6188034188034188,8.639301198227432,-0.5438831575757501,-0.8234000831386566,1.8333973888228046,77.34930234266113,112.1723990923649,10.95180218445083
0.6190476190476191,7.486715003994573,3.2549912537232664,0.6990508045654346,-1.8240881375023243,77.50845728575302,107.79507063275751,8.576746542519793
0.6192918192918193,4.932068934938804,5.719258082473621,-1.0782619136680585,1.562817823186905,77.66761222884493,98.86351039029107,10.662152084398413
0.6195360195360196,1.9497695779565516,6.212536846051972,0.9938035614736166,-1.1681669861920088,77.82676717193682,100.70663893730162,3.0981556725128683
0.6197802197802198,-0.7060394338408837,5.512745919275187,-0.9688470357649999,0.9851716293623523,77.98592211502871,88.1916079077802,3.9636809840190645
0.62002442002442,-2.5658578265770404,3.611415079902354,0.9511847406793842,-0.8473135561168229,78.14507705812062,94.01463254961821,11.601344353012594
0.6202686202686203,-2.9199499252301013,1.4645266862815876,-0.6339003461933833,0.623993366317308,78.30423200121251,88.19297871814602,14.582575004422743
0.6205128205128205,-2.0429306808301257,0.19941872236441838,0.5889198912734979,-0.3047755230220961,78.4633869443044,96.20027874071262,4.061025747036385
0.6207570207570208,-0.32325831382861475,-0.2482800528933547,-0.20531153669817848,0.037184832484653714,78.6225418873963,104.279559468888,4.66187383467427
0.621001221001221,0.7184159712258544,0.7014771372624891,-0.22290493349274418,0.05549710740361996,78.7816968304882,90.13795370698783,5.536663748369235
0.6212454212454213,0.7529457992859907,2.325286156998125,0.5779815586827561,-0.13173465124339195,78.94085177358009,84.72501804337135,9.178734075994424
0.6214896214896215,-0.4870412945061303,3.4831223710300008,-0.9837281649048577,-0.052826427402327805,79.10000671667198,96.58729747093065,10.827993385559584
0.6217338217338217,-2.30414436615168,4.206688689177033,1.2568564296350815,0.17290929596688395,79.25916165976388,95.59119059913974,8.605224195666668
0.621978021978022,-5.066950908352284,3.3876212952725693,-1.4385363593488047,-0.18016509645534148,79.41831660285578,99.14368435881275,12.002366667220645
0.6222222222222222,-6.819506581159042,1.0185212255634535,1.7462426311710406,0.6804995963540976,79.57747154594767,97.54384135706229,2.2840847859441284
0.6224664224664225,-7.282470617960774,-2.2726647511647537,-1.7134772612579336,-0.8995786148396911,79.73662648903957,91.17075197869116,7.027500761687701
0.6227106227106227,-6.089619763963013,-5.629539608189888,1.6863782783293353,1.0822916590417966,79.89578143213146,94.39441038065243,4.245340846829287
0.622954822954823,-3.0346940377808287,-7.8999436919878425,-1.6496703697272141,-1.0915144574569888,80.05493637522336,87.56344811884067,13.75737815620157
0.6231990231990232,0.358672118399333,-8.470871805511962,1.6262826109065542,1.4061855692539547,80.21409131831525,94.73463117332813,2.376814130472224
0.6234432234432234,4.051691670934981,-7.3124422571497,-1.2823582601957544,-1.6108943371836115,80.37324626140715,95.82711272402443,8.669584313056438
0.6236874236874237,6.665142949241095,-4.810573536246695,1.1841071502204756,1.6219744952523116,80.53240120449904,90.96505626446293,6.222153990216033
0.6239316239316239,7.354033214652551,-1.6359936100001968,-0.6805150127475232,-1.7534384655436641,80.69155614759094,79.46713370976734,10.63884797996609
0.6241758241758242,6.485179423877657,1.5893564517430152,0.5972739713495191,1.4561005892541077,80.85071109068284,82.34937523795057,16.8518143136727
0.6244200244200244,4.330488015507627,3.5805891191908183,-0.33176968249740285,-1.327229840278287,81.00986603377473,101.49147896117327,7.645973089506665
0.6246642246642247,1.7691629544922252,4.039588745465163,0.15417614497173912,1.039981193639655,81.16902097686662,86.6121100016043,16.056392334411168
0.6249084249084249,-0.09559950289930286,3.326352937349002,-0.08123708501515582,-0.7032760322682634,81.32817591995853,84.5421079031214,7.965408938837034
0.6251526251526252,-0.6633843045391243,1.750045013653955,-0.1762481640836863,0.5008157088725057,81.48733086305042,82.55023521016874,13.304187845108572
0.6253968253968254,-0.5574371236978777,0.2964899452049633,0.14476930743224387,-0.021272097637879295,81.64648580614231,80.64087423282508,4.251874266899326
0.6256410256410256,0.9177862044151841,-0.1044844260198401,0.19452552918963145,-0.25341300603624717,81.8056407492342,75.90896541038158,7.322324930923896
0.6258852258852259,2.077057733886874,0.3892740904704551,-0.35175948459329237,0.6177846536052296,81.9647956923261,84.78726105176172,4.201886924470111
0.6261294261294261,2.747920299896739,2.1490276469215734,0.5863284495421394,-0.5345172554738397,82.123950635418,78.18072548507494,12.796781270543024
0.6263736263736264,2.219219739943337,4.239072047717455,-0.5939322236403771,0.8671134508957157,82.28310557850989,84.258750101929,5.332528497455414
0.6266178266178266,0.2388934856536643,6.015364100353966,0.8549435322545209,-0.8670245257309298,82.44226052160178,77.67681608714629,7.111804012022516
0.6268620268620269,-2.5004025347721996,6.466234025532341,-1.3443517638255504,1.1360421181484082,82.60141546469369,79.83053717372681,9.087757689343071
0.6271062271062271,-5.623468982442644,5.208861483765531,1.4530216346675195,-1.0681168905767844,82.76057040778558,84.84721679275548,5.383592939532887
0.6273504273504273,-7.594752711571163,2.268737748717383,-1.8469993609795294,0.930753237304242,82.91972535087747,68.22054492796447,11.16408094894727
0.6275946275946276,-8.36294680579817,-1.4725744785900727,2.101474154405332,-0.8125810175261621,83.07888029396936,70.27583452720663,3.8041837521345214
0.6278388278388278,-7.065606559083423,-4.730926669187085,-2.105773847436207,0.5776812795374511,83.23803523706127,69.2915962052511,5.136017972768297
0.6280830280830281,-4.226679823110218,-7.393298649144782,2.1162328754774062,-0.29288559193903196,83.39719018015316,67.13456511029369,12.690796872007953
0.6283272283272283,-0.8100968896329577,-7.953423260958566,-2.1705835639252746,0.04824289135930532,83.55634512324505,67.14258880580569,6.10419294991453
0.6285714285714286,2.5334269391538125,-7.153058121038371,1.7502582739022587,0.16751281492214473,83.71550006633694,76.87434590644658,2.6455509683747547
0.6288156288156288,4.545400640842187,-4.647386698068013,-1.4032318518376012,-0.3537901920597889,83.87465500942885,73.2996429798779,5.889737321219722
0.629059829059829,5.476139415838593,-1.8653416478849125,1.333242466346954,0.3960656967952345,84.03380995252074,81.4187128286822,13.327178021429809
0.6293040293040293,4.506075562259673,0.4866726508167672,-1.0667511640346001,-0.43480227092802765,84.19296489561263,73.18549161094347,6.076498337177127
0.6295482295482295,2.7796512618379547,1.7991053461921382,0.6470554569540772,0.45706037969128543,84.35211983870452,74.01264632122559,9.831266258967105
0.6297924297924298,1.0537687475893864,1.7034380524908068,-0.288173562834556,-0.3582319534098071,84.51127478179643,73.58320006039527,9.202978280614278
0.63003663003663,0.15315583401642868,0.6425251008575739,0.1499532049222856,0.3345111386421552,84.67042972488832,75.37636856001441,2.3597906273743114
0.6302808302808303,0.3692241157111025,-0.7078083278335491,0.015519621190877742,0.19875003595450996,84.82958466798021,79.22248327332431,9.997489911507884
0.6305250305250305,1.4517174069117627,-1.5617069227436273,-0.1646066665587389,-0.47916134347227074,84.9887396110721,78.89734297007223,5.631564640693477
0.6307692307692307,3.1508721797479273,-1.2815834032039393,0.3518413017326568,0.6205536298884633,85.14789455416401,74.09595056324139,15.878462661197519
0.631013431013431,4.722986606143712,0.3468769118227814,-0.21363480863244205,-0.958202143814824,85.3070494972559,67.25393078673358,12.752943867628437
0.6312576312576312,5.1125294365453,2.7480879301368164,0.32222601555626984,1.3352284547108226,85.4662044403478,80.41197264937534,0.9570305760747033
0.6315018315018315,4.147944196982465,5.522915053461544,-0.34130411778588665,-1.590315114417774,85.6253593834397,70.51976968741589,6.041376383573521
0.6317460317460317,1.563917902723833,7.262145328635498,-0.044786703665382094,1.8775632058660503,85.78451432653159,63.26140143310311,6.308060860867138
0.631990231990232,-2.0449995065954027,7.736980858043008,0.13821459904597524,-1.9904632634138835,85.94366926962348,71.46318796209056,15.689008652784656
0.6322344322344322,-5.301245029312607,6.436159619717848,-0.48068332445469286,2.166236553729509,86.10282421271538,73.50483145829021,9.932026983502828
0.6324786324786325,-7.597053157722986,3.628852286809382,0.6234373236068804,-2.112344951749331,86.26197915580728,53.267765385200946,14.026017001316188
0.6327228327228327,-8.49730766927942,0.09991551521904592,-0.9505435087680552,1.8826187390089901,86.42113409889917,62.50500794801444,5.430975226527148
0.6329670329670329,-7.123948928321529,-3.5341043019665275,0.8664550781825516,-1.821250117818556,86.58028904199107,74.88329930053945,7.9029398544346305
0.6332112332112332,-4.731101299903458,-5.743061519777273,-0.9816722402458574,1.5768430636335553,86.73944398508296,74.01640931872188,17.801356372810808
0.6334554334554334,-1.5409607719333076,-6.493230973057771,1.0594103899212701,-1.2461629622088288,86.89859892817486,74.34872939065761,9.285059057646526
0.6336996336996337,1.0541992027277802,-5.707030127401925,-0.9872024451519594,1.0159055481758534,87.05775387126675,69.13487353201693,8.864959547090658
0.6339438339438339,2.693772494671647,-3.855449336767146,1.044563549409996,-0.6081295777332556,87.21690881435865,78.358111472022,6.332431166149022
0.6341880341880342,2.9826910512761793,-1.403665571084901,-0.85341635339372,0.2772997593854778,87.37606375745054,72.63150220549278,9.671329764318786
0.6344322344322344,2.087384984463683,-0.28879754719608297,0.4364632947960104,-0.24619622345918946,87.53521870054244,67.86676787364657,12.658521280027982
0.6346764346764346,0.5128572658625825,0.174799299664068,-0.09665161779366017,0.14772312743408478,87.69437364363434,63.596787246477525,11.831197229362301
0.6349206349206349,-0.48907512879024884,-0.6335677821659496,-0.16123336833263163,0.15853901231347575,87.85352858672623,64.61891880841554,12.682957480688497
0.6351648351648351,-0.7599361697329039,-2.1294835975286595,0.5066730183256815,-0.138582584895008,88.01268352981812,50.648290028382036,4.939426195720494
0.6354090354090354,0.43241959325772317,-3.268053063257009,-0.9969926060410335,0.10145095781991978,88.17183847291003,70.17283106042626,16.09768614540531
0.6356532356532356,2.600870565916032,-3.940541365087002,1.0175245199227376,0.21657283576934017,88.33099341600192,72.13868623852267,5.421007778831505
0.6358974358974359,4.800439301939453,-2.913383341625012,-1.68025984075682,-0.3464765485473555,88.49014835909381,67.60794840403067,2.0728150380129238
0.6361416361416361,6.607888702735953,-0.6019335557789404,1.556857370768156,0.47253539959214774,88.6493033021857,65.72360944383877,10.055635926314691
0.6363858363858363,6.927910070423162,2.456433157384983,-1.595250613501176,-0.7980485956860599,88.8084582452776,71.74569295860158,11.022199211475813
0.6366300366300366,5.642838991740975,5.676604058316664,1.720332661057132,1.0405758852905456,88.9676131883695,66.81028346155561,10.7393990847621
0.6368742368742368,2.6462369623471584,8.006135819828005,-1.4610551206817326,-1.2862162146470937,89.12676813146139,67.22399969388908,7.242902535387464
0.6371184371184371,-1.0026883253632808,8.297634280620139,1.4659324082317118,1.454000986540145,89.28592307455328,55.50578234497671,6.831565959767011
0.6373626373626373,-4.2613198778833095,7.210123136232338,-1.3459369954697609,-1.6362041296625387,89.44507801764519,67.75675166782182,2.0795738570213844
0.6376068376068376,-6.668122985784075,4.464503352640201,1.0712550424292935,1.6659028469703514,89.60423296073708,74.44899285473981,4.507407402838635
0.6378510378510378,-7.419731567666526,0.9282348133649793,-0.8387435755581285,-1.634696167819053,89.76338790382897,54.20322781915748,3.4514001413161446
0.638095238095238,-6.376888656154695,-1.885666175186075,0.4010101919307192,1.5882252582581644,89.92254284692086,55.80460733160024,6.294043438155373
0.6383394383394383,-4.278646764072918,-3.7535203497799303,-0.22011499871591725,-1.4594763489945966,90.08169779001277,59.47472356344795,3.1256414829228216
0.6385836385836385,-1.7587380357655091,-4.285571721777681,0.15703932343891103,1.0739002961534216,90.24085273310466,68.62581612561992,6.464885128649141
0.6388278388278388,0.2851345120397151,-3.3332802302419937,-0.16074285521636572,-0.895162941793469,90.40000767619655,64.48133595272434,9.849616292913208
0.639072039072039,0.956924191417241,-1.8309869750349124,-0.14993497194481317,0.42991262400438573,90.55916261928844,51.967694858210855,6.9745822265082404
0.6393162393162393,0.7084844901976209,-0.37809071517294135,0.1780735858977468,-0.19171652012442789,90.71831756238035,58.26660032032306,3.7114604631871857
0.6395604395604395,-0.7706031247599504,-0.05870440294577953,0.044792406146386146,-0.17302177576930428,90.87747250547224,53.345350329650415,6.858425892069565
0.6398046398046398,-1.9269551018773265,-0.5646414976705694,-0.16746505188965605,0.4689436101508045,91.03662744856413,53.672616011048085,6.947415312314612
0.64004884004884,-2.7056991513196387,-2.3131861298594116,0.3712613473472821,-0.8965754961550336,91.19578239165602,59.58989293872775,9.599467982660013
0.6402930402930402,-1.826600909334483,-4.154929433689026,-0.7531821388973401,1.0023633184257683,91.35493733474793,62.82605197054972,5.754481327428356
0.6405372405372405,0.03667419119275225,-5.675406885125143,0.9722383582156088,-0.9553104795628145,91.51409227783982,58.36017305500936,7.166081075024668
0.6407814407814407,2.712263730923504,-6.004229542881461,-1.3780357613485212,1.1469521332364916,91.67324722093171,57.72623601415433,3.8849973363463364
0.6410256410256411,5.655954208246173,-4.659955829823522,1.662814467052734,-0.9887303005176312,91.8324021640236,53.08717438113265,9.691181532605654
0.6412698412698413,7.750120128438114,-2.012840369075152,-1.7727712532643336,0.8931316107425779,91.99155710711551,65.01984300834746,10.686522470771138
0.6415140415140416,8.079979141208252,1.700630455187134,1.8782301868706495,-0.7082543309840215,92.1507120502074,68.22395224156628,8.904912868920968
0.6417582417582418,6.702613354493375,5.107143999660426,-2.103331368832254,0.2998353249964633,92.3098669932993,56.1467550033987,4.740501315328427
0.642002442002442,3.9049139393033783,7.259518092719295,2.1822488015679267,-0.28680718261201843,92.4690219363912,61.2930714364998,13.053666295465677
0.6422466422466423,0.3508348340233846,7.92217265423322,-2.1116105671041914,-0.0017819662265804032,92.62817687948309,53.74897902745604,7.892065246924138
0.6424908424908425,-2.927089387369123,6.968151578173065,1.8624815753993953,0.16656751695697616,92.78733182257498,57.949440471001566,10.983501310456855
0.6427350427350428,-5.199431597493528,4.388405093412339,-1.67861748782293,-0.2985549801403796,92.94648676566688,58.84193028489634,4.766879826258289
0.642979242979243,-5.466397748482022,1.6681190052423183,1.4764740365009112,0.3606928814945746,93.10564170875878,53.668465944528656,14.974450037943386
0.6432234432234433,-4.589213861018818,-0.571755152304893,-1.12977886717526,-0.5188695906299928,93.26479665185067,59.08402482266438,11.445546573222213
0.6434676434676435,-2.8390319992725503,-2.0343579597533563,0.517066539406926,0.4913619936964599,93.42395159494257,57.35949066378448,15.953641653982837
0.6437118437118438,-1.1949043936534145,-1.8650750879118596,-0.5178513035538187,-0.22259524944704273,93.58310653803446,56.457218508466944,5.925419524533068
0.643956043956044,-0.21666614596912043,-0.8620295064714698,0.08253194144723398,0.29993829133541494,93.74226148112636,66.95461449920946,19.07698419269244
0.6442002442002442,-0.2607530131050335,0.5954424688205471,0.014216625396004046,0.055907325113050355,93.90141642421825,52.74586295362377,4.346946321875642
0.6444444444444445,-1.235783162399912,1.3256584570868106,-0.13971319944618327,-0.3508827148010818,94.06057136731015,58.204060276730004,13.820010583096465
0.6446886446886447,-3.020703706641105,1.0782394649065596,0.25327052500004804,0.4681614670546166,94.21972631040204,51.15848259473957,3.999212319282331
0.644932844932845,-4.376371587649541,-0.3373905482210531,-0.6697789187312704,-0.9775397276268281,94.37888125349394,60.2738671664492,4.966635682350994
0.6451770451770452,-4.9105671834067115,-3.0408503380771466,0.1767649837697207,1.3588676854736852,94.53803619658584,45.41123340927465,5.506632118942469
0.6454212454212455,-3.4691412773683035,-5.574144062894039,-0.49120154450141984,-1.5044470420839888,94.69719113967773,36.405119815629064,8.616883613484037
0.6456654456654457,-1.0579646068321618,-7.104880777423121,0.12388391297516463,1.9251709650394815,94.85634608276962,49.97507465916168,4.371618729360988
0.645909645909646,2.1999408588920564,-7.64029365089533,-0.030198391375072076,-2.163804372657259,95.01550102586152,59.8779133624683,9.162950223671272
0.6461538461538462,5.619614261703627,-5.928809085524789,-0.39596515850974034,1.927553546321514,95.17465596895342,58.05811492463271,3.4103793895617294
0.6463980463980464,7.740780215046773,-3.348084444917181,0.46704366806746267,-2.0573269450131635,95.33381091204531,42.12494737161471,7.588203163175986
0.6466422466422467,8.267213152018975,0.3181382420105696,-0.786670104397426,1.8902798262376226,95.4929658551372,47.454272882820746,3.0401816280536416
0.6468864468864469,7.066425585046724,3.65449275319246,1.0134834824160697,-1.696936047834525,95.6521207982291,40.677205417655514,23.825838110558053
0.6471306471306472,4.186099606594213,6.034539102856316,-1.129163987192622,1.5282069363117257,95.811275741321,50.99676064356221,2.4472948660611507
0.6473748473748474,1.442455882937384,6.711217538297162,0.9988254497195681,-1.2055952732317803,95.97043068441289,43.03847155818677,5.720694652203574
0.6476190476190476,-1.5950652873721123,5.502067385168109,-1.208415791752474,1.1064632910724863,96.12958562750478,56.630915586993396,8.630279739986847
0.6478632478632479,-2.9537336803746994,3.775307305991862,0.9506116994164105,-0.7737369501006662,96.28874057059669,47.98505022703335,13.858500613884274
0.6481074481074481,-3.0910888134405483,1.574534957180107,-0.5946502590585265,0.4513279768496389,96.44789551368858,43.680599172582355,9.107868068471898
0.6483516483516484,-2.279020537189504,-0.11568223511649917,0.4043454689090862,-0.16302295313022275,96.60705045678047,49.889072954038554,10.320094121649515
0.6485958485958486,-1.014821091370562,-0.22759709464981012,-0.06084872136279165,-0.015570619508600364,96.76620539987236,50.84292553679692,6.782687465535511
0.6488400488400489,0.21832544401269777,0.2972372962055864,-0.2874303019728314,0.2677411445642838,96.92536034296427,36.823179567311314,11.553490951884797
0.6490842490842491,0.4842282857558821,2.0044144513225244,0.5277829861111158,-0.08200566710911833,97.08451528605616,47.082429426119226,4.493566974911408
0.6493284493284494,-0.5871721999312125,3.005644413065101,-0.5908397006800674,-0.026677398496839366,97.24367022914805,51.53231658090037,11.013558581913323
0.6495726495726496,-2.532711079480038,3.692791548292758,1.0236028345557664,0.39300737168633004,97.40282517223994,46.08196334407415,8.310152946603605
0.6498168498168498,-4.735582535420101,2.561122899936285,-1.4525356806175582,-0.4214071419015804,97.56198011533185,48.05869791819696,4.942612075294503
0.6500610500610501,-6.372561244100643,0.3783287852171991,1.4300473530767044,0.5653245352227327,97.72113505842374,45.67266959312563,9.829387089145568
0.6503052503052503,-6.5113005868385185,-2.870477284603726,-1.7373484433611894,-0.819703926162393,97.88029000151563,50.73516797724538,7.050703790999524
0.6505494505494506,-5.338041207620154,-5.717274071354186,1.5853498486612136,0.9891521246950692,98.03944494460752,46.35634682552704,2.2200344746918597
0.6507936507936508,-2.4591020789528315,-7.894044786033333,-1.591455823760521,-1.3260800983340624,98.19859988769943,43.16606277152326,6.375312893131817
0.6510378510378511,1.2542285444193628,-8.168075384796559,1.3724895697187156,1.5569350173816223,98.35775483079132,45.705312653293376,3.018963188861667
0.6512820512820513,4.6424592332193155,-6.944711560662343,-1.289581808587315,-1.6069886434970078,98.51690977388321,47.68870429324635,4.077784800979055
0.6515262515262515,7.041296578476078,-4.053057005851457,0.9534283464376115,1.7732797893869796,98.6760647169751,49.66297456307019,9.85323642901517
0.6517704517704518,7.36392754596443,-0.7545664495720602,-0.6875988343968116,-1.6272271337454534,98.83521966006701,45.42531581159649,11.474923125057913
0.652014652014652,6.369016026050031,2.234561065247268,0.3100256671559901,1.8170650212187511,98.9943746031589,52.88391698948048,22.37705464276086
0.6522588522588523,4.21700982996173,4.1903224449915335,-0.36869331538964384,-1.4712105923394774,99.1535295462508,43.76307996076181,9.975758555534602
0.6525030525030525,1.8235551296416654,4.487155274341156,0.19562774781072584,1.1945145424821584,99.31268448934269,44.32671334533288,8.124630274548325
0.6527472527472528,-0.20521862032843027,3.6540088762969853,-0.01450284754442626,-0.7566253120131966,99.47183943243459,42.85379468486204,17.280543884464194
0.652991452991453,-1.1566524888096261,2.0632850021864644,-0.10957337038021217,0.5879151015750002,99.63099437552648,39.82101048042031,13.665010800302227
0.6532356532356532,-0.70713740299526,0.2468542387290033,0.027576186326506023,-0.2102214115374297,99.79014931861838,47.85721691936488,5.741029315566757
0.6534798534798535,0.3034900560499705,-0.1302653662040058,0.08976721379736011,-0.10977158896800308,99.94930426171028,60.058134195158644,13.963717268096635
0.6537240537240537,1.7066402833492695,0.4368509577173633,-0.26142721760376764,0.5472783605942888,100.10845920480217,46.881001579475246,10.71838290507336
0.653968253968254,2.332783123136829,2.2594382168722915,0.33138796556740396,-0.7147922222999157,100.26761414789407,49.95327076128161,13.791627928345052
0.6542124542124542,1.3472301242868456,3.9722513734934046,-0.6507650480703461,0.8629790574745846,100.42676909098596,40.57218317777808,1.5364749878092132
0.6544566544566545,-0.3569136282678724,5.389202665124475,0.9989588136944921,-1.0482086846344925,100.58592403407786,47.01421752623949,11.357385654691964
0.6547008547008547,-3.1764108121482746,5.612692181341504,-1.2656310385798146,0.8845652735886163,100.74507897716975,48.45865398006758,9.194184911241654
0.654945054945055,-5.745693906639716,4.392006250559228,1.3020481190475937,-1.0481275269005264,100.90423392026165,57.2539216876184,3.7455774898711036
0.6551892551892552,-7.522228127335157,1.4291002891429556,-1.6197399167123034,0.8489548587221705,101.06338886335354,52.464042570549964,7.619749032082069
0.6554334554334554,-7.877900346107952,-2.1414093368336795,1.8358519241104163,-0.6997295595413321,101.22254380644544,49.40093401407807,11.747233231895006
0.6556776556776557,-6.560371965488561,-5.1646536656854805,-2.1021138828093004,0.551606641540672,101.38169874953734,44.03973288978886,14.838768095961566
0.6559218559218559,-3.5054853543572175,-7.373432953736064,2.030562379471239,-0.14031719205386567,101.54085369262923,47.40815006514499,7.307022453040815
0.6561660561660562,-0.05360299886601732,-7.864183460991695,-1.7380087288160602,0.20386806395260296,101.70000863572112,37.773703012660626,11.235838508713302
0.6564102564102564,3.1493109283379477,-6.737711539608731,1.8905187868336741,0.11125200402585644,101.85916357881302,39.67581463113894,13.348049038725032
0.6566544566544567,5.2919702222901694,-4.345773735304698,-1.7979565222144376,-0.33581544040080735,102.01831852190492,41.98343483077215,3.8794893157475396
0.6568986568986569,5.779016684214513,-1.2675731589205295,1.4386146994607638,0.5983789595554989,102.17747346499681,36.28080597464274,10.483241200955565
0.6571428571428571,4.631528146680399,1.0494799577666423,-0.8689619805888369,-0.46614063275122375,102.3366284080887,49.16926337168363,0.7359856110412786
0.6573870573870574,3.0712169580550714,2.2993012884423583,0.8504086035006835,0.4294787785009699,102.4957833511806,39.592258119040864,8.667910474664938
0.6576312576312576,1.2382033419926237,2.1846371840620056,-0.421129017462813,-0.4014658559487686,102.6549382942725,51.6662306038101,10.78008311121465
0.6578754578754579,0.04445784313068256,0.8980813445589894,0.3109247369656928,0.17338765361280783,102.81409323736439,43.37893349852745,8.901915092936107
0.6581196581196581,0.05601512827681927,-0.1118925211262225,0.082766053660964,0.1628823944110489,102.97324818045628,48.51289160106743,8.353177741387247
0.6583638583638584,1.1484603065052803,-1.1436587471140374,-0.11973254874569489,-0.3590777232618399,103.13240312354819,44.943240800547755,4.332349590124755
0.6586080586080586,2.75018938002514,-0.7605581338699989,0.2957153380154965,0.6337257256141902,103.29155806664008,49.47820259523634,6.304504505931646
0.6588522588522588,4.100786232720324,0.543762333533814,-0.3613239199730977,-1.0157120836300013,103.45071300973197,43.75829982383892,8.139203816703338
0.6590964590964591,4.543256766999725,3.017508257940877,0.3255961996072994,1.2736598271771125,103.60986795282386,37.66431078381754,5.409373641606033
0.6593406593406593,3.294479862926198,5.464369372603418,-0.4258549822431003,-1.5607192513959018,103.76902289591577,29.10346836794484,5.678564932466353
0.6595848595848596,0.8037010437519145,7.07045664091383,0.1350876772309923,1.662223216414441,103.92817783900766,55.748968839715474,7.039159029584258
0.6598290598290598,-2.58173906283881,7.245490714351765,0.08798285518886659,-2.2192323517837647,104.08733278209955,37.94629285892732,9.133047503295794
0.6600732600732601,-5.739987851037183,5.675393985048661,-0.49542639354285223,1.8927929571579523,104.24648772519144,37.19929310881528,6.4839904485020154
0.6603174603174603,-7.8800809520056845,2.752117031102796,0.7009682887699703,-1.9023691547022974,104.40564266828335,41.39922041134889,4.632308927659156
0.6605616605616605,-8.19004777337231,-0.8875476760150848,-0.7794504739204714,1.7487477948692685,104.56479761137524,29.645140537460357,15.082309711422038
0.6608058608058608,-6.711366237493031,-3.9831509019994673,0.9962279723796098,-1.7369720574033471,104.72395255446713,32.834505156637654,6.880420097925461
0.661050061050061,-4.235228074995683,-6.224889754599997,-1.0827969803456363,1.5263150931720133,104.88310749755902,39.45332123832775,7.1849845120386195
0.6612942612942613,-1.0161597984054327,-6.8890302612663215,0.962676545395763,-1.2451092938972543,105.04226244065093,46.279881322038605,13.305634167418848
0.6615384615384615,1.5155572168470144,-5.604080853419387,-1.0452381238521395,0.9791682526067057,105.20141738374282,41.936441424061115,7.895564384706663
0.6617826617826618,3.221936395012386,-3.486644502065061,0.9115837721610878,-0.9099822382070969,105.36057232683471,50.50415454658314,6.232038064777386
0.662026862026862,3.3222270816022634,-1.4620826152005792,-0.8280921060243986,0.31197120775454923,105.5197272699266,40.94770497243282,5.380047403776179
0.6622710622710622,2.3139595582183996,0.11467521823989567,0.6706949144949257,-0.29155697035202827,105.67888221301851,32.52878599788076,7.215782790726784
0.6625152625152625,0.7529864914306881,0.39394183388325793,-0.3190461208845806,0.0799850958878428,105.8380371561104,30.68944119533805,9.737474078116904
0.6627594627594627,-0.2669091160391715,-0.20263351078194708,-0.017029008112509243,0.0018427159794256222,105.9971920992023,43.89054415010684,13.631089006267564
0.663003663003663,-0.3702860364280276,-1.664465597129581,0.3852063771483084,-0.20168175683390935,106.15634704229419,43.87898517365458,6.573088423873451
0.6632478632478632,0.7881080825886487,-2.837520736781531,-0.8511420445720803,-0.22401673008157014,106.31550198538609,40.61345899368399,13.04221141990481
0.6634920634920635,2.50280490860831,-3.170311411342895,1.2796374206337962,0.1589862257645649,106.47465692847798,37.52351330977971,12.587622929806377
0.6637362637362637,4.739784323294948,-2.1078419618984787,-1.2103788466825909,-0.27429326082412353,106.63381187156988,48.19801424207345,6.804775676614615
0.663980463980464,6.222001301464209,-0.011120419703110382,1.4648631817604916,0.6689092394778153,106.79296681466178,41.0747073990952,8.776963822500488
0.6642246642246642,6.247039515705959,2.8816801821750517,-1.6858460695155224,-0.8120819530251596,106.95212175775367,47.06902099200872,18.411104451370612
0.6644688644688644,4.726638774889604,5.946660180757074,1.5900631089602002,1.084007302006082,107.11127670084556,54.82920977953334,5.7392037713244015
0.6647130647130647,1.8419067750619662,7.665384408922629,-1.4796337771831112,-1.1457390537911296,107.27043164393746,46.22022522449708,15.147569299085964
0.6649572649572649,-1.437137915916051,8.00104293528895,1.4130822360831023,1.662855561985296,107.42958658702936,50.95378898894177,2.2151662281403763
0.6652014652014652,-4.84732235423202,6.459482308317387,-1.2562399965652147,-1.646907438659798,107.58874153012125,36.70723709908927,10.959669193793875
0.6654456654456654,-6.983392450050486,3.7154035247920683,0.8392057633500761,1.7835502855702072,107.74789647321315,46.01288800979208,10.712875880993453
0.6656898656898657,-7.375103248108621,0.5404340263836518,-0.7350431130434756,-1.4565264162400036,107.90705141630504,31.615136368903105,16.4826612015902
0.6659340659340659,-6.083932272750475,-2.5515068563449446,0.36047351966823693,1.547273507116242,108.06620635939694,45.98218607247979,3.541235686408713
0.6661782661782661,-3.9967684797633103,-4.250301579052696,-0.10592208118884597,-1.21949683041293,108.22536130248884,48.10683719865936,6.79274488088698
0.6664224664224664,-1.4832298189003,-4.588190402403805,0.005041013347743456,1.1366974164214478,108.38451624558073,36.74326255086355,10.409062140082549
0.6666666666666666,0.503820641323423,-3.8078445924931033,-0.07726081527679102,-0.8514406930385933,108.54367118867262,49.99070721612906,7.460015498258995
0.6669108669108669,1.2890267888427964,-2.031989141139308,-0.013417331592671,0.5662111441584997,108.70282613176452,41.65759383839329,9.118671619656254
0.6671550671550671,0.988582641001979,-0.7036730862444942,0.006177548924791734,-0.217705313351729,108.86198107485642,42.30532416058356,6.108549297962368
0.6673992673992674,-0.18917576628503605,0.05808821390333652,0.19346301685638528,-0.006024083484364083,109.02113601794831,26.78589020477007,4.959544672847908
0.6676434676434676,-1.3844697606094063,-0.46687734591602065,-0.3089469955031925,0.2359517319468048,109.1802909610402,38.46552024966286,5.521841051229784
0.6678876678876678,-1.9858062598630446,-1.9116736274078698,0.43542938714105217,-0.4754321115880574,109.3394459041321,45.136021212010306,8.636919848871619
0.6681318681318681,-1.3065946742803503,-3.7253470830244098,-0.7204606621240093,0.7389395244780919,109.498600847224,35.69679761535062,7.560994397056277
0.6683760683760683,0.651740831727693,-5.1037161725549005,0.9921889452443888,-0.8210634124766086,109.65775579031589,44.58420395994921,6.053220967856033
0.6686202686202686,3.240201187532791,-5.470196433507971,-1.011455770690991,1.1642601766063954,109.81691073340778,35.630537488386196,4.724572709989931
0.6688644688644688,5.774914532289614,-3.7132033239814275,1.5173173209078168,-0.9152696623948053,109.97606567649969,33.35176204595243,6.9067395681735135
0.6691086691086691,7.534891797736815,-1.1328872079993004,-1.6785566651717354,0.9094899037971439,110.13522061959158,36.256129170300895,8.667576850205995
0.6693528693528693,7.510728910200831,2.2278292198364427,1.9408511446625523,-0.5140199008218249,110.29437556268347,29.054584095129425,5.564366502943764
0.6695970695970695,6.045285806213656,5.534028874358855,-2.0998171707231754,0.3126760668313605,110.45353050577536,44.659043924924255,6.203028025587392
0.6698412698412698,3.0292803527468446,7.41465982365105,1.9880200751648982,-0.16666453948928972,110.61268544886727,38.46228535693948,4.988247324723117
0.67008547008547,-0.36109770050738915,7.841881209968771,-1.9864446183850892,-0.12662639958546645,110.77184039195916,47.99368859045007,1.3908742623221364
0.6703296703296703,-3.6220786871133304,6.437645648653162,1.9556143790910356,0.2671360418466532,110.93099533505105,30.22127837901865,4.98663379646844
0.6705738705738705,-5.476800229262839,3.840873420313318,-1.6426557874045882,-0.3720912344119064,111.09015027814294,37.8053858966658,6.622703141088454
0.6708180708180708,-5.857241262262489,1.1797070212469891,1.4681350141905145,0.5372526940698333,111.24930522123485,35.675466003669506,19.306278237036658
0.671062271062271,-4.76520978315289,-1.3183594440560695,-1.1226182263098219,-0.5597858056221436,111.40846016432674,35.10288505754068,8.56428889873413
0.6713064713064713,-2.945954573599671,-2.3846884923371534,0.6441982089179975,0.5450457203243327,111.56761510741863,43.93863536651168,11.785394966606416
0.6715506715506715,-1.1695407884265927,-2.2141461040651675,-0.5304602051856072,-0.4201000872838999,111.72677005051052,38.102610594150086,2.7285412831114777
0.6717948717948717,0.02587269716805565,-1.093264086576072,0.2063389657907837,0.006809866945452825,111.88592499360243,45.63480500053582,2.5460378857658403
0.6720390720390721,-0.03538743980135223,0.11014378365629458,-0.12519275510948366,0.09127061663261274,112.04507993669432,32.44183041945529,13.143363819462893
0.6722832722832723,-1.1380468210730652,0.7811448683385261,-0.15995537294286802,-0.21755123685839256,112.20423487978621,44.66792153632683,6.645371907340533
0.6725274725274726,-2.690674511828596,0.6895528470526997,0.3469925603630154,0.7500251524851489,112.3633898228781,46.00315999489969,4.774507707061197
0.6727716727716728,-3.9280954801485666,-0.7641232794110128,-0.23241401775886047,-0.9141747505228461,112.52254476597001,33.527425049701925,9.468605963177891
0.6730158730158731,-4.079480852398356,-3.0816671350549854,0.14771574418959324,1.1089682633209819,112.6816997090619,31.643063417245646,13.229087507854246
0.6732600732600733,-2.8906224867197055,-5.340320122297464,-0.2451919081298237,-1.4143205544422333,112.8408546521538,37.730773164785404,8.103785554657552
0.6735042735042736,-0.2754604621859822,-6.708319660038068,0.005611337489734525,1.5592354649249651,113.00000959524569,30.892253087205415,15.282496924438979
0.6737484737484738,2.960999807160469,-7.09200415947386,0.14443719473153147,-1.927102901429854,113.15916453833759,34.174156883773996,3.7669945657957666
0.673992673992674,5.866775438302523,-5.484956770047689,-0.4702301377497259,1.8195543701660135,113.31831948142948,26.285256662997508,7.450678455318465
0.6742368742368743,7.931422999654915,-2.3533518069043224,0.5478773709340515,-1.8131140964667927,113.47747442452138,42.704915274428195,3.332881242509743
0.6744810744810745,8.034684886642555,1.1541678222497322,-0.8429581260568739,1.8174791403502402,113.63662936761328,44.4958936301778,8.37535677184006
0.6747252747252748,6.431532474095818,4.2913747055172795,1.1994729267868613,-1.681560179860881,113.79578431070517,36.66317315400678,6.931957896412659
0.674969474969475,3.5361893424197444,6.37120912132812,-1.0355697604615204,1.5894348236061215,113.95493925379706,28.268228806539216,1.235357304506889
0.6752136752136753,0.5611895551187455,6.920427105367681,1.2121630055841124,-1.1629226889765825,114.11409419688896,45.65717539478221,12.592299730476237
0.6754578754578755,-1.984956183155776,5.5430144219327175,-1.0876208792434678,0.9471210907688735,114.27324913998086,46.628402424369156,12.114825896279106
0.6757020757020757,-3.5816381242457234,3.374349289459604,0.856032757468398,-0.6377834058889318,114.43240408307275,39.97464604028462,10.303711665056525
0.675946275946276,-3.6414121948401212,1.310669813531081,-0.7681203758972376,0.49652808580719365,114.59155902616465,39.017716409769506,5.482483407805398
0.6761904761904762,-2.6484365535571803,-0.2345245224702046,0.5354797968364001,-0.211554447933543,114.75071396925654,34.811561986762634,5.529940583840654
0.6764346764346765,-1.0794660889741632,-0.5456985639873694,-0.31139432611756723,0.11738915527727437,114.90986891234844,40.38624253116697,11.312121704246561
0.6766788766788767,0.279902128231048,-0.08159125224083855,-0.015349601790439133,0.13005480601243383,115.06902385544034,22.59376891919604,4.774112632989063
0.676923076923077,0.2955473733549809,1.5194381304219169,0.5868338916930564,0.037261584811353325,115.22817879853223,26.690760717413625,3.0667861718218847
0.6771672771672772,-0.7961185248558846,2.579679442203698,-0.6991397464281736,-0.1067409039566734,115.38733374162412,39.35880513778282,6.084532674154197
0.6774114774114774,-2.6360442855775523,2.965027304340539,1.1925661981464661,0.252281248787686,115.54648868471602,37.351935670131446,9.305285017690636
0.6776556776556777,-4.476278845235732,1.9715255531558429,-1.1914444914352593,-0.4060255909341351,115.70564362780792,39.891153407020155,14.199743118050437
0.6778998778998779,-5.966708567043158,-0.21687636460894918,1.4838193351270998,0.6145535054216573,115.86479857089981,36.48142864076127,6.72805622175209
0.6781440781440782,-6.0910038694322,-3.312345287706441,-1.2998182204413133,-1.0516962223871555,116.0239535139917,31.077773167555495,13.475228915133167
0.6783882783882784,-4.571705714460867,-6.028370973156071,1.463756804657358,1.0921905777660155,116.1831084570836,33.26755198540454,6.44354767184146
0.6786324786324787,-1.6882683503233942,-7.652883331139446,-1.368437289007789,-1.3735891307826928,116.3422634001755,43.35403616287244,9.734147767832134
0.6788766788766789,1.955801348539291,-7.726326670203941,1.1988364024763074,1.56023579258478,116.50141834326739,30.005365261693036,2.9297635568030165
0.6791208791208792,5.0497910667233,-6.268342902894803,-1.3128050171005727,-1.6456869761649442,116.66057328635928,38.92801418917558,7.029002362359376
0.6793650793650794,7.101272435241199,-3.3258880505691506,0.9658855900805724,1.6557594643842766,116.81972822945119,27.107712043694082,13.907110342831896
0.6796092796092796,7.437386642715253,0.0789994946493901,-0.5770720414144914,-1.74051040143736,116.97888317254308,31.207378010931134,9.585733084166883
0.6798534798534799,5.846823504023185,3.087230688229713,0.43291435201557643,1.4890100506422528,117.13803811563497,32.46437335211269,1.9967269440259994
0.6800976800976801,3.6480814190978856,4.434371762963311,-0.2178950482130741,-1.5745862990350756,117.29719305872686,50.831691896891584,9.753634185589105
0.6803418803418804,1.3171773592096259,4.89891753244645,0.09481048861468348,1.3309414156094275,117.45634800181877,39.191526373835224,7.859986119892839
0.6805860805860806,-0.974889081905983,3.8868619065605463,0.06332333631164114,-0.8883410332112925,117.61550294491066,37.06014856911001,15.009341502148438
0.6808302808302809,-1.7320334287906745,2.094292376706083,-0.10637174074608055,0.6335791784087264,117.77465788800255,36.3317461867195,8.69712865736065
0.6810744810744811,-1.3053236988296446,0.6983083842378612,0.09871248926927953,-0.2552641450456376,117.93381283109444,16.18749758225693,5.461028979979476
0.6813186813186813,-0.020680926919124456,0.11636509504353135,-0.011418493411588876,0.02312831099733458,118.09296777418635,43.06144114796901,1.502934507425899
0.6815628815628816,1.1392349789424834,0.5606631103092121,-0.25828614719732346,0.20829360778514316,118.25212271727824,18.94703931423006,3.16674695144712
0.6818070818070818,1.9551844040881592,1.8963765271322353,0.49301731775363,-0.5057369317666859,118.41127766037013,33.28914506291852,4.924232405000782
0.6820512820512821,1.1279426104260002,3.6731213455942986,-0.4347790116377691,0.6841696301563113,118.57043260346202,31.03083785579772,7.896791208520421
0.6822954822954823,-0.7257944887725607,5.053546382667849,1.0167373090297338,-0.9888827666549879,118.72958754655393,37.91832541664504,7.251455773335615
0.6825396825396826,-3.201974412699446,4.84962608583463,-1.233903396662483,1.1542413601579729,118.88874248964582,32.50393116325912,10.862469398171076
0.6827838827838828,-5.748189427026629,3.50969078784954,1.3380009060971438,-0.9014916017029998,119.04789743273771,40.092592896359385,20.645993267169835
0.683028083028083,-7.278820898335806,1.0240445520991397,-1.6652442941975338,0.7315096536591932,119.2070523758296,31.428437818542715,18.69216824749258
0.6832722832722833,-7.443668085638482,-2.568484561213474,1.8801532525000195,-0.6303049832656664,119.36620731892151,44.38726633723938,8.780482942124571
0.6835164835164835,-5.603411024759643,-5.666912994266487,-1.8782919550799013,0.35365416743723094,119.5253622620134,37.17564926774905,5.6552865689243506
0.6837606837606838,-2.860868332954462,-7.613134205360111,2.06746795684542,-0.058955150302887824,119.6845172051053,35.79943023405385,5.598755857706387
0.684004884004884,0.7077907584893257,-7.78879873820704,-1.9935697106837609,-0.16568294677586878,119.84367214819719,19.666940793760347,0.8971775009789293
0.6842490842490843,3.7395665766100343,-6.317379066742364,1.7857315350408467,0.21095143907266106,120.00282709128909,27.753479391263557,6.697790856450454
0.6844932844932845,5.670058440081024,-3.7555959150469063,-1.662669003881229,-0.546624151239719,120.16198203438098,34.32020522543078,6.311650064903424
0.6847374847374847,5.907508061063732,-0.9570968702864601,1.426293229961977,0.6242815974354734,120.32113697747288,47.37247560359419,6.197193507435526
0.684981684981685,4.778981232740082,1.3883703886849796,-1.0338135974043257,-0.3935056554009566,120.48029192056477,41.5449056391239,9.004528615000256
0.6852258852258852,2.780263393445531,2.67087142485894,0.6228827293066056,0.5279279376136073,120.63944686365667,42.59440393470442,6.778035860668655
0.6854700854700855,0.9940861989096828,2.568379561530755,-0.5123626922209011,-0.5443601457415084,120.79860180674856,20.895784989928806,20.136071867435135
0.6857142857142857,0.011959971618273654,1.346131668560148,0.3346225415510755,0.11813743362990903,120.95775674984046,43.3140950676458,0.9430041932769552
0.685958485958486,-0.016734583335285852,-0.03295646402850644,0.06595033915467285,0.011111577230666685,121.11691169293236,29.365179031432866,19.295343002929528
0.6862026862026862,0.8182956140745512,-0.8320830452931679,-0.023968516516433086,-0.3734162037559891,121.27606663602425,31.359063287236236,13.191888700553694
0.6864468864468865,2.5794823384147785,-0.46797477812954164,0.25905620925958606,0.7939041109386125,121.43522157911615,36.69389332868951,13.288745749689692
0.6866910866910867,3.7198628049165774,0.9249132406268193,-0.43103823699353183,-0.9046502460665051,121.59437652220804,29.25528805216392,1.6480235344070144
0.6869352869352869,3.6108405209942367,3.025656605007364,0.4809283970782189,1.2126056248655241,121.75353146529994,23.08233535075308,4.715105335644328
0.6871794871794872,2.480006549328731,5.385645122800885,-0.21240430518852224,-1.4747620723390225,121.91268640839183,36.65574704395749,8.257468315328689
0.6874236874236874,0.007869217848861597,6.9294685489581855,0.05689784769994947,1.7647175875816676,122.07184135148373,33.30832522880075,5.708490404136891
0.6876678876678877,-3.25300057466024,6.81824643742072,0.3574706356731064,-1.9385272054020612,122.23099629457562,30.709301883688234,3.8393972782635086
0.6879120879120879,-5.98611514991826,4.8225004042457575,-0.3867914426617145,1.9299649318112293,122.39015123766752,30.33846290370046,8.974811323179171
0.6881562881562882,-7.570504810539754,2.0800521742605564,0.5714578404941071,-2.011595152578524,122.54930618075942,33.8371473962869,1.935489677752464
0.6884004884004884,-8.014536930414023,-1.3437865195610372,-0.7380921453873347,1.8299851478229145,122.70846112385131,36.3757990571067,11.268984835508563
0.6886446886446886,-6.19657227778826,-4.70785452787731,1.0540378047439092,-1.7423504677513395,122.8676160669432,16.258910914661218,10.531891618473
0.6888888888888889,-3.5409730290538617,-6.587172306725427,-0.9376160121686508,1.510573954950795,123.0267710100351,32.97230893505674,4.595353837262163
0.6891330891330891,-0.2593301822413281,-6.919843725828679,1.1047268817723446,-1.4748704444374439,123.185925953127,35.785451696918635,4.041924487509515
0.6893772893772894,2.318030331434726,-5.440844291651472,-1.1841245918050751,1.077174039738213,123.34508089621889,31.857447033330985,12.11848388537729
0.6896214896214896,3.670793783080948,-3.4440246573064424,1.2096274695513656,-0.8070015098507962,123.50423583931078,31.136950310988546,6.599054712069101
0.6898656898656899,3.7735683389553976,-1.1301489362771282,-0.9341797621840228,0.17692523516096392,123.66339078240269,31.601943836755456,11.238253577628146
0.6901098901098901,2.409908930942801,0.46734022204119013,0.6329773459584741,-0.4084834654290789,123.82254572549458,30.974070155561897,8.784780477953671
0.6903540903540903,1.2161796233483888,0.7896018548625825,-0.5859973788925196,0.1562323586001193,123.98170066858647,35.584148818898626,2.9669350101396574
0.6905982905982906,0.13592815570088349,0.1732144822611883,0.09884798586456015,0.015159435987018282,124.14085561167836,23.641487881539565,7.642486030425713
0.6908424908424908,-0.0980799152971101,-1.1870931988561817,0.27728978440335544,-0.08126564152935663,124.30001055477027,21.745807111463787,10.535318306813226
0.6910866910866911,0.721270623815095,-2.381151754002806,-0.6524214868810636,-0.09642637642167863,124.45916549786216,35.59533581737221,3.323385973486008
0.6913308913308913,2.5844916716918984,-2.557989262845051,0.6974636701306578,0.14374564581500165,124.61832044095405,51.09572901373959,9.386141568400637
0.6915750915750916,4.511900092458101,-1.636669361747837,-1.3057427505278256,-0.30352036327897336,124.77747538404594,32.09311331725453,10.554708719884317
0.6918192918192918,5.552971900361594,0.5153551225054375,1.31011261951929,0.6708315264529666,124.93663032713785,28.21384800577013,3.1948231931257505
0.692063492063492,5.614506102075193,3.375416895488934,-1.46838567608604,-0.8271071668374466,125.09578527022974,31.86953558329961,0.8325340716929117
0.6923076923076923,4.09710288082657,5.915421981026137,1.5478830372868415,0.9992192373393185,125.25494021332163,38.322573292137335,10.521259144637048
0.6925518925518925,1.0583914546460407,7.608879608112014,-1.4316691249480942,-1.4141554171644088,125.41409515641352,25.4950328041015,21.332131448289374
0.6927960927960928,-2.5541039704559796,7.696646542711648,1.3275289598084647,1.6646009712452199,125.57325009950543,31.005455370269495,11.586335671891426
0.693040293040293,-5.369190983051414,5.95548939653361,-1.1247704573261461,-1.4922079645845743,125.73240504259732,42.46688246916029,17.074847035067346
0.6932844932844933,-7.160034192538705,2.870709891102206,0.8694641652505242,1.6768180494446154,125.89155998568921,27.959555198041816,2.2584721938122914
0.6935286935286935,-7.390099856721834,-0.40429227133089546,-0.5628878834650751,-1.6681642889399733,126.0507149287811,31.129551648648505,15.532595864264453
0.6937728937728938,-6.011425395041415,-3.244760690656746,0.3084658040262759,1.651824356282479,126.20986987187301,40.42530749047856,4.75898379239345
0.694017094017094,-3.4765183187907738,-4.877148402001751,-0.1339858431760111,-1.3417384613654533,126.3690248149649,28.82132982850124,12.50522487050333
0.6942612942612942,-1.1054316558470634,-5.104837833848767,-0.07979909656594328,1.273441300949441,126.5281797580568,24.2780479110994,6.911931755595239
0.6945054945054945,0.7863224389267056,-4.07504030888427,0.09155047999941957,-1.0793182744101566,126.68733470114869,31.163740498252224,19.345450477585054
0.6947496947496947,1.89178674918354,-2.0885824953020253,-0.15325071706714255,0.646085630136696,126.84648964424059,36.65839990989505,11.317057811694017
0.694993894993895,1.2439655229982145,-0.7554404095647631,0.2528430261810025,-0.48075967984747464,127.00564458733248,37.13089230988674,12.037261503560805
0.6952380952380952,0.07574022210700293,0.04102324469750696,-0.07986962509889689,0.08077720072865252,127.16479953042438,27.856325194525116,11.237783456774814
0.6954822954822955,-1.0181837628690569,-0.32882759395056604,-0.25779442092574684,0.20860662139373706,127.32395447351627,33.49165537222362,10.573296886772926
0.6957264957264957,-1.2755726530965898,-1.726091797389479,0.35500831766935764,-0.4686976397185948,127.48310941660817,32.39175799078667,5.681010626907514
0.6959706959706959,-0.9028379951462437,-3.40712023595472,-0.6933117829687441,0.7973484324254632,127.64226435970006,32.376928233684296,7.832185691185541
0.6962148962148962,0.9301643971815455,-4.6113828170800515,0.9764800627064373,-0.9695399200434706,127.80141930279196,31.70411486607009,8.614864595068104
0.6964590964590964,3.3515148947732025,-4.477709669663515,-1.0324334122316536,0.9676676724550725,127.96057424588386,19.05668954818372,9.767302003201547
0.6967032967032967,5.649454902623991,-3.0315988778248455,1.6174155691076981,-0.7000525966391112,128.11972918897575,29.44579922821175,3.989643138492837
0.6969474969474969,7.128750582121956,-0.1905341729328855,-1.7076747454789012,0.680620548487951,128.27888413206765,29.298327775253522,9.304159365269292
0.6971916971916972,7.139922065082199,2.8448265708483214,1.7855314090823342,-0.9219067095130808,128.43803907515954,27.73586822902259,4.594360040942592
0.6974358974358974,5.199857049586108,5.859904930639802,-1.9805959734875909,0.43328080790229984,128.59719401825143,33.34944957224321,10.065706157912265
0.6976800976800976,2.172118901255696,7.661132504548488,1.8834218916643373,-0.10831423445921824,128.75634896134332,25.468164620821106,3.693701527977421
0.6979242979242979,-1.0689831471863558,7.768053027045925,-1.9669852449558702,0.11603665311275871,128.91550390443524,31.503548625426305,9.324238980168872
0.6981684981684981,-4.287974378662653,6.049860589691136,1.800352748086184,0.35512628726351103,129.07465884752713,29.813134424890308,12.793040393154813
0.6984126984126984,-5.7176750690176315,3.6445154641529527,-1.6928456319795888,-0.3897610527243237,129.23381379061902,36.0300216060022,8.562842016277802
0.6986568986568986,-5.956075335408073,0.7608201015946724,1.539173712727793,0.36556676350120904,129.39296873371092,31.235572214498553,8.390961849495035
0.6989010989010989,-4.712580448677476,-1.5763718738822148,-1.1856478052918873,-0.35883611148447503,129.5521236768028,32.89801378455043,12.799693259648278
0.6991452991452991,-2.799291072605476,-2.7499233170357984,0.683946337228251,0.5893488127411444,129.7112786198947,20.527806764960225,16.68504396781908
0.6993894993894993,-0.852452077196757,-2.6877876632635034,-0.5668147552618411,-0.6261460159502118,129.8704335629866,25.08032471694364,9.662513336184613
0.6996336996336996,0.061849928821036626,-1.47966043896707,0.2988472107798497,0.2949961942825084,130.02958850607848,37.66646710389609,10.873750016612652
0.6998778998778998,0.2708487632347262,0.008008736881128048,-0.14879639424061952,-0.1188864677059989,130.1887434491704,24.114529743507745,10.303633399294057
0.7001221001221001,-0.8016801292626826,0.6069495289462745,-0.11667645606417679,-0.13617797981575328,130.3478983922623,27.233210880349485,11.192435609827598
0.7003663003663003,-2.1872530469181894,0.4610723990036116,0.2307656641399502,0.5120943804104039,130.5070533353542,37.34739968509429,17.515440591771437
0.7006105006105006,-3.2862977475236357,-0.9817617905036887,-0.25422449255915003,-0.9249354714708031,130.66620827844608,35.771938931067524,4.780053317506588
0.7008547008547008,-3.392340663508458,-3.0845044517056617,0.1971256184995981,1.1769198185175602,130.82536322153797,28.677947401001845,8.478805460619164
0.701098901098901,-2.12298983950839,-5.29582314706232,-0.229102098073782,-1.421673977390912,130.98451816462986,25.352552167609456,11.367780972719732
0.7013431013431013,0.31729000526696327,-6.402079981494152,0.07400375760763458,1.6022488450080778,131.14367310772175,36.820170161438384,2.1690446382561825
0.7015873015873015,3.522080685468712,-6.323677165236798,0.2821561262319578,-1.5064763426597285,131.30282805081364,33.62645747743266,16.15158634128992
0.7018315018315018,6.229963247484714,-4.4575616256465205,-0.4609679082928956,1.8462729442709929,131.46198299390556,27.258192070331706,10.331943641457688
0.702075702075702,7.65367540889157,-1.6974851150899304,0.6393449149593823,-1.749565340771075,131.62113793699746,19.484544771015834,10.56631673474194
0.7023199023199023,7.76732371349335,1.8504600266072653,-0.8031026281956448,1.8099410830707399,131.78029288008935,32.63608043728075,2.9294241571083623
0.7025641025641025,6.049169922938241,4.788720314021012,0.978254861222995,-1.5684514695044072,131.93944782318124,24.353558377576583,4.440994156254812
0.7028083028083028,3.170459638479306,6.68138429249175,-1.2326705250667997,1.5249588396540446,132.09860276627313,29.03271721335523,13.77744797054752
0.703052503052503,-0.020460584611980567,6.904489725169321,1.4211525874406419,-1.4025629777309314,132.25775770936502,26.310038950941898,8.101166190710439
0.7032967032967032,-2.7483240490727625,5.48727097952977,-1.123829643311001,0.7321562960672912,132.41691265245692,12.290131923628074,7.657341777157204
0.7035409035409036,-4.135154143004373,3.3430712414005526,1.1685911451218505,-0.6207780720350811,132.5760675955488,28.86492260893148,13.673662010243937
0.7037851037851038,-3.9583024320606337,1.007562692562082,-0.7913542873021737,0.4789105961210889,132.73522253864073,20.051943593887707,17.65213868402674
0.7040293040293041,-2.9461053873181884,-0.4878141545646114,0.5059971079222253,-0.3809134715901489,132.89437748173262,26.064738582782997,3.3259106072271423
0.7042735042735043,-1.2471221982717529,-0.9166534137400446,-0.42769803871994855,-0.21108609333132355,133.0535324248245,30.13169013082802,6.89556480422443
0.7045177045177046,-0.18810444975104132,-0.17189171616212595,0.04126799868449939,-0.056430376120187184,133.2126873679164,19.812361231657768,8.785587362827668
0.7047619047619048,0.033687296738397446,0.9613919885953238,0.2836418401783458,-0.07004608631709093,133.3718423110083,25.412222345196035,1.5047353685639024
0.705006105006105,-0.7402943400589399,2.06878843552327,-0.6739874565774551,-0.16132991622060125,133.53099725410019,30.08390868466479,5.775881551502851
0.7052503052503053,-2.5904308064118977,2.5087257934046585,0.7821598404108651,-0.018080813159888548,133.69015219719208,23.37954213408318,6.36278698883868
0.7054945054945055,-4.481633252430425,1.3270642855884447,-1.1341679368793067,-0.29440488187899305,133.84930714028397,26.316087243640684,12.596326972488276
0.7057387057387058,-5.554716881358236,-0.8260413773509032,1.2352488316917356,0.676026818707504,134.0084620833759,23.957734077704657,10.941065503396361
0.705982905982906,-5.179793415008917,-3.461128367638137,-1.4484660990251743,-0.7200042310646868,134.16761702646778,42.20497995668524,11.95963697516856
0.7062271062271063,-3.6082074930291883,-5.774187249731677,1.4193749738002572,1.3192425163756982,134.32677196955967,29.519581863783383,15.01704499348866
0.7064713064713065,-0.8311466801067298,-7.58814683531765,-1.4926386920790027,-1.3221463703109706,134.48592691265156,27.190508403949675,12.439134993241831
0.7067155067155068,2.6896301710777917,-7.291728615077604,1.2503409143905295,1.542256991387836,134.64508185574346,14.406642273650343,7.229124744241381
0.706959706959707,5.514168555936444,-5.396975918314432,-1.1384407255794107,-1.5961865366439103,134.80423679883535,30.83472329746423,12.558670697072222
0.7072039072039072,7.2938752323414535,-2.5763447617317734,1.016082469589059,1.7816639710660578,134.96339174192724,27.351248366600853,4.925833754824583
0.7074481074481075,7.314901045541524,0.8435590463493648,-0.6299839197339776,-1.7084615784564121,135.12254668501916,27.80597739914564,4.463534485231562
0.7076923076923077,5.88035639007118,3.3800432521002626,0.5869299453795872,1.8620339654920928,135.28170162811105,21.182642596567533,7.432169150236659
0.707936507936508,3.490615600938236,5.041269361929103,-0.23441987314595117,-1.7020334275318862,135.44085657120294,29.26471598295652,13.114069152458036
0.7081807081807082,0.5272994543553395,5.11237388837065,-0.00018393397697177155,1.3547177638379435,135.60001151429483,31.51795363971698,7.971830586831929
0.7084249084249085,-1.0688480988459268,3.789869666303726,-0.049861234991089146,-1.0388507752346579,135.75916645738673,27.472449402659326,13.542595486896795
0.7086691086691087,-1.9326301293715022,2.088216220468906,-0.24378647237761386,0.5547234778139173,135.91832140047862,27.216413312416755,6.61254720271777
0.708913308913309,-1.5559777750747945,0.5655428590740119,0.14138382104313688,-0.4493085365914007,136.0774763435705,29.148342940351665,6.711079889108124
0.7091575091575092,-0.3181398831651518,-0.04888990856095361,-0.04545011612872422,0.048217856635713346,136.2366312866624,21.83711505684305,4.315488758739324
0.7094017094017094,0.8987909975815613,0.38743881367301386,-0.025575479065710227,0.09385292605646713,136.39578622975432,27.920675675463308,11.381106555676988
0.7096459096459097,1.3445553480766492,1.583805986576465,0.4235234280138702,-0.41186359304982534,136.5549411728462,28.312732496278702,14.704702914702919
0.7098901098901099,0.6728855940610724,3.294071529521303,-0.5685226661011503,0.5482687521320643,136.7140961159381,26.436541440556166,18.20380210505122
0.7101343101343102,-1.0720244790564364,4.357316332155509,0.6634491535797113,-0.7917206810494974,136.87325105903,22.037049370841174,10.499855655343284
0.7103785103785104,-3.3147454791938515,4.227055420257602,-1.230158838855349,0.7836861296204926,137.0324060021219,20.552225560365404,2.3525855760922525
0.7106227106227107,-5.878886541128345,2.8663001501772594,1.3335432500800568,-0.5992208627794946,137.19156094521378,36.61640626467873,15.75953350079229
0.7108669108669109,-7.142300524437021,-0.00761094411051662,-1.7663909747634847,0.6602657818821784,137.35071588830567,31.531159030630064,7.079797926728757
0.7111111111111111,-6.551516433674672,-3.214233467789612,1.8075643148381377,-0.675657252673805,137.50987083139756,20.321734725704285,7.320696049668195
0.7113553113553114,-4.628932980217048,-5.9622889876815774,-1.973444351753486,0.3411326674999547,137.66902577448948,29.276878893196706,10.388579318329334
0.7115995115995116,-1.9086657570853032,-7.776620103170863,1.9483197433013646,-0.28802578296007175,137.82818071758138,18.922641647020857,4.969783081411498
0.7118437118437119,1.4570837199086657,-7.687196770152155,-1.8249725586771985,-0.09232888576006419,137.98733566067327,18.32955795120121,5.485549604406594
0.7120879120879121,4.184540794929471,-5.998025773627312,1.9015178482544675,0.3250717505006579,138.14649060376516,19.815744364462926,4.4299917999280325
0.7123321123321124,6.037167588394406,-3.1725846840043617,-1.6262337683861245,-0.38280858478700064,138.30564554685705,23.919689641565963,11.57096176821118
0.7125763125763126,6.106557317882389,-0.21141183265471675,1.5646520531302484,0.4320338900534948,138.46480048994894,23.8824681170087,10.990485129910486
0.7128205128205128,4.768547352544669,1.9473283785414015,-1.1287344113360522,-0.6366111360005965,138.62395543304083,15.133579951708107,11.660425869283111
0.7130647130647131,2.766605025550066,2.9464702687706956,0.7538953281762797,0.6802783366908298,138.78311037613273,34.85851698796856,11.755147329262234
0.7133089133089133,0.8472546961955248,2.745562790310065,-0.5284681892311008,-0.3638055595203479,138.94226531922465,40.477483455082606,9.852773142243553
0.7135531135531136,-0.3265354440836379,1.8297552739887057,0.46420581003556544,0.24854126149451372,139.10142026231654,13.393608438689931,7.0077893747890085
0.7137973137973138,-0.3495555066964415,0.4925082973141491,-0.08700204629231027,-0.03999267144713076,139.26057520540843,30.779976076908923,2.69943452213326
0.7140415140415141,0.6611436647210053,-0.37360615255627655,0.10889079272701435,-0.3279076362149139,139.41973014850032,27.257402352759094,2.9824599190396905
0.7142857142857143,1.8090218827311233,-0.1576847030927371,0.27454196392523045,0.6206425933880425,139.5788850915922,29.98613024289794,9.435546688495547
0.7145299145299145,3.0581960982778074,0.9961537578478035,-0.04235246341367935,-0.8422862557169953,139.7380400346841,29.72223797476127,3.3620635852308505
0.7147741147741148,3.1340569097353144,3.1448054138705164,0.21426594705530705,1.052753544819883,139.897194977776,22.017101285149913,2.7822170040119505
0.715018315018315,1.9736834265293892,5.113696665410095,-0.02679889008032764,-1.3883378900106784,140.0563499208679,24.671391172561613,7.639886186459491
0.7152625152625153,-0.7535238406628033,6.258406492652451,0.009994533728262936,1.71209331238247,140.2155048639598,33.73444163535612,7.494356154817295
0.7155067155067155,-3.5543508079882624,5.890214556162528,0.3205613694050496,-1.5405943181155075,140.3746598070517,16.511467424480905,3.5524805836149413
0.7157509157509158,-6.140332149475851,4.209097736139782,-0.5564538691042347,1.6797303436004274,140.5338147501436,26.963306347430454,14.364076391223893
0.715995115995116,-7.733003654174445,1.1619953265021794,0.650417726899178,-1.9023038467551872,140.69296969323548,26.762245282060864,15.35393919051902
0.7162393162393162,-7.473134760296257,-2.3333319958786536,-1.0015854279842422,1.6147743684155604,140.85212463632737,31.696715875192094,7.047833729588004
0.7164835164835165,-5.823834784640046,-5.153956952720032,1.0984192487351567,-1.563465645431675,141.01127957941927,29.195411252924313,17.349597425904523
0.7167277167277167,-2.843905841371739,-6.947872183060417,-1.1825118778188588,1.3305151522317655,141.17043452251116,30.58592256485744,3.717971436896883
0.716971916971917,0.4087220582080465,-6.69336941254881,1.2994078739069488,-1.1534901637666841,141.32958946560305,25.700345386032666,10.754549256394922
0.7172161172161172,2.879254048712984,-5.403241294055067,-1.121671894299621,0.949952749096146,141.48874440869497,31.514049552567013,12.241585404390943
0.7174603174603175,4.1512460624020955,-3.1019355833601283,1.0262138633562317,-0.7474256376948616,141.64789935178686,27.828951069591593,2.4494340038918723
0.7177045177045177,3.8983264247130522,-0.8506454412038011,-0.8306377454020767,0.4566374985982525,141.80705429487875,33.14631762182538,7.408999366654847
0.717948717948718,2.882780092022292,0.6516694558529458,0.61292318868636,-0.273637895627324,141.96620923797065,37.33796764529296,4.470809178681349
0.7181929181929182,1.28086363185882,1.2228759349877407,-0.3400031517233274,0.11358877638965069,142.12536418106254,24.00406249963808,11.533794873683082
0.7184371184371184,0.30643570684744437,0.5123148658298728,0.19773865086606252,-0.11790453742107775,142.28451912415443,32.723927615397855,1.2536237932732257
0.7186813186813187,-0.1575153961193374,-0.7054022811539234,0.12577492650042849,0.02179061149839378,142.44367406724632,24.10503063849752,12.31269367971454
0.7189255189255189,0.9149149878189695,-1.943913325595905,-0.529725576559454,-0.03413172664831435,142.60282901033824,21.40407724254865,8.678428753589865
0.7191697191697192,2.376157744665947,-2.0293289905436582,0.8139961655848413,0.18465790479952776,142.76198395343013,28.358080629471186,6.148255082653301
0.7194139194139194,4.255186728492814,-0.9286793294970537,-1.1698269536315606,-0.3966766205246348,142.92113889652202,27.070804025465424,4.893105004673433
0.7196581196581197,5.198655643977953,1.09502787885191,1.033798583382346,0.6194546538651322,143.08029383961392,22.9451945359764,12.286741527589411
0.7199023199023199,4.838816427381794,3.6870850516938414,-1.299187847113631,-0.7984093271966354,143.2394487827058,23.144687099565687,11.513187227976177
0.7201465201465201,3.141779579805433,6.001312215037669,1.3899187118729373,1.0191106594736719,143.3986037257977,30.492893300302903,10.231974477722341
0.7203907203907204,0.21430578218646537,7.157248519701983,-1.45823687933486,-1.0882238593627598,143.5577586688896,23.287337235001804,9.447371302000185
0.7206349206349206,-2.840418180303247,7.172430666884637,1.1329214270912205,1.410149329297314,143.71691361198148,26.40384153137401,6.628301363297158
0.7208791208791209,-5.949020092799499,5.200003276341699,-1.0595814539973212,-1.8502061067614526,143.8760685550734,23.139365398725854,3.5688153134594525
0.7211233211233211,-7.277608598433399,2.3080577015619337,0.8622194427363651,1.7262768748268664,144.0352234981653,16.363503306548385,10.052587537922113
0.7213675213675214,-7.19828511698595,-1.0936526627961811,-0.46307124776224157,-1.681057715882787,144.1943784412572,18.692614363999535,7.662700820129507
0.7216117216117216,-5.537812298008931,-3.6316403403701645,0.566949409904011,1.697452231897778,144.35353338434908,31.663481938332986,12.4191358976962
0.7218559218559218,-2.9607536085399038,-5.221150562267267,-0.1169790034726883,-1.4453045286410846,144.51268832744097,31.611817910469412,7.349552972626695
0.7221001221001221,-0.5810550723813873,-5.3166845452858125,-0.020453829447404308,1.2903911031157724,144.67184327053286,31.700855653230697,4.698790073332619
0.7223443223443223,1.3729923947194598,-4.003364908802108,-0.005837611777093257,-1.0618708994003685,144.83099821362475,20.427740257020908,7.564510189529129
0.7225885225885226,2.409863035624051,-2.173692565105354,-0.09539135088694592,0.8361977486593419,144.99015315671664,29.652029958004082,6.710361411454941
0.7228327228327228,1.7645177860702455,-0.7161804625972485,0.2107420254247806,-0.6942489420947978,145.14930809980856,17.059986327108803,7.882069254688542
0.7230769230769231,0.5756660936636957,0.0997440026178043,-0.12485780611952205,0.22824471533249213,145.30846304290046,14.924718327343616,9.292633049049837
0.7233211233211233,-0.6603120144172782,-0.23958458726349408,0.027552085474775792,-0.08446563700700463,145.46761798599235,31.894207225899816,13.046592835649799
0.7235653235653235,-1.064147258580035,-1.694855012490118,0.18067181848400587,-0.3959166966255738,145.62677292908424,30.069282829544473,14.789007380023811
0.7238095238095238,-0.36705275972425416,-3.1436257342100657,-0.5497187167573004,0.6500342069968486,145.78592787217613,24.292002260632767,7.497720099607203
0.724053724053724,1.5491435711421437,-4.0374962741814,0.7962515510658101,-0.7966912604115357,145.94508281526802,29.833227073713118,9.379297564260256
0.7242979242979243,3.418915419384879,-3.8969861319166754,-1.0426974134493205,0.7550877919089642,146.10423775835991,27.67634145047107,8.230518919502144
0.7245421245421245,5.645550274775441,-2.3995682307650523,1.1716062731395498,-0.6224851834972522,146.2633927014518,18.51589414320966,6.574054492572171
0.7247863247863248,7.011396929625636,0.2308429758830325,-1.6834855013638874,0.7660855124939601,146.42254764454373,19.98666390750872,3.7505858487439614
0.725030525030525,6.493685164867842,3.431544347230449,1.8845550234677502,-0.5219759025070355,146.58170258763562,20.734487733402936,6.790430152516595
0.7252747252747253,4.458061705969515,6.098691741408076,-1.7765438448352406,0.3323518605852513,146.7408575307275,18.526650148241153,1.6513037134262343
0.7255189255189255,1.6535748365715124,7.667655650893469,1.8825282406201802,0.0024845392491008728,146.9000124738194,22.135332251043458,6.788766972894465
0.7257631257631257,-1.8499974822883345,7.414728275751545,-1.9146477813248803,-0.06278979802537926,147.0591674169113,15.449762493864432,11.986751397683808
0.726007326007326,-4.562614417901071,5.559711366188866,1.8013221931556476,0.31150909305891356,147.21832236000319,19.65406816730667,12.993797409706993
0.7262515262515262,-6.226491294337261,2.773289746405,-1.705777357996485,-0.47976713591631875,147.37747730309508,18.105903102315242,9.62336604494406
0.7264957264957265,-6.081398089600464,0.07702480088317012,1.3158933413250569,0.5310298779522648,147.53663224618697,25.429822821911348,5.828385537229745
0.7267399267399267,-4.672759569795212,-2.191403066363264,-1.167415882759229,-0.6752525887445221,147.6957871892789,30.911596454825908,9.558023654924638
0.726984126984127,-2.893435269780128,-3.2184454088650933,0.8122041994522253,0.5950481983587633,147.85494213237078,33.40965884513326,12.37024287583421
0.7272283272283272,-0.8416181687039378,-3.0620126832267105,-0.5658107471337639,-0.5505714483858585,148.01409707546267,20.98202628603356,12.103811328573087
0.7274725274725274,0.18346716004415814,-1.7348235538275452,0.2816937424524008,0.4009781546364331,148.17325201855456,9.819729127873217,6.224149440159809
0.7277167277167277,0.350216732452566,-0.5056950493322584,0.0491567349447134,-0.20864905668791572,148.33240696164646,15.097840015565241,7.9884991017858304
0.7279609279609279,-0.6058690209438028,0.2150842541533563,-0.21719920470389692,-0.19514248036363313,148.49156190473835,19.97795239473307,4.715308286975309
0.7282051282051282,-1.7425570564339559,0.026257252114478144,0.11393988246332498,0.49314627526182087,148.65071684783024,17.35952565927274,8.748711777448547
0.7284493284493284,-2.9433589950978507,-1.2943118192361056,-0.2767885919804864,-0.9208535999781875,148.80987179092213,25.348797896365955,5.660206855527005
0.7286935286935287,-2.6720861481549187,-3.098188066782476,0.26308289584972755,0.8846967769865093,148.96902673401405,37.248824587928944,9.70138322477362
0.7289377289377289,-1.4802833291590876,-4.713297573945209,-0.02580189907927649,-1.3507426353058432,149.12818167710594,24.512699517050564,5.898718582094141
0.7291819291819291,0.9136184726715073,-5.923721036485444,-0.110251688796594,1.4745167020761518,149.28733662019783,14.137626350864027,6.945046440034156
0.7294261294261294,3.855360238141524,-5.7387589989022185,0.33352494247209413,-1.714434270166676,149.44649156328973,27.942391866926215,3.225301363647042
0.7296703296703296,6.278545889890056,-3.7453420170836242,-0.6344185754344963,1.7158599973456559,149.60564650638162,19.847017066036184,5.517966517319154
0.7299145299145299,7.638087124754151,-0.5457915889060339,0.7125391412497913,-1.6405499893561117,149.7648014494735,28.58849515798378,5.433651034104793
0.7301587301587301,7.374142704368862,2.492872775578706,-0.7624672845727885,1.616096228339054,149.9239563925654,32.39136481496731,18.001010237021188
0.7304029304029304,5.351215842124422,5.435686046817054,0.8234215596093224,-1.4865156432549333,150.08311133565732,27.653304686225326,4.0797470457864256
0.7306471306471306,2.3198217768967124,6.873999897007266,-1.000406130703071,1.461139981884596,150.2422662787492,27.690464918446047,7.2114194151334265
0.7308913308913308,-0.6056095475428336,6.801418515918944,1.3605928549777608,-1.1835752382422582,150.4014212218411,30.88345717114024,5.551023770913122
0.7311355311355311,-3.199444529456679,5.260269752295634,-1.24509367953105,1.0993339521257033,150.560576164933,33.398858065230584,12.553599668336268
0.7313797313797313,-4.42127791504239,2.789233315293759,1.1179464401822594,-0.5369847248341812,150.7197311080249,24.568820988001033,15.22321262268985
0.7316239316239316,-4.268752846599317,0.45605544432884937,-1.06927555858426,0.448300787123688,150.87888605111678,18.595683124002335,9.655804655409232
0.7318681318681318,-2.9858506138252126,-0.858196804000565,0.7085258904927603,-0.31543534523881706,151.03804099420867,17.210428568552093,7.0745965642091875
0.7321123321123321,-1.1439668848766082,-1.3270234825596543,-0.4970929595398388,0.11921974928320235,151.19719593730056,24.295148346514697,7.398154232335755
0.7323565323565323,-0.22603708866957128,-0.5374877261368731,0.10218134328111952,-0.07546163156995553,151.35635088039248,12.507094601973956,6.426642247975537
0.7326007326007326,-0.1906746398731747,0.6042104318425815,-0.04653583084857843,-0.19614615931112453,151.51550582348438,32.00588648035096,14.610488029048394
0.7328449328449328,-0.8470203457928525,1.4932657464042314,-0.4913877821567597,0.04010631057387286,151.67466076657627,20.360663985245637,12.290390073942827
0.733089133089133,-2.5136564326194,1.6598376612761614,0.792515945646944,0.16295296943301663,151.83381570966816,14.143422606137603,6.576836303138859
0.7333333333333333,-3.9693687795498365,0.8567286322629348,-0.8633119290437501,-0.4298220047111738,151.99297065276005,27.152849495852784,3.3033042166612283
0.7335775335775335,-4.823324391542592,-1.2646753970025917,1.3790243295441917,0.6447019197438174,152.15212559585194,31.8259615282621,10.986680233144611
0.7338217338217338,-4.5974387137102335,-3.874669259625571,-1.1257809436677622,-0.8891701749059711,152.31128053894383,10.530289627520137,6.08123223790824
0.734065934065934,-2.9686603736019372,-6.352226623256386,1.455673974903482,0.9760690298985164,152.47043548203573,29.14205166745809,6.896552989700118
0.7343101343101343,0.052961880948995836,-7.168487848145971,-1.1664935029037096,-1.3310502730431508,152.62959042512765,20.577513983380115,5.19066894663139
0.7345543345543346,3.2206089523240453,-6.815482986153452,1.3796090949176194,1.5842865559890311,152.78874536821954,31.244005542062844,3.991800694399293
0.7347985347985349,5.99464229364498,-4.843269419936617,-1.0291944491039495,-1.71278462412693,152.94790031131143,16.40309968347978,4.5043761143141765
0.7350427350427351,7.371134968865036,-1.9142384593600978,0.8838136389200312,1.6888535320888232,153.10705525440332,29.829677283650646,13.617341745293663
0.7352869352869353,7.12986896653444,1.435396837118119,-0.5276129826452233,-1.747476626446063,153.2662101974952,36.32089883746715,7.0927758875631595
0.7355311355311356,5.630217652207163,4.049590528981853,0.45736503390099514,1.738893397185994,153.4253651405871,13.037869781952452,3.2350835525449573
0.7357753357753358,2.8643587724639596,5.627167325410225,-0.15219414713702725,-1.5341144874133654,153.584520083679,21.875968059348292,15.79029302995956
0.7360195360195361,0.19920003606596,5.287858565355257,0.07253282138309428,1.4287265540561307,153.7436750267709,12.585444351497566,5.555741932635357
0.7362637362637363,-1.760407131837057,4.042302565446032,0.13604140977641951,-1.1317911500710014,153.9028299698628,26.441621367213735,5.8286516495343506
0.7365079365079366,-2.3073335624041293,2.15236302986978,-0.03637097805539771,0.7554283476932074,154.0619849129547,16.984055588853312,6.157823522385235
0.7367521367521368,-1.6829986657772003,0.6347847556472799,0.030673380872125733,-0.6584108860142925,154.2211398560466,20.002489985241283,8.797808239322064
0.736996336996337,-0.678569926408384,-0.019339401419202915,-0.21921137669942883,0.29306829687266106,154.38029479913848,14.242958484017358,16.305043612583393
0.7372405372405373,0.38163248912749126,0.2897916328394214,-0.13459652996027233,-0.021815467383463627,154.53944974223037,31.539692170646802,7.771698588875506
0.7374847374847375,0.9159416404783344,1.595578437028416,0.28449163402608957,-0.3403782525186354,154.69860468532227,12.576210529435876,18.39845582204989
0.7377289377289378,0.3721399508494439,2.8597385371924426,-0.49229063722634264,0.34280208322240313,154.85775962841416,22.04310987398852,6.753267512947287
0.737973137973138,-1.4408039658470575,3.7495313314256777,0.6445243556786988,-0.399033058368929,155.01691457150605,15.597585058707095,5.329798865016565
0.7382173382173383,-3.526235252155471,3.785446827380529,-1.0883720400343924,0.7553217582827454,155.17606951459797,23.048289818051508,9.61442823723963
0.7384615384615385,-5.662127990522839,2.0137422127795936,1.4694907438989682,-0.7245840414699583,155.33522445768986,34.2115724680014,15.809220791065709
0.7387057387057387,-6.673980972652291,-0.5903748144063218,-1.5423400767598026,0.48970097720895767,155.49437940078175,14.435832122711354,2.2437786983276418
0.738949938949939,-6.049164161872519,-3.6723173067581434,1.8101756246427532,-0.35353222390507266,155.65353434387364,26.758584041641804,17.400470405600974
0.7391941391941392,-3.9947863116010103,-6.04943637689113,-1.9373207734456388,0.345528973884741,155.81268928696554,16.30957813921831,6.7935939840595925
0.7394383394383395,-0.9756777709692559,-7.587071550514089,1.9152955110436414,-0.05230741979662963,155.97184423005743,11.997758106730457,8.285486477676134
0.7396825396825397,2.147775756824917,-7.223399306140597,-1.8836751563123073,-0.18411049976872595,156.13099917314932,22.155006720920134,10.16172823653624
0.73992673992674,4.806621994390694,-5.483650953260707,1.7661006483202828,0.32697366277561274,156.29015411624124,26.00674014230193,11.60527574496397
0.7401709401709402,6.231328596355046,-2.677801893831523,-1.7774924886017103,-0.48931127294689125,156.44930905933313,33.05347016435933,10.974815541863066
0.7404151404151404,6.2398840781808005,0.2060352960560137,1.3396903045008615,0.4474692122750475,156.60846400242502,9.641652290253306,6.903920835025861
0.7406593406593407,4.716789051900899,2.417725030884337,-1.040544606272452,-0.6516576944228244,156.76761894551692,23.393998049574904,9.450601393983115
0.7409035409035409,2.6807123503535264,3.5345892450860723,0.7842775356197837,0.7048636213473762,156.9267738886088,29.333914059043725,6.006261004297809
0.7411477411477412,0.7096448208557518,3.0277233825586984,-0.6453152134513321,-0.5923118996119333,157.0859288317007,31.13281133116954,5.363656370533883
0.7413919413919414,-0.6005226026860493,2.0315173774976705,0.37562930369833,0.2411667841866222,157.2450837747926,32.77563711999976,4.101753178099247
0.7416361416361417,-0.4161890992340604,0.582706016626666,-0.20675740465056042,-0.23048821321897445,157.40423871788448,22.822212103479632,4.041057226326828
0.7418803418803419,0.5186502299347563,-0.17395575016152096,-0.07039247952368663,-0.0767522220029528,157.5633936609764,22.429538881354453,3.6461075988744165
0.7421245421245422,1.6539113069270504,0.11902420762910995,0.12248434023350477,0.2750106997858889,157.7225486040683,15.98807433139428,8.96731914383109
0.7423687423687424,2.595147692318826,1.1690531202673957,-0.23831374050409138,-0.7547426994461015,157.88170354716019,26.811317355980066,11.193608850681143
0.7426129426129426,2.5055626305953873,2.9313493666089108,-0.03514264362572295,0.9576845101255779,158.04085849025208,20.744668595682132,2.984798272666684
0.7428571428571429,1.2691087541499824,5.042401524522596,-0.20324419638703434,-1.3223351655339854,158.20001343334397,18.227278221030133,6.7197407410825
0.7431013431013431,-1.247664351445129,5.779265532244958,-0.046830914911787994,1.4253100210974763,158.35916837643586,21.064126472332802,4.520750660419453
0.7433455433455434,-3.9720032562379104,5.37474776444723,0.510378518246249,-1.690444537466699,158.51832331952775,16.197610473209313,16.381380113541635
0.7435897435897436,-6.308562813479466,3.296899801999128,-0.4054109951412969,1.6875661000121198,158.67747826261964,11.998393952049796,14.890471495284181
0.7438339438339439,-7.410776459704949,0.4707774857926531,0.8119851545641894,-1.767732483961819,158.83663320571156,25.24212370639617,9.247280543018908
0.7440781440781441,-7.108561119721421,-3.15436252349505,-0.8811700665449914,1.7649296651716917,158.99578814880346,12.775457753852974,15.095886803291483
0.7443223443223443,-5.132802717213747,-5.600475177617921,0.9962661668241123,-1.3475280240644356,159.15494309189535,27.401121578071386,5.541218073592181
0.7445665445665446,-2.1218421969133936,-7.024021407585465,-1.0903179754165269,1.4604101643388527,159.31409803498724,23.627937903519236,2.9149222539390154
0.7448107448107448,1.218667951635538,-6.661071588878445,1.248576510209633,-1.300627788517682,159.47325297807913,22.177400870310432,17.551608447498147
0.7450549450549451,3.3232331704428315,-5.112767573322331,-1.1111832201202443,0.9666051073553199,159.63240792117102,40.18729809252763,7.221418893281118
0.7452991452991453,4.441524364082939,-2.8000361138197447,1.2090498378282675,-0.4634884277944312,159.79156286426291,18.975126446151798,4.4773147324391225
0.7455433455433456,4.368465209055503,-0.29602768387968326,-0.7212246505453921,0.5080054770607179,159.9507178073548,28.760669793774884,2.9370360611580426
0.7457875457875458,3.0601121005525482,1.1383596172218577,0.7926105454193961,-0.22378704442797592,160.10987275044673,17.968847629533858,3.1921198216126307
0.746031746031746,1.4607192993818103,1.4542207104652414,-0.5326816588838088,0.054503931042023904,160.26902769353862,29.660221385536747,9.534303164571368
0.7462759462759463,0.32205804476318745,0.8728801477955143,0.18391068570572136,0.16033691741183034,160.4281826366305,20.629742224457033,11.182619086081942
0.7465201465201465,0.02463306719129095,-0.28132651456228036,0.14629897563223782,-0.12077706641169668,160.5873375797224,18.13107987950071,13.797813286936337
0.7467643467643468,0.9078674350136703,-1.2083539567989596,-0.29168151638592515,-0.04384420213696709,160.7464925228143,24.28389539953381,4.734219576752198
0.747008547008547,2.3660858884519644,-1.4267860963709156,0.6561868131847798,0.2655603654948765,160.90564746590618,15.896933845023886,9.386885395546406
0.7472527472527473,3.8369680056141493,-0.38239460754595556,-0.9047278202004037,-0.3670497776191383,161.06480240899808,12.878028539791838,6.964968431614887
0.7474969474969475,4.918473764231737,1.4336606504809817,1.0860263095802944,0.7019797566455107,161.22395735208997,17.55726906401393,3.0235247851176883
0.7477411477411477,4.3896498951198755,3.857418913931684,-1.0623934108739426,-0.7400358226575408,161.3831122951819,29.170774722481585,5.191267881743915
0.747985347985348,2.5428909562267163,6.013148769820805,1.4182346467614788,1.0995947782324311,161.54226723827378,26.70601328931922,9.134522507739373
0.7482295482295482,-0.4240071320862283,6.966843770677163,-1.4055336544271162,-1.231201015531268,161.70142218136567,11.364635426630903,5.257349328129618
0.7484737484737485,-3.3262395682320407,6.647838513973057,1.3494719903374843,1.429208743278071,161.86057712445756,19.084239132283393,17.3464774080797
0.7487179487179487,-6.123022001641261,4.490177233502565,-0.8543063459633785,-1.6651047980591296,162.01973206754946,23.35598463401841,1.1183701766382605
0.748962148962149,-7.273024770149341,1.657122611518488,0.7515943207917432,1.6739067963010767,162.17888701064135,23.98356341903345,10.196381668117265
0.7492063492063492,-7.091880207197853,-1.7834964391156514,-0.5521418835489185,-1.5998431887482383,162.33804195373324,17.851479993766603,5.275621536982983
0.7494505494505495,-5.11361793304193,-4.281466478015762,0.29707699985274433,1.6118294072282213,162.49719689682513,11.280338129651064,7.153257969276708
0.7496947496947497,-2.6740892907052114,-5.632803450032712,-0.10936000866912182,-1.6022872491319544,162.65635183991705,17.569046920504984,7.2519340216114925
0.7499389499389499,0.09531669150381555,-5.062876921698021,-0.11876719495533775,1.3478829494054578,162.81550678300894,24.297320187039677,9.702325938668325
0.7501831501831502,1.9261200823896911,-4.0463434790577635,0.07103295272280744,-1.0471700731660876,162.97466172610083,10.327319155600847,10.913379628150333
0.7504273504273504,2.573540156687096,-2.2880944366826967,-0.1509205433393589,0.7007696848293177,163.13381666919273,16.84720129425113,8.02713139315839
0.7506715506715507,2.1688477194634257,-0.3875048586246608,0.06690521073224442,-0.6151030772787839,163.29297161228462,27.547838359396273,7.8901758689748815
0.7509157509157509,0.9067245981412699,0.06473072125527368,0.060292460829635214,0.17744617782404823,163.4521265553765,31.389909726645495,17.181538509246934
0.7511599511599512,-0.1297507509298929,-0.13553267253672732,-0.21702357395104752,-0.022105938903005676,163.6112814984684,30.260400853836916,9.283046975634928
0.7514041514041514,-0.828215620164817,-1.4288094832142983,0.16611592754753746,-0.17062107158154882,163.77043644156032,15.83237131600893,9.89961908389056
0.7516483516483516,-0.0838719273029952,-2.8611915398920074,-0.2977573712178642,0.6193299199993288,163.9295913846522,18.444548990854987,8.730269159159779
0.7518925518925519,1.4491432754753544,-3.6167346392559176,0.7754236986616082,-0.52810794749775,164.0887463277441,21.78662723413646,4.448105731194707
0.7521367521367521,3.5693019580145453,-3.412292547743318,-0.9864837834852892,0.765666183669153,164.247901270836,14.486986196355017,9.027939507311322
0.7523809523809524,5.5110631185947865,-1.6077526277446272,1.258624028943415,-0.8178847965353797,164.4070562139279,10.727351141329512,13.617171419632465
0.7526251526251526,6.349831530082215,1.0282247857013282,-1.586253436236767,0.49765716067986043,164.56621115701978,18.827247719581525,10.81482676092039
0.7528693528693529,5.89555567210412,3.7480071375009163,1.5655566360141262,-0.47494080802659744,164.72536610011167,28.249408627083746,10.116079152521676
0.7531135531135531,3.718676784772678,6.174352741816824,-1.7007466331255467,0.07208366472711417,164.88452104320356,18.287047833892103,9.412194492640438
0.7533577533577533,0.750439433287845,7.499305072846116,1.814195445358068,-0.2696625641774653,165.04367598629548,30.711616490880807,5.143349171381263
0.7536019536019536,-2.6407153821127958,7.177933929239918,-1.8661286549917075,-0.14318193567008247,165.20283092938737,10.947044345744917,3.1466421177961412
0.7538461538461538,-5.035384731963084,5.186215579942947,1.6353958395392347,0.36554149722077034,165.36198587247927,18.280280448939873,12.078392423165923
0.7540903540903541,-6.539301064999383,2.257133558455818,-1.6722210212293118,-0.5162881760073509,165.52114081557116,17.054018648619977,12.359762750140344
0.7543345543345543,-6.285259919167007,-0.6972152588885002,1.284118649070885,0.540561794118918,165.68029575866305,18.439879141603644,0.7670350235995088
0.7545787545787546,-4.603431682914226,-2.674746567181647,-1.047897370975241,-0.596639474910092,165.83945070175494,20.417460666739263,6.410150827977263
0.7548229548229548,-2.2648454016737762,-3.6997226264287733,0.915890524692584,0.6520883192968354,165.99860564484683,8.422601393324827,9.370360543525992
0.755067155067155,-0.5115125810855465,-3.4326746654092015,-0.5565173082542402,-0.6616811619672865,166.15776058793872,6.8696962851337995,3.880301444460761
0.7553113553113553,0.6243477464342788,-1.908730857800608,0.4212016286034964,0.34566267708215714,166.31691553103065,18.82241712377952,4.692658216854316
0.7555555555555555,0.7515175570416319,-0.8775380265609086,-0.18244036914125902,-0.1960579736259359,166.47607047412254,19.44591381936626,2.6732372203238812
0.7557997557997558,-0.24814597816430606,0.11160067338391157,-0.15804658950509035,-0.01992971457258287,166.63522541721443,20.883202326301795,7.845893946206862
0.756043956043956,-1.5437791844067392,0.0024281451265376897,0.18089191104937488,0.3853847376156864,166.79438036030632,9.130541628727913,2.215173747748117
0.7562881562881563,-2.384491694424488,-1.3669842239352492,0.02821095123334122,-0.7113021336475033,166.9535353033982,16.307732892594643,14.56469575800014
0.7565323565323565,-2.2397716453357868,-2.986265127228046,0.18064059413712708,0.9394808779582386,167.1126902464901,23.904885243572465,5.623493217550044
0.7567765567765568,-0.8599219358664756,-4.692868257330805,-0.04099519859113754,-1.2190616328091604,167.271845189582,25.190272925099222,7.434224243897445
0.757020757020757,1.3041574662884257,-5.488849201425494,0.08590669891917965,1.4576290836057393,167.4310001326739,30.812170711611707,8.7381634569163
0.7572649572649572,3.9846177213951988,-4.9126544046986735,0.29958086317152893,-1.7371846936030924,167.5901550757658,17.57617306315649,6.0342035773828835
0.7575091575091575,6.471552459628428,-2.8278225196998266,-0.41650844606236825,1.5635007793744438,167.7493100188577,24.549445341766454,4.5869048987112775
0.7577533577533577,7.483007681101086,-0.25096002083577,0.5227260984685977,-1.7018502416293266,167.9084649619496,14.86537126241824,7.7524185618562385
0.757997557997558,6.854840932665235,3.173682751875843,-0.778719374160627,1.556945979055202,168.06761990504148,16.28847906417598,16.574098073424196
0.7582417582417582,4.762005751532951,5.725983311861516,1.364915526741618,-1.5858526962016133,168.22677484813337,22.804664631613193,3.4245186886207306
0.7584859584859585,1.6805700784619522,6.921365523770506,-1.0352340181784532,1.3675767179880498,168.38592979122527,27.498567507965703,15.915069102460755
0.7587301587301587,-1.3744400327947666,6.686116707815673,1.3859417086197294,-1.0165645997810884,168.54508473431716,14.098059978574222,6.545116853773387
0.7589743589743589,-3.6555722440649348,4.9313783370537125,-1.393628552806192,1.008657078707381,168.70423967740905,28.08159708896921,9.666058833915637
0.7592185592185592,-4.731961161268715,2.691830585589934,1.2680703240121516,-0.8946950992294345,168.86339462050097,30.114685608614135,9.772884575998285
0.7594627594627594,-4.555396667084254,0.14341144509530385,-1.1969710927259511,0.5463635413999496,169.02254956359286,13.966612423044577,4.459216860769993
0.7597069597069597,-3.1634199678845256,-1.3727195122392197,0.7744776311380966,-0.24845583700728344,169.18170450668475,21.573898256633402,12.17632220144705
0.7599511599511599,-1.5310758403878886,-1.5536218252646874,-0.6294867681913616,0.1406632052890367,169.34085944977664,15.483064595153483,7.218970864037543
0.7601953601953602,-0.2917200984875579,-1.0612496924034462,0.04998402937957225,0.007990348671037546,169.50001439286854,24.80355692270042,10.601989118265308
0.7604395604395604,-0.016764065444474764,0.2998871178356405,0.07137881220824574,0.005096684570241967,169.65916933596043,17.512608499560923,6.5776314712502595
0.7606837606837606,-0.6697505731110969,1.1373946899088987,-0.44185093223644245,0.013961223076149984,169.81832427905232,19.417974009150342,7.039962281402209
0.7609279609279609,-2.317868220809509,1.3338119721814137,0.5160058780553732,0.2400571352061998,169.9774792221442,24.721857093744696,12.58533449853095
0.7611721611721611,-3.7075985420927595,0.4810065241403247,-0.8046093603184806,-0.17164993896843594,170.13663416523613,20.78093877473597,7.421166001829619
0.7614163614163614,-4.287063456982582,-1.7281157621282672,0.9201976830334985,0.6083693601503439,170.29578910832802,20.20506431414385,7.356704813919582
0.7616605616605616,-3.854383938986587,-4.001855856704277,-1.3974222763434048,-0.9058586781150355,170.45494405141991,17.280226952745807,4.950583292810237
0.7619047619047619,-2.203085155124268,-5.999682959178127,1.198741993220308,0.9484626690548421,170.6140989945118,23.695601127980016,7.50916710789598
0.7621489621489621,0.5495374630546932,-6.832550679908042,-1.2596060799328899,-1.3386684000750977,170.7732539376037,16.992774080622382,7.298378194383001
0.7623931623931623,3.698730801033853,-6.016850338908039,1.057100164520489,1.4069719932277356,170.9324088806956,26.073852335182792,18.83138029568763
0.7626373626373626,6.107962403082837,-4.257738171178699,-1.081162450089469,-1.406587332578685,171.09156382378748,26.183851185737975,10.002611018070446
0.7628815628815628,7.311298407903354,-1.1393478236133807,0.8086321401455568,1.6036528031877983,171.2507187668794,21.694652441181738,19.365170348656456
0.7631257631257631,7.128487283647763,2.048503896455788,-0.7137153310134864,-1.6949894150016958,171.4098737099713,17.249454526987883,8.282618792458118
0.7633699633699633,5.017009764543552,4.645325326188413,0.25144087291457634,1.7916837965054984,171.56902865306319,25.990394865011712,8.185564275032371
0.7636141636141636,2.1911548476596194,5.680476495803504,-0.18004822840893855,-1.5599472576180238,171.72818359615508,25.01026878096675,12.977932189208762
0.7638583638583638,-0.1772625336361165,5.460500686589188,-0.016590576284159896,1.469610099657642,171.88733853924697,26.014089838691323,16.906968820130444
0.764102564102564,-2.119176440645055,3.9561915166039565,0.1261564250644405,-1.1601218504294473,172.04649348233886,24.328421571086114,9.958644797956163
0.7643467643467643,-2.6826783854258456,2.06270020290306,-0.4077487227628286,0.5790161478895386,172.20564842543075,14.448951581190451,8.336489939453221
0.7645909645909645,-2.3292606938685916,0.44403194528021955,0.4073486524329041,-0.5519509252580345,172.36480336852264,9.632666724380993,13.837811656370562
0.7648351648351648,-1.0305083037451368,-0.007618493220946765,-0.14617424617635202,0.5294923916177118,172.52395831161456,20.98424854182694,11.188146351654119
0.765079365079365,0.11688545102791173,-0.132974867824802,0.05859546589323052,0.06882336466332671,172.68311325470646,18.888893054644594,13.663457051700457
0.7653235653235653,0.5793379687791371,1.3154164722535877,0.17847952209045753,-0.18950230548126473,172.84226819779835,19.901464290186208,12.314332440403472
0.7655677655677655,-0.10671310021183678,2.56450537464029,-0.33788881013043354,0.6020624860009862,173.00142314089024,19.577081541891527,4.170394013787332
0.7658119658119658,-1.439742366504536,3.2089098658105644,0.7401574154461241,-0.6668775940205458,173.16057808398213,9.095739279368992,12.96710489526213
0.7660561660561661,-3.663816985597751,3.043365166894382,-0.8784886837164593,0.5173353568302977,173.31973302707402,21.105252147865635,15.553881739999566
0.7663003663003664,-5.333330647978328,1.1807917163917727,1.2323783018710652,-0.6093875712600169,173.4788879701659,21.607669555365863,9.117111070385647
0.7665445665445666,-6.164822491724045,-1.3199740185442428,-1.5408075740360676,0.5586797165710278,173.6380429132578,11.756803421031737,7.10377414110682
0.7667887667887668,-5.486444460272613,-4.206121076656966,1.8086872425752163,-0.5720220761211658,173.79719785634973,28.201217236160733,15.389330957742871
0.7670329670329671,-3.5687309493897494,-6.465422394546199,-2.0429015850393184,0.143196765368013,173.95635279944162,25.117748517838546,8.271238508499838
0.7672771672771673,-0.047926556597327474,-7.486040384250379,1.8300135549445378,-0.10185958631538228,174.1155077425335,29.88909821141692,6.779954945114821
0.7675213675213676,2.8713330715865757,-6.612552993635549,-1.8825575144061448,-0.20189513080391863,174.2746626856254,9.938798389899109,7.162549668218422
0.7677655677655678,5.235078803749829,-4.879704572170848,1.5910204629032987,0.32287268763548604,174.4338176287173,14.48788693549642,6.778801010919762
0.7680097680097681,6.392691543353247,-2.0164758270303276,-1.6897865668850416,-0.4916890140292082,174.59297257180918,12.195827009886447,11.25539298691942
0.7682539682539683,6.09120388441449,0.9194051746245914,1.3745593854409632,0.516220848027361,174.75212751490108,21.862304490350727,14.458928859946719
0.7684981684981685,4.5323763618302255,2.9773986700554804,-1.0793302218421177,-0.7094369696668773,174.91128245799297,10.647477274256849,12.400639132164862
0.7687423687423688,2.435457949446044,3.9431079826050994,0.9096273012086471,0.7430981052152632,175.0704374010849,19.3320839638621,16.39716359610744
0.768986568986569,0.5001498057839442,3.6862962989327768,-0.5812590113409561,-0.5726709113584842,175.22959234417678,18.882527922193674,13.261305416890174
0.7692307692307693,-0.7363767725170204,2.2404002970506225,0.3450089986930339,0.5550570993810111,175.38874728726867,19.890456942907292,10.450333803214466
0.7694749694749695,-0.8458778716291776,0.6707690611793999,-0.21163265902790127,-0.2120868469606289,175.54790223036056,24.580853505393144,6.817902354104559
0.7697191697191698,0.0037844768284415603,-0.056345772545675965,0.07808922714624195,0.011157999686929092,175.70705717345245,22.219591554038765,10.549976132170066
0.76996336996337,1.2171421319290152,0.11820623860120742,0.08312131995395525,0.23400516329241122,175.86621211654435,21.446459985240896,3.163508891730777
0.7702075702075702,2.2985378138988137,1.1633536243013536,-0.10814674143160574,-0.7207246264192317,176.02536705963624,18.24326456534016,13.80038956932932
0.7704517704517705,1.9098017641790335,2.9308122824332563,0.11621828357890418,0.9481092301597989,176.18452200272813,23.994199464672676,8.000192423011482
0.7706959706959707,0.7731574062105802,4.4345924769482234,-0.07420500401203323,-1.057617939329451,176.34367694582005,20.85261413879898,4.266441348230379
0.770940170940171,-1.6863993288646135,5.321549415784897,0.0499594404923491,1.3973419140913923,176.50283188891194,19.389102755133273,6.839438908831234
0.7711843711843712,-4.063182998565801,4.665366194620594,0.15428184462610636,-1.52256524038943,176.66198683200383,11.876643246946164,13.159467823816684
0.7714285714285715,-6.411565092588918,2.6373066426568483,-0.4971753754681234,1.6316777013105972,176.82114177509573,21.22487054701316,6.084090259163112
0.7716727716727717,-7.324171178152544,-0.32514706874860355,0.4625249372319544,-1.6045564778877943,176.98029671818762,26.520756308928032,7.169762748398105
0.771916971916972,-6.606370752996617,-3.286458758539098,-0.8746353764244393,1.5275657517628665,177.1394516612795,19.773623109044227,7.2962916915616916
0.7721611721611722,-4.451223667819786,-5.853533373200864,1.217055665670514,-1.4484648088302499,177.2986066043714,27.164984406508847,15.905597257717318
0.7724053724053724,-1.292248226715046,-6.868064937259659,-1.1784017661218222,1.1951539941596867,177.4577615474633,28.416535340019596,9.053554893608034
0.7726495726495727,1.684918903749573,-6.567600796955878,1.3397539062047714,-1.1411023057132939,177.6169164905552,19.433872886202625,4.515581646279722
0.7728937728937729,3.9355713250739255,-4.7695339352901485,-1.2752626028298166,1.057424962767851,177.7760714336471,24.538063497061945,3.5086762129747093
0.7731379731379732,4.917155146120602,-2.458159048400902,1.3609147339462433,-0.7401189864627684,177.935226376739,13.418772653591311,1.3148642787464633
0.7733821733821734,4.398268855328928,-0.1356053356488237,-0.9993399898341364,0.40679752230527577,178.0943813198309,24.282551538837808,5.1624260400851485
0.7736263736263737,3.2020966107390927,1.365663894179005,1.0041088323183498,-0.21899798244560836,178.25353626292278,23.061841947133207,14.051491395211038
0.7738705738705739,1.5184672060047906,1.680752055579773,-0.5474368467983539,0.1888529657804858,178.41269120601467,23.25254105095318,15.321272971615453
0.7741147741147741,0.26088729128303445,1.3210759033387771,0.35584356152542995,0.04067906650901987,178.57184614910656,21.531846175394442,11.70896668439777
0.7743589743589744,0.036036839875758855,0.07091519722918188,-0.04068749865515887,-0.0907630849699501,178.73100109219848,16.080778434132537,13.515787326363338
0.7746031746031746,0.50692060856401,-0.8237709495171559,-0.3564759073489776,-0.08179518584970452,178.89015603529037,4.472784147544262,23.302314340931176
0.7748473748473749,2.2003098201099167,-1.0597710119184722,0.6635036119484292,0.33511381385163475,179.04931097838227,10.564777714270338,3.0515785985736157
0.7750915750915751,3.6462124842938866,-0.13134939241640442,-0.7238051330954024,-0.42653782665429035,179.20846592147416,26.50387568661797,13.145436433125077
0.7753357753357754,4.203916919215519,1.528551854170014,1.1074583672552571,0.3495060958633507,179.36762086456605,20.144414842620797,13.472086597095812
0.7755799755799756,3.4910758762561196,3.982658255862555,-1.1333475899508856,-0.654995566453883,179.52677580765794,13.829575877249308,12.943551249360837
0.7758241758241758,1.950279266641806,5.818523018515006,1.3104067071013907,1.0435539555756557,179.68593075074983,19.52247559793893,11.133227581878877
0.7760683760683761,-0.9907367352344384,6.648757235495384,-1.262058363073774,-1.1435923751920212,179.84508569384172,13.770097898224767,14.926058823751003
0.7763125763125763,-3.7610516494982678,5.8776829283376655,1.0383605909219529,1.318785659580576,180.00424063693364,12.188874766823698,6.519038937328782
0.7765567765567766,-6.236725206170746,3.8019430816079107,-0.7903941358675914,-1.597474222081077,180.16339558002554,17.669397407686564,8.385238102915244
0.7768009768009768,-7.505626509072549,0.6603788783589019,0.662317763934317,1.752036742507406,180.32255052311743,18.998198065810328,13.675392906241399
0.7770451770451771,-6.670978047632108,-2.5020463610198824,-0.6913725362561812,-1.7780330384371126,180.48170546620932,22.041144074384643,8.736007778924847
0.7772893772893773,-4.753241819196745,-4.592389554241029,0.3631317652335672,1.7504576241148389,180.6408604093012,26.044885628648693,6.3503216933453235
0.7775335775335775,-2.161220914259418,-5.7786572078323415,-0.28084551453049045,-1.7174978552825964,180.8000153523931,18.459132784094177,9.16152339304623
0.7777777777777778,0.48014326102771737,-5.432307455793596,-0.14227850954270388,1.3692524570826337,180.959170295485,8.688661726805517,11.729000544688862
0.778021978021978,2.5440391214309255,-3.9674299523027874,0.15716676810075814,-1.0998388521155538,181.1183252385769,24.483869165730084,14.374359572697733
0.7782661782661783,3.028182895099258,-1.836104568101034,-0.11820289629509695,0.7678424466519684,181.2774801816688,17.432913310679655,15.545882617338998
0.7785103785103785,2.415293251178838,-0.45132844816070977,0.2797022280385827,-0.4573429220214139,181.4366351247607,22.807419953552202,10.62326042711282
0.7787545787545788,1.4136519937837186,0.3549123105086983,-0.21849711492682672,0.1576138746026183,181.5957900678526,23.331589124503747,3.2150318594328575
0.778998778998779,0.1812990901388948,0.035133751740199295,0.04202649199350883,0.06593089769210174,181.75494501094448,22.115483470264575,1.5145050961379123
0.7792429792429793,-0.43148760435544287,-1.0497499178828935,0.1682662151437466,-0.25609992557593175,181.91409995403637,15.279922577856674,17.87312296449851
0.7794871794871795,0.13773082297438458,-2.3906400226335416,-0.3553007436338744,0.500959741822763,182.07325489712827,16.16594826462405,11.483455729942769
0.7797313797313797,1.5946511650852155,-3.0518006317435162,0.6627575973747412,-0.34508779958046454,182.23240984022016,18.618380307737148,4.112717879356992
0.77997557997558,3.641977177382504,-2.66424548174321,-0.9290721635570318,0.4190595390801779,182.39156478331205,14.224605688878686,4.787269070591947
0.7802197802197802,5.191563398869876,-1.0699532241664451,1.2189555672506898,-0.5379981260694763,182.55071972640397,18.09744559595646,8.543440872624057
0.7804639804639805,5.9301327543231555,1.538263875689648,-1.4253226485420238,0.6007211878277751,182.70987466949586,22.97778619816696,12.658576899060954
0.7807081807081807,5.02648478176811,4.346080413882987,1.765779510835153,-0.5142443717031511,182.86902961258775,26.478682793754146,14.481083785913555
0.780952380952381,3.0319834726714783,6.332140478571052,-1.8452174955907836,0.12114664065699887,183.02818455567964,20.2447897566143,7.411040749168475
0.7811965811965812,-0.07858594241590752,7.198795769923262,1.76219314312005,-0.007231959556354368,183.18733949877154,21.918031873243752,6.756918188927882
0.7814407814407814,-2.944393728568818,6.4974144696763245,-1.859360041176152,-0.2173651122575868,183.34649444186343,26.284952214131838,4.8427953845021925
0.7816849816849817,-5.454120835649909,4.392335738788203,1.8289921323722407,0.3517565389550457,183.50564938495532,22.3291709986136,9.759574092259982
0.7819291819291819,-6.4327431939413255,1.6648911878725876,-1.493685311531563,-0.49648850753435214,183.6648043280472,21.58366218203249,7.551846672788502
0.7821733821733822,-5.9265279402177455,-1.2049573045962219,1.304283496399008,0.691248355221859,183.82395927113913,1.3165261293564685,5.587994094279671
0.7824175824175824,-4.451865286442455,-3.30894394108032,-1.210857221038496,-0.7508138374847683,183.98311421423102,15.31756059588772,6.621192487007856
0.7826617826617827,-2.213088451393573,-4.039530400046795,1.0015260340236916,0.6470571399587747,184.14226915732291,29.4338040499938,14.930712871718061
0.7829059829059829,-0.22181322976818527,-3.805793959386583,-0.7162096741481809,-0.5877421692170863,184.3014241004148,27.22329334959957,3.9166626344316082
0.7831501831501831,1.0752952300471899,-2.29643664440702,0.3624605231447511,0.49295669005226767,184.4605790435067,12.357463942659175,3.0435660879198854
0.7833943833943834,0.793884295071297,-0.843370169230603,-0.22551977532065817,-0.1571661203111775,184.6197339865986,33.838619429188014,3.279826607073822
0.7836385836385836,-0.0710470171846197,0.08525985463993394,-0.004476713825227865,0.09744816724255093,184.77888892969048,21.484510343322302,2.356867829225982
0.7838827838827839,-1.0770233045383992,-0.33316946929707575,0.12385748344875169,0.30532924198125766,184.9380438727824,23.829428536796556,12.559031669902636
0.7841269841269841,-1.7612801166110854,-1.3761815753346316,-0.061817683274175195,-0.4912850259653233,185.0971988158743,28.401175701152702,11.776321772855539
0.7843711843711844,-1.688907073180349,-2.853973093431608,0.1566079394740712,0.6381539255841482,185.25635375896618,18.269246587608432,10.872061386833353
0.7846153846153846,-0.4265698947227086,-4.3778294864993805,0.1794970887919883,-0.9703382525982106,185.41550870205808,4.867042717895108,7.218154683952658
0.7848595848595848,1.6953527882177055,-4.901892686441624,-0.002460875748871369,1.2606274653148162,185.57466364514997,9.670033194968298,2.759522655896799
0.7851037851037851,4.124111647192274,-4.327108155558944,0.37207202679334966,-1.360941810436751,185.73381858824186,22.734300140649356,7.127536078643547
0.7853479853479853,6.338771974880065,-2.372563759390465,-0.34885905129956385,1.6358412350452385,185.89297353133375,18.65015898563025,10.693678536803317
0.7855921855921856,6.9235922100318925,0.6980561752620019,0.793093773414355,-1.403293948250895,186.05212847442564,9.292938277277528,6.293171215582306
0.7858363858363858,6.2993023079180235,3.6537845418160138,-0.9945335079611282,1.5295094472806685,186.21128341751756,35.76414992453865,0.5073713430575559
0.7860805860805861,3.8983085746428983,6.045921460920537,1.0065797622576331,-1.3284074719819587,186.37043836060946,18.701043821809222,9.54172108931332
0.7863247863247863,0.897601442815636,6.959322469988496,-1.267339044722862,1.3497254791213282,186.52959330370135,13.614243736139104,3.1711273102674498
0.7865689865689866,-1.9115188288668896,6.38312676808993,1.1412014745441459,-0.9727346223323518,186.68874824679324,27.274937230743262,12.157325835963798
0.7868131868131868,-4.070101105989017,4.6442612582979494,-1.281782744915302,0.9378051115050551,186.84790318988513,26.119478243871487,6.300461524637291
0.787057387057387,-4.861853123558819,2.052381848899722,1.1527611998825635,-0.7986620969944846,187.00705813297702,18.085184171733403,4.880870302379961
0.7873015873015873,-4.484623220331611,-0.1428366216403293,-0.9510624076169601,0.340137727655011,187.1662130760689,21.295518526893126,9.440307993683733
0.7875457875457875,-3.2432226734465037,-1.7694062182923596,0.8712011503385374,-0.18822100975544304,187.3253680191608,13.58389757717494,7.528809828424509
0.7877899877899878,-1.6379286613002542,-2.3074910246866884,-0.559485919767811,0.1728421826520774,187.48452296225273,15.853734355371945,8.964780076769319
0.788034188034188,-0.20022797322328922,-1.3859613604924343,0.46153973325805964,-0.19457995914433762,187.64367790534462,12.539800824815016,2.454012185406727
0.7882783882783883,-0.06311487152196647,-0.2096159943593956,0.011958540534344267,-0.021762501108067215,187.8028328484365,12.493087851306653,13.169703538379725
0.7885225885225885,-0.7373946023634171,0.7934521961738262,-0.09245841470914423,0.1123814765487258,187.9619877915284,7.5674047020733495,8.336294159692605
0.7887667887667887,-1.7312680190017509,0.8481925270485774,0.32439032368508,0.05179118517362767,188.1211427346203,9.34279282758847,7.497703836448323
0.789010989010989,-3.305118754132604,-0.03468991070792715,-0.6912303233270543,-0.2526711393824508,188.28029767771218,16.68811469181898,9.337094952630745
0.7892551892551892,-4.077711495306574,-1.8422747479654469,0.9812000851488452,0.5092421070761868,188.43945262080408,26.145407938961988,11.848662734133663
0.7894993894993895,-3.2419606152672533,-3.948163496156486,-1.1598615659952833,-0.7280465140249918,188.59860756389597,19.09477998498727,11.499436752386455
0.7897435897435897,-1.2528189688261673,-5.685766019130787,1.0508483716150452,0.9305105397911408,188.7577625069879,23.59486012025582,11.122642723599881
0.78998778998779,1.063484507167921,-6.365110840886699,-1.3270860560353208,-1.121251078865161,188.91691745007978,20.822786993181754,5.744249792180723
0.7902319902319902,4.272496047310135,-5.568194878870923,1.0798107912863548,1.3801396295876094,189.07607239317167,28.18945153911249,5.135245480985461
0.7904761904761904,6.34454505778507,-3.2432018493026735,-0.6997554882396467,-1.538355855734019,189.23522733626356,22.862303736700767,12.837761541791654
0.7907203907203907,7.148646908202268,-0.40616954533916433,0.8045718106792942,1.6793802892075873,189.39438227935545,25.93108136297509,8.261456698166667
0.7909645909645909,6.520217987432202,2.6721394391006936,-0.4425786268957237,-1.7761375679212064,189.55353722244735,22.245953735520068,6.962965502092457
0.7912087912087912,4.51136882133523,4.900301053163018,0.3339462321860158,1.5534595267468332,189.71269216553924,10.802997084300968,11.3423921586062
0.7914529914529914,1.7930190685188532,6.011057802499062,-0.13812759275209857,-1.6747451742832462,189.87184710863113,13.191761408856024,7.767599029464682
0.7916971916971917,-0.8779118799819723,5.522152857820788,0.08166865518560601,1.588818915150693,190.03100205172305,21.020602767041137,15.951641246196642
0.7919413919413919,-2.5692610975034587,3.728952546964919,0.13549328132739835,-1.1821361969325783,190.19015699481494,21.657813301874132,2.2362523496730886
0.7921855921855921,-3.1228363133018386,1.8573197803880162,-0.20711505469681504,0.9227080435132287,190.34931193790683,24.410498525738866,15.625419191149756
0.7924297924297924,-2.534543003051544,0.0395267954211902,0.23015906270877462,-0.5926968429848031,190.50846688099872,14.812390777405943,11.622131847384873
0.7926739926739926,-1.517776250615,-0.3807023573740379,-0.21780034954137664,0.5380733913840322,190.66762182409062,18.38854948977023,7.406511148855516
0.7929181929181929,-0.26803849523687295,-0.06611023571761082,-0.1578230898600766,-0.09567983996665981,190.8267767671825,24.44436150110446,13.165348600641353
0.7931623931623931,0.28349284501159855,0.7228781695317492,0.10191487122206534,-0.36040111492859667,190.9859317102744,5.8312875133824305,14.147919318022385
0.7934065934065934,-0.14678829689076187,1.9188002484438456,-0.31653871754904417,0.36653077480788976,191.1450866533663,13.425132301623881,4.789909732258991
0.7936507936507936,-1.6659466665191514,2.6868297544716233,0.6627815960301761,-0.5421754822738941,191.3042415964582,16.04883588434435,5.27619966500513
0.7938949938949939,-3.515034199355742,2.26040006572036,-1.03117848863964,0.39736805542088816,191.4633965395501,29.993115286718837,3.4655349582769204
0.7941391941391941,-5.045464657408508,0.8591436331547531,1.2923493131121926,-0.5332075636416824,191.622551482642,8.810414190458703,8.040372655574075
0.7943833943833943,-5.542959786018831,-1.7153895525611402,-1.4013462023413685,0.34223165456181054,191.7817064257339,14.631211538860148,13.69966176301525
0.7946275946275946,-4.6797993603942585,-4.429547151526766,1.4632779463475165,-0.3406021787508342,191.94086136882578,22.0843823786265,3.984436483482401
0.7948717948717948,-2.799798345644106,-6.396046600422055,-1.8316383122286164,0.1780476160760902,192.10001631191767,12.707317070367404,14.756606729418275
0.7951159951159951,0.36398911902544373,-7.135118457454465,2.0394482718474554,-0.15525771326807605,192.25917125500956,19.883413844489418,10.218629379438108
0.7953601953601953,3.5185261723832157,-6.459728612935592,-1.8442686417717995,-0.11855896505615504,192.41832619810148,11.783466186494104,3.5604365436629566
0.7956043956043956,5.685080910041362,-4.284008551556753,1.791007434706191,0.3251530820731182,192.57748114119337,13.493446731043095,15.442178825476587
0.7958485958485958,6.511591543628497,-1.3135908270752719,-1.666639683442244,-0.5983144095326397,192.73663608428527,25.660539002686956,10.332541324438147
0.796092796092796,5.876929193269772,1.5068791769984715,1.5851255288657804,0.7403814574792073,192.89579102737716,23.47975335555276,11.928974481895043
0.7963369963369963,4.451145209842223,3.585184666782694,-1.129696466658278,-0.5926858363033767,193.05494597046905,13.472665021244051,13.841720548214672
0.7965811965811965,1.9564953840135892,4.33881778398707,0.8211556955505405,0.7411918032791776,193.21410091356094,20.91945651409477,6.623274287289705
0.7968253968253968,-0.09116496623802525,3.6546379966480775,-0.65265673330889,-0.7307888898042352,193.37325585665283,15.712116743698969,5.421859730714597
0.7970695970695971,-1.4489453690522283,2.4825549166679726,0.30682145129929894,0.4705164805682547,193.53241079974472,36.212859722193585,13.455223172428317
0.7973137973137974,-0.9372202097877308,1.1269663270493164,-0.24877255134170814,-0.1567839086263127,193.69156574283664,17.575050282330416,9.466662613586205
0.7975579975579976,-0.31173504793660617,0.009970408987584847,-0.002923892177579067,-0.042003849204787086,193.85072068592854,15.345561278913491,5.429185764641731
0.7978021978021979,0.9693912804611893,0.10854634505998849,0.10259694455480886,0.2936228330639193,194.00987562902043,4.014741642791426,16.625480489465875
0.7980463980463981,1.6323942292181164,1.1173083130685428,0.0056864464066156695,-0.5283696270059172,194.16903057211232,14.814592850062528,13.167105896880946
0.7982905982905983,1.470262453501858,2.6156140450941194,0.08134878978575862,0.7184772353385307,194.3281855152042,20.782937574068434,11.17500894335124
0.7985347985347986,0.11030992450220899,4.308178775188485,-0.011542857132151694,-1.1651135161672947,194.4873404582961,23.65360592429015,14.532443316211447
0.7987789987789988,-2.1406149615922763,4.562737731559773,0.09858970362863034,1.2095618115573616,194.646495401388,18.531382250659945,6.562997512383521
0.7990231990231991,-4.343182001719425,3.771788269277879,0.41135075239160984,-1.5088927699586658,194.8056503444799,22.28285583221885,8.616334671445873
0.7992673992673993,-6.049556863024484,1.8078769807687647,-0.5697178082078511,1.5298132264157553,194.9648052875718,12.179126112892698,9.49587564501087
0.7995115995115996,-6.756850417776767,-1.2121955594084795,0.49271681930169997,-1.6223696967525085,195.1239602306637,21.717129458076663,4.818240655881329
0.7997557997557998,-6.053443726298934,-3.86159070386549,-0.9760998834974159,1.6224427193732274,195.2831151737556,15.570581012397072,22.7446512737564
0.8,-3.741392541088128,-5.999509257139405,1.0680732934094719,-1.437107899762183,195.44227011684748,17.317776355180754,6.20270344960112
0.8002442002442003,-0.602957488631443,-7.029807444551013,-1.215660752046916,1.6186503321854568,195.60142505993937,20.439533352204347,8.544202837851572
0.8004884004884005,2.2479407563282026,-6.362758909716758,1.2850238935448919,-1.0673882500554743,195.76058000303127,23.72423396638271,12.536562823258484
0.8007326007326008,4.30711128734173,-4.330186590268344,-1.260580952863348,0.8782198976625212,195.91973494612316,17.993724130301178,4.99452017966737
0.800976800976801,5.2113521710197155,-1.6285796273481206,1.0747913627964305,-0.5162275544080797,196.07888988921505,20.586943480126646,7.997095244019874
0.8012210012210013,4.750779210220497,0.5840280802315798,-1.014338480605228,0.13632099199967385,196.23804483230697,4.301738972466778,2.362272115138885
0.8014652014652015,3.2916702388794628,1.9499108553035658,0.9668858167472664,-0.223696095889715,196.39719977539886,11.524910701957157,11.055179911031972
0.8017094017094017,1.562147315612951,2.1356936267734388,-0.5697474460941385,-0.09126678376358541,196.55635471849075,28.80320045003358,7.246136431130712
0.801953601953602,0.10826628516654191,1.390933792730864,0.3650590742650471,-0.037968214747492096,196.71550966158264,25.103169039174666,6.362917355815157
0.8021978021978022,-0.13368949058092333,0.5029294380801655,-0.009068496098770265,0.15453238766207053,196.87466460467454,12.869814079898179,9.231510118878157
0.8024420024420025,0.5679692137418446,-0.8009653502989822,-0.15463861268190818,0.05057728976273475,197.03381954776643,30.516162882942552,12.124927144165994
0.8026862026862027,1.7106026300918704,-0.6056383651531196,0.43843399807547895,0.1884371167330519,197.19297449085832,13.423340662267483,3.990895369384387
0.802930402930403,3.1412369092453445,0.2858506147858533,-0.6102147443867355,-0.37179807725895964,197.3521294339502,24.078351130711745,18.896490183962705
0.8031746031746032,3.611143435345704,1.9016215992351402,1.0242657252166179,0.41156793283500254,197.51128437704213,20.86043306777203,13.338250976034061
0.8034188034188035,3.1099850713891457,4.0890176139816745,-0.9521661312369243,-0.7046519339449493,197.67043932013402,13.234904327533654,5.193827528638259
0.8036630036630037,1.0435061483933419,5.725713459247266,1.1804737101930152,1.0868277722019541,197.8295942632259,13.329530646585804,7.612905293033959
0.8039072039072039,-1.6574673718484167,6.185528536492164,-0.8778742142668132,-1.1813647005593546,197.9887492063178,24.328235820012353,5.294684439180802
0.8041514041514042,-4.241711327510849,5.323932559648323,1.0301704076293186,1.236328581928883,198.1479041494097,15.529578484867038,4.554240906760871
0.8043956043956044,-6.459727949010958,2.985837085210314,-0.686261905758929,-1.6574157756471313,198.3070590925016,14.418123342617127,4.652160767745326
0.8046398046398047,-6.986948577698987,0.1503015679288322,0.5941879243807564,1.7430915242305556,198.46621403559348,11.848902803136088,10.412844477357554
0.8048840048840049,-6.435843592262488,-3.021908723587833,-0.5774258324847708,-1.631871875346104,198.62536897868537,20.048767209952786,1.9455149724344536
0.8051282051282052,-4.278871115235812,-5.209802575818974,0.2786240685405442,1.7948069025785451,198.7845239217773,25.36731790493309,3.9782653275645474
0.8053724053724054,-1.4870651807055215,-6.04750387364259,-0.06135609783057577,-1.5253052067777282,198.94367886486918,15.577037932504698,7.549082074792127
0.8056166056166056,1.115548114123988,-5.595071088731719,-0.07989507356689328,1.3790587863203994,199.10283380796108,13.86647287690325,3.384384440678001
0.8058608058608059,2.688475321073038,-3.6310326346108206,0.14477297776995754,-1.3762247899967406,199.26198875105297,14.282211035293674,8.903399932431542
0.8061050061050061,3.3995126437430194,-1.6867039219298934,-0.14443378676802715,0.7903918420574697,199.42114369414486,17.600639616251623,11.331246461709256
0.8063492063492064,2.568884224347312,-0.12774256403715978,0.32097410753176814,-0.6357631787515295,199.58029863723675,9.778168161064606,9.269346492039997
0.8065934065934066,1.4858127737806883,0.5650441828326626,-0.3063301532600659,0.39137891624496507,199.73945358032864,10.292421350329745,2.8976914420149584
0.8068376068376069,0.1936627370159666,0.15746802127302484,-0.018841580518434584,0.018857673799842434,199.89860852342056,5.458826347797566,6.900311260293822
0.8070818070818071,-0.25351702790267566,-0.7599005898494176,-0.007256841326661073,0.03135011417855471,200.05776346651245,17.758180630984864,13.376335028951914
0.8073260073260073,0.4047856429813239,-1.9342828123092475,-0.16871644165339228,0.2957656842302584,200.21691840960435,18.587754416960763,8.997624604327855
0.8075702075702076,1.8063208051422568,-2.533729197006195,0.7226494263297375,-0.5105398842345195,200.37607335269624,6.5959600318643306,9.191716170590617
0.8078144078144078,3.428853543413577,-2.1319683223341976,-0.9405937713794863,0.5056279961990862,200.53522829578813,29.082859941491172,5.046025596180379
0.8080586080586081,4.6862320595468105,-0.3076483547482288,1.2309639832274877,-0.43389838079699755,200.69438323888002,16.665017965664536,2.5790377703005483
0.8083028083028083,5.206833625232121,1.9757475362952506,-1.435114539262159,0.45150462406050873,200.8535381819719,14.557936300073415,9.460194082647222
0.8085470085470086,4.512443805516257,4.509102815825912,1.4914137857569787,-0.3380220175715332,201.0126931250638,25.914287853236022,8.541100435073018
0.8087912087912088,2.3322967991734713,6.302694594885958,-1.6507192981476198,0.12319927648962066,201.17184806815573,16.66404914964525,5.703711218869096
0.809035409035409,-0.8215042909077132,6.971343416029226,1.764356139202594,-0.0032078176218727425,201.33100301124762,14.885625858496654,11.164205655136307
0.8092796092796093,-3.5657364955655075,6.001344711652157,-1.6762262101658223,-0.33300109981516524,201.4901579543395,10.058852272390924,3.427012748756293
0.8095238095238095,-5.762276563740772,3.8822257013144936,1.6560780234044608,0.39987139514019066,201.6493128974314,14.660613289041118,3.671678100285282
0.8097680097680098,-6.465024603051806,1.1993855025789175,-1.3547446204370934,-0.6040998913052812,201.8084678405233,27.91739327393888,4.828063529195883
0.81001221001221,-5.875533588176767,-1.6629478494033167,1.3356247570387183,0.6768279893680101,201.96762278361518,13.663513907977373,14.827726805547055
0.8102564102564103,-4.135857008615032,-3.6681176605231363,-1.2184277786231783,-0.809162529651686,202.12677772670708,21.198792900439088,5.115267024552686
0.8105006105006105,-1.9089999584729995,-4.264020830423909,0.9678836008043544,0.76431918401709,202.28593266979897,16.69691681548232,11.289500038815778
0.8107448107448108,0.39701689619844593,-3.7674275745710575,-0.7209380275131397,-0.6478600951386464,202.4450876128909,10.944692555396184,3.223173963604935
0.810989010989011,1.423149643990217,-2.4050777117819595,0.43379421883248864,0.5351309661572623,202.60424255598278,23.5891891879373,5.759338081415274
0.8112332112332112,1.360030894399358,-1.140811570792641,-0.22922411794245096,-0.2898179344118788,202.76339749907467,20.480994869564128,6.3494273767414695
0.8114774114774115,0.49890358780206817,-0.19380288906918391,0.07458166124754895,-0.12141040744061168,202.92255244216656,11.044236510852155,6.212499938259712
0.8117216117216117,-0.5384428367815958,-0.14635607614880777,0.1345912820409265,0.041779047959536325,203.08170738525845,13.84901495578332,13.820169283907056
0.811965811965812,-1.518434355722718,-1.2383023422226087,-0.14577508028625427,-0.45903079172284994,203.24086232835035,17.444300199897317,6.846164025150162
0.8122100122100122,-1.2568972321871044,-2.4413699011656886,0.06743947743514284,0.8754986679643828,203.40001727144224,19.08712406652559,11.097372081246647
0.8124542124542125,0.00810838400155395,-3.900484636275159,0.19171472328364325,-1.0348263874468815,203.55917221453413,13.366124707635818,11.180618277532847
0.8126984126984127,2.1099624443691205,-4.35164049427256,-0.1880856895084997,1.1276000523782204,203.71832715762605,16.757404398226512,12.001478559142818
0.8129426129426129,4.138472904044081,-3.5386520736079023,0.23851148258771432,-1.3979258529659966,203.87748210071794,13.357732697910205,2.94600822036222
0.8131868131868132,6.0586100834985634,-1.5597372771214275,-0.5958240639975323,1.2659159417909829,204.03663704380983,16.35175230049151,8.236020096521546
0.8134310134310134,6.535570035237558,1.0935316781225266,0.7165690724792411,-1.5144974909423368,204.19579198690172,12.913659916835774,7.211030420823109
0.8136752136752137,5.723732691727725,4.154229012011266,-0.9218718900829501,1.3446730343837567,204.35494692999362,10.124545760978394,6.450906782687346
0.8139194139194139,3.3857163696848,6.327557647885492,1.0562045302341312,-1.3685414899433004,204.5141018730855,10.48354078565418,13.80474688013483
0.8141636141636142,0.2721768384738737,7.127316846484837,-1.1394371056044958,1.213019094530658,204.6732568161774,16.174565202752074,7.311963682347599
0.8144078144078144,-2.5159995047109884,6.071088947483986,1.4531775176625104,-1.3231644613106432,204.8324117592693,20.37312969323366,12.900238269340058
0.8146520146520146,-4.761897834725969,4.200341026539562,-1.0474327217639194,1.026640392961536,204.9915667023612,12.111438103590372,13.47584007749215
0.8148962148962149,-5.339427722865618,1.5024786841820803,1.0497973024599792,-0.7591255395076979,205.1507216454531,17.754117218807572,18.02081731901339
0.8151404151404151,-4.800805505432273,-0.6944741196322308,-1.0813511413982053,0.46481432527432076,205.309876588545,8.350888011427815,3.170840839393528
0.8153846153846154,-3.124865182455325,-2.15891817746066,0.8666378074751871,-0.25093910187061613,205.4690315316369,21.64846639140782,4.192831595562828
0.8156288156288156,-1.4495270470475738,-2.538294683849286,-0.6889076758695483,0.14749618464633477,205.62818647472878,22.354006090458675,13.858686945076071
0.8158730158730159,-0.10647480839615252,-1.7032659108187127,0.4339708529517619,0.1484443045054859,205.78734141782067,11.519900298771821,15.024784308429624
0.8161172161172161,0.2919662760340518,-0.49695268761823375,-0.057324050188332865,0.029791491865380652,205.94649636091256,15.018194680180871,1.259602139676611
0.8163614163614163,-0.5602008558616451,0.3553300156728009,-0.08525170105997819,0.048171193058411776,206.10565130400448,11.417481265491979,8.206275663912455
0.8166056166056166,-1.6205869472963195,0.56210934699004,0.37163353141541017,0.16774380953076173,206.26480624709637,8.007708231803067,11.024338443585295
0.8168498168498168,-2.870572236675522,-0.2553109212532352,-0.7305108124274844,-0.4713026694183925,206.42396119018827,8.836230869434214,4.844700966456576
0.8170940170940171,-3.171913224204901,-1.876059298576567,0.8498625489512246,0.6258053075635243,206.58311613328016,15.546637797676523,10.61043685225813
0.8173382173382173,-2.720465858933749,-4.03808374034183,-0.9849862988401779,-0.616565623950495,206.74227107637205,12.033895213870432,8.432799613521382
0.8175824175824176,-0.8467817462122379,-5.472017771096292,0.9939312327902654,1.084893978963031,206.90142601946394,4.90359568371044,8.85428166400767
0.8178266178266178,1.7039059292498722,-5.98653179176947,-0.9287724670992955,-1.1296934245410264,207.06058096255583,23.770174597143864,10.905873656121196
0.818070818070818,4.5291093890017695,-5.014345507739367,1.0934286465252323,1.4174320872917896,207.21973590564772,31.133920387853752,6.420951528926415
0.8183150183150183,6.379556025279749,-2.6677811004410708,-0.744568636056713,-1.503324799116545,207.37889084873964,13.419936144134143,4.363916704556373
0.8185592185592185,7.068245426567295,0.3127865362193921,0.8157852783133864,1.7850976416156144,207.53804579183154,12.16443022091299,4.922049234086415
0.8188034188034188,6.059120448565709,3.3768602022651546,-0.43051881734808095,-1.7053417722963178,207.69720073492343,23.046632083157398,10.286354650153154
0.819047619047619,3.906123052085467,5.445754377872289,0.2683879461892173,1.6809419906881387,207.85635567801532,18.576385909112414,3.240472010336189
0.8192918192918193,1.2230592375111908,6.124279121744179,0.04967428636880755,-1.6200431574847,208.0155106211072,18.39456256490564,9.288176845141805
0.8195360195360195,-1.31626104317875,5.242591152478443,-0.0815237200904776,1.2759566250263563,208.1746655641991,17.26808543627825,11.382539561382098
0.8197802197802198,-3.168409070018804,3.9390085397518733,0.12274111046203633,-1.1656487354395062,208.333820507291,6.612651043148899,9.536213565148648
0.82002442002442,-3.4923069814298717,1.5769769318690987,-0.28265803224051733,0.8464159596110765,208.4929754503829,6.824377036189749,11.18400765606374
0.8202686202686202,-2.756595452170788,0.13526430408291215,0.1681286085939062,-0.5993209313915033,208.6521303934748,17.86973546141683,7.992951366256372
0.8205128205128205,-1.4011539121609913,-0.5197084784579432,-0.10589368766390374,0.3986876963029257,208.8112853365667,16.16140483398547,9.671535203375615
0.8207570207570207,-0.39143804057119536,-0.5297524485223133,0.1307783016487315,-0.17785625486407067,208.9704402796586,11.43341431314903,5.615800024976536
0.821001221001221,0.04115541438140807,0.49514966439852726,0.10779082887906291,-0.13996412281348278,209.12959522275048,23.653003776985514,9.025316903139618
0.8212454212454212,-0.35230120941099174,1.5714339267737893,-0.368147759950694,0.4298277283171188,209.28875016584237,17.521446488167456,8.484006470907048
0.8214896214896215,-1.6241120437615881,2.3348231691978225,0.517678202364653,-0.31110010947532096,209.44790510893426,22.663633428285607,15.52742416527291
0.8217338217338217,-3.271551148861897,1.8477639135573125,-0.895687094251929,0.47009815935359706,209.60706005202616,12.353131549429362,6.923094258825567
0.8219780219780219,-4.759846906011765,0.1771925346953161,1.0679506539470345,-0.3313216564719532,209.76621499511805,10.165181765363858,5.409329524134768
0.8222222222222222,-5.014861960794179,-1.9930323230730789,-1.2737297763496063,0.5744806478200696,209.92536993820997,11.46186254136536,3.0718308486210115
0.8224664224664224,-4.098190519320135,-4.69641264903991,1.4348899332558638,-0.3911174139481193,210.08452488130186,34.618718708574484,15.118588516804339
0.8227106227106227,-2.005594459456535,-6.474781172634433,-1.7050447710476961,0.105040262209609,210.24367982439375,9.24147341036618,10.663424834732597
0.8229548229548229,1.0963169537699782,-6.837245272356205,1.6386364151550934,0.2014611627003738,210.40283476748564,12.750446757609843,15.38247037397723
0.8231990231990232,3.8168373919169962,-5.81804663186441,-1.7728154250289485,-0.248969227658052,210.56198971057754,14.935550893668921,8.080011391825618
0.8234432234432234,6.019086995493821,-3.667272818119373,1.7077819797855658,0.38749914959170256,210.72114465366943,10.264418716250018,3.752871002960433
0.8236874236874236,6.665350963716829,-0.7148872784434283,-1.7340323377357758,-0.5515156985854759,210.88029959676132,14.767900977507118,3.7833515087961667
0.8239316239316239,5.975355271463526,2.155521939052382,1.2611162396718478,0.7230379547663194,211.0394545398532,11.672871041355219,3.433892103787609
0.8241758241758241,3.896401661472922,3.8857020905626247,-1.1450165430819095,-0.722780336611888,211.19860948294513,14.075196999201758,4.113061873892222
0.8244200244200244,1.502531895844038,4.638037135401675,0.9782937034050011,0.6569050666228801,211.35776442603702,10.67833418697648,5.303683358016543
0.8246642246642246,-0.4833479272619784,3.71322984637003,-0.722559990665165,-0.6514013578930391,211.5169193691289,17.618225361158945,18.70017845228923
0.8249084249084249,-1.4716762683227342,2.4572336257571017,0.3802572996247665,0.5633724441854813,211.6760743122208,16.443913629371924,5.845628834225651
0.8251526251526251,-1.599827198685456,0.8628427048948449,-0.31170322739463996,-0.439439604888491,211.8352292553127,11.091508125245538,11.472312406708923
0.8253968253968254,-0.7072584665336591,0.23085752701519793,0.10651988566254338,0.2501848737587532,211.9943841984046,14.424735619957417,5.702023794843706
0.8256410256410256,0.5363017865878383,0.28049595418895823,0.04419877322251817,0.1229969547708402,212.15353914149648,21.402523063209227,23.793444297065896
0.8258852258852258,1.2352292052322065,1.1633398407439037,-0.034750592622035927,-0.15726716080839132,212.31269408458837,2.236831381255599,14.507064850672936
0.8261294261294261,1.1748150276395983,2.5899952603489456,-0.031492795428122305,0.6332976996189699,212.4718490276803,20.973570876058446,5.553433215761125
0.8263736263736263,-0.23017509216301732,3.764702787769971,-0.007956918405325544,-1.1200560320891702,212.63100397077218,27.347648928220117,7.826798842940359
0.8266178266178266,-2.1223627968878698,4.103791510940678,-0.03767886484899413,1.1347531267913578,212.79015891386408,21.842594475650586,3.798220556644514
0.8268620268620268,-4.498159121730623,3.1721151851723675,0.2778811961938896,-1.2613891354219295,212.94931385695597,7.155820204385134,14.126833753651477
0.827106227106227,-6.047416782464585,1.1142684841811463,-0.4768260735847061,1.4725595881386109,213.10846880004786,21.555171764436807,12.03702191761743
0.8273504273504273,-6.370506418478678,-1.4609449172148234,0.7391725664497262,-1.4299140365260208,213.26762374313975,23.869918004278368,3.331493621673955
0.8275946275946275,-5.436644950853025,-4.467904266557342,-0.8305388875060129,1.4894042928717797,213.42677868623164,20.157111730945335,13.237126421108137
0.8278388278388278,-2.9272542160235715,-6.2295162936218516,1.229556196006798,-1.323165991177781,213.58593362932356,6.110760629947254,5.969546751024041
0.828083028083028,-0.08784424473221658,-6.817974096850356,-1.3386025591965571,1.1544562402316771,213.74508857241545,24.506570205700417,3.2953651206266668
0.8283272283272283,2.8294535431111405,-6.034587474247086,1.4063968287110482,-0.8193092659446305,213.90424351550735,17.00300161233662,2.9334394770922074
0.8285714285714286,4.723288194334955,-4.0443014226087275,-1.3072781348022775,0.7447192649128227,214.06339845859924,13.263697421668812,6.534641526605149
0.8288156288156289,5.4653927583904744,-1.3629915885670187,1.063865702421136,-0.7629206500752537,214.22255340169113,15.105865159060304,3.540064909566935
0.8290598290598291,5.000263277075262,0.8853783574366123,-1.0999219035937164,0.5375136354521337,214.38170834478302,17.90510329104011,13.1641887412596
0.8293040293040294,3.0999306102778013,2.3380556320352333,0.7060604249765617,-0.1816829376433318,214.5408632878749,22.727092685237537,15.434729134212825
0.8295482295482296,1.46151969758978,2.738297880351007,-0.9013488922393676,0.03641787341412653,214.7000182309668,10.588471599967276,9.630778724213163
0.8297924297924298,-0.0026787783550508704,1.9358814596922258,0.5728557112869856,0.000628857649666012,214.85917317405872,20.87960200974138,12.211734754728477
0.8300366300366301,-0.38672408203037784,0.6888584595113668,-0.2548051150624402,-0.12297785740699574,215.01832811715062,8.756516827454282,5.837353812232393
0.8302808302808303,0.33206292463467524,-0.20318582273950717,-0.005592428975929209,0.10219247289097096,215.1774830602425,24.14786121473038,7.175888483737315
0.8305250305250306,1.5425273889910582,-0.6825616543810406,0.35812781244298386,0.23592909414462285,215.3366380033344,8.776647006176756,5.691630237767519
0.8307692307692308,2.65748299024435,0.23434339346967192,-0.5699909545961187,-0.25901219560935573,215.4957929464263,26.153785630161867,17.40414545432885
0.8310134310134311,2.945225473461248,2.0468078322299204,0.8218117271652061,0.476079104898039,215.65494788951818,24.715962894867648,21.83840527601769
0.8312576312576313,2.3916688902846235,3.8268691531256014,-0.7667802424961262,-0.5726919566692147,215.81410283261008,25.14666267752209,3.6653213065075434
0.8315018315018315,0.5714164148788202,5.410296617480137,0.9888245063069283,1.1634070648647497,215.97325777570197,11.685617449728497,12.163669285190048
0.8317460317460318,-2.0597833366319147,5.807440664220076,-1.2190477391650174,-1.199778277910942,216.1324127187939,17.481572865122995,5.144933838206189
0.831990231990232,-4.553255085788059,4.705407721692959,0.9420557903251837,1.2988694629712196,216.29156766188578,20.238308662655026,8.033886012802617
0.8322344322344323,-6.499926002949187,2.3176890576392046,-0.7834697922207875,-1.4207152997808865,216.45072260497767,17.959720658608365,17.113685836971136
0.8324786324786325,-6.883855525593459,-0.5895300946108153,0.48999141794112644,1.769362409742099,216.60987754806956,15.84863548607892,9.986702473480879
0.8327228327228328,-5.8649464668034055,-3.433489447769613,-0.37675546369154,-1.6993683421331298,216.76903249116145,8.593869435897702,15.731450029087085
0.832967032967033,-3.597882163465994,-5.682398310791698,0.11036099333246718,1.4490569794068797,216.92818743425335,21.46369776682168,5.424395102115112
0.8332112332112332,-1.107477290132119,-5.985270891277586,-0.10635993348372869,-1.4932228524775264,217.08734237734524,20.11150223973472,3.7218345143421336
0.8334554334554335,1.7412844482916574,-5.305839425143629,-0.18495583677815364,1.3012948240105267,217.24649732043713,12.195537220807426,8.059013927582889
0.8336996336996337,3.1708839258727313,-3.4810996729335857,0.07175212340680706,-1.2705491238670474,217.40565226352905,14.95799413626084,10.915224668641784
0.833943833943834,3.6557386920963975,-1.5923286569593949,-0.32183035389661074,0.9180992425930125,217.56480720662094,13.988410983205755,9.542499088119227
0.8341880341880342,3.1775964156282757,0.12556881641627604,0.4092072189501987,-0.9712853403886046,217.72396214971283,18.983553851849056,3.5024218324811405
0.8344322344322345,1.6506333440097023,1.0170967410260146,-0.19856236455142354,0.33511754906473357,217.88311709280472,12.420598873167226,7.018797845629158
0.8346764346764347,0.5437335574598965,0.72403147513355,0.23285050570220417,-0.22024461637280496,218.04227203589662,15.893727444093658,2.1579618115990353
0.834920634920635,0.009101879210295039,-0.3967607138334389,0.11424901897123557,0.1456486023392582,218.2014269789885,19.046871470485872,10.445138555464615
0.8351648351648352,0.3366873657925248,-1.3264109061529612,-0.12808659239139517,0.3483883113401902,218.3605819220804,23.432543951617298,12.938561419317914
0.8354090354090354,1.5449299264114011,-1.9648686183733277,0.6434292580777429,-0.12298386062659458,218.5197368651723,15.542509194574667,15.079651099033276
0.8356532356532357,3.163228578530578,-1.4176970461367653,-0.690997632904503,0.5109584771371999,218.6788918082642,20.87085713295531,14.082422301054693
0.8358974358974359,4.703737819734401,-0.10008206640057048,1.0539113322023328,-0.47139599699207235,218.8380467513561,10.340193965201484,9.575189192002728
0.8361416361416362,4.904782896429234,2.282029346131933,-1.3650918843058395,0.47845358294431745,218.997201694448,16.722392776693315,8.924816830446408
0.8363858363858364,3.8994229262658737,4.66101500979333,1.6097501047099294,-0.23465498252464426,219.1563566375399,4.566917893469167,12.231235616110082
0.8366300366300367,1.46200281791378,6.263428007286941,-1.759504476358931,0.025814391288031827,219.31551158063178,18.487854516118464,12.404158860738931
0.8368742368742369,-1.3775133630005083,6.356316899942446,1.6107101316676535,0.1756700415296555,219.47466652372367,20.26858119131174,7.927221333766754
0.8371184371184371,-4.169025777916746,5.440782326721728,-1.7344212820918057,-0.3974273000591642,219.63382146681556,15.452889315790319,8.71741504200792
0.8373626373626374,-6.035552083778637,3.169020000682934,1.6821271275780811,0.22332517415995431,219.79297640990745,3.9616304603896757,8.561794622468394
0.8376068376068376,-6.6433837235761395,0.210406409806772,-1.6273174360943385,-0.7023186113323465,219.95213135299937,8.097444476633008,12.357165761411636
0.8378510378510379,-5.763966081014719,-2.240954150195899,1.4978614304576179,0.8645294131774455,220.11128629609127,10.244242542512946,8.898550649421981
0.8380952380952381,-3.7519828252147915,-4.331073013200504,-1.0378468870827608,-0.6614491763372116,220.27044123918316,18.001392990139475,6.412532151099075
0.8383394383394384,-1.2981412754304094,-4.587449835305202,1.0196883377613306,0.9111794519227486,220.42959618227505,11.176640199547078,4.289813209715513
0.8385836385836386,0.6270153745037617,-3.9571493025378057,-0.6390067895483668,-0.6775375507385358,220.58875112536694,10.564573695125256,2.6121394215475457
0.8388278388278388,1.813215530663515,-2.3598126818313503,0.2532262582066044,0.5952970934217776,220.74790606845883,24.1829935066914,3.359094960019818
0.8390720390720391,1.686008247650686,-0.972896620649718,-0.21350778704464657,-0.2933073024909903,220.90706101155072,21.90071627590471,1.5446193891426516
0.8393162393162393,0.8744620597696723,-0.012720758049115058,-0.23463959902610526,0.15458011503986635,221.06621595464264,16.795703941999832,2.5672055359749058
0.8395604395604396,-0.2567921226194308,-0.050699188193090515,-0.18519589385748664,-0.09874570871087793,221.22537089773454,14.626400652674317,9.726929750802864
0.8398046398046398,-1.0106039475865654,-1.008307530082255,-0.11951988228790415,-0.2472566614957116,221.38452584082643,12.73290115440422,4.564240372395122
0.8400488400488401,-0.636301162412907,-2.1933763149250893,0.006513587330628574,0.572460012047668,221.54368078391832,11.664048577806616,10.517448278777858
0.8402930402930403,0.3498170257162487,-3.495132653273744,-0.060920667553726215,-0.9972592042957069,221.7028357270102,23.06365056638219,14.806368459325611
0.8405372405372405,2.3131413427432856,-3.7598881100361483,-0.02671681984059053,1.1930625118808664,221.8619906701021,10.69246954936213,16.294808948305423
0.8407814407814408,4.2923699208283566,-2.7435868558419445,0.26884821506904655,-1.3331711931219272,222.021145613194,29.477768054001803,8.964473290579518
0.841025641025641,5.886458596050259,-0.8841796167475027,-0.509388539837387,1.2961402013643057,222.18030055628589,18.966838675349706,7.704600508387114
0.8412698412698413,6.3259486955499975,1.8314548802358408,0.5013235635759008,-1.3505640984800846,222.3394554993778,12.832357749365809,12.98388335735323
0.8415140415140415,5.028171314688286,4.618524637496864,-0.9113227026073294,1.5875914231430763,222.4986104424697,26.878531724477238,3.710823714897062
0.8417582417582418,2.477389299105446,6.40972485485437,1.0443946853862434,-1.2539147547458054,222.6577653855616,13.156584889682645,7.074976803382816
0.842002442002442,-0.2606413703058739,6.9431117707037195,-1.189424702256832,1.1346705345433616,222.81692032865348,14.431118909020492,9.481096391656184
0.8422466422466423,-3.247786911334909,5.787498972304455,1.426526377778217,-0.9516949030730499,222.97607527174537,23.856893606870685,3.6459889435131316
0.8424908424908425,-5.004374171319059,3.773608905214199,-1.29729907663833,0.8799711659329212,223.13523021483726,12.598234852864676,6.822070508304834
0.8427350427350427,-5.554425060379797,1.1529665870864836,1.3032328594650604,-0.5679522792864368,223.29438515792916,6.235853006170362,4.2358384703334995
0.842979242979243,-4.6883629573798835,-1.3197118209104062,-1.0788175759655605,0.33011230145690174,223.45354010102105,17.961657992881847,0.7763459079726994
0.8432234432234432,-3.0688174901652188,-2.4727095264805916,0.8794606030675955,-0.2411604405187242,223.61269504411297,17.895862784280723,3.0019079190665563
0.8434676434676435,-1.3922460251297764,-2.856462092624961,-0.5817958873632245,0.06372718086927445,223.77184998720486,14.127300009555418,3.1874828387436045
0.8437118437118437,-0.15530041278864865,-2.1246474750811606,0.38000817418987975,-0.07661071754517493,223.93100493029675,11.941318159535205,8.167962879349552
0.843956043956044,0.36644702382053435,-0.8042327601294097,-0.32363685593186853,-0.06706455787616412,224.09015987338864,9.536156709170037,12.735664074163921
0.8442002442002442,-0.2303104334185706,0.09569154330517948,-0.07891264549916821,0.0542880311097487,224.24931481648053,13.171533433354009,7.169108906222148
0.8444444444444444,-1.3418248689068992,0.34656381296650035,0.4113296567513156,0.05445736778448389,224.40846975957243,16.890879875222225,9.377882369619446
0.8446886446886447,-2.4122009438323953,-0.3567023266216194,-0.5168561509302856,-0.2479687717814279,224.56762470266432,3.992617452748256,6.508221733650596
0.8449328449328449,-2.931200759297487,-2.067836608712268,0.8700411796285015,0.491988469962001,224.7267796457562,9.620370966277228,10.883616268317601
0.8451770451770452,-2.146603948395103,-3.9509907092302847,-0.9385759075752309,-0.7891402973695402,224.88593458884813,17.50760539464251,9.128568163533322
0.8454212454212454,-0.26301660935475274,-5.398797748637792,0.851591633433454,1.008706288956881,225.04508953194002,13.119036944515564,12.226098869245158
0.8456654456654457,2.1740483910244452,-5.42427490765255,-0.9698259062090531,-1.133256022648104,225.2042444750319,25.51678986931098,10.080087014189147
0.8459096459096459,4.738319692066635,-4.333957596470717,0.8659288973571513,1.2809049345333337,225.3633994181238,7.49307947724973,9.831916249623873
0.8461538461538461,6.458385376498999,-1.866149352889908,-0.8031491044083688,-1.4103016505766963,225.5225543612157,18.043992178127542,3.762274444969562
0.8463980463980464,6.718820930797203,0.9260652499493813,0.4923246901116679,1.6738611304185633,225.6817093043076,14.466937804400835,2.900722885610415
0.8466422466422466,5.604787560742078,3.955607992029696,-0.37733413677371525,-1.6156027395843902,225.84086424739948,12.156889867568658,9.719359880800631
0.8468864468864469,3.4188350885577443,5.568862511552074,0.25846244716117733,1.5839956514349387,226.00001919049137,15.457966069706098,5.099454097174764
0.8471306471306471,0.792046122821549,6.049523392210349,0.10597671830651717,-1.5976517546799656,226.1591741335833,10.172158578578742,6.624821015359542
0.8473748473748474,-1.8629867211665756,5.354734556716178,-0.17146037114234705,1.4520021266185985,226.31832907667518,19.43643049168966,8.835657862737943
0.8476190476190476,-3.501215416868327,3.608504409176225,0.2724663476566125,-1.2516766459372808,226.47748401976708,28.861159549209532,12.278778291190985
0.8478632478632478,-3.834018149538223,1.4161752791670306,-0.4734950045894454,1.1222640002471245,226.63663896285897,23.67171552060599,16.5406805870224
0.8481074481074481,-2.8403339366911418,-0.38373520302556585,0.36069137459819445,-0.7874587481664843,226.79579390595086,10.088236185929762,8.133016072907111
0.8483516483516483,-1.7428650034223805,-1.0742015085193248,-0.221267284461189,0.48289250170810694,226.95494884904275,16.536325882192227,8.414512159612979
0.8485958485958486,-0.48292097939811607,-0.7943132449018154,0.0851016320653499,-0.21634772128561078,227.11410379213464,17.41258546738617,6.152465702335396
0.8488400488400488,-0.16965369088351798,0.19656488777908776,-0.004398411737531194,0.07556038279418109,227.27325873522656,16.12507338941661,13.027791335226397
0.8490842490842491,-0.4678764559377756,1.110165803674874,-0.343914800814497,0.02731421180271701,227.43241367831845,9.817439640750534,7.996241293608065
0.8493284493284493,-1.3282792287884018,1.6583089043086914,0.48917765253473955,-0.5402287153645873,227.59156862141035,20.276366208941365,14.93615595143477
0.8495726495726496,-3.037637392507681,1.290981529579188,-0.7851163524657988,0.42585091686797105,227.75072356450224,15.245758240184044,14.59135766430708
0.8498168498168498,-4.413320151722697,-0.3439617146750782,1.0196497471009487,-0.40207646592272306,227.90987850759413,5.367586559883543,5.627891491011836
0.85006105006105,-4.5832742944091125,-2.3675245294729472,-1.2173302406316,0.3314893842345827,228.06903345068602,14.43471606140304,11.637261876897371
0.8503052503052503,-3.4287825891991077,-4.810929154778358,1.33118212610057,-0.12782332055702156,228.2281883937779,18.68097555934097,7.043544808019541
0.8505494505494505,-1.193590424261484,-6.144128499641393,-1.4924724418103619,0.16191226794031127,228.3873433368698,20.24432698529885,5.736512145494397
0.8507936507936508,1.5925076744457236,-6.502508162539248,1.8310101950926436,0.09364355288485525,228.54649827996172,10.810794697256727,4.326934425032312
0.851037851037851,4.262607907536557,-5.405276141042011,-1.5373757553713623,-0.32295065957298597,228.70565322305362,6.402619604452328,5.132944261301841
0.8512820512820513,6.0939211604159995,-3.0888556594157164,1.6417033092726097,0.5455468546862107,228.8648081661455,19.02401064223204,4.973672615224541
0.8515262515262515,6.70405676153071,-0.0596314849713902,-1.4093449171579677,-0.6505501655258965,229.0239631092374,14.203836047292821,2.2443240269948195
0.8517704517704517,5.592159063553056,2.476589274091174,1.3308173395197982,0.8207503427627663,229.1831180523293,14.098416542358175,10.414165728074
0.852014652014652,3.554505534837505,4.5047935054801505,-1.0867421481279966,-0.7564332509007242,229.34227299542118,22.602665702034844,6.065990162572544
0.8522588522588522,1.2792368648174828,4.768779157068555,0.8665791863904524,0.866770873278569,229.50142793851307,15.314933387510965,4.932761750378798
0.8525030525030525,-0.9377912947742554,4.064898508029554,-0.6888743722934814,-0.7455448554577004,229.66058288160497,14.748517062229341,12.818876081989549
0.8527472527472527,-1.8720462543396075,2.4428780530113032,0.5333319170675993,0.5317217980149351,229.8197378246969,21.029050508370712,13.584424127621977
0.852991452991453,-1.929563810730677,1.1759859593320108,-0.26503402830196143,-0.4695623501034256,229.97889276778878,24.356669621280865,13.15899896811197
0.8532356532356532,-0.9855164659926913,-0.1240608806793708,0.1069968161075163,0.49168040879204344,230.13804771088067,21.195608974070122,7.256365009996088
0.8534798534798534,-0.052638119747014406,0.06821642593476153,-0.05081044354019622,-0.1852898282736771,230.29720265397256,3.6381043853593082,3.36385801544691
0.8537240537240537,0.7432084226396249,0.8532564826078578,-0.17641719640810272,-0.45467057426548907,230.45635759706445,17.691632251965906,3.20250572994905
0.8539682539682539,0.6306754965476286,2.265329097780833,-0.04843492906852252,0.7866258905768511,230.61551254015635,11.620766838461074,8.906717701426965
0.8542124542124542,-0.8095347230692016,3.2844508837625135,0.003925971295044919,-0.6510098299579906,230.77466748324824,4.783133766884788,14.185741887903141
0.8544566544566544,-2.315364858712879,3.514142301919474,-0.1780018784506335,0.910894997898708,230.93382242634013,20.416345687146173,8.161412538386129
0.8547008547008547,-4.399886199565408,2.6296636025661515,0.39578984836765124,-1.2167037657446347,231.09297736943205,22.071693738363354,3.117970143169818
0.8549450549450549,-5.847360630626696,0.654997731958248,-0.7514504293890408,1.2807104682281611,231.25213231252394,23.419211342538542,2.263929254847423
0.8551892551892551,-5.8233180988701045,-2.1160817459061874,0.7987182708504893,-1.35262590033544,231.41128725561583,15.730511422638147,6.826125554464271
0.8554334554334554,-4.751004063234653,-4.632200879751798,-0.893298463138678,1.321224665111528,231.57044219870772,7.190678371657025,14.05938513301603
0.8556776556776556,-2.264798582806495,-6.40602061314831,0.9890866665506997,-1.4314968499187484,231.72959714179962,8.898267512140011,7.77765678033321
0.8559218559218559,0.5921330610889547,-6.723007655380808,-1.2589165873480144,1.1047951954904904,231.8887520848915,10.896265277112317,11.300656868339235
0.8561660561660561,3.375828321996319,-5.713799691233501,1.3607392723538185,-1.0732342744699743,232.0479070279834,12.498158394031556,14.371065711298503
0.8564102564102564,5.054353073206054,-3.2220718125265173,-1.3620710059589516,0.8665774259039746,232.2070619710753,10.386848218607298,11.507780018940968
0.8566544566544566,5.51187686866308,-0.9300110156210135,1.431574787949099,-0.5044717852056867,232.3662169141672,13.018672180620497,5.498710112727484
0.8568986568986569,4.706780470996076,1.4699810109800733,-1.1881849567904776,0.43544120120760466,232.5253718572591,13.027960089950623,13.521566194711781
0.8571428571428571,3.0609544834298306,2.676886138738111,0.9776880274911222,-0.15712973828690446,232.684526800351,12.787464521057977,9.368569200436266
0.8573870573870573,1.123524413016029,2.9476634089690914,-1.0639416538210797,0.009132996458316014,232.8436817434429,8.631475827132524,2.117279070771787
0.8576312576312576,-0.22094992217376414,2.2904455971997852,0.3141293865860755,0.07300394211186519,233.00283668653478,17.454708452740743,4.839943412742713
0.8578754578754578,-0.490869241594008,0.9807160048214391,-0.11276917716102278,-0.04779274525915295,233.16199162962667,5.843994701036247,4.092846026121558
0.8581196581196581,0.060805022384285715,0.20793563428592804,-0.14481273349243937,-0.1966264561873325,233.32114657271856,13.073329009408322,9.40307919917677
0.8583638583638583,1.3013771633882327,-0.213003076123191,0.2238272237090319,-0.07951299141804824,233.48030151581045,18.09590465844619,12.705123746299067
0.8586080586080586,2.2492352364602763,0.64494732570658,-0.5369600671481187,-0.2650730544831927,233.63945645890237,6.853229314535495,7.293314593453201
0.8588522588522588,2.505353205902327,1.9832558192186265,0.5089157769088951,0.473719356621393,233.79861140199426,11.47989397256561,11.558032241784657
0.859096459096459,1.6808380576327873,3.5656062040748355,-0.7887688803674495,-0.7749072253573822,233.95776634508616,5.459196222904574,5.538821904351551
0.8593406593406593,0.016916309770578494,4.994432647086383,1.1418369636854289,0.7799007235371715,234.11692128817805,17.421913154066996,10.125869968519215
0.8595848595848596,-2.534100206955549,4.999502082399428,-0.8716362808430592,-1.1130756864970193,234.27607623126994,13.673627762089597,9.67802222186471
0.8598290598290599,-4.725023754574992,3.9371879420964317,0.9397691974139901,1.2555267112254456,234.43523117436183,13.054420200586398,13.739222965147928
0.8600732600732601,-6.427573809288258,1.5107667398122864,-0.9604028765979743,-1.5701449914936148,234.59438611745372,20.57448045999705,9.997610408105494
0.8603174603174604,-6.597383032550537,-1.2860636599625896,0.393504325532125,1.5657785364215548,234.75354106054564,13.168744491230045,11.445448623753528
0.8605616605616606,-5.575339410048328,-4.08682498357602,-0.428194426573197,-1.7590809352357846,234.91269600363754,8.397141332792703,8.238373864816221
0.8608058608058609,-3.055038122646064,-5.882677607385008,0.1789268623069779,1.6853539367254222,235.07185094672943,6.37045953454203,11.798003940743872
0.8610500610500611,-0.27565931419124656,-6.226091347707093,-0.06490707673230488,-1.5952570941411661,235.23100588982132,25.857918025320988,7.786480671728845
0.8612942612942613,2.1180386648016407,-5.352094778733618,0.013463541481957969,1.3895913441275,235.3901608329132,19.835744048182523,11.680695751681998
0.8615384615384616,3.5922878213263685,-3.4209931941078935,0.09638487148193248,-1.1655793802063246,235.5493157760051,11.66241720496481,5.548091324980762
0.8617826617826618,3.9003421893633243,-1.186440976648591,-0.1328048104558444,0.7054204032529618,235.708470719097,10.329527643589193,10.717459042791774
0.8620268620268621,3.1706532987545026,0.565656374969002,0.352970920339797,-0.6730948300607595,235.86762566218889,10.547594570758282,6.307409296190026
0.8622710622710623,1.9048215843846599,1.0124673473379535,-0.33625334132925566,0.22033340570536641,236.0267806052808,22.929973816634085,2.9666884632275985
0.8625152625152626,0.4988149257486517,1.0326432649318318,-0.02496352148743694,-0.069855356729085,236.1859355483727,8.360059761877686,13.228013444900208
0.8627594627594628,-0.1387354368521832,0.054188011805670275,0.02892020726871224,-0.11652903332916123,236.3450904914646,24.10295148317337,0.9158358504467307
0.863003663003663,0.3634543510236904,-1.0294549879375494,-0.20211725078440854,0.29541946325475377,236.50424543455648,12.471179392117126,18.125679443708155
0.8632478632478633,1.568236095163023,-1.6021737368021485,0.41405899744787933,-0.31733674712468307,236.66340037764837,13.87137145135784,15.850573851755076
0.8634920634920635,2.9577384761253,-1.1223553913991613,-0.392593016197355,0.48200468560108406,236.82255532074026,10.939265281805438,13.760004158426147
0.8637362637362638,4.162247018807493,0.3711175505352033,0.8890727857884849,-0.3011988177404048,236.98171026383216,29.15846913227527,6.726853853347927
0.863980463980464,4.138726036792654,2.527594356612202,-1.2589918295342084,0.4069278231056211,237.14086520692405,6.755561768831118,12.654673856171085
0.8642246642246643,3.0920868414109175,4.631942398485061,1.2562238632611038,-0.24562332676005572,237.30002015001597,12.053108151047741,14.08221044548386
0.8644688644688645,0.8006446273158788,6.097114108104683,-1.5790342181002412,0.1367478583480778,237.45917509310786,14.124021306155695,19.506019132901006
0.8647130647130647,-1.9260840500922871,6.259310712944258,1.7198699986140444,0.2613547163509094,237.61833003619975,9.663345002001996,10.781635909807065
0.864957264957265,-4.549010486112683,4.971898240914064,-1.613421171555081,-0.357922990459268,237.77748497929164,11.931219078061536,4.137641732031947
0.8652014652014652,-6.167776266612152,2.549610904958519,1.5501756158635531,0.4810378792600326,237.93663992238353,8.262931854251534,9.960428948111225
0.8654456654456655,-6.670415644609401,-0.3408862898952632,-1.3703188911690491,-0.5802322140428878,238.09579486547543,9.705394186178127,5.397989375949741
0.8656898656898657,-5.599364975694103,-2.9259130154874198,1.365267118520132,0.8252325579107986,238.25494980856732,7.2708593478577255,9.370572960681885
0.865934065934066,-3.36307933195226,-4.475542129921588,-1.1157262991698553,-0.7862116876230986,238.4141047516592,21.125134392544542,2.745104784632662
0.8661782661782662,-0.7844556508612291,-4.958111769671518,0.9190331781727409,0.867985328880132,238.57325969475113,22.43385326662576,3.100711967068403
0.8664224664224665,0.909835378427902,-3.996673263886461,-0.46505079547453465,-0.724376937866825,238.73241463784302,23.424942732200645,14.526477862495849
0.8666666666666667,2.2210826320325325,-2.4248739871275995,0.45167844129105256,0.6364250874887075,238.8915695809349,19.557265811496418,2.614535348391791
0.8669108669108669,2.060733603489879,-0.8937561587565656,-0.43734706604980433,-0.6574909699967151,239.0507245240268,10.662014871786813,16.607019437572607
0.8671550671550672,1.120794564702909,-0.06580278331581092,-0.06387983918457582,0.21696743376690408,239.2098794671187,15.84511539704465,4.181003818534765
0.8673992673992674,-0.1745084606071545,-0.02218242197786177,-0.16774013752555514,-0.021998434637337534,239.3690344102106,18.920836626373926,7.085876656052708
0.8676434676434677,-0.7147808666038873,-0.9076217106117965,0.01918529850271654,-0.5663512361473868,239.52818935330248,16.54399241239415,14.547312079678354
0.8678876678876679,-0.6127281303302592,-2.0524320569855043,0.039252087267458144,0.5207507884374762,239.68734429639437,16.76145915958846,2.420530814346112
0.8681318681318682,0.5812030952787246,-3.0733372973370954,-0.0472822277974449,-0.8675197885594839,239.8464992394863,16.901337422866835,6.46597489900471
0.8683760683760684,2.4507039437462868,-3.2786645647931567,-0.12217582602488915,0.9163051152284527,240.00565418257818,15.092553698363862,14.270439538941519
0.8686202686202686,4.402452680063869,-2.2956780509380343,0.3753025577317256,-1.0192841250923583,240.16480912567008,20.585294804633733,7.336189284021591
0.8688644688644689,5.437974841289654,-0.18355640422462072,-0.6018318323076672,1.383250363062119,240.32396406876197,6.951636468187588,10.119341586459539
0.8691086691086691,5.72077985371479,2.355919219213642,0.8414128164533676,-1.3649198658579917,240.48311901185386,17.569516993908135,7.812048544604269
0.8693528693528694,4.4138493921770445,4.754505434510358,-1.035104971488196,1.2566955696988658,240.64227395494575,13.952843889212037,5.999723106831445
0.8695970695970696,2.022767209790712,6.3327045304610525,1.0186151390703586,-1.1156277030485784,240.80142889803764,21.343889656425944,9.746295293506126
0.8698412698412699,-1.0125246912440158,6.557691648407143,-1.265669557251297,1.1132443566081487,240.96058384112953,4.162177121075666,15.712004463819571
0.8700854700854701,-3.6180491281468767,5.5388701642172995,1.3948798216784537,-1.0804079883008655,241.11973878422145,15.726765074348835,7.605473440727002
0.8703296703296703,-5.3329171565968,3.087483676561548,-1.2535296066761696,0.6960928020178575,241.27889372731335,21.022368628948612,9.94462491622811
0.8705738705738706,-5.599448036920039,0.4211524874832304,1.0897813312478057,-0.7092995217165647,241.43804867040524,12.916629835107276,13.393406121252962
0.8708180708180708,-4.473633993972295,-1.8428488917476864,-1.3569340424303866,0.31576754815053903,241.59720361349713,19.39563835268779,8.351888392671539
0.8710622710622711,-3.003367922855231,-2.865588988016695,1.2149997100037457,-0.20344440462052638,241.75635855658902,14.977999121573417,5.40862085918082
0.8713064713064713,-1.0858437813000323,-3.013862227390457,-0.7704034235011779,-0.03834768148196986,241.9155134996809,14.590463372176268,2.814829268261627
0.8715506715506716,0.23809268722486088,-2.2140514613729123,0.8344001490161481,-0.14157712777070428,242.0746684427728,9.859142185968187,17.94393639641792
0.8717948717948718,0.5188332745868409,-0.9152075300148282,-0.16580558846817434,-0.07774388531722015,242.23382338586472,19.018767594137135,5.506068373994411
0.872039072039072,0.23392852179394102,-0.10760223684386455,0.10563369191014255,-0.0015333411396529,242.39297832895662,30.76622327299398,8.063803539205745
0.8722832722832723,-0.856791606226402,0.025383068924284588,0.23613024506879246,0.15367312733201027,242.5521332720485,11.187526841121095,3.2398135106533714
0.8725274725274725,-2.011864948766313,-0.4426945681568264,-0.6239145310740819,-0.21119316147847517,242.7112882151404,18.208879576977907,5.401705959258427
0.8727716727716728,-2.239951582240847,-2.089527711603396,0.8263100091479758,0.43161843476499984,242.8704431582323,10.578207041227692,16.19804461402602
0.873015873015873,-1.774045529927022,-3.757456132176764,-0.813206607559217,-0.6337925640622554,243.02959810132418,16.3154367047385,13.878331582624835
0.8732600732600733,0.3370149454620808,-4.803120522708305,0.8788826553996901,0.9547121929065395,243.18875304441607,19.3400460802722,19.227671991901143
0.8735042735042735,2.6388327579555164,-4.841133318192914,-0.8809975682794665,-0.8656577742280201,243.34790798750797,8.04623506807859,7.529828692817479
0.8737484737484738,4.867940187514065,-3.840382201367381,0.7109152995060937,1.15349688210373,243.5070629305999,21.625724192867647,15.64949993016496
0.873992673992674,6.479672426592596,-1.2124189310258535,-0.5512197566094048,-1.5238704231589728,243.66621787369178,12.134989833203974,6.0726562615151405
0.8742368742368742,6.434294971590551,1.8187566540495443,0.4499475903467804,1.4757458244186656,243.82537281678367,15.98652791687047,6.928884767735556
0.8744810744810745,5.316915058476288,4.089290222019876,-0.3042592039906119,-1.5768062656407007,243.98452775987556,18.47715360832056,8.2746785634894
0.8747252747252747,2.7613208976679995,5.871731662597891,0.2177997332652303,1.6368354617692558,244.14368270296745,13.081811221818784,11.149949050983059
0.874969474969475,-0.09770920661194882,6.320540744853026,-0.08821015777341908,-1.6609040769048868,244.30283764605934,15.419590307146166,9.58290537532087
0.8752136752136752,-2.408382517858492,5.038283000579207,-0.1300583351812191,1.3279502114017965,244.46199258915124,9.438042267442999,6.555683646270117
0.8754578754578755,-3.867961329108366,3.043748902582419,0.2410543690687247,-1.2691481180653192,244.62114753224313,9.712673957635372,6.622119041336307
0.8757020757020757,-4.247330872637024,1.005758079039194,-0.4415681353589253,0.9451037959395395,244.78030247533505,18.934030899751946,14.893743932684032
0.8759462759462759,-3.2649625659579393,-0.7002071000007992,0.48278273965716,-0.9843580496634863,244.93945741842694,9.674403647181727,1.9862100132349358
0.8761904761904762,-1.7412394322555895,-1.4035030159198403,-0.32906983238668247,0.413499234741989,245.09861236151883,6.270381180545657,9.38365587365818
0.8764346764346764,-0.4949788269581743,-1.1459524078795926,0.17102231264440107,-0.11074477825817103,245.25776730461072,13.554389498455722,7.22929308846982
0.8766788766788767,-0.0546860317277224,-0.17950616100358874,-0.1383275700106965,0.11513676225180744,245.41692224770262,9.12690825461899,13.455270471569476
0.8769230769230769,-0.476652227946904,0.7621591659016285,-0.2841205364642535,0.4311567900277752,245.5760771907945,13.268176948024403,17.969188639931836
0.8771672771672772,-1.4857295266051471,1.4694040269914255,0.598765075244227,-0.34137953908870083,245.7352321338864,16.25590277518742,11.487253693083032
0.8774114774114774,-2.764567857842608,0.8406438716919336,-0.5671525951599685,0.3731724631533503,245.8943870769783,10.660326598260767,5.579100506095007
0.8776556776556776,-4.048036881769584,-0.774923864274536,0.8957790172422854,-0.3515918611758456,246.0535420200702,15.339532022941075,12.820642621369576
0.8778998778998779,-3.9601397214331273,-2.7789552957364494,-1.2361692491156915,0.3610685077231812,246.2126969631621,18.176211244548732,9.925784671358727
0.8781440781440781,-2.7823403909411244,-4.862948933005275,1.3068356458567603,-0.2378686830164346,246.371851906254,8.059407731382297,2.5979249356774896
0.8783882783882784,-0.4298141936647021,-5.863867346456258,-1.4262052180809304,0.08158802832161301,246.53100684934589,12.719919687223706,23.669168695205457
0.8786324786324786,2.2275897429933424,-5.819946114680093,1.860823403299239,0.07996250458515061,246.69016179243778,6.249981009045768,5.78256221595053
0.8788766788766789,4.646943974943812,-4.774935439761039,-1.7472584624571532,-0.18146287012690054,246.84931673552967,14.359764261714673,10.171965891704582
0.8791208791208791,6.38401351594284,-2.153918678471056,1.4727004791218312,0.529925612713203,247.00847167862156,20.030094209299786,8.129707552825307
0.8793650793650793,6.502948305063749,0.6261353539368057,-1.482155477796593,-0.4912025856387774,247.16762662171345,11.404791334546651,9.236709771635558
0.8796092796092796,5.285430933574968,3.089032403528371,1.456361311017431,0.6365802692317383,247.32678156480537,28.415476103689134,7.868518679582224
0.8798534798534798,3.1009619638279453,4.7099439051277034,-1.3377892057871796,-0.7926916325158552,247.48593650789726,16.56036385384258,6.866311949962064
0.8800976800976801,0.7950741362016335,4.922439909430823,0.9516473988077058,0.9679492829169906,247.64509145098916,17.614585971885123,9.139784258898121
0.8803418803418803,-1.004099305250047,4.000315649508827,-0.5754750729567459,-0.8029873933846623,247.80424639408105,14.10643097439025,2.7825212445619294
0.8805860805860806,-2.1188017112818005,2.5709311788899885,0.5083381348209596,0.5771114961680273,247.96340133717294,13.546981571016358,2.0190878441906457
0.8808302808302808,-2.126581570188183,0.9629988654108524,-0.19152401621178283,-0.4298567602508613,248.12255628026483,9.692650995908023,10.407437693515948
0.881074481074481,-1.2784686110553078,-0.10985211105533876,0.18347888172883398,0.39195777767184586,248.28171122335672,25.913477915788196,14.843554593073867
0.8813186813186813,-0.2654381168579647,-0.14615109239433655,0.13409832058427484,-0.151738441506826,248.44086616644861,5.905533463439893,3.9968166936517773
0.8815628815628815,0.40928637097453724,0.9075518725146638,-0.08073976771174753,-0.2178035228757088,248.60002110954053,14.424436831490505,2.040037706000199
0.8818070818070818,0.4824597676124883,1.89965619607185,0.0985318571269219,0.4173228953880924,248.75917605263243,11.39499495267519,7.515321998360001
0.882051282051282,-0.6115957719526994,2.902381421041257,0.08002945260090193,-0.740167785716799,248.91833099572432,16.925614429165318,5.318239080389994
0.8822954822954823,-2.379091550420522,3.0021464300273206,-0.2079170826576516,0.8854396715594841,249.0774859388162,17.59397325673921,7.74621122314837
0.8825396825396825,-4.194739618733139,1.8836010384900361,0.34906508511957574,-1.3654249365335112,249.2366408819081,6.528357020028821,13.082942267845421
0.8827838827838828,-5.496005299863758,0.0736376006756537,-0.46746353539376245,1.3314227400062766,249.395795825,16.340573324848243,15.347514399725545
0.883028083028083,-5.2845878217728535,-2.5354307710337203,0.696854237864822,-1.2556287518902531,249.55495076809189,22.77568871584398,5.6458471983125635
0.8832722832722832,-4.035285717172026,-4.849306332612453,-0.7092168072439412,1.3191677990799098,249.7141057111838,9.737234154982849,15.899790309427823
0.8835164835164835,-1.5423486835785387,-6.42290597675828,1.1089329850309462,-1.1622764445681848,249.8732606542757,10.825720061840398,7.421397414040981
0.8837606837606837,1.3215559894105162,-6.5305089087264525,-1.1466382804664217,1.1506878609414855,250.0324155973676,12.81929434775912,3.6064347918404125
0.884004884004884,3.832883528979325,-5.260160442511679,1.2381947191943026,-0.8353250394332873,250.19157054045948,10.523779734478149,12.72661057733136
0.8842490842490842,5.350584149783497,-2.7772441131306396,-1.3612061917240312,0.6817638118439752,250.35072548355137,19.322207204972926,5.011729055476643
0.8844932844932845,5.750759000225475,-0.3800131336509707,1.4139330863242952,-0.5623289242979916,250.50988042664326,7.030519625971781,22.36754680201029
0.8847374847374847,4.753022827281536,1.9781990677515253,-1.2553102341165983,0.2764508724946691,250.66903536973516,12.084726417452131,12.464068532737604
0.884981684981685,2.947998451171604,3.1333207212529417,1.001129714190939,-0.13257566687635994,250.82819031282705,15.810865251721395,3.1201283161654754
0.8852258852258852,0.9598567867092815,3.3160024862362665,-0.9068265461288947,-0.05852823509635906,250.98734525591897,8.090162225063454,9.380981809370006
0.8854700854700854,-0.3719782147652251,2.3174579117985843,0.5803030910085591,0.09470306980739546,251.14650019901086,21.937108137663795,12.329592968786017
0.8857142857142857,-0.7816264034423174,1.0723412774975305,-0.37759569249169833,0.05569877000919915,251.30565514210275,15.031267608666642,14.610723216086136
0.8859584859584859,-0.40874813238341745,0.3187506121383967,-0.06670312213972412,0.1270467965138941,251.46481008519464,11.680666472153442,20.29870754848046
0.8862026862026862,0.7848262208822239,0.08313091101068246,0.2743414401214798,0.03299741160675467,251.62396502828653,15.7809588846642,14.747570112358645
0.8864468864468864,1.7150359806679691,0.6254449931879863,-0.47958656859894794,-0.25958160936084473,251.78311997137843,21.82114580395754,15.259745480560694
0.8866910866910866,2.1165701567674846,2.085013648811316,0.8251194502710184,0.5039482467061104,251.94227491447032,19.392048966875347,3.6787544574801236
0.8869352869352869,1.1278472167758384,3.847106551424534,-0.6177537156827838,-0.5643554076277721,252.1014298575622,8.349742921481242,7.571393925594212
0.8871794871794871,-0.4121114581555225,4.691660684262794,0.8600148966127807,0.6710458929579153,252.26058480065413,20.8337887436119,11.42440957818468
0.8874236874236874,-2.9226429636650084,4.629318222616323,-0.576324637597291,-1.0967043773329397,252.41973974374602,20.9806432762207,3.7223748178080207
0.8876678876678876,-4.839678578572045,3.1371256074095837,0.8836516548660084,1.1289208055819167,252.5788946868379,22.323921989136302,3.905547430859004
0.8879120879120879,-6.247186741883678,0.733172828982964,-0.613794756424808,-1.3793826753201601,252.7380496299298,17.596663908598902,6.553952610809633
0.8881562881562881,-6.280471095621985,-1.8651100356616634,0.5171506953384694,1.511398187337522,252.8972045730217,7.703486178392452,2.8894562946658153
0.8884004884004884,-4.857845895495436,-4.2709969890240655,-0.26344204330576404,-1.5090328539304163,253.0563595161136,5.297223069783382,10.683436698826284
0.8886446886446886,-2.3167075735700946,-6.018171069250247,0.11562746217089265,1.4587486462010777,253.21551445920548,19.48141592008005,4.061283613847297
0.8888888888888888,0.2962547628460755,-6.0724845061868065,0.11329395320462825,-1.7701148350736866,253.37466940229737,30.67008982496831,11.311112886516849
0.8891330891330891,2.6446542604819756,-4.81929021210848,-0.24635826818319462,1.3974571521707855,253.5338243453893,17.02259262266388,10.27110037367386
0.8893772893772893,3.821821497038945,-2.9453088984357354,0.31783598563299253,-1.2406399347533537,253.69297928848118,7.2949677829799295,10.761053247322959
0.8896214896214896,4.007037244635935,-0.9636436917122191,-0.3275594515560221,1.0415069479641448,253.85213423157307,13.688959979782863,7.272142226190483
0.8898656898656898,3.4335916714455177,0.7031573791842112,0.3386370175227096,-0.8178951112915948,254.01128917466497,16.095675014556004,8.3332055432963
0.8901098901098901,1.8988603366571082,1.3980545608732022,-0.19670948017372128,0.47789811422640494,254.17044411775686,11.376649150677213,9.322238349498763
0.8903540903540903,0.508047987637114,1.189737686538924,0.18398400991953007,-0.31546914056665193,254.32959906084875,9.957108443525698,12.258970639923369
0.8905982905982905,-0.0031010498185444664,0.4032316837556944,-0.13157181837479148,0.11279328486516005,254.48875400394064,5.577556851510463,0.9438188564865945
0.8908424908424908,0.3794449284028602,-0.5825015121782413,-0.23389504542453232,0.3151415937077743,254.64790894703253,11.804890685448175,5.714456232427488
0.8910866910866911,1.3092521322346755,-1.1268354682988224,0.4001773430706624,-0.2237475903324704,254.80706389012445,20.350570909352157,7.585143481342855
0.8913308913308914,3.130411604098954,-0.6529760779177128,-0.5765096509313006,0.3712010002496723,254.96621883321635,18.707266095953713,6.890251652776831
0.8915750915750916,3.7355719981701974,0.8739235134186514,0.9542745539459548,-0.48615900734793605,255.12537377630824,16.580003331864688,9.443245071546379
0.8918192918192919,3.7281094236828927,2.52838699279158,-1.1934425830595339,0.3301783309080994,255.28452871940013,7.640431725978247,12.862062460777809
0.8920634920634921,2.615460533361993,4.681834754614657,1.2992126769000465,-0.23655609840579878,255.44368366249202,13.630075193102641,4.418172668045321
0.8923076923076924,0.23915892740790645,5.909639314486082,-1.3897841854641872,0.1031532417016927,255.6028386055839,11.69939912127985,1.5093875768076288
0.8925518925518926,-2.564990632788074,5.663440323824532,1.436885034454833,0.19852730883692643,255.7619935486758,21.24882758328222,4.578395646818229
0.8927960927960928,-4.807520555470234,4.31984033770369,-1.6285940730389967,-0.17101821032050024,255.92114849176772,6.260229105644344,9.830613416848738
0.8930402930402931,-6.228185110012321,1.7604410785904585,1.4644667662133226,0.6773637521104678,256.0803034348596,15.108278054619124,4.661182444355126
0.8932844932844933,-6.39277569915663,-0.9584776005468171,-1.5890018541097068,-0.6911929420264216,256.2394583779515,10.552236020811405,8.987452042014896
0.8935286935286936,-5.008680497986442,-3.3866823132816157,1.330485020770393,0.9528059487829557,256.3986133210434,16.285325302818734,11.25306637557127
0.8937728937728938,-3.2134092606190614,-4.87290422529548,-1.0190027842223846,-0.8318233148190153,256.5577682641353,13.21225988939117,23.34779372140914
0.8940170940170941,-0.3779223615325688,-4.91273498513377,0.9200705296274831,0.8370789775451625,256.7169232072272,18.265784055198843,11.714849633557183
0.8942612942612943,1.4455998732750197,-3.932618749252854,-0.544141665678282,-0.8098228425181929,256.8760781503191,2.6126687218518456,11.834920936068087
0.8945054945054945,2.448905271835233,-2.3854576052677077,0.6737150199853507,0.47877558124674957,257.03523309341097,19.757824959820645,7.14366548845781
0.8947496947496948,2.3656489689474527,-0.7027091789096623,-0.37921611605083094,-0.4746495822771898,257.19438803650286,22.136212528764993,1.3245314776618047
0.894993894993895,1.2794140161652716,0.23035875395568822,0.13187153000080068,0.36045011061266363,257.35354297959475,9.405545646315923,16.809589030356666
0.8952380952380953,0.3345719349109346,0.22690706379650877,-0.055273058458739525,-0.08709765881946092,257.51269792268664,14.414784701352005,10.397318980501275
0.8954822954822955,-0.3341597882314963,-0.659638241646415,0.05599395853949604,-0.15613325669482173,257.67185286577853,26.048358718465966,9.213821614339833
0.8957264957264958,-0.06334887554982307,-1.6368276034197902,-0.07160460930601065,0.2546655932759403,257.8310078088705,10.761437240352647,17.404382346878464
0.895970695970696,0.7262671552675196,-2.6694517931626085,0.16699196959194318,-0.6207287876764264,257.9901627519624,19.14803584991837,15.092307295549263
0.8962148962148963,2.682827937612265,-2.794791747446428,-0.3378102499284138,0.7518847419239092,258.14931769505426,26.010033296523837,10.807706419476103
0.8964590964590965,4.205956325850071,-1.6377821703345727,0.29985944518824226,-0.9421465147254314,258.30847263814616,9.962102108251742,10.585099645244624
0.8967032967032967,5.141667715061793,0.21820942089223627,-0.5454378984413372,1.1617909916041114,258.46762758123805,22.98783081687698,14.961728426886364
0.896947496947497,5.173016912483119,2.7794694999297684,0.7623637258604347,-1.2093869228407133,258.62678252432994,17.812035635608577,12.245114028977943
0.8971916971916972,3.67053299998242,5.09048460494547,-0.911117816772156,1.2052260116003186,258.78593746742183,16.56861950659287,0.46756569968582673
0.8974358974358975,1.374992319551811,6.340137371001827,1.0588995634353804,-1.06936338069459,258.9450924105137,29.04164249140248,20.65155889620528
0.8976800976800977,-1.546893940144428,6.522302318441749,-1.1605748363979682,0.9806880779221729,259.1042473536056,12.288319594082477,19.160548560158215
0.897924297924298,-4.047519300678861,5.016403656749188,1.2821351136309358,-0.9291630777228048,259.2634022966975,5.65481986327892,9.633533090302901
0.8981684981684982,-5.6190500979672615,2.7241309107623084,-1.5178358505062737,0.6408352557133282,259.4225572397894,12.457007056385242,14.10938489618638
0.8984126984126984,-5.6563426178929355,-0.07300622094554247,1.4047287928668175,-0.6129231333637475,259.5817121828813,14.167851344718775,11.759379855898173
0.8986568986568987,-4.718089185975326,-2.1361815293628577,-1.235059285730711,0.325541938166872,259.7408671259732,14.319967706937323,19.706782921902935
0.8989010989010989,-2.7131567762190714,-3.451827789006344,1.0544862036607046,-0.23415029880365093,259.9000220690651,14.629655327023716,6.582455007437445
0.8991452991452992,-0.9749932957388407,-3.208236496235972,-0.9272890849077999,0.0660119081549783,260.05917701215697,14.952587369907672,15.291753772852832
0.8993894993894994,0.48937782180495054,-2.4350664359645604,0.6035397164968309,0.11543599557148065,260.21833195524886,19.12298796316803,8.748111068845642
0.8996336996336997,0.8968540491326739,-1.2430448733470298,-0.5161834979609696,0.008983777757225933,260.3774868983408,13.986585280255815,6.674175410705544
0.8998778998778999,0.45301567818927807,-0.08299346524094288,0.14168831654571387,0.09187932875947497,260.5366418414327,9.395991449210038,16.3399921426683
0.9001221001221001,-0.6304896542727745,-0.08454361659466986,0.07604193070032084,0.24916336951072193,260.6957967845246,12.100059307138267,10.589030120154312
0.9003663003663004,-1.473877326690599,-0.5972076438233309,-0.36970502182929355,-0.3248585516586231,260.8549517276165,20.346048653693277,6.4514593215804705
0.9006105006105006,-1.8141166845555914,-2.0623039103241134,0.4987936314455092,0.4067713914071654,261.0141066707084,17.77206610546173,10.541021982038457
0.9008547008547009,-1.0056796297999155,-3.480011197639275,-0.6504528767163241,-0.6225396502105536,261.17326161380026,22.353389629457812,16.41224433111433
0.9010989010989011,0.6387823222668775,-4.218274599047946,1.0000040896963784,0.7495333551401885,261.33241655689216,7.687724541850254,12.758878465780125
0.9013431013431014,2.8777316606421692,-4.110692991226044,-0.6232954096808996,-0.995698769623279,261.49157149998405,20.125530834195853,19.49075331438184
0.9015873015873016,5.078830707142272,-2.802977301807544,0.5057329161008576,1.3387916949516485,261.65072644307594,21.70215954356623,18.326057563807026
0.9018315018315018,6.284687599957054,-0.5659639051746254,-0.6815247219898172,-1.3005417685213427,261.80988138616783,16.446415168884887,2.103114912277609
0.9020757020757021,6.103274481497219,2.195768358217744,0.5869644889078046,1.4834280456887905,261.9690363292597,2.668583978335896,18.435151203185512
0.9023199023199023,4.651451807090869,4.47489788162706,-0.10234046587094309,-1.6569538330118407,262.1281912723516,8.218115735965698,4.18183884692379
0.9025641025641026,2.102435538625638,5.919664153694253,0.0825015320072851,1.6161149361575449,262.2873462154435,24.24815718339004,14.906188072776652
0.9028083028083028,-0.30823851120517426,5.916949194779289,-0.10447533826657304,-1.6798965883558172,262.4465011585354,17.06689040209918,10.144870869856616
0.9030525030525031,-2.9679563226442793,4.7204566240436785,-0.23712104263247813,1.3733847251240654,262.6056561016273,17.626275119264985,10.717419795609874
0.9032967032967033,-4.110976352525005,2.7561705362318225,0.3060908667879171,-1.3104167291914213,262.76481104471924,11.508430598118473,30.972892583005798
0.9035409035409036,-4.283969399401393,0.7521747418071698,-0.42217227808890084,0.8449126467634535,262.92396598781113,12.556495714274192,14.084120151401951
0.9037851037851038,-3.171425386157855,-1.0049487718440981,0.5610541970207756,-0.6999149420526799,263.083120930903,5.605555920719862,6.209493865432786
0.904029304029304,-1.8601329817780903,-1.601034513338376,-0.47641908998629046,0.7059686864921876,263.2422758739949,16.011711740578914,13.700458715076463
0.9042735042735043,-0.6768125322563706,-1.4248295013253698,0.22892643899718793,-0.3740529959600364,263.4014308170868,18.772784139408586,22.740543757516193
0.9045177045177045,-0.26164727136376026,-0.503764039503564,0.006140853924184939,0.07372234004205017,263.5605857601787,12.931301796884865,14.401252104549888
0.9047619047619048,-0.11840390614612406,0.5172445757500197,-0.07772929402494541,-0.04755406237277823,263.7197407032706,21.791604217170192,12.74127836614411
0.905006105006105,-1.3991039535854588,0.9762608736579376,0.24391273529871182,-0.1892417680764191,263.8788956463625,18.57689189972729,4.983257876573409
0.9052503052503053,-2.5433558227667903,0.5673137607315507,-0.6553935957177849,0.28626316717631367,264.0380505894544,15.68435743357995,7.457339589425435
0.9054945054945055,-3.5247107271162728,-0.7968552797155578,0.5862896264808128,-0.31598058183818556,264.19720553254626,13.87877974447327,17.853935565197876
0.9057387057387057,-3.432137505527602,-2.9352100795773746,-1.1399014444662328,0.17395258106044276,264.35636047563816,16.63458849829478,7.307110391468027
0.905982905982906,-2.373199626401087,-4.776548793675816,0.9951117535396874,-0.2549688673764085,264.51551541873005,16.248668176787735,14.68595184735617
0.9062271062271062,-0.006962599880055845,-5.860447194179843,-1.4915612687210693,0.05892109707518385,264.67467036182194,11.751491064867498,8.778007347160484
0.9064713064713065,2.8418340518620213,-5.4730837781035335,1.4817248523784274,0.09136988827640505,264.83382530491383,17.448716914719057,0.7596865150669396
0.9067155067155067,4.962403178635964,-4.155225079740178,-1.5799812130513884,-0.2366810652351396,264.9929802480057,9.819572051937197,6.019516577061497
0.906959706959707,6.0702972051532536,-1.3833862611840986,1.5859576583887096,0.5407219077740231,265.1521351910976,12.557859890881709,20.35106895325372
0.9072039072039072,6.349605176895875,1.2150280546337229,-1.5131926212923505,-0.6575915433501301,265.31129013418956,16.790135520391,12.984878114198683
0.9074481074481074,4.883093044582696,3.8012485013571884,1.4153611910221315,0.7278518481647971,265.47044507728145,14.14864118281816,10.970690993040398
0.9076923076923077,2.8502221549032227,4.968310425972954,-1.0362809559006947,-0.9694825933285546,265.62960002037335,13.989151074886568,5.998548658619932
0.9079365079365079,0.3760723144975121,4.968005007643023,0.9443776283162456,0.7316356712549611,265.78875496346524,15.39961455475166,9.838401917446783
0.9081807081807082,-1.7751106853921814,3.984188921091181,-0.6199628155551398,-0.9503163601643266,265.94790990655713,15.190341719308925,13.593230968097124
0.9084249084249084,-2.8138758616283375,2.2764705664820344,0.46184837692294284,0.8739766534365332,266.107064849649,18.43295346177533,28.229885110956616
0.9086691086691087,-2.4268345949362593,0.7257712436011129,-0.15204582729546498,-0.644368984494839,266.2662197927409,15.883691127135789,10.40682525224933
0.9089133089133089,-1.5115211022582522,-0.2343522219753856,-0.06979771571019003,0.600350673125665,266.4253747358328,15.28134892602471,7.694086161985459
0.9091575091575091,-0.5124080348124004,-0.2302391724968653,-0.05428985702131309,-0.3093522322150206,266.5845296789247,13.374357755577181,8.522085416140717
0.9094017094017094,0.35635935340948227,0.39566708749049906,-0.008388503730980271,-0.11020057845651135,266.7436846220166,20.669556286415474,4.189708761923737
0.9096459096459096,0.20051505373534653,1.6618565654881308,-0.08335030182884544,0.4483327441607994,266.9028395651085,8.919245249850317,9.42770679841331
0.9098901098901099,-0.933438428238284,2.4333287776079433,0.034491906341471604,-0.6412076745308103,267.06199450820037,25.571997995424162,20.951892493459606
0.9101343101343101,-2.401640503484834,2.5391186041801745,-0.22078689827784176,1.123410505280256,267.22114945129226,8.174326557132039,10.637740022531355
0.9103785103785104,-4.026034961977754,1.3875125504531547,0.2950711505435606,-1.1109567226370847,267.38030439438415,10.40115262250066,20.310970855807618
0.9106227106227106,-5.089477285708233,-0.5985346309176782,-0.6173604456480691,1.3057399328734876,267.53945933747605,15.671429281177872,7.88810459251776
0.9108669108669109,-4.891552501337467,-2.8420360209145112,0.7087167296561373,-1.136910814266504,267.69861428056794,13.309840518504211,18.152294364337827
0.9111111111111111,-3.291054174008582,-5.232547346352199,-0.8778406992904473,1.1773352520361426,267.8577692236599,25.275700520471695,11.364535546617711
0.9113553113553113,-0.9377724163407478,-6.281032338290643,1.0907502835500196,-1.0843502556068094,268.0169241667518,21.884420795947005,5.712510692976133
0.9115995115995116,1.9808186986975542,-6.1016092962318,-1.2907525363208587,1.1455619278983815,268.17607910984367,9.764961215570466,0.5430661408839208
0.9118437118437118,4.25478120480129,-4.796149399480095,1.187281418839093,-0.9909595418196933,268.33523405293556,19.865257065656007,8.245663829857419
0.9120879120879121,5.87422862001928,-2.3769693469269515,-1.516287280278748,0.7346502493150382,268.49438899602745,14.083178010756113,16.32444585926711
0.9123321123321123,5.505507627989758,0.46901656932898494,1.2344046305198195,-0.6280192620925753,268.65354393911934,22.814092766886468,12.97855803816691
0.9125763125763126,4.412883303535339,2.393731928243829,-1.1941505123087255,0.30905542978549183,268.81269888221124,7.0796880994793705,7.149330907295594
0.9128205128205128,2.4492428490267675,3.4538988433340925,1.1133870345163097,-0.11220619287981676,268.9718538253031,18.133245310222332,5.344678263135998
0.913064713064713,0.5441655280764759,3.3952424688873193,-0.8797156359780247,0.08708070712315782,269.131008768395,16.19179649532511,18.69089745392539
0.9133089133089133,-0.447208138619552,2.557466164208261,0.7455612870830878,-0.06627006999117738,269.2901637114869,15.093936421268596,14.941330964667316
0.9135531135531135,-1.2242600359324054,1.334975814061145,-0.49851831795486445,-0.12742739911673878,269.4493186545788,15.172203924851482,13.337871859852104
0.9137973137973138,-0.5178986940571182,0.232634310408908,0.0630957999832015,0.05612253319504366,269.6084735976707,13.973213432951361,13.870833493964696
0.914041514041514,0.4281718030689468,0.039720322424929524,0.10627469098941687,-0.038218197743674395,269.7676285407626,20.930975492123135,8.480240055588997
0.9142857142857143,1.3157863125223903,0.5180735258108389,-0.20004970241378528,-0.2895582301637175,269.9267834838545,28.260570145541372,2.242868084585757
0.9145299145299145,1.5639685397259269,2.002911672818066,0.44476271263164924,0.4763672197681091,270.08593842694637,12.542404887733236,13.550653963735652
0.9147741147741147,0.7889112792170869,3.1699277857306214,-0.7833188122904994,-0.48201635079339733,270.2450933700383,12.284755967788616,8.47498814107267
0.915018315018315,-0.8719064999936728,4.208168756986232,0.6222929439378826,0.8169574431323812,270.4042483131302,10.967320541858372,14.403542191348917
0.9152625152625152,-2.964520197951715,4.020176378596599,-0.6558703509363032,-1.1142522360571665,270.5634032562221,13.802394861662538,13.087584466399683
0.9155067155067155,-4.925495783332766,2.7679699831084164,0.451635516753365,1.319304055891812,270.722558199314,13.94477510520318,6.031387453208806
0.9157509157509157,-5.97733936944489,0.06377712348473596,-0.6687634258240088,-1.4191879944107597,270.8817131424059,10.183909891392487,7.9843439398185225
0.915995115995116,-5.898154301676918,-2.583198889783243,0.44169118901680665,1.6778990007335055,271.0408680854978,9.558623389579509,14.760783914407751
0.9162393162393162,-4.330629296194429,-4.76869239789859,-0.2771162175993719,-1.5729458105411853,271.20002302858967,10.509874141775633,3.8061280725240736
0.9164835164835164,-1.7754779119242006,-5.970896526473649,0.0677835711221986,1.5215591706861127,271.35917797168156,17.080474071683444,3.2010328014208724
0.9167277167277167,0.9384902491100269,-6.083456812540707,-0.040989351841871635,-1.6518393759611896,271.51833291477345,28.789809799303764,5.5269524988831895
0.9169719169719169,3.2350944425798045,-4.832918384698315,-0.2996715009641956,1.308998604809238,271.67748785786534,18.996724098948636,15.181318069252953
0.9172161172161172,4.3698555198493745,-2.6064973586102744,0.17859618255253323,-1.3353539303774444,271.83664280095724,8.931496674599677,13.57727895497702
0.9174603174603174,4.5088444646127925,-0.414731924729872,-0.37682305192068644,0.8951890605399007,271.9957977440491,12.975641073031923,7.186136728427975
0.9177045177045177,3.3105604422620964,1.2319127530232952,0.29077784895454967,-0.65703335178419,272.154952687141,10.242716249287586,19.46467461710359
0.9179487179487179,1.906872492877529,1.6562360931138693,-0.2949820536887272,0.48066450487594214,272.3141076302329,11.518314467385215,13.568948668819832
0.9181929181929182,0.6777000132618534,1.5836204153928728,0.3224608112527505,-0.3298877517646917,272.4732625733248,9.642703944894643,16.177315497428314
0.9184371184371184,-0.14262205365050096,0.6677416419254713,-0.12887012383382285,0.30893192223788735,272.6324175164167,23.827784468110668,18.78676428613328
0.9186813186813186,0.251221632443566,-0.17105025771317628,-0.03305746023363056,0.043291041979206385,272.79157245950864,11.372504367442534,16.905227957801305
0.9189255189255189,1.1424725293464377,-0.7279484976498778,0.4538326158796997,-0.18672835815362393,272.95072740260053,10.24599139725597,11.338282642811253
0.9191697191697191,2.419025220135174,-0.39326722089208555,-0.7092767124727875,0.16443919770202564,273.1098823456924,24.06008619738429,11.186705779109426
0.9194139194139194,3.185281824636511,1.152192388839906,0.900184413867123,-0.21949984588632881,273.2690372887843,8.052901570395111,7.5201572858501065
0.9196581196581196,3.151653965737331,2.8834818560067172,-1.0089833365755936,0.25901128269921836,273.4281922318762,27.70532409640579,5.396470514540692
0.9199023199023199,1.9939128435882196,4.472486983863664,1.2305691080165155,-0.05155540973174057,273.5873471749681,27.588429890327397,10.429398026543733
0.9201465201465201,-0.3754642474020877,5.4663556592817395,-1.411050592218839,-0.031074568588791103,273.74650211806,14.146704302101881,9.769390350925589
0.9203907203907203,-2.873974623057986,5.276792755505344,1.3829634865846743,0.32188832608760987,273.9056570611519,3.0881877633482033,10.0005828973605
0.9206349206349206,-5.279743393446004,3.7031718321215337,-1.5960594717448906,-0.37561901192260183,274.0648120042438,18.13176892263975,15.385854844133952
0.9208791208791208,-6.226972178332804,1.1657351766808761,1.4987733267482202,0.5376587047370464,274.22396694733567,12.08221309989811,14.406118051782121
0.9211233211233211,-6.165196665250687,-1.4857792486073695,-1.4192854804762638,-0.69128985676444,274.38312189042756,14.529946210642843,3.233300934424462
0.9213675213675213,-4.744080563630233,-3.7219816739923153,1.379085798707507,0.815533471096168,274.54227683351945,22.403529807151415,16.507628267202207
0.9216117216117216,-2.3322912530794615,-5.171392467542175,-1.115765009810513,-1.1012296770657684,274.70143177661134,9.167253698548672,8.314913110650377
0.9218559218559218,-0.15137375260738548,-5.119153507960793,0.9584444309633022,0.9721190640747035,274.86058671970324,9.236379076422498,12.364261193352386
0.9221001221001222,1.896216464726888,-4.034094814704748,-0.5721406518657703,-0.8728760858671174,275.0197416627951,5.297650760088701,16.163928182243474
0.9223443223443224,2.715163477357805,-2.3257742621538955,0.43266106812805455,0.8139678849102394,275.178896605887,3.229966167003193,19.61403212339896
0.9225885225885226,2.597478256589367,-0.5073769954264711,-0.010820754624168427,-0.4838906325609009,275.33805154897897,9.249515335088065,6.163132455638583
0.9228327228327229,1.7103455374921448,0.5602576748339227,0.1520502740787884,0.5357461341747521,275.49720649207086,13.281140682265738,5.644614425531761
0.9230769230769231,0.7556939264809703,0.42073665273150423,-0.04230505073575407,-0.1595464511523104,275.65636143516275,22.875290278973093,17.14160000865881
0.9233211233211234,-0.16568372717790866,-0.3242891519027222,-0.03362559193375479,-0.10493618276682093,275.81551637825464,5.846977273988171,21.019383494975038
0.9235653235653236,-0.017683659796304985,-1.5020943821130839,-0.04989269675904556,0.37336111924078474,275.97467132134653,11.162160225124413,4.815324149518639
0.9238095238095239,0.7878051028568209,-2.424708770107696,0.04664903686404254,-0.8002753426600369,276.1338262644384,10.880974260893842,12.059586082731549
0.9240537240537241,2.3988891846027096,-2.3598717736421584,-0.3331064561638657,0.7412269414111581,276.2929812075303,8.656711359923982,7.3003864419622175
0.9242979242979243,4.0136963772700165,-1.1219509805345877,0.31527233131225707,-1.0236456104292189,276.4521361506222,29.51787846017518,19.564625922195354
0.9245421245421246,4.7498105724406035,0.6785384250401808,-0.5829865696456265,1.0901909585443608,276.6112910937141,7.283846414863379,19.338674485967527
0.9247863247863248,4.548824050674024,3.061225732170056,0.7436557324421004,-1.1196858978945732,276.770446036806,16.07637102148053,5.807051175071887
0.9250305250305251,3.0135795999251083,5.056975052017186,-0.7715047135263935,1.0105051318617655,276.9296009798979,15.778941779547353,6.159820235788721
0.9252747252747253,0.4781275054075291,6.290100535707953,1.2502890680481213,-1.0370815111533378,277.0887559229898,11.657118318776606,7.802368488642999
0.9255189255189256,-2.258453705567141,5.806993764864024,-1.2432064013141375,0.9886602180670101,277.24791086608167,14.086816537444113,10.654504126345712
0.9257631257631258,-4.417250958568166,4.522876515983649,1.434280059606121,-0.8284954649780569,277.40706580917356,21.229256874015597,9.58781455778115
0.926007326007326,-5.686024673127611,2.180991898767231,-1.4439561612667027,0.47982289660513133,277.56622075226545,17.25292821805882,2.7999064366004043
0.9262515262515263,-5.613361553685703,-0.5281114334278462,1.4443149023135902,-0.4492928780801889,277.7253756953574,18.99325299608902,21.77955926327174
0.9264957264957265,-4.590353797981029,-2.7049523511778446,-1.128475535117262,0.44575982510754025,277.8845306384493,7.777517366970257,26.055789904738905
0.9267399267399268,-2.450193094437489,-3.526121343715125,1.1074444284144258,-0.11436116082785466,278.0436855815412,14.617015575173113,14.572610284842483
0.926984126984127,-0.43936282560796797,-3.677672187290206,-1.021001475506968,-0.08540797499150488,278.2028405246331,18.657587733059607,12.33628978078032
0.9272283272283273,0.9790879875367395,-2.628136924668901,0.8560479730853799,-0.12614673827241976,278.36199546772497,11.276034524701458,8.223982378205527
0.9274725274725275,1.0056097926802714,-1.2222345227967808,-0.659605528910907,-0.0006729016626211143,278.52115041081686,3.6629926350339135,14.238337020823819
0.9277167277167278,0.7391024874457683,-0.13140749539411714,0.07026083278719401,0.0843123407088554,278.68030535390875,25.319250405584445,13.748287955878087
0.927960927960928,-0.5493357694130527,0.03999939828514601,-0.011379781784717158,-0.043436155624805295,278.83946029700064,16.167023317696824,4.495736645906793
0.9282051282051282,-1.1404596686338602,-0.5191276965753437,-0.3122752376441247,-0.1278264795630129,278.99861524009253,5.94898639158008,7.177507330834907
0.9284493284493285,-1.1611066883614192,-1.9155598100561406,0.5283078816812296,0.15264775878851908,279.1577701831844,9.300271257894096,17.93639502041853
0.9286935286935287,-0.5147113472662277,-3.236058328601956,-0.5697067136129248,-0.4427425338521452,279.3169251262763,14.893953846696025,4.1817836486780875
0.928937728937729,0.8978317312128574,-4.119720795123602,0.5580557591877152,0.6656502806218172,279.4760800693682,15.115305752954145,7.742359835768276
0.9291819291819292,3.151127275882392,-3.7871677641544133,-0.7822905936421289,-1.0253080369747882,279.6352350124601,13.504724971579249,6.5367799909361075
0.9294261294261295,4.978251428741399,-2.22674743581859,0.5987727361842082,1.1009041852679653,279.794389955552,9.59595148813469,9.228701341880619
0.9296703296703297,5.791893633191884,-0.15114984635987827,-0.6260866016768909,-1.6493108311620313,279.9535448986439,12.554366717664578,15.114884714321585
0.9299145299145299,5.484437700897386,2.5102469118677972,0.3218901985151543,1.57147472477457,280.1126998417358,17.52270661526074,8.665229934285433
0.9301587301587302,4.049480630159377,4.886877517168544,-0.2850411705228563,-1.623822531427401,280.2718547848277,10.228326740412195,20.395050286717264
0.9304029304029304,1.6281845894456042,6.1446910097367935,0.030005679238686897,1.6025176618906407,280.4310097279196,7.552776625074939,11.34875747876446
0.9306471306471307,-1.0785930968241677,6.036759516973494,0.09385608866412393,-1.3495949249421064,280.5901646710115,9.363992270340024,19.823590585861464
0.9308913308913309,-3.2747200808408587,4.674448336098828,-0.31574929686352127,1.6094681237273576,280.7493196141034,5.265831449605982,16.875980270085616
0.9311355311355312,-4.413418187805984,2.2601374867786963,0.45173776846261315,-1.1467428045893642,280.9084745571953,5.17115031773877,4.1126721596943785
0.9313797313797314,-4.47491832439856,0.2680493512853794,-0.30753439623169865,1.044239956636498,281.0676295002872,19.733898276930418,16.646159085892123
0.9316239316239316,-3.224805429971525,-1.3744239681600348,0.4194643455239219,-0.8384075256313037,281.2267844433791,19.64852934634993,22.81749230003231
0.9318681318681319,-1.8138239509352574,-2.240005671665986,-0.48665241357195593,0.6089671113414984,281.38593938647097,4.248161870922232,11.56747659583129
0.9321123321123321,-0.5086827956530864,-1.844095704886038,0.4083724975034781,-0.46983079833837127,281.54509432956286,13.773405574774191,20.407596588287657
0.9323565323565324,0.15490723010783025,-0.7011031597394046,-0.016285852782456922,-0.019998179644063807,281.70424927265475,4.916304536548321,7.279807182570076
0.9326007326007326,-0.19415307078398175,0.41328271627468915,0.09814411998862904,0.09193197013297802,281.86340421574664,25.393407495499897,13.45465863851415
0.9328449328449329,-1.2625919080647163,0.8299502027411324,0.3806780528945107,-0.14092115142110903,282.02255915883853,19.14671656464081,17.699615568401562
0.9330891330891331,-2.273324902437825,0.193856054332818,-0.4920202900835857,0.3568808014434106,282.1817141019304,19.095946572931762,16.212024099774805
0.9333333333333333,-3.053295112507,-1.1618933649474232,0.8193823126926348,-0.3788210466664358,282.3408690450223,8.517632425721224,24.98631262658987
0.9335775335775336,-2.9150737049746756,-2.9267924397987883,-1.009826387712873,0.26949015911085544,282.5000239881142,18.81080045880974,15.429885265205991
0.9338217338217338,-1.7611481600091055,-4.255288327659491,1.1672046898285475,-0.06121499201453286,282.6591789312061,10.782034971746533,11.784417201611832
0.9340659340659341,0.5598589094533044,-5.29705965199872,-1.3198239608360185,0.027047980544555483,282.81833387429805,7.408808184079055,17.719451104686705
0.9343101343101343,3.154272121231134,-5.0495039586562465,1.3706582670141776,0.12595640741212827,282.97748881738994,3.1559165916290577,15.288182053709486
0.9345543345543346,5.151639866858166,-3.3819213311680194,-1.5689333756929975,-0.47468140383517893,283.13664376048183,24.935643049814534,3.646638488258333
0.9347985347985348,6.134015080551194,-0.8258892191607915,1.5251384057486759,0.5046756332797486,283.2957987035737,20.69423690800566,9.432690920132949
0.935042735042735,6.067757256853263,1.988328746457638,-1.787484335224204,-0.8779819891673573,283.4549536466656,13.268066699767516,2.826649270584662
0.9352869352869353,4.351629502816597,4.042447402173274,1.1855840686901513,0.7028790792543596,283.6141085897575,15.84666219071948,18.579426554196257
0.9355311355311355,2.121235832358073,5.294884083320756,-1.013981030745981,-0.9331045741204037,283.7732635328494,16.464956507680853,10.718436798365971
0.9357753357753358,-0.2616550894952543,5.253934100748929,0.6061582928262227,0.7555946101858025,283.9324184759413,19.87297619485814,15.817771895470907
0.936019536019536,-2.0895497797415867,3.9269979072656427,-0.5983859457834337,-0.9846185496495035,284.0915734190332,16.714280262573215,11.666698468919034
0.9362637362637363,-2.9236990721733687,2.338000320485421,0.5867548120702761,0.6725011902509055,284.2507283621251,21.12578956207868,16.426108010023338
0.9365079365079365,-2.6900144665413537,0.5165334265438891,-0.22432760771474078,-0.7270113385847516,284.40988330521697,11.573746368620409,17.071343079934856
0.9367521367521368,-1.8007132035783242,-0.40252543993776635,0.2968052520648615,0.20547663943626748,284.56903824830886,17.93946176474145,3.1857676460172226
0.936996336996337,-0.6945598860893744,-0.6622674324898234,-0.099513322108615,-0.12710617905246496,284.72819319140075,9.294938267190703,14.589275497370213
0.9372405372405372,-0.007584759617788789,0.19171051792643856,-0.05736111768573943,-0.0666594357993998,284.88734813449264,8.887845113156962,17.18020041231118
0.9374847374847375,-0.03331791008082151,1.4066912374004081,0.008381377820424028,0.3082575602793712,285.04650307758453,10.978933544645605,17.825082587023655
0.9377289377289377,-0.7717159072615175,1.9159429204299523,0.1160439312093649,-0.5350764177887509,285.2056580206765,8.780622434756472,15.36999155378264
0.937973137973138,-2.227909574238779,1.9074444061688665,-0.15428222129246866,0.6460302766079365,285.3648129637684,18.708572016238236,14.91086081350269
0.9382173382173382,-3.7788803610804487,0.8759921875998311,0.40308969813474627,-0.9112495222693868,285.52396790686026,7.27511802066361,22.550627942161388
0.9384615384615385,-4.45247072296281,-0.9012822268803167,-0.5009448770280178,0.9283328287353855,285.68312284995216,10.797604112239695,17.028345669431104
0.9387057387057387,-4.259685972672699,-3.063582993589244,0.5939009716666895,-0.9725990907922917,285.84227779304405,14.0053680128823,14.867888534729216
0.938949938949939,-2.7557416519898736,-4.997471633973581,-0.8740088066803381,1.1225977134616747,286.00143273613594,14.191353102841228,18.157405869474104
0.9391941391941392,-0.2155353746692773,-6.117838596776711,0.9036821762987239,-1.0819938541527196,286.16058767922783,10.966162359820105,16.9136051293431
0.9394383394383394,2.169894018605341,-5.858329484859981,-1.2494460732888217,1.057370272397048,286.3197426223197,11.347401265281695,10.918539417395674
0.9396825396825397,4.742111685200076,-4.041906594348884,1.3584976489598317,-0.9121850127391707,286.4788975654116,10.634966666616142,4.703789328984659
0.9399267399267399,5.4220794651192605,-1.648817891300369,-1.4228154582454828,0.7925200534282286,286.6380525085035,15.375488228407235,15.51820039622829
0.9401709401709402,5.524640773043394,0.7874437311249389,1.325477803929502,-0.5293073958032036,286.7972074515954,17.901080450100498,20.87916494826659
0.9404151404151404,4.274748419310501,2.887184147496942,-1.0691752139514987,0.4029893980996437,286.9563623946873,18.032981393996003,9.632939065322766
0.9406593406593406,2.2267416546896146,3.988213457910739,1.0219169394121757,-0.07717972909899512,287.1155173377792,17.78507843113258,9.816135627268133
0.9409035409035409,0.3165493795568772,3.478758162488389,-0.9493630975933668,-0.09817507684577378,287.2746722808711,12.389272882334724,13.957677655589096
0.9411477411477411,-0.8752731621721823,2.7495284537529265,0.5826534639265937,0.14781377973447007,287.43382722396296,12.645021147570164,17.53305857593745
0.9413919413919414,-1.4093336383502724,1.2456044531916077,-0.6205623213102374,-0.14713443409532853,287.59298216705486,24.415384055142006,30.16930678780414
0.9416361416361416,-0.6928199447552968,0.3461954450155422,0.39467246133864053,0.003056621939725293,287.7521371101468,16.33529597775271,13.894791247135403
0.9418803418803419,0.17940778609101682,0.017838833693658712,0.21152111932885015,0.05444420144627863,287.9112920532387,14.407522474294533,14.395528788813776
0.9421245421245421,0.8381745172958015,0.5519261214334796,-0.3659849900846863,-0.23853877940302848,288.0704469963306,21.02200364666216,18.92505916627058
0.9423687423687424,0.9917003352348577,1.7187641095574204,0.4793285279466767,0.4982203218539219,288.2296019394225,13.317118803794866,24.05508393159786
0.9426129426129426,0.28926096250045424,2.8880451911382767,-0.5347516781994459,-0.5188094658874449,288.3887568825144,24.687637353469455,14.654884322131327
0.9428571428571428,-1.1640329775625962,3.829338812363721,0.5965106549747995,0.7853998044379964,288.54791182560626,7.349982536136431,18.530331187249963
0.9431013431013431,-3.2813955141264226,3.468762716065314,-0.6705498017547225,-0.8992242858343859,288.70706676869816,20.169478709543743,9.35091139266685
0.9433455433455433,-4.980877388875539,2.0938591420805968,0.5698568634960028,1.2521032424228546,288.86622171179005,16.225520370591457,11.234240800079265
0.9435897435897436,-5.825621831976689,-0.33497373461966534,-0.5860391469767383,-1.431797451525936,289.02537665488194,12.533062444206692,10.832796292529672
0.9438339438339438,-5.462637977467894,-2.863062822381252,0.4516134453182091,1.527756862722717,289.18453159797383,24.76688414788853,21.605714049004728
0.944078144078144,-3.636975273448144,-5.020768889764372,-0.31067657252352776,-1.2997654353770216,289.3436865410657,7.003213342353791,19.200744548387053
0.9443223443223443,-1.3068512016853078,-5.888062597741654,-0.24019181232444412,1.6391759585093948,289.5028414841576,17.016314673840256,13.963792737519523
0.9445665445665445,1.642070156301965,-5.7776193431343,0.0022613578574738336,-1.6241016429575978,289.6619964272495,10.783271372927066,26.658246381910214
0.9448107448107448,3.566855698225294,-4.352847329083665,-0.33406759546392284,1.367202886270736,289.8211513703414,34.47820274129072,24.720782559746652
0.945054945054945,4.587082303353597,-2.25327267357856,0.2596194884454946,-1.0101846851427954,289.9803063134333,4.23894940062259,9.298133603894259
0.9452991452991453,4.450075331672629,0.11946191557592452,-0.5021013876602297,0.963587774656611,290.1394612565252,11.803198141015352,12.085725324278238
0.9455433455433455,3.5484699595824587,1.5159087137169787,0.5924449556694804,-0.8056434690009225,290.29861619961713,10.99623184663252,16.700237770648094
0.9457875457875458,1.767849664612107,2.173228100771418,-0.49420476875549635,0.5964988650424445,290.457771142709,15.663716960844026,16.404080846980445
0.946031746031746,0.5240694597596912,1.861454831488181,0.2702560493613068,-0.585208656821684,290.6169260858009,5.604693275185822,10.889647883780643
0.9462759462759462,-0.3463548263116687,0.7794806026475576,-0.23692289611050274,0.33822686868603374,290.7760810288928,8.621017444366757,11.211854699487754
0.9465201465201465,0.019626895839260396,0.0701224919706337,0.0628797367450029,0.03795258945326435,290.9352359719847,12.65058516567709,17.186860451743723
0.9467643467643467,1.0503720821519427,-0.602905335026453,0.16959433492273257,-0.12497856663729255,291.0943909150766,12.465806624419846,17.655464953929236
0.947008547008547,2.1224577054817164,-0.2422274480224139,-0.5026763668545485,0.1941217001999098,291.2535458581685,11.363971652096364,16.4922716525924
0.9472527472527472,2.6348434360273743,1.1864459233180147,0.6908898238359826,-0.279692484173376,291.41270080126037,15.627112862300867,11.491979458101168
0.9474969474969475,2.5126624409268823,2.7146779324231596,-0.8064378539699093,0.19744114800106466,291.57185574435226,23.578227516268655,13.681751143237037
0.9477411477411477,1.207557455120099,4.4220630891665245,1.126987648704091,-0.07028103368735637,291.73101068744415,10.639193745625224,15.386709694954565
0.947985347985348,-0.8017511212023873,5.089969884930119,-1.4135547966861628,-0.18500014816991983,291.89016563053605,12.481469105034476,17.997285255355624
0.9482295482295482,-3.387146199712671,4.938084493570391,1.3155060780846526,0.08475816863687027,292.04932057362794,15.951926481397345,6.876424077020555
0.9484737484737484,-4.958559024752314,3.304935508372906,-1.5775552562260624,-0.3742517508785522,292.20847551671983,15.853860277196334,11.753156130393478
0.9487179487179487,-6.190578516554464,0.6189355644948615,1.2934681343785648,0.47814431392945334,292.3676304598117,4.842544842064862,15.613611953399701
0.9489621489621489,-5.811871938568744,-1.9103017960113629,-1.3961308144847402,-0.7850385277852453,292.5267854029036,10.308652947900068,19.857601020918807
0.9492063492063492,-4.217869641531191,-4.2515895546607725,1.1363567296522425,0.924166666610828,292.68594034599556,15.404681226836326,15.826737153496392
0.9494505494505494,-1.916261252857613,-5.441513070057677,-1.233823757940016,-0.8963224244852802,292.84509528908745,13.52460442441864,24.543839459550576
0.9496947496947497,0.517593289770352,-5.149897899224178,0.8120003042063552,0.9363699113932976,293.00425023217934,17.391624429574012,11.655195934617955
0.9499389499389499,2.1756821253479055,-4.011042249711574,-0.7680181905767763,-0.8497743158296436,293.16340517527124,11.337832810164985,10.193279528965363
0.9501831501831501,3.434180300654127,-2.0317581559292335,0.24617607849938428,0.8945326041748568,293.3225601183631,16.752174236789397,14.873790957538127
0.9504273504273504,2.8173344829126625,-0.4897372355594628,-0.19754045811451768,-0.4235173964212508,293.481715061455,25.23023585161348,10.47015814474643
0.9506715506715506,1.8201567344065308,0.5393321483658999,0.09080794803593294,0.42848923933601485,293.6408700045469,13.053228130869707,16.710773014551467
0.9509157509157509,0.79765508622442,0.8117057837553392,-0.15301448038873372,-0.28802445664765863,293.8000249476388,11.31527958658579,21.058775708065433
0.9511599511599511,-0.081650504073151,-0.01773018795663876,-0.11748934597834507,-0.07169039509254424,293.9591798907307,9.547543355878545,14.553117090559596
0.9514041514041514,0.1844673119741866,-1.067466387931757,0.15283567774676454,0.2094210585050436,294.1183348338226,5.764468045233718,16.119042440004655
0.9516483516483516,0.8665242070797153,-1.8073006358778998,0.06411824805719922,-0.48879387831908555,294.2774897769145,19.115877400314258,9.559581725749787
0.9518925518925518,2.282979052782596,-1.6745351651827554,-0.07190675210121045,0.7564600363666227,294.43664472000637,14.59221559032883,10.177289170109821
0.9521367521367521,3.780436387207025,-0.6977269381325252,0.388462359756435,-0.8297882731154377,294.59579966309826,20.96549056759789,27.599152643272763
0.9523809523809523,4.415434739120566,1.00993457121119,-0.42910321784204747,0.9755609785298429,294.75495460619015,17.768340639908672,17.70409360114224
0.9526251526251526,4.091887028902056,3.4969908261923246,0.6730651741402153,-1.0478067435397818,294.91410954928205,18.116170945252914,20.472803988244
0.9528693528693528,2.594437671559537,5.1727988234742766,-0.9436801969108382,1.1758608543582658,295.07326449237394,20.602816757599122,20.41769449072989
0.9531135531135531,-0.09791592049919062,6.011500602764459,1.0716358003166393,-1.2153761966120675,295.2324194354659,8.861637052252492,9.751709127010416
0.9533577533577533,-2.683959908060539,5.49804802456843,-1.3335338710664573,0.8320384695792202,295.3915743785578,16.486585017231405,22.372557267090492
0.9536019536019537,-4.928534013081577,3.979687548639578,1.3468808065561293,-0.9581826994419684,295.55072932164967,17.990192815387832,21.004336970726065
0.9538461538461539,-5.9643171905550165,1.5041996126783441,-1.3221284647748712,0.7351475570637557,295.70988426474156,9.587987743598536,9.51447623087387
0.9540903540903541,-5.524621747836595,-1.0893494202076235,1.3101679216984063,-0.538390661966701,295.86903920783345,3.708905976415073,9.538747485667376
0.9543345543345544,-4.158601327844644,-3.024458325109706,-1.335246839212108,0.3303992243068436,296.02819415092534,15.018354678556468,18.08817001499231
0.9545787545787546,-2.068048600770808,-3.9740300451129915,1.20330362860583,-0.16032330691025248,296.18734909401724,13.148750023184132,12.246770818672363
0.9548229548229549,-0.11833160507427794,-3.756294581460133,-1.0177715607678124,0.07631301486483104,296.3465040371091,19.16143333449016,16.49609093058899
0.9550671550671551,1.2614452828042992,-2.6883672062858035,0.8028181722551181,0.1379778407012179,296.505658980201,8.106599544265293,9.835272178801786
0.9553113553113554,1.5162067902075178,-1.3642800256547198,-0.5991497685851875,-0.12036664333166985,296.6648139232929,6.782792599540438,18.21516670499685
0.9555555555555556,1.13607601834571,-0.25020796207133444,0.14687633075224688,0.11174326812843113,296.8239688663848,13.564666989614825,14.367519639612171
0.9557997557997558,-0.09568364625615355,0.13806963270315803,-0.006154511041383736,0.10329771939958661,296.9831238094767,16.128637871954513,26.46936478850917
0.9560439560439561,-0.8486134693416434,-0.7545652229557636,-0.30142922313957327,-0.07970901199870188,297.1422787525686,19.33730937199105,16.887153943667805
0.9562881562881563,-1.02976751355012,-1.7386137189060502,0.4684415613157389,0.06022431330758343,297.3014336956605,6.521228532461216,9.093066744061643
0.9565323565323566,-0.25372719825244233,-2.6953513660584294,-0.4950487101746233,-0.6177893601281121,297.46058863875237,25.725615271926184,16.448484432818987
0.9567765567765568,1.2261046559464541,-3.5831858659255977,0.5908607040166303,0.7027716652248099,297.61974358184426,12.899734419571615,15.367904050799389
0.9570207570207571,3.111990674622486,-3.165936756352174,-0.5762064081543299,-0.8123220907344819,297.7788985249362,19.017617370567432,21.846786280689187
0.9572649572649573,4.8149254132480355,-1.8318974528279177,0.39416929263581746,1.1563414666508762,297.9380534680281,11.161059270164317,14.689643597474802
0.9575091575091575,5.467066692309913,0.6956373318018141,-0.5330458695297469,-1.2132409762852459,298.09720841112,7.779907408244335,17.73336226271602
0.9577533577533578,5.082281666258135,3.130692752153745,0.3973283682120307,1.414122174400701,298.2563633542119,15.089341993541565,19.44309873472475
0.957997557997558,3.2882609396746183,4.94693924643019,-0.26587173832673844,-1.5230614168185563,298.4155182973038,11.759621187894279,13.992226684101892
0.9582417582417583,0.8951255212242017,5.999828565675148,0.07316488603063137,1.6939074960332583,298.57467324039567,6.030984466305837,20.374502290983642
0.9584859584859585,-1.6358629820785693,5.688819747044671,0.0008117895397338482,-1.4757125892441172,298.73382818348756,17.708920356044185,21.707819821443834
0.9587301587301588,-3.721276018402979,4.176451149955901,-0.27551131469834655,1.4548926658083043,298.89298312657945,14.07376387062398,19.775672094890798
0.958974358974359,-4.8493430806010895,2.146418531659363,0.377278251718361,-1.0861043308592748,299.05213806967134,20.808984274803706,17.011338351790183
0.9592185592185593,-4.490212992423543,-0.16152712503141342,-0.5068817963003456,1.06936125899312,299.21129301276324,25.70399192762981,25.892014570741978
0.9594627594627595,-3.311493769526264,-1.9144697964466064,0.6041814977394364,-0.8750273358246213,299.3704479558551,4.917224849852639,15.836334589392253
0.9597069597069597,-1.7622550231509346,-2.492729115965844,-0.4390787979823727,0.6667451494048717,299.529602898947,9.828658753794482,17.670312368357187
0.95995115995116,-0.44501831896730304,-1.839090800151819,0.3921296903037539,-0.251752097827616,299.6887578420389,15.268313912707878,33.47871440237007
0.9601953601953602,0.19636454908890003,-1.062574003565462,-0.3455700342359699,0.16641205101655257,299.8479127851308,10.565864186010668,20.489126192518807
0.9604395604395605,-0.019642654655059356,-0.09092070003469285,0.06573998325813858,0.08849430738987185,300.0070677282227,10.94493973026344,15.235761444864767
0.9606837606837607,-0.8761840374625869,0.4581779379976322,0.16974160162896199,-0.13753237916068645,300.16622267131464,23.127558580343983,13.425586200867391
0.960927960927961,-1.938750483013673,0.11053545764120326,-0.47716956815032396,0.18069574267479957,300.32537761440653,11.833223057662375,20.355631019257732
0.9611721611721612,-2.562444727785314,-1.2745946465996354,0.7081393691884104,-0.187497779345545,300.4845325574984,25.381416500302876,18.15523425098428
0.9614163614163614,-2.2056950133625195,-2.8974858351230313,-0.961162520496037,0.08053061996852112,300.6436875005903,15.425358511594307,26.769764943977535
0.9616605616605617,-1.2280762747618301,-4.067327046084999,1.119072762976333,0.03491135921248284,300.8028424436822,13.06774630280545,11.470401605513063
0.9619047619047619,1.0737068907292755,-5.0647606907239595,-1.2613075969459815,-0.08876815201263062,300.9619973867741,22.264026021772835,25.87771182004815
0.9621489621489622,3.304344134502076,-4.534212130550696,1.2932328974507934,0.26684784069788736,301.121152329866,14.483119790348214,19.970171166743786
0.9623931623931624,5.173329760880377,-2.705898766350857,-1.286036039251203,-0.4307875349285366,301.2803072729579,11.728681044296808,24.523726024303066
0.9626373626373627,6.1164400490845985,-0.3548728103619082,1.360497570324279,0.571682472221344,301.4394622160498,4.561879747177922,15.808896384965013
0.9628815628815629,5.65946562456347,2.2628938621467376,-1.2567916568215305,-0.6318255940218374,301.59861715914167,14.601623516594765,18.138645950258596
0.9631257631257631,4.106779298918581,4.287609984249049,1.2730804788169483,0.9292959002046408,301.75777210223356,20.495928060353435,33.536716126205285
0.9633699633699634,1.6336055243479823,5.173839660834324,-1.0198907031072377,-1.0430996875115457,301.91692704532545,14.20537865886164,20.022768387121985
0.9636141636141636,-0.7631015608812418,5.194645022628314,0.8109636239385846,0.8602518361375646,302.07608198841734,10.839416402669768,8.2382829338377
0.9638583638583639,-2.601431287509648,3.8727693701103587,-0.74637916351268,-0.9518895619614651,302.23523693150923,16.56064341860517,20.45981271904477
0.9641025641025641,-3.1250643575069277,2.0022434821111013,0.40185096457922426,0.6526057940308623,302.3943918746011,4.536011738645346,24.445221103363497
0.9643467643467644,-2.9512445699099707,0.33536490166118094,-0.2523528492468232,-0.734288719221646,302.553546817693,3.6188439681051205,13.661790219908218
0.9645909645909646,-1.821071287335451,-0.7374016148273819,0.020687127888687012,0.42135640058349444,302.71270176078497,14.360603287372149,24.868237372766515
0.9648351648351648,-0.5654383526255187,-0.7837420197179273,-0.06396697984111711,-0.48553929941226603,302.87185670387686,19.230655348816832,21.220077688913673
0.9650793650793651,-0.18643415738348962,-0.11230499962274873,-0.0705759617580652,0.009793469380123078,303.03101164696875,21.290483883001087,30.76520485351481
0.9653235653235653,-0.09477546020212427,0.8093905116239273,-0.08249296248251156,0.28501505548840866,303.19016659006064,20.584204319666853,19.774573178418986
0.9655677655677656,-0.9647427701051969,1.5535263580814498,0.22312117839174173,-0.5640669269739499,303.34932153315253,1.6322656321560156,24.12690701410049
0.9658119658119658,-2.320883370350658,1.5578405439490786,-0.18490833099453283,0.5271863768039785,303.5084764762444,12.38425904452287,26.022843595252784
0.9660561660561661,-3.560254448740332,0.4758947872904706,0.22004688149612683,-0.8095129849541531,303.6676314193363,22.81439477551053,22.212944008564488
0.9663003663003663,-4.071322203315402,-1.272256287621348,-0.707030483323119,0.7499414322838487,303.8267863624282,21.427825808272953,31.128637522946196
0.9665445665445666,-3.7816845270422697,-3.514756218787323,0.624715674095096,-1.005504500010503,303.9859413055201,21.28739404117183,20.7249692923022
0.9667887667887668,-2.2716287272463926,-5.416884606334765,-0.7689237869779559,1.0297022962194944,304.145096248612,8.42963216411649,30.837500718056802
0.967032967032967,0.3347445986338305,-5.833356725389597,1.1126614660626337,-1.1026159875081765,304.3042511917039,9.474680472679706,33.940803919602985
0.9672771672771673,3.050555066478196,-5.33647381911816,-1.128966656704882,1.0317204847141044,304.4634061347958,23.313993019524364,22.379543561134323
0.9675213675213675,4.874256366653983,-3.674455605431004,1.2091157774027073,-0.8935580753242266,304.62256107788767,15.939946609895552,40.81622359930403
0.9677655677655678,5.8141689885232575,-1.1929854760448064,-1.3392199023397038,0.5672401774379879,304.78171602097956,12.865536295017083,21.845374901492228
0.968009768009768,5.515849001770296,1.177573605874106,1.378872597314935,-0.5158173997065857,304.94087096407145,11.980204847053447,30.207604209403762
0.9682539682539683,3.9809288500206925,3.2899185406351332,-1.3831577324159057,0.32052189023153616,305.10002590716334,7.506788071299188,26.045928042225256
0.9684981684981685,2.030596359419767,4.036596704737075,1.057306530522237,-0.03284670104736634,305.2591808502553,17.2305981259165,27.061859291239323
0.9687423687423687,-0.1875049691361293,3.9731665130920906,-0.981806064606059,0.018790625321937586,305.4183357933472,15.873449723503498,38.26211841316075
0.968986568986569,-1.3706269026076128,2.799725795328073,0.9881767771494557,-0.10854578581961549,305.5774907364391,20.620141366410085,26.87003781285057
0.9692307692307692,-1.451387299813572,1.3189465332497934,-0.5068795245578445,-0.1064029048702313,305.73664567953097,17.3654908487187,25.87571731038994
0.9694749694749695,-1.0977682840001617,0.18835065654147387,0.32897135778108744,0.056849607556034444,305.89580062262286,15.420796305259325,22.357716184989286
0.9697191697191697,-0.17510863340424943,-0.13477746844808008,0.0006420827689736022,0.06404316448098085,306.05495556571475,12.281233731560947,20.47210737383072
0.96996336996337,0.5619883977930789,0.47340368174866504,-0.20477456923735368,-0.15901859978583185,306.21411050880664,22.246792383906435,29.258316949769377
0.9702075702075702,0.9668146317873263,1.4346150414795262,0.4013641343062912,0.2355152419345703,306.37326545189853,11.397109847386453,27.530032476338356
0.9704517704517704,0.16822425344804354,2.593171174865969,-0.4386229016026135,-0.4681517807969499,306.5324203949904,8.538047792768259,28.24714032987703
0.9706959706959707,-1.4348546948281173,3.2255612833377234,0.5783149308563815,0.6799615467109318,306.6915753380823,12.066253976377094,27.393981413275
0.9709401709401709,-3.3311998651631,3.112119832346447,-0.4708109394848221,-0.9187063008549335,306.8507302811742,10.814453567751434,32.5100362743977
0.9711843711843712,-4.700202041175444,1.4990403961419716,0.5405130275071786,1.025831808440802,307.0098852242661,4.645838245365048,19.549923446338358
0.9714285714285714,-5.316854791537988,-0.7883369243450977,-0.4390648913644321,-1.179362458345944,307.169040167358,15.136154649411637,18.26129554294841
0.9716727716727717,-4.861269500005395,-3.188502786650296,0.39495488493309894,1.431959122841961,307.3281951104499,4.744458369780803,18.75879950675477
0.9719169719169719,-3.0344236122526427,-5.156348057974536,-0.16043186415269764,-1.406759063967156,307.4873500535418,25.598754732567283,29.339332448094954
0.9721611721611721,-0.7895314298198745,-5.82846463617589,-0.086904489314176,1.5631809980751281,307.6465049966337,14.628807067226822,30.28667502050772
0.9724053724053724,1.9805969996335544,-5.562781786963965,-0.04863193098197571,-1.4788579545383282,307.8056599397256,14.853601052172221,30.14373444962311
0.9726495726495726,3.9217832378070256,-4.042213753061214,-0.19555199390964484,1.418104076352558,307.9648148828175,15.804050184559449,25.939001878810423
0.9728937728937729,4.86812027080289,-1.8831981742648323,0.30987181053467805,-1.21554330322947,308.1239698259094,19.51251417596868,29.331091109903184
0.9731379731379731,4.597828624839214,0.31653306153049454,-0.4171527406005028,1.0277786277632746,308.2831247690013,13.623740133460926,20.58390118783231
0.9733821733821734,3.102036110899416,1.9297507216071828,0.5088455704056426,-0.8624108462065276,308.4422797120932,16.230156999850212,50.019497320791416
0.9736263736263736,1.5141246941853153,2.573306730390643,-0.5295770869349351,0.7687250240427564,308.6014346551851,15.065167248270381,34.37029257868372
0.9738705738705739,0.33377371457080457,2.2643320718983833,0.35019346092471143,-0.5118452530850113,308.76058959827697,17.278838273032157,25.453035619947375
0.9741147741147741,-0.3577481134064855,1.2283365904400336,-0.2943262904151033,0.1644590145110112,308.91974454136886,5.6856123227825295,30.745506730097528
0.9743589743589743,-0.1318195127625975,0.2401999053614044,0.08829613889118028,-0.09773235828337777,309.07889948446075,8.261179452995625,32.641411085543616
0.9746031746031746,0.7204700909242043,-0.36547792902838283,0.3255022946050965,-0.13035228223589929,309.23805442755264,23.63572739467897,17.02887830868136
0.9748473748473748,1.8248494609923127,0.10273428694127493,-0.4475893486143029,0.1493973124714798,309.39720937064453,14.901163414897027,31.74457366716891
0.9750915750915751,2.2474315624320345,1.5182585622781395,0.6548930298049938,-0.3575634757344698,309.5563643137364,7.308190229328692,19.992643788521438
0.9753357753357753,2.112255997044172,2.9161762106879796,-1.002469942203349,0.2375172942569403,309.7155192568283,11.942536069934114,32.44908015680269
0.9755799755799756,0.8443344703540562,4.233846370242965,1.025257097473884,-0.060709373237528036,309.8746741999202,8.701634436588282,30.146537713337995
0.9758241758241758,-1.1458530494764123,4.837947359123163,-1.1123320045398075,-0.26217129776421283,310.0338291430121,13.91442844474823,34.44061402540671
0.976068376068376,-3.5253254745179876,4.303853608916022,1.3162593852796993,0.23250636657309504,310.19298408610405,27.978130349961734,43.58040587658556
0.9763125763125763,-5.227401404449709,2.4722639201700036,-1.3058521085210653,-0.3768717968258945,310.35213902919594,20.829469696747033,24.22171022830903
0.9765567765567765,-5.9006085079116115,0.11529864354838845,1.5022201173932999,0.4715173720612851,310.51129397228783,9.730800177090446,39.21453206260424
0.9768009768009768,-5.3302551414654475,-2.5264953115370816,-1.367847497213268,-0.7031646707366698,310.6704489153797,20.122958662471827,33.767203238587456
0.977045177045177,-3.8000482856848787,-4.5756512560555525,1.2842290815534245,0.8715667941602538,310.8296038584716,9.86265013753559,33.61652744984127
0.9772893772893773,-1.4527377887994903,-5.540899009036624,-1.1388057509590115,-1.026330530645754,310.9887588015635,14.780205614802627,35.95505712765091
0.9775335775335775,1.0802274326578745,-5.0580078889941475,0.9438987043791662,0.9309951670720789,311.1479137446554,17.54001910395887,32.80085045244626
0.9777777777777777,2.7364956181074507,-3.763291047956743,-0.6418194232306697,-0.9306277034557189,311.3070686877473,12.844981885661447,39.72418151849614
0.978021978021978,3.3652994692727685,-1.833472835776521,0.4913752873479634,0.9738549437502608,311.4662236308392,9.468319148165913,30.329311453381642
0.9782661782661782,2.920173473605663,-0.2255252703334295,-0.21464276114117878,-0.7421502683816368,311.6253785739311,10.192832368204872,36.84760122396128
0.9785103785103785,2.124386650989229,0.8526183139728709,0.06959844189888799,0.6194501419581026,311.78453351702296,18.951623505576165,37.83169662423302
0.9787545787545787,0.7706716491682838,0.8944117147893045,-0.08187579787161203,-0.45447168455980386,311.94368846011486,15.418968857720671,34.54867486189537
0.978998778998779,0.07762809127466665,0.16689376361327812,0.0030487449656265717,-0.016803195730943493,312.10284340320675,9.067877421236727,36.4957892939052
0.9792429792429792,0.08484018958324734,-0.809718257256168,-0.052838499282306745,0.3091528916365923,312.26199834629864,11.633951919811102,51.999405787315105
0.9794871794871794,0.9281195777140219,-1.4506908304048178,-0.21141954015331854,-0.4665070368295552,312.42115328939053,5.454802404831415,52.49073053174444
0.9797313797313797,2.2802327119314607,-1.4029685846687687,-0.0738158651322946,0.6435949705978653,312.5803082324825,10.849371832316399,46.29033191223351
0.9799755799755799,3.3923556510881303,-0.3516990940668226,0.24708278353942414,-0.9956778377847506,312.7394631755744,7.63049126056867,37.33387188663931
0.9802197802197802,3.9939396441845303,1.4243643190370154,-0.4611651152329152,0.9183864754589808,312.89861811866626,11.212049329109716,38.71919672259841
0.9804639804639804,3.6475564562901734,3.418433892047508,0.5462390102285513,-1.0334504690045454,313.05777306175816,16.945721783015063,48.945035056110676
0.9807081807081807,1.7657003219320233,5.009682869021658,-0.8436021090961321,1.0630648629680517,313.21692800485005,17.22815566509629,56.814867381696196
0.9809523809523809,-0.5203184621878829,5.609994848071754,1.0578641819101342,-0.9275516455146338,313.37608294794194,14.418108292485858,44.27298288293227
0.9811965811965812,-2.9427355423990327,5.2367476749520385,-1.0339439723092438,1.0317015227302895,313.53523789103383,16.117848783991885,43.99754680962913
0.9814407814407814,-4.9952889141076255,3.5058395402821088,1.2561395152268835,-0.6515365026169606,313.6943928341257,6.470360529891874,43.38392477824786
0.9816849816849816,-5.783075135838252,0.953030987529389,-1.1902145797350085,0.8812296390073656,313.8535477772176,8.47122326169942,39.9904150371119
0.9819291819291819,-5.285086563175,-1.5835488433298857,1.3342452861859215,-0.4009271500388968,314.0127027203095,4.472543837473908,63.391443441117296
0.9821733821733821,-3.733124430197508,-3.4879616570605263,-1.3984558053787841,0.19549196986876427,314.1718576634014,23.683668110675008,44.62950755262195
0.9824175824175824,-1.6610334354481098,-4.185659345379367,1.1546030440894104,-0.038414383179964415,314.3310126064933,17.352219380898973,51.00545618569209
0.9826617826617826,0.2786658234426568,-3.966470179950878,-1.0270264032742016,-0.09743839277775096,314.4901675495852,10.20453329997031,61.95852396119826
0.9829059829059829,1.4209500711028564,-2.8117052307474757,0.8621315498702713,0.15889150904713162,314.6493224926771,21.327714452813616,71.16929635581215
0.9831501831501831,1.7623645030318105,-1.301392275235537,-0.5784764157364691,-0.15921343395821394,314.80847743576896,8.316004664733047,59.117452291678916
0.9833943833943833,1.3243135575792835,-0.15499550790796043,0.17028287431048053,0.14593748832829911,314.96763237886086,17.832731839012936,58.37810297110778
0.9836385836385836,0.2739302065259483,0.1199177196016338,-0.01809300091640713,-0.12312707147698936,315.1267873219528,8.492730667801034,66.80873070621894
0.9838827838827838,-0.3477354215859285,-0.4990867992166978,-0.14241748904382445,-0.13923392401209167,315.2859422650447,22.783979440146368,70.95011901787305
0.9841269841269841,-0.5899248243138457,-1.3786138870963416,0.34031594620966055,0.21487571611518613,315.4450972081366,20.140416943432147,61.442039498673196
0.9843711843711843,0.02235759496396966,-2.548867093231441,-0.4644364180341497,-0.4722430487306704,315.6042521512285,10.286370323603542,56.913887060537995
0.9846153846153847,1.4666311606134887,-2.922105699515659,0.41019993603644894,0.4791365049431125,315.76340709432037,6.8484867223497075,74.9462322821392
0.9848595848595849,3.1234807987302773,-2.614035378694899,-0.49865727579225344,-0.8133619224513561,315.92256203741226,19.677372945159433,65.32846128935743
0.9851037851037852,4.648962848269842,-1.3274431270167382,0.5193624083899003,1.0317091587985354,316.08171698050415,15.03405488115915,63.46014398702279
0.9853479853479854,5.351706461502356,1.058574078229058,-0.47233797124805244,-1.2262433028759825,316.24087192359605,4.878335663052697,85.49437449482242
0.9855921855921856,4.688910366253159,3.4622212058297173,0.29678492628672043,1.5804351245278108,316.40002686668794,10.99767648260072,74.96104928462314
0.9858363858363859,2.890952914903827,5.074252310932394,-0.18328269372023212,-1.4087869392214372,316.55918180977983,16.00126892461046,85.97691510860678
0.9860805860805861,0.31113379306589073,5.888279939062427,0.05201771580841615,1.5429616198315717,316.7183367528717,13.993978649409547,91.57574645747616
0.9863247863247864,-2.1060595202596533,5.399971320002998,0.18035247014042355,-1.698573873629007,316.8774916959636,13.5196816930559,97.06588277618529
0.9865689865689866,-4.169002503804652,3.736408039696351,-0.32543055438177837,1.3010962658368723,317.0366466390555,9.996139253578107,94.30836254792749
0.9868131868131869,-4.735425052156086,1.5161594939762493,0.3704138271701738,-1.1586522762482458,317.1958015821474,8.624399481647114,95.4400007252438
0.9870573870573871,-4.623923641264067,-0.7915563659085356,-0.5383598350375929,1.2158080313127217,317.3549565252393,17.841778398165992,90.02321985049856
0.9873015873015873,-3.155949987592906,-2.1425810650755754,0.39087504133782747,-0.9647403030555157,317.5141114683312,15.327245518449686,121.54829978914943
0.9875457875457876,-1.585357691318529,-2.751833717593031,-0.2938727072416743,0.5305310787898503,317.6732664114231,13.68991067749769,125.78276301594465
0.9877899877899878,-0.22843137489202406,-2.115825936757776,0.4479843687886299,-0.3187565006145215,317.832421354515,9.720014421614326,124.00864061228575
0.9880341880341881,0.5246195283504992,-1.304190489636718,-0.3388402596983017,0.10728779089217474,317.9915762976069,15.65610740786697,134.73874454490755
0.9882783882783883,0.27624571333600295,-0.1644530654220819,-0.05572293187241498,-0.15850887270507755,318.1507312406988,20.715065753994512,133.31925483018156
0.9885225885225886,-0.6785793625037664,0.2828093410117184,0.08666182031430407,-0.014293986426880984,318.3098861837907,6.36439379354755,150.31206431189486
0.9887667887667888,-1.4860903101446978,-0.18846399673724354,-0.37890086317184335,0.004113940277874456,318.4690411268826,17.200143174596942,157.40909893731205
0.989010989010989,-2.173047521161114,-1.3204947817111148,0.6706341494598936,0.014944490898741475,318.6281960699745,19.42792901705715,171.7188789541126
0.9892551892551893,-1.9932071451368027,-2.710393507917259,-0.8339699896018027,0.0019254323047996902,318.78735101306637,9.78423299336881,199.39814157428208
0.9894993894993895,-0.48080257767335177,-4.238140295648016,1.029578849830183,0.00793341884277654,318.94650595615826,15.869757261351875,219.56520320780925
0.9897435897435898,1.4990702669709364,-4.588044686038471,-1.3128500790845903,-0.2132226930453843,319.10566089925015,13.611389447468838,243.65690751492824
0.98998778998779,3.4275397540436847,-3.852524149688758,1.3670928781506784,0.2558347642611993,319.26481584234205,22.83861494054159,279.8327968376404
0.9902319902319903,5.115562996063386,-2.0979001028148416,-1.4046575018932324,-0.430943443169687,319.42397078543394,6.4341424311961815,345.7367191310461
0.9904761904761905,5.656826613935331,0.21845081695793275,1.5107848002624882,0.6045494164926949,319.58312572852583,6.0066265004364,404.6787144622538
0.9907203907203908,5.276037015010402,2.835354558817487,-1.317523233535896,-0.8233434905666455,319.7422806716177,14.122351447905034,528.664108110351
0.990964590964591,3.412899614494325,4.707587343075499,1.2521989035247203,0.9139694113195704,319.9014356147096,12.565990363918976,712.0397274949413
0.9912087912087912,1.2785158049280125,5.464273711465561,-0.9966527334749156,-0.9143147151171046,320.06059055780156,26.571414463387807,1178.4680318445573
0.9914529914529915,-1.3980829725988546,4.955705195046817,0.9638541402949026,0.8516052388204751,320.21974550089345,16.467673499074944,3408.034652072535
0.9916971916971917,-2.8959925394328683,3.6295116334920525,-0.6465678878016472,-0.8318353491363905,320.37890044398534,18.368476366982193,3393.433680661064
0.991941391941392,-3.607781535298304,1.6347627738114447,0.43145005357283556,0.8079085053072698,320.53805538707724,16.657394617548967,1177.8012966950994
0.9921855921855922,-3.2283176734846077,-0.09824448867575764,-0.17935554758773464,-0.6268190637120571,320.6972103301691,18.79064769455454,701.7041688172418
0.9924297924297925,-2.18842820876881,-1.1376067234541751,0.13505721361755962,0.5598746082377583,320.856365273261,19.551549252289607,482.9369438024317
0.9926739926739927,-0.7756420621273619,-1.0780872362604892,0.24022157961430052,-0.2704012031695443,321.0155202163529,19.337954344126,397.482378618249
0.9929181929181929,-0.14304155399256788,-0.37993694352843205,-0.1336784160602776,0.109404864794674,321.1746751594448,16.802396283867097,314.9776961254362
0.9931623931623932,-0.3282141466205457,0.7294416181548945,0.0046461963618965405,0.044349729521573455,321.3338301025367,10.520684210409652,258.6799888813115
0.9934065934065934,-0.8450208059522282,1.217962536422297,-0.009485176063144848,-0.24312607387017196,321.4929850456286,21.274501872095318,227.22952103362746
0.9936507936507937,-2.181395244793595,1.2713348695150914,-0.2245098710838978,0.748990944875279,321.6521399887205,8.918969408341272,195.69550690841777
0.9938949938949939,-3.480108603528703,0.200806088449301,0.2587993088938601,-0.6856181265086296,321.81129493181237,16.66719210299396,163.88819611076295
0.9941391941391942,-3.585622125275572,-1.5962723806756045,-0.6255161094807168,0.9293567531069326,321.97044987490426,19.49498462233238,162.65673881211208
0.9943833943833944,-3.147121855711547,-3.4712337239374214,0.665952412798268,-0.9220866290327496,322.12960481799615,12.794644605465196,151.65632207598645
0.9946275946275946,-1.4132938290586419,-5.13093485905088,-0.8584170749087606,0.9094859793756753,322.28875976108804,15.388507420780444,135.93083563570218
0.9948717948717949,0.8107105844304928,-5.591009642642768,0.9262706328479822,-1.1032778539715442,322.44791470417994,13.156351868722806,121.38239252212924
0.9951159951159951,3.2066064788666595,-4.721523033906978,-1.0840396875039013,0.8631756578909441,322.6070696472719,7.471008658974139,115.32150432996782
0.9953601953601954,5.158009762149249,-3.0055870070566053,1.1483946232225604,-0.7390054947145812,322.7662245903638,15.28495871252485,106.73382372427234
0.9956043956043956,5.744024530765748,-0.5866527486694086,-1.3005413047108785,0.65831083903952,322.92537953345567,10.468595298748522,94.10739569345573
0.9958485958485959,5.380954217173975,1.9240380267910442,1.4392699904863184,-0.42524581703016223,323.08453447654756,9.627869900670738,89.7954832882684
0.9960927960927961,3.5721516694309035,3.787780363944339,-1.370812656802978,0.2429326124403467,323.24368941963945,22.217244302578656,93.44391909490152
0.9963369963369964,1.6482692646050172,4.340024806183996,1.182687118932968,0.038392563567817534,323.40284436273134,15.608580072805436,80.9423174008897
0.9965811965811966,-0.4444603332978326,4.004926193586403,-0.9943297302834513,0.0423975339738263,323.56199930582324,24.298914857793267,72.17379784283095
0.9968253968253968,-1.7054048476137382,2.647556763262749,0.8834545683231194,0.20263340534021684,323.7211542489151,8.416627121588816,74.52518874405342
0.9970695970695971,-1.882722523726834,1.2193612576681416,-0.5959969646905829,-0.18979319347298043,323.880309192007,14.193365370358116,84.94141263377475
0.9973137973137973,-1.5099139696690633,-0.03333742804829001,0.43315350376669404,0.10088536553686382,324.0394641350989,27.169180037155147,76.60749742038553
0.9975579975579976,-0.3726383621167486,-0.1554684866750955,-0.12429607207279836,-0.10518654793790366,324.1986190781908,25.606967835165218,59.867009314626465
0.9978021978021978,0.3218654386710821,0.07047446799177826,-0.11849834086487517,-0.13428353469824977,324.3577740212827,24.714818102420402,63.64282305593134
0.998046398046398,0.5416659816474361,1.4205569495578774,0.29711918472320614,0.3027186109490204,324.5169289643746,16.6043066649859,54.34453168576963
0.9982905982905983,-0.11967201736860929,2.525718041668352,-0.3540041909675905,-0.4463869632955731,324.6760839074665,11.495884612872262,55.50761205261383
0.9985347985347985,-1.4984546429447956,2.955231388493568,0.6327099380934142,0.6984334496914926,324.83523885055837,7.866134606197871,49.547660644471726
0.9987789987789988,-3.303568009032251,2.3439237570118614,-0.5870803660048682,-0.7280417494641047,324.99439379365026,13.829776250171442,52.61741668504537
0.999023199023199,-4.735158748265333,0.8871523189079272,0.501779194043819,1.067551848330934,325.1535487367422,13.19935907350172,58.549640745659765
0.9992673992673993,-5.080839719400656,-1.2465390277682622,-0.4155446097977343,-1.2052396149523117,325.3127036798341,1.8107151386409874,41.2367118255673
0.9995115995115995,-4.224083932307808,-3.544156290512699,0.34917817585992467,1.3324965421632535,325.471858622926,13.434091354639992,49.83464349890637
0.9997557997557998,-2.517512250132891,-5.149713108726462,-0.07569020840253679,-1.3045805140941271,325.6310135660179,18.966280832545806,42.44571947375466
1.0,-0.13190629887165511,-5.963122443629471,-0.022534206209407513,1.3246509461109706,325.7901685091098,5.060671931869952,48.598098938160824
