Frequency,Summed Intensity
-564.463,0.026128704965767503
-564.424,0.040555319369825246
-564.385,-0.013418610619078213
-564.346,0.015306516554973811
-564.307,-0.007710372750164003
-564.268,0.0005803026849538068
-564.229,-0.02050093907809416
-564.19,-0.02901444093932742
-564.152,0.0038867193267176775
-564.113,-0.009890162440064626
-564.074,0.041569248745309526
-564.035,0.0036165128467909274
-563.996,-0.01952434038808864
-563.957,0.0014182625801468307
-563.918,0.004247479106272387
-563.879,-0.011167326566069813
-563.84,0.004712633398117129
-563.801,-0.011427376586825983
-563.762,0.003401174947895028
-563.724,0.016551959898418834
-563.685,-0.02314425132080955
-563.646,0.025964326222855244
-563.607,-0.04401207852006673
-563.568,-0.021063101973431222
-563.529,-0.019883352358323107
-563.49,-0.020002997629742423
-563.451,-0.04075657837419788
-563.412,0.020493202631587278
-563.373,0.018553634359703038
-563.334,-0.025984699508878103
-563.296,0.031436130229223994
-563.257,-0.00885960296977283
-563.218,0.019811970069312304
-563.179,-0.00923195991221558
-563.14,-0.024641965845626737
-563.101,0.05573341647855452
-563.062,-0.005744625533959798
-563.023,0.020672478776620325
-562.984,-0.025374337791572978
-562.945,-0.002687074856846246
-562.906,0.01400664436773674
-562.867,0.047274988365625305
-562.829,-0.005870454760528105
-562.79,0.012260636940010172
-562.751,-0.009697690843587244
-562.712,0.002998853960270382
-562.673,-0.007404606929490381
-562.634,-0.019154831899371626
-562.595,-0.02530911276561713
-562.556,0.02173852686019341
-562.517,-0.0027693763565011346
-562.478,-0.0296495260902331
-562.439,0.003487523873018185
-562.401,0.015062049006766486
-562.362,-0.003576801049873738
-562.323,-0.011371754757894497
-562.284,-0.0015907326293339314
-562.245,0.024034028746304035
-562.206,0.004109939351696043
-562.167,0.028578973367376102
-562.128,-0.05380315728628493
-562.089,0.01937623559507551
-562.05,0.030425429678123683
-562.011,0.028393931385926406
-561.972,-0.01565196057724567
-561.934,-0.028565874716013614
-561.895,0.030769468247691105
-561.856,-0.005750154002817304
-561.817,-0.01846485731519094
-561.778,0.003750897075803358
-561.739,-0.008322833696246899
-561.7,-0.031120897903260926
-561.661,-0.010731063478509785
-561.622,-0.0313662811239295
-561.583,-0.016187465207367267
-561.544,0.00632916603020971
-561.506,-0.001490859906518868
-561.467,0.005814740364943349
-561.428,0.0015211709574335097
-561.389,-0.049165394765377
-561.35,0.005582404857495775
-561.311,0.01926664386649079
-561.272,0.05024344454776245
-561.233,0.015549757705975638
-561.194,-0.00849605569033485
-561.155,0.04570790341143682
-561.116,0.010107765998690099
-561.078,-0.011048119162835813
-561.039,-0.03818301395593557
-561.0,-0.022585300622330974
-560.961,-0.01739550752096477
-560.922,0.011083053318018928
-560.883,0.023766593824174766
-560.844,-0.007841569143876978
-560.805,0.013518243231526431
-560.766,0.014704386323358066
-560.727,0.010741621310496293
-560.688,-0.00727133629910837
-560.649,-0.03301659945942093
-560.611,0.015378568680475681
-560.572,-0.03066059269923102
-560.533,0.020735683767899936
-560.494,0.001555767278715891
-560.455,-0.0012676052280092718
-560.416,-0.015304476312105563
-560.377,-0.02949483303388869
-560.338,0.01952908788977005
-560.299,-0.025951700422841038
-560.26,0.013244204365961916
-560.221,-0.003092459211408818
-560.183,-0.019079723075312728
-560.144,-0.0009559891197719122
-560.105,-0.01752636266041808
-560.066,0.010233802807646932
-560.027,-0.0002901338279062936
-559.988,-0.026529901236119337
-559.949,0.014752246401930198
-559.91,-0.008399496036745297
-559.871,0.01634327598700246
-559.832,-0.0017768684595678705
-559.793,-0.022141126384113113
-559.755,0.01433455504667207
-559.716,0.017572338989269937
-559.677,0.00517975074459501
-559.638,-0.0016286063559008222
-559.599,-0.048441754446299445
-559.56,0.00918077959230461
-559.521,0.00498847316249942
-559.482,0.012414532671380794
-559.443,0.01722232366679173
-559.404,-0.03030760011968653
-559.365,0.005437655619289777
-559.326,0.02209678125140502
-559.288,0.008127558976772963
-559.249,-0.021069485608089696
-559.21,-0.0294577007636812
-559.171,0.024720003961640053
-559.132,-0.01339121833890802
-559.093,-0.018292086942367322
-559.054,-0.019000194413902365
-559.015,-0.002579281024847113
-558.976,-0.015750043463357462
-558.937,-0.01212801946219031
-558.898,-0.012246214974020845
-558.859,-0.015268811729513072
-558.821,-0.0012785032018608243
-558.782,0.0038088933819496367
-558.743,-0.04193532101534938
-558.704,-0.0057431921767867305
-558.665,-0.005622974665831762
-558.626,-0.010303486971560442
-558.587,-0.0007973108816955749
-558.548,0.003965930448987364
-558.509,0.02157431020891832
-558.47,0.019804149861696305
-558.431,-0.006264836395922029
-558.393,0.009227929422160379
-558.354,-0.030088633795616895
-558.315,0.004947555038853604
-558.276,0.013449271058447943
-558.237,-0.00798486003557077
-558.198,0.01115240151823967
-558.159,-5.4579492384522824e-05
-558.12,0.011164891614033811
-558.081,-0.0013006874556461903
-558.042,-0.004450068197858521
-558.003,-0.0037537711754063972
-557.965,0.018878528736414893
-557.926,-0.005019848569796821
-557.887,-0.014467469703947602
-557.848,0.00025375336949047707
-557.809,0.015984616821150786
-557.77,0.012425726947855655
-557.731,0.004271364239520577
-557.692,-0.012782540920791896
-557.653,0.00498850652292261
-557.614,-0.014061109821052997
-557.575,0.0034009156194717773
-557.536,0.008770953360909283
-557.498,0.02857249695755093
-557.459,-0.014028693289472326
-557.42,0.001823422126362305
-557.381,0.007409033887998033
-557.342,0.0023926239251917314
-557.303,-0.006940293100414184
-557.264,-0.02692305661662898
-557.225,0.016954716535510707
-557.186,0.01778129699213144
-557.147,-0.020997756694675483
-557.108,-0.007101481423714446
-557.07,-0.0313397461893217
-557.031,-0.014784203244136606
-556.992,-0.0030407619047933803
-556.953,0.0015234253516250972
-556.914,0.016964476951626915
-556.875,-0.010878312050001476
-556.836,-0.007327699491585912
-556.797,0.022626233165288008
-556.758,-0.029363325941239977
-556.719,-0.021345865016676926
-556.68,0.006155493563109933
-556.641,-0.0341311582831515
-556.603,-0.016317504149294428
-556.564,-0.028229766407525586
-556.525,0.011327386876721449
-556.486,0.017785201263254544
-556.447,-0.016804653639933987
-556.408,0.013894346586925494
-556.369,0.020164061566375818
-556.33,0.0034373040099275106
-556.291,0.010468422021463442
-556.252,-0.008110355312281332
-556.213,-0.004866063770207232
-556.175,0.0015889381431178767
-556.136,-0.0019336009608194602
-556.097,0.0016962462119701795
-556.058,0.016349226596335316
-556.019,0.038666268760077886
-555.98,-0.028244344044541066
-555.941,0.018557341919507468
-555.902,0.028608525446945986
-555.863,0.04214006044148215
-555.824,-0.006970134187019738
-555.785,0.0036046664830677176
-555.747,-0.007024947203138419
-555.708,0.011761634732783218
-555.669,-0.01960070802201786
-555.63,0.008906389088416464
-555.591,0.004906955363050356
-555.552,-0.005201627724887237
-555.513,0.013484852484939861
-555.474,0.04631039999055102
-555.435,0.012193257834638378
-555.396,1.4477578059871824e-05
-555.357,0.01820955547130935
-555.318,0.023053831945635532
-555.28,0.005135077948488905
-555.241,-0.043293636422711966
-555.202,0.03269781441041365
-555.163,0.0032950746133197707
-555.124,0.01868010647092232
-555.085,-0.011198601293181709
-555.046,-0.009526027559163375
-555.007,0.009518061544307458
-554.968,0.0022579358176826273
-554.929,-0.005821158300152448
-554.89,-0.004175799661495383
-554.852,-0.017967835439585574
-554.813,-0.0034256230279590388
-554.774,0.014383006212587451
-554.735,-0.017776290235509203
-554.696,-0.010102156967597375
-554.657,0.009845606668186117
-554.618,0.01528618683546157
-554.579,-0.0015334222185853486
-554.54,0.039783208355131536
-554.501,0.008372108438653936
-554.462,0.02975883563690264
-554.424,-0.008504261477021154
-554.385,0.014101115630167063
-554.346,0.014663474879789183
-554.307,0.03060718990630053
-554.268,-0.004700328321616228
-554.229,-0.04839388976418209
-554.19,0.008042059105226663
-554.151,-0.007035121396531499
-554.112,0.02576684523099581
-554.073,0.004460016678064103
-554.034,-0.010415461374914226
-553.995,-0.045025744663246624
-553.957,-0.0014127245838813883
-553.918,0.009322822257836498
-553.879,0.02448318546556846
-553.84,0.04485580136398372
-553.801,0.019751776930413363
-553.762,0.004071530927425479
-553.723,0.004232964193868789
-553.684,0.014185917569893403
-553.645,0.005974486702716727
-553.606,-0.004131707490288891
-553.567,0.0038660313505368463
-553.529,-0.02126885466603065
-553.49,-0.0211496954219901
-553.451,0.032331627103665855
-553.412,-0.01819619623504299
-553.373,-0.0026757297475937638
-553.334,0.033122398729584085
-553.295,-0.00503298922836425
-553.256,0.015564931505225355
-553.217,0.017975000302189608
-553.178,-0.019169614685239887
-553.139,-0.0010863698160483212
-553.1,0.02525298070375336
-553.062,-0.01310633566056809
-553.023,-0.018550015759191456
-552.984,0.007666737679255003
-552.945,0.0028340209311794526
-552.906,0.010324751327360075
-552.867,0.014213361390414398
-552.828,0.027177965447958037
-552.789,-0.004939895978925827
-552.75,-0.00041960893740401175
-552.711,0.011459021706475728
-552.672,-0.0009620518569662733
-552.634,0.028755685402582956
-552.595,-0.018606941053807217
-552.556,0.008312534165968643
-552.517,-0.013450398683241833
-552.478,-0.002017517422832474
-552.439,-0.0013122545441339277
-552.4,0.03855183823052565
-552.361,-0.009365155665172141
-552.322,-0.008251252869157913
-552.283,0.0265044916606915
-552.244,0.006234850991105252
-552.206,-0.0035536336953859273
-552.167,-0.010729275162714155
-552.128,-0.018901511740114268
-552.089,-0.023431093252686584
-552.05,0.026375584040743114
-552.011,-0.013477471375325737
-551.972,-0.002377328275794538
-551.933,-0.0016260765309482027
-551.894,-0.004627803325826083
-551.855,0.004294770135012572
-551.816,0.015406379384268783
-551.777,0.01473547226466025
-551.739,-0.0037051899821544517
-551.7,0.009070937830855788
-551.661,0.006068191637171375
-551.622,-0.030252636446414367
-551.583,0.0008095175575023879
-551.544,0.009009449684006958
-551.505,0.006212997839831927
-551.466,0.02309149612605597
-551.427,0.024064696939273995
-551.388,0.007924460468280487
-551.349,0.024943445102326024
-551.31,0.0007979503572079182
-551.272,-0.014877559753625336
-551.233,0.007504357962493235
-551.194,0.0388273130680898
-551.155,0.001938929593013553
-551.116,0.01729178908726147
-551.077,-0.019463135330366976
-551.038,-0.03662128369790642
-550.999,-0.04989263556925206
-550.96,0.027962214604822747
-550.921,-0.02655416611881234
-550.882,0.022543793577226814
-550.844,0.01511197448616058
-550.805,-0.01962718078617121
-550.766,0.008479984816839994
-550.727,0.0070679008480521496
-550.688,-0.013947374251465309
-550.649,-0.004061471798378323
-550.61,0.01016725321874984
-550.571,0.007818633562027949
-550.532,-0.03633310944168883
-550.493,-0.006165564514775475
-550.454,0.024464656858558392
-550.416,-0.03479185859788152
-550.377,0.023254164141738885
-550.338,0.010362086178874009
-550.299,-0.0008117653548893201
-550.26,0.007097628536382844
-550.221,-0.02018216804587911
-550.182,-0.011222220384011798
-550.143,-0.0015331565809528292
-550.104,0.002803410109478415
-550.065,0.03485540793983189
-550.026,0.008637917150483794
-549.987,-0.01438337942157134
-549.949,0.029038553857345623
-549.91,-0.0007114889705504973
-549.871,-0.0010486992571309825
-549.832,-0.02557514496048887
-549.793,0.023810930316437676
-549.754,0.0008060620669306552
-549.715,-0.01939638096223487
-549.676,-0.0036894253097496943
-549.637,-0.007965342393368872
-549.598,-1.3187374508986439e-05
-549.559,0.0076490335793304495
-549.521,-0.007404779983330618
-549.482,0.031099139056864546
-549.443,0.01633630266952657
-549.404,0.015313606519610026
-549.365,0.028450824771660964
-549.326,0.02036157801201576
-549.287,0.01229876286707926
-549.248,0.010385690754005906
-549.209,-0.010952133861282376
-549.17,0.012484782671240969
-549.131,-0.027148903126566842
-549.093,-0.012564910149054143
-549.054,2.6035610707205933e-06
-549.015,-0.007084596146063164
-548.976,0.027488444916556984
-548.937,-0.04246355513336965
-548.898,0.0019656305686291745
-548.859,0.009648375322921867
-548.82,-0.06411560939648181
-548.781,0.002040600421862316
-548.742,0.012879211863056763
-548.703,0.00904720571296111
-548.664,-0.0030630254669607934
-548.626,-0.0098491194140659
-548.587,-0.001783967818743102
-548.548,0.0018569838393107958
-548.509,0.0014295932328116058
-548.47,0.02223992853397761
-548.431,0.007672462115146327
-548.392,-0.013506865419084201
-548.353,-0.028344263413956884
-548.314,-0.011857277191881687
-548.275,0.0031849833730641305
-548.236,0.014464189877704568
-548.198,-0.008261223270979435
-548.159,-0.0027998886788644377
-548.12,-0.03636299461630159
-548.081,-0.04136628845621551
-548.042,-0.009145920740935334
-548.003,-0.017401793016570438
-547.964,-0.03688398792129034
-547.925,-0.030538849263741612
-547.886,0.016194737472453483
-547.847,0.016087191133150165
-547.808,-0.02039114033170913
-547.769,-0.013989614219394153
-547.731,0.015576912215326212
-547.692,-0.013600511053839942
-547.653,-0.020061254695330575
-547.614,0.011724746865447163
-547.575,0.003400989094810172
-547.536,-0.009304822032855735
-547.497,-0.02356060579996027
-547.458,0.009327390984590359
-547.419,-0.00781497411220958
-547.38,-0.01549410960918153
-547.341,-0.01327873258526403
-547.303,0.013728352631986943
-547.264,0.013775087091895894
-547.225,-0.013145769693344807
-547.186,0.01585197855304845
-547.147,0.04072099927508741
-547.108,0.025142867906054484
-547.069,-0.01516631291135649
-547.03,-0.021644903129283043
-546.991,0.03563101270305109
-546.952,0.010067119844746427
-546.913,0.003510087544149608
-546.875,-0.022943122065152474
-546.836,0.005381995000099482
-546.797,-0.05273459873382357
-546.758,0.002750039251305615
-546.719,0.030866808662939005
-546.68,0.01724356930118516
-546.641,-0.027484393414897834
-546.602,-0.020320063620894606
-546.563,0.03434381946690232
-546.524,-0.016411260010457764
-546.485,-0.0005712307058970655
-546.446,0.030427564290796957
-546.408,-0.02590297482755233
-546.369,-0.00022219204544317393
-546.33,-0.004129277003409422
-546.291,0.0011289824028967183
-546.252,0.03872942570993101
-546.213,0.02670439918679452
-546.174,0.011463900655453892
-546.135,-0.004729542955130965
-546.096,0.01359646646118874
-546.057,0.003456511096622237
-546.018,0.03755697442319075
-545.979,0.010128401774099776
-545.941,-0.00990698484915523
-545.902,-0.0036699785087776545
-545.863,-0.007568165498028934
-545.824,-0.0013723354410959676
-545.785,-0.010950941155906701
-545.746,0.0027859401822988078
-545.707,-0.023404764406257404
-545.668,-0.019934365461737984
-545.629,0.02626521389465292
-545.59,0.013603758207002856
-545.551,0.002422688337245958
-545.513,-0.028221767772046175
-545.474,0.004674490556690044
-545.435,0.011239843479030235
-545.396,0.013106578423333617
-545.357,-0.0015854534954177517
-545.318,-0.011021724091164585
-545.279,0.003937794684749224
-545.24,0.026011422241744665
-545.201,0.0029697676567284476
-545.162,-0.0049409059050179146
-545.123,-0.012084001269137092
-545.085,0.001473592682971671
-545.046,0.010233866978871343
-545.007,0.011052267141925073
-544.968,0.002324963696975312
-544.929,-0.004263375906163583
-544.89,0.01544395963352459
-544.851,0.0069400528023779275
-544.812,-0.007585209394186377
-544.773,0.003716235213691175
-544.734,-0.012001783912834957
-544.695,-0.028984065125830745
-544.656,-0.021016852487467652
-544.618,-0.008522938950570368
-544.579,-0.010394970526784612
-544.54,-0.023898951206396558
-544.501,-4.465288507052127e-05
-544.462,-0.036791365867075695
-544.423,-0.015270393172380128
-544.384,-0.01370202749640877
-544.345,-0.012720394659666734
-544.306,-0.030511598297900296
-544.267,-0.01093984555124005
-544.228,0.021755108993976403
-544.19,0.0037113625204112455
-544.151,-0.044107710934142313
-544.112,-0.028282866602248175
-544.073,0.01154279190556651
-544.034,0.0057421256474327765
-543.995,0.007534973414977608
-543.956,-0.04485981998441098
-543.917,0.009249900951940816
-543.878,0.002744165567528638
-543.839,0.03931322020911497
-543.8,0.01773764349093005
-543.761,-0.030349393796400805
-543.723,0.025291511927875206
-543.684,0.0015395479347048054
-543.645,-0.001525775463778526
-543.606,0.016157345650260918
-543.567,0.01832074707544797
-543.528,0.017267396821805503
-543.489,0.004037530614082327
-543.45,0.01974812811778509
-543.411,-0.015747996598339836
-543.372,-0.018039861910258775
-543.333,0.0070964466326311525
-543.295,0.0006476352139274173
-543.256,-0.043403243063012006
-543.217,0.02552246407860103
-543.178,-0.00867136062067746
-543.139,-0.0014030426307432634
-543.1,0.03742147462108912
-543.061,-0.004769292744173332
-543.022,0.03376594352421645
-542.983,-0.01110705344522631
-542.944,0.005734443341893586
-542.905,0.01138609867466279
-542.867,0.018806384657922597
-542.828,-0.008798499168244621
-542.789,0.014987235314202527
-542.75,0.0037131090720364072
-542.711,-0.005552474357457614
-542.672,-0.03833087022665932
-542.633,0.0158437747019322
-542.594,0.022918125359751115
-542.555,0.01273850791084588
-542.516,0.004309961550189908
-542.477,-0.021643142764651308
-542.438,-0.008205121797947378
-542.4,-0.014935182062494914
-542.361,0.017215023855770513
-542.322,0.012284321842338106
-542.283,-0.029381600483217245
-542.244,0.008543605511525294
-542.205,0.0041374446911680626
-542.166,0.0026252570427823985
-542.127,0.010372361610659492
-542.088,-0.005976081957526771
-542.049,0.006635666768623043
-542.01,-0.016895744364142082
-541.972,0.030539039850034186
-541.933,-0.00818717220258257
-541.894,0.028538917935965726
-541.855,0.02777030248925271
-541.816,-0.027938727843433642
-541.777,0.023536981268102285
-541.738,0.006626559882477497
-541.699,0.021997940311816153
-541.66,0.024562382144589497
-541.621,0.008728945608575367
-541.582,7.874789232745726e-06
-541.544,-0.02203805823061144
-541.505,-0.006880250281038439
-541.466,-0.006094058868470751
-541.427,0.0019510330013676495
-541.388,0.009221904491950778
-541.349,0.01559784188062207
-541.31,0.009082678478848022
-541.271,0.02543107924433948
-541.232,0.0019358587833283227
-541.193,0.01791485058699823
-541.154,0.018900465910231104
-541.115,0.005524754523779108
-541.077,-0.005458121623241869
-541.038,0.012355991741724968
-540.999,-0.019100608288857127
-540.96,-0.04088071972216931
-540.921,-0.026189833653046148
-540.882,0.023495067525896043
-540.843,-0.021154803001207884
-540.804,-0.0015683605453677193
-540.765,0.011286730900117968
-540.726,-0.010057721644490297
-540.687,-0.0007450762342251947
-540.648,-0.009653090568946955
-540.61,-0.004323707086929662
-540.571,0.013132832011685597
-540.532,-0.00929278589349184
-540.493,-0.02020881980799004
-540.454,0.03969910016300319
-540.415,-0.021473725402553566
-540.376,0.016359085556183112
-540.337,-0.0013840363483882245
-540.298,-0.012046623769615426
-540.259,-0.012320347611623261
-540.22,-0.016299849734217827
-540.182,-0.004001758557177418
-540.143,0.007019874475440575
-540.104,-0.008419629043740079
-540.065,0.0012122267031265486
-540.026,-0.017344454412650027
-539.987,0.02786678054688305
-539.948,0.03845644182503311
-539.909,-0.011006905761641863
-539.87,0.001920715524270205
-539.831,0.019060289876240845
-539.792,0.01616232594851941
-539.754,-0.014029062432655356
-539.715,-0.022569901998186793
-539.676,0.008915967857212995
-539.637,0.013864251605122021
-539.598,0.013603294511740931
-539.559,-0.01393146653801719
-539.52,-0.0038967230250726726
-539.481,0.01343928009724241
-539.442,-0.011056910188899224
-539.403,-0.05070244181898347
-539.364,-0.008877162461136064
-539.326,0.022780831899513316
-539.287,0.022384364699600978
-539.248,-0.018681486357503507
-539.209,-0.01254095934554334
-539.17,0.02297478366662046
-539.131,0.02262124115345319
-539.092,-0.015465751361527384
-539.053,-0.0314806361792627
-539.014,-0.03798678223821286
-538.975,0.010564539788994437
-538.936,0.02471799518070475
-538.897,-0.007752211574591249
-538.859,0.006398950205716792
-538.82,0.028804930176820225
-538.781,-0.02832256234533028
-538.742,0.028352987464482393
-538.703,-0.030871379146761812
-538.664,-0.005857173025898636
-538.625,-0.021018630527775924
-538.586,-0.007669482283400005
-538.547,0.00828676225838531
-538.508,0.02199600892625568
-538.469,-0.025620991195175663
-538.43,-0.017685791202113867
-538.392,0.011526025583318077
-538.353,-0.028291577250290075
-538.314,0.009249072660419516
-538.275,0.0010094328442437786
-538.236,-0.039703095122724484
-538.197,-0.0019640430061361263
-538.158,-0.008874926651830978
-538.119,-0.028795398497004857
-538.08,0.012817685280849103
-538.041,-0.007521505487933798
-538.002,-0.023308064125390663
-537.964,-0.010325621076892728
-537.925,-0.003533705862236605
-537.886,-0.009728372493440635
-537.847,-0.02243901437914455
-537.808,-0.016081615208030302
-537.769,0.02388646814518745
-537.73,-0.0009184545498510634
-537.691,-0.011683506233528063
-537.652,-0.005355512997858644
-537.613,-0.01613535916507844
-537.574,0.00944264079047687
-537.536,0.0011609477010330847
-537.497,0.0022235271156148297
-537.458,0.008733771794406691
-537.419,-0.024822646131542815
-537.38,0.00047685543167786423
-537.341,0.0063276585807090285
-537.302,-0.02628886154488483
-537.263,0.01188061705841164
-537.224,-0.013052573683376714
-537.185,-0.01839138043716972
-537.146,0.01589250936727722
-537.107,-0.005967121996877756
-537.069,0.006181528179625183
-537.03,-0.03668824667366965
-536.991,-0.013844583391860666
-536.952,-0.0013468407518705014
-536.913,0.016039367806599945
-536.874,-0.0031603368572435367
-536.835,0.02410280061566801
-536.796,0.02337989923507925
-536.757,0.02268710179478828
-536.718,0.015806397124345506
-536.679,0.014295432306090438
-536.641,-0.028306540235556493
-536.602,-0.04713497346351471
-536.563,-0.013300061629476206
-536.524,0.0017772924291035762
-536.485,0.01749011920376449
-536.446,-0.012348403165264955
-536.407,-0.008402654516174363
-536.368,-0.028047601289441067
-536.329,0.016663029287971594
-536.29,-0.015020157252409828
-536.251,-0.014858346372208005
-536.213,0.020612447443642518
-536.174,-0.024779123644686013
-536.135,0.004552830066347064
-536.096,0.016350649743105607
-536.057,0.0351914685610905
-536.018,-0.01705108441409064
-535.979,0.011358793983785484
-535.94,-0.023625152708222952
-535.901,-0.027071879434249026
-535.862,-0.00966645986700677
-535.823,0.05133841347959618
-535.784,-0.011533611199260788
-535.746,-0.01688592244940891
-535.707,0.009660009343766714
-535.668,-0.010780555048041474
-535.629,0.00427788512923138
-535.59,-0.0033684655164390818
-535.551,-0.0014423498259236757
-535.512,0.0031974984224983696
-535.473,0.010773448309463496
-535.434,-0.001478203919635655
-535.395,-0.01780532234586375
-535.356,-0.009384753378695782
-535.318,0.02888884997373584
-535.279,0.02107883822738567
-535.24,0.003986928394512586
-535.201,0.00932248411020266
-535.162,0.014093694330685354
-535.123,-0.006455885668044633
-535.084,-0.01296395195054648
-535.045,0.00742578502736411
-535.006,-0.00778092868104895
-534.967,0.0014017542147553557
-534.928,0.01250494068407718
-534.889,0.017310052023834205
-534.851,0.0027794900756427966
-534.812,0.015767915219522033
-534.773,0.02001890834764262
-534.734,-0.0056062173444163
-534.695,-0.026049988673177094
-534.656,-0.01189691837278486
-534.617,-0.003088144885699062
-534.578,0.006029844071079076
-534.539,-0.01734939436365674
-534.5,0.010031545228974663
-534.461,-0.016375363053022767
-534.423,0.02755803491857472
-534.384,-0.015251955805413504
-534.345,0.0026528477476465053
-534.306,-0.019039852943680078
-534.267,-0.05312107889591258
-534.228,0.002640286099777464
-534.189,0.004331521932010626
-534.15,0.007460953702854446
-534.111,0.017116392442403202
-534.072,0.012102794446168257
-534.033,0.002928096637672354
-533.995,-0.012206240798201085
-533.956,-0.00040640125091492754
-533.917,0.005405106403680414
-533.878,-0.0017442743715277431
-533.839,0.012420502765917439
-533.8,-0.029250623293231446
-533.761,-0.0007254189148123459
-533.722,-0.01942167108560639
-533.683,-0.02963871390338159
-533.644,-0.01861917536285268
-533.605,0.025781939569137692
-533.566,-0.030539874174638243
-533.528,-0.0008035645239926402
-533.489,-0.02068635039529307
-533.45,-0.021267944776557943
-533.411,-0.01573742145990938
-533.372,-0.00551228186099701
-533.333,-0.012176907977747058
-533.294,-0.02736820901819017
-533.255,-0.012778695162450254
-533.216,-8.46182581840456e-05
-533.177,0.009309937373856545
-533.138,0.0008963751755857452
-533.099,0.018415149606945607
-533.061,-0.018811540899798668
-533.022,0.01052801264527478
-532.983,-0.007949904709197078
-532.944,-0.00787848882737529
-532.905,0.03791551613616664
-532.866,0.01760381286090653
-532.827,-0.008691816686455113
-532.788,0.04150315721768296
-532.749,0.034433229893640636
-532.71,-0.005881735504030394
-532.671,0.013492587960753543
-532.633,-0.03731120982875748
-532.594,0.023822898080722223
-532.555,-0.013099978562169132
-532.516,0.008629638740319667
-532.477,-0.017273712118588642
-532.438,-0.04258433238360427
-532.399,-0.01509916698611578
-532.36,-0.014409466961130471
-532.321,5.646022788118477e-05
-532.282,0.013388410645841304
-532.243,-0.0011124267670626778
-532.205,0.021928144535147413
-532.166,-0.02948456115103035
-532.127,0.022955337233586393
-532.088,0.013687922136954939
-532.049,-0.038103753229938364
-532.01,0.01772305038627171
-531.971,-0.010925993448526019
-531.932,-0.013787687157501291
-531.893,-0.019910860193193086
-531.854,-0.024676832897154687
-531.815,0.003901956460689979
-531.776,0.007337625436787494
-531.738,0.01217848092039259
-531.699,0.01110111436324186
-531.66,-0.012722951039269844
-531.621,-0.004733978012750599
-531.582,-0.0016502944233886701
-531.543,-0.015202936507345208
-531.504,-0.012997070899405595
-531.465,0.024965095401859552
-531.426,0.013197067727415503
-531.387,-0.020745306035883326
-531.348,0.0032124938675312433
-531.31,0.013505413548227374
-531.271,-0.0056672784459771905
-531.232,0.020958131828444346
-531.193,-0.02710650674747659
-531.154,0.011231421831943273
-531.115,-0.0057520767584096424
-531.076,-0.02592093036223021
-531.037,-0.005511349606908574
-530.998,-0.01965460474434303
-530.959,-0.008107145209313563
-530.92,-0.04252962668631562
-530.881,0.03003278880671833
-530.843,0.03467024543237956
-530.804,-0.028059265551989072
-530.765,0.008462480580358131
-530.726,0.01206880031831007
-530.687,0.007790189261141939
-530.648,-0.016513585346026823
-530.609,-0.017396007661296058
-530.57,0.009665286850706858
-530.531,0.009878571047837972
-530.492,0.01886243371345956
-530.453,-0.02404350198617397
-530.415,-0.014567050257644857
-530.376,0.013084178909126935
-530.337,-0.002579913254577411
-530.298,0.015271639280240265
-530.259,-0.018899874174303454
-530.22,0.019703551460227342
-530.181,-0.0055481941424952485
-530.142,-0.01258808372321421
-530.103,0.004945961750405589
-530.064,-0.0047735375169835215
-530.025,0.01184135525244984
-529.987,0.021661656430015518
-529.948,0.00890475862816151
-529.909,0.014785998130652516
-529.87,-0.04032255950745159
-529.831,-0.0037063127855794043
-529.792,-0.05121671896648237
-529.753,0.019934239080579973
-529.714,0.028314933436185484
-529.675,-0.019261095347777007
-529.636,0.03438436196727884
-529.597,-0.02425993916884142
-529.558,0.008642271822978272
-529.52,0.01782847558695456
-529.481,0.04362665940816263
-529.442,0.005911842510373241
-529.403,0.0063250249925394094
-529.364,-0.0028867000196312323
-529.325,0.01172871553482378
-529.286,-0.0070095390124515385
-529.247,0.005887610607063566
-529.208,0.014598318313882723
-529.169,-0.019326007762036183
-529.13,-0.01303801388326077
-529.092,-0.0125199508958178
-529.053,-0.026695016091367624
-529.014,-0.004224706359244605
-528.975,-0.008583224915368585
-528.936,0.017312590266141386
-528.897,0.003389808847669409
-528.858,0.01894020254746532
-528.819,-0.02725351542228987
-528.78,0.036663517710733506
-528.741,-0.011741229742067033
-528.702,-0.013403290294343628
-528.664,-0.0049795827909392895
-528.625,-0.0023800018358911476
-528.586,-0.005629214171605858
-528.547,0.00968710908266093
-528.508,-0.0021187134351316993
-528.469,0.0039220308698273585
-528.43,0.00908963483177014
-528.391,0.0031634440422606555
-528.352,-0.004458912992041218
-528.313,-0.025147497438787293
-528.274,0.015851357112768638
-528.235,-0.012960369502564562
-528.197,-0.003756853436803787
-528.158,-0.013050352574210413
-528.119,-0.0047915024400281645
-528.08,0.011338872369890809
-528.041,-0.0020340422843086285
-528.002,0.020565997063682465
-527.963,0.012498449720807044
-527.924,-0.012088493451256312
-527.885,0.02686820962251659
-527.846,0.0050663587641290135
-527.807,0.0011874637774675796
-527.768,-0.01847896774705262
-527.73,0.00569215006188175
-527.691,-0.00807355407137397
-527.652,0.04343700848447608
-527.613,-0.02787722836946974
-527.574,0.008181523090237673
-527.535,-0.011015643537558299
-527.496,-0.02728715852516688
-527.457,0.004306963810106463
-527.418,0.006763176542555624
-527.379,-0.01766775315519606
-527.34,-0.012182967023736871
-527.302,0.006895280890223558
-527.263,-0.0244218280959798
-527.224,0.002122371602848023
-527.185,-0.0062504380931420874
-527.146,0.007103954684420808
-527.107,0.021068310783321772
-527.068,-0.015760851472095362
-527.029,-0.009997555984123913
-526.99,-0.018231434251338965
-526.951,-0.01686867701116254
-526.912,-0.00563468401413869
-526.874,0.006236211247924488
-526.835,0.002218037208534968
-526.796,0.03658384184260953
-526.757,0.02213433062788641
-526.718,-0.011401716822481837
-526.679,-0.023199185588386004
-526.64,-0.004459029074720951
-526.601,-0.015424947816904764
-526.562,-0.013818254600976142
-526.523,0.007587186876248547
-526.484,-0.029444031341659332
-526.445,-0.03398004771644418
-526.407,-0.014725657502951767
-526.368,-0.01063700660684579
-526.329,-0.0073016405621057
-526.29,-0.03906895833157062
-526.251,0.00490586837491438
-526.212,-0.020876763439872208
-526.173,-0.012833713708661515
-526.134,-0.02894768376768308
-526.095,0.017056694314695055
-526.056,-0.023572672892158794
-526.017,-0.0035103534714946774
-525.979,-0.05062118253593435
-525.94,-0.016713565307451404
-525.901,-0.04681354568990399
-525.862,-0.005557751671690907
-525.823,0.003587781810384503
-525.784,0.0011391515812455566
-525.745,0.004952221832411593
-525.706,-0.00367794637725342
-525.667,-0.0008936531451673307
-525.628,-0.00809081284273936
-525.589,0.0033837434556448966
-525.55,0.03264215159580022
-525.512,-0.0031601409480351587
-525.473,0.02050319223334704
-525.434,0.004447746590150131
-525.395,0.03315269299164536
-525.356,-0.018485817537137034
-525.317,-0.001792729816559664
-525.278,-0.059430472541654955
-525.239,-0.000975572024887704
-525.2,-0.009245996868861722
-525.161,0.01929982259369334
-525.122,0.03426662712727917
-525.084,0.02673947909431383
-525.045,-0.017881383278777706
-525.006,-0.005294947650292515
-524.967,-0.02716881917702361
-524.928,-0.031076413323228566
-524.889,-0.04286741261747034
-524.85,-0.00385062869089251
-524.811,0.013536666176364698
-524.772,0.05253891643116515
-524.733,-0.016158453152572347
-524.694,-0.008443915886100654
-524.656,0.006368974727759515
-524.617,-0.03341798699491658
-524.578,0.006702249662539808
-524.539,0.03685680335803111
-524.5,-0.03456082504505072
-524.461,0.030258411047142445
-524.422,-0.0011953424631499874
-524.383,-0.000901828520145277
-524.344,0.0054463080242427245
-524.305,0.005797654058959215
-524.266,-0.012883711626882156
-524.227,-0.02359154117115717
-524.189,0.0038520702141054365
-524.15,0.023728694099029748
-524.111,-0.02552130650952443
-524.072,-0.020249240757344463
-524.033,0.03282752701704021
-523.994,0.016849588556123028
-523.955,0.017058321066606888
-523.916,0.009699177651738666
-523.877,0.013856625319533763
-523.838,0.03924894999744537
-523.799,0.010652608157958307
-523.76,-0.009097101276349618
-523.722,0.012590466791733777
-523.683,-0.0036328460042258422
-523.644,0.04547961913623576
-523.605,0.007447961307191469
-523.566,0.045624721738146384
-523.527,-0.005015189446595011
-523.488,0.011986335791569184
-523.449,-0.041767469703843346
-523.41,-0.027592204157577047
-523.371,-0.0090106983800383
-523.333,0.01483825015481522
-523.294,0.021389159764991728
-523.255,-0.011343132654397344
-523.216,0.008441938631201632
-523.177,-0.043343658393750435
-523.138,0.0004203486998986695
-523.099,-0.013580553736888434
-523.06,0.004054306755077078
-523.021,0.006898685175987121
-522.982,-0.007902970998653176
-522.943,-0.029527019887483966
-522.904,-0.02385278881483599
-522.866,0.012024128554544858
-522.827,0.03961990721804276
-522.788,-0.02142758074179739
-522.749,0.0035796102471106943
-522.71,0.0028084531492777245
-522.671,-0.01587327633393405
-522.632,-0.011665785058567947
-522.593,0.02613850996525264
-522.554,-0.009784909934812631
-522.515,-0.01391790246668932
-522.476,-0.010442049958344702
-522.438,-0.007607894285369376
-522.399,-0.010758669519590557
-522.36,-0.00014374370471215625
-522.321,-0.006849804334600765
-522.282,0.007006713961404133
-522.243,-0.002143350451954988
-522.204,-0.007515494417085492
-522.165,-0.006253421389478443
-522.126,-0.0020437345206553185
-522.087,0.036158761407610346
-522.048,-0.014157540966729144
-522.009,0.014793135082902809
-521.971,0.010337460147756937
-521.932,-0.009077973036678852
-521.893,-0.006138917372109534
-521.854,-0.005230795986335274
-521.815,-0.006344932754690402
-521.776,-0.03245344969160385
-521.737,0.024632748854762708
-521.698,-0.0169334803383181
-521.659,0.028695308245441736
-521.62,-0.009537656903496542
-521.581,0.023774275413678082
-521.543,-0.017123073524155628
-521.504,-0.00401557197726065
-521.465,-0.015217906778632545
-521.426,-0.007431100771241615
-521.387,-0.03285201643945286
-521.348,-0.03753780573764432
-521.309,0.003362072291410471
-521.27,-0.01785921563967762
-521.231,-0.024408553500727764
-521.192,0.005409544573722331
-521.153,0.01087026414856826
-521.115,-0.019764077031186662
-521.076,-0.01583415616444615
-521.037,-0.0029358484294835334
-520.998,0.017422784356945158
-520.959,-0.016409398846674705
-520.92,-0.03329012061695999
-520.881,-0.027127409430458622
-520.842,-0.004688815462515868
-520.803,0.0104759966200069
-520.764,0.03838766479447028
-520.725,0.006291477229555311
-520.686,-0.010761615559565528
-520.648,-0.0026069195819707278
-520.609,-0.0044921992299940434
-520.57,-0.0063241742661685795
-520.531,0.020471604452168553
-520.492,0.018194145362994026
-520.453,0.0181490055412571
-520.414,0.023994411491102804
-520.375,-0.0036605098309895998
-520.336,0.004029769993335687
-520.297,-0.0038214539038069918
-520.258,-0.007667262302716344
-520.219,0.005735831522611306
-520.181,-0.003951770357528448
-520.142,0.020169175509511483
-520.103,-0.027447149948165918
-520.064,-0.036205182992851574
-520.025,0.019526471704924865
-519.986,0.01807741267006611
-519.947,-0.020131976888778606
-519.908,0.03984787466179107
-519.869,0.0528600311829079
-519.83,0.009155337369149752
-519.791,-0.006848987188018438
-519.753,0.03239641906252872
-519.714,0.003988172352588954
-519.675,8.088993088910604e-05
-519.636,-0.026699839475951646
-519.597,0.026360464903741894
-519.558,-0.0014718823956750941
-519.519,-0.036028836224775984
-519.48,0.003987267963747958
-519.441,-0.012340738897193919
-519.402,-0.010131333319231231
-519.363,-0.027351533045330428
-519.325,-0.014801833292372496
-519.286,-0.030248609006624357
-519.247,0.007612064616452181
-519.208,0.02054760058252279
-519.169,0.012162037579925688
-519.13,-0.004599495331902873
-519.091,-0.012048387002692373
-519.052,-0.01589725820871793
-519.013,0.005085465789355566
-518.974,-0.014094406660857735
-518.935,0.009244125386655602
-518.896,0.0023375446420018913
-518.858,0.052909507511584554
-518.819,0.013246631551077323
-518.78,-0.022418355942588036
-518.741,-0.02079437211245864
-518.702,0.03232769727403806
-518.663,0.01916815829177148
-518.624,0.0067334539197346464
-518.585,0.005865496970547141
-518.546,-0.004424970779474223
-518.507,0.0015370850353911975
-518.468,-0.0003381717894904851
-518.43,-0.03235937562083688
-518.391,0.015026403526960101
-518.352,0.017663990109189877
-518.313,0.010142532017467891
-518.274,0.009610617883674373
-518.235,-0.009394682719865658
-518.196,-0.026349347831246244
-518.157,0.0026775866033976765
-518.118,-0.009336352672958516
-518.079,0.022481164538023235
-518.04,-0.0147314651493628
-518.001,-0.02509473427146965
-517.963,0.014803166236492835
-517.924,0.014648483563927967
-517.885,0.016358666992505346
-517.846,0.026701281884323576
-517.807,-0.04350674581875724
-517.768,-0.04603494218114958
-517.729,-0.017577441857580464
-517.69,-0.003400459473037694
-517.651,0.0012702741247452663
-517.612,-0.0045833441687906235
-517.573,-0.012662618166423088
-517.535,0.0067731018160010655
-517.496,0.019398095007652064
-517.457,-0.024375583225238733
-517.418,-0.025105890775279437
-517.379,-0.001639820365588014
-517.34,0.018907941275946104
-517.301,0.020562391535592642
-517.262,-0.002921777596694263
-517.223,0.01713276351449762
-517.184,0.03314954234672163
-517.145,0.007410587099816381
-517.107,-0.00631229004430062
-517.068,-0.008138798091414597
-517.029,-0.002067971087132017
-516.99,-0.00261132897430513
-516.951,0.010989432132001873
-516.912,-0.013617568913281692
-516.873,0.00011708077253591229
-516.834,-0.0020979337335279603
-516.795,-0.025602147297977943
-516.756,0.019626456918214005
-516.717,-0.00390866405551263
-516.678,-0.022536894665639868
-516.64,-0.007538251696664675
-516.601,0.006484127176114997
-516.562,-0.005442416924001377
-516.523,-0.004372928878436604
-516.484,0.008063646562696376
-516.445,0.018819175822325656
-516.406,0.0017157250562250016
-516.367,-0.014224887782142408
-516.328,0.0034390386664180234
-516.289,-0.009552238286916027
-516.25,-0.03761426967632411
-516.212,0.008138912135361328
-516.173,-0.027334444918007246
-516.134,-0.012262168800225983
-516.095,0.006569472753027532
-516.056,0.015594874180293749
-516.017,0.005793393035971651
-515.978,0.008476352517958263
-515.939,-0.02350425548571531
-515.9,-0.009969137111144891
-515.861,-0.022398428210785803
-515.822,0.03320449788286713
-515.784,0.026848258918140938
-515.745,0.028368965740328697
-515.706,-0.00196692304491256
-515.667,-0.03257435823448664
-515.628,0.029059506717315005
-515.589,-0.002715146818047331
-515.55,0.008978523554958446
-515.511,-0.005302237945984698
-515.472,0.006480306955832306
-515.433,-0.008861729701408746
-515.394,0.04898626862682702
-515.355,0.007968415834580148
-515.317,0.005572292519795864
-515.278,0.0047731493995996
-515.239,0.03670014812636887
-515.2,0.03230559056754706
-515.161,0.041816424963134625
-515.122,-0.018014784527784416
-515.083,-0.014290393844374616
-515.044,0.01220831028714568
-515.005,-0.00038247142316280786
-514.966,-0.013749045244334334
-514.927,0.00021711679504600847
-514.888,-0.012316470099908161
-514.85,0.04749146946188781
-514.811,0.013119344137560083
-514.772,0.02040082765390757
-514.733,-0.013196088003004848
-514.694,1.556420923710597e-06
-514.655,0.025548358930485064
-514.616,0.0008254922157609045
-514.577,0.0008171907513403066
-514.538,-0.02747795894005545
-514.499,0.020350815627201212
-514.46,-0.01683713199222997
-514.422,0.03161790249173231
-514.383,0.018576837345697376
-514.344,0.03056885723726484
-514.305,-0.019929746608982297
-514.266,-0.013645765103652011
-514.227,0.026389763669334574
-514.188,0.019040412242920537
-514.149,0.00878635667287239
-514.11,0.014069106591835474
-514.071,0.0017882835159609197
-514.032,-0.018351363517151005
-513.994,-0.0023304265572163824
-513.955,-0.011940429819373622
-513.916,-0.01128057387657025
-513.877,0.013817744583494763
-513.838,0.03858791607255219
-513.799,0.01688282164861938
-513.76,-0.02194459096150651
-513.721,0.005431038152869098
-513.682,-0.00015692965860807442
-513.643,0.010581950359273298
-513.604,-0.0043409734326921995
-513.565,-0.005309029823038885
-513.527,-0.00871094981394337
-513.488,0.01243224483039275
-513.449,0.0009415860905620113
-513.41,-0.04451963231868045
-513.371,0.009901253096004273
-513.332,-0.026576175103851348
-513.293,-0.015977828733078507
-513.254,0.05055846197221249
-513.215,-0.010523601366472813
-513.176,-0.027575611794280124
-513.137,-0.016829892938051306
-513.099,-0.013340236945373254
-513.06,0.025357695950817195
-513.021,0.009369111361098846
-512.982,0.009964796400246943
-512.943,0.011811778759261912
-512.904,-0.015493270875202678
-512.865,-0.031578087058408366
-512.826,0.0005679318871168121
-512.787,0.015264411689730842
-512.748,-0.0014828896510925157
-512.709,-0.031697869162768746
-512.67,0.0014999191726484777
-512.632,0.0019426877356146267
-512.593,-0.02673577390782375
-512.554,0.02574596715540709
-512.515,-0.034692401316404775
-512.476,0.0007492563791224222
-512.437,0.027447496581417985
-512.398,-0.02888414177988543
-512.359,0.011429255153610205
-512.32,-0.01129467444175974
-512.281,0.0157049010864111
-512.242,0.0062747343065473055
-512.204,0.013801831595550146
-512.165,0.0296406602251213
-512.126,-0.0028190064482551827
-512.087,-0.01591885420771459
-512.048,-0.006371469413285028
-512.009,-0.015919180708137366
-511.97,-0.017552131814916307
-511.931,0.02065475694447176
-511.892,0.0038803144515117648
-511.853,-0.005279813246208185
-511.814,-0.003734687150871394
-511.776,-0.026465826540910183
-511.737,0.008181558592256985
-511.698,0.012816952489119772
-511.659,-0.030226398584308
-511.62,-0.002511688043435446
-511.581,0.014080774928403006
-511.542,-0.01019798804944096
-511.503,-0.01606486855423535
-511.464,0.012404510628969127
-511.425,0.005353055833231885
-511.386,0.009933668737871798
-511.347,-0.008729859767778927
-511.309,0.043240084602861606
-511.27,-0.0011754874860536349
-511.231,-0.01352850078627604
-511.192,0.011774298017230733
-511.153,0.016542236986811162
-511.114,-0.004930072096081463
-511.075,0.002138143673880098
-511.036,0.048456868912614186
-510.997,-0.004764364416758177
-510.958,-0.0036433822771544354
-510.919,-0.033527869795549885
-510.881,0.038956148921762974
-510.842,-0.030568580960011978
-510.803,0.008099912172643376
-510.764,-0.03427402673869781
-510.725,0.025236219106194085
-510.686,0.0048517722672855555
-510.647,0.001905114282373879
-510.608,0.032843669509229345
-510.569,0.029115287896035714
-510.53,0.0258479990802089
-510.491,-0.012617305477400642
-510.453,0.012676318684171132
-510.414,0.000992636103142222
-510.375,0.0034885144072081802
-510.336,0.020207475159240224
-510.297,0.0052199146588142505
-510.258,-0.011333672348458116
-510.219,-0.005968424674670129
-510.18,-0.013177571302595881
-510.141,0.004797060460948483
-510.102,-0.022205638409477705
-510.063,0.008659086165369579
-510.024,0.021758108475274426
-509.986,-0.007552464205210603
-509.947,0.022585076862716838
-509.908,0.009760204888503557
-509.869,0.010265981178771949
-509.83,-0.020750416136037685
-509.791,0.035927840817945346
-509.752,0.0401197213481362
-509.713,0.010195654198250002
-509.674,0.04819938964249727
-509.635,0.024454439766072613
-509.596,-0.027444851580774945
-509.557,0.0063535950296857435
-509.519,0.0012077262699762585
-509.48,-0.0172141191648727
-509.441,0.02149289627524762
-509.402,0.002993904283824439
-509.363,-0.028605739291186146
-509.324,-0.02035044330341313
-509.285,-0.005767374262885297
-509.246,0.021090877794351783
-509.207,-0.03890082096345233
-509.168,-0.027912803494351462
-509.129,-0.004886313775170823
-509.091,-0.03124594775277838
-509.052,0.01810903438219637
-509.013,-0.00975594998123299
-508.974,-0.008486696115001668
-508.935,-0.019514855467282134
-508.896,-0.015593995649680087
-508.857,-0.023126943641993726
-508.818,0.03003803978952158
-508.779,0.008521900249138197
-508.74,-0.012140257471064706
-508.701,-0.028493707852496
-508.663,-0.010934318571940289
-508.624,0.04110286282306404
-508.585,-0.007732514447507077
-508.546,-0.018745259004517394
-508.507,-0.009915405031226537
-508.468,-0.02286793284017098
-508.429,-0.009546060306705304
-508.39,0.002866141474056054
-508.351,-0.0017303187794911936
-508.312,0.026909179230711608
-508.273,-0.035463023387231785
-508.234,-0.0018601250834428627
-508.196,-0.012918397633747457
-508.157,-0.0017282607821913158
-508.118,-0.023644512088932458
-508.079,-0.005193225408813116
-508.04,-0.012151902779888943
-508.001,-0.021581595254678253
-507.962,-0.00510453709275858
-507.923,-0.02480099670299836
-507.884,0.019764611138264512
-507.845,0.006879431240382081
-507.806,0.016497270280312653
-507.768,0.02670447500739844
-507.729,-0.001167538845186722
-507.69,-0.02464909468465854
-507.651,-0.010566879246378589
-507.612,0.027973230643027966
-507.573,-0.01874258006259915
-507.534,0.0013516764159838888
-507.495,-0.01251635662537846
-507.456,0.01654679305739296
-507.417,0.028235372168083098
-507.378,-0.029702242196035667
-507.339,0.01944308875929619
-507.301,0.005983576371208884
-507.262,-0.029916732512735897
-507.223,-0.03217990494483473
-507.184,0.0004881883499377338
-507.145,-0.005653724763701784
-507.106,-0.022195375400554395
-507.067,-0.019437359068174086
-507.028,-0.01697290645857975
-506.989,0.0035731254225426588
-506.95,0.03273219926460654
-506.911,0.03798301855573282
-506.873,0.010228312629850637
-506.834,-0.014992974101197298
-506.795,-0.006551874861480844
-506.756,0.007539959758896996
-506.717,0.0013672748086781643
-506.678,-0.010210438051534543
-506.639,0.01387170848138285
-506.6,-0.02538102888713238
-506.561,0.0035413880263443723
-506.522,-0.0012424992042015387
-506.483,-0.01623554060426963
-506.445,0.01892885297361109
-506.406,-0.007199575617306677
-506.367,-0.005592297651312469
-506.328,0.004829940513336375
-506.289,0.01852166239232617
-506.25,0.02050357906292519
-506.211,0.00508880790997622
-506.172,0.028929249319099824
-506.133,-0.0016104537027637192
-506.094,-0.018033322694043428
-506.055,-0.01824128395084644
-506.016,-0.017022425350543505
-505.978,0.020001730184591584
-505.939,0.002622828723166536
-505.9,0.040862267796206705
-505.861,0.015439135210505568
-505.822,0.003247076470757039
-505.783,-0.009658959515834873
-505.744,0.010198798945241103
-505.705,0.036364536054303745
-505.666,-0.010495572192840233
-505.627,-0.00938839553674543
-505.588,-0.01664361357875075
-505.549,-0.027812806704583637
-505.511,0.0028562020113245563
-505.472,0.006499211389776816
-505.433,-0.0041265901585831955
-505.394,-0.03007998555889071
-505.355,0.006053623253636677
-505.316,-0.0018860435848719829
-505.277,-0.017757604536478674
-505.238,-0.013176604822871656
-505.199,0.018637327179462593
-505.16,0.017914395066281442
-505.121,-0.017390774659798946
-505.083,0.012719442392572137
-505.044,-0.007694157536372033
-505.005,-0.01430249199692794
-504.966,0.03572941980884868
-504.927,0.02221797544966009
-504.888,-0.051400821836810856
-504.849,-0.008828596179065524
-504.81,0.013323412851505623
-504.771,-0.0282964185761172
-504.732,0.006561318305196599
-504.693,0.005876750748868351
-504.655,-0.022861292748221903
-504.616,-0.0027385630785723473
-504.577,-0.022633553903090887
-504.538,0.007881358287417052
-504.499,0.008931645733893823
-504.46,0.007871223521720988
-504.421,0.01385736892673334
-504.382,-0.037896370602566225
-504.343,0.015187524348522817
-504.304,0.009383337869682231
-504.265,-0.0066555420934420306
-504.227,0.0003868485727795412
-504.188,-0.007181550700564027
-504.149,-0.0020638206750652824
-504.11,-0.0026578544184383225
-504.071,0.032553528975589406
-504.032,-0.0134870098786217
-503.993,-0.002689681940529009
-503.954,-0.009781122171654966
-503.915,0.0003969807010448731
-503.876,0.011206793862353842
-503.837,-0.00790014411674888
-503.798,0.042783302760283984
-503.76,0.007207961345700429
-503.721,-0.00046512689758790304
-503.682,0.01374891977657083
-503.643,0.009170307378101664
-503.604,-0.003001097080071508
-503.565,0.0003381912187362425
-503.526,0.04710041814335805
-503.487,0.017806338209533357
-503.448,-0.01379859467885458
-503.409,-0.008520526383111904
-503.37,0.01203560718410046
-503.332,0.02567797932894761
-503.293,0.018991666597060832
-503.254,0.029774314572413786
-503.215,-0.004630877209539941
-503.176,0.029951964937426398
-503.137,-0.016202799687950055
-503.098,0.014003536973115576
-503.059,-0.015114438941262735
-503.02,0.011040663605922952
-502.981,0.02205426084712904
-502.942,0.0038538788843550144
-502.904,-0.017241799239421474
-502.865,0.0028151054303451385
-502.826,0.058528916920924316
-502.787,0.0032873095595654534
-502.748,0.014860816513691786
-502.709,0.009167670307548715
-502.67,-0.0032939639625086635
-502.631,-0.02251878818261989
-502.592,-0.01912262443827334
-502.553,0.03343492534308994
-502.514,-0.011113398591446753
-502.475,-0.01723723295701514
-502.437,-0.011107214405697273
-502.398,-0.014713253991328971
-502.359,0.022570588852245266
-502.32,-0.00793140390826356
-502.281,-0.02632691997893293
-502.242,-0.012622473797797743
-502.203,-0.038742672697517584
-502.164,-0.023283113380237197
-502.125,-0.028364408932450243
-502.086,-0.010987744656366339
-502.047,0.011999973447418688
-502.008,0.0318333099127482
-501.97,0.012538142111516595
-501.931,-0.044115028115492345
-501.892,0.00827424558369498
-501.853,0.015586471096803485
-501.814,0.021300579685796572
-501.775,-0.021426170215215524
-501.736,0.01360709096613006
-501.697,-0.030666502558916446
-501.658,-0.014217582956555664
-501.619,0.012963942349545303
-501.58,-0.0015237171045959542
-501.542,0.03249396329715391
-501.503,-0.0012053812409645245
-501.464,0.01163930669935767
-501.425,0.0008074615238674431
-501.386,0.016860815025702965
-501.347,-0.002330238833677082
-501.308,0.0033874014837191493
-501.269,-0.05531223344203744
-501.23,0.03162378990655349
-501.191,0.019850919413154196
-501.152,0.002890151687428737
-501.114,-0.04074801088856786
-501.075,0.006476872529739185
-501.036,0.019011487382288077
-500.997,0.01195117261306446
-500.958,-0.015157908984383909
-500.919,-0.020592004894326776
-500.88,0.006538425253663779
-500.841,0.005497618613769403
-500.802,0.013056429769116093
-500.763,0.004209122506980967
-500.724,-0.0012268649680208929
-500.685,-0.0034706904505158913
-500.647,0.0075763320430046735
-500.608,0.01843412791857411
-500.569,-0.04009283305835874
-500.53,0.024614345463985235
-500.491,-0.0060660386989543225
-500.452,-0.017112067323080155
-500.413,-0.026706295828354244
-500.374,-0.039913549198368876
-500.335,-0.009557865848479305
-500.296,0.016484784796697193
-500.257,0.009667944812468278
-500.219,-0.015313636495143087
-500.18,0.02030398332006639
-500.141,-0.002365712062963511
-500.102,-0.024782952707360466
-500.063,-0.017943930050414003
-500.024,0.006731118942728493
-499.985,0.027515164172116136
-499.946,-0.006258662402291039
-499.907,-0.025343457752902095
-499.868,-0.007187016092828341
-499.829,0.00892924752577977
-499.79,0.0038026718766455505
-499.752,0.0034330308939015085
-499.713,-0.012677804419229822
-499.674,0.010255956386609652
-499.635,0.025966257777424992
-499.596,-0.015463386239374547
-499.557,-0.00592931833558751
-499.518,0.005275314965217921
-499.479,-0.00974017591490016
-499.44,-0.003521752879779067
-499.401,-0.0004255589433029448
-499.362,-0.009911674841363655
-499.324,0.021987583174920108
-499.285,0.002012665542233839
-499.246,0.018195345696625093
-499.207,0.012658338611762007
-499.168,0.005616481649565593
-499.129,-0.029535603867216053
-499.09,0.009372524444091555
-499.051,0.007066082364974137
-499.012,0.004852350617394494
-498.973,-0.025523001791253244
-498.934,0.011263901340698556
-498.896,-0.011622759413397651
-498.857,0.008693644703675603
-498.818,0.0028253995236630896
-498.779,0.0004361054708158377
-498.74,0.002544322380963717
-498.701,-0.03569542184848984
-498.662,0.03755114678152675
-498.623,0.04586326672640752
-498.584,-0.03190305223382176
-498.545,0.0022682669371213273
-498.506,0.03272006884247697
-498.467,0.01737146681098502
-498.429,0.03985012570979764
-498.39,-0.009895524565786587
-498.351,-0.0013682872064956306
-498.312,-0.020828428699323595
-498.273,-0.015348508069477199
-498.234,0.011935143891960081
-498.195,0.0007711486910469945
-498.156,-0.005361947989681726
-498.117,0.001329052019864672
-498.078,-0.03636896484998742
-498.039,-0.0400527606745832
-498.001,-0.027959678533831394
-497.962,-0.03526850891857257
-497.923,-0.02338467188884445
-497.884,0.00038812852629411046
-497.845,-0.024446164572990862
-497.806,-0.00015422958612679692
-497.767,-0.0007798648670881781
-497.728,-0.010001834559556892
-497.689,0.006995400052923124
-497.65,-0.015181102508299753
-497.611,-0.02511430768309494
-497.573,-0.03112085369473333
-497.534,0.007431186348458523
-497.495,-0.01311265423071947
-497.456,-0.00018220868937737582
-497.417,0.013361287270937114
-497.378,-0.005624658255304832
-497.339,-8.525117147294148e-05
-497.3,0.03176568930882038
-497.261,-0.019637406273528484
-497.222,-0.008647843839598664
-497.183,-0.01501440807158118
-497.144,0.006789603626666136
-497.106,0.011497123205499837
-497.067,-0.03412689424870233
-497.028,0.009944664164569215
-496.989,-0.03463524627122613
-496.95,0.02408328951883657
-496.911,-0.029355857311573696
-496.872,-0.004477160763079253
-496.833,0.013061716205988543
-496.794,-0.01346479675025251
-496.755,0.03426922172150956
-496.716,0.019764768015971178
-496.677,0.007294048472005868
-496.639,0.0077771646267586455
-496.6,0.039831237096697225
-496.561,0.046193823362276135
-496.522,0.023007566331603765
-496.483,0.0027241380197805427
-496.444,0.025339905987716484
-496.405,0.02315920366983744
-496.366,-0.008188459325934365
-496.327,0.01545480419103781
-496.288,-0.01370792478225526
-496.249,-0.004082906653254911
-496.211,0.01683649791150421
-496.172,-0.005697041645717885
-496.133,-0.019984962542812464
-496.094,-0.010583856599555989
-496.055,-0.003649098028119163
-496.016,-0.003960586399574487
-495.977,0.006232972565163807
-495.938,0.020129588674872287
-495.899,-0.021286893186868105
-495.86,0.0281333262433699
-495.821,-0.022444054714912634
-495.783,0.0074668717609962295
-495.744,-0.00370298317029309
-495.705,0.008497193624064772
-495.666,0.025115989960801888
-495.627,-0.024946637847904247
-495.588,-0.0060834146793584155
-495.549,0.020111605723905794
-495.51,-0.030152083874586316
-495.471,0.001697684483425763
-495.432,-0.003948413287223125
-495.393,-0.0012650408136056744
-495.354,0.00809868231941051
-495.316,-0.013930266965531086
-495.277,0.033701088805174084
-495.238,-0.0017469171942098881
-495.199,-0.03245145022755812
-495.16,-0.03365467404400987
-495.121,-0.009276201322329859
-495.082,0.020804533155017357
-495.043,-0.0006180623624545589
-495.004,0.022175815063043065
-494.965,-0.018585401988505158
-494.926,-0.001024080179457796
-494.888,-0.01532200302320989
-494.849,0.0004767729962737938
-494.81,-0.0049100488501373895
-494.771,0.01068776291882961
-494.732,0.009795533612639141
-494.693,-0.019852210705453625
-494.654,0.003733751606271857
-494.615,0.002776196543747861
-494.576,0.012701168373214878
-494.537,-0.016858754427057473
-494.498,-0.00321453630800136
-494.459,-0.009433420050948639
-494.421,-0.030391174642131556
-494.382,0.008251556125485927
-494.343,0.017508202797792003
-494.304,0.021766968380925504
-494.265,-0.01573882500277884
-494.226,0.001385655806163841
-494.187,-0.023984641878397238
-494.148,0.05861972327926656
-494.109,0.005553420045226868
-494.07,-0.0007438301645254254
-494.031,0.0027515892180391055
-493.993,-0.0037890660617217325
-493.954,-0.047523979341338105
-493.915,-0.03620321930846321
-493.876,0.0019996928736688052
-493.837,0.002058025486683447
-493.798,-0.012682009595989963
-493.759,0.005570647620042526
-493.72,0.0030346216620547976
-493.681,0.003835945134394975
-493.642,0.003524722172582342
-493.603,-0.020570366848783498
-493.565,0.009017327725516534
-493.526,-0.012411805140573277
-493.487,-0.027481093318559753
-493.448,0.005264137670514378
-493.409,0.021040018219739998
-493.37,0.00549211549911951
-493.331,0.0003546056191879917
-493.292,-0.05186165923407089
-493.253,-0.029116733945282306
-493.214,-0.006558414690702536
-493.175,0.014013470118570638
-493.136,-0.048029382019192546
-493.098,-0.010316128608891209
-493.059,-0.002201242591221047
-493.02,0.006202973220159683
-492.981,-0.0169135815652039
-492.942,0.008653063869334458
-492.903,-0.0247793775176873
-492.864,0.005648735569477474
-492.825,0.01962406001173963
-492.786,0.008389867080598617
-492.747,0.035121619772058674
-492.708,0.005633788787135885
-492.669,0.023778637725285386
-492.631,0.013940550426451287
-492.592,0.009829583143824344
-492.553,-0.021005191610983243
-492.514,0.04126404854906863
-492.475,-0.022411503683594174
-492.436,0.0162360726607053
-492.397,0.022875433022480022
-492.358,-0.0032644727963559135
-492.319,0.012116533845334034
-492.28,0.005778369082949717
-492.242,0.01593142217105241
-492.203,0.0014013808389281568
-492.164,0.03588989588136027
-492.125,-0.04715062762645528
-492.086,0.01532429654480554
-492.047,-0.022390805427143824
-492.008,-0.00016371399128978052
-491.969,0.021895969105066408
-491.93,0.026667823298475873
-491.891,-0.015785445272540128
-491.852,-0.010650904244727791
-491.813,-0.01565501683424539
-491.775,-0.010869176736237003
-491.736,0.008514078374670908
-491.697,4.140128217403928e-05
-491.658,0.03452098037143134
-491.619,0.030706552789033295
-491.58,-0.010730101788328578
-491.541,0.022990288202688048
-491.502,0.005688676272753744
-491.463,0.0042736142644832845
-491.424,-0.004205043949773639
-491.385,-0.012698025418886887
-491.346,-0.029212076789022885
-491.308,-0.029944128430487525
-491.269,-0.004212068834166629
-491.23,-0.008469181209767643
-491.191,-0.04109923556196647
-491.152,-0.022872127151107348
-491.113,0.01460035862711916
-491.074,0.012287511809275127
-491.035,0.005553276417713931
-490.996,-0.002348020216475209
-490.957,0.009254808068755279
-490.918,0.004535342423362048
-490.88,0.030513211591175794
-490.841,-0.016379160506326484
-490.802,0.03378163039731066
-490.763,-0.032112006381432676
-490.724,0.0015531062785218803
-490.685,-0.017796013946018884
-490.646,0.014371187736371449
-490.607,0.004377523638127376
-490.568,-0.004663544695542327
-490.529,-0.019346057472663505
-490.49,0.018622903518430513
-490.452,-0.030240675387886273
-490.413,0.04196034972161853
-490.374,-0.010230631786053188
-490.335,0.048729979436350976
-490.296,-0.025137101874116177
-490.257,-0.01887966484956552
-490.218,0.011631404321252056
-490.179,-0.010636373095141349
-490.14,0.0032869336215649485
-490.101,-0.005814846665532654
-490.062,-0.0032682841987306524
-490.023,0.007648906613356704
-489.985,-0.015869994929711344
-489.946,-0.0021747364188657225
-489.907,-0.019592685156954615
-489.868,0.002334869791848457
-489.829,-0.005876900148311373
-489.79,-0.009287643510392974
-489.751,0.04619038764343381
-489.712,-0.017645083481830904
-489.673,0.00528293815413831
-489.634,-0.016242498682291762
-489.595,-0.013905275202574001
-489.557,-0.0170571724791891
-489.518,-0.0015200566130758146
-489.479,0.02864022432239993
-489.44,-0.012273836131923555
-489.401,0.031644620365491094
-489.362,0.004333979822286764
-489.323,-0.003560349949203535
-489.284,0.026861135901756848
-489.245,-0.006960536114519413
-489.206,0.025149722381109827
-489.167,-0.009120858974014066
-489.128,-0.05248934802300969
-489.09,0.008480637226209715
-489.051,-0.03302641728515808
-489.012,-0.02692044207272561
-488.973,-0.010282956576371894
-488.934,-0.006494100617951555
-488.895,-0.0498110190740861
-488.856,-0.007728959215066861
-488.817,-0.02291594630480793
-488.778,0.015990624046694005
-488.739,0.015230504302214088
-488.7,-0.02244101085543351
-488.662,-0.006223833936744368
-488.623,-0.0011034817381587684
-488.584,0.02458577854422192
-488.545,0.003821929537138901
-488.506,-0.03420925032778826
-488.467,0.031970727724513245
-488.428,-0.005865511306895125
-488.389,0.019827433191008253
-488.35,-0.05570149713212029
-488.311,-0.004914396285182082
-488.272,0.00841936686800877
-488.234,0.012708410940808008
-488.195,0.05675797549541295
-488.156,-0.014455962530088894
-488.117,0.012075316184192091
-488.078,-0.011398335115424745
-488.039,-0.02488982347240532
-488.0,-0.010694947559614858
-487.961,0.0055732077488836376
-487.922,0.03155884462264839
-487.883,0.01889078472290571
-487.844,-0.01729500729084242
-487.805,-0.007606768653539832
-487.767,-0.002480397879921372
-487.728,0.03092224612373519
-487.689,0.03970002857649371
-487.65,-0.020203875192819867
-487.611,-0.003361772128507568
-487.572,0.01818021471083691
-487.533,0.007016718140558864
-487.494,-0.019076710055610742
-487.455,0.016681508194746085
-487.416,0.009179913120793685
-487.377,0.00195399652507843
-487.339,0.004086136471631122
-487.3,0.023672481770570748
-487.261,-0.0043072400537621704
-487.222,0.025718339752167568
-487.183,0.02139336040700815
-487.144,-0.030896160237407225
-487.105,0.014234839280052852
-487.066,-0.022630834191863534
-487.027,-0.006839443525243395
-486.988,0.027818927456275767
-486.949,-0.011928002213801279
-486.91,-0.0006411824789338792
-486.872,-0.03539501855108376
-486.833,-0.018466910322209585
-486.794,-0.00035118395729194507
-486.755,0.014264313255367372
-486.716,-0.007561547408744317
-486.677,0.004339843780406359
-486.638,0.03367431840404161
-486.599,-0.05013051497851834
-486.56,-0.0035396813955484614
-486.521,-0.0015587198718546424
-486.482,0.025231540068093077
-486.444,0.016170826065963262
-486.405,0.018316354081108925
-486.366,0.02241672582249771
-486.327,-0.004605853527246095
-486.288,0.04243489342809758
-486.249,-0.018704273931582995
-486.21,-0.013511834273706386
-486.171,-0.009544714308830532
-486.132,0.0015364980705085112
-486.093,-0.010395278945251484
-486.054,-0.023174087532471105
-486.016,0.056417519637255414
-485.977,-0.018273752591182486
-485.938,-0.007292817623615357
-485.899,0.0017710247655138905
-485.86,0.01039001900334868
-485.821,-0.0263213993545962
-485.782,0.028428298646122493
-485.743,0.003405487322934161
-485.704,0.015049096540700881
-485.665,-0.022160145140661284
-485.626,0.032588520562448375
-485.587,0.001681278259448458
-485.549,-0.005101897271302433
-485.51,-0.011571843329301964
-485.471,-0.02007750351021543
-485.432,0.008643169459249079
-485.393,0.015068380592823378
-485.354,-0.022885429729530136
-485.315,-0.03132873251527736
-485.276,0.016882138109244667
-485.237,-0.042122446312972
-485.198,0.0029975251927593523
-485.159,0.0018593552248694792
-485.121,0.02883613212524553
-485.082,-0.026924059333275623
-485.043,-0.008249155569218148
-485.004,-0.00973429609058756
-484.965,-0.029004901813052226
-484.926,-0.006310550841423906
-484.887,-0.017746335738065288
-484.848,-0.004225365010124788
-484.809,-0.02030554862699362
-484.77,-0.02249177464520616
-484.731,-0.01139258764641354
-484.693,0.012118947200937083
-484.654,0.036876876325537364
-484.615,-0.013677566241766628
-484.576,0.022154982926042024
-484.537,0.031622045312778714
-484.498,0.015791997019343317
-484.459,-0.00892055624307177
-484.42,-0.006047758428058185
-484.381,-0.012752380526171609
-484.342,-0.001928312611823817
-484.303,0.017086783633438136
-484.264,-0.008811214359030397
-484.226,0.0009166988555235696
-484.187,0.0005674457663140103
-484.148,0.0041209364346078015
-484.109,0.022751723705646813
-484.07,-0.002304781691604526
-484.031,-0.002094084038257465
-483.992,-0.016034794199174363
-483.953,-0.01056306401791136
-483.914,0.013493679608352169
-483.875,-0.0059539522838154306
-483.836,-0.0033789353029445085
-483.797,-0.01769269057854862
-483.759,0.013926290288819206
-483.72,0.022329631854841606
-483.681,-0.0366279670481549
-483.642,0.034576108560265495
-483.603,0.0032935086963603614
-483.564,0.015779801286475166
-483.525,0.030123793594705957
-483.486,0.000848367893342675
-483.447,-0.004078265827079424
-483.408,-0.031191482652228337
-483.369,-0.03889780803229474
-483.331,0.01373144283232876
-483.292,-0.005211144331553323
-483.253,-0.005253885095874428
-483.214,-0.003669688634652636
-483.175,-0.0051939385007781945
-483.136,-0.019040781586265775
-483.097,0.0031758524361616665
-483.058,0.027233860699060627
-483.019,-0.006334314219648298
-482.98,0.009248760077466394
-482.941,-0.030086766050691365
-482.903,-0.014575769742311718
-482.864,-0.026898184264509878
-482.825,0.0017746612323980922
-482.786,0.012244253806875542
-482.747,0.013570424029466281
-482.708,0.028612599565802622
-482.669,0.00895649560872072
-482.63,-0.0050159842872347996
-482.591,0.007056526917139334
-482.552,0.022128663270432655
-482.513,-0.024833662407039398
-482.474,0.01236380799339297
-482.436,0.0038310675635851877
-482.397,-0.010687243022481334
-482.358,0.00313823695126148
-482.319,-0.03133185977557489
-482.28,-0.021173454798319738
-482.241,0.00828252375147491
-482.202,0.015332164010215412
-482.163,0.011106388025522503
-482.124,0.031854119399647426
-482.085,0.005127041933668952
-482.046,-0.02790326039496638
-482.008,0.003148837010935963
-481.969,0.017882636964164717
-481.93,-0.010409198369981243
-481.891,-0.04149929821658305
-481.852,0.0004905232711849925
-481.813,-0.019560256450586906
-481.774,0.021588218801762666
-481.735,0.01561664889793304
-481.696,-0.02152700559254915
-481.657,-0.0070052804778265535
-481.618,0.06648913771560876
-481.579,-0.046672538620656324
-481.541,-0.0448517748109849
-481.502,0.004541475709690965
-481.463,-0.014317045575440357
-481.424,0.022459143646107824
-481.385,0.001020278504623104
-481.346,0.007430960846895958
-481.307,0.025083687177666986
-481.268,0.02561518757712511
-481.229,0.023516711889580197
-481.19,-0.017958622053567633
-481.151,-0.011772224062076089
-481.113,0.024347502127663477
-481.074,-0.001678863900343391
-481.035,0.005984331584766477
-480.996,0.004224278923314535
-480.957,0.01956817296925802
-480.918,0.01342344241236565
-480.879,-0.0015920993317426425
-480.84,0.04420648816741728
-480.801,-0.002085446806486105
-480.762,0.0025565302285155012
-480.723,-0.030721687900195638
-480.685,0.006684130831906696
-480.646,-0.015978745634188555
-480.607,-0.00648041688197558
-480.568,0.0076521014394572
-480.529,-0.020833710661418585
-480.49,-0.017353574866476408
-480.451,-0.022836775216022634
-480.412,-0.012391516721513843
-480.373,-0.011293260497100714
-480.334,0.03784793120358151
-480.295,-0.016492815044323084
-480.256,-0.01537117130825342
-480.218,0.02069410620767537
-480.179,-0.00820195478804625
-480.14,-0.02089706921905488
-480.101,0.008696668853500877
-480.062,-0.01140840961720085
-480.023,-0.005693271429660653
-479.984,0.003989500476051119
-479.945,-0.047605817145716545
-479.906,-0.02131206622969896
-479.867,-0.023153195984476568
-479.828,0.031342580747944
-479.789,0.0039421909885388635
-479.751,0.01780517549658306
-479.712,-0.014540380116938013
-479.673,-0.020772741851718818
-479.634,-0.02230936814123347
-479.595,0.06349936572266816
-479.556,-0.012640956995803244
-479.517,0.027378957745635035
-479.478,-0.02919853731503401
-479.439,-0.006845216799155246
-479.4,-0.002431332810902853
-479.362,-0.01584344156948661
-479.323,-0.04274249411347943
-479.284,-0.03968199590138695
-479.245,-0.013076437637219784
-479.206,-0.0276006379635469
-479.167,-0.03708416419999272
-479.128,-0.0032166184957901295
-479.089,-0.016199659236031873
-479.05,0.0035770329376675
-479.011,0.0008220864315304863
-478.972,0.003594711255941278
-478.933,-0.005383308096220917
-478.895,0.020623609468311436
-478.856,0.0035017008081264355
-478.817,0.008785889835052619
-478.778,0.007587302090737734
-478.739,-0.05991804794339593
-478.7,-0.008684105033304197
-478.661,0.016026387504046766
-478.622,-0.010602756451573778
-478.583,-0.013547955951334855
-478.544,0.016637549995915817
-478.505,-0.023281472017860814
-478.466,0.003878678498020465
-478.428,-0.018873351729147086
-478.389,-0.03109635783524157
-478.35,-0.0002931148089787448
-478.311,0.012263900917827707
-478.272,-0.00901474858414385
-478.233,0.008762321700462162
-478.194,-0.02445198643614052
-478.155,0.005037699106288053
-478.116,-0.024110834464202993
-478.077,0.014445533981442028
-478.038,0.012940196641222361
-478.0,0.017431069531910856
-477.961,0.010547019337662618
-477.922,-0.008544488726289367
-477.883,-0.002146957135574465
-477.844,-0.023648410788423994
-477.805,-0.008103960488077457
-477.766,0.016901288848364532
-477.727,-0.027911339097996434
-477.688,-0.013391629339715081
-477.649,-0.0013534443960410286
-477.61,0.018892408127634444
-477.572,-0.019953413546376253
-477.533,-0.04187713960696057
-477.494,-0.01409828343808388
-477.455,-0.027270454450359635
-477.416,-0.0059395783430039465
-477.377,-0.030554293886434734
-477.338,-0.008909404229620221
-477.299,-0.027474796530000026
-477.26,-0.023561547818261207
-477.221,-0.017645234557301978
-477.182,0.01802784516907791
-477.143,0.005933618283012234
-477.105,-0.008502552557273526
-477.066,0.01979032566616558
-477.027,0.017152827295661484
-476.988,-0.03037070836801309
-476.949,0.0005585054114210345
-476.91,0.01296375998292841
-476.871,-0.009553099843891608
-476.832,0.020916333590372392
-476.793,-0.01148198638207581
-476.754,-0.015666868973968677
-476.715,-0.027298098212037006
-476.677,0.0051798867418581165
-476.638,0.0026524668538293345
-476.599,0.02519509295178355
-476.56,0.007289670791325484
-476.521,-0.003315597163308295
-476.482,-0.01939136083050199
-476.443,0.011439828663628013
-476.404,-0.01141165515272244
-476.365,-0.006289058622628081
-476.326,-0.015486882745295784
-476.287,0.0011844963697784918
-476.248,0.010824058129581246
-476.21,0.005438357235373417
-476.171,0.02928785495628982
-476.132,-0.02109829082551134
-476.093,-0.01145530109994132
-476.054,-0.00048030597679921475
-476.015,0.02676109880322396
-475.976,-0.03817467598593055
-475.937,-0.021202775363785644
-475.898,0.034479400951228215
-475.859,-0.020994847690151926
-475.82,0.0005230878279003353
-475.782,-0.0051029967028944235
-475.743,0.01740584358808721
-475.704,0.0364784631160434
-475.665,0.0012203556807805684
-475.626,-0.006579532474499062
-475.587,-0.008280502038736487
-475.548,0.010970457573666513
-475.509,-0.02399656403876003
-475.47,0.026684285422644206
-475.431,0.0017289227579043148
-475.392,-0.016162594613595743
-475.354,0.01779872409170071
-475.315,0.003855978664858615
-475.276,-0.01126883693976542
-475.237,-0.0006722455154331373
-475.198,0.014643316152758885
-475.159,0.010964329729461734
-475.12,0.0352839288017577
-475.081,0.010314416980466737
-475.042,-8.607916995549691e-07
-475.003,-0.01972452113840825
-474.964,0.0022926447451783382
-474.925,0.006041060715435345
-474.887,0.013245652491861585
-474.848,0.0002088575244054286
-474.809,0.008219779024595185
-474.77,-0.0005387630952990443
-474.731,0.03650934688913694
-474.692,-0.002417723720914417
-474.653,-0.0005527540228466707
-474.614,0.011321022050911357
-474.575,-0.028351672629780705
-474.536,0.016479381971538934
-474.497,-0.012238965260249045
-474.458,-0.014842796707045091
-474.42,0.04179973228907977
-474.381,0.03838165548558471
-474.342,-0.008574310855789599
-474.303,-0.0059633071150721655
-474.264,-0.013230257861454245
-474.225,-0.014578682114706193
-474.186,0.011966654932159706
-474.147,-0.00989947373177767
-474.108,-0.0038094413878797034
-474.069,-6.844885124780622e-05
-474.03,-0.004259768241025953
-473.992,-0.014209414260250786
-473.953,-0.02790847668095621
-473.914,-0.02011995912049992
-473.875,0.01080487118746863
-473.836,0.018805546292991183
-473.797,0.046903087982371985
-473.758,-0.03957412056037955
-473.719,0.011600651291369746
-473.68,0.008853357641691768
-473.641,-0.00744524206729223
-473.602,-0.03147704248923568
-473.564,0.008067073000334421
-473.525,-0.004642190812648231
-473.486,-0.01197044053056771
-473.447,-0.02861434147584982
-473.408,-0.026899105780075018
-473.369,-0.0017060907908733412
-473.33,-0.0006070207673899153
-473.291,-0.013577730900625256
-473.252,0.00964959964653999
-473.213,-0.029293693840217006
-473.174,-0.029816584539131004
-473.135,0.024563679778970157
-473.097,-0.005370052351088053
-473.058,-6.881125320045952e-05
-473.019,-0.003330568174452482
-472.98,-0.0076425348139901195
-472.941,-0.01547394857435048
-472.902,0.020662934810345944
-472.863,-0.00859436877097006
-472.824,0.00817671016306324
-472.785,0.012623582798935115
-472.746,-0.010360859967598484
-472.707,0.008314400392385736
-472.669,0.015420531793480463
-472.63,0.041315898188436305
-472.591,-0.013171571513366698
-472.552,0.0005747381210824531
-472.513,-0.00438901454548144
-472.474,0.009974874743675227
-472.435,-0.006421583793825088
-472.396,0.034802898495453954
-472.357,-0.019412386267070335
-472.318,-0.012720025618314626
-472.279,0.014147163082770982
-472.241,0.006889499404828047
-472.202,-0.020331260956848902
-472.163,0.03672115600423043
-472.124,0.0020179992953990936
-472.085,-0.019579946751741975
-472.046,0.008068077522385935
-472.007,0.02138482924331155
-471.968,0.033869421992498525
-471.929,0.017592157082868713
-471.89,0.011638037716288786
-471.851,0.03139350415506459
-471.812,-0.0020574200258845106
-471.774,0.00472943859393047
-471.735,0.03479781317989818
-471.696,0.011476699511452153
-471.657,0.025772610715922236
-471.618,-0.012887839906183578
-471.579,0.004417942458594311
-471.54,0.013222234759432799
-471.501,0.009729991647848449
-471.462,-0.0014917065479197241
-471.423,-0.0347612921369098
-471.384,0.0038673115696773747
-471.346,0.014985793886500516
-471.307,-0.0503692097519076
-471.268,-0.012593267155171516
-471.229,-0.003832823579956749
-471.19,-0.01007504742037404
-471.151,-0.02810101034261894
-471.112,-0.02151497929204914
-471.073,0.005462290679986255
-471.034,0.014142746712595104
-470.995,0.034231717190209676
-470.956,0.002164914108020577
-470.917,-0.014367597089855985
-470.879,0.010403803146517211
-470.84,0.01091169639467619
-470.801,0.024548147649455697
-470.762,-0.005483028952193408
-470.723,-0.022439733482363174
-470.684,-0.007198816268492031
-470.645,-0.0011785819741622584
-470.606,0.02077340963506429
-470.567,-0.013164482277284383
-470.528,0.005177654311995192
-470.489,0.017787178460268265
-470.451,0.002013242151649863
-470.412,0.009264156764661663
-470.373,0.01795071870455703
-470.334,0.012843859826940508
-470.295,0.0087038366464819
-470.256,0.018687187419709123
-470.217,-0.0016767622008298346
-470.178,0.012521771325869305
-470.139,-0.017899591215015092
-470.1,-0.008544818301374466
-470.061,-0.03147078152705898
-470.023,-0.022344107495152643
-469.984,8.526341826793453e-05
-469.945,-0.006518233272377534
-469.906,0.04362431978256448
-469.867,-0.014973008270734507
-469.828,-0.004629018281612203
-469.789,-0.01705035047508157
-469.75,-0.013665778247359681
-469.711,0.01950669685267114
-469.672,-0.013692597630299246
-469.633,-0.006929192281441928
-469.594,0.0013128275184981046
-469.556,-0.029868867938873174
-469.517,0.007268029573385643
-469.478,-0.016299343850363145
-469.439,0.006528925198013644
-469.4,0.001016663315556044
-469.361,0.0058671079638642504
-469.322,0.009401502414410795
-469.283,0.02432282255293132
-469.244,0.0005873684376094951
-469.205,-0.003760485840715134
-469.166,0.017713797856946083
-469.128,0.010931102162513164
-469.089,-0.027021960667544906
-469.05,0.002955355728902437
-469.011,-0.0029689888952437503
-468.972,0.013669588914067174
-468.933,0.002910545355212216
-468.894,0.008277076551721956
-468.855,-0.010543510355690492
-468.816,-0.018860705742017238
-468.777,0.013958655294826369
-468.738,0.018536828946737142
-468.699,0.01832203906216931
-468.661,-0.009961561567451137
-468.622,0.019354780528838326
-468.583,-0.016875056270497665
-468.544,0.0030529305322931563
-468.505,0.012005288994645756
-468.466,0.030237101823941136
-468.427,-0.011343385955794434
-468.388,0.0036688194859316996
-468.349,-0.02292338260348686
-468.31,-0.01618182026654343
-468.271,0.008435770679840077
-468.233,-0.010326498044882415
-468.194,-0.006951138011424986
-468.155,-0.006379256788910001
-468.116,-0.005489429803144912
-468.077,-0.00577457438837063
-468.038,-0.009499685322784186
-467.999,-0.03366449822015874
-467.96,-0.013538431789309562
-467.921,0.034145989915987926
-467.882,-0.013385243863511306
-467.843,0.0383764149508399
-467.805,0.03016488455237709
-467.766,-0.005889914260570556
-467.727,0.028790810896551743
-467.688,0.030839131127451146
-467.649,-0.028719987695641876
-467.61,-0.0071484501847858305
-467.571,-0.038544135761142545
-467.532,-0.007732881601089152
-467.493,-0.023299741326177868
-467.454,0.0139705062689397
-467.415,0.019191159029593473
-467.376,0.03983363092431081
-467.338,-0.05546322385018696
-467.299,-0.03864144941931201
-467.26,0.01010741305316922
-467.221,-0.03438131214243549
-467.182,0.006284752897920334
-467.143,-0.008440371153031572
-467.104,0.015243502463806348
-467.065,-0.012114433843301225
-467.026,-0.0009649984763178744
-466.987,-0.02524095646452376
-466.948,0.014862243720205875
-466.91,0.0043509065418930945
-466.871,-0.006486009216157786
-466.832,0.029012518378539208
-466.793,0.0018582708299788922
-466.754,0.021782459983380412
-466.715,0.020328674009596436
-466.676,0.01790641587794084
-466.637,0.016863898008304942
-466.598,0.03637317046377938
-466.559,-0.013632059076630364
-466.52,-0.030983279809711363
-466.482,0.017402947903816243
-466.443,-0.012730929506606798
-466.404,-0.010771110509180618
-466.365,-0.007109805574833572
-466.326,0.015833430385614654
-466.287,0.02044664598638698
-466.248,0.010236322859981543
-466.209,-0.003028679377124607
-466.17,0.019545537047443832
-466.131,0.012820804728327046
-466.092,-0.003944056126296221
-466.053,-0.017733779444197392
-466.015,-0.03065355784906749
-465.976,-0.015126622544455357
-465.937,-0.01658976013423232
-465.898,-0.037771995942770156
-465.859,-0.00325044268117941
-465.82,0.0015206629122602715
-465.781,0.0034169929587302347
-465.742,0.01116692723409194
-465.703,-0.029682432317866488
-465.664,0.0041999484249875905
-465.625,0.0359360385442096
-465.586,0.009424452381043204
-465.548,0.002029410268927336
-465.509,0.01420127770816634
-465.47,-0.021367963220041735
-465.431,-0.018867087485992088
-465.392,0.026034120014365603
-465.353,-0.01341034523241299
-465.314,0.01684034650208363
-465.275,0.011950169326244172
-465.236,-0.023139589979116536
-465.197,0.005853714296306423
-465.158,-0.03546176222530882
-465.12,0.0035756686787531923
-465.081,0.01618978867626253
-465.042,0.02863007143446638
-465.003,0.000163333134244699
-464.964,-0.03586257455314434
-464.925,-0.002994849128259895
-464.886,0.005657685893731362
-464.847,-0.0045288883838032375
-464.808,-0.01776789362055777
-464.769,-0.025128956175706766
-464.73,0.01533775129487278
-464.692,0.017238360850404894
-464.653,0.016362352409021064
-464.614,0.018227198084485502
-464.575,0.0012241975935491569
-464.536,0.0020930056589439595
-464.497,-0.02998669083344742
-464.458,-0.014760061582669052
-464.419,-0.0016465267770868937
-464.38,-0.035882284384055774
-464.341,-0.015191601800476084
-464.302,-6.868643535986978e-05
-464.263,-0.01693116358376292
-464.225,0.024853074589915945
-464.186,-0.03884177626910067
-464.147,-0.020226612856639396
-464.108,-0.014873088287184226
-464.069,-0.028491326403121624
-464.03,-0.017085228359218878
-463.991,0.01163043593414475
-463.952,0.002454768164759983
-463.913,0.02355024662623974
-463.874,0.0219381414965399
-463.835,0.01577194067257771
-463.797,0.010170988980489418
-463.758,-0.015146161171660665
-463.719,-0.0010229219271899737
-463.68,-0.013529498053451706
-463.641,0.0055835369629038826
-463.602,-0.01111496857358151
-463.563,0.026250994816867056
-463.524,0.0013072869709876834
-463.485,0.0034564987878343786
-463.446,0.002865918661240773
-463.407,-0.0020037861440396778
-463.368,-0.0035802343312027704
-463.33,0.0017258014132828443
-463.291,-0.009625482970395855
-463.252,0.021703241378272117
-463.213,-0.0016114926890851836
-463.174,-0.009262547616811057
-463.135,0.0024574116710609165
-463.096,0.0009321100411907347
-463.057,-0.006438311396658993
-463.018,0.0022125989383410876
-462.979,-0.0292344760978561
-462.94,-0.01180040994489159
-462.902,0.0054947228470367815
-462.863,-0.013910723824582371
-462.824,-0.0019987299212848326
-462.785,-0.01257846313413278
-462.746,-0.013421750476897951
-462.707,-0.013490016827716637
-462.668,0.007524759555440368
-462.629,0.026481259628750836
-462.59,0.004483695830042712
-462.551,-0.025567619630810768
-462.512,-0.05030085814178365
-462.474,-0.0023393896871030835
-462.435,-0.043653113956203325
-462.396,0.026950665724890535
-462.357,-0.02628949205678647
-462.318,-0.0002358451472435196
-462.279,-0.011291601690943441
-462.24,-0.009853239242158906
-462.201,-0.014586814657159502
-462.162,-0.020190698307811474
-462.123,-0.022421483632285022
-462.084,-0.008466049899104102
-462.045,-0.0034855297274975863
-462.007,0.02098819121158274
-461.968,0.013944634312557148
-461.929,-0.03057615172179437
-461.89,-0.00141486022041657
-461.851,0.025452036302743262
-461.812,-0.020228483260225864
-461.773,-0.011610326038353243
-461.734,-0.030115299636009223
-461.695,0.004512850095112173
-461.656,0.0034715030105206338
-461.617,0.007952192465082672
-461.578,0.011442184753540838
-461.54,-0.03974335511957709
-461.501,-0.0048919994786822945
-461.462,0.010900055595115091
-461.423,0.004525454403284647
-461.384,-0.015298579040990272
-461.345,-0.023028514304755134
-461.306,0.022061419013481832
-461.267,0.02612082366406556
-461.228,0.009539896263865656
-461.189,-0.0007458839812908213
-461.15,0.0217971802551861
-461.112,-0.018435782252225412
-461.073,0.017624242271177662
-461.034,-0.0016470721677451384
-460.995,0.00410885455963704
-460.956,0.007190780145424416
-460.917,-0.014418405439508558
-460.878,-0.036416600768889563
-460.839,0.04686846070285908
-460.8,0.007776510349892471
-460.761,0.03948499122512761
-460.722,0.004863977125356851
-460.684,0.025990545331869234
-460.645,-0.015352456865942039
-460.606,-0.002693873536116234
-460.567,0.031201383030348803
-460.528,0.02928669795790733
-460.489,-0.02275478351709523
-460.45,-0.02500848411157685
-460.411,-0.0128702960067491
-460.372,-0.009070204699408016
-460.333,-0.022671929705649387
-460.294,0.005918715524741985
-460.255,0.002700045031739094
-460.217,0.01051174227615635
-460.178,-0.009707518626534833
-460.139,0.00030551297168743795
-460.1,0.016205106512923995
-460.061,0.03240182984412032
-460.022,-0.02828451008024988
-459.983,0.031033827719338294
-459.944,-0.004641917013420732
-459.905,0.008491767962396105
-459.866,-0.020973677105228385
-459.827,0.0055349017287733395
-459.789,-0.007647392046650576
-459.75,-0.004930855737016067
-459.711,-0.025300623322199147
-459.672,-0.005335335695124359
-459.633,-0.003913885740021987
-459.594,0.05014730344499735
-459.555,0.011204984075818408
-459.516,-0.014673576310983
-459.477,0.02653223980101891
-459.438,-0.019550635288157855
-459.399,0.03544426066573546
-459.361,0.004180431036819664
-459.322,-0.049369713795811836
-459.283,0.0038317889650066965
-459.244,-0.025346436758318006
-459.205,0.00487544912122341
-459.166,0.023239909085120893
-459.127,-0.006546868082969169
-459.088,-0.0038892733216963843
-459.049,-0.013804336898910021
-459.01,-0.010200521837143806
-458.971,-0.014551780862207276
-458.932,0.006957987584959106
-458.894,0.008242852175243537
-458.855,-0.016816010940853693
-458.816,0.016276389119291343
-458.777,0.023108710444201663
-458.738,-0.007299964690308499
-458.699,0.024910009926482943
-458.66,-0.03240338439493032
-458.621,-0.009112560438252967
-458.582,-0.013151414422390744
-458.543,-0.028661030664220197
-458.504,-0.008300823401298195
-458.466,-0.028152381680326306
-458.427,0.020448419637973954
-458.388,-0.0008280490201939129
-458.349,0.017631274507335395
-458.31,-0.0052637312695647835
-458.271,0.017172326307976327
-458.232,-0.01027609762606586
-458.193,-0.0024294707774189374
-458.154,0.05229216285798206
-458.115,0.0004921884326068819
-458.076,0.012523942261497289
-458.037,-0.02472669956623602
-457.999,0.022905254611196472
-457.96,-0.013456243594813542
-457.921,-0.021050683118659444
-457.882,0.0061166127349638125
-457.843,0.0007834629463458528
-457.804,0.012202045652066243
-457.765,0.017958789904232615
-457.726,0.0073190942763947
-457.687,0.03281060955871541
-457.648,-0.005703548883877201
-457.609,0.039990494500753405
-457.571,0.002105275122715883
-457.532,0.010267933940103146
-457.493,-0.04238935130482997
-457.454,-0.018970035765817923
-457.415,0.0033148639726860865
-457.376,0.01676053220657559
-457.337,-0.0168354755699981
-457.298,0.001187864333199027
-457.259,0.00298942449517285
-457.22,0.010322210175524415
-457.181,0.0008139099538489241
-457.143,-0.006196177243433488
-457.104,-0.011097686039604291
-457.065,-0.038669690596092654
-457.026,0.016692388185101763
-456.987,-0.00627066824975552
-456.948,-0.010338552300217132
-456.909,0.026649319610811677
-456.87,0.01200265942117474
-456.831,0.009028237987279657
-456.792,0.014887078348924311
-456.753,0.00496823294581262
-456.714,-0.011990340227907912
-456.676,-0.030353672971309652
-456.637,-0.01240009431858578
-456.598,0.004873788159700993
-456.559,0.002601992256293685
-456.52,0.0013249847047757841
-456.481,-0.01206792644707264
-456.442,0.026901142110018327
-456.403,0.016558135955684193
-456.364,-0.003937781428643748
-456.325,0.01798086816450975
-456.286,-0.01800191724950682
-456.247,0.008779610227861443
-456.209,0.001166884786251798
-456.17,0.012104613337877263
-456.131,0.01389886488753762
-456.092,-0.026448566441762852
-456.053,-0.004072479784240994
-456.014,0.007455623951813366
-455.975,0.012143361560528362
-455.936,0.027047999182141534
-455.897,0.03429970127894787
-455.858,0.002198358356537901
-455.819,-0.0019937969963702324
-455.781,0.019894947201006444
-455.742,0.009195949087768027
-455.703,0.002900467857702347
-455.664,-0.033250229323033606
-455.625,-0.007515520232611272
-455.586,-0.016975903101585782
-455.547,-0.033912417689234524
-455.508,0.004641907933696773
-455.469,-0.04485013871759853
-455.43,-0.035326955290677954
-455.391,0.0019401474009472562
-455.353,-0.0004581745945675779
-455.314,-0.015080069412254923
-455.275,-0.01048897927904298
-455.236,-0.036190549336636166
-455.197,0.011718359788606705
-455.158,0.016902854050130738
-455.119,-0.018762466548077554
-455.08,0.009714438557594386
-455.041,0.006547509267396055
-455.002,-0.008370654557728488
-454.963,-0.005157608662747212
-454.924,-0.0021022427665647082
-454.886,0.005048720437357318
-454.847,-0.01610288924223215
-454.808,-0.011385717320484956
-454.769,0.04875875107874432
-454.73,0.018869830188887573
-454.691,-0.0019922951113336487
-454.652,-0.019553417769631824
-454.613,-0.0033673468261630093
-454.574,-0.0357536879135934
-454.535,-0.004949890173929319
-454.496,-0.016692456068584303
-454.458,0.023516479189824625
-454.419,0.059803319147207476
-454.38,-0.012915352408939016
-454.341,0.014747843655015254
-454.302,-0.005957927657387655
-454.263,0.0023855552751106046
-454.224,0.044535370004520895
-454.185,-0.00855297869780277
-454.146,0.0008330804101443646
-454.107,0.01479361916944819
-454.068,0.01945934722988172
-454.03,0.017524206700709394
-453.991,0.009962154745219184
-453.952,0.019373561931274867
-453.913,0.009046452590738416
-453.874,0.006914282517563889
-453.835,-0.006151654654563373
-453.796,0.02296981001939891
-453.757,-0.03064381105862156
-453.718,-0.023692217241231026
-453.679,0.009576615659118451
-453.64,0.0020102839305970754
-453.602,-0.01781226662643281
-453.563,0.02925400136978888
-453.524,0.04352045269218504
-453.485,0.04328262044744232
-453.446,-0.033261658741214145
-453.407,-0.019941959106938783
-453.368,0.015429878369196574
-453.329,0.01401761480604289
-453.29,0.023207922725580504
-453.251,0.035399621190690775
-453.212,-0.01570515990065656
-453.173,0.0037678266430226
-453.135,-0.029399412072028647
-453.096,-0.03916009999034313
-453.057,-0.013129517316807691
-453.018,-0.017199939351019763
-452.979,-0.02284468023021422
-452.94,0.017198155380831817
-452.901,0.02343246271387108
-452.862,0.017573736001717428
-452.823,0.009893256981426745
-452.784,-0.052194702360271614
-452.745,0.0020062116102952457
-452.706,0.005114650886711468
-452.668,-0.028979402920447882
-452.629,-0.012919317436804311
-452.59,-0.0007522848697402032
-452.551,-0.0013851244561121825
-452.512,0.01208672566412909
-452.473,0.03204059744763546
-452.434,0.00782372289949182
-452.395,-0.021741625696808427
-452.356,-0.01626123815519139
-452.317,0.005553650001395189
-452.278,0.019164400449823402
-452.24,0.031504162721295866
-452.201,-0.0019253337242092082
-452.162,-0.020253753400823082
-452.123,-0.023405196346382315
-452.084,-0.0004266448408662511
-452.045,0.029710241844016858
-452.006,-0.00420291232464849
-451.967,-0.04178631957943646
-451.928,0.0396201339265837
-451.889,-0.011446854228761408
-451.85,0.019553007759249973
-451.812,0.0015463208932768751
-451.773,-0.005138038203394986
-451.734,0.017344965004953083
-451.695,-0.007599659017059177
-451.656,0.01412688941581951
-451.617,-0.010855818041404711
-451.578,-0.03282878740262288
-451.539,0.022012856303556434
-451.5,-0.030757209952444062
-451.461,0.007691190054875604
-451.422,0.01538098615120146
-451.383,0.017131471075808348
-451.345,0.014576235488819152
-451.306,0.02137615961770057
-451.267,0.05651281893409824
-451.228,0.010908168182277835
-451.189,0.03278750838515868
-451.15,-0.010701267213515872
-451.111,-0.005917212104335719
-451.072,0.019997994642091316
-451.033,-0.008134274004494652
-450.994,0.0290502184389813
-450.955,0.009426666037979797
-450.917,0.014433181854753712
-450.878,-0.01139174487699653
-450.839,0.00749645983692191
-450.8,-0.00890565711687094
-450.761,0.013814652883786558
-450.722,-0.05980355966025848
-450.683,-0.004348720267870815
-450.644,0.003803852615476377
-450.605,0.025559645295465783
-450.566,-0.015381567049688334
-450.527,-0.014555641275021814
-450.488,-7.377991228656286e-05
-450.45,-0.0202459534604762
-450.411,0.04324203656428727
-450.372,-0.0004694689740934836
-450.333,-0.0017068105928771038
-450.294,0.015849243429708372
-450.255,0.027207261562682376
-450.216,0.01085482056147753
-450.177,0.012403842437814467
-450.138,0.017716253916077424
-450.099,-0.004702501964630978
-450.06,-0.012197553933852601
-450.022,0.007238866246599811
-449.983,-0.004480817383648944
-449.944,0.026366004208265244
-449.905,0.0010146385838067078
-449.866,0.007335049357939584
-449.827,-0.00978586593999737
-449.788,0.0017692973547698831
-449.749,-0.019525086386709887
-449.71,-0.02192137276911567
-449.671,-0.024664749557735503
-449.632,-0.04475947789970487
-449.594,0.023404937017409276
-449.555,0.007505708492506884
-449.516,0.016479464982191386
-449.477,-0.025221717957420047
-449.438,0.00045714487629752113
-449.399,-0.0037197801134292775
-449.36,-0.04758431986357624
-449.321,0.00430499438491877
-449.282,-0.014686523220647955
-449.243,0.008317271812565539
-449.204,0.0017655445738006086
-449.165,-0.027218729298022867
-449.127,-0.001986943578972523
-449.088,0.0011398546131519789
-449.049,-0.019127793456737048
-449.01,0.0009238356232277173
-448.971,0.010370087587266149
-448.932,0.004645308422318856
-448.893,-0.004551957629290822
-448.854,0.01692093962608264
-448.815,-0.01641794597456316
-448.776,-0.02269687448939208
-448.737,-0.007618590005412328
-448.698,-0.03437883864309111
-448.66,0.0034344558471288713
-448.621,-0.03726376490512854
-448.582,0.014081117991875152
-448.543,-0.0006839637070685852
-448.504,0.024125867833418642
-448.465,0.01845312280626892
-448.426,-0.03898937286511425
-448.387,-0.02982800296110103
-448.348,0.033722065311225596
-448.309,0.028377269058588568
-448.27,-0.01073240040709761
-448.232,-0.02486792676708026
-448.193,0.012513415934858017
-448.154,-0.003278513598462927
-448.115,-0.000286126027573641
-448.076,-0.010496171142538459
-448.037,-0.025026675896370146
-447.998,0.004223533550403281
-447.959,-0.01406754047637497
-447.92,0.03259743905102446
-447.881,0.028890448337761842
-447.842,-0.003529372263277813
-447.804,-0.02152911192248182
-447.765,-0.0196201244137508
-447.726,0.014602794612564717
-447.687,-0.01480884614490575
-447.648,-0.016988842059530267
-447.609,0.0015585556801013716
-447.57,0.004463907819536574
-447.531,-0.002125648834220238
-447.492,0.016714504432814633
-447.453,-0.018342276249442173
-447.414,0.03612882692759531
-447.375,-0.004030735374311381
-447.337,0.0265292074191362
-447.298,0.009612516063196647
-447.259,0.024526683182548567
-447.22,0.021003615169742425
-447.181,0.008925177356631736
-447.142,0.025434703078195516
-447.103,-0.015020808843989075
-447.064,-0.005201435601731001
-447.025,0.022473456996780168
-446.986,0.007961052326377262
-446.947,-0.002349962426510896
-446.909,0.002889356112799205
-446.87,0.05078285603854797
-446.831,-0.00047815588365798713
-446.792,0.009280000682331362
-446.753,-0.01916775070035636
-446.714,-0.05302752783292099
-446.675,0.02467750838074946
-446.636,0.041143405676785844
-446.597,-0.02110399825511114
-446.558,-0.004287352167018259
-446.519,0.00817664218074521
-446.481,-0.012243477671678755
-446.442,0.006558789712704408
-446.403,-0.00032871673911116
-446.364,0.007699526797341441
-446.325,-0.012768851246464551
-446.286,-0.015623039871846418
-446.247,0.015459414657123081
-446.208,0.01440746084217464
-446.169,-0.014520627639536904
-446.13,0.0011274566291919297
-446.091,0.01987292107557925
-446.052,0.00692981133367795
-446.014,0.04136574471967133
-445.975,-0.002908297606777596
-445.936,-0.01437793286430087
-445.897,-0.020841089506627875
-445.858,0.02243867713926535
-445.819,0.028259992632978473
-445.78,0.006614065344665267
-445.741,-0.0006783838169791901
-445.702,-0.0008647420861433439
-445.663,-0.029052185076335425
-445.624,-0.01737030019979225
-445.586,-0.021670809195122646
-445.547,0.012839538579693919
-445.508,-0.007969053065894748
-445.469,-0.0023878865430823192
-445.43,-0.00024871621559359805
-445.391,-0.024178354624765044
-445.352,0.007296556657442001
-445.313,0.012913337563113277
-445.274,0.0035322851038554594
-445.235,-0.011204974537577872
-445.196,-0.02443533252414373
-445.157,-0.020659571719425496
-445.119,-0.008351227999816222
-445.08,0.026127321839729396
-445.041,-0.05292895103395428
-445.002,-0.029289437885061543
-444.963,0.017392605074291557
-444.924,0.003064489565719678
-444.885,-0.014447932356248454
-444.846,0.018829291976361587
-444.807,0.013799516531562452
-444.768,0.01982868402701319
-444.729,-0.031427079720529896
-444.691,0.016015330948644057
-444.652,-0.0016614663291604258
-444.613,0.012398885025941962
-444.574,-0.0056521799237277005
-444.535,-0.007093571689034815
-444.496,0.03214623397357712
-444.457,-0.017099112648184235
-444.418,-0.00818263150472906
-444.379,0.03326186561688763
-444.34,0.03153871717204172
-444.301,0.016294362932775953
-444.263,0.005897568478591537
-444.224,0.0005507749147133386
-444.185,0.018134886925616312
-444.146,-0.008135563804547904
-444.107,0.01757159469973096
-444.068,-0.006292890763496093
-444.029,-0.009828094431119316
-443.99,0.019389601666278896
-443.951,-0.00042627433510864545
-443.912,0.015157706705546808
-443.873,0.013505691558932173
-443.834,-0.000775705702012212
-443.796,0.02164719077577279
-443.757,0.007694154059956116
-443.718,0.008167822178180347
-443.679,-0.027670096684541123
-443.64,-0.02481782034883962
-443.601,-0.047055463415723635
-443.562,0.013011142147385163
-443.523,-0.005965580575084294
-443.484,-0.020624762892978415
-443.445,-0.007570531378490458
-443.406,-0.022523551950681106
-443.367,0.003904988210511035
-443.329,0.019476104448292106
-443.29,0.03871708220264504
-443.251,0.005570348277960439
-443.212,-0.014395428787383306
-443.173,-0.006523088031875171
-443.134,0.03865513560015964
-443.095,0.0022234770317502185
-443.056,0.016620241419030075
-443.017,-0.027019503424904143
-442.978,0.007544099132869299
-442.939,0.0001259196404466709
-442.901,-0.01275286859761116
-442.862,-0.02734155782165052
-442.823,-0.0054013982650312825
-442.784,-0.03754670245082052
-442.745,-0.006391485564034672
-442.706,-0.003982961539574037
-442.667,0.020167846084277925
-442.628,0.016070350835586656
-442.589,-0.01714875689361562
-442.55,0.024254486343373922
-442.511,0.027938664028449803
-442.473,-0.014410930946816211
-442.434,-0.021081156631700543
-442.395,-0.004419668193054325
-442.356,0.019413817720950962
-442.317,0.016270232869322568
-442.278,0.005935697598095644
-442.239,0.011594766370859159
-442.2,-0.03864336462873016
-442.161,-0.006672728532063125
-442.122,-0.0038239322532319245
-442.083,-0.0032400226813411818
-442.044,0.030254870616121653
-442.006,0.02967036945274374
-441.967,-0.0066552710095257265
-441.928,0.019593139153938774
-441.889,0.011490715784788575
-441.85,-0.022290391876728835
-441.811,0.030589061652632553
-441.772,-0.0271555009141198
-441.733,0.028522979189384214
-441.694,-0.008223592262251693
-441.655,0.017515795353516092
-441.616,-0.06098292893001409
-441.578,-0.021965149758645344
-441.539,-0.013286180362420588
-441.5,0.01910378532827849
-441.461,-0.010277857163225225
-441.422,-0.0035676260410344323
-441.383,0.03273919989269179
-441.344,-0.0070240378379196385
-441.305,0.03634407336878219
-441.266,0.004393859254391244
-441.227,-0.02315952856470756
-441.188,-0.012913418933334567
-441.15,9.604881704471059e-05
-441.111,-0.0044263181867672495
-441.072,-0.040666686520396775
-441.033,0.005906704494822228
-440.994,-0.028347146374425865
-440.955,-0.014378526552947845
-440.916,-0.038097313606506006
-440.877,0.025072822597529288
-440.838,0.010101905924591105
-440.799,0.036966648603727684
-440.76,-0.04003055897530098
-440.721,-0.017457631800641603
-440.683,0.007477995022502692
-440.644,0.0197952863075699
-440.605,-0.008439842199979784
-440.566,0.02656823528528166
-440.527,0.017352769804293518
-440.488,0.03923340522306892
-440.449,-0.018972736425620203
-440.41,-0.02316304046348697
-440.371,0.029380949753541014
-440.332,-0.03806068505350807
-440.293,-0.014459036275474364
-440.255,-0.023593730246391335
-440.216,-0.005284227907338051
-440.177,-0.01012177991013479
-440.138,-0.001951638762645062
-440.099,0.0044825675677768045
-440.06,-0.012067936421783367
-440.021,0.05001264222308463
-439.982,-0.008262534386587047
-439.943,-0.02189173794524764
-439.904,-0.003040458830914596
-439.865,-0.012823878376002119
-439.826,-0.008567579190826164
-439.788,-0.0075474533933197665
-439.749,-0.011002044436547932
-439.71,-0.012828197679419881
-439.671,0.004433662235740401
-439.632,-0.026109023233062183
-439.593,0.0024001489856924794
-439.554,-0.02703319772419118
-439.515,0.030695035100822544
-439.476,-0.010102450024966294
-439.437,0.04072540037466732
-439.398,-0.011972588392281578
-439.36,-0.014381005719396347
-439.321,0.03949544361856391
-439.282,-0.006611865139872612
-439.243,0.018017316756333897
-439.204,-0.0009337806175260645
-439.165,0.03261564048428031
-439.126,0.0038564391162842406
-439.087,-0.002774013246923721
-439.048,-0.02431170446787992
-439.009,-0.0195148194921272
-438.97,-0.003367309377660074
-438.931,0.007557846551591229
-438.893,0.018345219440859782
-438.854,-0.005668992458921041
-438.815,-0.026801348424301805
-438.776,-0.010816043353076671
-438.737,-0.017064318553772523
-438.698,0.04076002092898642
-438.659,0.011971559680271165
-438.62,-0.00866872948830949
-438.581,-0.00380651809262989
-438.542,-0.01746294747939905
-438.503,-0.015651563964115756
-438.465,0.012174622098703385
-438.426,-0.02228451875232522
-438.387,-0.025021931952837972
-438.348,-0.008167379660709788
-438.309,0.005790691880484054
-438.27,-0.011010339694913756
-438.231,0.0119050124925471
-438.192,-0.027468783575131002
-438.153,-0.03222815397336276
-438.114,0.0008730324618245111
-438.075,-0.01779289424028234
-438.037,-0.02752857364622156
-437.998,-0.024960547201385807
-437.959,-0.0205926465357816
-437.92,-0.010401346311727564
-437.881,0.009666183154482259
-437.842,0.011512140280180501
-437.803,0.04671256720429649
-437.764,0.0015462343971619323
-437.725,0.009903178570995293
-437.686,-0.03135400330024893
-437.647,-0.015009061570935452
-437.608,0.022495790516671738
-437.57,-0.009884588467806116
-437.531,0.0020338662804014803
-437.492,0.03009118856446033
-437.453,-0.007616756100037236
-437.414,-0.010779351409122985
-437.375,0.0007834007902242082
-437.336,0.01920297727442919
-437.297,-0.020013223647402923
-437.258,-0.018338331481142504
-437.219,-0.003961037833429033
-437.18,0.0166420217557653
-437.142,0.05584538731416913
-437.103,0.00790764026441168
-437.064,-0.009077784977435135
-437.025,-0.005977484197482815
-436.986,-0.006683918168320529
-436.947,-0.008528077304696714
-436.908,-0.01887080352687017
-436.869,0.006626349282609071
-436.83,0.012891139694660613
-436.791,0.019086615101968893
-436.752,0.020878797441279497
-436.714,0.02820517737290483
-436.675,-0.020588455232205406
-436.636,-0.0524721713348631
-436.597,0.01866698449903282
-436.558,-0.032716524729030354
-436.519,-0.0017828460073778286
-436.48,0.01634713739595483
-436.441,-0.033887658397251885
-436.402,-0.01370577860825603
-436.363,-0.028257864165287083
-436.324,-0.023869387399864914
-436.285,-0.025204885762760677
-436.247,0.004855118821886765
-436.208,-0.007556028865042531
-436.169,-0.010139316438172738
-436.13,0.029880311021897824
-436.091,-0.0069448913141053345
-436.052,-0.015473178915002939
-436.013,-0.03127271612452636
-435.974,0.006704513990993219
-435.935,-0.00542215330285425
-435.896,0.024899417922445426
-435.857,-0.009650459886065237
-435.819,0.009945798232335816
-435.78,-0.003307607528272102
-435.741,-0.015742128454724856
-435.702,-0.021038860465225417
-435.663,-0.011435347488049828
-435.624,0.005586401677928827
-435.585,-0.01073962064869756
-435.546,-0.005731839867517595
-435.507,0.017817170812123046
-435.468,-0.011235832757883776
-435.429,-0.0010863727956918253
-435.39,-0.03822879349957059
-435.352,0.01474230729735223
-435.313,-0.004899692687016157
-435.274,-0.02940517936287043
-435.235,0.012447311074413141
-435.196,0.03693152147914523
-435.157,-0.02730422772710206
-435.118,-0.004609405550636381
-435.079,-0.010904617097536774
-435.04,0.015893052514700277
-435.001,-0.0040166690304024415
-434.962,0.04491736014930396
-434.924,0.009994808651572198
-434.885,-0.022726560652823097
-434.846,0.0025353991462642306
-434.807,-0.02244394637895121
-434.768,0.00898381232565965
-434.729,-0.002709801617488904
-434.69,0.005560431048014768
-434.651,0.010131071626549328
-434.612,-0.026733645492658387
-434.573,0.02280089688927515
-434.534,0.02797613056571253
-434.495,-0.006441951398185096
-434.457,-0.006309962019678578
-434.418,-0.002969882590556819
-434.379,0.053979687609516394
-434.34,-0.0011473409569005156
-434.301,0.008213873619024242
-434.262,0.00713448318807863
-434.223,0.0036385524443006724
-434.184,0.02087479809624933
-434.145,0.0009348531379067531
-434.106,-0.00548916255034767
-434.067,-0.01150996796180489
-434.029,-0.012397984887868061
-433.99,-0.0029437214443228474
-433.951,0.019419636931183093
-433.912,-0.009850209297341947
-433.873,0.0060179184072099955
-433.834,-0.026721572813508468
-433.795,-0.005553214667465696
-433.756,-0.008048660308269874
-433.717,-0.02434786145601895
-433.678,-0.02629481950325341
-433.639,0.031016952935663894
-433.6,0.01809317511847695
-433.562,0.003664337460504756
-433.523,0.009688395158844116
-433.484,0.04175587793243654
-433.445,-0.012013087123245895
-433.406,-0.025497803223569433
-433.367,-0.0015374376823594476
-433.328,0.0016785080686579855
-433.289,-0.016559001691600357
-433.25,-0.007345374878529448
-433.211,-0.009143617293261144
-433.172,-0.012350560853163292
-433.134,0.030033323181478062
-433.095,-0.0020329789135916185
-433.056,-0.017703490132802573
-433.017,-0.00205568956574016
-432.978,0.01858720462152652
-432.939,-0.019757645858869657
-432.9,0.007167309289245535
-432.861,-0.010200470153940574
-432.822,-0.0172592613437572
-432.783,0.0037730876800137637
-432.744,0.0387183851278943
-432.706,0.04066652094468094
-432.667,0.016487944659864397
-432.628,0.005603430302167181
-432.589,-0.006262230156616328
-432.55,0.03699925501917459
-432.511,-0.011332262486901123
-432.472,-0.038547759127289125
-432.433,0.0016240243645442541
-432.394,-0.010532941086344089
-432.355,-0.004736006040348141
-432.316,-0.013837589497691044
-432.277,-0.007950805212524323
-432.239,0.0165114404844947
-432.2,0.02611041403514796
-432.161,-0.0009375337975063708
-432.122,0.03857632027974155
-432.083,0.04917771357085163
-432.044,-0.020762873928291896
-432.005,-0.028108305383079884
-431.966,0.03642061656174009
-431.927,-0.0006295011008755603
-431.888,-0.018087655502742096
-431.849,0.004046922184033971
-431.811,-0.008863750841493222
-431.772,0.006050828619054418
-431.733,-0.008750960212658518
-431.694,0.007554681545565341
-431.655,0.04095731245596855
-431.616,0.035639889300470316
-431.577,0.03914051334714713
-431.538,-0.03976681802933646
-431.499,0.020450234243835443
-431.46,-0.02096050002384576
-431.421,0.012706776727112538
-431.383,0.02837123038931797
-431.344,0.006018684674402034
-431.305,0.02882334393009393
-431.266,-0.008839454042518437
-431.227,-0.009587764828650367
-431.188,0.0016679354451729447
-431.149,-0.014550588255929555
-431.11,0.005400392258650312
-431.071,-0.007934252284360456
-431.032,-0.0012817414877870706
-430.993,-0.013009676104112347
-430.954,-0.013993062610301123
-430.916,0.004517346478789482
-430.877,-0.04396232817350239
-430.838,0.005971345596592573
-430.799,0.019098848652914717
-430.76,0.010686456685554027
-430.721,-0.005904771381686764
-430.682,0.00501463752047584
-430.643,-0.004426277033936434
-430.604,0.041290081384918235
-430.565,-0.004363620726346679
-430.526,-0.02416010007443474
-430.488,-0.009809949008735289
-430.449,-0.010895098501393287
-430.41,-0.008570667042336309
-430.371,-0.019754171042336736
-430.332,-0.017441228174604216
-430.293,0.007780154287905091
-430.254,-0.010926506935684307
-430.215,0.019875472247220888
-430.176,6.241034916316685e-05
-430.137,0.00786239752781276
-430.098,0.011145696888224805
-430.059,0.03214421728098811
-430.021,-0.031973526363684286
-429.982,0.006464655460403185
-429.943,-0.02167019557159502
-429.904,0.007286135030635328
-429.865,0.014110563970856933
-429.826,0.0062425614994633775
-429.787,0.005540605573963023
-429.748,0.02028667601316642
-429.709,0.0022765465130845726
-429.67,0.003411975009358948
-429.631,-0.0019139942427537984
-429.593,0.00434399722839658
-429.554,-0.0054640135968630375
-429.515,-0.042781135735594084
-429.476,0.003810730664298762
-429.437,0.004859960111209637
-429.398,0.009506238238924939
-429.359,0.03143801568344512
-429.32,0.022911831065481628
-429.281,0.005014952422222875
-429.242,-0.01983214442829108
-429.203,-0.035836257137068145
-429.164,-0.017876441074502248
-429.126,-0.010022816487985711
-429.087,0.005940944359310124
-429.048,-0.014224645323307248
-429.009,0.016544254337246767
-428.97,0.0024806590636737152
-428.931,-0.02573615620846162
-428.892,-0.007153835358954545
-428.853,0.01721223083750662
-428.814,-0.00998496173418843
-428.775,0.010430847156496927
-428.736,-0.02576079109507561
-428.698,0.00893889943566958
-428.659,-0.002837346900630885
-428.62,-0.01801876179832291
-428.581,-0.0038487903514642175
-428.542,0.02897445414964376
-428.503,-0.009321028886136866
-428.464,0.027539466743844318
-428.425,-0.01374690768451272
-428.386,0.014645480685143113
-428.347,0.0018790094409819498
-428.308,0.0055453075063003465
-428.27,-0.025751842724669714
-428.231,0.014017723697756038
-428.192,-0.0005856253672890929
-428.153,0.02055884969869213
-428.114,0.0003603349621067282
-428.075,-0.025386912939688616
-428.036,-0.01177390938203501
-427.997,0.007203467054432779
-427.958,0.020465251585699805
-427.919,-0.029775094232347376
-427.88,0.017569688833081278
-427.841,-0.023907761720221576
-427.803,0.0018460208737771063
-427.764,0.032334516295788325
-427.725,-0.044978241566615215
-427.686,-0.01265173811232946
-427.647,-0.0036632451944384357
-427.608,0.005888028113247351
-427.569,-0.007270646731566255
-427.53,0.014740168480744584
-427.491,0.011851525315821732
-427.452,-0.009441961831414438
-427.413,-0.01898486459983753
-427.375,-0.008063434264835124
-427.336,-0.021136497866719985
-427.297,-0.02763020408739519
-427.258,-0.011389013387742692
-427.219,0.022338337272795272
-427.18,0.012817513471987908
-427.141,0.008585751608702386
-427.102,-0.009607095249829773
-427.063,-0.00032934621445347267
-427.024,0.004366296355916842
-426.985,-0.026385545422515658
-426.946,-0.006758038664024464
-426.908,0.03284781727268416
-426.869,0.012868169929866988
-426.83,-0.004799503820673293
-426.791,-0.045642343041144666
-426.752,0.0064130772343094136
-426.713,0.02998576492379596
-426.674,0.0002568391241251477
-426.635,0.002982373508578452
-426.596,0.023753970966120752
-426.557,-0.006425096148492568
-426.518,0.025027249584203028
-426.48,0.015443671985500965
-426.441,-0.00795384935509182
-426.402,0.022155274965169953
-426.363,0.004277129476751439
-426.324,-0.0011224595778410338
-426.285,0.0015032256134668853
-426.246,0.03615560599756604
-426.207,-0.031051671150170112
-426.168,0.027345514687398584
-426.129,0.007393461076338094
-426.09,-0.042210850925138294
-426.051,-0.008484477596131957
-426.013,0.015991579516467486
-425.974,-0.011941262710384478
-425.935,-0.0006373091858468301
-425.896,0.014746088355107084
-425.857,-0.008834108324330067
-425.818,-0.014316848685856908
-425.779,-0.02939250744822986
-425.74,-0.005705693857590198
-425.701,-0.003589031115349402
-425.662,0.0023034330568857606
-425.623,0.0039737612337588085
-425.585,-0.04171429498799778
-425.546,0.0110529557745368
-425.507,-0.011034341820691091
-425.468,0.021074834206087217
-425.429,0.019951053770508473
-425.39,-0.019007604608712283
-425.351,-0.04168944731006269
-425.312,-0.03656410262365821
-425.273,0.016874451359321398
-425.234,0.030081691045148788
-425.195,0.018949088039713353
-425.157,0.012512732237845641
-425.118,-0.0004635542803600205
-425.079,0.020734195621453066
-425.04,-0.007604063975615497
-425.001,-0.0071932381140651135
-424.962,-0.03689460552503817
-424.923,-0.006181127189098469
-424.884,-0.0046153532223729725
-424.845,-0.0002796601633817076
-424.806,0.017225080021649197
-424.767,-0.012275454262067827
-424.728,0.031166857245409026
-424.69,0.004409654995834586
-424.651,-0.008278128256761337
-424.612,-0.02999655717858541
-424.573,0.030350950313547127
-424.534,0.011055485177383882
-424.495,0.04606145947075397
-424.456,0.0011153375015724623
-424.417,0.007248624384617934
-424.378,0.02466335301661591
-424.339,0.02988394578202793
-424.3,0.03449878193187734
-424.262,0.012888739402034274
-424.223,0.01840221791802176
-424.184,-0.006819859780313022
-424.145,-0.006874545742090403
-424.106,-0.005336536476080676
-424.067,0.03242828232255203
-424.028,-0.019221169209302544
-423.989,-0.005959394161393763
-423.95,-0.004376455354014005
-423.911,-0.04764085758608042
-423.872,0.018651253859449875
-423.833,-0.0026268190661702102
-423.795,0.026185778492773176
-423.756,0.02145897236516695
-423.717,-0.007476821754715994
-423.678,0.014249119880704776
-423.639,0.019042953445013167
-423.6,-0.0011131331220196527
-423.561,0.024814838717778905
-423.522,-0.010716536267986767
-423.483,0.043970847172685436
-423.444,-0.03115782618838049
-423.405,0.034824170888134616
-423.367,0.0038292742883491247
-423.328,-0.02295248232587297
-423.289,0.015378293291715042
-423.25,0.018844554322251145
-423.211,0.011061291445576629
-423.172,-0.017920608275999013
-423.133,0.01762243628292308
-423.094,0.012889475009222598
-423.055,0.011946400575417784
-423.016,-0.008259939424857725
-422.977,0.009667927042826159
-422.939,0.014744033233932424
-422.9,0.021769674926432107
-422.861,0.03732278384924325
-422.822,0.019315252412264762
-422.783,-0.006042455303664197
-422.744,0.015265170719807344
-422.705,-0.004180326368079745
-422.666,-0.004320699828562486
-422.627,0.0026540582565611885
-422.588,-0.004919788661092389
-422.549,-0.02795064652173893
-422.51,0.022363128059167847
-422.472,0.02135165091503541
-422.433,0.0038150701634822315
-422.394,0.006253683085156777
-422.355,0.009061164249349898
-422.316,-0.038925386935519876
-422.277,-0.0005865327358404553
-422.238,-0.010671227980538423
-422.199,0.022864641923115457
-422.16,-0.017268776491653835
-422.121,0.019261288631106314
-422.082,0.0331274654920155
-422.044,0.006955474555785235
-422.005,-0.028664937880131733
-421.966,-0.04293328135735951
-421.927,0.03053108394907604
-421.888,-0.01542748979995881
-421.849,-0.0041272212681570915
-421.81,0.04686368786818952
-421.771,0.015188322476206589
-421.732,0.010336826771230595
-421.693,0.02552988998637816
-421.654,-0.014931839255367927
-421.615,0.00564661866771312
-421.577,0.021826116918228333
-421.538,-0.006802021559588781
-421.499,-0.012722077765074889
-421.46,0.028654714530536328
-421.421,0.031511846128448436
-421.382,-0.03693505627712912
-421.343,0.0001145671468389146
-421.304,-0.035011897872151594
-421.265,-0.00036579330500918165
-421.226,-0.020672664447613585
-421.187,0.02235503658184849
-421.149,-0.023732258247021836
-421.11,0.022317687613089613
-421.071,-0.02092399029815634
-421.032,0.00095284449693676
-420.993,-0.01132132156411736
-420.954,0.015628787103464523
-420.915,-0.00954102480642706
-420.876,0.02630326110674401
-420.837,0.013208456565144161
-420.798,-0.023489256397682803
-420.759,0.022422484775123694
-420.72,-0.014688067216198263
-420.682,0.029405721404665
-420.643,0.0047000322699874576
-420.604,0.005081761841193712
-420.565,0.007087580291898026
-420.526,-0.05492987824258015
-420.487,-0.009617450925351384
-420.448,0.007034008597101486
-420.409,-0.007840492773774282
-420.37,0.012457805854372008
-420.331,-0.024491946932087814
-420.292,-0.026954783971826754
-420.254,0.000684623832644532
-420.215,0.025033162334503922
-420.176,-0.0034263505116027375
-420.137,0.005936200491042574
-420.098,-0.00010487428087211747
-420.059,0.0007184332501003225
-420.02,0.01629472528001292
-419.981,0.01872619368911808
-419.942,-0.03545723883288153
-419.903,0.006350655463706343
-419.864,0.005936442809540501
-419.826,-0.013566968526047472
-419.787,0.0012217211414442958
-419.748,0.03639722981870484
-419.709,-0.015768895442042304
-419.67,0.0014108030592959527
-419.631,0.010232712208634085
-419.592,-0.014365511132418842
-419.553,0.0037444265221496346
-419.514,0.03123414198757789
-419.475,-0.041646186836101884
-419.436,0.06026899657118753
-419.397,-0.023406679446108303
-419.359,0.011894118948679637
-419.32,-0.024918342009282335
-419.281,0.015657769973624055
-419.242,0.0004908155090767264
-419.203,0.03258925003290522
-419.164,0.008249351728433033
-419.125,0.028579477934684017
-419.086,-0.022651461043741654
-419.047,0.016055713307769837
-419.008,0.004272626776741888
-418.969,-0.02195897224940967
-418.931,-0.014709507124101545
-418.892,0.008385384170829645
-418.853,0.0416814975062323
-418.814,-0.01695794076393426
-418.775,-0.01926650674423564
-418.736,-0.012862002560966217
-418.697,-0.021523315490757904
-418.658,0.007157701452043993
-418.619,-0.011926063464625818
-418.58,0.007576944651807091
-418.541,-0.01336529143483395
-418.503,0.007048014633540052
-418.464,0.022091127240474774
-418.425,-0.010643160633468686
-418.386,0.011880018595465874
-418.347,0.04144058920971435
-418.308,0.00976786640965463
-418.269,-0.012197638798728073
-418.23,-0.02324592618310612
-418.191,0.020936270055498536
-418.152,-0.04164739717882252
-418.113,-0.036000934071820714
-418.074,0.00944275976312257
-418.036,-0.0182867143183561
-417.997,-0.020921247380790584
-417.958,-0.003088243826847259
-417.919,-0.03491180600570603
-417.88,0.0022709049098076067
-417.841,-0.006694067313981909
-417.802,0.0064622297222747755
-417.763,-0.03488289469165571
-417.724,-0.03129278490085008
-417.685,-0.002905400414561661
-417.646,-0.014813265412328667
-417.608,-0.026748202380438617
-417.569,-0.01270908625551763
-417.53,-0.008460918155240863
-417.491,0.013688694841126512
-417.452,-0.02017029829015503
-417.413,0.012742037163753852
-417.374,-0.003562262473616566
-417.335,0.014114989874777994
-417.296,0.01042989200188019
-417.257,0.006765920775436384
-417.218,0.008218382748982048
-417.179,-0.0007129244815636134
-417.141,-0.01294217520354124
-417.102,-0.02781028007582488
-417.063,-0.004371985072396843
-417.024,-0.015913228769161743
-416.985,-0.007091454344728487
-416.946,-0.004671141260787794
-416.907,-0.004405237462564473
-416.868,0.011785894830440867
-416.829,0.043885387185501445
-416.79,-0.01644428606498427
-416.751,0.004033146099648596
-416.713,0.03299161668122473
-416.674,-0.020631449996093825
-416.635,0.004310230175514675
-416.596,-0.02173293268974428
-416.557,0.03192525666648028
-416.518,0.005772330967766942
-416.479,0.0008835335756007716
-416.44,0.01100615268607962
-416.401,0.009544367028222627
-416.362,0.04680694690189466
-416.323,0.019179562823446114
-416.284,0.024719512964131843
-416.246,-0.009185892028720256
-416.207,0.03009157766691215
-416.168,-0.015814486854247918
-416.129,0.026238521837266406
-416.09,0.011911267535417575
-416.051,-0.02617024765935415
-416.012,6.916023428212535e-05
-415.973,-0.0019213273166502256
-415.934,0.009960721207129491
-415.895,0.01749463915108876
-415.856,-0.004580689397195415
-415.818,0.0011840929556940546
-415.779,-0.0015137758154882526
-415.74,-0.03071016862835122
-415.701,-0.012269163483335538
-415.662,-0.00010299724171920332
-415.623,0.02791154955186266
-415.584,-0.011446132821502888
-415.545,-0.02221387218275246
-415.506,-0.017484730147198264
-415.467,-0.013828233211903193
-415.428,0.0021567860840667682
-415.389,0.014430700977084324
-415.351,0.037262698235204006
-415.312,-0.012220031273298803
-415.273,-0.01579859185097595
-415.234,0.002014843259917274
-415.195,-0.009221310089752393
-415.156,0.010537711146605249
-415.117,-0.015963685858026117
-415.078,-0.024126254774389306
-415.039,-0.016372360411087278
-415.0,0.009211206643952884
-414.961,-0.018653822553479926
-414.923,0.03900920504218082
-414.884,0.0007697771441566798
-414.845,-0.005556300071037445
-414.806,-0.003081926436372808
-414.767,-0.008257937655346369
-414.728,0.013204193350596338
-414.689,0.024979493220233934
-414.65,-0.0083143866400128
-414.611,-0.01976452694795325
-414.572,0.008192301463703578
-414.533,-0.0006410577648239546
-414.495,0.018003215039115634
-414.456,-0.0008902461047319878
-414.417,-0.012937262178725376
-414.378,-0.02656079131900237
-414.339,-0.01404567507076587
-414.3,0.001868408540409561
-414.261,-0.006813067553017822
-414.222,-0.03512194719367619
-414.183,0.011408525641895753
-414.144,0.007803355619671603
-414.105,-0.013881430090456039
-414.066,-0.019234516992766536
-414.028,-0.0053478204400630655
-413.989,-0.037564280630601216
-413.95,-0.00017653807183394543
-413.911,0.011003906709441175
-413.872,0.02982892203261641
-413.833,0.015305091413323976
-413.794,-0.005186003376507457
-413.755,0.026870979116212442
-413.716,-0.0045012452637319365
-413.677,0.03923653568339149
-413.638,-0.002792195422540317
-413.6,0.006528297643419178
-413.561,-0.018162427209248825
-413.522,0.008713479597603126
-413.483,-0.00899902301886401
-413.444,0.0331059444614317
-413.405,0.0038666221636507155
-413.366,0.0008607335541968983
-413.327,-0.03905510882851238
-413.288,-0.006633807503944039
-413.249,-0.027948745964637603
-413.21,-0.0298566728769165
-413.172,-0.0059099068477876104
-413.133,-0.027042490121619925
-413.094,-0.03394603739348689
-413.055,-0.01018509541019123
-413.016,0.03532360322972106
-412.977,0.02219755832481526
-412.938,0.0030784165131759744
-412.899,-0.0009104245469202625
-412.86,-0.017904553114893012
-412.821,-0.03604939364607678
-412.782,-0.010286296709335037
-412.743,0.002291893610581205
-412.705,0.0022497560292366915
-412.666,-0.03189719869586403
-412.627,0.02930429753428894
-412.588,-0.009699484269492752
-412.549,0.043749652971714105
-412.51,0.008677927083713979
-412.471,0.01371397526946246
-412.432,-0.01528626019480837
-412.393,-0.0010129077746310194
-412.354,0.0023238728084975764
-412.315,0.030037333256020995
-412.277,0.006882056550079316
-412.238,-0.04715100571498206
-412.199,-0.026742097421736142
-412.16,0.01894725207592137
-412.121,0.008681018205806192
-412.082,-0.009289024977660331
-412.043,-0.009465712816547563
-412.004,0.025144866038276464
-411.965,-0.002704389256180467
-411.926,0.015807908387397797
-411.887,-0.029263866142155447
-411.848,-0.005176861134962836
-411.81,-0.028163518392734996
-411.771,0.004701940953152902
-411.732,0.006669343599650781
-411.693,0.0068863901552068535
-411.654,-0.0170974446519065
-411.615,-0.05191550968387
-411.576,0.018596003059319497
-411.537,-0.04611389318538986
-411.498,-0.020739119798726197
-411.459,-0.019189412604807353
-411.42,0.01535104292946102
-411.382,-0.011604422808498414
-411.343,-0.045969741338877664
-411.304,-0.0030610521128904772
-411.265,-0.0011334551731180306
-411.226,-0.009499274969177069
-411.187,-0.009407654536579609
-411.148,0.006169499177091899
-411.109,-0.031432460258500244
-411.07,-0.004266400128430971
-411.031,-0.03258394913801592
-410.992,-0.025470408137398086
-410.953,0.007365521964293272
-410.915,-0.01095492207814349
-410.876,0.03283111896956791
-410.837,-0.02738813740009468
-410.798,0.022692862749287546
-410.759,0.001423254430886884
-410.72,-0.006402963638400101
-410.681,0.022651309861110934
-410.642,0.028085742035676937
-410.603,-0.027740944215612278
-410.564,-0.02832983926988776
-410.525,-0.016970464554425788
-410.487,0.0015265289547880152
-410.448,-0.03649576708945719
-410.409,-0.006075663831140124
-410.37,0.001793957809420997
-410.331,-0.023125268838896113
-410.292,-0.0025290615475409197
-410.253,0.009852702915767007
-410.214,-0.02199226553869802
-410.175,0.012659474299186955
-410.136,0.005560979239751225
-410.097,-0.015262837235198206
-410.059,0.005786970779155843
-410.02,-0.019769266543068462
-409.981,-0.010355140835899208
-409.942,-0.015517649575808874
-409.903,-0.020578236131289014
-409.864,-0.0016294251733127252
-409.825,0.007609551945018008
-409.786,-0.014672615885824563
-409.747,-0.007556218142826783
-409.708,0.007658866807989061
-409.669,0.02713200579696013
-409.63,-0.041689893201194546
-409.592,0.019216417899057488
-409.553,0.0037740347048628043
-409.514,-0.007250592848646598
-409.475,-0.022850318087087994
-409.436,-0.014439452846774205
-409.397,0.05094458961889305
-409.358,0.008317147421336733
-409.319,-0.03215590413140355
-409.28,-0.010483426457831506
-409.241,0.011113513871291867
-409.202,0.0025719627456606397
-409.164,-0.026928967437562238
-409.125,-0.010875099290230315
-409.086,-0.007806345409699569
-409.047,-0.007403911122664496
-409.008,-0.01018639177175623
-408.969,-0.019623274298728465
-408.93,0.034806813754811324
-408.891,0.022726050270924388
-408.852,0.00723074251324415
-408.813,0.00317118638204137
-408.774,-0.0007219422441071578
-408.735,-0.029124559440719677
-408.697,0.008984299037740139
-408.658,-0.025464793846991397
-408.619,-0.03381110661078348
-408.58,0.02352146488120247
-408.541,-0.025969224675927403
-408.502,0.016401432640065598
-408.463,0.02112706684415409
-408.424,-0.04458279351493517
-408.385,0.01677631115409958
-408.346,-0.007609629180633726
-408.307,-0.030057908838120796
-408.269,0.023804645412262525
-408.23,-0.0127689488513331
-408.191,0.0012727386093701037
-408.152,0.015394685177965712
-408.113,-0.0018227512877893922
-408.074,-0.0017235404864150788
-408.035,0.03325131316871461
-407.996,0.053442078995791044
-407.957,0.008658469943466026
-407.918,0.017073887681613414
-407.879,0.004706861472247181
-407.84,-0.03275750770169954
-407.802,0.015874829873774907
-407.763,0.01893787358363532
-407.724,-0.002157979075394518
-407.685,-0.0003263818234850264
-407.646,0.04263523791575115
-407.607,0.00032738809612061783
-407.568,0.009957716336182197
-407.529,-0.014274506722821979
-407.49,-0.02706279546640348
-407.451,-0.03366735909583433
-407.412,-0.007135901984446047
-407.374,-0.009980014708215888
-407.335,0.005678427313031958
-407.296,0.0017786877439907689
-407.257,0.02312852756623802
-407.218,-0.014377994114628105
-407.179,0.03575240093443003
-407.14,0.02515661019749014
-407.101,0.03370831253830069
-407.062,0.024278782483075453
-407.023,0.026317301873283884
-406.984,0.020398061395181705
-406.946,-0.0009608482831598387
-406.907,0.026133192163630165
-406.868,-0.0073769695586194985
-406.829,-0.005260012291130725
-406.79,-0.030247278091373547
-406.751,-0.010630180888870676
-406.712,-0.03034800526549859
-406.673,0.016568980263659747
-406.634,-0.0016405826788428689
-406.595,0.021065849786353785
-406.556,0.0136871825569003
-406.517,0.004053799134836442
-406.479,0.013895649782561706
-406.44,0.006752735698528396
-406.401,0.03698146893433099
-406.362,0.01265880378708853
-406.323,0.014246274706405566
-406.284,-0.043839255607026485
-406.245,0.01946981021015745
-406.206,0.005189232420890231
-406.167,-0.010404721259462223
-406.128,-0.02581140916167017
-406.089,-0.016218426282723054
-406.051,-0.0027168435096238553
-406.012,-0.0072439219280856955
-405.973,0.026508586026982327
-405.934,0.0024515446919528305
-405.895,-0.02400815993178868
-405.856,0.005573041184171618
-405.817,0.005168943224617334
-405.778,0.008022686649860401
-405.739,-0.036204528058368615
-405.7,-0.008965005168249095
-405.661,-0.03867685140072502
-405.622,0.01295912328144299
-405.584,-0.026827991347031118
-405.545,0.017905563735553177
-405.506,0.030943834528944277
-405.467,-0.013455676889953659
-405.428,0.004385912317208432
-405.389,-0.024539183275924338
-405.35,0.008761206681379832
-405.311,0.011828136976131711
-405.272,0.023794248938571298
-405.233,0.006104921470574969
-405.194,-0.014730352525932282
-405.156,0.0007954224814319868
-405.117,0.01587711689796239
-405.078,0.024364046167694577
-405.039,0.02073094530509627
-405.0,0.01028479701004846
-404.961,0.000606096390490668
-404.922,-0.0007256074761044749
-404.883,-0.003911358764891301
-404.844,0.020600270873931292
-404.805,0.008798578615796231
-404.766,-0.0022544632395482115
-404.728,-0.027440267567398723
-404.689,0.0011297295912204063
-404.65,0.00759989603415881
-404.611,0.015386688916696043
-404.572,0.00586958246899105
-404.533,-0.017535016998200238
-404.494,-0.01666753083051373
-404.455,0.01846520739553542
-404.416,0.003927994960074801
-404.377,0.00274396646821387
-404.338,0.015770615426458193
-404.299,-0.02551431269455349
-404.261,0.02744651003080339
-404.222,-0.028872325761024227
-404.183,0.004630166890597486
-404.144,-0.025302026057001457
-404.105,0.012126456132626211
-404.066,-0.03742128586006271
-404.027,-0.01272234964784193
-403.988,0.007651712812238683
-403.949,0.016555446665326122
-403.91,0.022148034888064133
-403.871,0.014585288875752965
-403.833,-0.02300291871243925
-403.794,0.013047105356554862
-403.755,0.015574274750012832
-403.716,-0.005238035433957759
-403.677,0.0006287505709361089
-403.638,0.03348395186302331
-403.599,-0.005067013449422208
-403.56,-0.027265912955454757
-403.521,0.0023889064118064957
-403.482,0.012602058485845963
-403.443,0.029669300440760528
-403.404,0.030607410127237854
-403.366,0.015136923195656758
-403.327,0.03175782138299026
-403.288,-0.03445016233550243
-403.249,0.0005763170057847752
-403.21,0.032534509040910965
-403.171,-0.01719069769741819
-403.132,-0.01883370119725684
-403.093,0.03588891845396599
-403.054,0.0014496053535908212
-403.015,-0.020160455229639822
-402.976,0.015022872997379142
-402.938,-0.020399895750041773
-402.899,-0.008692460270594372
-402.86,-0.01516627752822855
-402.821,0.017229087425678895
-402.782,0.012601955572211495
-402.743,-0.003736297417276825
-402.704,-0.013277611353990831
-402.665,0.02971728645023685
-402.626,0.008862757214223586
-402.587,-0.00813359551191301
-402.548,-0.0362619733029293
-402.509,-0.004306598181685071
-402.471,0.007276018305091361
-402.432,0.01772225341855567
-402.393,0.014688636564508093
-402.354,-0.02071455976835054
-402.315,0.031481452396639034
-402.276,0.01532563961901275
-402.237,-0.00610814526278896
-402.198,-0.0362613119482927
-402.159,-0.0028609564629058035
-402.12,0.008696194112519364
-402.081,-0.04011940972533851
-402.043,0.006724633562330978
-402.004,0.00439981359077354
-401.965,0.037984790449615335
-401.926,-0.013830800493568104
-401.887,0.010900798893226118
-401.848,0.0018538842612809345
-401.809,-0.0013337338280326964
-401.77,-0.029777593820230503
-401.731,0.0031366184279856615
-401.692,-0.011841283330030206
-401.653,-0.02714901918611248
-401.615,0.02843422437490428
-401.576,-0.019784130635407984
-401.537,0.008976447617789714
-401.498,-0.04651833671202423
-401.459,-0.001644646073905122
-401.42,-0.003914934364818571
-401.381,-0.027265769039611164
-401.342,-0.00947806379585538
-401.303,0.004602827404562769
-401.264,-0.02490616560418395
-401.225,0.016480974458480548
-401.186,0.001679796693843466
-401.148,0.017849841065615046
-401.109,-0.019633289351613032
-401.07,-0.024294380685235095
-401.031,0.011394536128475824
-400.992,-0.01430414991625606
-400.953,-0.016156168436798603
-400.914,0.0010681658796393846
-400.875,0.037497754722467636
-400.836,-0.012200107304072696
-400.797,0.008524981836674184
-400.758,0.032590534615093265
-400.72,-0.020068837996592793
-400.681,0.012500832042570013
-400.642,0.014990463979363912
-400.603,-0.01588888955602385
-400.564,0.032019143430428304
-400.525,-0.01077850602506658
-400.486,0.025541620532658738
-400.447,0.007074050385368142
-400.408,0.00879525991101112
-400.369,-0.015606098905693538
-400.33,0.0016894003944040135
-400.292,-0.017381731711955107
-400.253,-0.0129887259140661
-400.214,-0.01378900256624562
-400.175,0.00742295993283781
-400.136,0.028047192258371996
-400.097,-0.02486787649147062
-400.058,0.01794278907507406
-400.019,0.014096869785053603
-399.98,-0.0035603710969423033
-399.941,0.004180050367292475
-399.902,-0.019119438857369112
-399.863,-0.01820720579016533
-399.825,-0.0351216021719372
-399.786,0.018315603997974553
-399.747,-0.019267186337641885
-399.708,0.0018359500062755038
-399.669,-0.00013235881955324727
-399.63,-0.006662393669854882
-399.591,0.02002306341103538
-399.552,0.04001418430679602
-399.513,-0.043988407752868386
-399.474,0.02437840086314215
-399.435,-0.0264092764816321
-399.397,0.005449740606666089
-399.358,0.00742021396947104
-399.319,-0.01174269984876971
-399.28,0.018772288126957658
-399.241,-0.0021205630338574427
-399.202,-0.011706786472420978
-399.163,0.00025188556287824085
-399.124,0.023922780448536046
-399.085,-0.027304606313795624
-399.046,0.0309665245077373
-399.007,0.0166933313447897
-398.968,-0.0023238839553298748
-398.93,-0.011950273478158819
-398.891,0.06259965426939881
-398.852,-0.004627430306805651
-398.813,-0.020198862804469482
-398.774,0.007608086795654785
-398.735,0.0011684242333259457
-398.696,-0.0053082269659349215
-398.657,0.008792765477701185
-398.618,-0.0037278244075528485
-398.579,0.0008652079328462792
-398.54,-0.0022935622510229124
-398.502,-0.016184893163590116
-398.463,0.04510088491781325
-398.424,-0.011740606156166036
-398.385,-0.013729118064519614
-398.346,-0.009182803281769195
-398.307,-0.03001146673132661
-398.268,0.02780451995874523
-398.229,-0.0002937998915118564
-398.19,0.0005708370271677036
-398.151,0.007820996639118463
-398.112,-0.03411659872897574
-398.073,0.008528587340579917
-398.035,0.027551583771637377
-397.996,-0.042522864482994374
-397.957,-0.04586651700211085
-397.918,0.028652000112043673
-397.879,0.0138336733620349
-397.84,-0.014342009836842494
-397.801,-0.0007787027455533821
-397.762,0.021284157313136355
-397.723,-0.017921530878920743
-397.684,0.015052095879775247
-397.645,-0.036515479168795134
-397.607,-7.397929815776416e-05
-397.568,0.015834941535523773
-397.529,0.035622057351447245
-397.49,-0.024280090510670344
-397.451,-0.03198788816547661
-397.412,-0.028896588817762373
-397.373,-0.008854653473654914
-397.334,0.020837304226135916
-397.295,-0.005262099104667449
-397.256,0.0074246779002612815
-397.217,-0.018756928912020125
-397.178,-0.03359695668204001
-397.14,0.05533155461708786
-397.101,0.0025122109366072887
-397.062,-0.008682239996893822
-397.023,-0.011075742604664962
-396.984,0.010376027911905677
-396.945,-0.02565285929167971
-396.906,-0.012739699876406708
-396.867,0.005870315676098454
-396.828,-0.026487285652080847
-396.789,0.0037651240616901585
-396.75,-0.04006338663300513
-396.712,0.03174556164761702
-396.673,0.015267737709997455
-396.634,0.022889462893161086
-396.595,-0.018447370515957857
-396.556,-0.0016724527047362993
-396.517,-0.022024494153199584
-396.478,0.0060271777902878585
-396.439,-0.0006389526016965536
-396.4,-0.012574893012841534
-396.361,-0.007521903692859962
-396.322,0.009645668792258807
-396.284,0.022960079069024347
-396.245,-0.004826459617587981
-396.206,-0.00334143053621507
-396.167,0.006664584873409161
-396.128,0.017847945506721117
-396.089,0.005190309004759077
-396.05,0.00016017552886852127
-396.011,-0.002417873705854493
-395.972,-0.01915652432931772
-395.933,0.00324395012193723
-395.894,0.0015271690356888174
-395.855,-0.01480150441412675
-395.817,0.02836522055248563
-395.778,0.01525425800187986
-395.739,-0.002537785468063821
-395.7,-0.020582125816298133
-395.661,0.03854757276293355
-395.622,-0.018630260255148908
-395.583,0.006897208823623213
-395.544,-0.020088787011410793
-395.505,0.002706745060043454
-395.466,-0.007060655106375962
-395.427,-0.010115812876243191
-395.389,0.01035226633412969
-395.35,-0.026622958185845706
-395.311,0.009916524031150144
-395.272,-0.004049828548518267
-395.233,0.050910438240628124
-395.194,-0.0016365608031031825
-395.155,-0.006984797022178838
-395.116,-0.005141606335139179
-395.077,0.009429528385448464
-395.038,-0.006576922861072701
-394.999,-0.034218583971137306
-394.96,-0.014720605850443387
-394.922,0.02299095726215767
-394.883,0.04361193551020273
-394.844,0.03432530421246101
-394.805,-0.00958602666873554
-394.766,-0.043222462392789915
-394.727,0.007920354242322174
-394.688,-0.013259315674588601
-394.649,0.056155843011314203
-394.61,-0.017010947936045226
-394.571,0.010242412641288702
-394.532,0.023009440494741323
-394.494,-0.008835675895285833
-394.455,0.007576380222977701
-394.416,0.0027398248755484333
-394.377,0.008750883324244441
-394.338,0.04621517087837477
-394.299,0.01469150589078349
-394.26,0.029638077220316125
-394.221,-0.008086470163243683
-394.182,0.018320349953620203
-394.143,-0.041870632290498505
-394.104,0.0037412869483902343
-394.066,0.011659087495010982
-394.027,-0.003401005268674215
-393.988,0.01773223226706971
-393.949,-0.001074396340230069
-393.91,-0.015844433762702823
-393.871,0.02089850057346236
-393.832,0.0016007453771504868
-393.793,-0.005615327200551159
-393.754,0.0006029687374701134
-393.715,-0.005642741271942843
-393.676,0.018516876967272583
-393.637,0.026043279057915668
-393.599,-0.0030020136490115507
-393.56,0.0002395082784430666
-393.521,0.01150276456736812
-393.482,-0.03535568911853586
-393.443,0.006976617487835785
-393.404,-0.009976206827700902
-393.365,0.0076521962555973835
-393.326,0.015876911598699875
-393.287,-0.00635251337254773
-393.248,0.03495381633546075
-393.209,-0.008252672440369382
-393.171,-0.017538635655621655
-393.132,0.053552143987239065
-393.093,-0.02048185359322663
-393.054,0.0065013175549619474
-393.015,-0.014662737815541511
-392.976,0.01619677219560552
-392.937,0.013873425212438019
-392.898,-0.03245231017456865
-392.859,-0.011841505246248002
-392.82,0.015687999735910656
-392.781,-0.005693979726798384
-392.742,0.004575908130537333
-392.704,-0.01636233306672183
-392.665,-0.008191487307356792
-392.626,-0.059596496527066764
-392.587,0.006688037986431821
-392.548,-0.0037880524131585318
-392.509,-0.02134405583834771
-392.47,-0.004638818897035237
-392.431,0.014552083266498912
-392.392,-0.004704314650406075
-392.353,0.009215875117970798
-392.314,0.015509435497630706
-392.276,-0.007446348516418949
-392.237,-0.0031452708772110247
-392.198,-0.057172467564169695
-392.159,0.010520768170621198
-392.12,-0.01691584010782752
-392.081,-0.004590330371282789
-392.042,-0.008180121948227459
-392.003,-0.005621963656923283
-391.964,-0.01867388172060586
-391.925,0.029821549127752093
-391.886,-0.023195231931031
-391.848,-0.018934580167718717
-391.809,-0.005459306175937313
-391.77,-0.009214622646257133
-391.731,-0.0027203599978136406
-391.692,0.018858344111643298
-391.653,0.0029878838988080143
-391.614,-0.03514360282960033
-391.575,-0.003138691482684966
-391.536,0.0035239115967662517
-391.497,-0.023705088109552255
-391.458,-0.0083711705456304
-391.419,0.0014164622029280236
-391.381,0.005539291664104799
-391.342,0.010307133838514965
-391.303,-0.03266676301444836
-391.264,0.012168450955250602
-391.225,0.02672758660740762
-391.186,-0.06144303031781914
-391.147,-0.021725154776901377
-391.108,-0.032234859296419435
-391.069,0.018212940139819354
-391.03,-0.015346424004862805
-390.991,0.039977103349173995
-390.953,0.02372571660327146
-390.914,-0.02831341450948166
-390.875,0.022584450789969294
-390.836,-0.01143505773901342
-390.797,-0.02438297749657176
-390.758,0.01011079060828944
-390.719,-0.01989515882836148
-390.68,-0.027753587317640178
-390.641,-0.007172783949069289
-390.602,0.010389853967577242
-390.563,0.003736769141388485
-390.524,-0.018033147016903936
-390.486,-0.03785305224721349
-390.447,0.013938843908189683
-390.408,-0.017194822923494373
-390.369,-0.0010548917625423006
-390.33,0.0005819605446148925
-390.291,-0.0034978968723544087
-390.252,-0.01633268459463248
-390.213,0.02173379673380786
-390.174,-0.010708149809226434
-390.135,-0.031121313484575443
-390.096,-0.007888350730953356
-390.058,0.028706510969088595
-390.019,-0.010677216651324963
-389.98,-0.011383350924163104
-389.941,-0.03279999837868104
-389.902,-0.04520881363357304
-389.863,0.025115205169728802
-389.824,0.00798384197386775
-389.785,-0.022312782045114162
-389.746,-0.020711848433988995
-389.707,-0.02128482807858144
-389.668,0.025772053052483264
-389.629,0.023803251306751372
-389.591,-0.01739075007231571
-389.552,-0.02175312795800552
-389.513,-0.020729672558658867
-389.474,-0.05651647006710342
-389.435,-0.008417083499150957
-389.396,0.007372723713357539
-389.357,0.010858330712676147
-389.318,0.032631207391282856
-389.279,-0.017835060537348783
-389.24,0.003014490570583352
-389.201,0.007925870460651168
-389.163,0.004166520709146195
-389.124,-0.009882151119332876
-389.085,0.02867071861758008
-389.046,-0.061923133549485504
-389.007,-0.016966073394119836
-388.968,-0.024196792254867573
-388.929,0.014011041145660987
-388.89,0.008800239915776586
-388.851,0.020458645073739297
-388.812,-0.012518812722390044
-388.773,0.018895687599465895
-388.734,-0.02950177656315634
-388.696,-0.01755441726082848
-388.657,-0.002067900465768664
-388.618,-0.017485382216493976
-388.579,-0.008890298274791394
-388.54,0.048373229817375095
-388.501,-0.023921231312678034
-388.462,-0.0017768976378698172
-388.423,-0.0010393325674091878
-388.384,-0.001794418236857137
-388.345,0.020418453463294375
-388.306,0.02846408615881785
-388.268,0.004067800431148922
-388.229,-0.013527550891096599
-388.19,-0.004799804372074185
-388.151,0.02022048718544294
-388.112,-0.009167761123935405
-388.073,0.0045486811804181125
-388.034,0.013249402167050468
-387.995,-0.0329773145371183
-387.956,-0.011140111003455142
-387.917,0.006966699286508381
-387.878,-0.00909623214172018
-387.84,-0.01620900481333224
-387.801,0.024285538636663922
-387.762,-0.017162253770144485
-387.723,0.03374129117271736
-387.684,-0.047745834729430114
-387.645,-0.014381913024988702
-387.606,-0.008689136682941955
-387.567,0.007720083378443227
-387.528,0.00023268478084471564
-387.489,0.003526536568191968
-387.45,0.024080154552968906
-387.411,-0.012652834272497002
-387.373,0.02041951599196433
-387.334,-0.013596777691494814
-387.295,0.047995933005466195
-387.256,0.008671685899398669
-387.217,-0.009591745533010369
-387.178,-0.00406690006218728
-387.139,-0.011360856962226612
-387.1,-0.02203993313650748
-387.061,-0.01409469309725933
-387.022,-0.02279891175974599
-386.983,0.005746998749243099
-386.945,-0.015494701674175057
-386.906,0.032730851418380114
-386.867,-0.0046420314915541425
-386.828,-0.0067518103322039705
-386.789,-0.004055272625802298
-386.75,-0.00980819430652711
-386.711,-0.0038926230941506235
-386.672,0.01748597222754593
-386.633,-0.006532797471922661
-386.594,-0.001505569197595492
-386.555,0.014007845344172619
-386.517,0.024481508702103853
-386.478,-0.0029287361543033643
-386.439,0.01073000001045025
-386.4,-0.027048046265746063
-386.361,0.01861405676561123
-386.322,0.03598958488317999
-386.283,-0.033293402551277954
-386.244,0.021606791471003136
-386.205,-0.012901125567043726
-386.166,0.005463927024277138
-386.127,-0.0017132085144543827
-386.088,-0.0027359735253883843
-386.05,0.020313292083396522
-386.011,-0.007354561331231534
-385.972,0.006065179583468779
-385.933,0.011224684578440447
-385.894,0.01766495826331771
-385.855,0.0025989981235572737
-385.816,0.019699610186533163
-385.777,-0.010307748206306633
-385.738,-0.013629577041578179
-385.699,0.027383964860738963
-385.66,-0.02861908488579111
-385.622,0.0008860812290692401
-385.583,0.023026691547699485
-385.544,-0.045756899154497335
-385.505,-0.016170756485835387
-385.466,-0.011789913294355282
-385.427,0.03519659558745607
-385.388,0.02130274195663102
-385.349,0.012995103024279048
-385.31,0.04285278236338162
-385.271,0.02347188602507636
-385.232,-0.017452588127021117
-385.193,-0.04011133711811675
-385.155,0.0031816435412719956
-385.116,0.007678092875550576
-385.077,-0.01949072397664372
-385.038,-0.009271843371714925
-384.999,-0.00975962309411647
-384.96,0.02319083233631833
-384.921,-0.021320993454267936
-384.882,-0.018624292022453557
-384.843,0.004399938599476954
-384.804,-0.006327043733698981
-384.765,0.016575920839073797
-384.727,-0.014297986987218559
-384.688,0.020426963482656907
-384.649,-0.0170383701332733
-384.61,0.03520476986618087
-384.571,0.006566244199165288
-384.532,0.013012164920343468
-384.493,0.00475092149865148
-384.454,-0.016144156438585404
-384.415,-0.022633276290253915
-384.376,-0.012023668415057783
-384.337,0.03262853532125874
-384.298,-0.00950280980488045
-384.26,0.024802444367602653
-384.221,0.005014158933816839
-384.182,-0.05188791905750759
-384.143,-0.01951407399444238
-384.104,0.03438716818356028
-384.065,0.023224897385721876
-384.026,0.028156840824726186
-383.987,0.031090794668355022
-383.948,0.024222629361966088
-383.909,0.0410121113478324
-383.87,0.018321262451768544
-383.832,0.004504518918027972
-383.793,0.003048827630102155
-383.754,-0.0011751221744849298
-383.715,-0.014039558775803722
-383.676,-0.02575782995360209
-383.637,0.017364294811909986
-383.598,0.009806465666432562
-383.559,-0.00860937210620968
-383.52,0.026451435745437662
-383.481,0.008973604494421434
-383.442,0.006193028439214679
-383.404,-0.02140674615067887
-383.365,-0.0067786581860529065
-383.326,0.043381114076148
-383.287,-0.014351982231118818
-383.248,0.002799847287320056
-383.209,0.012725060006809839
-383.17,0.00890137305143531
-383.131,0.02096825784997223
-383.092,0.020657939463540387
-383.053,0.006410636324564233
-383.014,0.014337295954715753
-382.975,-0.019070097877860608
-382.937,-0.037476720837745586
-382.898,-0.031881630865327026
-382.859,0.04441922819104718
-382.82,-0.0077454163081243105
-382.781,0.02090572961977991
-382.742,0.008477855594747025
-382.703,-0.00468527350037078
-382.664,-0.029541684017044514
-382.625,-0.03573238126373998
-382.586,0.009024026777315437
-382.547,-0.009534167309459904
-382.509,0.023579152159791658
-382.47,0.024014483270276672
-382.431,-0.039329590917212574
-382.392,-0.002605181889799283
-382.353,0.03071265971025009
-382.314,0.006320567130438241
-382.275,0.012118119424384899
-382.236,-0.02837240068481149
-382.197,0.013585454550680266
-382.158,0.01552028658419938
-382.119,-0.014328033093969645
-382.08,0.02316057025911098
-382.042,-0.009676138198974789
-382.003,0.017082958484401584
-381.964,-0.009645325703706032
-381.925,0.021305771604117826
-381.886,-0.014001284278344552
-381.847,-0.0413674550888845
-381.808,0.006481970602363179
-381.769,-0.03703893239047745
-381.73,-0.012650668898146668
-381.691,0.04219099656552129
-381.652,-0.009077590717770975
-381.614,-0.01716469642757258
-381.575,-0.016092552040888136
-381.536,-0.0025323891793357298
-381.497,-0.004966098035519234
-381.458,-0.020752509204715063
-381.419,0.03802945448105131
-381.38,0.007663744176470885
-381.341,0.018849658911326186
-381.302,-0.031807569130271274
-381.263,-0.019453075307413064
-381.224,0.0010876153521810318
-381.186,-0.022335486985679692
-381.147,0.0034914744054576684
-381.108,-0.01599775805746637
-381.069,0.0324964849296617
-381.03,0.01578464345280305
-380.991,-0.0023007195981479094
-380.952,0.002862064361642897
-380.913,0.015049495169841299
-380.874,-0.04500079275743868
-380.835,0.012705256336784246
-380.796,0.030498773682722136
-380.757,-0.038101995245114435
-380.719,0.0035062654024661695
-380.68,-0.009284731955639442
-380.641,-0.03805530316399112
-380.602,0.037569431241208096
-380.563,-0.05141717222035079
-380.524,0.0158333485712211
-380.485,0.00928202038810097
-380.446,-0.016156221705481005
-380.407,0.013777794097189511
-380.368,-0.02025770964759338
-380.329,0.004125163033033416
-380.291,-0.007144080287723692
-380.252,0.018819677722608456
-380.213,0.017735914855385504
-380.174,0.024213129019285243
-380.135,0.028506760975296593
-380.096,0.013252725283730414
-380.057,0.018418349958227432
-380.018,0.011167480002324115
-379.979,-0.013495195979928447
-379.94,-0.0027764073106810797
-379.901,0.00024918387451393456
-379.862,-0.025921305486999998
-379.824,-0.014142930649326445
-379.785,-0.000130217164451895
-379.746,0.006850969682245973
-379.707,0.022290825895038002
-379.668,0.0166344057844517
-379.629,-0.013209239194427222
-379.59,-0.020839870847806193
-379.551,-0.02978217243659458
-379.512,-0.013185306321709573
-379.473,0.01624918963126066
-379.434,0.02720814744995746
-379.396,-0.003772179155952028
-379.357,0.006530934578292912
-379.318,-0.0051271403366294245
-379.279,0.0259506841526046
-379.24,-0.0005077669688769177
-379.201,-0.010186304636156676
-379.162,0.035101779602512144
-379.123,0.013718484012113133
-379.084,0.005516374275568741
-379.045,0.00932881915647555
-379.006,0.011164798824185604
-378.967,0.00015046999356829944
-378.929,0.04925032962937068
-378.89,-0.022631581430831535
-378.851,0.0038376284690707484
-378.812,0.041775768251002765
-378.773,-0.026484550222281585
-378.734,0.030955482846911044
-378.695,0.0015747779638224536
-378.656,-0.011535920226266375
-378.617,0.02437243692837199
-378.578,0.015923834495306512
-378.539,-0.025709373204438703
-378.501,-0.013065663723619347
-378.462,-0.003606491833696028
-378.423,-0.020496124240526655
-378.384,0.00033192288550778224
-378.345,-0.034714982611467216
-378.306,-0.006101822224445537
-378.267,0.011953720944339821
-378.228,0.017682267494334807
-378.189,-0.04719946268811566
-378.15,-0.00461010589343105
-378.111,-0.0077201245609100164
-378.073,-0.011294489160547736
-378.034,0.006835628826046783
-377.995,0.008677822910097869
-377.956,0.01064949279729675
-377.917,0.00800433818091526
-377.878,-0.010216544258509618
-377.839,0.0214119047670374
-377.8,0.00440526628843526
-377.761,-0.02724007411400874
-377.722,-0.009912765395668169
-377.683,-0.003923787255181906
-377.644,0.039117042326612325
-377.606,0.02409722131881602
-377.567,-0.03794744041508782
-377.528,0.016690669547505248
-377.489,-0.04174313101030855
-377.45,0.018341263293432983
-377.411,-0.008377054561157693
-377.372,-0.017687782685274732
-377.333,0.011632306082606025
-377.294,-0.019442121749142956
-377.255,0.005979639834414992
-377.216,-0.007246996863888354
-377.178,-0.005372557135281177
-377.139,-0.01205997197036978
-377.1,-0.0028822052928464056
-377.061,-0.00668223984988215
-377.022,-0.008695540622056554
-376.983,-0.008189479180948533
-376.944,0.02372929280674376
-376.905,-0.022406882683531294
-376.866,0.021014159237230573
-376.827,-0.014077104878006676
-376.788,-0.023260444917967367
-376.749,-0.011078772664300416
-376.711,0.023113704345029715
-376.672,-0.003945629901580496
-376.633,-0.018858202297490877
-376.594,-0.016548731356353468
-376.555,0.009262697078101938
-376.516,-0.026514993304511715
-376.477,-0.01133434873230035
-376.438,-0.008740740177271509
-376.399,0.019549725439275707
-376.36,0.02925557078907839
-376.321,0.02537503216868886
-376.283,-0.0024200048344440945
-376.244,0.028636305895861122
-376.205,-0.04068585084468313
-376.166,0.01934581843943127
-376.127,-0.03004878394061963
-376.088,-0.003526707562606866
-376.049,0.009381061335992712
-376.01,0.0033865994200710276
-375.971,0.015397280300709837
-375.932,0.005610645334677009
-375.893,-0.016667846524222794
-375.854,0.0046190398667019196
-375.816,-0.023088495646555324
-375.777,-0.009172748986181162
-375.738,0.023078923795710842
-375.699,0.03418279532902362
-375.66,-0.0012482278769736961
-375.621,0.006581520699862202
-375.582,-0.007674102285834535
-375.543,0.0014571795547335797
-375.504,0.0033981084658811084
-375.465,-0.005431982730840647
-375.426,-0.017214442873337295
-375.388,0.017559021053802037
-375.349,-0.010553503924819067
-375.31,-0.004676819028683439
-375.271,0.015639834707586692
-375.232,0.026972637728119694
-375.193,-0.014429750362254872
-375.154,-0.015847200926754998
-375.115,0.004252211995269012
-375.076,0.013700620277456941
-375.037,0.0031600543745969635
-374.998,-0.016109414252576972
-374.96,0.027045170680778573
-374.921,0.009071606999203091
-374.882,-0.016255468169572754
-374.843,0.013360453469459655
-374.804,0.009471381521366761
-374.765,-0.0047009155788016
-374.726,-0.0020488948079590095
-374.687,-0.0023595222349882174
-374.648,0.013078466436215321
-374.609,0.00791974639629725
-374.57,0.004252041024500004
-374.531,0.00798701072224358
-374.493,0.021392041762076017
-374.454,0.020714869021563612
-374.415,-0.007895178816725506
-374.376,-0.006696178948831085
-374.337,-0.011538983067220928
-374.298,0.0060871820041847
-374.259,-0.004850394434739452
-374.22,0.005235495561723507
-374.181,0.022373851467386865
-374.142,0.0017068900749232178
-374.103,0.02571939265468575
-374.065,0.03490803476681227
-374.026,0.0023404579871817914
-373.987,-0.009072354153084283
-373.948,0.008155304872652605
-373.909,-0.01499920339568229
-373.87,-0.01873661828837733
-373.831,-0.022143203123307524
-373.792,0.0035001565039253276
-373.753,0.03853005000190445
-373.714,0.0013033024912130048
-373.675,0.0410226978703363
-373.637,-0.023521095950041947
-373.598,-0.015177108751942807
-373.559,-0.021663075639297105
-373.52,0.008998476517223743
-373.481,0.01436306757432194
-373.442,-0.003024674971177544
-373.403,0.008733252608218412
-373.364,0.010412540759712232
-373.325,0.002328986766592273
-373.286,-0.0256481713052274
-373.247,-0.002048887384648283
-373.208,-0.00793387400395683
-373.17,-0.00401082093323456
-373.131,0.021221156637340217
-373.092,-0.029008990473791848
-373.053,-0.0024851986476334483
-373.014,-0.04063956137288283
-372.975,-0.013219743091887441
-372.936,-0.030523098119447624
-372.897,-0.008842734042639591
-372.858,-0.02078507268946126
-372.819,0.010481045117567495
-372.78,0.004229532088643596
-372.742,0.002718584797716948
-372.703,0.016456177702880055
-372.664,0.013247261896832289
-372.625,-0.001433618804723306
-372.586,-0.023814854281327517
-372.547,0.017528230843114327
-372.508,0.02585939157629484
-372.469,-0.003472152103501868
-372.43,-0.0025023757379582195
-372.391,-0.037483122352091336
-372.352,0.0274890184391793
-372.313,0.009255854038601194
-372.275,-0.013315814591502002
-372.236,0.0018909240575242705
-372.197,0.01782817467743074
-372.158,-0.004575284560330911
-372.119,0.004668068314273882
-372.08,0.0035561316050046875
-372.041,-0.04505789690497458
-372.002,-0.009109134766139955
-371.963,0.003386959290545933
-371.924,-0.017331672666244052
-371.885,0.005655849114751703
-371.847,-0.007943003087039872
-371.808,0.007613363899005144
-371.769,0.02825591752521256
-371.73,0.0012382874124277094
-371.691,0.008473317463057347
-371.652,-0.008520166941614525
-371.613,0.006922608239789499
-371.574,-0.015471371045378709
-371.535,-0.009156321423597093
-371.496,-0.003888507678725865
-371.457,0.008746102467657856
-371.418,0.00020639782906927903
-371.38,0.020056468434425836
-371.341,0.0017015333706658885
-371.302,-0.0030189656824198517
-371.263,0.007738446907464308
-371.224,0.015741325769312746
-371.185,0.04490224390299239
-371.146,-0.006881891628011921
-371.107,0.008565900345242036
-371.068,0.018714055183506467
-371.029,-0.004441416170732714
-370.99,-0.04585077926535422
-370.952,0.01766680239911449
-370.913,0.004632461102252097
-370.874,0.015478739725559552
-370.835,-0.0028241068788113785
-370.796,-0.016694304980422816
-370.757,0.01079997587890395
-370.718,0.027021055983473832
-370.679,-0.003143073114585385
-370.64,0.020477666889578694
-370.601,-0.023231432207301457
-370.562,0.008363596559750214
-370.523,-0.016082939695403815
-370.485,0.010471908040769763
-370.446,0.03253939590320186
-370.407,-0.008388344048224715
-370.368,-0.014869643618703798
-370.329,0.004821449135388272
-370.29,0.028552816993467407
-370.251,-0.023734664752765994
-370.212,0.008329251301743832
-370.173,-0.018233564463009475
-370.134,-0.0037230264302382946
-370.095,-0.02182340831243445
-370.057,-0.01441601553999978
-370.018,-0.018997987509938842
-369.979,-0.01057957591605128
-369.94,0.0003731773654849623
-369.901,0.0005656123354865599
-369.862,-0.029418770437424024
-369.823,0.008470877237017583
-369.784,0.018477112736529834
-369.745,0.01847500159150034
-369.706,-0.03212387014500056
-369.667,0.0048881861018387545
-369.629,-0.013167596313093775
-369.59,-0.021443609663513472
-369.551,0.012826455154364917
-369.512,0.014205659578002768
-369.473,0.004741100072087685
-369.434,0.018274322722472064
-369.395,0.02676090330400283
-369.356,-0.009989468421996604
-369.317,-0.016598532984967426
-369.278,0.013550897288757911
-369.239,-0.008917053967055343
-369.201,0.003048668639670472
-369.162,0.025456584851043164
-369.123,0.014148787739722573
-369.084,0.015443800196587741
-369.045,0.02082296355965022
-369.006,-0.02501853494817311
-368.967,0.03381536161655095
-368.928,-0.004292993513311694
-368.889,0.010481237694975255
-368.85,-0.004296639507585694
-368.811,-0.019115882259366064
-368.772,0.00680023584503541
-368.734,0.022429560941453035
-368.695,0.04717287965616777
-368.656,-0.0009803793725033398
-368.617,0.03704776533960227
-368.578,0.015506303936646695
-368.539,0.01808969871514463
-368.5,-0.005188765204555739
-368.461,-0.02311898823481759
-368.422,-0.019130243172080397
-368.383,-0.02178880993558201
-368.344,-0.02338916417898281
-368.306,-0.023740468652739568
-368.267,0.002872697065862106
-368.228,0.004819614691535889
-368.189,0.005058061897502323
-368.15,-0.0013866992655146761
-368.111,-0.04898558923796096
-368.072,-0.0016602388675688862
-368.033,0.009170328359659327
-367.994,0.04498494067967274
-367.955,-0.04091972075148202
-367.916,-0.013465185723829418
-367.877,0.013350341316263614
-367.839,0.016522454135405342
-367.8,0.00982126931791929
-367.761,0.017872204709539097
-367.722,0.0041710416786904505
-367.683,0.0006286747894940371
-367.644,0.0017086129378683862
-367.605,-0.004186834918265912
-367.566,-0.0011953920984476446
-367.527,-0.005576980145635046
-367.488,-0.0019806289137088125
-367.449,-0.0023815145438389187
-367.411,0.024063712501279415
-367.372,-0.0012262545890742013
-367.333,-0.009630449897728125
-367.294,-0.034653334031887265
-367.255,-0.013591728666943356
-367.216,0.0028211845126802065
-367.177,0.010345755066407858
-367.138,0.004704289410157663
-367.099,0.01575938394725199
-367.06,-0.018850328975234244
-367.021,0.005685829025860868
-366.982,-0.022499977077502148
-366.944,-0.013042090138335268
-366.905,-0.008762466244618225
-366.866,0.014556395234194762
-366.827,0.008686139351903724
-366.788,0.0024355897456326296
-366.749,-0.006218313822415198
-366.71,0.030201663816779974
-366.671,-0.01771530990026704
-366.632,-0.01311024832500157
-366.593,0.015941031849821635
-366.554,0.029639066703139868
-366.516,0.014571443412466287
-366.477,-0.009136496651270972
-366.438,0.0002526248355822474
-366.399,0.008986387071918765
-366.36,-0.03357790140398599
-366.321,-0.029024617608273438
-366.282,0.014063618568182366
-366.243,-0.0026768074623211274
-366.204,-0.024450365704874272
-366.165,0.0022030022324804784
-366.126,-0.030996283105392444
-366.087,-0.03069576443014545
-366.049,-0.004644240621542993
-366.01,-0.023389850590766016
-365.971,-0.034742984000055335
-365.932,0.02186638008472748
-365.893,0.018817284480567104
-365.854,0.009123088474398987
-365.815,-0.007595486724343919
-365.776,-0.0002766339099690377
-365.737,0.0013429926764779634
-365.698,-0.04390166903142652
-365.659,-0.03438496365087042
-365.621,-0.014040222406831358
-365.582,0.0014484763944934958
-365.543,-0.007326082082207727
-365.504,-0.011003296137255883
-365.465,0.023495087940324764
-365.426,0.02376008311872422
-365.387,0.006640488928761126
-365.348,0.021535517889448755
-365.309,0.027540699032384652
-365.27,0.027136972283995517
-365.231,-0.02528364469431879
-365.193,-0.010758813687142897
-365.154,-0.006299069067297988
-365.115,-0.002816529392267648
-365.076,0.025870243151670032
-365.037,0.016172021065191923
-364.998,0.013675503616818059
-364.959,-0.01115971851997046
-364.92,0.01821178374302025
-364.881,-0.022268504971231937
-364.842,-0.010308716611359287
-364.803,0.00973957929206002
-364.764,-0.030491360249373867
-364.726,0.01105125787309618
-364.687,-0.028127980295892932
-364.648,0.006438758908567021
-364.609,0.001980465382258329
-364.57,-0.024902010030512393
-364.531,-0.007452569716321713
-364.492,-0.033485859051623434
-364.453,-0.008874938595032638
-364.414,-0.009210293710475449
-364.375,-0.016436585408306205
-364.336,0.03188813598931982
-364.298,-0.0032726173231361027
-364.259,0.0017206127752186044
-364.22,-0.025191796425817158
-364.181,-0.02428838342531526
-364.142,-0.029436221928874177
-364.103,-0.021015199609367603
-364.064,0.026757974454948916
-364.025,0.05495059672220183
-363.986,-0.010028834282932405
-363.947,-0.018305490815014896
-363.908,-1.3127251806539092e-05
-363.869,-0.0296204217847378
-363.831,0.029717846239321513
-363.792,-0.0025038962327294245
-363.753,-0.022999162757392295
-363.714,0.008413899139879822
-363.675,-0.0028283637960116537
-363.636,0.0031485185544018425
-363.597,-0.008390927579808118
-363.558,0.0004861452630590471
-363.519,-0.016101387933619867
-363.48,-0.029491286856819635
-363.441,-0.00475333023110522
-363.403,-0.03229567828599458
-363.364,0.022385449222261
-363.325,0.009221200453039804
-363.286,0.02040558585817703
-363.247,0.013947362377705393
-363.208,-0.010334174315044515
-363.169,0.043699263356790446
-363.13,0.048128053265937734
-363.091,-0.010003337110715351
-363.052,-0.031958566214857154
-363.013,0.022123694188466603
-362.974,-0.012612781618354343
-362.936,0.003414245647086969
-362.897,0.020944968672545132
-362.858,0.02494490502781206
-362.819,-0.0165840877813611
-362.78,0.03090376352623952
-362.741,-0.004540946327200275
-362.702,0.014129238936018817
-362.663,0.016239653917020525
-362.624,-0.005397257667970619
-362.585,0.01590350992302706
-362.546,-0.00029750718070396375
-362.508,-0.02069133410945273
-362.469,0.04254727510857999
-362.43,-0.013913286747025381
-362.391,-0.03690386617218699
-362.352,-0.013283509458354308
-362.313,-0.0005646066354598741
-362.274,-0.01806624241752228
-362.235,0.0069362424441785295
-362.196,-0.04574084733475534
-362.157,0.024755274619952628
-362.118,0.02380783435795017
-362.08,-0.0016097237223614454
-362.041,0.008565988778985456
-362.002,0.02620066579380171
-361.963,0.03238149207128717
-361.924,0.019197691461646363
-361.885,0.038814186242683235
-361.846,0.026605475544834147
-361.807,0.004859378416321836
-361.768,0.00968157321942659
-361.729,-0.030027447895178243
-361.69,0.006426273017545682
-361.651,0.0028239978732604886
-361.613,0.028678753178707946
-361.574,0.005597890019873146
-361.535,-0.012686132226194226
-361.496,0.002607051329151701
-361.457,-0.008586174554931554
-361.418,-0.03390672209469844
-361.379,-0.006907554014426568
-361.34,0.02891392169027982
-361.301,-0.0012385857404271393
-361.262,-0.0007060729976443023
-361.223,-0.0092359911541802
-361.185,-6.683107213241706e-05
-361.146,0.014072308287473103
-361.107,-0.0079765653509435
-361.068,-0.026395062491898665
-361.029,0.003342643631330045
-360.99,-0.003995776778035108
-360.951,0.014343981039718921
-360.912,0.023135575850960172
-360.873,0.01021007488410328
-360.834,0.018262966475693018
-360.795,-0.014321674518705836
-360.757,-0.007469183964141918
-360.718,0.04291837415432073
-360.679,0.04224104265636125
-360.64,0.008437110079155591
-360.601,-0.01513481386418316
-360.562,-0.0029936418207556397
-360.523,0.05877793921463133
-360.484,-0.004946567608800552
-360.445,0.017188794215184645
-360.406,-0.03285240306687148
-360.367,0.04905877970964515
-360.328,0.022668354014773753
-360.29,-0.007895174918342162
-360.251,-0.0001244886869239039
-360.212,-0.031123046054700378
-360.173,0.007216928543762434
-360.134,0.028346850428197356
-360.095,-0.005184205446275756
-360.056,0.026795628484967
-360.017,-0.03042186549401889
-359.978,0.02214854452333647
-359.939,-0.02824780148445764
-359.9,-0.019480869411244432
-359.862,-0.01715497474809023
-359.823,-0.027755544470811244
-359.784,0.03233046333133428
-359.745,0.03608359560393022
-359.706,-0.0020773910848417548
-359.667,0.011756525333993142
-359.628,-0.015137762108470364
-359.589,-0.0032545079852609373
-359.55,0.010530006516579843
-359.511,0.004903997020332513
-359.472,-0.042942220400911585
-359.433,-0.0050607784691543214
-359.395,0.0005915888248425511
-359.356,0.031436945041287544
-359.317,-0.006146733800543414
-359.278,-0.0056305603328634275
-359.239,0.034225034362402346
-359.2,0.0033083766981529287
-359.161,0.0024703899590261848
-359.122,-0.022527123936678103
-359.083,-0.003220973472435883
-359.044,0.032114915637311676
-359.005,0.021105139875365157
-358.967,0.004018907401810409
-358.928,-0.0011506496611924377
-358.889,-0.012005873377068377
-358.85,0.0146320810171993
-358.811,-0.02883235336522074
-358.772,-0.02464315439771812
-358.733,0.015436656953174586
-358.694,0.01771265235727448
-358.655,0.0011895438809327516
-358.616,-0.008896495807022406
-358.577,0.004822119151274033
-358.538,-0.014536618030114197
-358.5,0.007303142705140538
-358.461,0.018832330492811362
-358.422,0.0003268589528795836
-358.383,0.005002297043395398
-358.344,-0.005579520024584722
-358.305,0.03164381081333061
-358.266,0.00805612115630785
-358.227,-0.016361832111830867
-358.188,0.01710235108314896
-358.149,-0.019972171688257274
-358.11,-0.02810050346468418
-358.072,0.007592596892877879
-358.033,-0.011792100347240743
-357.994,0.02402384530383057
-357.955,0.030013519783777927
-357.916,-0.013549410122944448
-357.877,0.049385050653417174
-357.838,0.00030725284518140104
-357.799,0.04162069964590903
-357.76,-0.02350709006522757
-357.721,-0.013607848545521956
-357.682,0.0050667302503757386
-357.643,-0.029587589051579356
-357.605,0.01253059754532655
-357.566,0.0015145522978560557
-357.527,0.014472147316953293
-357.488,-0.014872909938246389
-357.449,0.011018341462201535
-357.41,0.028001311545934215
-357.371,-0.009259571551550036
-357.332,-0.01601065244393051
-357.293,0.0011051255790253036
-357.254,0.002370078605669762
-357.215,-0.0059920403378882475
-357.177,0.007171332381935201
-357.138,0.020413851607752245
-357.099,0.030820392505517973
-357.06,-0.00928977251982745
-357.021,0.020653125177680264
-356.982,0.007257808327016167
-356.943,0.038023655601028127
-356.904,-0.04466952108204671
-356.865,0.043140449048319415
-356.826,-0.018780396400578894
-356.787,-0.010229066738698242
-356.749,0.024618743128135244
-356.71,0.010964666616765786
-356.671,0.006331966402047244
-356.632,0.015431482844610538
-356.593,-0.025500273631727837
-356.554,-0.011014424877566414
-356.515,-0.008471871853694855
-356.476,0.009786542287163136
-356.437,-0.009156898912261987
-356.398,0.010115615393141552
-356.359,-0.008364915602432615
-356.32,-0.010456123873608926
-356.282,0.009346115444473151
-356.243,0.04507697746515134
-356.204,0.01808345610435859
-356.165,-0.015005831141835266
-356.126,-0.022350281429055374
-356.087,0.028857980367216256
-356.048,-0.006070074709629693
-356.009,3.646774454688605e-05
-355.97,0.031119496995649764
-355.931,-0.019267412297225978
-355.892,0.0027831365886575275
-355.854,-0.0027449234192975912
-355.815,-0.022302195778249677
-355.776,-0.022004785636713087
-355.737,0.035634207747631694
-355.698,0.02009032179291086
-355.659,0.03677404830651032
-355.62,0.018067753674517472
-355.581,0.0013754918783607448
-355.542,-0.003720395384865856
-355.503,0.014376031253494284
-355.464,0.0006290751443359848
-355.426,-0.00577538010883539
-355.387,0.0026430908822669364
-355.348,0.018448371374975254
-355.309,0.0001880937231841552
-355.27,0.007394833074771928
-355.231,0.02161580179917378
-355.192,0.010504313287490848
-355.153,0.024627853738159098
-355.114,-0.008074144942898811
-355.075,-0.015536660369658433
-355.036,0.03364716611458494
-354.997,-0.010336795486800636
-354.959,-0.04293654468749718
-354.92,-0.01827081561526219
-354.881,-0.0052970099459739295
-354.842,-0.012681978726648242
-354.803,-0.025481577511232305
-354.764,0.012582351776895043
-354.725,-0.018814057263388667
-354.686,0.001501689783724034
-354.647,-0.012062794210295828
-354.608,-0.0025454054429890852
-354.569,-0.00193366443845885
-354.531,0.007559240599036229
-354.492,0.006638437712049477
-354.453,0.02266649565248189
-354.414,-0.008875712717046463
-354.375,0.03815401084647787
-354.336,-0.007787747418173175
-354.297,0.0010914743626418118
-354.258,-0.006625887123063311
-354.219,-0.017033889082742684
-354.18,-0.009436780355054195
-354.141,-0.020134537719024882
-354.102,0.0086532907152712
-354.064,0.0008841245973832136
-354.025,-0.03733939736430686
-353.986,-0.007002997875273346
-353.947,0.04447327385336354
-353.908,-0.009716543126090708
-353.869,0.004870441481737264
-353.83,-0.013436100383167919
-353.791,-0.02203815295170407
-353.752,0.003323313383466823
-353.713,0.003507159523733233
-353.674,0.008678900360363638
-353.636,-0.008573323839201879
-353.597,-0.01464779310753411
-353.558,0.004576919089533015
-353.519,0.0011387190724871249
-353.48,0.024060488578294733
-353.441,0.006226999373960439
-353.402,0.02131686346866548
-353.363,-0.026437537871705444
-353.324,-0.0006686972759889281
-353.285,-0.01931056563208479
-353.246,-0.008854201026122202
-353.207,0.013061169128315321
-353.169,-0.0003250866120652141
-353.13,0.01819264200367208
-353.091,-0.0010704547473577106
-353.052,0.007799379439135024
-353.013,-0.030725203002237887
-352.974,0.013367619773911798
-352.935,-0.011829545185848746
-352.896,0.01687513602963905
-352.857,-0.004815889735398074
-352.818,-0.011762938983085001
-352.779,-0.01011515594788132
-352.741,-0.00986758836556494
-352.702,0.013086330569272386
-352.663,-0.00461141336051904
-352.624,0.0004942958126589354
-352.585,-0.0393842471334304
-352.546,-0.03539646693952689
-352.507,0.02025933896329842
-352.468,0.0060929403703688535
-352.429,-0.00398299634899682
-352.39,0.015944281003630448
-352.351,-0.03328118313975423
-352.312,-0.010988702061297637
-352.274,-0.016919897075119424
-352.235,-0.00442963618145031
-352.196,-0.02051187685224188
-352.157,-0.003214755230157024
-352.118,0.018908381905591482
-352.079,-0.002922990375472706
-352.04,-0.029453457781199628
-352.001,0.006685614754449036
-351.962,0.011539751233387798
-351.923,0.0009773120317858371
-351.884,-0.01978138609630487
-351.846,0.0035119741387012807
-351.807,-0.02848093032619492
-351.768,0.010506874264276357
-351.729,-0.012279746507782255
-351.69,0.0010347780585730267
-351.651,-0.04044104716057305
-351.612,-0.0038356243783637355
-351.573,-0.02296762078561134
-351.534,-0.006380819712909295
-351.495,-0.0024453513505316884
-351.456,-0.009621479008481775
-351.418,-0.033430144206342084
-351.379,0.0019338957388348862
-351.34,0.02328766212225064
-351.301,0.005818404532577899
-351.262,-0.005787466777818702
-351.223,0.051948809217687006
-351.184,-0.008051031926790264
-351.145,0.02112823175981269
-351.106,0.003308622727325089
-351.067,-0.014122818971390394
-351.028,0.015197547843176059
-350.989,0.0030930675702440917
-350.951,-0.03421945027833538
-350.912,-0.021168851201585473
-350.873,-0.019710410201913938
-350.834,-0.00897876454092876
-350.795,0.03701387017642752
-350.756,0.010659880175579384
-350.717,-0.029551377237875306
-350.678,-0.015305334735847505
-350.639,0.0037057835887876617
-350.6,0.015512456728477054
-350.561,0.01469709256373311
-350.523,0.030699737649069945
-350.484,-0.01263872796575934
-350.445,0.004699541790091355
-350.406,0.0031565374022421125
-350.367,-0.00629239507649577
-350.328,-0.03049054248609536
-350.289,-0.0031298315642744852
-350.25,-0.008672908110664233
-350.211,0.0420069189187101
-350.172,0.009355441198990613
-350.133,-0.03665671135729852
-350.095,0.014393092116074032
-350.056,0.021123899917203516
-350.017,-0.023428562256173225
-349.978,-0.004074173989671567
-349.939,0.024904752859071982
-349.9,-0.007087388897153278
-349.861,-0.03181653467227874
-349.822,0.016583689869294312
-349.783,-0.03507716333732963
-349.744,-0.0074017772770047195
-349.705,-0.028919041506185062
-349.666,0.0004651502414083279
-349.628,-0.03802121181706411
-349.589,-0.020842274295127625
-349.55,0.016563746540934152
-349.511,0.010217130343617122
-349.472,-0.0037498157954028244
-349.433,0.014501540820890085
-349.394,0.018329447894294196
-349.355,-0.007056532080918474
-349.316,-0.010894354163831249
-349.277,-0.023957769744000622
-349.238,0.03635000535133686
-349.2,-0.02728633686973377
-349.161,-0.04258719161838339
-349.122,-0.01941105495014843
-349.083,-0.01576443579336668
-349.044,-0.01693574869896954
-349.005,-0.023885314606574233
-348.966,0.007661386999928222
-348.927,0.00449638458888869
-348.888,0.03301228782904787
-348.849,0.0019391658570652405
-348.81,0.011793699573894995
-348.771,0.0005897252860239093
-348.733,-0.005577223961674926
-348.694,0.02829492682437608
-348.655,0.008850084240418037
-348.616,-0.0035410864671804763
-348.577,-0.058165310215144574
-348.538,-0.008751479270086274
-348.499,-0.008535250277100323
-348.46,-0.03741089481215615
-348.421,0.0018250017566486774
-348.382,-0.04593986883869747
-348.343,0.013551483060873415
-348.305,0.0366391856686573
-348.266,0.0016556005328064072
-348.227,-0.03637880916155225
-348.188,0.016610004916405758
-348.149,-0.02016851901093295
-348.11,-0.010957905474046646
-348.071,-0.011954320014549383
-348.032,0.0009542396242888953
-347.993,0.011293085896255634
-347.954,0.007332855100413123
-347.915,-0.0024070671465469726
-347.876,-0.015583335468285223
-347.838,0.025559619569812654
-347.799,0.01695362559462725
-347.76,0.0014415365149735638
-347.721,-0.011898552563621672
-347.682,0.009378774453761486
-347.643,-0.023694357827056034
-347.604,-0.019009350061503387
-347.565,-0.011431028233344865
-347.526,0.01657129757060573
-347.487,0.008986825680973216
-347.448,0.01153574132233159
-347.41,0.045239382562059116
-347.371,0.020626126070388485
-347.332,-0.019433987287504527
-347.293,0.00476846774889471
-347.254,-0.015327708351633308
-347.215,-0.0010578235908399666
-347.176,-0.004658328733892294
-347.137,0.020100079752229775
-347.098,0.051004115206853565
-347.059,-0.010208805156278419
-347.02,0.0035909107787759297
-346.982,-0.026462242560977598
-346.943,-0.03396397416302581
-346.904,-0.008107812856403562
-346.865,0.015009828748472395
-346.826,0.0055675461649188854
-346.787,-0.04402205380305044
-346.748,-0.021116319184992703
-346.709,-0.019600285553967464
-346.67,0.007580853176638612
-346.631,0.0015713519355202202
-346.592,-0.019200842333542786
-346.553,0.009387420361132024
-346.515,-0.035826983964083514
-346.476,-0.013916765268554633
-346.437,-0.000268504757029997
-346.398,-0.015879244277019762
-346.359,0.002428389136342049
-346.32,-0.0166610391799994
-346.281,-0.012323602182521418
-346.242,-0.026780774077065667
-346.203,-0.023841207188079243
-346.164,-0.005535354431464895
-346.125,-0.011660648331217691
-346.087,0.012028878604355702
-346.048,-0.046576733541785396
-346.009,0.005153604969540548
-345.97,0.0072337238294198905
-345.931,0.01044372501206363
-345.892,0.0168848974350885
-345.853,-0.0432014921993973
-345.814,0.012631031756996574
-345.775,-0.01648798091897846
-345.736,0.004570782577069427
-345.697,-0.02047671993657058
-345.658,-0.027594782333864115
-345.62,0.007727503533207578
-345.581,0.0009036905088726163
-345.542,0.0074291725029456464
-345.503,0.02733383168454698
-345.464,-0.0022057109139539954
-345.425,0.018275814049270107
-345.386,0.024104288463378747
-345.347,-0.022587941234797532
-345.308,-0.008834381710343385
-345.269,-0.03579331751686602
-345.23,-0.006860332697357136
-345.192,0.004329902372786123
-345.153,-0.020646192567516847
-345.114,-0.007607945942994296
-345.075,0.004821101084460446
-345.036,-0.014842647691797863
-344.997,0.04039473578293522
-344.958,-0.024381616539335786
-344.919,0.007713478075403931
-344.88,-0.009290812962616201
-344.841,-0.016927835852081508
-344.802,0.0013187021032884016
-344.763,0.042053065355404366
-344.725,-0.006661666969461353
-344.686,-0.022650757616911037
-344.647,0.008251052803324077
-344.608,-0.014465968377003164
-344.569,0.01736444513130237
-344.53,-0.0027774810176756683
-344.491,-0.0026950608506346686
-344.452,-0.010294414062145279
-344.413,-0.014357224631601918
-344.374,0.0032583398632465514
-344.335,0.024839348437571823
-344.297,0.029479508045633478
-344.258,0.0002336109092283857
-344.219,-0.02088729187878868
-344.18,0.042469475920657834
-344.141,0.00026861658786612314
-344.102,0.06107765351966029
-344.063,0.014100189518311584
-344.024,0.016603950555812104
-343.985,0.023876720302893624
-343.946,0.0036155639962915055
-343.907,-0.01879738538549095
-343.868,-0.03362742162268244
-343.83,-0.010026032496062572
-343.791,-0.024094838619032666
-343.752,0.009120749664145049
-343.713,-0.023239310686365366
-343.674,0.009964590127798743
-343.635,-0.002322037320786525
-343.596,0.03395789074723876
-343.557,0.02753565279564624
-343.518,-0.015941872021933923
-343.479,0.028220989520852172
-343.44,0.0067689700755112475
-343.402,-0.01197868610882091
-343.363,0.0038709540775161127
-343.324,-0.004141923083521255
-343.285,0.0036944809908980745
-343.246,-0.03201509797667143
-343.207,0.017484956098648127
-343.168,0.010984936774857079
-343.129,-0.03231854010590496
-343.09,-0.011531943546534777
-343.051,-0.0037398103549898167
-343.012,-0.008327266520044712
-342.974,0.008593362090199513
-342.935,-0.009104927068508965
-342.896,-0.03269816320182649
-342.857,-0.005731650864839353
-342.818,0.019663314724086476
-342.779,0.0024457087489714187
-342.74,0.0420088664878599
-342.701,-0.006630616349580194
-342.662,0.03308976889690832
-342.623,0.028504979894631254
-342.584,0.02206912594654991
-342.546,-0.01047434348014745
-342.507,0.010411979419346485
-342.468,0.024082947306768444
-342.429,-0.012723380569553803
-342.39,0.0003547828663240703
-342.351,0.005063547608553837
-342.312,0.002474434403897611
-342.273,-0.0034741314909669946
-342.234,0.03899793612058469
-342.195,0.015038867722695538
-342.156,-0.022491804759184282
-342.117,0.006199458001043853
-342.079,-0.03432533409664472
-342.04,0.013877840948884383
-342.001,-0.006597125251878308
-341.962,-0.01878809362341535
-341.923,0.018892025616340312
-341.884,-0.008373950941855727
-341.845,-0.006573865634779468
-341.806,-9.7331567951108e-05
-341.767,0.031066844862255066
-341.728,-0.009453829071259872
-341.689,-0.008948618192189423
-341.651,0.04189764973198884
-341.612,-0.015068478003878654
-341.573,-0.013599323804427545
-341.534,-0.011142777584504555
-341.495,0.02738799687111425
-341.456,0.025919780372767945
-341.417,-0.019236543792492573
-341.378,0.02709917460152298
-341.339,0.0021779847789269134
-341.3,-0.02031163491605286
-341.261,0.019796182876330136
-341.222,0.015495712026956097
-341.184,0.000631732552044669
-341.145,0.014776703326446861
-341.106,-0.030406999594761508
-341.067,0.02242460488676895
-341.028,0.026756058143402574
-340.989,-0.004000951743207584
-340.95,-0.056186734762274655
-340.911,0.027413409596361838
-340.872,0.004515706440279108
-340.833,-0.015810463095990917
-340.794,-0.0038455994729539584
-340.756,-0.0076525287839797
-340.717,-0.0009345850242363472
-340.678,-0.0040013143756420615
-340.639,-0.005172628869898157
-340.6,-0.0008857167051240502
-340.561,0.0045374661949539
-340.522,0.028109888334042363
-340.483,-0.005733818158139787
-340.444,-0.0003431623996851081
-340.405,0.021105095144421916
-340.366,-0.0013441810359804641
-340.327,-0.0006306728856350931
-340.289,0.044644477171666044
-340.25,0.013193458855713382
-340.211,0.005651526783048197
-340.172,0.01518927953694424
-340.133,-0.05509530497310104
-340.094,0.009164976262867322
-340.055,-0.012197472762776732
-340.016,0.020391595708303054
-339.977,-0.019627384827635895
-339.938,-0.013337242580401684
-339.899,0.017448096908855917
-339.861,0.041103895656856855
-339.822,-0.028383685954992147
-339.783,0.01161820471681827
-339.744,-0.009367800427597349
-339.705,-0.002797255655598774
-339.666,-0.05336562439933833
-339.627,0.00714994715648056
-339.588,0.02411903831846382
-339.549,0.013363996253462898
-339.51,-0.02508271705088829
-339.471,-0.015412992364406724
-339.432,-0.007045431623861799
-339.394,0.009586079274849866
-339.355,0.021569348791835953
-339.316,-0.003722897965705272
-339.277,-0.012146689270016917
-339.238,-0.017671939048622746
-339.199,-0.02396281399548351
-339.16,-0.013316893127611374
-339.121,-0.004564888238404863
-339.082,-0.015744465180311126
-339.043,-0.029395098472896633
-339.004,-0.014426711220683487
-338.966,0.009264790980586461
-338.927,-0.03178619926677735
-338.888,-0.015791301952731762
-338.849,-0.0013242993785384626
-338.81,-0.008710535349328908
-338.771,-0.003108279916297616
-338.732,0.01085138700264455
-338.693,-0.04199349715352395
-338.654,-0.04855426095207971
-338.615,0.007297023893244476
-338.576,0.004614828417951913
-338.538,-0.025528786178370712
-338.499,0.023116281177502487
-338.46,0.0006018071867151687
-338.421,-0.034921849291354695
-338.382,-0.0028569862497840968
-338.343,-0.0018188945079256943
-338.304,0.004595711923708597
-338.265,0.008207355795364564
-338.226,0.0025760079816584923
-338.187,-0.008258848099722783
-338.148,-0.011889662389808495
-338.109,-0.05171560832416469
-338.071,0.0029441762699145895
-338.032,0.014327071707539713
-337.993,-0.002640395942066111
-337.954,-0.012843588377397998
-337.915,-0.05254999704144596
-337.876,0.011721014952102787
-337.837,0.022811913115350538
-337.798,0.04261003467837444
-337.759,0.014216862481756432
-337.72,-3.019800886771575e-05
-337.681,0.018791672515985434
-337.643,0.0009693827270699797
-337.604,0.0037738628370290505
-337.565,-0.0045718837576657085
-337.526,0.013039931262235516
-337.487,-0.00845400567648301
-337.448,0.002956140243871948
-337.409,-0.008795727792522676
-337.37,-0.02082343944959021
-337.331,0.0017174177732903508
-337.292,0.005090733648166802
-337.253,-0.011754008604034045
-337.215,0.008252465882714766
-337.176,0.030438360398839955
-337.137,-0.011020353942509706
-337.098,-0.017944848366907906
-337.059,-0.002793390629356754
-337.02,0.014024745838435469
-336.981,-0.030092339059092855
-336.942,0.04510754028544476
-336.903,0.014611388035325652
-336.864,-0.0083855812350818
-336.825,0.0060765848428371485
-336.786,0.006117985797179747
-336.748,0.03063355778471752
-336.709,-0.005969854887350719
-336.67,0.00024164739501665242
-336.631,-0.01606191616277299
-336.592,0.0267309869456522
-336.553,-0.00576239673085714
-336.514,0.018743838664097366
-336.475,-0.01098183108339727
-336.436,-0.044491721267014214
-336.397,0.01967478152142645
-336.358,0.016860357147569793
-336.32,0.010210621483413366
-336.281,0.004724532859845193
-336.242,-0.0026348878227234495
-336.203,0.019858655314547217
-336.164,-0.006880605403480519
-336.125,0.036863837445474154
-336.086,0.028430073743306774
-336.047,0.007282932379522098
-336.008,0.023297963087802763
-335.969,0.014752553449586814
-335.93,-0.012586140456728947
-335.891,-0.04186230865368516
-335.853,-0.01881379660175011
-335.814,0.020672050093140673
-335.775,-0.0070819901553627424
-335.736,0.007734210879384007
-335.697,0.002307557065168714
-335.658,-0.004421232727995323
-335.619,0.0012041980048399983
-335.58,0.007621363218071664
-335.541,0.008580274842011402
-335.502,-0.007594060184443975
-335.463,0.012002706681723499
-335.425,0.013212605475761953
-335.386,0.0029462893403731766
-335.347,-0.0014559431944486641
-335.308,0.049003781619965145
-335.269,0.008475271000225834
-335.23,0.040502576333239504
-335.191,0.004568792468711096
-335.152,-0.02489662361604441
-335.113,-0.029553538852240352
-335.074,0.007223218124285358
-335.035,-0.013501980195619713
-334.996,0.024861010108022844
-334.958,0.008671535730896077
-334.919,-0.009298985765573226
-334.88,-0.0005889533812294262
-334.841,-0.0508343383758523
-334.802,-0.010303198423497414
-334.763,0.00042600563410028196
-334.724,0.01824231732379209
-334.685,-0.0008126887303773391
-334.646,0.0429044393982979
-334.607,0.009330659614991195
-334.568,-0.035030535751547645
-334.53,0.016290595117930164
-334.491,-0.0071099701536735576
-334.452,-0.005337341603462342
-334.413,-0.024245785353400648
-334.374,-0.006958389445923754
-334.335,-0.002754552460972998
-334.296,0.01901341721279614
-334.257,-0.015581077505438416
-334.218,-0.01627020897177566
-334.179,0.023162893497802664
-334.14,0.0067536230607291884
-334.102,-0.023781146654489296
-334.063,0.046932914772281294
-334.024,0.011429126257785499
-333.985,0.008099595588303974
-333.946,-0.008237337533622453
-333.907,-0.006621007666311412
-333.868,-0.015991656942529246
-333.829,0.015172006553335192
-333.79,0.023880038710357078
-333.751,-0.021657771112250597
-333.712,-0.01581262163235045
-333.673,-0.01056393086496265
-333.635,0.0006455564936448492
-333.596,0.0033853701015205463
-333.557,0.012361498724519972
-333.518,-0.03496613043106867
-333.479,-0.027139616763483962
-333.44,-0.05244128861379001
-333.401,0.011293164300986666
-333.362,-0.05428808892001411
-333.323,-0.0038253532986957444
-333.284,-0.011330648618164667
-333.245,-0.009425395236028228
-333.207,-0.0027033830740524367
-333.168,-0.0358860851095604
-333.129,0.018068099354036585
-333.09,0.019381648369423205
-333.051,-0.00245160714902539
-333.012,0.002884236531087975
-332.973,0.019466215309527912
-332.934,-0.01226905038426693
-332.895,0.02440221059202488
-332.856,0.006687352193482274
-332.817,0.004868142930714093
-332.778,0.024262613296044497
-332.74,0.005247230661627639
-332.701,0.01438745505952093
-332.662,0.028956682736709607
-332.623,0.0018126045625821534
-332.584,0.006619517864737301
-332.545,0.04396746872043797
-332.506,-0.008293928683971186
-332.467,-0.028037067460195957
-332.428,-0.0007353793576269424
-332.389,-0.00764404695207066
-332.35,-0.0034243522493107564
-332.312,0.00698319231798377
-332.273,-0.00734149198735622
-332.234,-0.032893237608878904
-332.195,0.020913763453880383
-332.156,-0.013454634407319678
-332.117,-0.008039525253599796
-332.078,-0.014641246537847591
-332.039,0.013245708679243786
-332.0,0.00918629049354606
-331.961,-0.015837651870798608
-331.922,0.0018820958652169626
-331.883,0.019196473761974933
-331.845,-0.0013397970551065896
-331.806,-0.0027597203703082565
-331.767,0.03416804893576716
-331.728,0.025651780674196625
-331.689,-0.005555379203939292
-331.65,-0.011404919831876564
-331.611,0.010987340287700062
-331.572,-0.0346922135064974
-331.533,-0.008005889825385535
-331.494,-0.015590046364379967
-331.455,0.01629533847704121
-331.417,0.024960761589291936
-331.378,0.0043680979214100624
-331.339,-0.03112757050030889
-331.3,-0.04889415248273754
-331.261,0.008583284191213077
-331.222,-0.013699864793370358
-331.183,0.028373800993000672
-331.144,0.02456647455134025
-331.105,-0.021593281263967364
-331.066,-0.019211179460364342
-331.027,-0.0020422644727717317
-330.989,-0.0509250167687441
-330.95,-0.0055324919065682905
-330.911,-0.03588921736692136
-330.872,0.049423339206341885
-330.833,0.008283264304403624
-330.794,0.02668644741081735
-330.755,-0.008369194046717357
-330.716,-0.014982883912617246
-330.677,-0.02396386137956488
-330.638,0.037201706344680695
-330.599,-0.04247260768064279
-330.56,-0.019086123930509208
-330.522,0.02461854321654169
-330.483,0.02193947270833035
-330.444,0.03128010919263672
-330.405,-0.018260691015453065
-330.366,-0.021278806108391068
-330.327,-0.009262631996475887
-330.288,-0.013577222508044107
-330.249,-0.006547195989523023
-330.21,0.012039821839194186
-330.171,-0.01834558516427418
-330.132,-0.054203196556316974
-330.094,0.00397751801419435
-330.055,0.016007232568908975
-330.016,0.011420876479729712
-329.977,-0.0497169251566995
-329.938,-8.52783770359869e-05
-329.899,0.029338475520729566
-329.86,-0.006911405878883172
-329.821,-0.0035545442783271233
-329.782,-0.014063788440691548
-329.743,0.028378647085481278
-329.704,-0.008116891232707152
-329.665,-0.0035124873578403224
-329.627,-0.002873067815464386
-329.588,-0.014453038255819818
-329.549,0.0177060035407281
-329.51,-0.03033442627832602
-329.471,-0.02113664672807135
-329.432,-0.012529783813062826
-329.393,0.03765987580607564
-329.354,-0.021587568906384923
-329.315,-0.02296286841571492
-329.276,-0.002399917972390187
-329.237,0.03799078630176835
-329.199,0.0039044577593264815
-329.16,-0.007785237414714499
-329.121,-0.012315003319717382
-329.082,0.05285997760720841
-329.043,-0.005183890833403515
-329.004,-0.042704725743499566
-328.965,0.004852451515283201
-328.926,0.02189987929330718
-328.887,0.001315054280688569
-328.848,0.019940327955586628
-328.809,-0.0026364843284688837
-328.771,0.019171696675549472
-328.732,0.01895081872878531
-328.693,0.010984435056958178
-328.654,-0.010342738556846663
-328.615,-0.004682020866740501
-328.576,-0.000278684516047744
-328.537,-0.0074587937576919405
-328.498,0.02515180080072354
-328.459,-0.004342441193685589
-328.42,-0.0164362272636124
-328.381,0.02800766733671045
-328.342,-0.0003920395149926998
-328.304,-0.007595830915861635
-328.265,0.032598035633493894
-328.226,0.043853408370882065
-328.187,-0.03411112160928379
-328.148,-0.0016264628323512465
-328.109,-0.007014051676406133
-328.07,0.01570457889176195
-328.031,0.005813593501084834
-327.992,0.018359062944971208
-327.953,0.0056445857149691435
-327.914,-0.0014473780131813215
-327.876,-0.0038660102809134154
-327.837,0.029886824884946095
-327.798,0.009878604093198112
-327.759,0.03578606339410247
-327.72,0.017155014410342114
-327.681,-0.04417019729969929
-327.642,-0.008553375461443373
-327.603,0.001942888713725944
-327.564,-0.0008542803217240096
-327.525,0.003748692356244078
-327.486,-0.002043958819742874
-327.447,0.019301128924855398
-327.409,-0.007314074862903424
-327.37,0.003779362054609549
-327.331,-0.0273478242947822
-327.292,0.019247319265362953
-327.253,-0.0007749972546736168
-327.214,-0.04515269142678394
-327.175,-0.017893971063931396
-327.136,-0.028775339323613293
-327.097,-0.011305547069784086
-327.058,0.016156068331435087
-327.019,-0.005096902503090098
-326.981,-0.030658193831003197
-326.942,0.013802494079350847
-326.903,0.0065906285298720025
-326.864,0.009876449849317466
-326.825,0.0027329988240466277
-326.786,0.024047854979655274
-326.747,0.05931317670379992
-326.708,0.020433668487860886
-326.669,0.0048678508107119
-326.63,-0.012260934802747326
-326.591,-0.006963815702850588
-326.552,0.013080258428384494
-326.514,-0.014535355341052476
-326.475,-0.01913216594888149
-326.436,0.03218286719413516
-326.397,-0.0008885645124421197
-326.358,0.013949602970579905
-326.319,0.014957628218648614
-326.28,0.03983323538445506
-326.241,0.004101608970081805
-326.202,-0.005633377423760633
-326.163,-0.02495630921231825
-326.124,0.0019619282796789796
-326.086,-0.018753411897497067
-326.047,-0.02113660917721618
-326.008,0.0013681761927539036
-325.969,-0.0015578240269024744
-325.93,-0.014001019888492132
-325.891,-0.012051900834708654
-325.852,0.011424248995766509
-325.813,0.03425845969072117
-325.774,-0.004199780518893935
-325.735,-0.031366575051524376
-325.696,-0.03337428397550314
-325.658,0.025005458323179783
-325.619,0.0035646592078037915
-325.58,0.02679970388150106
-325.541,-0.020257830940347547
-325.502,-0.04852530754017331
-325.463,-0.007337610984730444
-325.424,-0.02698903254403602
-325.385,0.03219404311463575
-325.346,0.012568439534045331
-325.307,-0.020506531338745623
-325.268,0.006662344627917506
-325.229,0.0038680820769033566
-325.191,-0.037696872277166706
-325.152,-0.008809101179518697
-325.113,0.010955897296739278
-325.074,0.025324507520230473
-325.035,-0.01768567745293004
-324.996,-0.03468743602830851
-324.957,-0.019585849445095237
-324.918,-0.01143268503270471
-324.879,0.019937176942264778
-324.84,0.011443901367726798
-324.801,-0.005096540437662873
-324.763,0.03962740288737876
-324.724,-0.015016018454940215
-324.685,-0.02742865475630886
-324.646,-0.01446140507327675
-324.607,-0.01768018048602426
-324.568,-0.01716222441421886
-324.529,0.013575547889998704
-324.49,-0.01428661269450154
-324.451,-0.030590685630233466
-324.412,-0.001835691797537385
-324.373,0.005062255161905104
-324.335,0.015028413953059703
-324.296,0.0019964690754834063
-324.257,0.02352682383998176
-324.218,0.0020177482884479007
-324.179,-0.013088667570269979
-324.14,-0.0024485535743775334
-324.101,0.02835731527274718
-324.062,4.539178647665386e-05
-324.023,0.010857950148343872
-323.984,-0.011380937135918017
-323.945,-0.030757541689822906
-323.906,-0.0018165115784551727
-323.868,0.021923738840652216
-323.829,0.01716810546513439
-323.79,-0.01632447172880911
-323.751,-0.026005002687603328
-323.712,0.0153475570584844
-323.673,-0.005029507670853526
-323.634,-0.016689737478581705
-323.595,-0.0009534444239822151
-323.556,-0.017313023593157093
-323.517,-0.004186465523132255
-323.478,0.02629930226580727
-323.44,-0.018969435885456534
-323.401,0.013651461797342362
-323.362,-0.017980339266513642
-323.323,0.0064708255501855355
-323.284,-0.005655388739727708
-323.245,-0.009961738496306074
-323.206,-0.0011171388844515252
-323.167,0.010056386002228974
-323.128,0.014408404193235747
-323.089,-0.033577566436726186
-323.05,0.014948875202569685
-323.011,0.0022768114574295154
-322.973,0.002815526350150892
-322.934,0.018542379251277982
-322.895,-0.01700839522759557
-322.856,0.01472206928907397
-322.817,-0.0034799890241325277
-322.778,-0.00923073601439206
-322.739,0.017163058842595544
-322.7,0.03186381626718258
-322.661,-0.001053654907981693
-322.622,-0.03069112666130712
-322.583,-0.006556494644601344
-322.545,-0.008895727960912182
-322.506,0.015561986099400672
-322.467,-0.00976394479192692
-322.428,0.025346163414084147
-322.389,0.004185923614192482
-322.35,0.0044378934802567615
-322.311,0.03387599543767421
-322.272,0.03225708116582689
-322.233,0.002178299475403907
-322.194,0.010378322931440429
-322.155,0.0187381436469794
-322.116,0.021730928712201156
-322.078,0.020228765869950087
-322.039,-0.0013112223229266992
-322.0,-3.110451195689453e-05
-321.961,-0.004366272249621675
-321.922,-3.48025002411545e-05
-321.883,-0.018518425796576258
-321.844,0.005268107422861891
-321.805,-0.02430058111460487
-321.766,0.017033707204041116
-321.727,-0.00253465397241884
-321.688,0.030093209907852296
-321.65,0.03820476953331651
-321.611,0.02823939664399147
-321.572,-0.037148746038884864
-321.533,0.026030266270061997
-321.494,-0.018908915839312528
-321.455,0.035367016700798774
-321.416,-0.006695033104713038
-321.377,0.01058137168719514
-321.338,-0.0030992198121701144
-321.299,-0.014021011855993918
-321.26,-0.019362599832847927
-321.221,-0.02004627184535125
-321.183,0.022690707097874647
-321.144,0.0007632502184963337
-321.105,-0.012104169137971894
-321.066,0.02011098814791543
-321.027,0.005513665784383646
-320.988,0.037128494424396266
-320.949,-0.008473759263707385
-320.91,0.05331245463922389
-320.871,0.0024103705836754953
-320.832,-0.0021544464354926107
-320.793,0.024264055676758607
-320.755,-0.0135058711454486
-320.716,0.03670754067229666
-320.677,-0.03037006787111863
-320.638,0.038607258764300725
-320.599,-0.02185675590596131
-320.56,0.0233170909042277
-320.521,-0.035189138988818855
-320.482,-0.020091897374509275
-320.443,-0.007725720778681692
-320.404,-0.0007619388321472489
-320.365,-0.02314494104227833
-320.327,0.004172377242212303
-320.288,-0.01989912283032271
-320.249,-0.02911058210158411
-320.21,0.004386681516316814
-320.171,0.03911807139499121
-320.132,0.008997022191538048
-320.093,0.012716813961928976
-320.054,-0.0010882798437032819
-320.015,0.03116190367942337
-319.976,0.01585304573199541
-319.937,0.024140814031901135
-319.898,0.0011692331667805325
-319.86,0.0199619948296439
-319.821,-0.04420247631850367
-319.782,-0.007847856102511316
-319.743,-0.014866217648597042
-319.704,0.012739414369784114
-319.665,0.0014536983043490059
-319.626,-0.0020951709631735864
-319.587,0.00612211646414409
-319.548,0.007066566260460559
-319.509,0.009201041045723323
-319.47,0.011021010108068293
-319.432,0.02116477676203788
-319.393,-0.01671514582648778
-319.354,0.010125849165320045
-319.315,0.018501639041851446
-319.276,-0.04512374689478335
-319.237,-0.0019047291543830057
-319.198,-0.002788683714187761
-319.159,0.034767575625824276
-319.12,0.011611000531479
-319.081,-0.006494319575262506
-319.042,0.018259747690268273
-319.003,-0.015484173418742373
-318.965,-0.03137494508808402
-318.926,-0.0140338127703667
-318.887,-0.009102981031795387
-318.848,0.011298191312440272
-318.809,0.0017683336264259133
-318.77,-0.0184535174713569
-318.731,-0.03420238810381867
-318.692,0.01706971335665941
-318.653,0.0013270732880809144
-318.614,-0.02584151259638005
-318.575,0.026871662087696976
-318.537,0.039333316276090546
-318.498,0.008933492599781066
-318.459,-0.02127038734634227
-318.42,-0.010084505965919378
-318.381,0.013814864455653062
-318.342,0.008444550346541443
-318.303,0.033428085388011085
-318.264,-0.016391934836842745
-318.225,0.01166046073496077
-318.186,-0.0151785408490017
-318.147,-0.01116012863067703
-318.109,-0.004495715256560454
-318.07,-0.011977953292952063
-318.031,-0.04642697432663933
-317.992,0.023166701111983885
-317.953,-0.01696225820164128
-317.914,-0.005853001369239249
-317.875,0.021834651533635566
-317.836,0.016539383211048725
-317.797,-0.00873159224648974
-317.758,0.023401644855278902
-317.719,0.030091757938972598
-317.68,0.02685823120580214
-317.642,-0.010876138535657727
-317.603,0.007890674466459042
-317.564,0.023170748614681536
-317.525,0.018787518885022288
-317.486,-0.001190395068470303
-317.447,-0.0007202189262555817
-317.408,-0.015360901161511875
-317.369,0.0006137061075210722
-317.33,-0.004842810307348559
-317.291,0.013459567086256764
-317.252,-0.003948756011430347
-317.214,-0.019760758669541093
-317.175,-0.004574301321301377
-317.136,-0.005812897020462815
-317.097,0.03028968642624811
-317.058,-0.00035994183585081577
-317.019,-0.0013407479020729291
-316.98,-0.02948290823697272
-316.941,-0.039547536806933875
-316.902,-0.03241833159141967
-316.863,0.010462775388728307
-316.824,-0.003057960813269197
-316.785,0.01105541988046357
-316.747,-0.02503371624802872
-316.708,0.031227766227640195
-316.669,0.005524233044450269
-316.63,0.0479755880491407
-316.591,-0.0039644888695980485
-316.552,0.019071402441361122
-316.513,-0.019386719289741516
-316.474,-0.03110131624103974
-316.435,0.027603124486123672
-316.396,-0.005719059689238073
-316.357,0.005149628780211656
-316.319,-0.024998538443528697
-316.28,0.014546441756318168
-316.241,-0.006437724375357289
-316.202,-0.002632075197375193
-316.163,-0.07624962637148268
-316.124,0.005300719020433737
-316.085,0.03398914602457539
-316.046,-0.026485063218656943
-316.007,-0.018042034173920658
-315.968,0.01120760312325301
-315.929,0.005089383756332588
-315.891,-0.008491261504737191
-315.852,0.019353244834429642
-315.813,-0.02281985409799072
-315.774,-0.03505570910154869
-315.735,0.0090911395800687
-315.696,0.02061807898281875
-315.657,0.029527483505431773
-315.618,-0.015050073490572264
-315.579,0.020766338413585737
-315.54,-0.007293106131752885
-315.501,-0.01138048536191286
-315.462,-0.04048708218158603
-315.424,-0.008371543753555108
-315.385,0.026716295977063508
-315.346,-0.011564283614142985
-315.307,-0.01981208745654705
-315.268,0.049573209634300536
-315.229,-0.03493279568444104
-315.19,0.007458317356554311
-315.151,-0.017949986583964163
-315.112,-0.0052593320145724425
-315.073,-0.036775812898171015
-315.034,-0.009232236727065257
-314.996,-0.014689404156495705
-314.957,-0.004119635459763222
-314.918,-0.009400098255756445
-314.879,0.0060476527138873925
-314.84,0.006196234193015741
-314.801,-0.009216730290442
-314.762,-0.022003340414422083
-314.723,0.00010500258995249515
-314.684,-0.02878550892258901
-314.645,-0.005094183704655112
-314.606,-0.010264283451238705
-314.567,-0.0030007046136193887
-314.529,-0.026646981042838275
-314.49,-0.02309782643127195
-314.451,-0.010093601763407326
-314.412,-0.017923600140002452
-314.373,-0.012815836469298247
-314.334,-0.026813856595399407
-314.295,0.01942558283367825
-314.256,-0.026060252660914413
-314.217,0.006625937199843276
-314.178,-0.04424874459847616
-314.139,0.016588831623936668
-314.101,0.00606461686594281
-314.062,-0.03637462129517933
-314.023,0.006348883486542573
-313.984,-0.021538438172116432
-313.945,-0.0090285956903291
-313.906,0.00945709906971278
-313.867,-0.003988182054368923
-313.828,-0.009112560310989844
-313.789,-0.008548708131372908
-313.75,0.03479538506572054
-313.711,0.025433057195823623
-313.672,-0.007730449048310691
-313.634,-0.015411934341672703
-313.595,0.013051212534097075
-313.556,-0.004826384592428656
-313.517,-0.010752623210864204
-313.478,-0.0029060535504378485
-313.439,0.022598041627567098
-313.4,0.0289689660854719
-313.361,-0.014447926105181589
-313.322,-0.025694620247575822
-313.283,0.007936667553306895
-313.244,0.012701559213742601
-313.206,-0.022754960067722034
-313.167,0.011991803291802773
-313.128,0.008184096129319945
-313.089,0.022491217429336696
-313.05,-0.004876730152885633
-313.011,-0.013328254696213784
-312.972,-0.004531723891823418
-312.933,0.030816247839726953
-312.894,0.007484207233765054
-312.855,0.005109924800837906
-312.816,-0.004784974957365212
-312.777,-0.03620261729471077
-312.739,-0.03662704504082714
-312.7,0.012437645686089006
-312.661,-0.0073625177664598624
-312.622,0.030265646514947616
-312.583,-0.012249318307018968
-312.544,0.033339006892956914
-312.505,0.004860391116149941
-312.466,-0.0005455408646506711
-312.427,-0.017776723285069733
-312.388,-0.003968436171957697
-312.349,0.033532039506590186
-312.311,0.0027819214686105416
-312.272,0.02242091077618326
-312.233,-0.017750489087957348
-312.194,0.016521031959870782
-312.155,0.0065932048919163
-312.116,-0.021016040574151143
-312.077,-0.009978670598902457
-312.038,-0.00325829693798178
-311.999,-0.0024832246621943107
-311.96,-0.0010650857251278912
-311.921,-0.0005087046680818472
-311.883,0.005819929051449122
-311.844,0.005785138986475509
-311.805,0.002846122493234296
-311.766,-0.028172285845929294
-311.727,0.004519430333926346
-311.688,-0.0007613548591557248
-311.649,-0.002029619574113775
-311.61,0.025186949643012775
-311.571,-0.02917089731151649
-311.532,0.020003302940412335
-311.493,0.012937649789344415
-311.454,0.028882029792086053
-311.416,-0.007731017025559416
-311.377,-0.01589094810225642
-311.338,-0.022558113591511587
-311.299,-0.009280123904256744
-311.26,-0.0032228125445896497
-311.221,-0.005339439092599519
-311.182,0.009807584760575904
-311.143,-0.003831239059727966
-311.104,0.014776418501117926
-311.065,0.016357869963734662
-311.026,-0.0022328571702044508
-310.988,-0.0033055876262767176
-310.949,-0.015447651890617694
-310.91,0.004274066504330811
-310.871,0.001215818746275802
-310.832,-0.013206553180835098
-310.793,0.024456132617390405
-310.754,-0.046958675250391296
-310.715,-0.012935735559572972
-310.676,-0.04910716944439176
-310.637,-0.0016903666652469465
-310.598,-0.011118678013586056
-310.56,-0.03504020608647343
-310.521,-0.0053142182124237825
-310.482,-0.018533951993563322
-310.443,-0.004652592010263764
-310.404,0.01698583600783171
-310.365,0.006430163487573816
-310.326,0.011303806812042018
-310.287,-0.0023310459442073624
-310.248,-0.039451485648193924
-310.209,0.03308182355044608
-310.17,-0.02940533337169496
-310.131,0.04841933203808162
-310.093,-0.0006662315875089844
-310.054,-0.015112000168444247
-310.015,-0.02916860343193492
-309.976,-0.03576309599336001
-309.937,-0.02263517538747603
-309.898,0.004770054816634079
-309.859,-0.015466382269596016
-309.82,-0.021889765840423576
-309.781,-0.011666563093962436
-309.742,-0.027836227159032098
-309.703,-0.050327552478648625
-309.665,0.020466502726433654
-309.626,-0.006657188941024032
-309.587,-0.023435205669060287
-309.548,0.020119024883542967
-309.509,-0.007299067681925725
-309.47,0.005594765848199346
-309.431,-0.003504601218659682
-309.392,-0.004586676727144481
-309.353,0.011644763876546185
-309.314,-0.010745285849105106
-309.275,0.005870940212277157
-309.236,0.016996486332580066
-309.198,0.01468941752298357
-309.159,0.023783292732485164
-309.12,0.017099440186827533
-309.081,-0.016990464163504353
-309.042,-0.013871785482153893
-309.003,0.01314790403613155
-308.964,-0.0166144971244806
-308.925,-0.04945565702656517
-308.886,0.018195781157851497
-308.847,-0.013083525855583861
-308.808,-0.012300396779747973
-308.77,0.007081874427247193
-308.731,-0.028960956521994922
-308.692,-0.013793102981995337
-308.653,0.01135690429302836
-308.614,0.019107920704333564
-308.575,-0.017768586801440327
-308.536,0.011064244055906369
-308.497,0.023141851885637058
-308.458,0.023972224406967682
-308.419,0.008617096215161003
-308.38,0.0148872904626802
-308.341,-0.013719499109415934
-308.303,-0.04673608480182674
-308.264,0.014063756972421182
-308.225,0.005747241115660513
-308.186,-0.025125729240596795
-308.147,-0.012187093500035533
-308.108,0.020616388657160593
-308.069,0.025231212353692616
-308.03,0.016042850389530676
-307.991,-0.00888181805012091
-307.952,-0.01287549030336657
-307.913,-0.004683845288703256
-307.875,-0.01973055312772556
-307.836,-0.013414182010885171
-307.797,-0.0049751620723562495
-307.758,0.014825947105587796
-307.719,-0.005983468027757668
-307.68,0.014308243896152088
-307.641,0.008300723391887995
-307.602,-0.025528228291298083
-307.563,-0.009769426124589068
-307.524,-0.011374021565766843
-307.485,0.027053964480983357
-307.447,-0.01810937545006178
-307.408,-0.007099435379529522
-307.369,0.022359646740345598
-307.33,0.031627343795111895
-307.291,0.0034286192119491084
-307.252,0.02280941870543123
-307.213,-0.01813638066658516
-307.174,-0.00028430442685254266
-307.135,-0.022945932404515926
-307.096,-0.006728656828226289
-307.057,-0.009564423404452287
-307.018,-0.000314922233947525
-306.98,0.012265083331431502
-306.941,0.0006944088986997375
-306.902,0.054908995926567186
-306.863,0.006694247216883447
-306.824,0.005992543220456692
-306.785,0.0013055032312857518
-306.746,0.005797276361469522
-306.707,-0.005915060241288815
-306.668,0.02873140226468259
-306.629,0.0038239728040106937
-306.59,0.024423978645685865
-306.552,0.03848748869940187
-306.513,0.02964730219598972
-306.474,0.0020138414380232875
-306.435,-0.02182294239422294
-306.396,0.020862380959043667
-306.357,-0.012779060354056921
-306.318,0.011088848290527009
-306.279,-0.0027276994639949368
-306.24,0.030089508056733348
-306.201,-0.030816562858874248
-306.162,0.01505227141952326
-306.123,0.033771406245200725
-306.085,-0.006082084161256853
-306.046,-0.001199397571537667
-306.007,-0.02895172083004894
-305.968,0.020269542015044138
-305.929,0.034664380292748
-305.89,-0.002685480546699725
-305.851,0.005120967293574968
-305.812,0.03558717688304749
-305.773,0.044190639206128576
-305.734,0.006403632533447194
-305.695,0.04202046750571549
-305.657,0.02741779320312441
-305.618,-0.023232632187870354
-305.579,0.03664567021231488
-305.54,-0.00037182189674352106
-305.501,-0.02201160462152384
-305.462,0.009482432263989645
-305.423,0.007670012026474594
-305.384,-0.0012179616652916775
-305.345,-0.01542067537703871
-305.306,-0.010593690175282224
-305.267,0.010909022078687915
-305.229,0.0135552850415703
-305.19,-0.035002938867350133
-305.151,-0.004702075186263641
-305.112,0.0012822893079761895
-305.073,0.008765875793124864
-305.034,-0.0010583137614252162
-304.995,-0.017063521387382354
-304.956,-0.00599958008230657
-304.917,0.011039935037272531
-304.878,0.015807803132455153
-304.839,-0.010985944290685213
-304.8,0.04696415071119578
-304.762,-0.007797380081909482
-304.723,0.012197868872537534
-304.684,-0.01627962298298706
-304.645,-0.0034335249593860392
-304.606,-0.00012139796710540539
-304.567,0.0007350322864714261
-304.528,-0.0019905923386832414
-304.489,-0.00533531534338566
-304.45,-0.017335165995026484
-304.411,0.005008470814458769
-304.372,-0.024488763803489827
-304.334,0.02891085211699672
-304.295,0.019396288635022924
-304.256,0.008200074013465725
-304.217,-0.003998248079849501
-304.178,-0.0021719771597181747
-304.139,0.0020138370702895794
-304.1,-0.025284060255741862
-304.061,0.005570567358125745
-304.022,-0.02714590250229141
-303.983,-0.025505714682383572
-303.944,-0.005996098255971688
-303.905,-0.03306208209838797
-303.867,0.0325571559799987
-303.828,0.013590035619412837
-303.789,-0.006627459057467484
-303.75,-0.022864692017057393
-303.711,-0.019052469305844907
-303.672,-0.01122713336031947
-303.633,-0.01227576798893452
-303.594,0.0035939803877549728
-303.555,0.008524656600779662
-303.516,0.010730820186279863
-303.477,0.000984542448972856
-303.439,-0.02575673919769654
-303.4,0.00235274236116811
-303.361,-0.003786068142586625
-303.322,-0.013163035035017165
-303.283,0.02443843817412608
-303.244,-0.00567609643333296
-303.205,-0.03527700257941585
-303.166,0.009718739061799283
-303.127,0.0040359252435838554
-303.088,-0.011964083331035139
-303.049,0.004391923508406781
-303.01,-0.006806223097991018
-302.972,-0.010351951237751504
-302.933,-0.0034227574224841998
-302.894,0.007560123073548194
-302.855,0.032393298729899184
-302.816,-0.016153931786836467
-302.777,-0.0018136869346280313
-302.738,-0.004717434621752749
-302.699,0.0030733033036489336
-302.66,-0.017131396866949016
-302.621,-0.0007330312409740579
-302.582,-0.018401161290887105
-302.544,0.005583232545051371
-302.505,-0.0045625383183723845
-302.466,0.006539135862617233
-302.427,0.03326443358735093
-302.388,0.016354098633822062
-302.349,0.01857597593357245
-302.31,-0.01632544490432277
-302.271,0.004157773564007243
-302.232,-0.00741315970933079
-302.193,-0.01682355438290018
-302.154,0.018337093317160786
-302.116,0.004116736087058615
-302.077,-0.01179980608305036
-302.038,0.032761676149646306
-301.999,-0.012506997006065073
-301.96,0.023239866016037898
-301.921,0.018249794621648455
-301.882,-0.026646213768030065
-301.843,-0.017582588224018925
-301.804,-0.0229420771222208
-301.765,-0.008941461255708369
-301.726,-0.012958296426575231
-301.687,0.004503763668138815
-301.649,-0.041895813400121926
-301.61,-0.001008759040231958
-301.571,0.03195752844813568
-301.532,-0.020876236304600865
-301.493,0.0010209422736583065
-301.454,0.01404694534122015
-301.415,-0.014762728529171348
-301.376,-0.022410811614261172
-301.337,-0.03411371545303755
-301.298,0.011978097025685676
-301.259,-0.024302484261988888
-301.221,-0.031012144622244317
-301.182,0.00626995290466945
-301.143,0.012722182381354417
-301.104,0.0013560514480163762
-301.065,0.00014403235891490614
-301.026,0.0019564699479223493
-300.987,0.015919912674105342
-300.948,-0.003314328123127103
-300.909,0.023842974399751957
-300.87,-0.013033928434207583
-300.831,-0.028207721509045002
-300.792,-0.02847824729398886
-300.754,0.008822824032773513
-300.715,-0.005217234746380137
-300.676,-0.018859938075969723
-300.637,0.0013632156422349133
-300.598,0.00046695960174506033
-300.559,-0.0023270430353262497
-300.52,0.019188882295354
-300.481,-0.013680587851596876
-300.442,0.010980253189976315
-300.403,0.009511298705221619
-300.364,-0.004697730266184267
-300.326,-0.003860104076853777
-300.287,-0.012907484047466989
-300.248,-0.03914178194675218
-300.209,-0.023758978796974996
-300.17,-0.023180320395973678
-300.131,0.036041915799177406
-300.092,-0.005482388328763382
-300.053,-0.020360754879587432
-300.014,-0.007479089810936156
-299.975,-0.009849840644886018
-299.936,0.028367456987645014
-299.897,-0.009125509240747133
-299.859,0.022710658310059133
-299.82,-0.027803043229644747
-299.781,0.03377290410406826
-299.742,-0.032678385075981226
-299.703,0.010894677986821064
-299.664,0.010048644467698417
-299.625,-0.029147494131917417
-299.586,0.0417773732915785
-299.547,-0.016778971374322778
-299.508,-0.0007249794896706345
-299.469,0.00907753274554128
-299.431,-0.0008283680967847568
-299.392,-0.0028321555112424913
-299.353,-0.009252383415937395
-299.314,-0.04167556193038887
-299.275,-0.01122930126147708
-299.236,-0.007214199795236276
-299.197,0.0019024062060385926
-299.158,0.022052138266562153
-299.119,0.024125238355213255
-299.08,0.0020855612328994355
-299.041,0.022720853000879445
-299.003,0.012533115465658716
-298.964,-0.0002570044784574368
-298.925,-0.0250122195852995
-298.886,-0.018552237961813198
-298.847,-0.010473507779151984
-298.808,-0.0033331343284933052
-298.769,-0.0013415982376394197
-298.73,0.008938958938094387
-298.691,0.020140657543015
-298.652,-0.008669199749828492
-298.613,-0.005431083032182597
-298.574,-0.011544807352284064
-298.536,0.02119539061987992
-298.497,-0.007736040530207587
-298.458,0.028703833847545962
-298.419,-0.00884327762189802
-298.38,-0.00804340119187406
-298.341,0.04511868553791493
-298.302,0.007549234871848614
-298.263,-0.01624440321961174
-298.224,-0.02250394504254953
-298.185,-0.004497057822503177
-298.146,-0.0054355650526142305
-298.108,0.029669646515424333
-298.069,0.0071590861780789815
-298.03,0.002542302062756862
-297.991,0.048124772130968455
-297.952,0.027367898896193843
-297.913,-0.028353440738039932
-297.874,0.0033657138588912092
-297.835,0.019459359921863213
-297.796,0.0012320212844884315
-297.757,-0.011126193990583705
-297.718,-0.007337346204580569
-297.68,0.008126439624566033
-297.641,-0.005790151682771564
-297.602,0.004696093753467797
-297.563,0.01691766953110184
-297.524,0.019580628168612658
-297.485,0.008054243973364761
-297.446,-0.018036762942210863
-297.407,0.0038641046170683115
-297.368,-0.028560105597893622
-297.329,0.01785798554029236
-297.29,0.010453262960972919
-297.251,0.004121232327002279
-297.213,-0.0017597502041157382
-297.174,-0.01944177051110981
-297.135,-0.008243455093298794
-297.096,0.025743872236167333
-297.057,0.013166429960069505
-297.018,-0.007729394361986067
-296.979,-0.03221654475678006
-296.94,-0.05474778570334551
-296.901,0.022830489020173747
-296.862,-0.01469577806062102
-296.823,-0.0013819453390598747
-296.785,0.029226179066073287
-296.746,-0.017494609638672064
-296.707,0.05435267251301576
-296.668,0.008783338676358577
-296.629,-0.012967734346117268
-296.59,-0.05528023145791196
-296.551,-0.0024188787457538126
-296.512,0.013167861632199422
-296.473,0.013563173805574475
-296.434,-0.032357347871327415
-296.395,-0.026026634065086925
-296.356,-0.022887293254267235
-296.318,0.030403735290801533
-296.279,-0.0031148872848182074
-296.24,0.01692652275402405
-296.201,-0.024907177296132205
-296.162,0.0018484249243786235
-296.123,0.0011504677485494122
-296.084,0.009646554974608867
-296.045,0.014164649040278709
-296.006,-0.021761445271111603
-295.967,-0.029322076702389163
-295.928,0.0007126413901099001
-295.89,0.034731382478468104
-295.851,-0.011099735281914287
-295.812,0.0017287652129202857
-295.773,0.020543065206077547
-295.734,-0.020754768829512826
-295.695,-0.0005240318892897533
-295.656,-0.0156725652250794
-295.617,-0.00011168178894797247
-295.578,0.010533343893507666
-295.539,0.0061182967660404425
-295.5,-0.005895438751593459
-295.461,-0.0027520804482009673
-295.423,-0.005016768428616002
-295.384,-0.011459974697933705
-295.345,0.02802344066120551
-295.306,-0.03571979564720733
-295.267,-0.003807855810547218
-295.228,-0.00888696812597761
-295.189,-0.015262529129604692
-295.15,0.014684193458361154
-295.111,-0.0005406572099088706
-295.072,-0.0012136350540638639
-295.033,0.014735537244471367
-294.995,-0.008842986432258544
-294.956,0.006124040281555531
-294.917,-0.003455272322439641
-294.878,0.01023473720525667
-294.839,-0.017985764433133735
-294.8,-0.0014642355191197718
-294.761,-0.0006963439133742294
-294.722,-0.009286816047738742
-294.683,-0.036192746051198633
-294.644,-0.01268984744744657
-294.605,-0.009414188492421968
-294.566,0.014001866636078272
-294.528,0.002397742713915345
-294.489,-0.015730401857077886
-294.45,0.03284311156620033
-294.411,-0.0035779505341952556
-294.372,0.003478186459188566
-294.333,-0.02946246638335892
-294.294,0.032818401222205196
-294.255,0.00017803993177469522
-294.216,-0.006405520386740462
-294.177,0.005034239930991273
-294.138,-0.005829506616905502
-294.1,0.006434365951548381
-294.061,-0.038321994105695985
-294.022,0.004389119596976059
-293.983,-0.012686108439782517
-293.944,-0.01713969748029712
-293.905,0.02716211173391074
-293.866,-0.01893993796577674
-293.827,-0.008757598933987887
-293.788,-0.03686587186847747
-293.749,0.04646463368235099
-293.71,-0.005508235900774968
-293.672,-0.006401942308940919
-293.633,-0.021584214433924612
-293.594,0.016081540291094314
-293.555,-0.013174299443964952
-293.516,0.001971007606555662
-293.477,0.0007906174528526989
-293.438,-0.0007115822689233962
-293.399,0.023505122065355006
-293.36,-0.029523099702640356
-293.321,0.015704539183835495
-293.282,0.018044293250063962
-293.243,-0.020365511871070427
-293.205,-0.020910628071598887
-293.166,0.015863170156013105
-293.127,0.05045925907195918
-293.088,-0.027479969932541082
-293.049,-0.008071160439778865
-293.01,-0.03854927107690066
-292.971,0.0179437776256219
-292.932,0.02556156340715246
-292.893,-0.002065207546344639
-292.854,-0.04876751191869165
-292.815,0.0002025778001924182
-292.777,0.033091521522983
-292.738,0.02197887182902851
-292.699,-0.00910603613472159
-292.66,-0.002077270743290678
-292.621,-0.02159234528346267
-292.582,-0.0008203358077539073
-292.543,-0.015566586581757583
-292.504,-0.015737082589504486
-292.465,0.02852196322747826
-292.426,-0.01674121151433355
-292.387,0.03861134802565265
-292.349,0.042032371095265156
-292.31,-0.0038820995863710402
-292.271,0.008504618564108618
-292.232,0.002318985568111512
-292.193,0.0025005375075792605
-292.154,0.006542074001632798
-292.115,0.0021953703605679716
-292.076,0.035820709422107376
-292.037,-0.0017194239787225332
-291.998,0.021250949073363716
-291.959,-0.03745680560095124
-291.92,0.01094592651047784
-291.882,0.0016610845686307798
-291.843,0.017374842188465918
-291.804,0.00018655099502136278
-291.765,0.02154826029336867
-291.726,0.009064218734613503
-291.687,-0.009676644834486287
-291.648,0.0009518085270630725
-291.609,-0.017699876422295605
-291.57,-0.011661347209902785
-291.531,-0.020071232500749242
-291.492,-0.0019445676851409192
-291.454,-6.342964963175317e-05
-291.415,3.0402445266161952e-05
-291.376,-0.002425357020034085
-291.337,-0.022152632647273983
-291.298,-0.009719878374660339
-291.259,-0.009654062595496355
-291.22,-0.03542106484210765
-291.181,0.018476892724257017
-291.142,-0.0040120692199388285
-291.103,0.021391581856330024
-291.064,-0.0572028506566325
-291.025,-0.025377820576891134
-290.987,0.019434067968513744
-290.948,-0.006373530923620552
-290.909,-0.02341522184275298
-290.87,0.0037580285652172116
-290.831,-0.0003319198849011523
-290.792,-0.013212470773584992
-290.753,0.009715874818535142
-290.714,0.0041076379527265495
-290.675,-0.022770201549639227
-290.636,-0.007003232074380712
-290.597,-0.01014692794395741
-290.559,-0.03130420266433184
-290.52,-0.018186572513746602
-290.481,-0.024957404996794524
-290.442,0.032814407733952264
-290.403,0.015605062517766336
-290.364,0.00500639600157559
-290.325,0.03482751216700566
-290.286,0.025589714265928643
-290.247,0.00036983448198711286
-290.208,-0.03831038966194246
-290.169,-0.007789623495708219
-290.13,-0.018344603809071307
-290.092,0.004407276860100044
-290.053,-0.012379626505810516
-290.014,-0.026697121910035204
-289.975,-0.01876702663041592
-289.936,-0.023716719297934646
-289.897,0.03382201348975501
-289.858,-0.011894542099472674
-289.819,0.0004969137446390395
-289.78,-0.005040834418026451
-289.741,-0.005898580719442619
-289.702,-0.007925848078722186
-289.664,-0.050916731004091276
-289.625,-0.01266501747370499
-289.586,-0.02902056868571821
-289.547,-0.020648372424192037
-289.508,-0.0038932201077790177
-289.469,0.0018672879557178747
-289.43,-0.001897502526056881
-289.391,-0.0186388333453198
-289.352,-0.006200503684532666
-289.313,-0.02881429330826831
-289.274,0.012200063136366866
-289.236,0.01802302858611502
-289.197,-0.039988234565972655
-289.158,0.003124800288716069
-289.119,0.01974597430558541
-289.08,0.015278528920129986
-289.041,-0.017236788560570107
-289.002,0.019306017400336894
-288.963,0.010771029048235887
-288.924,-0.0003150260104930018
-288.885,-0.008494466432398774
-288.846,-0.053348557332213366
-288.807,-0.026380185268735618
-288.769,0.02783683481630743
-288.73,-0.014493311713511932
-288.691,0.005192310424780178
-288.652,-0.0020553050136798683
-288.613,-0.02043816554984178
-288.574,0.012657721845125085
-288.535,-0.00514644750940727
-288.496,0.005272856220658727
-288.457,0.02781367151798931
-288.418,-0.010253226461841337
-288.379,0.0023565961710744414
-288.341,-0.011271368973898955
-288.302,-0.009741460227995685
-288.263,0.019165052644335573
-288.224,-0.024078967858575325
-288.185,0.008595141307954256
-288.146,0.024618589248976527
-288.107,-0.041848802241396206
-288.068,-0.02143324173922398
-288.029,-0.03205866698338407
-287.99,0.005593721571132837
-287.951,0.010167441562239681
-287.912,-0.005794181709031409
-287.874,-0.03645555108629289
-287.835,-0.018406151919896432
-287.796,-0.0010903005560069807
-287.757,-0.009668665514234832
-287.718,-0.0013470859334310846
-287.679,-0.0014925097032375337
-287.64,-0.0252230660187854
-287.601,-0.003389802074798135
-287.562,0.03234732416256935
-287.523,0.016069105606667213
-287.484,-0.017539319962366427
-287.446,0.0007432748312716994
-287.407,0.02265499413222547
-287.368,-0.006769828138000174
-287.329,-0.016651376893450982
-287.29,0.014254554684535707
-287.251,0.011266460666321096
-287.212,0.025178050857521266
-287.173,-0.01612902576839796
-287.134,-0.017759240529570404
-287.095,-0.018863812193227195
-287.056,-0.0025275418494246776
-287.017,0.010644380303917352
-286.979,0.0014182314979010967
-286.94,-0.022751264340560774
-286.901,0.00778157110188438
-286.862,0.01016714259191067
-286.823,0.019516300033045296
-286.784,-0.009949860551160032
-286.745,0.005094250652492318
-286.706,-0.030697386110500838
-286.667,-0.02712264687110728
-286.628,-0.017819600259739995
-286.589,-0.02528985531972752
-286.551,0.006501459058843996
-286.512,0.013985130124382234
-286.473,-0.01622469315890358
-286.434,0.04925329296591131
-286.395,-0.06740560531478264
-286.356,0.016499280145901504
-286.317,-0.017304134858098254
-286.278,0.017485207719913715
-286.239,0.004374890886191253
-286.2,0.06024170601574149
-286.161,0.013160869688684858
-286.123,0.016683874696050344
-286.084,0.00593742683027872
-286.045,0.012860642234811944
-286.006,-0.010939321092238035
-285.967,-1.7883848611361525e-05
-285.928,-0.012694663879752545
-285.889,-0.0009467940999340146
-285.85,-0.030717108231460323
-285.811,0.017106091674327313
-285.772,0.02446616412616414
-285.733,-0.013237359952679478
-285.694,-0.022048972981540224
-285.656,0.0515493143882053
-285.617,-0.008572378316982855
-285.578,-0.0021850598768524973
-285.539,-0.03480900422544442
-285.5,0.01872109789983728
-285.461,-0.02150327765723381
-285.422,-0.003088724115941099
-285.383,-0.008299373694004658
-285.344,0.0048376139985819985
-285.305,0.0038922730246838608
-285.266,0.008781177409736919
-285.228,-0.013803120654946738
-285.189,-0.00478844686144825
-285.15,0.01777995151447643
-285.111,0.004069746802407719
-285.072,0.03255526761309736
-285.033,-0.01133519180679863
-284.994,0.004132483297279657
-284.955,-0.028588162175785692
-284.916,0.023475442767113493
-284.877,-0.0012525767720318768
-284.838,-0.01555164244191915
-284.799,-0.011471691472039941
-284.761,-0.01987769716395312
-284.722,0.04614811163223451
-284.683,0.0005704386854059455
-284.644,-0.012394020300373749
-284.605,-0.00797554825050707
-284.566,0.03342868915905894
-284.527,0.0025184702424276683
-284.488,-0.01055384829608673
-284.449,-0.008765168461148323
-284.41,0.041921057160853835
-284.371,-0.007739136429332187
-284.333,-0.009661689571439392
-284.294,-0.0020784195917146787
-284.255,0.032046990566979586
-284.216,-0.014195687550073246
-284.177,0.013656701482342534
-284.138,0.009295477722606483
-284.099,-0.006806865489409365
-284.06,-0.007342556090466565
-284.021,0.03496043083449741
-283.982,0.016538144611984044
-283.943,0.01333479211249568
-283.905,-0.017824171418398285
-283.866,-0.022792596532608463
-283.827,-0.05697039756038613
-283.788,0.029892401244344346
-283.749,-0.00597305566674065
-283.71,-0.01273966821444809
-283.671,0.024531986388994707
-283.632,0.009351496335198954
-283.593,-0.02116898690210612
-283.554,-0.014508096360008388
-283.515,-0.012291020411629279
-283.476,-0.008052258083287476
-283.438,0.009822775186473592
-283.399,-0.03287179623020074
-283.36,-0.011531713270522673
-283.321,0.005812082226260454
-283.282,0.003939997502771068
-283.243,0.021961998791880884
-283.204,-0.00573726500955926
-283.165,-0.006323587985111692
-283.126,0.017456452548867785
-283.087,0.010093240175704852
-283.048,0.017160675159417407
-283.01,-0.0035897813663786585
-282.971,-0.01354142646527053
-282.932,0.015403527622287139
-282.893,0.0005017152216818089
-282.854,0.017346689340950447
-282.815,0.012582859482297131
-282.776,-0.031248500407599352
-282.737,-0.005857873156319766
-282.698,0.006102158563621421
-282.659,-0.022846849632303188
-282.62,0.010029225991346001
-282.581,0.02211607711174553
-282.543,-0.008670802919360685
-282.504,0.03969072417678715
-282.465,0.000321678565132379
-282.426,0.01982584081103884
-282.387,0.022244632634999848
-282.348,0.0009066831635410576
-282.309,-0.004917514312943242
-282.27,0.025144439945344117
-282.231,-0.0012643874216335844
-282.192,0.02704755867892482
-282.153,-0.02494143868947815
-282.115,-0.026233767903438066
-282.076,0.012436534383642263
-282.037,0.04895630673093624
-281.998,0.029758319212351877
-281.959,-0.03786643265376049
-281.92,-0.006059786017639966
-281.881,0.029865747604886188
-281.842,-0.007757477542168636
-281.803,-0.014339589070270059
-281.764,0.0008886970962003575
-281.725,-0.003185598950990935
-281.686,0.002978735816822761
-281.648,0.00013213676008042973
-281.609,-0.035943006688608004
-281.57,0.05498495685732955
-281.531,-0.022601047544381567
-281.492,-0.012662965960009192
-281.453,-0.0021869514196526476
-281.414,-0.010612817000514778
-281.375,0.0036441269091736445
-281.336,-0.0058279108196700805
-281.297,0.0017419212781347839
-281.258,-0.0115867350961594
-281.22,0.017494346043748513
-281.181,0.015138576268965347
-281.142,-0.03397271515037724
-281.103,-0.01281726902170088
-281.064,-0.011563184558884658
-281.025,-0.020556094288365488
-280.986,0.017125615434263608
-280.947,0.026153100523733225
-280.908,0.004454766320921355
-280.869,0.0021216087620344656
-280.83,0.024637695442012983
-280.792,-0.006457806420300914
-280.753,0.00516704783775992
-280.714,0.005835117689405927
-280.675,-0.007902450757807338
-280.636,-0.036066565189703574
-280.597,0.010244959072074884
-280.558,0.0005066540894041334
-280.519,0.02439951021805797
-280.48,0.007808624844442218
-280.441,0.004279912576608062
-280.402,0.020393165695556024
-280.363,0.007851656891081422
-280.325,0.009805212174462799
-280.286,-0.009773462007981792
-280.247,-0.02085762619917201
-280.208,0.0002889409106959385
-280.169,-0.03530517742794617
-280.13,0.01990960272190308
-280.091,-0.019985110878770425
-280.052,-0.03172494575830227
-280.013,0.004631953725601667
-279.974,0.020009894642151787
-279.935,0.03691986552861812
-279.897,-0.021503473823931567
-279.858,0.005540111019972963
-279.819,-0.012728836677340488
-279.78,0.03839114568096144
-279.741,0.023690235822265465
-279.702,0.006666965438529664
-279.663,0.04291422145533477
-279.624,-0.011647322024653864
-279.585,-0.010321714955761252
-279.546,-0.00617821462892653
-279.507,-0.02512078494888651
-279.469,0.022261435158152737
-279.43,-0.0005612931009143899
-279.391,0.022282806834460853
-279.352,-0.010156753363315984
-279.313,0.0005127313714821634
-279.274,-0.02402876164043573
-279.235,-0.013523309737483773
-279.196,0.004953639073864093
-279.157,-0.03354359948230885
-279.118,-0.009477980583175083
-279.079,0.0049184047369034475
-279.04,0.005967414989196671
-279.002,-0.0035215783415570405
-278.963,-0.002973870974499352
-278.924,0.02617973644412094
-278.885,0.02772544195462324
-278.846,0.005588639789238125
-278.807,0.000403510652951875
-278.768,-0.014091548398476362
-278.729,0.013547564889807354
-278.69,0.03238216119843826
-278.651,0.007373413248775768
-278.612,-0.016060650947743838
-278.574,-0.0333311510906943
-278.535,0.020114482868562916
-278.496,-0.029413340615433978
-278.457,-0.0031344365733093314
-278.418,0.004902637786828665
-278.379,0.00206292254699684
-278.34,0.010151337925922616
-278.301,-0.022272186443608063
-278.262,-0.001063586988245096
-278.223,-0.008724393653222105
-278.184,-0.005635264601705978
-278.145,0.016302523180866606
-278.107,-0.000824153544640046
-278.068,-0.012087508553333109
-278.029,0.006194114646887714
-277.99,0.003337929978386958
-277.951,-0.008115360662503388
-277.912,0.0020672056303377203
-277.873,0.03455960054255729
-277.834,0.0012794869948499496
-277.795,-0.014430837224619842
-277.756,0.048222943769336765
-277.717,0.00190698430397869
-277.679,0.023380986201760268
-277.64,-0.0142706252318953
-277.601,0.02456551371943544
-277.562,-0.007496567200489172
-277.523,-0.007963036874370189
-277.484,0.0038593800765361714
-277.445,0.005896878200071097
-277.406,-0.013756486187113849
-277.367,-0.008573800982655904
-277.328,-0.0035916945327539706
-277.289,0.026588278436201263
-277.25,-0.018834580140096792
-277.212,0.004204971819880004
-277.173,0.001775442559049455
-277.134,-0.010738825968552737
-277.095,0.01769846572857956
-277.056,-0.004343176883984816
-277.017,0.0016085531856333789
-276.978,-0.002844457879433465
-276.939,0.0028112099140110147
-276.9,-0.013620134976832888
-276.861,-0.015605847325668299
-276.822,0.028164011375360058
-276.784,0.02384173919351089
-276.745,-0.02241007999912941
-276.706,-0.0049837632121786275
-276.667,-0.014150471946691879
-276.628,-0.01600233837957582
-276.589,0.010840180101713266
-276.55,-0.011156514709749493
-276.511,-0.041707792573860404
-276.472,-0.014070113205435223
-276.433,0.05112460227739306
-276.394,0.009232012715931541
-276.355,0.016243402965810113
-276.317,-0.029201403444066864
-276.278,0.0022221320431475176
-276.239,-0.0331389389030029
-276.2,0.00489561888186762
-276.161,0.007681773161004974
-276.122,-0.0044439603360150026
-276.083,-0.022777868831947216
-276.044,0.022740165611394816
-276.005,-0.022331812864444932
-275.966,-0.0374000309215143
-275.927,-0.019528513238295915
-275.889,0.008282226547627775
-275.85,0.0011454968817294197
-275.811,-0.017828461217391196
-275.772,0.0143800623947118
-275.733,0.010024867735062934
-275.694,-0.004665684964416902
-275.655,0.014695747015556915
-275.616,-0.025333483321858478
-275.577,-0.022200095413973008
-275.538,0.01949472079051031
-275.499,-0.0008288265776650371
-275.461,-0.008772014509521893
-275.422,0.01414301706781723
-275.383,-0.029644409051023397
-275.344,-0.00806034522157624
-275.305,0.015460749226160577
-275.266,-0.011177139617871902
-275.227,-0.005913419446269153
-275.188,0.004657025291671508
-275.149,0.01831116125402154
-275.11,-0.0014880891975650767
-275.071,0.02742757219699109
-275.032,-0.009657047594271505
-274.994,-0.018659773503634586
-274.955,0.015105289922979923
-274.916,0.02231963310114363
-274.877,0.015044983590155808
-274.838,-0.014930320861771706
-274.799,-0.03658021079520378
-274.76,0.030871594273626138
-274.721,0.023919605674632777
-274.682,-0.008575088324011604
-274.643,0.008959539210281187
-274.604,-0.001841727850114409
-274.566,0.0037392447782867277
-274.527,-0.01650654906638567
-274.488,0.023075289298521484
-274.449,-0.024735552832741307
-274.41,0.04425787286610832
-274.371,0.014261562336290085
-274.332,-0.021078522938564128
-274.293,0.023967549179341765
-274.254,0.005971479742211393
-274.215,0.000763599844592084
-274.176,-0.007868321837073401
-274.138,-0.013842423999238115
-274.099,-0.012530541498846819
-274.06,-0.017890776706743307
-274.021,-0.02364882825972557
-273.982,-0.011058962796168342
-273.943,-0.04021887083924315
-273.904,0.03946275739593636
-273.865,0.013928226449608219
-273.826,0.02487292638836569
-273.787,-0.0019142994872000853
-273.748,0.010252530897115421
-273.709,0.004319443602984397
-273.671,0.010105856217787654
-273.632,0.006215690827687578
-273.593,-0.01384514272330716
-273.554,0.03910209361857972
-273.515,0.006617207533023065
-273.476,0.05061188598124242
-273.437,0.026095826105610825
-273.398,-0.04503043312795653
-273.359,-0.008359459030178382
-273.32,-0.007631264089774298
-273.281,-0.0019413703999519045
-273.243,-0.008944730382828718
-273.204,-0.012472115610584722
-273.165,0.009639349957332104
-273.126,0.004919444756077589
-273.087,-0.010985769053995273
-273.048,0.005138213924652414
-273.009,0.00024753455167025027
-272.97,0.009069725685856504
-272.931,-0.036626427198398044
-272.892,-0.02994136697985913
-272.853,0.00916087126465811
-272.814,0.02665612617710585
-272.776,0.0015005100643054178
-272.737,0.019897611501399383
-272.698,0.012330361125506301
-272.659,-0.019687322577632452
-272.62,-0.016398634354777872
-272.581,-0.013940220680037177
-272.542,0.014029869687085972
-272.503,0.021899787142997694
-272.464,-0.012844545191161549
-272.425,0.023885684099531602
-272.386,-0.0058452858462766
-272.348,-0.004782308590107324
-272.309,0.011460241383120287
-272.27,-0.032169700944375004
-272.231,-0.0018585859030312828
-272.192,0.03938776583186433
-272.153,0.022618988300425753
-272.114,-0.009816750537523733
-272.075,0.04142519430510476
-272.036,-0.006974559390257812
-271.997,0.004750122377441652
-271.958,0.03353958314486768
-271.919,0.019137371601253932
-271.881,-0.0031850600578419742
-271.842,0.010350094374564061
-271.803,0.010367466081103529
-271.764,0.015788637713714283
-271.725,-0.01929302085708255
-271.686,0.025996582059542462
-271.647,0.008712864360111159
-271.608,-0.007318462176133357
-271.569,-0.0035828741883849446
-271.53,0.025959673992014286
-271.491,0.022399075332291057
-271.453,0.015046161922621794
-271.414,0.014816822383995247
-271.375,-0.009878530005890566
-271.336,0.021560769122292708
-271.297,-0.012986600576939508
-271.258,-0.021813062084058848
-271.219,0.029647217933875945
-271.18,-0.025577547990146044
-271.141,-0.0013898777255303384
-271.102,-0.03701318557473131
-271.063,0.045170566425086926
-271.025,-0.01159969184870997
-270.986,-0.029781524081882022
-270.947,-0.001221679805836874
-270.908,-0.005198735633624855
-270.869,0.0272445328475192
-270.83,0.00992421325527109
-270.791,-0.016451669792564197
-270.752,0.00629659266903821
-270.713,-0.014012064396650693
-270.674,0.027329969985011977
-270.635,0.02668878777108153
-270.596,0.001075347043711386
-270.558,-0.016892481053068224
-270.519,-0.04498581517274534
-270.48,0.0011057106255752784
-270.441,0.019942969845142607
-270.402,-0.03144675865769846
-270.363,-0.010593408799841957
-270.324,0.01788828988893119
-270.285,-0.012216385490119004
-270.246,-0.01586560573454695
-270.207,0.027781903298332015
-270.168,-0.010782261896067206
-270.13,-0.001973309983424631
-270.091,-0.000282670979998784
-270.052,-0.0011649376786007867
-270.013,-0.00441360227246691
-269.974,-0.0240376402423663
-269.935,-0.0006068531028865015
-269.896,-0.019902605669924887
-269.857,0.020306511114443176
-269.818,0.013656701159209837
-269.779,-0.006040194509739296
-269.74,0.010667885235655523
-269.701,-0.0014275481415032135
-269.663,0.03316680074118522
-269.624,-0.00582979541351714
-269.585,-0.026280863123816493
-269.546,-0.020164903189629
-269.507,0.012212378439076351
-269.468,0.018392571493171188
-269.429,0.0034344089150273698
-269.39,-0.016066437401910483
-269.351,-0.006313722607431194
-269.312,0.002543489185748666
-269.273,0.0024622423376258707
-269.235,0.005382191635068991
-269.196,-0.013991582240159652
-269.157,0.009742587243155562
-269.118,-0.013095245422909156
-269.079,0.01577995556403316
-269.04,-0.021467428825293806
-269.001,0.021567771588071882
-268.962,-0.011194615649328835
-268.923,0.007908059829276563
-268.884,0.00441622716877288
-268.845,0.029694833076957857
-268.806,0.010526997030772828
-268.768,0.025050543269362104
-268.729,0.008799921097718719
-268.69,0.023444503850302004
-268.651,-0.009499144529350873
-268.612,-0.015579950912539626
-268.573,0.04475920273596099
-268.534,-0.01854544314577425
-268.495,-0.020055177751737246
-268.456,-0.00942388115697451
-268.417,-0.020910319078229253
-268.378,0.01847402731007022
-268.34,0.02147295499509927
-268.301,0.017620722270264934
-268.262,0.0026291505275848363
-268.223,-0.02084659881642705
-268.184,-0.0006729088472574359
-268.145,-0.02328198386346949
-268.106,0.016117150754471676
-268.067,-0.0013187656709307003
-268.028,-0.021817082274624002
-267.989,-0.015029376859233749
-267.95,0.006889830715692835
-267.912,0.00892054326859883
-267.873,0.01586017701386977
-267.834,-0.011456400308691817
-267.795,0.0499308597751072
-267.756,-0.006738730626809335
-267.717,0.012669084833390055
-267.678,0.011821642569804638
-267.639,-0.0171397101873864
-267.6,-0.01161571399862539
-267.561,0.03703530869601407
-267.522,0.005662787209609445
-267.483,-0.007617896109970683
-267.445,-0.01457427956241738
-267.406,0.0015649067760660764
-267.367,-0.034304005487885265
-267.328,0.03838313535344861
-267.289,-0.00206238019607184
-267.25,0.016045627861045613
-267.211,-0.03329769186292202
-267.172,0.012340696400551429
-267.133,0.016837186812221613
-267.094,0.02018649226538782
-267.055,0.02970363797108305
-267.017,0.015057081076922007
-266.978,-0.015605227174295312
-266.939,-0.025777229799796027
-266.9,-0.018014327473101235
-266.861,-0.034052231035922274
-266.822,-0.020424070162484265
-266.783,0.004051170882718832
-266.744,-0.008961309964940703
-266.705,0.023450674103395637
-266.666,-0.0480970931829881
-266.627,0.023934081010485456
-266.589,0.02132848199971806
-266.55,0.022949854101530297
-266.511,0.01905028867486976
-266.472,0.00444115917201271
-266.433,-0.041294232855906395
-266.394,-0.030974535430599626
-266.355,-0.0028641066965079684
-266.316,0.03487988876006631
-266.277,-0.021190585217888594
-266.238,-0.009319755033088404
-266.199,0.02317117535646385
-266.16,0.017303165075935267
-266.122,-0.03194980381720379
-266.083,-0.011859995826725464
-266.044,-0.0034078743123632863
-266.005,0.013589843916974436
-265.966,0.012975267209808065
-265.927,-0.002824547930944289
-265.888,0.04861738613066116
-265.849,0.019707097720515453
-265.81,0.018119310997404957
-265.771,0.010117457408255318
-265.732,-0.017643270674126493
-265.694,-0.002656970363627203
-265.655,-0.028512134593731243
-265.616,0.02949845280138793
-265.577,-0.0019850701221160467
-265.538,0.015826165549964313
-265.499,-0.012370894064570122
-265.46,0.005520088480558447
-265.421,0.028983798163576845
-265.382,-0.003425718381625796
-265.343,0.0271773449959348
-265.304,-0.009897156032259338
-265.265,0.006503088227606207
-265.227,-0.01063143459462933
-265.188,-0.007383281055715721
-265.149,0.0026709923538218447
-265.11,0.03403626785882204
-265.071,0.02523327032700893
-265.032,0.04064809651890025
-264.993,-0.007195327843573015
-264.954,-0.04770045311777468
-264.915,-0.010379123575198395
-264.876,-0.01078060072460442
-264.837,-0.006865619969739669
-264.799,0.018788549347234666
-264.76,-0.015924622360084875
-264.721,-0.015295707190399254
-264.682,0.01416864890710368
-264.643,0.022297975179033116
-264.604,0.0011009050129932448
-264.565,0.022574303746330977
-264.526,-0.005223847238259451
-264.487,0.001199153248633008
-264.448,-0.02361877663292023
-264.409,-0.03361537518285851
-264.37,0.003215735837304766
-264.332,-0.007048518208809319
-264.293,-0.010494122189075335
-264.254,-0.025526640403317702
-264.215,0.017753579849526725
-264.176,-0.026596054518782258
-264.137,0.005085426660740866
-264.098,-0.0041210874280188286
-264.059,-0.009476782114840415
-264.02,-0.01892067427133952
-263.981,-0.012621751154484344
-263.942,-0.007868591031414143
-263.904,-0.02052595248269701
-263.865,-0.026827097069964896
-263.826,0.017999783003156435
-263.787,-0.0018140791247474534
-263.748,0.0015020133068360379
-263.709,-0.01762843680151796
-263.67,-0.032786105484028556
-263.631,0.010074530494238999
-263.592,-0.04733783807137133
-263.553,0.0191388061427374
-263.514,0.020055705780094992
-263.475,-0.01863146122843742
-263.437,-0.0050566785197273196
-263.398,-0.012544060546420429
-263.359,-0.02128064340964145
-263.32,0.00973628497925549
-263.281,0.003655905591313635
-263.242,0.01902253441600959
-263.203,-0.0035555772905228604
-263.164,-0.01893922253666367
-263.125,0.0013585486977348397
-263.086,0.025097262610605738
-263.047,-0.031100495118479055
-263.009,0.013269820747620925
-262.97,-0.0025026003644292583
-262.931,0.04183089913431988
-262.892,-0.005982303923827299
-262.853,-0.021586624902405142
-262.814,0.00403081248278214
-262.775,-0.013466853740105943
-262.736,-0.005284101266279368
-262.697,-0.01629038449580908
-262.658,0.011468287675850859
-262.619,-0.006594856126438568
-262.581,0.0057016246617611795
-262.542,-0.024745303302512407
-262.503,0.008025327135524573
-262.464,-0.03256121500963366
-262.425,-0.025135920239243856
-262.386,0.015612904552884485
-262.347,-0.015495795831642437
-262.308,-0.009790749145987012
-262.269,0.00529458911675235
-262.23,0.0015196932312165944
-262.191,0.006467293488768836
-262.152,-0.02863128201151379
-262.114,0.029455571942636906
-262.075,0.05803672776350898
-262.036,0.03544361102091022
-261.997,-0.0004600927859231283
-261.958,0.03961970797329914
-261.919,0.012131301327975741
-261.88,-0.003641885907376916
-261.841,-0.011211350332258722
-261.802,-0.005714998790301486
-261.763,-0.018471568864212213
-261.724,-0.014690224706815035
-261.686,-0.021108705503669282
-261.647,0.03227614854091955
-261.608,-0.03135799944398963
-261.569,-0.001604841918263331
-261.53,-0.008063144479105456
-261.491,-0.029131964310137263
-261.452,0.012827658493812712
-261.413,0.02306738565009598
-261.374,-0.0057298302935948515
-261.335,-0.0017853345766425856
-261.296,-0.013483751566330695
-261.258,0.009216239477595967
-261.219,0.015788818812348067
-261.18,0.0457006340756972
-261.141,0.02369742475525242
-261.102,-0.003090006376084328
-261.063,-0.018149445712452097
-261.024,-0.0017101224032610807
-260.985,0.017493994857041124
-260.946,0.007575076637754958
-260.907,-0.03419084760670541
-260.868,-0.0009593335463940651
-260.829,-0.01162895238709349
-260.791,0.011536872740881448
-260.752,0.02196251273761371
-260.713,-0.01667760487036644
-260.674,0.030410541677912312
-260.635,0.025168320570738468
-260.596,0.0047877297077793994
-260.557,-0.0017535483398152564
-260.518,-0.01292203027226095
-260.479,0.011141549514433073
-260.44,-0.013875257646577918
-260.401,-0.005526519457736883
-260.363,-0.00016944526038817999
-260.324,-0.005213157710788173
-260.285,0.020973760617946265
-260.246,-0.004706416160362991
-260.207,-0.022786246745878584
-260.168,-0.026790130678662108
-260.129,0.005222877166457958
-260.09,0.005403627974338899
-260.051,0.001609172954622773
-260.012,-0.007112853821468808
-259.973,-0.006014924777434325
-259.934,-0.019710654979383874
-259.896,0.022082393763851658
-259.857,-0.00016439864504838066
-259.818,-0.043354228821648536
-259.779,0.03153896354107533
-259.74,-0.01947929031981568
-259.701,0.01578294652307951
-259.662,-0.004655616463711397
-259.623,0.004026325896004555
-259.584,0.03607334239227496
-259.545,-0.006110721484496289
-259.506,0.007284485079509441
-259.468,0.005527685122971644
-259.429,0.016903755892945026
-259.39,-0.006673701414471225
-259.351,0.022231645550097587
-259.312,-0.012147838082417666
-259.273,-0.014704495490100774
-259.234,0.0070040988575453345
-259.195,0.016226722748397822
-259.156,-0.04574886320071641
-259.117,0.022460935143375563
-259.078,-0.015212273611007713
-259.039,-0.025195635066087553
-259.001,-0.009595788819911043
-258.962,0.013258474783586122
-258.923,0.0187182600299782
-258.884,0.037768753428647425
-258.845,0.01421700181888674
-258.806,-0.006475375183545086
-258.767,0.014082100910876218
-258.728,0.0036201010443122385
-258.689,-0.028824332008336086
-258.65,-0.00966453423877856
-258.611,0.009776975993816765
-258.573,0.008744741042224951
-258.534,-0.01971265687664689
-258.495,0.015378036490749794
-258.456,0.0089124479404473
-258.417,0.011987258842293286
-258.378,0.005451551033716344
-258.339,0.024468219142538633
-258.3,-0.006696104681428039
-258.261,0.004499955722277061
-258.222,-0.011145111384044533
-258.183,0.00455048988664789
-258.145,0.007847940425486224
-258.106,0.01564089912718501
-258.067,-0.02154062713510394
-258.028,-0.009210576958189177
-257.989,-0.04811449020693867
-257.95,-0.03477897806672613
-257.911,0.0012649107411484136
-257.872,0.020036221080520864
-257.833,0.012006213699326836
-257.794,0.02220250341119056
-257.755,-0.0002617910486715793
-257.716,-0.009143478809539848
-257.678,-0.02227791156520557
-257.639,-0.007125532971127023
-257.6,0.01600363851756654
-257.561,-0.020567634157426823
-257.522,-0.03576156851944128
-257.483,0.02088511940537505
-257.444,0.0005352381755138799
-257.405,-0.011362097278457814
-257.366,-0.0017851728383252389
-257.327,-0.01591717987519016
-257.288,0.021662512108337667
-257.25,-0.003349611674291016
-257.211,0.024427076344868827
-257.172,-0.020214649526528322
-257.133,-0.04453140363706847
-257.094,0.0026028896587346464
-257.055,0.0026085244421812353
-257.016,-0.005426764724218805
-256.977,-0.03152256365641103
-256.938,-0.005358147301820972
-256.899,0.005048743267245282
-256.86,-0.013168084549035144
-256.821,0.009862205697192759
-256.783,-0.004752775410544006
-256.744,-0.028434918915194743
-256.705,0.02301570719947771
-256.666,0.01244065453522479
-256.627,-0.026245293284273087
-256.588,0.014172255103046594
-256.549,-0.009177978402013433
-256.51,0.01374807682403092
-256.471,0.0019298709461319573
-256.432,-0.0120322829606922
-256.393,-0.012381586507011315
-256.355,0.0017095407350937704
-256.316,-0.001871856482008891
-256.277,0.03270530315679736
-256.238,-0.0112493700599109
-256.199,-0.02835215880653979
-256.16,-0.005780064528942493
-256.121,-0.0030687570989880106
-256.082,-0.013516235391320438
-256.043,-0.015294089454608003
-256.004,0.00911392787603656
-255.965,-0.011118174754319914
-255.926,0.0031115538051630434
-255.888,0.03718635849521206
-255.849,-0.006063025451636094
-255.81,0.01762741993910777
-255.771,-0.0073420964426622985
-255.732,-0.0072796129900209875
-255.693,0.002470316460524218
-255.654,-0.03108390691642329
-255.615,-0.0401502461773381
-255.576,-0.019518178227161252
-255.537,0.02600255350046795
-255.498,-8.29943517934098e-05
-255.46,0.0017574527048086512
-255.421,0.025346271434956588
-255.382,-0.00015024602339407632
-255.343,-0.017346009328705888
-255.304,-0.02095239659438269
-255.265,0.030079245272362637
-255.226,0.017467560025611444
-255.187,-0.014491453580235802
-255.148,0.041979172200310305
-255.109,0.003870575333734933
-255.07,-0.014605278786763801
-255.032,0.0035490541526624546
-254.993,-0.012692368884158194
-254.954,0.02343562013411531
-254.915,-0.02151455806526645
-254.876,-0.014517157363542726
-254.837,-0.014716036390945125
-254.798,-0.022280404987439505
-254.759,0.013725809433619684
-254.72,0.009052355123411706
-254.681,-0.012318058514055425
-254.642,0.005661126577325229
-254.603,0.025092044941672074
-254.565,0.009561400878763296
-254.526,-0.017119450828317534
-254.487,-9.600731083359276e-05
-254.448,0.00042623919979718067
-254.409,-0.03473679947762798
-254.37,-0.02790590975932233
-254.331,0.013232880936668067
-254.292,0.046258292824281
-254.253,-0.03732089621435121
-254.214,0.007997775429320087
-254.175,0.006154194123617068
-254.137,-0.011924618886474229
-254.098,-0.032737577590466665
-254.059,0.0027808297215851712
-254.02,-0.006226537531027858
-253.981,0.02270470914951212
-253.942,0.03437754216685937
-253.903,-0.004285118133179202
-253.864,0.0023135856435821537
-253.825,-0.048843060073090194
-253.786,0.025282187187432126
-253.747,0.0009116608161775386
-253.708,0.03400062274278938
-253.67,0.010142608199537054
-253.631,-0.0008297577268702415
-253.592,0.0029204689901352852
-253.553,0.020742736048618468
-253.514,0.004876761280458317
-253.475,-0.024097216211028706
-253.436,-0.02220445106752783
-253.397,0.020560276188320487
-253.358,0.010808615338128573
-253.319,0.0011245620145411404
-253.28,0.020748075400867573
-253.242,0.04079499044399329
-253.203,0.011986571792871461
-253.164,0.004085345647016138
-253.125,0.02026154203659769
-253.086,-0.021703584372382886
-253.047,-0.015803269789256592
-253.008,0.0012991969751221725
-252.969,0.02632140920606759
-252.93,-0.02287741407112063
-252.891,-0.002382090754743534
-252.852,0.03318201161402106
-252.814,0.02332814933880103
-252.775,0.010213911568428227
-252.736,-0.0031534542440383537
-252.697,-0.010439265258320334
-252.658,0.00027477357611538084
-252.619,-0.0049367149768988474
-252.58,0.007300053327471629
-252.541,-0.005841188676054259
-252.502,0.04012414419839284
-252.463,-0.02440499300536238
-252.424,0.012934844690932814
-252.385,0.01966006757789885
-252.347,-0.02579587052622596
-252.308,0.02893432144335437
-252.269,0.0022843641874203207
-252.23,-0.009629131864235516
-252.191,0.024191124041608194
-252.152,0.029283144914423936
-252.113,0.05037790762604395
-252.074,0.010114586572493832
-252.035,0.005125479337345195
-251.996,0.01097596715298131
-251.957,0.006134617737162118
-251.919,0.0015559561279658227
-251.88,0.018524175115544828
-251.841,-0.014178075355309443
-251.802,-0.0151607410488929
-251.763,-0.020843666556168882
-251.724,-0.005284235230176201
-251.685,0.007270700519249237
-251.646,-0.01985118507605328
-251.607,-0.0029835276542542625
-251.568,0.002166775635573241
-251.529,-0.03571697549667175
-251.49,-0.022375632803173836
-251.452,0.026408496431643308
-251.413,0.02763532289416606
-251.374,-0.00741801636266993
-251.335,0.02563321059005095
-251.296,-0.006132793999046267
-251.257,-0.005610951314871092
-251.218,0.025433839187823035
-251.179,-0.01756414743415727
-251.14,0.0009267762292917807
-251.101,-0.0002338278644656471
-251.062,-0.023245627499630696
-251.024,0.009916356948854687
-250.985,0.023906799674467228
-250.946,0.01907385117771469
-250.907,-0.006045596741327081
-250.868,-0.018221186190515985
-250.829,0.020503278223923744
-250.79,0.03783574228356761
-250.751,-0.005822760501454855
-250.712,-0.0005924955365209147
-250.673,-0.00045406653516294124
-250.634,0.008984576618371072
-250.595,0.04579860868874688
-250.557,-0.01770643330499476
-250.518,-0.0008385415709381682
-250.479,0.004438119901417435
-250.44,0.020472120603587104
-250.401,-0.008264300233031529
-250.362,0.008722710767972715
-250.323,0.010653292900205898
-250.284,-0.0188773485150843
-250.245,-0.024285914356410292
-250.206,0.013757421203011561
-250.167,0.009258080154081583
-250.129,-0.0045056494330155935
-250.09,0.014512149745166798
-250.051,0.019218627670724152
-250.012,0.031971594640762574
-249.973,0.007856245624984076
-249.934,0.02872008562110299
-249.895,0.016746394486943147
-249.856,-0.01993832531539093
-249.817,0.01918134238484886
-249.778,0.003766253604546136
-249.739,-0.005218431045292041
-249.701,-0.0024954725446785925
-249.662,0.018841120079546577
-249.623,-0.03525042328857883
-249.584,-0.00950513031275619
-249.545,0.039264881054739825
-249.506,-0.0437199620603197
-249.467,0.0070726268383576076
-249.428,-0.029431260710558613
-249.389,0.009214379343767707
-249.35,-0.0020903883702535426
-249.311,0.046982469304005195
-249.272,0.009389823599933862
-249.234,0.01981658318327064
-249.195,0.023895772741343167
-249.156,0.009330767899193827
-249.117,-0.003196851023100444
-249.078,-0.009924538113612298
-249.039,-0.013082036322989307
-249.0,0.010273992227207275
-248.961,0.033001132772595226
-248.922,-0.0205080754339004
-248.883,-0.0710627613674415
-248.844,0.01907833088911824
-248.806,0.017143133496997115
-248.767,0.03455389245795272
-248.728,0.0025071645319891915
-248.689,-0.004030391672235824
-248.65,0.019717062992123856
-248.611,-0.018388454420722268
-248.572,0.0025654552060498095
-248.533,0.01618555047940351
-248.494,-0.01241569740976256
-248.455,-0.01658046627664395
-248.416,0.004935886297046385
-248.378,-0.01135901163811237
-248.339,-0.0006666366462988208
-248.3,0.009544294754386482
-248.261,0.011564657314793315
-248.222,0.01976263731160204
-248.183,-0.008110502098642532
-248.144,-0.03597315389900115
-248.105,0.03001212114399384
-248.066,0.029901331728701835
-248.027,0.018600646409406646
-247.988,0.007540527093994633
-247.949,-0.015676861024310474
-247.911,-0.020738644356271242
-247.872,-0.007780587357962972
-247.833,-0.016473187782257107
-247.794,0.0035962032647258724
-247.755,-0.015937540775091873
-247.716,-0.00888914294778069
-247.677,-0.01943120851393484
-247.638,-0.0023708978096244637
-247.599,-0.004833345469360485
-247.56,-0.0002704844677328291
-247.521,0.028031825498780638
-247.483,0.004197873814627608
-247.444,0.0008505011043949259
-247.405,-0.0025932415896562865
-247.366,0.018147136313477925
-247.327,-0.013520991924492727
-247.288,-0.012778552043354778
-247.249,0.019355866588712443
-247.21,0.02058146211689175
-247.171,-0.00032420972704298723
-247.132,-0.017643340240063917
-247.093,-0.037900287981036423
-247.054,0.02472431019221319
-247.016,-0.01363370197177638
-246.977,0.024845342391147576
-246.938,0.03581046131328334
-246.899,-0.010306166422153176
-246.86,-0.029324923965543297
-246.821,0.024154302041120557
-246.782,-0.007613097652200942
-246.743,0.017747000131544306
-246.704,0.010145082957529342
-246.665,0.009702009636384387
-246.626,-0.007366552377333078
-246.588,0.0023075892426612076
-246.549,0.0024157655074182275
-246.51,-0.005391221796667377
-246.471,0.03201969542078959
-246.432,0.03857333574995108
-246.393,-0.0005765271270636637
-246.354,-0.008500747316416564
-246.315,-0.016895264150938255
-246.276,0.02066338232077058
-246.237,0.02737651390398391
-246.198,-0.0026785010465405715
-246.159,-0.004761825868956289
-246.121,-0.03689635150685219
-246.082,0.0016735245446944241
-246.043,0.013629288012330106
-246.004,0.006055933026118487
-245.965,-0.024221861180231202
-245.926,0.02647823423628997
-245.887,0.01684216303791098
-245.848,-0.005988053040277691
-245.809,0.002001357736938394
-245.77,-0.01194430941928418
-245.731,-0.012476579585424507
-245.693,-0.0011560807869309235
-245.654,-0.010491603458658988
-245.615,0.041042469642953806
-245.576,-0.007901271280908121
-245.537,-0.007841147569685698
-245.498,-0.011220477442131017
-245.459,0.009564747620632941
-245.42,0.014099090145859685
-245.381,0.022917208003714915
-245.342,0.010977191508783752
-245.303,-0.04113568761404391
-245.264,-0.013625667755809683
-245.226,-0.0031022017347234095
-245.187,-0.0011859938476819556
-245.148,-0.006042271627651774
-245.109,-0.026841154342005933
-245.07,-0.0010692510788969422
-245.031,0.007260946699497432
-244.992,0.0059657302058543854
-244.953,-0.016744898415035438
-244.914,0.014596304811551882
-244.875,-0.0032281105442281714
-244.836,-0.008281801154064135
-244.798,0.006881663974921642
-244.759,0.011210929682693962
-244.72,0.014640355177285996
-244.681,-0.03220353642834231
-244.642,-0.018567129594744554
-244.603,-0.015107362389761226
-244.564,-0.002244927602335906
-244.525,-0.0030038809173631295
-244.486,-0.011008881318776045
-244.447,0.022672652663768365
-244.408,-0.005948772606049736
-244.37,-0.0420490784769713
-244.331,0.008535855167797594
-244.292,0.016796139635964474
-244.253,0.01803293194576002
-244.214,-0.002018287402675776
-244.175,-0.004047278620707916
-244.136,-0.015324877926316552
-244.097,0.018046519947500925
-244.058,-0.047818393125455806
-244.019,0.01982671502789553
-243.98,0.006385813485656998
-243.941,-0.016331627286894808
-243.903,-0.04009560206540476
-243.864,-0.0021894629775397537
-243.825,-0.024028405391869626
-243.786,-0.011464815104465433
-243.747,-0.0013387032348840377
-243.708,0.024699907411362135
-243.669,0.01235889778169824
-243.63,0.0008812157521990707
-243.591,-0.021362245030257528
-243.552,-0.01069598159621338
-243.513,0.02447729848424328
-243.475,0.0383169013653972
-243.436,0.012621771212310319
-243.397,0.0019184392301892297
-243.358,0.007197736365361194
-243.319,-0.013455542388544312
-243.28,-0.021694185830080093
-243.241,-0.015924697340662243
-243.202,0.016179741969190007
-243.163,-0.014873431093049833
-243.124,0.013978980397984064
-243.085,0.0012463882834492562
-243.046,-0.007884981693801002
-243.008,0.0024983744022538095
-242.969,0.02119218175313974
-242.93,0.004688092061414691
-242.891,-0.043556998312679576
-242.852,0.0012502774886451297
-242.813,-0.004580000271603402
-242.774,0.0035861430652004466
-242.735,0.006947134783779979
-242.696,0.006722995063784395
-242.657,-0.013922996520117196
-242.618,0.028733276686667888
-242.58,-0.02852688061747234
-242.541,0.013805095643585832
-242.502,0.006955381960468443
-242.463,0.006474883061542599
-242.424,-0.01622914978285427
-242.385,-0.01233686721831498
-242.346,-0.008962777441263751
-242.307,-0.036647853294129784
-242.268,0.021241368086159867
-242.229,-0.0032436929244256474
-242.19,0.03377485008052748
-242.152,-0.002622326468560896
-242.113,-0.022832991493230117
-242.074,0.004650074907416597
-242.035,0.0035115867349984446
-241.996,-0.027858883581577377
-241.957,-0.017937669030796397
-241.918,0.011049006700673167
-241.879,0.004518963464258165
-241.84,0.01979582894691146
-241.801,0.01139081386907239
-241.762,0.005196651355632036
-241.723,-0.008642437135314662
-241.685,-0.01867160532793762
-241.646,0.06020803287226274
-241.607,0.00035141240225699394
-241.568,-0.03485287940520864
-241.529,-0.02492853866395078
-241.49,-0.03528854978258654
-241.451,0.0038923859534795713
-241.412,-0.0021279323510994402
-241.373,-0.04642469467652192
-241.334,0.02150383318679641
-241.295,-0.00022820699917488235
-241.257,0.011515056768982911
-241.218,0.004052794888962281
-241.179,-0.011352866158123611
-241.14,-0.014294618969013588
-241.101,0.02872400828464604
-241.062,-0.0456185830987416
-241.023,-0.032447416158118
-240.984,-0.0283869481003512
-240.945,0.007041452320874591
-240.906,-0.008108400419347652
-240.867,0.014583945104495243
-240.828,-0.0032751089375892967
-240.79,-0.008430982046100445
-240.751,-0.019201153384762533
-240.712,-0.013031910490669919
-240.673,-0.012854478173912458
-240.634,-0.0033790052628918056
-240.595,0.013613116660671639
-240.556,-0.008539243837984786
-240.517,-0.02833775966531678
-240.478,-0.024011016676138405
-240.439,0.01858193619569924
-240.4,0.03800683719145506
-240.362,-0.011892227460191217
-240.323,-0.004703404371725171
-240.284,-0.0038218705806677294
-240.245,-0.028043341961651973
-240.206,-0.00663839577841499
-240.167,0.002171216249782313
-240.128,-0.005992323956107163
-240.089,-0.03264359093090945
-240.05,-0.006263393285567985
-240.011,-0.013534068822047341
-239.972,0.01985239279494202
-239.934,-0.0016293294896139662
-239.895,-0.022579460733870182
-239.856,0.014771353697306217
-239.817,0.04393217909701956
-239.778,-0.02405963019454014
-239.739,-0.0012582392114752067
-239.7,-0.009532473593499131
-239.661,-0.03218910151435616
-239.622,-0.002514388610361425
-239.583,-0.04966407776021904
-239.544,-0.0177402692819098
-239.505,0.0008824827823921688
-239.467,0.013802590867818059
-239.428,-0.026598247608960207
-239.389,-0.01808884589078708
-239.35,-0.034243409972899375
-239.311,-0.003034313584949623
-239.272,-0.00964381337348932
-239.233,0.002988280290199918
-239.194,-0.00984354509080879
-239.155,-0.01248692278154524
-239.116,-0.02547945603116005
-239.077,0.0033428587351700127
-239.039,-0.016437093950670868
-239.0,0.023481398481517774
-238.961,0.010172311684644803
-238.922,-0.023327375272514078
-238.883,0.031038498942988404
-238.844,-0.01980165155529075
-238.805,0.003448032128422049
-238.766,0.008621589003854709
-238.727,-0.008444236556538615
-238.688,-0.0028584133251712083
-238.649,-0.004603298765119003
-238.61,0.05799461386082896
-238.572,0.003282026827391065
-238.533,-0.034285853325809135
-238.494,0.0009397537132936696
-238.455,0.015862488538450816
-238.416,0.02285295878870893
-238.377,-0.008579885022922923
-238.338,-0.017717877088022124
-238.299,0.005676290305456057
-238.26,-0.001229966993677261
-238.221,0.0029731033755094546
-238.182,-0.015765641408451415
-238.144,-0.0063001316554788895
-238.105,-0.018969222749876606
-238.066,0.005940880840527747
-238.027,-0.02891556439481759
-237.988,-0.007595092374504814
-237.949,-0.007828212309993171
-237.91,0.028953932888839108
-237.871,0.030579877756312095
-237.832,-0.03454047792172378
-237.793,0.008203715529804647
-237.754,-0.022572501783387773
-237.715,-0.020527881949781033
-237.677,-0.006730006897376564
-237.638,0.007466431216189184
-237.599,-0.0008802991179866692
-237.56,0.001657801333089058
-237.521,0.011244004473267153
-237.482,-0.03651620202458283
-237.443,-0.015866037605774687
-237.404,0.029614166248271265
-237.365,0.0001270933170771969
-237.326,0.006298066189645658
-237.287,-0.016832465328083433
-237.249,-0.02278798546206625
-237.21,-0.011318959579892783
-237.171,-0.02935975151043473
-237.132,0.00476657303438771
-237.093,0.03494545920421725
-237.054,-0.020673342615748217
-237.015,0.017226021735531494
-236.976,-0.008407116811025479
-236.937,0.015419129576032281
-236.898,0.025128960067358708
-236.859,-0.006240343000134859
-236.82,0.0009451791087171698
-236.782,-0.014637785816312894
-236.743,-0.004345161025135517
-236.704,0.004785080353005561
-236.665,-0.049320697872188894
-236.626,0.0001373199913139089
-236.587,-0.025857572766690977
-236.548,0.03008376994160377
-236.509,-0.01946703064290018
-236.47,-0.008029752289303803
-236.431,0.05237935826365962
-236.392,-0.013737217000300606
-236.354,-0.005666021684576056
-236.315,0.006091855553802853
-236.276,0.0368679916886246
-236.237,0.002651691818448514
-236.198,0.0008061696851761136
-236.159,-0.03236290650477863
-236.12,0.022533523983705814
-236.081,-0.04441964563043936
-236.042,0.018966573595515318
-236.003,0.027379945599299235
-235.964,-0.005709660446154558
-235.926,0.010450210948085948
-235.887,0.01314906206277187
-235.848,-0.010628636141384339
-235.809,0.016252095098065543
-235.77,-0.04717429153185637
-235.731,0.01210788247759324
-235.692,0.03552880888442575
-235.653,-0.01330114864170157
-235.614,-0.008938528806730314
-235.575,-0.0041897826493049
-235.536,-0.024779689284392642
-235.497,0.024369035248731352
-235.459,0.0025976553396270708
-235.42,0.04034123867851694
-235.381,0.0031462300546311085
-235.342,-0.029363718668058883
-235.303,0.03544302108406275
-235.264,0.02998174374560436
-235.225,0.0076304196517613335
-235.186,-0.03879362163491608
-235.147,-0.0009471954200396
-235.108,-0.03289113625752227
-235.069,0.02387819285354076
-235.031,0.001866683193437817
-234.992,-0.03780516462722398
-234.953,-0.006837705654587968
-234.914,-0.014760949188363313
-234.875,0.0037222542857525756
-234.836,0.017469050555157885
-234.797,-0.006521818633695426
-234.758,-0.012559784602758316
-234.719,0.006002702987756842
-234.68,-0.023286349935617397
-234.641,0.018822885710227683
-234.603,0.009003959611921642
-234.564,0.009906547693820386
-234.525,-0.016101132373568913
-234.486,0.03709844970277048
-234.447,0.028714333871971358
-234.408,0.02214012199569026
-234.369,0.017177832134663236
-234.33,0.023715562868526448
-234.291,-0.0015198347867419158
-234.252,-0.026035884357492153
-234.213,-0.029863936527525753
-234.174,-0.023769985308820143
-234.136,0.0069915383455230904
-234.097,-0.050930657360689094
-234.058,0.01959801245017771
-234.019,0.024123339089127057
-233.98,0.026544796071868684
-233.941,0.00336081630607637
-233.902,-0.022715791728933295
-233.863,0.01581467253114615
-233.824,-0.026904042663252605
-233.785,0.04770424360141937
-233.746,0.006222844568514146
-233.708,-0.02725090968258922
-233.669,-0.047135053956461795
-233.63,-0.025746913482573467
-233.591,0.0016349392737612257
-233.552,-0.008014322440860477
-233.513,0.02830731496042241
-233.474,0.020923024166957644
-233.435,-0.003986501516152943
-233.396,0.03709053943352801
-233.357,-0.02321376973368055
-233.318,0.02730065408707264
-233.279,0.004502850863111817
-233.241,0.014483264747230492
-233.202,-0.011423360412238057
-233.163,0.023096295206557035
-233.124,-0.007821006701073888
-233.085,-0.004564089765982316
-233.046,-0.00467319158609092
-233.007,0.00019078129852534214
-232.968,0.008039747370159833
-232.929,0.0027650543087869017
-232.89,0.020980188104571317
-232.851,-0.0019202607824039437
-232.813,-0.016620218228362377
-232.774,0.005130462883588342
-232.735,-0.004710057562322602
-232.696,0.006996912833495164
-232.657,0.001592424020200307
-232.618,0.022077066259744663
-232.579,-0.013788529151876765
-232.54,0.009473438579236349
-232.501,-0.00047601715120734766
-232.462,0.03553169161172355
-232.423,-0.002558538032098698
-232.384,0.056636809658536666
-232.346,0.03632245080542405
-232.307,0.0018225954948308792
-232.268,0.024285969602767927
-232.229,0.028273088340818243
-232.19,0.037451674886888164
-232.151,-0.002042017795629635
-232.112,-0.0045035035325980055
-232.073,0.010232543264539045
-232.034,-0.005737608703975136
-231.995,-0.0001472609553697789
-231.956,0.04956061660065662
-231.918,0.021923466043155815
-231.879,-0.023381915543703106
-231.84,-0.005891799029032842
-231.801,0.005141867798050149
-231.762,-0.005269466251996525
-231.723,0.003920772386289989
-231.684,0.006144131484178929
-231.645,-0.00025288455168736776
-231.606,0.04781406165144979
-231.567,-0.013789016276424794
-231.528,-0.005421250894096548
-231.49,-0.022432595099419007
-231.451,0.0170650752915813
-231.412,-0.0004995036805763822
-231.373,-0.020411198302667317
-231.334,0.009503240011735622
-231.295,0.0051076940419758346
-231.256,0.021328733658411134
-231.217,-0.0023274267655993847
-231.178,-0.0009324073463631306
-231.139,0.01043670390338485
-231.1,-0.03199069858545761
-231.061,-0.0021482019258328377
-231.023,0.005017513905305346
-230.984,-0.03723372829560303
-230.945,0.004538391725922847
-230.906,0.0455812470969814
-230.867,0.03163982476938149
-230.828,0.00186656423799394
-230.789,-0.017353356216260055
-230.75,0.015044668327489996
-230.711,-0.01633863068087523
-230.672,-0.01774230210276155
-230.633,-0.01887393748040104
-230.595,-0.0032359603620874967
-230.556,0.036243009669164404
-230.517,-0.028833881188947703
-230.478,0.004048037295252388
-230.439,0.0024997732987953585
-230.4,-0.017251824840917303
-230.361,-0.016092569887862895
-230.322,0.019870737058668396
-230.283,0.007261264164405116
-230.244,0.0037403080190698897
-230.205,0.04158088828629208
-230.167,-0.001002530221303177
-230.128,0.01298090317393458
-230.089,0.02942805019733324
-230.05,-0.009501671167677297
-230.011,0.021536513970641144
-229.972,0.018106670786170252
-229.933,-0.007118944514561512
-229.894,0.009668689162525002
-229.855,-0.011434976313231806
-229.816,-0.019776375431731705
-229.777,-0.018517405913615757
-229.738,-0.009229577246698031
-229.7,-0.03142118015158484
-229.661,0.012532699049621905
-229.622,-0.00020722590909891757
-229.583,-0.012017699964336707
-229.544,0.001543963170134147
-229.505,0.02729407446100513
-229.466,-0.0073665554029619515
-229.427,0.02526776593671859
-229.388,-0.015375193629133248
-229.349,-0.0015985515118130665
-229.31,-0.006795400052397038
-229.272,0.007922716710988122
-229.233,-0.003923936815322372
-229.194,-0.023183068704760626
-229.155,0.022864400300696374
-229.116,-0.003961481255468657
-229.077,-0.026720442146275267
-229.038,0.004942356015079108
-228.999,0.00495062376605345
-228.96,0.028451402537763244
-228.921,-0.023554237908220206
-228.882,-0.03923254288662796
-228.843,0.008589169353460484
-228.805,0.0013938595550674502
-228.766,-0.004068777221394394
-228.727,-0.012687608234824264
-228.688,0.037862414487489185
-228.649,0.0063604939922092905
-228.61,0.004591202505867014
-228.571,-0.008771296876169938
-228.532,-0.00543704369231465
-228.493,-0.013028660554570696
-228.454,-0.008777858756502938
-228.415,-0.004113180713292538
-228.377,0.0029980855725278864
-228.338,0.026123152006574488
-228.299,0.020494336012873163
-228.26,-0.021548501001488404
-228.221,-0.0010650921736842169
-228.182,-0.000750938029210081
-228.143,0.00550965534501942
-228.104,-0.017564750148801916
-228.065,-0.012873467189001574
-228.026,-0.023713869500329977
-227.987,-0.008519882816228846
-227.948,0.009977546761638555
-227.91,0.013709022615466826
-227.871,0.02310004854850508
-227.832,0.002743725228249294
-227.793,-0.021052407706482222
-227.754,0.020224074966281518
-227.715,-0.007043198387145668
-227.676,0.019384984783192782
-227.637,-0.01940933944920885
-227.598,0.02858294136848074
-227.559,-0.00886379830709335
-227.52,-0.01490582633901914
-227.482,0.01077452997558844
-227.443,-0.0019167599765032017
-227.404,0.018143931195799448
-227.365,0.025178469330029027
-227.326,0.013595112115532895
-227.287,0.03598764137674351
-227.248,-0.01883890242675554
-227.209,0.022264912018325856
-227.17,0.018918909844390534
-227.131,-0.008876678265398084
-227.092,0.010559192331427146
-227.053,-0.009575544653600741
-227.015,-0.017684232558831035
-226.976,0.015486511514403518
-226.937,0.024163916011316688
-226.898,0.0028642364966824634
-226.859,0.010435944672082913
-226.82,0.028169072661381918
-226.781,-0.0048008476727346575
-226.742,-0.0032771930753177116
-226.703,0.004186407104217296
-226.664,-0.007102723768451778
-226.625,0.004226628381099776
-226.587,-0.04394209006742194
-226.548,0.03175167634063588
-226.509,-0.013581865136819454
-226.47,0.0002807540047150771
-226.431,0.030893974318057422
-226.392,-0.011529313897682586
-226.353,0.013004936078172092
-226.314,0.011982580414300004
-226.275,0.0025728220019171537
-226.236,-0.01644593331439827
-226.197,0.0097999373653255
-226.159,0.00478311643558448
-226.12,-0.0037165435282470512
-226.081,-0.04888032500675329
-226.042,-0.0038340609953623336
-226.003,0.01457191865067473
-225.964,0.01131151139456792
-225.925,0.03682102454162631
-225.886,-0.029687149745090922
-225.847,-0.02032971059147998
-225.808,0.019390355998779155
-225.769,0.024384394741702703
-225.73,0.01644370436839144
-225.692,-0.02749243907022742
-225.653,0.0011473309256758695
-225.614,0.016891796637889145
-225.575,0.0024858384867084858
-225.536,0.045652353454138164
-225.497,0.009300567206206077
-225.458,-0.02056464799358273
-225.419,0.011157266055200671
-225.38,-0.0035020474988490674
-225.341,0.026128682606304743
-225.302,-0.01599268381696684
-225.264,0.026783467014529043
-225.225,-0.03284506912148437
-225.186,-0.03274089834821434
-225.147,-0.026075779180567398
-225.108,-0.004559277131691506
-225.069,-0.01708278613755763
-225.03,0.000744238282101203
-224.991,-0.0402495748847866
-224.952,0.0036706972100056644
-224.913,0.023425450410154907
-224.874,-0.01888028846180741
-224.835,0.022987020381616173
-224.797,0.024208509585454653
-224.758,0.001681355369913015
-224.719,-0.026471234090444135
-224.68,0.021770863673503546
-224.641,-0.0007757848495732831
-224.602,0.0036930938327860013
-224.563,-0.0009348651337499766
-224.524,0.0022192837278442526
-224.485,-0.0031971091646460677
-224.446,0.03980617245578283
-224.407,0.013083560051364839
-224.369,0.008690690999874727
-224.33,0.01468206000124871
-224.291,-0.021634525922657737
-224.252,-0.014533530109747325
-224.213,-0.012207177985560412
-224.174,0.015448026091600307
-224.135,-0.042183623770567384
-224.096,0.03072057220732928
-224.057,0.01065595032400377
-224.018,-0.024783430995803817
-223.979,0.010535086429069262
-223.94,-0.006926977004242187
-223.902,-0.034393948071402
-223.863,-0.023330392220913567
-223.824,0.02262757543126538
-223.785,-0.023957419070871643
-223.746,0.0026562556852386433
-223.707,0.009042654739167284
-223.668,-0.030033588195143835
-223.629,0.013128495026952177
-223.59,0.0026870662616781766
-223.551,0.017837640040337676
-223.512,-0.02669007556494067
-223.474,0.03430779555673827
-223.435,0.006160519175824831
-223.396,0.02581673683090937
-223.357,-0.012861655389022527
-223.318,0.0037419862227578565
-223.279,-0.009733359709604913
-223.24,-0.01746180463873858
-223.201,-0.06262560141822661
-223.162,0.0019582858213478853
-223.123,0.028200208770967173
-223.084,-0.008054123686785467
-223.046,0.01805995268221413
-223.007,0.03733860777995481
-222.968,0.009669645177485444
-222.929,-0.011806798882108189
-222.89,-0.018934033295266623
-222.851,-0.003332237478136796
-222.812,-0.0005185875619245733
-222.773,-0.05642779434848974
-222.734,-0.024106753272529414
-222.695,-0.01861120589316532
-222.656,-0.00440283572835423
-222.617,0.012681251010892996
-222.579,-0.024851891220597083
-222.54,-0.0002125163217941324
-222.501,0.04643196875697328
-222.462,-0.007272602095934023
-222.423,0.019603063998692778
-222.384,-0.001809747831458642
-222.345,0.032274190925369206
-222.306,-0.004628599214747859
-222.267,-0.0005279679208934282
-222.228,-0.042045368323840926
-222.189,-0.01435159791172495
-222.151,-0.01842854245412825
-222.112,-0.01704810284565754
-222.073,0.0344843524716282
-222.034,-0.008078980179465789
-221.995,-0.008381314127457098
-221.956,0.0016651353179434666
-221.917,0.006449143465871556
-221.878,-0.011470116191621072
-221.839,-0.011591494062051295
-221.8,-0.004961770467122933
-221.761,-0.00932927054036518
-221.723,0.01920435512151384
-221.684,0.03066691625344306
-221.645,-0.03566925658001949
-221.606,-0.00799759701946209
-221.567,0.0015999682910839332
-221.528,-0.006515550479146169
-221.489,0.030613539860738045
-221.45,-0.018897528769152398
-221.411,0.01178851712158026
-221.372,-0.0255928713643874
-221.333,0.00786528998156576
-221.294,-0.0021354383308920775
-221.256,-0.0146603540811373
-221.217,0.01935941913227385
-221.178,0.035213779721851766
-221.139,0.018824901094144753
-221.1,-0.00934659774571384
-221.061,0.008238335290635463
-221.022,0.015964527892382476
-220.983,0.02138752421641174
-220.944,-0.0070874888924285645
-220.905,0.028422325303460956
-220.866,0.010294934974641123
-220.828,-0.02077683395399012
-220.789,-0.018368150064741885
-220.75,0.03795637920134684
-220.711,0.05211070771997333
-220.672,0.00431171608163293
-220.633,-0.02330726785653629
-220.594,-0.002423963484579461
-220.555,-0.03428464257829382
-220.516,-0.02253295460000191
-220.477,-0.026856231177353945
-220.438,-0.036918604347308065
-220.399,-0.00016533353464488407
-220.361,-0.005370189137212571
-220.322,-0.017966052770124967
-220.283,-0.02271336061149819
-220.244,0.020156004455568803
-220.205,0.008421695802373995
-220.166,0.0021147695530353743
-220.127,0.015181422952857414
-220.088,0.04684786405861
-220.049,0.016292438776274364
-220.01,-0.01960877291838188
-219.971,-0.027201902155814153
-219.933,0.005116694615261605
-219.894,-0.006973649319146512
-219.855,-0.018190316839741382
-219.816,0.017852776771343327
-219.777,0.016433528871265805
-219.738,0.002724396400372574
-219.699,0.03354142818105053
-219.66,0.033460414133222594
-219.621,0.03219476500536684
-219.582,-0.002116223508862736
-219.543,-0.007393876268865354
-219.504,0.016552225783750894
-219.466,-0.025727724852345122
-219.427,0.0070743962107111865
-219.388,0.001945358237586071
-219.349,0.013674440101457914
-219.31,-0.01092565354031334
-219.271,0.008690662156074253
-219.232,0.014400848946859984
-219.193,0.006564225427871766
-219.154,-0.014442248625907452
-219.115,-0.02373109263037603
-219.076,0.0023436432458853636
-219.038,0.022473686986396887
-218.999,0.010041857984824216
-218.96,0.0054277852991789066
-218.921,0.03724229682133597
-218.882,0.022568794380924982
-218.843,0.029919445321563758
-218.804,-0.022232242079688533
-218.765,-0.014294159480498418
-218.726,-0.027531647434305178
-218.687,-0.001687367884217133
-218.648,-0.013038931705580847
-218.609,-0.032688935471001004
-218.571,0.011086363946224208
-218.532,-0.019292443014799546
-218.493,-0.0297153742441948
-218.454,0.00516215661939164
-218.415,0.009595881922057733
-218.376,0.04873263429681247
-218.337,0.005954909010675768
-218.298,0.05099552472139114
-218.259,0.017293573607734446
-218.22,0.0022529281081489563
-218.181,-0.010779601871000685
-218.143,0.00793416813981477
-218.104,-0.007082770826240353
-218.065,-0.029444038925435373
-218.026,0.0018343289927041737
-217.987,0.002109795696742702
-217.948,0.026806372406120986
-217.909,-0.011292600689945415
-217.87,0.011113712801760108
-217.831,0.012111098843787414
-217.792,-0.009030950399856793
-217.753,0.04907770576273064
-217.715,-0.03222310541294362
-217.676,-0.021825587901302703
-217.637,-0.006851312292228672
-217.598,0.001982459473041792
-217.559,-0.05275022309227708
-217.52,-0.023316218072335186
-217.481,0.008469633254190447
-217.442,0.019235802322845982
-217.403,0.01659642355742327
-217.364,-0.002419752349153057
-217.325,0.025596698691628582
-217.286,-0.0020726056069192726
-217.248,-0.004997880652267616
-217.209,-0.032727792566114605
-217.17,-0.02603097986893881
-217.131,0.04314773784727087
-217.092,-0.0056978077466410615
-217.053,0.021552027078302772
-217.014,-0.002782330190660193
-216.975,0.024979350496303444
-216.936,0.025366082818095617
-216.897,0.005496484044000938
-216.858,0.0023142325132468108
-216.82,0.01809767124552629
-216.781,0.007317831911390123
-216.742,-0.011401344712811257
-216.703,-0.010097969045865149
-216.664,-0.004633652145119521
-216.625,0.007524439281364671
-216.586,0.007428937362886326
-216.547,0.017140173867762613
-216.508,-0.04959215469680183
-216.469,-0.007463301765317511
-216.43,0.0022111995384949974
-216.392,-0.00020073427639584257
-216.353,-0.024240279777952074
-216.314,0.008642283066006895
-216.275,0.0027298326571873893
-216.236,0.03519847027014284
-216.197,-0.03186357531944159
-216.158,0.01587535299218224
-216.119,0.015127009796322909
-216.08,-0.008496873654868231
-216.041,0.007186527441189066
-216.002,0.000898281861823837
-215.963,0.006231479908729284
-215.925,-0.00513534211131437
-215.886,-0.014172094669452063
-215.847,0.0013053134388608962
-215.808,-0.019766825251135343
-215.769,-0.025085213750104893
-215.73,0.006097441746818324
-215.691,-0.0127517892572266
-215.652,-0.0071779376256450155
-215.613,0.007357565950325698
-215.574,-0.011668553914330655
-215.535,-0.010111792348572563
-215.497,-0.03663830052119326
-215.458,-0.005258327098236247
-215.419,0.005717785585484818
-215.38,0.0032506315226219617
-215.341,0.047710260179117274
-215.302,-0.015482365352869662
-215.263,0.019197121333692148
-215.224,0.012608910186691965
-215.185,-0.006208718506098416
-215.146,0.04168830990034458
-215.107,-0.031403266285441676
-215.068,-0.0226508024337103
-215.03,-0.02756071886141522
-214.991,0.0073456358027167434
-214.952,-5.557544090555727e-05
-214.913,-0.002556177051095418
-214.874,-0.007263074919859343
-214.835,-0.012015323521080506
-214.796,-0.004846904439488178
-214.757,-0.003924119399615033
-214.718,-0.04078908555469217
-214.679,0.018067972163248572
-214.64,0.004099984000680275
-214.602,-0.01239215788625396
-214.563,-0.02064907103743285
-214.524,-0.012267447982388376
-214.485,-0.017478581748403395
-214.446,-0.05874468077828149
-214.407,0.002859063820496057
-214.368,0.0015870699378706956
-214.329,0.02200354844045038
-214.29,-0.035210463795916344
-214.251,0.009689988687572525
-214.212,0.034131196089689696
-214.173,-0.00944821609244961
-214.135,0.016565604478746433
-214.096,0.004463217270847325
-214.057,-0.010674212188225337
-214.018,-0.01939184333227364
-213.979,0.005658942331036348
-213.94,0.010188623121479301
-213.901,0.0036717763626364567
-213.862,0.024894310752445904
-213.823,-0.007969397836000423
-213.784,0.009878483987932759
-213.745,0.04340152121546512
-213.707,0.0005442698395720647
-213.668,-0.015566282962669667
-213.629,-0.0017336656378380728
-213.59,0.024015614525069773
-213.551,-0.015704042025386868
-213.512,-0.04003085373401496
-213.473,0.027329421725584033
-213.434,0.0005214150536969864
-213.395,-0.02190778968892825
-213.356,0.009502780874195229
-213.317,0.012905487310832065
-213.279,-0.007309214118736689
-213.24,-0.013500483503410095
-213.201,0.02771951285365923
-213.162,-0.03651199176485163
-213.123,0.004092578547494457
-213.084,-0.025502258975451678
-213.045,0.016369974690284846
-213.006,-0.012607606997623567
-212.967,0.03260572838922414
-212.928,0.0061553253282591765
-212.889,-0.0015553262903607347
-212.85,0.010593008813867245
-212.812,0.004446953599140637
-212.773,0.014697149488263814
-212.734,-0.009474897451152507
-212.695,0.004183889717786837
-212.656,0.013482147554538717
-212.617,-0.008918022780770555
-212.578,0.0037001756674628506
-212.539,-0.05171309576340595
-212.5,0.020001523934482856
-212.461,-0.006800360410671613
-212.422,0.007135961226471471
-212.384,-0.017645437154492235
-212.345,0.03900621217753937
-212.306,0.032575931645120716
-212.267,-0.016482888913970414
-212.228,0.01976177411600822
-212.189,-0.006880111112488971
-212.15,-0.010421740299412915
-212.111,-0.0219437424862476
-212.072,0.021021739487699705
-212.033,-0.0040526880658076515
-211.994,0.004577201545119005
-211.955,-0.016449198212967225
-211.917,-0.03718903413050448
-211.878,-0.019667239067407465
-211.839,-0.006951007977888812
-211.8,0.003867407347373911
-211.761,0.017991933876974616
-211.722,-0.0007266764300514188
-211.683,0.024879224170693062
-211.644,0.0145917291026978
-211.605,-0.016386924931426582
-211.566,0.020587149137242772
-211.527,0.01848222733818037
-211.489,0.005317806689555872
-211.45,0.0009289514971764675
-211.411,-0.012615744332324784
-211.372,-0.010267462503419037
-211.333,-0.04474656618294072
-211.294,0.003432345382063795
-211.255,0.013734482661785044
-211.216,0.020209016428907198
-211.177,0.0009343275246539648
-211.138,-0.010345726366205753
-211.099,0.017036449427866713
-211.061,0.02253377248415555
-211.022,-0.009282002948947106
-210.983,0.006490516154538957
-210.944,-0.013928185244578976
-210.905,0.004386427162836073
-210.866,0.038581713237507774
-210.827,-0.02382247586467746
-210.788,0.01401832768086081
-210.749,-0.008203328091341425
-210.71,-0.034399691677597946
-210.671,-0.00926105998904141
-210.632,0.013292221092358362
-210.594,-0.014510278208787603
-210.555,-0.030781710885892474
-210.516,-0.0024540400821076603
-210.477,-0.01477949458461647
-210.438,0.027349916848421862
-210.399,0.004989369194776711
-210.36,-0.014943675866694432
-210.321,-0.009065784432730673
-210.282,0.0021594549074238287
-210.243,-0.0361374537225647
-210.204,0.02077417144863284
-210.166,-0.02779855033815274
-210.127,-0.006422888426813957
-210.088,0.024730617896595967
-210.049,0.003870589353613261
-210.01,-0.02317377780691486
-209.971,0.03887407652629399
-209.932,0.0038956869577591352
-209.893,0.0009701859341258116
-209.854,-0.004026984353377335
-209.815,-0.006997959644209737
-209.776,0.027612727193304133
-209.737,-0.00362467161954112
-209.699,-0.004088736575261498
-209.66,-0.009219697012437106
-209.621,-0.02762510658858794
-209.582,-0.02045458115006226
-209.543,-0.007410196826611296
-209.504,-0.008795416750275608
-209.465,0.035699043018051164
-209.426,0.015295014770734802
-209.387,-0.004964440713409268
-209.348,0.00850615431884594
-209.309,-0.002932423942556571
-209.271,-0.011549529853329932
-209.232,0.004563748944551175
-209.193,-0.01273816759927276
-209.154,0.039734010386640345
-209.115,0.009046337924742933
-209.076,0.0174523731637477
-209.037,0.0009093315048513679
-208.998,-0.02046846946763335
-208.959,-0.019545168728889145
-208.92,-0.0007678266736481979
-208.881,0.005299049622006811
-208.842,-0.004143094322535044
-208.804,-0.0013469845506922386
-208.765,-0.02329588590974127
-208.726,-0.005542989156087877
-208.687,-0.012680802182322487
-208.648,0.004186282613886488
-208.609,0.009432985397186074
-208.57,0.012698231952331027
-208.531,-0.01956589483308767
-208.492,-0.01615704611183172
-208.453,0.04251186339376712
-208.414,-0.004437706516793924
-208.376,0.010214108586354645
-208.337,-0.01519047685478865
-208.298,0.05121382792600124
-208.259,-0.017521474700604243
-208.22,0.016178922373892627
-208.181,-0.026267005183956194
-208.142,-0.013397143418443024
-208.103,0.026007339608008294
-208.064,0.044580057854815
-208.025,0.004154041930879232
-207.986,-0.0305080063261932
-207.948,0.0013958566259649596
-207.909,0.02202758418138048
-207.87,0.008681551960223834
-207.831,-0.02519558761713727
-207.792,0.0032255758199282477
-207.753,-0.02750257605505281
-207.714,-0.00010354787603089967
-207.675,0.011242437323789628
-207.636,-0.028301619190036577
-207.597,0.037552596301605796
-207.558,0.014076888791288298
-207.519,0.018639441048963864
-207.481,-0.0012281189535053938
-207.442,-0.008577636089033575
-207.403,-0.01574322181371737
-207.364,-0.0014754131844441406
-207.325,0.006113663255492634
-207.286,0.009786949447670671
-207.247,-0.01520959363155683
-207.208,0.03620939754166617
-207.169,-0.0037250187461182298
-207.13,-0.013975593073071425
-207.091,-0.017338868463115678
-207.053,0.01094160056400772
-207.014,0.02277515763340391
-206.975,-0.02955172711283803
-206.936,0.024264317048528945
-206.897,0.049333305736898994
-206.858,0.010466200703763041
-206.819,0.007896619881608275
-206.78,0.017256017861318154
-206.741,-0.0014703513567882872
-206.702,-0.018239732323412892
-206.663,0.013440983399871924
-206.624,-0.030713179668806122
-206.586,-0.009806330768014133
-206.547,0.004379985924124431
-206.508,-0.019369918728398255
-206.469,0.007866872190677644
-206.43,0.011504205027012817
-206.391,-0.027284842289065754
-206.352,-0.011220635127668577
-206.313,-0.004181120004027037
-206.274,0.014135181488919839
-206.235,0.016731562804236468
-206.196,-0.021841445423813152
-206.158,-0.0010253756538880473
-206.119,-0.012595031378836708
-206.08,-0.011220181239711087
-206.041,0.02263474257160322
-206.002,-0.04301097500304288
-205.963,0.002108456743601247
-205.924,-0.036628604187422455
-205.885,0.02775854263119521
-205.846,-0.012408003347450715
-205.807,-0.027153072336312634
-205.768,-0.029685229337152962
-205.729,-0.007641233274041906
-205.691,-0.011081802255114032
-205.652,-0.03586593745534247
-205.613,0.011222194888392479
-205.574,0.025493553216943018
-205.535,0.007534783316420726
-205.496,-0.025810247527410582
-205.457,-0.013477163777601393
-205.418,0.009530854654921834
-205.379,0.005676352467441915
-205.34,0.018780232992738167
-205.301,0.01950551133643025
-205.263,0.011086015093798168
-205.224,-0.03308095155789055
-205.185,0.04082084806730266
-205.146,0.009571092577370627
-205.107,0.03964061996815061
-205.068,0.003338265242630206
-205.029,0.013463134260222304
-204.99,-0.02166438233642607
-204.951,-0.012717882939734101
-204.912,0.0017508112482834959
-204.873,0.04616116622778776
-204.835,0.023901398704170643
-204.796,0.02931836263429372
-204.757,-0.026778712046342957
-204.718,-0.021159305677094502
-204.679,-0.015225433059228948
-204.64,0.01122905084852781
-204.601,-0.013173939371313424
-204.562,-0.001863635773031039
-204.523,-0.019907595363832686
-204.484,-0.012045409123221886
-204.445,-0.010399551560168509
-204.406,-0.0037961708863259516
-204.368,-0.011738147872199666
-204.329,0.021438604033439355
-204.29,-0.004481634547321227
-204.251,0.011185023759963109
-204.212,-0.02443099170440971
-204.173,0.018343400934846005
-204.134,-0.022181047354678286
-204.095,-0.018959521576604313
-204.056,-0.019524413884665907
-204.017,0.0020882703270662002
-203.978,0.0001269132679918867
-203.94,0.025137130685673102
-203.901,0.0062524892464383315
-203.862,0.0005545340989009566
-203.823,0.03568400902997254
-203.784,0.011239509742242273
-203.745,-0.03845605979312991
-203.706,-0.0018327223903639297
-203.667,0.01895986663612151
-203.628,0.019442380950915203
-203.589,0.00497776438035564
-203.55,0.042979885798812144
-203.512,0.002516163004933815
-203.473,-0.01660393686650505
-203.434,-0.0021564680154071026
-203.395,0.031756971701068365
-203.356,-0.01590763871901191
-203.317,0.016776630542934993
-203.278,0.023395893598470652
-203.239,-0.03769640631670866
-203.2,-0.002093357717583611
-203.161,0.021266124695681482
-203.122,-0.010798895912497273
-203.083,-0.024778923983781752
-203.045,-0.009412554343549932
-203.006,0.00031083842474023335
-202.967,0.004559083637486035
-202.928,-0.03207731716376189
-202.889,-0.006190475103713078
-202.85,-0.01847416654379705
-202.811,0.019133416179835747
-202.772,0.005161027164362305
-202.733,-0.005688583544052557
-202.694,0.006323026955729819
-202.655,0.035161817885397156
-202.617,-0.023476703658964905
-202.578,-0.0022676843862692838
-202.539,-0.007464968486853865
-202.5,0.015571138608813396
-202.461,0.014839806093269285
-202.422,-0.03502855114902621
-202.383,0.03128052119853064
-202.344,0.0009667627798673971
-202.305,0.02919265256975894
-202.266,0.029393941929517664
-202.227,-0.011395769804021101
-202.188,0.011009232133754862
-202.15,-0.00045650478504945767
-202.111,0.03319725242452966
-202.072,0.0023907778492142824
-202.033,-0.0047079279747850155
-201.994,0.014492852791009283
-201.955,-0.005348820061410865
-201.916,-0.04037784810521678
-201.877,0.0007126410690971186
-201.838,0.010496208268016265
-201.799,-0.014683972984943998
-201.76,0.004155408598726963
-201.722,0.03309594042550734
-201.683,-0.010080729081672107
-201.644,-0.014987131199467155
-201.605,-0.017091058636774528
-201.566,-0.008630616687083766
-201.527,0.029702326671855094
-201.488,-0.016384447109794226
-201.449,-0.00012848493420028473
-201.41,-0.019442537594652077
-201.371,0.0017622028385677908
-201.332,-0.011953625031699137
-201.293,0.052551544719641755
-201.255,0.01905573506120511
-201.216,-0.0009894355006161547
-201.177,-0.01609170489120273
-201.138,-0.003128047513819846
-201.099,0.02145429344490144
-201.06,0.006334324362548264
-201.021,-0.009388193289419668
-200.982,-0.012520026981190927
-200.943,0.026375783204160792
-200.904,0.0015000990023777104
-200.865,0.001756200732473226
-200.827,-0.013816336299491088
-200.788,0.013304263562143401
-200.749,0.008958382495497963
-200.71,-0.011268991869399982
-200.671,-0.04024273656390447
-200.632,0.0004374595041071929
-200.593,-0.05112873070489276
-200.554,-0.008378996923913515
-200.515,-0.021618045815115353
-200.476,0.004708270301109672
-200.437,-6.143929491150488e-05
-200.398,-0.03648403716232434
-200.36,-0.033620138719186274
-200.321,-0.018745435905248135
-200.282,-0.01925727876137406
-200.243,0.007437709913782543
-200.204,-0.0005465382848567225
-200.165,-0.024809211906620533
-200.126,0.0073092945617300184
-200.087,-0.03582306770612674
-200.048,0.02293811117893197
-200.009,0.008688738525510505
-199.97,-0.026035688807861015
-199.932,0.016652179286845793
-199.893,-0.004362430779826341
-199.854,-0.013669352803713607
-199.815,0.004079833473919411
-199.776,-0.002798775989614392
-199.737,-0.02066354751085845
-199.698,-0.010670763908340628
-199.659,0.004619082555993375
-199.62,-0.03212379661518192
-199.581,0.0033573918322292035
-199.542,0.0051556718185428695
-199.504,-0.004953244293367956
-199.465,-0.03581765368647361
-199.426,0.03155027281630393
-199.387,-0.03485351886039725
-199.348,-0.002052291796801083
-199.309,-0.005805401810995819
-199.27,0.032701458345683304
-199.231,0.008543874162261026
-199.192,0.048357517651939734
-199.153,0.021380066872867205
-199.114,-0.02938353005202773
-199.075,-0.006112662466271339
-199.037,-0.004486407164184379
-198.998,0.03195627377315145
-198.959,-0.03554565210892007
-198.92,-0.0033082225324926936
-198.881,0.0023620370828225153
-198.842,-0.0002401102212185647
-198.803,0.011948685965428928
-198.764,0.007041908294572426
-198.725,0.0007056337082161097
-198.686,0.009541122789625565
-198.647,-0.0024118872964560348
-198.609,0.02841869011356942
-198.57,0.005702504303432502
-198.531,-0.0015719709331062561
-198.492,0.038831512673485336
-198.453,-0.0060783248638147415
-198.414,-0.009653474707696525
-198.375,-0.017336646849641403
-198.336,-0.006780540718546559
-198.297,-0.020092486650145115
-198.258,0.004927686130825871
-198.219,0.011559587899991123
-198.181,-0.0066496625068271495
-198.142,-0.003710893680172017
-198.103,-0.014519199987088222
-198.064,-0.01771806881845543
-198.025,0.021548237679745934
-197.986,0.008443123697977893
-197.947,-0.006054497622439968
-197.908,0.010385177158958646
-197.869,-0.007752243245023056
-197.83,0.052652778822292044
-197.791,0.01883856763876639
-197.752,-0.010197114841862035
-197.714,0.018712524208987374
-197.675,-0.028648669990249308
-197.636,0.003160889193838384
-197.597,-0.022278235705092103
-197.558,0.016807465672888842
-197.519,0.011395088029122077
-197.48,0.031177974609115523
-197.441,0.00647362195215199
-197.402,0.017428440393391087
-197.363,0.014187247586231546
-197.324,0.006014263897419075
-197.286,0.017280875630440663
-197.247,0.015843205764761094
-197.208,0.02221979464636753
-197.169,0.00296308195365454
-197.13,-0.00849550908690993
-197.091,0.017196024785232703
-197.052,-0.021417770424374427
-197.013,0.01847290791680085
-196.974,0.0025724107702224004
-196.935,-0.0056776036378233035
-196.896,-0.01285887417128285
-196.857,0.013323274779325009
-196.819,0.001143027381627637
-196.78,0.021013011044262057
-196.741,0.02411682864830397
-196.702,0.012688152315554967
-196.663,0.0007837663215886741
-196.624,0.011937675871759191
-196.585,0.002168694060417987
-196.546,0.01576626264498484
-196.507,-0.028148888575425506
-196.468,-0.019672135328832007
-196.429,-0.01952659563996987
-196.391,-0.0035149518578407235
-196.352,0.0019075265338692957
-196.313,0.0029945586119775247
-196.274,-0.0022041473209666804
-196.235,0.06707904696548626
-196.196,0.03544394950930831
-196.157,0.0017563913890472228
-196.118,0.03416600536163748
-196.079,-0.01479119281687815
-196.04,-0.006150233289194866
-196.001,0.01716436017917235
-195.962,-0.011880838674782644
-195.924,-0.01760031971422372
-195.885,0.033957494208563685
-195.846,0.031774075960338564
-195.807,-0.018166165026604047
-195.768,0.02141403675107524
-195.729,-0.0005449848317177208
-195.69,-0.01869790482690021
-195.651,-0.010190522659890414
-195.612,-0.019258959908905176
-195.573,0.017855078121213667
-195.534,0.031810915530419794
-195.496,-0.03588485750059612
-195.457,-0.005533579009758691
-195.418,0.026715510237531423
-195.379,0.03267927140700487
-195.34,0.0012340290502229625
-195.301,-0.013344798957025089
-195.262,0.029589248752516978
-195.223,-0.025198648740770553
-195.184,-0.011246126640372707
-195.145,-0.013764949460426338
-195.106,-0.0027409809167066868
-195.068,0.010583574177028208
-195.029,-0.019908453700222643
-194.99,-0.019425151139839822
-194.951,-0.0194368177802463
-194.912,0.009950812755947336
-194.873,0.004406922046862094
-194.834,0.0070446436548785366
-194.795,0.02869514237283947
-194.756,0.018639557024284388
-194.717,-0.008685026791528001
-194.678,-0.0036053251565110554
-194.639,-0.002722242332245686
-194.601,-0.03400471429545837
-194.562,-0.025769123460572117
-194.523,-0.0014746724231244168
-194.484,0.019970234557351807
-194.445,0.005112815597715243
-194.406,0.008654604962854112
-194.367,0.0009188508358697438
-194.328,-0.016643234538729235
-194.289,-8.741630786587157e-05
-194.25,0.02180282432636564
-194.211,-0.01194960373195704
-194.173,0.010341904964455991
-194.134,-0.016251321755480067
-194.095,0.04208675726758954
-194.056,0.004090671110819818
-194.017,-0.029998718850490505
-193.978,-0.0056649672742652875
-193.939,0.01744547510880877
-193.9,-0.0017448211395555968
-193.861,-0.013184986318124032
-193.822,0.023134886235363947
-193.783,0.01793510829616824
-193.744,-0.03511747558845069
-193.706,-0.005832497695737889
-193.667,0.023463022782658466
-193.628,-0.04462077006464832
-193.589,0.01515442562023369
-193.55,0.012141933104094768
-193.511,0.022006200771019495
-193.472,0.026107796422680563
-193.433,-0.005913736099114186
-193.394,-0.00925709984077588
-193.355,-0.014942150366076806
-193.316,0.01732184603458964
-193.278,-0.005152867738519412
-193.239,-0.011824246711982287
-193.2,-0.013749350760179748
-193.161,-0.031723037544916725
-193.122,0.019125921493854066
-193.083,0.016722074265129734
-193.044,-0.013214368714471837
-193.005,-0.005806428706586391
-192.966,0.018546431977398217
-192.927,-0.01647363268671647
-192.888,0.009852468843306539
-192.849,-0.05655744873290383
-192.811,-0.02229060263610668
-192.772,0.024107184870830273
-192.733,0.0030185943437924297
-192.694,0.020296131907342068
-192.655,0.005793173823988274
-192.616,0.007851385425036975
-192.577,0.001042455173632835
-192.538,0.003854078788978751
-192.499,-0.010831581935245218
-192.46,-0.012441382734913745
-192.421,0.024808061399793562
-192.383,-0.005673588982234041
-192.344,0.035444868656167375
-192.305,0.02084726679026356
-192.266,-0.008996794616404227
-192.227,0.003465129855651398
-192.188,0.02269217848750987
-192.149,-0.006109527859532305
-192.11,-0.011055785509347812
-192.071,0.02285112430048078
-192.032,0.011224484261233493
-191.993,0.016956515779344504
-191.955,-0.043798212161646116
-191.916,0.03239394139881068
-191.877,-0.0189809702117744
-191.838,-0.008669621206915857
-191.799,0.016542633032159956
-191.76,0.009824614023083347
-191.721,0.001829586153014747
-191.682,-0.021097988722260513
-191.643,-0.03710415142645009
-191.604,0.012694344086783903
-191.565,-0.019001320221962482
-191.526,-0.010806619706004375
-191.488,0.017655736115664122
-191.449,-0.017028593121077164
-191.41,-0.018113799954576605
-191.371,-0.034239299916200706
-191.332,0.01681572974744681
-191.293,0.004629782102142255
-191.254,-0.017839775425115757
-191.215,-0.0031098854948609575
-191.176,0.03223618394178625
-191.137,0.006254508965712374
-191.098,0.016788861987054145
-191.06,-0.016588117908713156
-191.021,0.015929861154378108
-190.982,-0.009031290778479743
-190.943,0.039699994656853546
-190.904,-0.0017176420894758735
-190.865,0.017883000067648536
-190.826,-0.011740361186917545
-190.787,-0.03352016021464087
-190.748,-0.003649479883127882
-190.709,0.026766675980553094
-190.67,-0.011081242817560042
-190.632,-0.041402151036741844
-190.593,-0.017000542124826795
-190.554,0.0010925288114732052
-190.515,-0.031778575184523816
-190.476,0.019501129739533943
-190.437,-0.010863190009214298
-190.398,-0.0012636857262556152
-190.359,-0.0018667324136302042
-190.32,0.0241460798510762
-190.281,-0.005968470265708195
-190.242,-0.024627571592886928
-190.203,-0.0021365760505404835
-190.165,0.0023297256458739216
-190.126,0.004093905240109035
-190.087,-0.026255617851618243
-190.048,0.013770105065360813
-190.009,0.008489072499663741
-189.97,-0.01336998716945478
-189.931,-0.0013908227149714153
-189.892,-0.02569789360497321
-189.853,-0.03506274034014829
-189.814,-0.027829323231671095
-189.775,0.04248570149120631
-189.737,-0.010844328341352207
-189.698,0.0314101240375492
-189.659,-0.00022206465429184678
-189.62,0.022567392334786135
-189.581,-0.002537334071861123
-189.542,-0.003171434299798184
-189.503,-0.007701520128765193
-189.464,-0.012665032069207112
-189.425,0.00186889601672806
-189.386,-0.012595580770876767
-189.347,-0.016582791110629862
-189.308,0.012028814598377902
-189.27,-0.018554092204099405
-189.231,0.008554583445510865
-189.192,-0.02710004572171215
-189.153,0.0193505797919781
-189.114,0.0010011534342391389
-189.075,0.012496893088419257
-189.036,-0.026273042104144117
-188.997,-0.00779936543729302
-188.958,0.01663671663990491
-188.919,0.0075050223592098364
-188.88,0.026235846848295392
-188.842,-0.02415984294404909
-188.803,-2.557800104143436e-05
-188.764,0.02604534612229991
-188.725,0.0043686565776930465
-188.686,-0.002015582512285955
-188.647,-0.01644607111382919
-188.608,0.013915690276968515
-188.569,-0.004764705629810561
-188.53,0.059156211499722465
-188.491,-0.05359792591248855
-188.452,0.00046669889210863933
-188.413,0.0019126216350427074
-188.375,-0.010850522400646916
-188.336,-0.02628742442188065
-188.297,0.0043596206681354105
-188.258,-0.0011706746576741894
-188.219,0.008147263175903946
-188.18,-0.02604307346092581
-188.141,-0.002982307375113633
-188.102,-0.012777653309101269
-188.063,-0.04463655936827011
-188.024,0.020607157784076548
-187.985,0.009386730629069267
-187.947,-0.005420976020872234
-187.908,0.03509849133716248
-187.869,0.038398837770388425
-187.83,-0.02583197137504296
-187.791,0.020794926809655917
-187.752,0.02956881652839842
-187.713,0.010285089518118278
-187.674,-0.009041238512815145
-187.635,0.006103278145473952
-187.596,-0.001889700317054121
-187.557,0.00670763382699802
-187.518,0.0035958039839012277
-187.48,-0.01297429277367041
-187.441,0.019679523138440354
-187.402,0.03172402607758219
-187.363,-0.04930160817181227
-187.324,-0.03636448480029462
-187.285,0.015533801725102908
-187.246,-0.03622250014831796
-187.207,0.019340154653794912
-187.168,-0.004268517906395411
-187.129,-6.87098341000808e-05
-187.09,-0.017550345903972326
-187.052,-0.030227777081369683
-187.013,0.009371361577104534
-186.974,-0.0013073213458286675
-186.935,-0.0068623195134937635
-186.896,0.03590220500253308
-186.857,0.004681646813460128
-186.818,0.015662661660115672
-186.779,0.0044487607422405845
-186.74,0.0171349295319677
-186.701,0.020343585973543476
-186.662,0.03099810230599279
-186.624,0.011115520205099438
-186.585,-0.012121817988709954
-186.546,-0.010439640762518982
-186.507,0.001158156943845703
-186.468,0.011303373419304916
-186.429,-0.021439462363109067
-186.39,-0.04372802100256222
-186.351,-0.014341052233630134
-186.312,-0.017192725842961807
-186.273,-0.028255630591332716
-186.234,0.017934738687763383
-186.195,-0.026774051361868244
-186.157,0.024089160614579604
-186.118,0.010409495168372206
-186.079,-0.009576923173725056
-186.04,0.03147802411256033
-186.001,0.018736993741684253
-185.962,0.0040123123617936095
-185.923,-0.003792549651638482
-185.884,0.015970593376332068
-185.845,-0.0048093879795038765
-185.806,0.025494625662272147
-185.767,-0.012866529014168833
-185.729,-0.002397098284714067
-185.69,-0.018083486930072296
-185.651,-0.016398330365379188
-185.612,-0.005015608751595167
-185.573,0.03828206496967348
-185.534,0.02834045764897241
-185.495,-0.012303381787413938
-185.456,0.02767894515674138
-185.417,0.007108567186203566
-185.378,0.0057665519334006935
-185.339,0.01624412900108555
-185.301,-0.00154184104500933
-185.262,-0.035643330771244174
-185.223,-0.018786755943355535
-185.184,-0.030829371480516846
-185.145,0.02935655479746431
-185.106,-0.010956211058610343
-185.067,-0.008335393622133234
-185.028,-0.009086611344745334
-184.989,-0.011921850706526288
-184.95,0.015282500808305857
-184.911,0.024352457551577653
-184.872,-0.01233582078479828
-184.834,-0.004503319302209669
-184.795,-0.01944362490369455
-184.756,-0.017716837635348627
-184.717,0.004152746652456451
-184.678,-0.04323611267010901
-184.639,-0.0049161247182758095
-184.6,-0.0190232081388927
-184.561,0.023187871860099813
-184.522,0.016246362870318182
-184.483,-0.02129291970243531
-184.444,0.0329401804559116
-184.406,-0.010368770310485192
-184.367,0.006727851283827753
-184.328,0.015652165107407138
-184.289,0.0006017288818822054
-184.25,-0.010006922505603297
-184.211,0.028001973556628035
-184.172,-0.029151124079455797
-184.133,-0.007677331515675841
-184.094,-0.03226732855970105
-184.055,-0.0013832998884388261
-184.016,-0.01443356396250516
-183.977,-0.0012377864570445284
-183.939,0.0020685314720420202
-183.9,0.0008026658730269851
-183.861,0.018034107803876768
-183.822,-0.0009580222682938899
-183.783,0.014654554653824663
-183.744,0.0034467327853889146
-183.705,0.005487498655890396
-183.666,0.0067782751498127024
-183.627,0.0015467948796058307
-183.588,-0.013200496864937879
-183.549,0.0065097552012523905
-183.511,0.013902315420744406
-183.472,-0.012708756632881128
-183.433,-0.025035046662227157
-183.394,-0.02238596404026257
-183.355,0.019364554104066546
-183.316,0.005520418090625154
-183.277,-0.0036019276638263823
-183.238,0.012465032503726518
-183.199,0.032841839958320906
-183.16,-0.01029393935978605
-183.121,0.03595345857680205
-183.082,0.0061422673669588885
-183.044,-0.026100071646474765
-183.005,-0.0009503526991155812
-182.966,-0.007069635675569394
-182.927,-0.002458874052575139
-182.888,0.018563641786091965
-182.849,-0.005533188908542169
-182.81,-0.06654011552241831
-182.771,-0.010391380034475364
-182.732,0.000351471409277399
-182.693,-0.01712081634486548
-182.654,-0.026980062071848696
-182.616,0.012926176191614925
-182.577,0.009804665552659431
-182.538,0.025802488384938066
-182.499,0.008555034856561016
-182.46,-0.007645006788132789
-182.421,-0.005228520712491505
-182.382,0.00119429356524608
-182.343,-0.009023957803762675
-182.304,0.04199738741341396
-182.265,0.007752072301820076
-182.226,-0.0365532493589998
-182.188,-0.005062870120223675
-182.149,-0.008867930707735967
-182.11,-0.037152300537944265
-182.071,0.0035162108398040723
-182.032,0.0030136405833716268
-181.993,-0.030928861323238247
-181.954,0.02286723791186178
-181.915,0.022706121705976814
-181.876,0.007013653554295313
-181.837,-0.005150533385939334
-181.798,-0.0025089002168627835
-181.759,0.021258320345995077
-181.721,-0.03561645410734853
-181.682,-0.033992043963139616
-181.643,0.04944743396328449
-181.604,0.01983748257530704
-181.565,0.011145943762025696
-181.526,-0.015108229067299955
-181.487,0.008148441217132058
-181.448,-0.031140896026398537
-181.409,-0.018206474591121832
-181.37,-0.011675356946989991
-181.331,0.010818831593990729
-181.293,-0.031852522246471913
-181.254,0.00833542765660489
-181.215,-0.003145409586268544
-181.176,0.007672549995300785
-181.137,-0.006254935630316491
-181.098,0.033895503035621125
-181.059,-0.003944520198625336
-181.02,0.023690257196589463
-180.981,0.0050173156940450945
-180.942,-0.0042675954187174625
-180.903,0.002343777051810502
-180.864,-0.0057674020879442105
-180.826,-0.0029132997244437665
-180.787,-0.02517197778141997
-180.748,-0.0564039691988909
-180.709,-0.024082246608502927
-180.67,0.01740592195526613
-180.631,0.011776268928333564
-180.592,-0.0482563437011614
-180.553,0.015576922553225053
-180.514,0.0015416201398001554
-180.475,0.009556649266654008
-180.436,-0.0411734598229708
-180.398,0.019614387681246737
-180.359,-0.00025889289689286395
-180.32,0.01948952505631446
-180.281,0.012927336112920722
-180.242,-0.025988542427182234
-180.203,-0.02725510447539752
-180.164,-0.028783108751435423
-180.125,-0.03824174759453343
-180.086,-0.011866006052051337
-180.047,-0.008166241427009821
-180.008,0.03842807329289148
-179.969,-0.024534854882331366
-179.931,0.02869315961713577
-179.892,0.009194741024712433
-179.853,0.012833031688601677
-179.814,0.00184167098080919
-179.775,0.00037726946874303176
-179.736,0.016438352842302172
-179.697,0.002203067454196671
-179.658,-0.02021742892875289
-179.619,-0.004257075035353579
-179.58,-0.0209636151015648
-179.541,0.016596437370553198
-179.503,0.01122110110937038
-179.464,0.016224824370517706
-179.425,-0.032739021792746056
-179.386,-0.014044874533528536
-179.347,0.012488046649205024
-179.308,-0.029863219049223247
-179.269,-0.010738381145097614
-179.23,0.0016876127375199737
-179.191,-0.010755483030616544
-179.152,-0.010719367361126227
-179.113,0.00944357693284799
-179.075,-0.027322154677651582
-179.036,0.030021332753888845
-178.997,-0.018108615070593834
-178.958,0.03085903761209074
-178.919,0.016252128571834633
-178.88,-0.020599487330547037
-178.841,-0.024243164833649685
-178.802,0.004026866661366057
-178.763,-0.008806767862979792
-178.724,0.0016387171464609454
-178.685,-0.016677404416811245
-178.646,0.0009748061350270103
-178.608,-0.023059985903148995
-178.569,0.0037562844190732296
-178.53,0.013203101446617073
-178.491,0.041149502204625384
-178.452,0.0006112787365216768
-178.413,0.04504377394936113
-178.374,0.016222339804036492
-178.335,-0.0027430798971755346
-178.296,-0.011471877041086641
-178.257,-0.007526251433207395
-178.218,0.005067595787864146
-178.18,0.00844266396636012
-178.141,-0.010918713763284245
-178.102,-0.036584501955884405
-178.063,-0.014066459039599563
-178.024,-0.003562007120208721
-177.985,-0.014819205909647139
-177.946,0.013123947643132777
-177.907,-0.006198007272348527
-177.868,-0.040605386649572195
-177.829,-0.009279636051751729
-177.79,0.026180637971480403
-177.751,-0.009488512853856679
-177.713,0.007230166205512019
-177.674,-0.005331047037463635
-177.635,0.019897928940550397
-177.596,0.004562650482760241
-177.557,-0.007863710015057661
-177.518,0.0010941180044767278
-177.479,-0.005590365076615351
-177.44,0.02646221030922328
-177.401,0.007228397329825862
-177.362,0.015087427875567622
-177.323,-0.025134234484845357
-177.285,0.017487310622390007
-177.246,-0.021292196769550343
-177.207,-0.010376288732254822
-177.168,-0.016657547478360433
-177.129,0.010619617113039772
-177.09,-0.008558470679480786
-177.051,-0.01505284580227869
-177.012,-0.035966413172512826
-176.973,-0.016465821204042677
-176.934,0.005119306903563058
-176.895,-0.013085938398726142
-176.857,0.013072077624090088
-176.818,0.01476574853747618
-176.779,-0.011716133493978428
-176.74,0.011004661207925
-176.701,0.00635883763867417
-176.662,-0.002721218441663408
-176.623,0.014213186005498545
-176.584,0.009515452489808295
-176.545,-0.016329912732664067
-176.506,0.01007570949071174
-176.467,0.048544444410636066
-176.428,0.010220671816725979
-176.39,-0.03296337339186428
-176.351,0.01369037565056734
-176.312,-0.036293588745275926
-176.273,-0.012288926648346632
-176.234,-0.01481871410113756
-176.195,-0.0007748621699078424
-176.156,-0.02271089273436007
-176.117,0.020635638616230766
-176.078,-0.001129217813778444
-176.039,-0.03001775253099075
-176.0,-0.002342874111843321
-175.962,0.014379474895114553
-175.923,-0.0188504100095779
-175.884,0.0030770340465692617
-175.845,0.006159589298318979
-175.806,-0.025843608928470152
-175.767,0.014063760019315773
-175.728,0.015549978068017709
-175.689,0.01757808984473044
-175.65,-0.0013527431370414528
-175.611,-0.01692037140780515
-175.572,-0.02420152455445344
-175.533,0.004923600206608503
-175.495,0.011855551680007825
-175.456,-0.004744192687588262
-175.417,0.03235704847416512
-175.378,0.011113888892733615
-175.339,0.01196551409492715
-175.3,0.02737659490027295
-175.261,-0.042598791983837245
-175.222,-0.01893036313886249
-175.183,-0.01576195243131784
-175.144,-0.0006537788549880082
-175.105,0.011595896728001563
-175.067,-0.01808479239454549
-175.028,-0.006670857058354561
-174.989,-0.01962231202820456
-174.95,0.013840484159065714
-174.911,0.0022599827033524924
-174.872,-0.0032521887089626035
-174.833,-0.009373950501821278
-174.794,0.014202562401853296
-174.755,-0.0024802057860682384
-174.716,0.0011434546314548228
-174.677,0.0027488535837947095
-174.639,-0.002837576976013368
-174.6,-0.03389874568001412
-174.561,0.008411553607407099
-174.522,-0.012574773523559374
-174.483,-0.020608330304409696
-174.444,-0.00481068791278802
-174.405,-0.010990824354553062
-174.366,-0.007500358701347673
-174.327,-0.00952896846931501
-174.288,0.0008288111868086567
-174.249,-0.039887866028387495
-174.21,0.019197380463176882
-174.172,0.024010056941035945
-174.133,0.00931763618893578
-174.094,0.0012448730688926
-174.055,0.02089780207070163
-174.016,0.00671633000785251
-173.977,-0.008838447554766923
-173.938,0.006471181661221729
-173.899,-0.002502273477547232
-173.86,0.007557630632854351
-173.821,0.029698840191889453
-173.782,-0.009263377219915832
-173.744,0.00264976110758348
-173.705,-0.010754751762766235
-173.666,0.01970323578375692
-173.627,-0.012146821468491515
-173.588,0.004222113709803407
-173.549,0.006398413956066503
-173.51,0.016180903477165772
-173.471,0.01450847368290578
-173.432,0.04577400955919353
-173.393,-0.007068008610826386
-173.354,0.017602690226449565
-173.315,0.0021880507253138736
-173.277,-0.020106364131782146
-173.238,-0.0096709650136629
-173.199,-0.009822767125522203
-173.16,0.01084522534815422
-173.121,-0.02054532484252107
-173.082,0.0009675519288058917
-173.043,-0.02781737900381464
-173.004,-0.017938418988354497
-172.965,0.009287025416438098
-172.926,0.01946564691872988
-172.887,-0.03808726390200961
-172.849,0.02930514011445522
-172.81,0.02326094302177109
-172.771,-0.024060081209054257
-172.732,-0.0028853058208642614
-172.693,-0.005834510610167331
-172.654,-0.03342687373403101
-172.615,-0.020412224059549837
-172.576,-0.007780163751366823
-172.537,-0.00654890467377749
-172.498,-0.022366444757385175
-172.459,-0.03094884942592546
-172.42,-0.02397282858156339
-172.382,-0.01650242054245743
-172.343,0.020749695404592754
-172.304,0.025114149819220034
-172.265,-0.02396890598688735
-172.226,-0.033582499840087154
-172.187,0.034171696784769376
-172.148,0.0038863301006337547
-172.109,-0.024417131324783112
-172.07,-0.00418870639370792
-172.031,0.00026820712432031567
-171.992,-0.010607641963494837
-171.954,0.0026910016355638344
-171.915,-0.024180187219692076
-171.876,-0.01343615282277183
-171.837,0.03194989750889516
-171.798,-0.012096832622671999
-171.759,-0.018412466705901836
-171.72,-0.021073905312561276
-171.681,0.022630116496531405
-171.642,0.005422849371356418
-171.603,0.000988939821364408
-171.564,-0.014265316754576826
-171.526,-0.002296802214641543
-171.487,-0.0017425863345906824
-171.448,-0.014326540731953837
-171.409,0.012573398268753748
-171.37,0.040843831876848716
-171.331,0.01527458873383845
-171.292,-0.030475281960282354
-171.253,0.0006300482864625478
-171.214,-0.04887850459567707
-171.175,-0.026686086507889263
-171.136,-0.02237785523453488
-171.097,-0.007472773907955009
-171.059,-0.001616192706233843
-171.02,-0.006597803346595509
-170.981,0.014494044829858046
-170.942,0.03752570155301317
-170.903,0.005684685162092806
-170.864,-0.008313729507299404
-170.825,-0.023908834913001505
-170.786,0.007429100991412822
-170.747,0.008985928297169626
-170.708,0.018944411823885465
-170.669,-0.043161621660418655
-170.631,0.0032905093911747736
-170.592,0.0071642514343831076
-170.553,0.00475444707951933
-170.514,-0.013299044490647734
-170.475,0.05385672287581702
-170.436,0.015140781228953203
-170.397,0.007488619747668698
-170.358,-0.00540960339958068
-170.319,-0.0019333230418730133
-170.28,-0.004479976019906021
-170.241,-0.04574073416957567
-170.202,0.008039783465373426
-170.164,0.006741949949529164
-170.125,-0.0007549962014894479
-170.086,-0.02185131313378195
-170.047,0.010779786603202049
-170.008,-0.016736427875286945
-169.969,0.0034421900804289945
-169.93,-0.006394446635255065
-169.891,0.0024254977490630342
-169.852,-0.010675386869747278
-169.813,-0.005500236756195131
-169.774,0.01907052731676046
-169.736,-0.047083836209376125
-169.697,-0.010453520372530552
-169.658,0.009021447649667065
-169.619,0.01852659013171963
-169.58,-0.026822175358272603
-169.541,-0.00043762148153663437
-169.502,0.034957805665206815
-169.463,-0.0001572581095838823
-169.424,0.00595692091711668
-169.385,0.006832297291159701
-169.346,0.014215704529558865
-169.307,-0.011171367116741788
-169.269,0.0029082606715546437
-169.23,0.00011623306805049263
-169.191,0.01655221723198566
-169.152,0.019433641187706345
-169.113,-0.01360438737455991
-169.074,-0.011085825158045936
-169.035,-0.012066779014051864
-168.996,0.010292418289511492
-168.957,0.0072482464504023975
-168.918,-1.3789737579161104e-06
-168.879,0.0016114443693966765
-168.841,0.03898072325312778
-168.802,0.027813827510320747
-168.763,-0.004725361575534787
-168.724,0.04112570718405821
-168.685,-0.02298260049780837
-168.646,0.019377471797269428
-168.607,-0.04504016943014504
-168.568,-0.011887313009254157
-168.529,-0.02854527837884747
-168.49,-0.008136905141845615
-168.451,0.016663287845797126
-168.413,-0.01053209730418396
-168.374,-0.012845505356426222
-168.335,0.003414314563054753
-168.296,-0.007673377972911758
-168.257,0.0001887363954191333
-168.218,-0.0265650928258258
-168.179,0.004438894764830157
-168.14,0.0014015335896763823
-168.101,0.017919641995616287
-168.062,0.023942285325696252
-168.023,0.01294246197556773
-167.984,0.017593047598754928
-167.946,0.005917814173298706
-167.907,0.030936853509648074
-167.868,-0.023990828170929183
-167.829,-0.012190874561870547
-167.79,0.04645039589056386
-167.751,0.011646983541181058
-167.712,-0.015350175469718601
-167.673,0.006254153378724896
-167.634,-0.007324181396922251
-167.595,0.011212281975977522
-167.556,-0.021738883891624452
-167.518,0.00660488942717095
-167.479,0.016244550792772955
-167.44,-0.012013924690125015
-167.401,0.021457076239266737
-167.362,-0.013425686154423494
-167.323,-0.007237562362673726
-167.284,0.0024253479583890344
-167.245,-0.007670210254357398
-167.206,0.0062567842015070416
-167.167,-0.024580759417331746
-167.128,0.005670233268759416
-167.089,0.03357576029287815
-167.051,-0.023684949781996072
-167.012,-0.0037273342511706005
-166.973,-0.020875362243997733
-166.934,-0.02151219779097361
-166.895,-0.017924405097896886
-166.856,-0.004637336306909837
-166.817,-0.00844714538353438
-166.778,-0.010981907014145134
-166.739,0.014190203244780243
-166.7,-5.1364722526054535e-05
-166.661,-0.004380946707654217
-166.623,-0.04074158049633512
-166.584,-0.0031394128932578976
-166.545,0.009418187638909843
-166.506,0.002647472240047713
-166.467,0.0014887799677053273
-166.428,0.0020364383698132592
-166.389,0.018562959356448618
-166.35,0.010378115634055447
-166.311,0.008940288009424022
-166.272,0.023465149118249238
-166.233,0.0017217210403126827
-166.195,-0.03095507074112195
-166.156,-0.022357606995963362
-166.117,0.016924394527622302
-166.078,-0.009033298716866664
-166.039,0.016769226312382965
-166.0,0.0028947787896010497
-165.961,0.017912116509088995
-165.922,0.022860363465981137
-165.883,-0.0236302901080289
-165.844,-0.0007526214455572649
-165.805,0.002926342663591975
-165.766,-0.012684128394733284
-165.728,0.01756252273149591
-165.689,0.006561987579649091
-165.65,-0.014719690798238294
-165.611,-0.0011467830918675702
-165.572,0.005943717892005508
-165.533,-0.011530379920311716
-165.494,0.002835564462662854
-165.455,-0.0014485464929998408
-165.416,0.0021775177113776724
-165.377,-0.008338537504880224
-165.338,0.02183694829390242
-165.3,0.015331398989524212
-165.261,-8.963565463831862e-05
-165.222,-0.004917921182066049
-165.183,0.01655807168558425
-165.144,0.021056701485105765
-165.105,-0.0059787443112306144
-165.066,0.03451896636270156
-165.027,-0.023654356562871893
-164.988,0.025060158358141266
-164.949,-0.005089813964909648
-164.91,0.028422571174099666
-164.871,-0.023296899720427373
-164.833,0.0017016176654531742
-164.794,-0.0031221969410691938
-164.755,-0.012621844948137024
-164.716,-0.002807739194019109
-164.677,-0.016141806193028206
-164.638,0.0009449035728776823
-164.599,-0.0330008836911371
-164.56,-0.02448476435581818
-164.521,-0.04065520371371521
-164.482,0.02157194282267129
-164.443,0.008914564437127135
-164.405,-0.018221045310116205
-164.366,-0.013209815446776539
-164.327,-0.00703252421703435
-164.288,0.027331104776999356
-164.249,-0.0006751125240657095
-164.21,0.01275803180393243
-164.171,0.03373893675600971
-164.132,-0.011262117378445714
-164.093,-0.008231201006464258
-164.054,-0.019771552108405435
-164.015,-0.009951215056414511
-163.977,-0.00405968071708709
-163.938,0.00312575809347771
-163.899,0.01709924446361341
-163.86,-0.01952778436508233
-163.821,0.010622533630201351
-163.782,-0.0035045344342753137
-163.743,-0.007612588977975665
-163.704,-0.0008369813231037457
-163.665,0.01879445769344918
-163.626,0.013883675964115902
-163.587,-0.02177517780148988
-163.548,0.012783818088644174
-163.51,-0.032139151253352385
-163.471,0.023151126220795373
-163.432,-0.007152982673748249
-163.393,0.005442652579601584
-163.354,-0.025514169534072234
-163.315,0.0010260561675737908
-163.276,0.03216938694694253
-163.237,0.007718418312812944
-163.198,0.011704035346798964
-163.159,0.007478220320256371
-163.12,-6.04920175382535e-05
-163.082,-0.0025861764746246017
-163.043,-0.018216968541220884
-163.004,-0.013231597531137165
-162.965,-6.621366993216082e-05
-162.926,0.0268661582053378
-162.887,-0.040581880458545785
-162.848,0.032817029546360614
-162.809,0.0007482974490114062
-162.77,0.023785355232991464
-162.731,-0.009264659257329454
-162.692,-0.004398097916997755
-162.653,-0.030357538990753795
-162.615,0.004611611861238634
-162.576,0.0033681248453221037
-162.537,0.02547748079902469
-162.498,-0.020487472868538265
-162.459,0.011625928788475352
-162.42,0.0070062246307244945
-162.381,-0.006336923228926275
-162.342,0.02301687812418173
-162.303,0.0039918822306450105
-162.264,0.003113337089705689
-162.225,0.013375263002518423
-162.187,0.021647474645565778
-162.148,0.009067102234352536
-162.109,0.018553480753422735
-162.07,-0.012430484733562498
-162.031,0.056593581282386715
-161.992,-0.026086676141855246
-161.953,-0.02701126794768064
-161.914,0.020364759270189638
-161.875,0.005097723848510981
-161.836,-0.03739949742892831
-161.797,-0.049782884335462504
-161.758,0.03029379842933062
-161.72,0.0007172399629304929
-161.681,-0.013535310577034372
-161.642,-0.021753944689972663
-161.603,-0.007134744196223392
-161.564,-0.0189552815327459
-161.525,-0.008000215888555848
-161.486,0.020113595879324167
-161.447,-0.03202061974636367
-161.408,0.011402763302596455
-161.369,0.01280942551544496
-161.33,0.0015953174245437341
-161.292,-0.0005013043745812802
-161.253,0.00661912632358008
-161.214,0.0196338578930054
-161.175,0.011529495769720753
-161.136,-0.007029680951112166
-161.097,0.012874619139274238
-161.058,0.013445038335822267
-161.019,-0.0020909466341119064
-160.98,0.022847020237721196
-160.941,-0.010346832601601946
-160.902,0.029716679068506818
-160.864,-0.01950240644621043
-160.825,0.005704369780841569
-160.786,0.021160533256091633
-160.747,0.013407236600585593
-160.708,-0.010649679370867953
-160.669,-0.04736148822726568
-160.63,-0.00860275534868151
-160.591,-0.027975942928937323
-160.552,-0.006770845899311609
-160.513,-0.018701592665903228
-160.474,-0.0024872761323402846
-160.435,-0.02020194071899968
-160.397,-0.02273334767782032
-160.358,-0.011664257378770363
-160.319,-0.0009865654587623424
-160.28,-0.015572924253259145
-160.241,0.03581352142175839
-160.202,-0.030036615288572356
-160.163,-0.003158893574095162
-160.124,0.04126977854656952
-160.085,2.0896315947656124e-05
-160.046,-0.02317200884440477
-160.007,0.01294432183776497
-159.969,0.041323850406224265
-159.93,0.0004777090133732389
-159.891,0.017242939535261893
-159.852,0.0016488120490709838
-159.813,-0.0007178122263163129
-159.774,0.001899488481869881
-159.735,-0.008202927362187815
-159.696,0.053747254845764966
-159.657,-0.026269447735839228
-159.618,0.01332378936007695
-159.579,-0.014260210613038858
-159.54,-0.019611820656856405
-159.502,-0.016467812770746076
-159.463,-0.03802942276882962
-159.424,-0.011292359875887111
-159.385,-0.02244036646197243
-159.346,-0.024195200449322215
-159.307,-0.021196178314130662
-159.268,0.019384287880871123
-159.229,-0.0003455020470826183
-159.19,0.009216328871608673
-159.151,0.02387265369446821
-159.112,0.03959415406882165
-159.074,-0.0004092879298618086
-159.035,0.012311413227340456
-158.996,0.026286087909771882
-158.957,0.008218633669783044
-158.918,-0.011341294461350244
-158.879,-0.002753766835911005
-158.84,-0.025225470521917075
-158.801,0.009041917741974388
-158.762,0.010077862544594567
-158.723,0.004125989059222162
-158.684,-0.031242217000116285
-158.646,-0.002096860570060863
-158.607,-0.01602600921525727
-158.568,-0.036176886397239746
-158.529,-0.01670273522339437
-158.49,0.01515056035592419
-158.451,-0.030562674903140435
-158.412,0.010495393854049217
-158.373,0.02686225629217391
-158.334,-0.02585479698682504
-158.295,0.024028182247276316
-158.256,-0.00697460562406279
-158.217,-0.02021968101081737
-158.179,-0.01604399217545641
-158.14,0.018622109055179276
-158.101,0.01839859276491213
-158.062,0.005492687540552953
-158.023,-0.023448794657314042
-157.984,-0.03224390701529876
-157.945,0.0242598108648912
-157.906,-0.00592741142373596
-157.867,0.024250198104810362
-157.828,0.04612815005683292
-157.789,0.006573576248779144
-157.751,-0.02391243910164532
-157.712,-0.016348034731993158
-157.673,-0.026067961863703432
-157.634,0.03068162201863995
-157.595,0.01486720843700425
-157.556,-0.036257305389346496
-157.517,0.0033683526281862845
-157.478,0.01292858341432801
-157.439,-0.010862037464698326
-157.4,-0.02395059436054039
-157.361,-0.015353762981698953
-157.322,-0.012378722953075036
-157.284,-0.01027029555213499
-157.245,0.014519797736446412
-157.206,-0.03506878245468737
-157.167,-0.022122745576835554
-157.128,0.005655990097519141
-157.089,0.016294660180335596
-157.05,0.021175609077548764
-157.011,-0.016094804493504963
-156.972,-0.00374841822304855
-156.933,-0.034585079277401884
-156.894,-0.009897550210672096
-156.856,0.014155202634863239
-156.817,0.02460823886601318
-156.778,0.004562011962796214
-156.739,0.0035235023909490223
-156.7,0.010831656881351355
-156.661,0.031996825852306635
-156.622,-0.014033447691776585
-156.583,-0.008084313962353564
-156.544,-0.007783839136543251
-156.505,-0.035798291685370416
-156.466,-0.018848077326016687
-156.427,0.0012926722452043758
-156.389,-0.03270712952854564
-156.35,-0.020599070125274985
-156.311,-0.00016839158069489706
-156.272,-0.010174735140411045
-156.233,-0.028688911061576484
-156.194,0.015103595956018213
-156.155,-0.011182344769063473
-156.116,-0.022438226385067477
-156.077,-0.012269558519623
-156.038,-0.01113641635887735
-155.999,-0.011885308984931236
-155.961,0.005428122089001713
-155.922,-0.022990340896337037
-155.883,-0.0033069396872711723
-155.844,0.010788937554521367
-155.805,0.0013241108796199852
-155.766,0.04492211157142022
-155.727,-0.006984887180220691
-155.688,-0.0014472292673200476
-155.649,-0.004238237481021766
-155.61,0.0108702064754704
-155.571,-0.013669127701217034
-155.533,0.003545427288255999
-155.494,0.04168982075352931
-155.455,-0.0019561039534364355
-155.416,0.0209790761345638
-155.377,-0.017773065217984035
-155.338,-0.0036389635354468434
-155.299,0.05735474504689628
-155.26,0.014798120346456986
-155.221,0.003913644497109183
-155.182,0.024026898383066063
-155.143,-0.01280989480104882
-155.104,-0.0008544071297244165
-155.066,0.0035666975540595593
-155.027,0.03438362082094428
-154.988,-0.019546525621586618
-154.949,-0.00843913084503228
-154.91,-0.002321662013002535
-154.871,-0.006633962382947048
-154.832,0.023265344915881003
-154.793,0.020647969453346342
-154.754,0.015292372688987282
-154.715,0.005936592386844205
-154.676,0.009143015369120853
-154.638,-0.014145828424574163
-154.599,0.0029893267780586328
-154.56,-0.02172923493586286
-154.521,-0.021665719790386152
-154.482,0.013841729667724791
-154.443,0.007246222239300408
-154.404,-0.01588337686059325
-154.365,0.01921267892338286
-154.326,-0.04885845180042585
-154.287,-0.014689232446324503
-154.248,-0.028139129196530707
-154.209,0.0071775902165520915
-154.171,-0.022468649876705153
-154.132,-0.018823685241724647
-154.093,-0.011566892557990004
-154.054,0.026798183474225114
-154.015,0.002910471357645243
-153.976,0.020085701389258866
-153.937,-0.020780760435983568
-153.898,-0.015622884782375538
-153.859,-0.02493389009757996
-153.82,0.026335475820299863
-153.781,-0.015916465026198333
-153.743,-0.04105024527940323
-153.704,0.031130917656829737
-153.665,-0.002721686098205798
-153.626,0.008074420835308103
-153.587,0.06046853589358821
-153.548,-0.009842903489918162
-153.509,-0.02281637299723671
-153.47,0.0029671728523513385
-153.431,-0.05360577109443344
-153.392,-0.0008753714904224351
-153.353,0.017502172121076125
-153.314,0.021559949768494218
-153.276,0.007872849840627597
-153.237,0.021916872593631953
-153.198,0.016554329851005547
-153.159,0.0052273340145784514
-153.12,-0.012277898089890889
-153.081,-0.00027846072420140925
-153.042,-0.025108720834556512
-153.003,-0.027007902595372987
-152.964,0.008101563110274018
-152.925,-0.038300794248707457
-152.886,0.010782192561897712
-152.848,-0.002137026483769914
-152.809,-0.016599779901758357
-152.77,-0.009799365298411985
-152.731,0.019758830578502255
-152.692,-0.009575702245351758
-152.653,0.022922667542483115
-152.614,0.011839356636933557
-152.575,0.038012660240763115
-152.536,0.0015611142312584468
-152.497,-0.00017284270276740447
-152.458,-0.011821293155293656
-152.42,0.018739109029931127
-152.381,0.015495106019424429
-152.342,-0.03439063186454193
-152.303,0.007124746687122884
-152.264,-0.011316806710870214
-152.225,-0.0013610006494875072
-152.186,0.040664501693467386
-152.147,-0.006868598092328648
-152.108,-0.0033183782042699277
-152.069,0.01952790768522397
-152.03,0.005371434622088363
-151.991,0.012286811575990458
-151.953,-0.019509598667334503
-151.914,-0.03541316727511537
-151.875,0.008894447463781019
-151.836,0.006756646294597389
-151.797,-0.024701074264498774
-151.758,-0.012726007656607637
-151.719,0.014267773403929184
-151.68,-0.004462290341528029
-151.641,0.016508880301989926
-151.602,0.021380306467473863
-151.563,0.01767903577700391
-151.525,0.026582950842373703
-151.486,0.0336177334723811
-151.447,0.0076078663780632366
-151.408,-0.012269087198565258
-151.369,-0.01446188962326965
-151.33,0.026908636438768938
-151.291,-0.0019486369898067389
-151.252,0.010389022619481311
-151.213,-0.012275167119375442
-151.174,-0.041706579647903044
-151.135,0.03702040058795177
-151.096,0.0173500029881295
-151.058,-0.022491130010668298
-151.019,-0.01672862293817749
-150.98,0.05053603706362217
-150.941,0.01303116954384062
-150.902,-0.0004188403883770512
-150.863,0.03970801740738904
-150.824,0.029812971871906253
-150.785,-0.042107872249309
-150.746,0.0026165783683336063
-150.707,-0.01843049960117082
-150.668,-0.00096389336872119
-150.63,0.01938700422495095
-150.591,-0.024443688471602457
-150.552,-0.006046907712908091
-150.513,0.024955003989283714
-150.474,-0.008799456374919412
-150.435,-0.015680108781445313
-150.396,-0.004328553621021327
-150.357,-0.026366954617398228
-150.318,-0.017889936088865556
-150.279,0.0072033955881102806
-150.24,-0.005216755751816446
-150.202,0.006305346583839539
-150.163,0.002631093131983962
-150.124,-0.0453577988299622
-150.085,0.053594454704076575
-150.046,0.008673426826897502
-150.007,0.014018180391602127
-149.968,0.009174585068980489
-149.929,-0.004677665698862513
-149.89,0.028447248703901112
-149.851,0.014848484481308488
-149.812,0.007440089390162304
-149.773,0.007077816828801948
-149.735,-0.015539229004076631
-149.696,0.05272597116665085
-149.657,-0.018939949399612167
-149.618,-0.0036382167947223275
-149.579,-0.00013626692576527988
-149.54,0.01220211191128191
-149.501,-0.012837779454197264
-149.462,-0.008721300047340726
-149.423,-0.0295459972851292
-149.384,-0.031072355365953805
-149.345,-0.03142636855782353
-149.307,-0.006481391923037825
-149.268,-0.015405990504559194
-149.229,0.011334949147356454
-149.19,0.01676620672286857
-149.151,-0.027779425215446376
-149.112,-0.017760587694975363
-149.073,-0.0014612125316553828
-149.034,-0.010976052286239686
-148.995,-0.011085588851706575
-148.956,-0.007552162829921723
-148.917,-0.02007575542783375
-148.878,-0.000542537651685198
-148.84,0.028222909454447723
-148.801,-0.0018250675945043304
-148.762,-0.036839839069034055
-148.723,0.0074457598488237645
-148.684,0.01497547655271366
-148.645,0.013502638875475396
-148.606,-0.014293164900883754
-148.567,0.03508996912208559
-148.528,0.016154054465496906
-148.489,0.038506439062606146
-148.45,0.004704625727776805
-148.412,-0.014036993450463334
-148.373,0.014599006175552218
-148.334,0.017096976134605653
-148.295,0.00442772539633983
-148.256,-0.0029356455853087556
-148.217,-0.008579842600675099
-148.178,-0.019846916448727166
-148.139,-0.010747486357501123
-148.1,-0.013265861525818518
-148.061,0.013795692202649996
-148.022,-0.00023420632458775147
-147.984,0.0021261169045826106
-147.945,-0.01672229212333847
-147.906,0.0007542237353083134
-147.867,-0.0017686101308839763
-147.828,-0.03346977453334154
-147.789,-0.002706727253320258
-147.75,-0.007424255520240824
-147.711,0.02185649305425099
-147.672,0.004525752691502525
-147.633,-0.04795483291497919
-147.594,0.025882492223783173
-147.555,0.003058848032556549
-147.517,-0.00620367409197708
-147.478,-0.0031748074983617616
-147.439,-0.009813884343576587
-147.4,-0.00621244520420223
-147.361,-0.012133133337249802
-147.322,-0.001936403708036446
-147.283,0.005196051969845875
-147.244,-0.010382532932858813
-147.205,-0.0027078459700607465
-147.166,-0.008310912503187834
-147.127,-0.009416789945334344
-147.089,0.00010453720694319222
-147.05,0.004576718871018867
-147.011,0.002107706084195096
-146.972,-0.02626697132710742
-146.933,0.0006953426943078125
-146.894,-0.024288262239775874
-146.855,0.02921028270768947
-146.816,-0.003432241783922209
-146.777,-0.008360628263248217
-146.738,0.02250357327403329
-146.699,-0.013288652528855558
-146.66,-0.019932257347703656
-146.622,0.0005194328016777851
-146.583,-0.02904380149099619
-146.544,0.038008505934376484
-146.505,0.025274070010552572
-146.466,-0.01679569842135322
-146.427,-0.007464657316847109
-146.388,0.030601263725766527
-146.349,-0.024896560792463548
-146.31,-0.00884095899364459
-146.271,0.012299535208704778
-146.232,-0.008758776699826134
-146.194,-0.010450649461926753
-146.155,0.025936344439012125
-146.116,0.003960979847058515
-146.077,0.02924842775881382
-146.038,0.005844261446419535
-145.999,-0.022700646645522318
-145.96,0.006711321142245059
-145.921,-0.0018251016119448706
-145.882,0.0014893831758069796
-145.843,-0.02930466432848194
-145.804,0.022408352594175694
-145.766,0.02322554784200877
-145.727,0.007043296091321112
-145.688,-0.0006262662556828051
-145.649,-0.009122748716281676
-145.61,0.025191404954201975
-145.571,-0.021932286960939466
-145.532,-0.007413804695354185
-145.493,0.020087290095446513
-145.454,0.0312817407475098
-145.415,-0.029980128307008604
-145.376,0.003036360047111681
-145.337,-0.003338277139167832
-145.299,0.016721299695551486
-145.26,0.007037158590102812
-145.221,-0.00951080729973991
-145.182,-0.022750033570091727
-145.143,-0.04074490391737404
-145.104,-0.003752087888307106
-145.065,0.039663978257894375
-145.026,-0.033971805933498356
-144.987,-0.0132734340068499
-144.948,-0.01916112801547089
-144.909,-0.00254084469352084
-144.871,0.044294952381709135
-144.832,0.0060813716379270345
-144.793,0.016935937988830575
-144.754,-0.015313750270410369
-144.715,0.0033533217965751
-144.676,-0.012950168949377408
-144.637,0.024066840832887182
-144.598,0.013468532474733258
-144.559,-0.008313031973786454
-144.52,0.023303597041457194
-144.481,0.0011191442526084275
-144.442,0.010096509985954695
-144.404,0.055489949246028486
-144.365,-0.006996598946280784
-144.326,-0.014458760971305374
-144.287,-0.006855832587370259
-144.248,0.011365181123375742
-144.209,-0.0004704897416441343
-144.17,0.0047622105555498485
-144.131,-0.014989905405119214
-144.092,-0.04216046526174429
-144.053,-0.004931905370352766
-144.014,0.02136781621292561
-143.976,0.018576511546093764
-143.937,-0.005108545196642281
-143.898,0.005733878700493291
-143.859,-0.005569129248043636
-143.82,-0.013107054784070492
-143.781,0.017338829887715144
-143.742,0.0053463087611409655
-143.703,0.007417630674892842
-143.664,-0.022981089894681853
-143.625,0.022375303391540105
-143.586,-0.006962371205827756
-143.547,0.012180274088058812
-143.509,0.018793935672708303
-143.47,-0.007811725778245057
-143.431,-0.024973636932568544
-143.392,-0.004349843659210876
-143.353,-0.006691387737200108
-143.314,-3.056394700347298e-05
-143.275,0.016835161775696446
-143.236,-0.00855258100946301
-143.197,-0.0032027297075954133
-143.158,0.014040897575153442
-143.119,0.008980067940895866
-143.081,0.0034350565106856454
-143.042,-0.014934990091032841
-143.003,-0.015570969812204731
-142.964,-0.07100299443410676
-142.925,0.008707877876276634
-142.886,-0.012262489155529837
-142.847,-0.009782901307812609
-142.808,0.01275222327438128
-142.769,0.02538555620221091
-142.73,-0.013426172993315572
-142.691,-0.017433940641447744
-142.653,0.0016886126862429257
-142.614,0.011435173059903405
-142.575,0.026737329592512456
-142.536,-0.007108382478377984
-142.497,-0.011895303833848861
-142.458,-0.018993215742034806
-142.419,-0.031637646192452865
-142.38,-0.016933640395306503
-142.341,-0.046850104354943765
-142.302,0.00411266238392625
-142.263,0.02089340042555074
-142.224,-0.01770475254249672
-142.186,-0.022866772681119876
-142.147,0.0044975115674176945
-142.108,-0.034822276185308754
-142.069,-0.01855186377600399
-142.03,0.017226923687353648
-141.991,-0.0013072606660317794
-141.952,-0.004988553889657675
-141.913,0.014526443314151967
-141.874,-0.003348196302321942
-141.835,0.02831684471201554
-141.796,-0.01302694542389032
-141.758,0.00209347183251483
-141.719,0.005083580633713156
-141.68,0.01687819855881029
-141.641,-0.007327977288327105
-141.602,-0.002768449237313511
-141.563,-0.026564824313683465
-141.524,-0.026901816921258835
-141.485,-0.013320924733159684
-141.446,0.03070682584471989
-141.407,-0.01566117670316005
-141.368,0.013249370591447132
-141.329,-0.0002472134870590368
-141.291,-0.019264934904936373
-141.252,-0.021555858000068498
-141.213,0.0189899380725102
-141.174,0.012111393033371859
-141.135,0.02262033694781611
-141.096,-0.004300353769604929
-141.057,-0.027299913387951152
-141.018,0.01050880081750099
-140.979,0.024441840053651413
-140.94,-0.02362651086037113
-140.901,0.005755677626838505
-140.863,-0.022423445284725327
-140.824,0.0027778420560361757
-140.785,-0.024379294116184936
-140.746,-0.006713777297788154
-140.707,-0.021429156060852748
-140.668,-0.001325449537903355
-140.629,0.018410843174086772
-140.59,-0.0026724371294243607
-140.551,-0.009210173880320274
-140.512,0.023253685904190996
-140.473,0.004270219330762334
-140.434,0.009963386472068528
-140.396,-0.02874861557740134
-140.357,0.024617789098928738
-140.318,-0.02618305337570131
-140.279,0.037735043237728735
-140.24,0.0045877110282559405
-140.201,-0.00929063504964121
-140.162,0.012517102746832869
-140.123,-0.012609916660498276
-140.084,0.04395777283591141
-140.045,0.0035720944595423443
-140.006,0.05150701213985717
-139.968,0.01603409953349037
-139.929,-0.03452780549134645
-139.89,-0.010822665235811314
-139.851,0.05512298611996047
-139.812,-0.0019994504118522618
-139.773,-0.05660971400706234
-139.734,0.025161735473697863
-139.695,-0.004997118342839205
-139.656,-0.023636705305562583
-139.617,-0.003271126591697631
-139.578,0.007080998831307534
-139.54,0.008902260233040594
-139.501,-0.036650499217699375
-139.462,-0.015432713154555222
-139.423,-0.04607656588791649
-139.384,0.010130180896830274
-139.345,0.02148519061486704
-139.306,0.01111398512931775
-139.267,-0.00011768754220994968
-139.228,-0.013869362599004537
-139.189,0.019861876959296986
-139.15,-0.012999110628225436
-139.111,-0.024186528698081036
-139.073,0.02117590068460542
-139.034,-0.003164564897359022
-138.995,0.0041614825610708905
-138.956,-0.00415048774986569
-138.917,-0.03030674473310548
-138.878,-0.007799981434249476
-138.839,-0.003125696307642067
-138.8,-0.00936163072083147
-138.761,-0.02994731804606535
-138.722,-0.01506849013564815
-138.683,0.01625755885433906
-138.645,-0.006514347942823814
-138.606,-0.01497860379657138
-138.567,-0.04965841872917013
-138.528,-0.0013036990737124322
-138.489,-0.00963826800311833
-138.45,0.016882494911929172
-138.411,0.013652460506783343
-138.372,-0.03402763289144494
-138.333,0.0024454000509286124
-138.294,-0.022559381455428094
-138.255,0.024583597058024247
-138.216,-0.030428313812981556
-138.178,0.008898825724273168
-138.139,0.01157903030826309
-138.1,0.006530865368825625
-138.061,0.020777907683416447
-138.022,-0.00596817447825082
-137.983,-0.0015087265868573172
-137.944,0.008487475979822107
-137.905,-0.010233036585804841
-137.866,-0.00869012194551019
-137.827,0.014235448953014939
-137.788,0.020236357722263905
-137.75,-0.019323705196777216
-137.711,0.027216411139064693
-137.672,0.02507562041182134
-137.633,0.00496233958102439
-137.594,-0.0007726654413015804
-137.555,-0.013502927817895388
-137.516,0.01866674774405795
-137.477,0.007952238844022921
-137.438,-0.05102569974509778
-137.399,0.004973809705327299
-137.36,-0.018944993985924866
-137.322,-0.01814557600764756
-137.283,0.03447403980770275
-137.244,0.020903046123217046
-137.205,-0.005132154845276311
-137.166,0.02261189962031352
-137.127,0.008606313857399463
-137.088,-0.024644979813664418
-137.049,-0.032103376243447945
-137.01,-0.002782772594579994
-136.971,-0.0023238547534609874
-136.932,0.017206645380958722
-136.893,-0.005815404073180772
-136.855,-0.0038619511119826356
-136.816,-0.012507505802395819
-136.777,-0.01726575890765358
-136.738,0.00950434204181802
-136.699,0.008584426696193396
-136.66,-0.026262637320573073
-136.621,-0.0037495630513321074
-136.582,0.03143478335684807
-136.543,-0.003068629166184911
-136.504,-0.010849707701357977
-136.465,0.021232154231170454
-136.427,-0.006590170618646507
-136.388,-0.012130861934224253
-136.349,0.025691941254150998
-136.31,0.02688774576243811
-136.271,0.018330416817051352
-136.232,0.005638207177624289
-136.193,0.00036019096330476216
-136.154,-0.021140610776559057
-136.115,-0.018068906226201435
-136.076,-0.009913793438952278
-136.037,-0.028967728064442443
-135.998,0.01590473644477382
-135.96,0.005245340372951284
-135.921,0.023156032258686825
-135.882,0.0050516249663278626
-135.843,0.03172089303121303
-135.804,-0.04112484872617881
-135.765,-0.03664117615449767
-135.726,-0.04451088384426534
-135.687,-0.011321396522779083
-135.648,-0.00822601080461996
-135.609,-0.009142381201283493
-135.57,-0.033246257620660295
-135.532,0.017376694008403946
-135.493,-0.005773905787168019
-135.454,-0.02375817263787611
-135.415,-0.021561925253335834
-135.376,0.032384409313657755
-135.337,-0.011511714019785145
-135.298,0.011984794203342511
-135.259,-0.021789866324107406
-135.22,0.006000743758382286
-135.181,-0.010192204927989407
-135.142,-0.0047469065110133934
-135.104,-0.01420418698137869
-135.065,0.03959200558432053
-135.026,-0.04384953887276121
-134.987,0.002111537263300596
-134.948,0.008507289815959098
-134.909,-0.0028282123710486667
-134.87,0.02534275989611984
-134.831,-0.003360689018810547
-134.792,-0.019248183717516822
-134.753,0.0007694126751973491
-134.714,-0.01521665759854361
-134.675,-0.022688137073964235
-134.637,0.04010387957800163
-134.598,-0.00832765078715859
-134.559,0.00921325708091069
-134.52,0.021356167789808547
-134.481,-0.017694233784321462
-134.442,-0.0041020861273174235
-134.403,-0.027663357866715366
-134.364,-0.012378802277039937
-134.325,0.02149371994659769
-134.286,-0.009665735359257448
-134.247,0.004852003527749593
-134.209,-0.014515326506817094
-134.17,-0.015785538515298556
-134.131,-0.010794429784125507
-134.092,0.011532128443950804
-134.053,-0.008872512226425058
-134.014,0.029828938667816024
-133.975,-0.006861570663054385
-133.936,-0.006376264201731463
-133.897,0.03441404535667133
-133.858,0.006419411205935942
-133.819,-0.015864999420967384
-133.78,0.009606336070774152
-133.742,-0.04684657907110588
-133.703,0.0024924858996022924
-133.664,0.02588874079092398
-133.625,0.007611654389055195
-133.586,0.0074362116797193215
-133.547,-0.006909430205611846
-133.508,0.04324948804651952
-133.469,0.002710053204565268
-133.43,-0.01675190772689058
-133.391,0.0010084311239671926
-133.352,0.018298983872075566
-133.314,-0.016373757137525875
-133.275,0.015995155150916065
-133.236,-0.010134168706567578
-133.197,-0.008004122468070796
-133.158,-0.001118249988111658
-133.119,0.044886171725042515
-133.08,-0.00048226468600122765
-133.041,0.026184374785967003
-133.002,0.009923459802734853
-132.963,-0.037517692112835926
-132.924,-0.019571719717376663
-132.885,0.052018201645009254
-132.847,-0.037868114760251384
-132.808,0.005879620356844314
-132.769,-0.005087633579951292
-132.73,0.0069150256329984705
-132.691,-0.018985574229466565
-132.652,0.013196931781386858
-132.613,0.002493034886997661
-132.574,-0.002602849218016523
-132.535,-0.0006572668264795117
-132.496,-0.023959248616345928
-132.457,0.019035978305223362
-132.419,0.00016691362925486987
-132.38,-0.019774128604991257
-132.341,-0.012047271425960342
-132.302,0.00018203707384478827
-132.263,-0.031056700231991727
-132.224,-0.05209046812527812
-132.185,-0.008833172204531215
-132.146,0.0008084600300840583
-132.107,-0.008985631406406472
-132.068,-0.01104883456077163
-132.029,-0.004616484685051744
-131.991,0.03861703030862327
-131.952,-0.02336644081356884
-131.913,-0.01262491938107049
-131.874,-0.03029465338943566
-131.835,-0.03984199780364617
-131.796,-0.02201031894298167
-131.757,-0.02367396646560646
-131.718,-0.02286945866076923
-131.679,-0.01714517384482949
-131.64,-0.02681129473956787
-131.601,-0.004002615227127657
-131.562,-0.009447520734300337
-131.524,-0.015912759841522243
-131.485,0.009378635150806747
-131.446,0.014404833717812947
-131.407,0.0038529004362167704
-131.368,-0.009507420764330775
-131.329,0.02397375365735695
-131.29,0.004100058607018973
-131.251,-0.0019429732732247759
-131.212,-0.014158394157178865
-131.173,0.030505781416617254
-131.134,-0.025265476310033605
-131.096,0.0027496153897569532
-131.057,-0.016699810614893208
-131.018,0.006232479184215831
-130.979,-0.01189815975138598
-130.94,-0.009137474590537393
-130.901,-0.012720367100433321
-130.862,-0.011364063883986357
-130.823,-0.04481980785419658
-130.784,0.022247977933841076
-130.745,-0.016601540894780123
-130.706,-0.01637711767176615
-130.667,-0.004738346494660237
-130.629,0.008581123287379236
-130.59,-0.03312705893952668
-130.551,0.013115702814857378
-130.512,-0.007266208478499873
-130.473,-0.03977689240241598
-130.434,-0.027379363381582828
-130.395,-0.013992812652025273
-130.356,0.026406438390835268
-130.317,0.009159516651647425
-130.278,-0.023353975548515767
-130.239,0.017567079801813764
-130.201,0.014928704197448347
-130.162,0.025124698193822546
-130.123,0.00035629725163808385
-130.084,-0.015147515676248884
-130.045,0.002429168304701086
-130.006,0.0025959126223770775
-129.967,0.01228771053398629
-129.928,0.01625631543560241
-129.889,-0.0014759215697388046
-129.85,0.019770641521676752
-129.811,-0.01727800456569986
-129.773,0.021964530221762424
-129.734,-0.0036613461769911954
-129.695,0.014417425266667823
-129.656,0.04685947738043926
-129.617,-0.017255619168231363
-129.578,0.010174990395190637
-129.539,-0.02144142451840131
-129.5,0.01326822770761809
-129.461,-0.01971021370319044
-129.422,-0.024081541439234033
-129.383,0.013127421132748134
-129.344,0.012278935961271865
-129.306,-0.0038578514578389896
-129.267,-0.02174784329133688
-129.228,-0.01601470453699381
-129.189,0.022793516551973887
-129.15,-0.004244289758834776
-129.111,-0.01925718684947827
-129.072,-0.006676869228549769
-129.033,0.016566687721127793
-128.994,0.007189004255546892
-128.955,-0.005850101763748923
-128.916,0.012112218672673288
-128.878,0.00030957091218266567
-128.839,-0.011181583467647402
-128.8,-0.017273919899430716
-128.761,-0.007306329258592416
-128.722,-0.005426763289883067
-128.683,0.017142762259457767
-128.644,0.005668137214103349
-128.605,0.02656376982335841
-128.566,0.003141651835450251
-128.527,-0.022858752204619463
-128.488,-0.01997555693751805
-128.449,-0.011679021255224725
-128.411,-0.001424392056904469
-128.372,8.167453982408222e-05
-128.333,0.03738301885650813
-128.294,0.011344107639097172
-128.255,0.013554811340757058
-128.216,0.015347927429735767
-128.177,-0.01574587051573159
-128.138,0.002321152852035265
-128.099,-0.013711827698814459
-128.06,-0.024400786222786505
-128.021,-0.01289604569364726
-127.983,-0.006139307021868852
-127.944,0.019945319374995517
-127.905,-0.011528294690055743
-127.866,-0.0208787519893864
-127.827,-0.04222343328090038
-127.788,-0.009148812327994192
-127.749,-0.020205839330049293
-127.71,-0.04083818908624695
-127.671,-0.012388926407741382
-127.632,0.023709587989065056
-127.593,-0.0007403307881039371
-127.555,-0.0431523450137991
-127.516,0.01975133465364687
-127.477,0.018066532773719543
-127.438,0.0006203477593314244
-127.399,0.003174616014629086
-127.36,-0.007808200228921048
-127.321,0.00961341164552985
-127.282,-0.03464367665075837
-127.243,-0.01670113349282593
-127.204,-0.0023041651656386546
-127.165,-0.010676294424822385
-127.126,-0.020782852309982062
-127.088,0.03446642575952241
-127.049,-0.0021471400225098417
-127.01,-0.0394904888857079
-126.971,0.0006782813835563371
-126.932,-0.002505737710419341
-126.893,-0.010539769161024875
-126.854,0.015552952065230968
-126.815,-0.02345306033515616
-126.776,-0.019666527464774916
-126.737,-0.022943650669654654
-126.698,-0.032657198331726554
-126.66,0.029210698595899663
-126.621,0.005029092162408944
-126.582,-0.0184385274644963
-126.543,0.01780808454119237
-126.504,0.011719396530252418
-126.465,-0.005681537534618777
-126.426,0.010970637284457524
-126.387,0.0020909987814108173
-126.348,0.007047182012281716
-126.309,-0.01309179058615638
-126.27,0.006154676993192805
-126.231,-0.021393694794191502
-126.193,0.005473322206656148
-126.154,-0.0206915697331405
-126.115,-0.016461953483876544
-126.076,-0.04566970165369994
-126.037,-0.010605737216414642
-125.998,0.010213761287731021
-125.959,0.011217891686098252
-125.92,0.01608909606086284
-125.881,-0.038616387412563735
-125.842,0.046766378394666214
-125.803,0.013504799641268977
-125.765,0.014491610588012911
-125.726,-0.016979588373041258
-125.687,-0.039004530146711874
-125.648,0.032459918679236366
-125.609,0.02108111317648109
-125.57,0.02966758781042305
-125.531,-0.015444616328762121
-125.492,-0.012798684959432654
-125.453,0.007807947217728085
-125.414,-0.045386424287085635
-125.375,0.0312707266298725
-125.336,-0.015137424548468208
-125.298,0.005199043068835516
-125.259,-0.006340634606901331
-125.22,-0.025105663182709948
-125.181,0.015653673941429632
-125.142,-0.017579109643272167
-125.103,0.007984523924124038
-125.064,0.008330892730401645
-125.025,-0.00012903145519481234
-124.986,0.026500662462372697
-124.947,-0.014094740271109178
-124.908,-0.007332759935970396
-124.87,0.029179150224124636
-124.831,-0.024115965381780582
-124.792,0.020124494971092425
-124.753,-0.02357375268704618
-124.714,-0.013655633033772745
-124.675,0.002349739678940728
-124.636,-0.0239589271418168
-124.597,0.03508719911794114
-124.558,-0.01630896173704677
-124.519,-0.0035250687171233678
-124.48,-0.01581144926219288
-124.441,0.009880308127406878
-124.403,-0.004627140746413834
-124.364,-0.001998631970142932
-124.325,0.0038726885403082747
-124.286,-0.007341829527522206
-124.247,0.03327594690023653
-124.208,0.03459672212804553
-124.169,-0.024437630250206305
-124.13,0.039957729714778234
-124.091,-0.020453990928092358
-124.052,-0.02447133894997567
-124.013,0.014209660305731921
-123.975,0.011004233741408024
-123.936,0.010148289207185152
-123.897,0.03922382567521829
-123.858,-0.013229136149973822
-123.819,-0.024416103736248154
-123.78,-0.002825147712300958
-123.741,0.039126374939378636
-123.702,3.7759987495080555e-05
-123.663,0.008719218070050088
-123.624,0.005737777474980976
-123.585,-0.007054987308386592
-123.547,0.04899504594879498
-123.508,-0.0019137319073544165
-123.469,-0.019329304211567495
-123.43,-0.018672501676131655
-123.391,0.0029988088586435317
-123.352,0.0023604490630995435
-123.313,-0.02039514170648942
-123.274,-0.008644435701090403
-123.235,0.017505288308587736
-123.196,-0.015062125052453789
-123.157,-0.034930582823987436
-123.118,-0.00046385687281428207
-123.08,-0.015402393054817528
-123.041,0.0300565114654121
-123.002,0.0039636088208126335
-122.963,0.005106367328877041
-122.924,0.03119990275554327
-122.885,0.0077764155828733954
-122.846,0.01082157963100928
-122.807,-0.0038122294902765003
-122.768,0.0038728436742105337
-122.729,0.013875675052676648
-122.69,0.008874817036334142
-122.652,0.01975077060786299
-122.613,0.019443162471797754
-122.574,-0.017346796045944943
-122.535,-0.003124223043000588
-122.496,0.00868918790328397
-122.457,-0.00828045912976394
-122.418,-0.0024828669916986063
-122.379,0.0015457432401629941
-122.34,0.008947925182591411
-122.301,-0.007042965764239831
-122.262,-0.019835179418112442
-122.223,-0.001396673167297619
-122.185,0.007555199310022994
-122.146,-0.014773434363153043
-122.107,-0.0290401945379952
-122.068,0.027131201457456563
-122.029,0.003047095542916793
-121.99,0.0010272290035676437
-121.951,-0.0030849851461311156
-121.912,-0.0018698453996040748
-121.873,0.028393269662945773
-121.834,-0.01644672965823449
-121.795,-0.004124524850630241
-121.757,0.015219842731819665
-121.718,0.012621390705761433
-121.679,0.011231397673924936
-121.64,0.025874039299894392
-121.601,0.023146242120604427
-121.562,-0.001428501788345692
-121.523,-0.007737467203793164
-121.484,-0.010837680602430972
-121.445,0.021831410789748457
-121.406,0.03250340623658125
-121.367,-0.017238371616720958
-121.329,-0.006756118940063668
-121.29,-0.0076133939060498285
-121.251,0.0045732010508807265
-121.212,-0.011557067484877934
-121.173,0.0030178802922807453
-121.134,0.008884049780683993
-121.095,-0.013740336732155549
-121.056,-0.015145839823424856
-121.017,-0.030885039622096447
-120.978,0.00422109560689635
-120.939,0.007171692703124458
-120.9,0.0003933308849447519
-120.862,0.0076956731508804254
-120.823,-0.04344935860050807
-120.784,0.002020575441263198
-120.745,0.03019628574050791
-120.706,0.01701504732620349
-120.667,0.021143306497470232
-120.628,0.007289379974987012
-120.589,-0.0027376790567027747
-120.55,0.004259335303750451
-120.511,-0.012682845365333349
-120.472,0.01439320720542763
-120.434,-0.009141564257750185
-120.395,0.028928565311131606
-120.356,0.000973419024319808
-120.317,0.01389788195615214
-120.278,-0.012947894972312447
-120.239,0.0061804723694742995
-120.2,0.0017937403289769189
-120.161,0.02795241973944021
-120.122,-0.03493032589989659
-120.083,0.006015508702058265
-120.044,-0.0032658553811407707
-120.005,0.039622064122669096
-119.967,-0.007340578667253199
-119.928,0.032019315983953134
-119.889,0.010398538462565212
-119.85,0.024584639365748416
-119.811,-0.026839238451483047
-119.772,0.016768109162310228
-119.733,-0.028629565517251904
-119.694,0.0040107934508968116
-119.655,0.007894534101822876
-119.616,-0.0030876604223430866
-119.577,-0.008928855900243143
-119.539,-0.0143120084628051
-119.5,-0.007147481551134886
-119.461,-0.023430754306343803
-119.422,-0.00273032676924608
-119.383,0.034071090831510165
-119.344,-0.011306873937119035
-119.305,-0.021953272604302933
-119.266,-0.01796563986724875
-119.227,-0.02136504866768111
-119.188,-0.026374474996486715
-119.149,0.011523937110406028
-119.111,-0.018679516095763467
-119.072,0.0060666292274984155
-119.033,-0.00028008348783424217
-118.994,-0.016908497386276405
-118.955,0.015588290962030597
-118.916,0.02579747959206966
-118.877,-0.001686170339856008
-118.838,-0.02379553911026254
-118.799,0.04193826326137409
-118.76,0.029544346028786316
-118.721,0.014675583251156376
-118.682,0.0019400398670675074
-118.644,-0.017621910042473918
-118.605,0.03610846614840518
-118.566,-0.014974897445255438
-118.527,-0.01813517562728032
-118.488,-0.020105122715134784
-118.449,0.020992439221232714
-118.41,0.010702125106377528
-118.371,0.023631989281841397
-118.332,0.006739555952949658
-118.293,0.032389804808918704
-118.254,-0.01073424384970662
-118.216,0.003246577804774234
-118.177,0.005051646600032755
-118.138,0.007282792272508902
-118.099,-0.021810261294048474
-118.06,0.017401714410435313
-118.021,0.03530377882894502
-117.982,-0.02159670554610213
-117.943,0.008969329312802211
-117.904,-0.02431758131252308
-117.865,0.0030478421237166917
-117.826,-0.013989241913697926
-117.787,-0.002385523942323696
-117.749,-0.005473807010847371
-117.71,0.03009486928688811
-117.671,0.0017950063781728316
-117.632,0.04004107739356828
-117.593,0.003067389777909331
-117.554,0.005997647392665204
-117.515,-0.003016950583431325
-117.476,-0.0038879263602316794
-117.437,-0.02178918577795601
-117.398,-0.009916260724106396
-117.359,0.011259306109199299
-117.321,0.030906546561953203
-117.282,-0.005335989168074635
-117.243,-0.02220582648291841
-117.204,-0.006093233216221614
-117.165,-0.01618343319047895
-117.126,0.012403500335517688
-117.087,0.013567673965498362
-117.048,-0.005558882180952188
-117.009,0.012149153958386751
-116.97,-0.006558051820396681
-116.931,-0.001645439384986059
-116.893,0.02188175323330796
-116.854,-0.009140049837676563
-116.815,0.012083548500930536
-116.776,0.0006232857818262143
-116.737,-0.0048105628719346295
-116.698,-0.013004729307732669
-116.659,0.015277055278277753
-116.62,0.0006251870079578385
-116.581,0.02154166912941463
-116.542,0.010335891408430796
-116.503,0.03287125206571728
-116.464,-0.013746381009249886
-116.426,-0.006658479823084946
-116.387,0.013415377569040902
-116.348,-0.019718483269904438
-116.309,-0.0038683087936701166
-116.27,0.014906459300223806
-116.231,0.04053162644274617
-116.192,-0.012315302344250125
-116.153,-0.037388135325600924
-116.114,-0.01500894434778848
-116.075,-0.009138777066169165
-116.036,0.008751017238359755
-115.998,0.021689476840243062
-115.959,0.041496993812241034
-115.92,-0.009269510597367308
-115.881,-0.022242178650668472
-115.842,0.009853779174416755
-115.803,0.005817416240295491
-115.764,-0.02851850499580315
-115.725,0.006363762245269624
-115.686,0.016912232294451823
-115.647,0.012215577840451033
-115.608,0.011789501062897025
-115.569,-0.025695500197936295
-115.531,0.0060513252453728815
-115.492,0.0040145865068540116
-115.453,-0.003703705996217341
-115.414,0.0024488600885254593
-115.375,-0.0046228126734081144
-115.336,0.020063188627973863
-115.297,0.007688460437441241
-115.258,0.01631946325787798
-115.219,0.003360709666313821
-115.18,-0.0013260107539209516
-115.141,0.010960454937772599
-115.103,0.01279418286409315
-115.064,-0.005462908068618042
-115.025,0.019401739142579838
-114.986,-0.0007175240774051593
-114.947,0.01084094987389085
-114.908,0.027138784412448116
-114.869,0.005985378049181676
-114.83,-0.03503956553631738
-114.791,-0.00860567708484027
-114.752,0.004896440069980202
-114.713,0.017112442967866286
-114.674,-0.0017733021127842342
-114.636,0.005501052326438625
-114.597,0.024797137326730414
-114.558,0.01689382266042313
-114.519,0.010226016703234576
-114.48,-0.03787525001037355
-114.441,-0.015282670583839503
-114.402,-0.0063984245519555834
-114.363,0.018468401970199735
-114.324,0.02288455594305186
-114.285,-0.018150759911900283
-114.246,-0.018143566124900888
-114.208,0.0365142210850823
-114.169,-0.0013923573236131184
-114.13,0.0010988990085718658
-114.091,0.005026113873351874
-114.052,0.015515471087752938
-114.013,-0.0032664793819383825
-113.974,-0.033672922352345425
-113.935,0.013179992035900074
-113.896,-0.01711626776181023
-113.857,-0.013228877670192403
-113.818,0.008476017621161808
-113.78,-0.021983850103654792
-113.741,-0.015194333474754577
-113.702,-0.006258104810420263
-113.663,-0.005062934238036913
-113.624,-0.030301060292949177
-113.585,0.017042438334209244
-113.546,0.0011336532336255556
-113.507,0.005841477943787653
-113.468,0.0310974023923971
-113.429,0.009293350900643569
-113.39,-0.007431688574205434
-113.351,-0.03585865569535914
-113.313,0.030851413143832166
-113.274,-0.010277668041733507
-113.235,0.007557799372725955
-113.196,-0.02559261451685719
-113.157,-0.004304229758091545
-113.118,-0.05092346814906758
-113.079,0.018907824016541702
-113.04,0.0134915677884581
-113.001,0.01566189284564569
-112.962,-0.046779992173413054
-112.923,-0.02510408697678239
-112.885,0.033166062696434205
-112.846,-0.002969717694529793
-112.807,-0.022608436152734765
-112.768,0.004865135077228972
-112.729,-0.04249255549638857
-112.69,0.0009670375033335159
-112.651,-0.016510588375516465
-112.612,-0.005076333341395162
-112.573,0.026066595963614273
-112.534,0.0022567027465269043
-112.495,0.010111764499638541
-112.456,-0.007433076236480261
-112.418,-0.00617853117550365
-112.379,0.029896875344149178
-112.34,-0.01256383861971864
-112.301,0.027886995869672252
-112.262,0.013573038937938462
-112.223,0.01599701067481925
-112.184,0.00826559903525871
-112.145,0.007439276017026451
-112.106,-0.004815869202639276
-112.067,0.016392921377234505
-112.028,-0.01011170229131197
-111.99,-0.04004829160135553
-111.951,0.008911404142723142
-111.912,-0.03662619092112302
-111.873,0.015261558415263912
-111.834,0.009049504965966394
-111.795,0.0010506331483808517
-111.756,0.01604767248323866
-111.717,-0.01151528587565961
-111.678,-0.034140854331340426
-111.639,0.012428200545007395
-111.6,0.027142269886408703
-111.562,0.001312009964745652
-111.523,0.0021575022640642465
-111.484,-0.003919266828886877
-111.445,-0.009208762861100481
-111.406,-0.009631682459425805
-111.367,0.004678064524933791
-111.328,-0.01309554839906062
-111.289,-0.007956683560578872
-111.25,-0.016208434380863317
-111.211,0.009168158413410865
-111.172,-0.0059497454206199705
-111.133,0.0012116097404907822
-111.095,-0.03669120754020544
-111.056,-0.029199194666295523
-111.017,0.015476496537831598
-110.978,-0.010899479666807526
-110.939,-0.001353558687259909
-110.9,0.008064237510988928
-110.861,0.018962804121908976
-110.822,0.013913241251762675
-110.783,0.004519062796068309
-110.744,-0.02441409522769699
-110.705,0.030950693801440575
-110.667,-0.02911367917250008
-110.628,-0.009717152975604933
-110.589,-0.018224828484877782
-110.55,0.011191096342142746
-110.511,-0.027424429708004683
-110.472,-0.03847813496360979
-110.433,0.0047099724065243435
-110.394,0.0005822476102492636
-110.355,-0.019449407350713273
-110.316,0.011645685122740139
-110.277,0.05989445164057953
-110.238,0.03432762115998242
-110.2,0.015106462587504478
-110.161,-0.008051648834822844
-110.122,0.02786591285842
-110.083,0.013844820335274118
-110.044,-0.02256019358639263
-110.005,-0.011655984881304725
-109.966,-0.01758569318942603
-109.927,0.028255625208552813
-109.888,0.019334821468489815
-109.849,0.013649216894685144
-109.81,-0.021192778481389757
-109.772,0.008653296005106755
-109.733,-0.01719522976361252
-109.694,-0.0039058160363611765
-109.655,0.010249254717632137
-109.616,0.001068125701061968
-109.577,0.0019569385751487985
-109.538,0.0048589415852842
-109.499,0.013107700748329613
-109.46,0.014434211805291851
-109.421,-0.0029480150682836184
-109.382,0.0022495687234660496
-109.343,0.010143907227894041
-109.305,-0.005159027185861906
-109.266,-0.00889349519980895
-109.227,0.021393248695913008
-109.188,0.02957570094888445
-109.149,0.022603549663025756
-109.11,-0.039674865129331396
-109.071,-0.024262694234222774
-109.032,0.010084699085061972
-108.993,0.031309715619898586
-108.954,-0.016090075629774974
-108.915,0.014251368978869446
-108.877,0.011646187246437801
-108.838,0.028716307889723715
-108.799,-0.015079554463058198
-108.76,-0.02155734716809879
-108.721,-0.014316845007065936
-108.682,0.0136961110847191
-108.643,-0.011181015624406394
-108.604,-0.044542428033838316
-108.565,-0.003882618462020447
-108.526,0.01726626995345835
-108.487,-0.001307750017101133
-108.449,0.012589593684169552
-108.41,-0.02128412563799242
-108.371,-0.005387038160576602
-108.332,0.004880121516942566
-108.293,-0.040143495594313926
-108.254,0.03525743300992045
-108.215,-0.009023468335053365
-108.176,0.02384525819162607
-108.137,0.003755168727630105
-108.098,-0.01832040821243874
-108.059,0.013406543867477208
-108.02,-0.007046842335685505
-107.982,-0.004990798447291175
-107.943,0.014461809382814208
-107.904,-0.006236276692999941
-107.865,0.02344101031498768
-107.826,-0.008342138641275138
-107.787,0.004329504029454777
-107.748,0.017605915672902553
-107.709,-0.021037435043508673
-107.67,-0.033611472495728975
-107.631,-0.017274442769142716
-107.592,-0.0336890907029591
-107.554,0.01403557892077083
-107.515,0.0020143520297320337
-107.476,0.009644843962950131
-107.437,0.00824299050744907
-107.398,0.014662849274687294
-107.359,0.021887546096380488
-107.32,-0.0237182366146198
-107.281,0.0019698829001333924
-107.242,-0.01610483472398421
-107.203,-0.0015687803929620332
-107.164,-0.02365390652923293
-107.125,-0.016674603231266835
-107.087,-0.003853365083364414
-107.048,0.01813555615890611
-107.009,-0.018562863572513133
-106.97,-0.01825701556445035
-106.931,0.022466323081141448
-106.892,-0.019212117099931446
-106.853,0.033726231841727954
-106.814,-0.022779146949781625
-106.775,0.000881478612830059
-106.736,0.0015479932771271644
-106.697,0.016718615373174157
-106.659,0.008231484009534612
-106.62,-0.00878482782201281
-106.581,0.0040426851587219105
-106.542,-0.028506242553840034
-106.503,-0.008731918763034162
-106.464,0.010237858404186895
-106.425,-0.011437574460881608
-106.386,-0.011468088905002371
-106.347,-0.0005501732335047626
-106.308,0.015768902418763726
-106.269,-0.014622581726765019
-106.23,0.03564252240408011
-106.192,0.005203747829358132
-106.153,-0.009420350781827515
-106.114,0.006606839314845898
-106.075,0.00524740642401303
-106.036,0.0008917113616327009
-105.997,0.019314777032998325
-105.958,-0.03151168331092726
-105.919,0.0003240605591340274
-105.88,0.021426791157216775
-105.841,0.005435456723591431
-105.802,0.021827875263771494
-105.764,0.005683083678350417
-105.725,0.03831486860550688
-105.686,0.0020331124579386576
-105.647,-0.03558016971792591
-105.608,-0.02637247532420466
-105.569,0.03071297849606918
-105.53,-0.025579688803945573
-105.491,0.00421669854794251
-105.452,-0.0229554101198348
-105.413,-0.003939289058107415
-105.374,-0.017512885158776158
-105.336,0.024807425575961717
-105.297,0.012852494452223138
-105.258,-0.0180846451541775
-105.219,-0.005667561833027004
-105.18,-0.023624408817156124
-105.141,0.010209957630944805
-105.102,-0.05198679568330779
-105.063,-0.007571241117089759
-105.024,0.019978815090345964
-104.985,0.027948219420298244
-104.946,-0.02048435462161745
-104.907,-0.025091763732224652
-104.869,0.039447446324564685
-104.83,0.020946160681317834
-104.791,0.021612371648197435
-104.752,-0.01551717609256761
-104.713,0.01020336269589595
-104.674,0.005587008055450961
-104.635,-0.01100596932512768
-104.596,-0.019453231163826905
-104.557,0.009678881356314083
-104.518,-0.006609106884551186
-104.479,-0.0026462112991685635
-104.441,-0.05630589748693371
-104.402,-0.00486264518541781
-104.363,-0.029341884171740128
-104.324,0.00014814576502602574
-104.285,-0.007193180210113672
-104.246,0.006062712828478265
-104.207,0.005370161011570842
-104.168,0.006058184562821421
-104.129,-0.004719992996907712
-104.09,-0.004303512067750416
-104.051,-0.010854507400863328
-104.012,-0.021020867106977092
-103.974,-0.003416911724049918
-103.935,0.013980552419525052
-103.896,-0.011500635719870199
-103.857,-0.011310840667859867
-103.818,0.021092007750851297
-103.779,-0.0009138053127634269
-103.74,0.0009594086664257363
-103.701,0.012249542816229156
-103.662,-0.029994084120641258
-103.623,-0.003253866360291389
-103.584,0.00831971893686154
-103.546,0.00201824316753434
-103.507,0.01648232312387517
-103.468,0.0027634073616183983
-103.429,0.017765562346586387
-103.39,-0.0020246489005798403
-103.351,-0.007349803970839154
-103.312,-0.0010594576844876694
-103.273,-0.01660669132230357
-103.234,-0.004015979427392316
-103.195,-0.006318393725477366
-103.156,0.0008135321534297087
-103.118,-0.053828353726292036
-103.079,-0.001324554478012917
-103.04,-0.027178031646447432
-103.001,-0.01401619924911815
-102.962,0.008890282534318648
-102.923,-0.014428600778781355
-102.884,-0.009124981097863196
-102.845,-0.01266109943557205
-102.806,0.03442178616868279
-102.767,-0.01396362264236935
-102.728,-0.0077168145084477065
-102.689,-0.030395360060317036
-102.651,-0.010660611655384249
-102.612,0.008692126291878934
-102.573,0.008529529466334895
-102.534,-0.004494490558604931
-102.495,0.010767217439696549
-102.456,-0.010262062419185723
-102.417,-0.01125939683799313
-102.378,-0.004500098947618621
-102.339,0.022517616411536004
-102.3,0.020762361603682625
-102.261,0.005300772648476114
-102.223,-0.0034789764336087127
-102.184,-0.022410164525075035
-102.145,-0.011369829345846752
-102.106,-0.04340926846512807
-102.067,0.0050908853383969735
-102.028,0.008024915660129483
-101.989,-0.006659162168466763
-101.95,0.006556679208298511
-101.911,-0.027113075349658015
-101.872,-0.03160112149834435
-101.833,0.010724979580897197
-101.794,-0.003877639406168176
-101.756,-0.0014161577187652204
-101.717,0.028689221313269196
-101.678,0.012691761971592117
-101.639,-0.02116187686150072
-101.6,0.009240077113942258
-101.561,-0.005914255739904394
-101.522,0.01298422123577639
-101.483,-0.0077559744052730605
-101.444,-0.005293712527699423
-101.405,0.0019741705958975335
-101.366,-0.0034568276145287395
-101.328,0.004524325344545068
-101.289,-0.021440592942770374
-101.25,-0.012872251034574348
-101.211,0.0247800066395587
-101.172,-0.037708156266948865
-101.133,-0.040298833244341296
-101.094,0.019981179181387074
-101.055,-0.014614645513261769
-101.016,-0.028330986180937587
-100.977,0.00930366237755354
-100.938,0.046653417898128165
-100.9,-0.004722980157432371
-100.861,-0.03778517224366257
-100.822,-0.007128272897128637
-100.783,0.010477045818781255
-100.744,0.017147632894841853
-100.705,-0.008472592949799646
-100.666,0.045819514020199154
-100.627,0.004477134410142451
-100.588,-0.00888761845764436
-100.549,-0.028216335290676426
-100.51,0.02802261973790688
-100.471,-0.00970652753613444
-100.433,-0.006982659874209559
-100.394,0.012274927611118093
-100.355,-0.005240757219913512
-100.316,-0.0203607404175505
-100.277,-0.022771917696633108
-100.238,-0.027112377394619476
-100.199,-0.010722626580828863
-100.16,-0.009428669793484166
-100.121,0.00035951635996732227
-100.082,0.0014468745064018136
-100.043,-0.011800927111959608
-100.005,-0.036593222673628245
-99.9656,-0.010116561366688339
-99.9267,0.00557922458538457
-99.8878,-0.0018506678527395429
-99.8489,-0.022995497500263085
-99.81,-0.039521438862141184
-99.771,0.024490433981187734
-99.7321,0.00797091515345645
-99.6932,0.009483450054921398
-99.6543,0.054682200056179776
-99.6154,0.01667522627122969
-99.5765,-0.012502929650858124
-99.5376,0.018323141556006027
-99.4987,0.03418424805508708
-99.4597,0.04934652488611903
-99.4208,0.008856988839712084
-99.3819,0.01018501150179025
-99.343,-0.010568097355606066
-99.3041,0.008733459743144358
-99.2652,0.013937062105840175
-99.2263,0.002694923936270417
-99.1874,-0.026228300903772983
-99.1485,0.008469722856556127
-99.1095,-0.006008938739994373
-99.0706,-0.02015315359735884
-99.0317,-8.831363275951885e-05
-98.9928,-0.005940487937684586
-98.9539,0.05654393617957278
-98.915,-0.016578386853259252
-98.8761,-0.01068453909140549
-98.8371,-0.010792606224078368
-98.7982,0.015321902788335551
-98.7593,-0.024019861975399612
-98.7204,-0.030861364416256257
-98.6815,-0.011364908171483112
-98.6426,-0.0007534237985715245
-98.6037,-0.0004042693000886559
-98.5648,-0.036532769847403154
-98.5258,-0.007619506809786235
-98.4869,0.012468161341975417
-98.448,-0.009990310833664537
-98.4091,-0.030460989804111535
-98.3702,-0.007499790883181387
-98.3313,0.025614082450114435
-98.2924,-0.01625684523621994
-98.2535,-0.008197988658740187
-98.2146,0.003967212985932667
-98.1756,0.019001229925985234
-98.1367,0.0029729531102747854
-98.0978,-0.004809698459967234
-98.0589,-0.015968829658437485
-98.02,0.011214008440968913
-97.9811,0.004676366404877074
-97.9422,-0.01977593453342774
-97.9032,0.01561387659944565
-97.8643,0.027480576017741565
-97.8254,-0.008404499343764414
-97.7865,0.004233608601446979
-97.7476,-0.0013605677133009322
-97.7087,-0.006664106442971206
-97.6698,-0.027695693783892653
-97.6309,-0.02156019651037821
-97.5919,-0.06155045478739849
-97.553,-0.009199803941240238
-97.5141,-0.015342794215624563
-97.4752,0.00794783256627335
-97.4363,0.0052848938765524475
-97.3974,0.04397558756452788
-97.3585,0.014318538761714726
-97.3196,0.01821329199909439
-97.2807,0.022443674346572184
-97.2417,-0.035731804596108765
-97.2028,-0.0005621144273652489
-97.1639,0.01777258243032938
-97.125,-0.028118328800662114
-97.0861,-0.009794569115974098
-97.0472,-0.007130115679822901
-97.0083,-0.01623582328808467
-96.9693,0.002109275780677082
-96.9304,-0.04218272560778915
-96.8915,-0.011769769664057895
-96.8526,-0.0030964949366841937
-96.8137,0.029249040290482507
-96.7748,-0.009722846179868211
-96.7359,-0.027805916087292205
-96.697,0.004103538885148586
-96.6581,-0.027465316054749514
-96.6191,-0.0026217925852902793
-96.5802,-0.010435239804478991
-96.5413,-0.0013101654177420101
-96.5024,-0.0032284980026617803
-96.4635,0.011025658485991251
-96.4246,-0.03297561408912006
-96.3857,-0.021291431424283785
-96.3468,0.0017367057537748427
-96.3078,-0.013578840020129072
-96.2689,0.006861869393033373
-96.23,-0.02445423198334707
-96.1911,-0.015345165586523178
-96.1522,0.017753736031880074
-96.1133,0.004393280861402286
-96.0744,-0.024874841074715257
-96.0355,-0.0010851134602893994
-95.9965,-0.013441694733028912
-95.9576,-0.0009058840877956614
-95.9187,-0.01890789085264575
-95.8798,-0.021391833667140786
-95.8409,-0.005840990118018133
-95.802,0.03463679163135912
-95.7631,-0.011176149775461176
-95.7242,-0.015804535447997772
-95.6852,0.001687644386303054
-95.6463,-0.007314459356625707
-95.6074,-0.04094366469094658
-95.5685,-0.035136500635129055
-95.5296,0.026692060171243343
-95.4907,0.010176348702795072
-95.4518,-0.026808436559045405
-95.4129,-0.034491335403799485
-95.3739,0.01363078330802735
-95.335,0.0068877937204084114
-95.2961,-0.017739581842966663
-95.2572,0.016840723233894815
-95.2183,0.00486663320200817
-95.1794,0.009725339624869062
-95.1405,-0.013009741402414843
-95.1016,-0.03558424545802365
-95.0626,-0.0009237771570583216
-95.0237,0.006841785242939561
-94.9848,0.00026195366660102665
-94.9459,0.0039641624883175585
-94.907,0.016544640236547732
-94.8681,-0.005929131825254658
-94.8292,-0.0048680295069087175
-94.7903,-0.03140525868773417
-94.7513,0.0026728688776268454
-94.7124,0.013188927993298622
-94.6735,-0.011321268915704693
-94.6346,-0.010579106381254113
-94.5957,-0.03065789207021534
-94.5568,0.010152086734749433
-94.5179,0.021649647363864922
-94.479,8.751189145113619e-05
-94.44,0.014597751906105745
-94.4011,0.010866532176515824
-94.3622,-0.03203203829930545
-94.3233,0.011096795251899005
-94.2844,-0.011628046950766274
-94.2455,-0.00029136050150983285
-94.2066,0.00561786461342149
-94.1677,-0.01959540229367074
-94.1288,-0.011289692714360661
-94.0898,0.005830415768687692
-94.0509,-0.01954014358239013
-94.012,0.031042532066985415
-93.9731,-0.010540376677763348
-93.9342,-0.012822770910359778
-93.8953,0.007420241820523258
-93.8564,-0.0008211486692272681
-93.8174,-0.036257290797600636
-93.7785,0.0008711259570408275
-93.7396,-0.0051347363901880026
-93.7007,0.010243129592968825
-93.6618,0.013155517416350274
-93.6229,-0.03362303109843316
-93.584,0.014323628141513743
-93.5451,-0.0067705481130071726
-93.5061,-0.009558517961844589
-93.4672,-0.03631749036962635
-93.4283,0.021994892157147332
-93.3894,0.005257924185165724
-93.3505,-0.009603686613328888
-93.3116,-0.03361521795365418
-93.2727,0.04482108959005291
-93.2338,0.008492378818902357
-93.1949,-0.002850549679572925
-93.1559,-0.007051050182379181
-93.117,0.014630090819861486
-93.0781,0.017044708646786515
-93.0392,-0.006347830569635826
-93.0003,-0.006756722169590045
-92.9614,-0.014307767267716499
-92.9225,-0.008035305832452495
-92.8835,0.011869063326557768
-92.8446,-0.005684260115234317
-92.8057,0.003036238444121447
-92.7668,0.01861661164516488
-92.7279,0.014535464655652572
-92.689,0.021974449091106383
-92.6501,0.02036080475700018
-92.6112,0.03184807247251375
-92.5723,0.031211570364454953
-92.5333,-0.0024437552629296318
-92.4944,-0.021873862793758587
-92.4555,0.001894814798051786
-92.4166,-0.020964862593969284
-92.3777,-0.008165152655225995
-92.3388,0.022190544411215395
-92.2999,-0.020833536495600664
-92.261,0.0164461485931124
-92.222,-0.01598316706700863
-92.1831,0.00030674904197580926
-92.1442,-0.030749944629265728
-92.1053,0.025530408423420824
-92.0664,0.01376114852859305
-92.0275,0.000579931990495961
-91.9886,0.016068441604530775
-91.9496,0.01682996630687085
-91.9107,0.022577473162995222
-91.8718,-0.006663006088188419
-91.8329,-0.0008415258891606198
-91.794,0.012703308804248718
-91.7551,-0.0035509066844276183
-91.7162,-0.004364568474950162
-91.6773,0.011450144571558097
-91.6384,-0.01912242985269272
-91.5994,0.01756930616806909
-91.5605,-0.015758855762540838
-91.5216,0.005879074709022086
-91.4827,0.019195504871522974
-91.4438,0.018789041785524433
-91.4049,0.025066707812034128
-91.366,0.016955514099690795
-91.3271,-0.009481114520356038
-91.2881,-0.010172640272079678
-91.2492,0.013249488099524743
-91.2103,-0.010099511125465192
-91.1714,-0.018068264242976393
-91.1325,0.0008899662100925244
-91.0936,0.04302253314234365
-91.0547,0.009982006706041047
-91.0158,0.012413461472894377
-90.9768,-0.0033076307227320268
-90.9379,0.0004680636719601532
-90.899,0.008646016516443332
-90.8601,0.03136558677259919
-90.8212,0.013040997280926878
-90.7823,0.03414672726428822
-90.7434,0.044186718385669906
-90.7045,0.012854176816065169
-90.6655,0.019207082761243246
-90.6266,-0.025857879035944022
-90.5877,-0.020688845601800444
-90.5488,0.004711330124534438
-90.5099,0.00042007250208553077
-90.471,-0.00801915193720473
-90.4321,0.037505583552944505
-90.3932,-0.00958587753685476
-90.3542,-0.004608610808439505
-90.3153,0.012971586911549485
-90.2764,0.021801227850688023
-90.2375,0.003613321463032112
-90.1986,0.018690218526369796
-90.1597,0.02700311556228166
-90.1208,0.03153844873031914
-90.0819,-0.02481010362165374
-90.0429,-0.026186813845582767
-90.004,-0.0055837890148804584
-89.9651,6.243412741109393e-05
-89.9262,-0.019608053343553655
-89.8873,0.015591929682738027
-89.8484,-0.0027818436535434307
-89.8095,0.004271772461429196
-89.7706,0.03088406354444863
-89.7316,-0.004866425718127239
-89.6927,0.045188043115131485
-89.6538,-0.0004115847132494452
-89.6149,-0.004724466103191094
-89.576,-0.030399816219471385
-89.5371,-0.01138703657728006
-89.4982,-0.014463352541512799
-89.4593,-0.022663829272358726
-89.4203,-0.001447353543710457
-89.3814,-0.006395185303817266
-89.3425,0.023842343497879788
-89.3036,0.014255951815756705
-89.2647,-0.02597053565712304
-89.2258,-0.027733123005227518
-89.1869,0.033541437680839385
-89.148,0.008880604838793396
-89.1091,0.01758774422174054
-89.0701,0.006185647121820877
-89.0312,-0.03158430447757061
-88.9923,0.017719391953543568
-88.9534,-0.006143330880057394
-88.9145,-0.011066805738701833
-88.8756,-0.012558303127873916
-88.8367,-0.008294375471055075
-88.7977,0.019879706607481076
-88.7588,0.03336596376990275
-88.7199,0.014322144586219382
-88.681,0.008441779954861728
-88.6421,0.016754463080094095
-88.6032,-0.007503992173137864
-88.5643,-0.01599840250786424
-88.5254,-0.0065569974755510544
-88.4865,-0.00895076537807464
-88.4475,-0.02043628156362435
-88.4086,-0.02836750071690518
-88.3697,-0.025706816093769687
-88.3308,-0.030829145802859306
-88.2919,-0.004115902784335516
-88.253,0.027392259022919738
-88.2141,-0.003674715402170111
-88.1752,-0.009885320675927612
-88.1362,0.012317700533766579
-88.0973,0.012095150507018948
-88.0584,-0.0107490295220652
-88.0195,-0.012109679772119233
-87.9806,-6.6550803354235855e-06
-87.9417,0.009506708178624881
-87.9028,0.008317869436923411
-87.8638,0.004622940986109714
-87.8249,0.013228157324362277
-87.786,-0.020929982656517927
-87.7471,0.014105917355300725
-87.7082,-0.014459887916314853
-87.6693,-0.005907667694407235
-87.6304,0.018561315519164425
-87.5915,0.0019398719388354219
-87.5526,-0.005322204090285618
-87.5136,-0.006844235320024599
-87.4747,-0.0005830853013015364
-87.4358,-0.003971272555863293
-87.3969,-0.021086070542547904
-87.358,-0.006627869635290461
-87.3191,0.02288820525895155
-87.2802,-0.014383471309507831
-87.2413,-0.018993760841811553
-87.2023,-0.01593119273279746
-87.1634,0.00737811529910831
-87.1245,-0.012292905117260812
-87.0856,-0.016346478792151096
-87.0467,-0.010606528714993499
-87.0078,-0.010541106544631248
-86.9689,0.027303858633637747
-86.9299,-0.020084743030826357
-86.891,-0.03158919471471605
-86.8521,-0.004863324519707713
-86.8132,0.012493246235940078
-86.7743,-0.007708151334647854
-86.7354,0.01732726220159335
-86.6965,-0.025762003426774968
-86.6576,0.00837018546183582
-86.6187,-0.013150212362862995
-86.5797,-0.007701474041882194
-86.5408,-0.003171988790919609
-86.5019,0.01652089579884351
-86.463,0.03268787090614093
-86.4241,-0.04381096006711259
-86.3852,0.016064079045493767
-86.3463,0.0099981587548888
-86.3074,-0.02068528366236245
-86.2684,0.025047729714926952
-86.2295,0.007818191687059543
-86.1906,0.009414728483083012
-86.1517,0.0013894861492368083
-86.1128,0.013875545450080332
-86.0739,0.014317564424943939
-86.035,-0.010013236457165176
-85.9961,-0.00017724232166810717
-85.9571,-0.004934802441375471
-85.9182,0.014029922161906891
-85.8793,-0.005171246462744914
-85.8404,0.017562142740625074
-85.8015,0.014369447150664091
-85.7626,-0.000938582316312558
-85.7237,-0.0011564093064947122
-85.6848,0.006738657188310487
-85.6458,-0.022550439284257633
-85.6069,0.0106712079958943
-85.568,-0.012922419429483342
-85.5291,0.001453454980083885
-85.4902,-0.0037955595693923002
-85.4513,0.02295748071393287
-85.4124,-0.01897823720635621
-85.3735,0.024973203285818712
-85.3345,-0.024406080071224644
-85.2956,0.011019588341587703
-85.2567,-0.0072976596080645065
-85.2178,0.0019264498380997044
-85.1789,-0.039067255280705655
-85.14,-0.0060749291857642536
-85.1011,-0.022698126178442295
-85.0622,-0.006284018323500437
-85.0232,0.016863951393902007
-84.9843,-0.012816860810002956
-84.9454,-0.011014849043935945
-84.9065,-0.0020130607305504514
-84.8676,-0.013091066251596187
-84.8287,-0.02017276317065719
-84.7898,0.05617168237639604
-84.7509,-0.009861676859044977
-84.7119,-0.000695265999675694
-84.673,0.0321180955204304
-84.6341,0.004169314879019911
-84.5952,0.026431575970217353
-84.5563,0.023579774696644074
-84.5174,0.013571813636882188
-84.4785,0.032775590235944535
-84.4396,0.011120570696617468
-84.4007,0.01257954910047442
-84.3617,0.014494341323835726
-84.3228,-0.008554554780125583
-84.2839,0.0001496284779284496
-84.245,-0.01727872645906373
-84.2061,-0.01885562053552396
-84.1672,-0.018521799859258677
-84.1283,-0.010022289112533505
-84.0894,0.014903497723430192
-84.0504,0.020181168055363425
-84.0115,-0.014247120876572409
-83.9726,-0.039213029808248936
-83.9337,0.004966988548776023
-83.8948,0.011945650126050549
-83.8559,0.0008867914410115862
-83.817,-0.019287080072596573
-83.778,-0.02293306016056373
-83.7391,0.01655881905736909
-83.7002,-0.010843725087495303
-83.6613,-0.010549206420238641
-83.6224,0.030674217892713816
-83.5835,0.01291165037065459
-83.5446,0.0020402355492550456
-83.5057,-0.006772700302789102
-83.4668,-0.0007556068838067368
-83.4278,0.0003742296397443931
-83.3889,0.004761966531999193
-83.35,0.03038396323610727
-83.3111,-0.00265851869102292
-83.2722,-0.007925365909793912
-83.2333,0.026928953577437367
-83.1944,0.0015641699688325678
-83.1555,0.0016981356775627567
-83.1165,0.0041810213461751
-83.0776,-0.025506861311721
-83.0387,-0.01644079846406897
-82.9998,-0.04412766904937826
-82.9609,0.0034452420617378573
-82.922,0.032647673378933977
-82.8831,-0.0010136054665382914
-82.8441,0.020538423268302984
-82.8052,-0.01974322645734991
-82.7663,-0.0074099680094692685
-82.7274,0.0014802795640157568
-82.6885,0.011635345542224503
-82.6496,0.012790562313570179
-82.6107,0.027373820506601233
-82.5718,0.006556858450923601
-82.5329,0.03319635067104739
-82.4939,-0.03318547807561585
-82.455,-0.00952863937619753
-82.4161,0.014294212729707607
-82.3772,-0.03672525750253325
-82.3383,-0.0021101433028201805
-82.2994,-0.024476113062840983
-82.2605,-0.0018290476167836358
-82.2216,0.008272548476611883
-82.1826,-0.0013578995336782163
-82.1437,0.013212065072011572
-82.1048,0.036906574739760986
-82.0659,0.0038245768854248195
-82.027,-0.0005077770421170646
-81.9881,-0.01414475548959205
-81.9492,0.03686644685197809
-81.9102,0.006956982564666085
-81.8713,-0.008991832880034762
-81.8324,-0.011358471415705678
-81.7935,-0.019063254386273844
-81.7546,0.011073123528438537
-81.7157,0.027475368841254153
-81.6768,-0.0032049064560596236
-81.6379,0.01042452270904503
-81.599,-0.020669754023771858
-81.56,-0.006164093489904277
-81.5211,0.004875490789441513
-81.4822,0.04410974436843098
-81.4433,0.03214807677386739
-81.4044,0.015109895737036218
-81.3655,-0.004306141878764509
-81.3266,-0.02317269278441074
-81.2877,-0.011314991349804147
-81.2487,-0.011519026606642575
-81.2098,-0.007940232486781813
-81.1709,0.010010880069004292
-81.132,-0.005674245528473962
-81.0931,-0.020243824378539492
-81.0542,0.022645208463089945
-81.0153,-0.011834971725270923
-80.9764,0.0016458575246254305
-80.9374,0.023179353446847194
-80.8985,0.002376268047514547
-80.8596,0.008924859027358558
-80.8207,-0.0033438880505985346
-80.7818,0.008705269962850133
-80.7429,-0.006693400097134969
-80.704,0.006466417439270662
-80.6651,0.001669473048100856
-80.6261,0.0026964496576030762
-80.5872,0.004791592072592248
-80.5483,-0.0015814854078090978
-80.5094,-0.002409420450300721
-80.4705,0.01699864485736673
-80.4316,0.003933570280602894
-80.3927,0.01527044812644402
-80.3538,0.00047648389425104765
-80.3148,0.036962235606846604
-80.2759,0.0035444726962428415
-80.237,0.013009567283586576
-80.1981,0.023015363405060673
-80.1592,0.003724071623582148
-80.1203,-0.00891596918525588
-80.0814,0.01847971846714182
-80.0425,0.004644358713346742
-80.0035,0.017829049345883818
-79.9646,-0.0033723278561057736
-79.9257,-0.00144930220413691
-79.8868,0.037392376722719695
-79.8479,-0.005072047083237627
-79.809,-0.011479749378081244
-79.7701,-0.01840418884091037
-79.7312,0.0010125613255273862
-79.6922,0.002542905215656006
-79.6533,0.02734927836443371
-79.6144,0.0010911435952867766
-79.5755,0.011585129469112027
-79.5366,0.0039101801183907305
-79.4977,-0.02747296435081235
-79.4588,-0.01686809905918264
-79.4199,-0.00916483539577367
-79.381,-0.006246996494772105
-79.342,-0.0099864777521336
-79.3031,-0.029153920330688546
-79.2642,0.06016676861692674
-79.2253,0.0004326885821309568
-79.1864,-0.008138925624628672
-79.1475,-0.01499465910138038
-79.1086,-0.0161011786732883
-79.0697,-0.018627279307697506
-79.0307,-0.02555539255417049
-78.9918,-0.0034918903351482218
-78.9529,0.03822408087474234
-78.914,-0.006964447041602418
-78.8751,0.0083093090485697
-78.8362,-0.01413129751963444
-78.7973,0.005610917952600532
-78.7583,0.0012403768134522514
-78.7194,0.0038121710519104144
-78.6805,-0.04170093340437041
-78.6416,0.010274073569119841
-78.6027,-0.012237061723551351
-78.5638,-0.008570609577952094
-78.5249,0.0017612594672810327
-78.486,-0.013073879825636608
-78.4471,-0.02124420414239365
-78.4081,0.014167800737262424
-78.3692,0.02685446219289717
-78.3303,0.02505574494242767
-78.2914,-0.0012940903573256416
-78.2525,-0.03671527538136704
-78.2136,-0.006791497127478473
-78.1747,-0.02107934696786803
-78.1358,-0.012801763941450127
-78.0968,-0.02920499345327593
-78.0579,-0.031435558463963204
-78.019,-0.007296541060526554
-77.9801,0.026370194971260995
-77.9412,0.02399764494205488
-77.9023,0.017857261093507874
-77.8634,0.037719488598734474
-77.8244,0.035434285905332236
-77.7855,0.021678737631694395
-77.7466,-0.0014684005611970597
-77.7077,-0.004654280727988068
-77.6688,-0.002932660371917658
-77.6299,-0.01861093067999883
-77.591,-0.015934021006651186
-77.5521,0.005933941319994847
-77.5132,-0.017852227310056885
-77.4742,0.0033482261374394324
-77.4353,-0.025569827064106567
-77.3964,0.030161816625536554
-77.3575,-0.00941049436673134
-77.3186,-0.01905501989079217
-77.2797,0.0005466725467926723
-77.2408,0.036575829890403366
-77.2019,-0.007224048796073687
-77.1629,0.01829990959883023
-77.124,0.0007409372321310875
-77.0851,-0.010844467661504185
-77.0462,-0.003589452807816463
-77.0073,-0.004630967766519097
-76.9684,0.00041595254180239183
-76.9295,-0.010712277912686224
-76.8905,0.007655540439381508
-76.8516,0.022042466257216876
-76.8127,-0.029420807749015385
-76.7738,0.010302955747838904
-76.7349,-0.0043627681866664665
-76.696,0.026358553158789943
-76.6571,-0.012887012193500452
-76.6182,0.011651631551181037
-76.5793,-0.015880422950824716
-76.5403,-0.0003813563491518405
-76.5014,0.004668808360056171
-76.4625,-0.0009437328694166872
-76.4236,-0.005902079005210444
-76.3847,0.013482315318506598
-76.3458,0.01640795948725378
-76.3069,-0.03794913240361133
-76.268,0.004227887617662559
-76.229,-0.0104758201621609
-76.1901,0.02269856885238685
-76.1512,0.005683007595088455
-76.1123,-0.01977201039181632
-76.0734,-0.05078633693106019
-76.0345,0.00850218819218459
-75.9956,0.018616980702639528
-75.9567,0.026693126500893546
-75.9177,-0.020451851313825903
-75.8788,0.012926810617700703
-75.8399,0.023524575165061002
-75.801,-0.004055208093627825
-75.7621,-0.019017858701056923
-75.7232,-0.010792887718723469
-75.6843,-0.05054787032821623
-75.6454,0.025671675132738377
-75.6064,-0.00854082416824839
-75.5675,0.0004071781369191156
-75.5286,-0.01079233960584679
-75.4897,-0.023111684867281768
-75.4508,-0.013788879989715222
-75.4119,0.005842898429563341
-75.373,0.02149194203274195
-75.3341,0.030925752968939284
-75.2952,-0.010133801424311568
-75.2562,0.007733844843458921
-75.2173,0.03561357736482936
-75.1784,0.009381829514115918
-75.1395,-0.0001921635319634069
-75.1006,0.04312826349826428
-75.0617,-0.0008957159010763958
-75.0228,0.02114044909464414
-74.9838,0.02207835969628378
-74.9449,0.005546652685484271
-74.906,-0.010007135038142746
-74.8671,-0.02082179765167345
-74.8282,0.004604316799093462
-74.7893,0.01527063552089629
-74.7504,0.01288935142439465
-74.7115,-0.004163761924100171
-74.6725,-0.024164904694299875
-74.6336,0.02792380328075202
-74.5947,-0.006796772260113514
-74.5558,-0.028969474225022607
-74.5169,-0.004143968829963637
-74.478,-0.027016620396530487
-74.4391,-0.010119601003095637
-74.4002,0.027642232499287295
-74.3613,-0.032775857996203105
-74.3223,-0.01545161806578805
-74.2834,0.008234924365343142
-74.2445,-0.002308988203906303
-74.2056,-0.012677794965673301
-74.1667,0.005044715323745895
-74.1278,-0.012664599991231885
-74.0889,-0.05710522368460815
-74.05,-0.036211547401321646
-74.011,-0.029322025262371584
-73.9721,-0.006298291575967303
-73.9332,0.033978013033436893
-73.8943,0.006439168021948372
-73.8554,-0.010642405876158258
-73.8165,0.0225686960275605
-73.7776,0.013970098034756066
-73.7386,0.009243598489883698
-73.6997,0.032250103168066875
-73.6608,-0.01230106114360575
-73.6219,0.024940580883621843
-73.583,-0.0005840162103284145
-73.5441,-0.0001647466067513665
-73.5052,-0.011025105957627608
-73.4663,0.025005201837826962
-73.4274,-0.012247438793217193
-73.3884,-0.008457419840796385
-73.3495,0.03952106680469949
-73.3106,0.002194070974519567
-73.2717,-0.00837082547258161
-73.2328,0.01380907333456982
-73.1939,-0.020788823787376353
-73.155,0.0034728485736941505
-73.1161,-0.016703111600518607
-73.0771,-0.034976071003635895
-73.0382,0.040201191052725765
-72.9993,0.02495264847610832
-72.9604,-0.015803582255846906
-72.9215,0.010789053745796197
-72.8826,-0.006487996081350247
-72.8437,0.0009670261352206842
-72.8047,-0.017213292779812678
-72.7658,-0.020931046323130167
-72.7269,-0.017413170917213307
-72.688,-0.02121380899043055
-72.6491,0.01741809915082855
-72.6102,0.017341941962306616
-72.5713,0.024265933398961947
-72.5324,-0.02970394894863561
-72.4935,-0.026077075814994837
-72.4545,-0.021659311703296914
-72.4156,0.043547012480171905
-72.3767,0.048386604518438035
-72.3378,0.00281959415254999
-72.2989,0.05342657107647773
-72.26,-0.0013470196207040312
-72.2211,0.024659357308062114
-72.1822,-0.008742086141936589
-72.1432,-0.01219884303155308
-72.1043,0.020683102518826792
-72.0654,0.0027262029193721345
-72.0265,0.021642292402305672
-71.9876,-0.004978655977233981
-71.9487,0.009763514126871597
-71.9098,0.02403436565602084
-71.8708,0.015434229114956951
-71.8319,0.01242684698177488
-71.793,-0.031329747229322386
-71.7541,-0.012896570336089758
-71.7152,0.021258347910276233
-71.6763,-0.0027855139757760293
-71.6374,0.01783346664296013
-71.5985,0.008615152903125802
-71.5596,-0.0312938347833461
-71.5206,0.0036375411160634906
-71.4817,-0.01725599821826113
-71.4428,-0.01600097207582279
-71.4039,0.021675990563053332
-71.365,-0.0026492019168839857
-71.3261,0.0004181474836656082
-71.2872,0.02248957534290761
-71.2483,0.007630522067502978
-71.2094,0.015659139963435906
-71.1704,-0.018566799825433425
-71.1315,0.005019906299731702
-71.0926,-0.0074436503033729305
-71.0537,0.010408248165148407
-71.0148,0.024573766726210124
-70.9759,0.00321824130636756
-70.937,0.01732019220181162
-70.898,0.03065993194748889
-70.8591,-0.0029579390204465543
-70.8202,0.004905499113030353
-70.7813,-0.0023234409307895604
-70.7424,0.018505460853921345
-70.7035,-0.003120649541100487
-70.6646,0.010222494273392358
-70.6257,0.0018414486533303402
-70.5867,0.007524441375810428
-70.5478,0.016960634151667826
-70.5089,-0.014710386125586256
-70.47,-0.01922714268851088
-70.4311,-0.019224650567241215
-70.3922,0.013730503221134921
-70.3533,-0.010604013721131001
-70.3144,0.015052380212514458
-70.2755,-0.003971811198035944
-70.2365,0.00010808615712675981
-70.1976,-0.02110066220685181
-70.1587,0.013827820466071419
-70.1198,-0.025504396266111472
-70.0809,0.02656500415885251
-70.042,0.011216525579882144
-70.0031,-0.019674842699842543
-69.9641,0.016849845006720793
-69.9252,-0.0006148489816670917
-69.8863,0.01287700631507718
-69.8474,-0.012168508867151592
-69.8085,-0.01908425405145545
-69.7696,0.010567362606713303
-69.7307,-0.003368806383095586
-69.6918,0.005747756320846019
-69.6528,-0.005479329680469193
-69.6139,-0.04630196823939959
-69.575,0.008044233414585315
-69.5361,0.010055018227915269
-69.4972,-0.008390096130481826
-69.4583,6.915227312445649e-05
-69.4194,-0.016154787923513186
-69.3805,-0.003326434614777418
-69.3416,0.006703187335877839
-69.3026,0.008995104930431548
-69.2637,-0.027596033028650938
-69.2248,0.008542630041436922
-69.1859,-0.004005658901777005
-69.147,0.03666623860453757
-69.1081,0.004366286170046946
-69.0692,-0.006662061208526747
-69.0303,0.01426918817423152
-68.9913,-0.043149937108910935
-68.9524,0.01610689605347125
-68.9135,0.0017890983394479344
-68.8746,0.02669221240794349
-68.8357,0.0027433158055440877
-68.7968,0.008961883720980788
-68.7579,0.01785414264669595
-68.7189,0.004222396495727982
-68.68,0.007682249766909219
-68.6411,0.019880875143468126
-68.6022,-0.02968643554510557
-68.5633,-0.027667189400515844
-68.5244,0.00419547008200195
-68.4855,0.02705938302862
-68.4466,-0.026167375811752627
-68.4077,-0.01634616887679765
-68.3687,-0.009088324859913715
-68.3298,0.01670988772564785
-68.2909,-0.037138468843423186
-68.252,0.0013153829652051527
-68.2131,-0.03482133511611538
-68.1742,0.024638182820721093
-68.1353,-0.0018775888098152022
-68.0964,0.003183769635504257
-68.0574,-0.004657912632001832
-68.0185,-0.013246271079428735
-67.9796,0.0420846037702407
-67.9407,0.0053243758561383435
-67.9018,-0.021899003607073024
-67.8629,0.02961295750658453
-67.824,-0.04728680495787679
-67.785,-0.0018473934527508118
-67.7461,0.041915657029360315
-67.7072,0.020696872443486995
-67.6683,-0.0035313478681434146
-67.6294,-0.020162062650427283
-67.5905,-0.025108301146226777
-67.5516,-0.0008499393444814755
-67.5127,0.022022176866458423
-67.4738,0.028948299286020336
-67.4348,0.008693737164182189
-67.3959,-0.024815719641264476
-67.357,0.0005725179608945042
-67.3181,0.0010896125234009695
-67.2792,0.010778783212964346
-67.2403,0.013265724808366547
-67.2014,0.02325382997113376
-67.1625,0.034929472052203606
-67.1236,-0.026313844809633325
-67.0846,-0.024211284310102704
-67.0457,0.005662555705217608
-67.0068,0.021740871154361123
-66.9679,0.002013995123223783
-66.929,-0.013621457354697015
-66.8901,-0.011207955372373629
-66.8512,0.02636271200242435
-66.8122,-0.010757914900384986
-66.7733,-0.015207941794451249
-66.7344,-0.03469085638608449
-66.6955,-0.013476775602230623
-66.6566,0.009806729801627929
-66.6177,-0.0011158544766396994
-66.5788,0.012260263151524278
-66.5399,-0.018771481066833524
-66.5009,0.043147106591303705
-66.462,0.009961664864661709
-66.4231,-0.04114574718391454
-66.3842,-0.01125015280636401
-66.3453,0.004497204663809741
-66.3064,-0.014658047637123882
-66.2675,-0.03440252838580291
-66.2286,0.012711653208845514
-66.1897,0.004221893268692092
-66.1507,-0.00849521777464872
-66.1118,-0.024134844540784014
-66.0729,-0.03251729123233579
-66.034,0.010935106737782072
-65.9951,-0.0013219116422483797
-65.9562,0.029937467996421618
-65.9173,0.009600437264220009
-65.8783,-0.007127993100754698
-65.8394,0.017596475847388746
-65.8005,0.0033542865828053935
-65.7616,-0.021444258399255796
-65.7227,0.006063985203169928
-65.6838,-0.035173906959640885
-65.6449,-0.014861158275538522
-65.606,-0.012907839115374676
-65.567,-0.016898109664699415
-65.5281,-0.03964462861938047
-65.4892,-0.005486004561247001
-65.4503,0.014877964795492395
-65.4114,0.018135999210080956
-65.3725,0.037933896625577966
-65.3336,-0.002477863452021739
-65.2947,0.005530048779967012
-65.2558,0.006366040598766037
-65.2168,-0.01484848762618253
-65.1779,-0.01738513121436068
-65.139,-0.00841899714444063
-65.1001,0.03012575458771213
-65.0612,0.016192399330218946
-65.0223,-0.00013701312319814273
-64.9834,0.006051870334946632
-64.9444,0.0062203441268921435
-64.9055,0.024849570598153056
-64.8666,-0.015083337580960011
-64.8277,-0.01002346154372593
-64.7888,0.0007392571270347908
-64.7499,0.008372428020956411
-64.711,-0.00967859439602509
-64.6721,0.026920425397030854
-64.6331,0.014548168681333044
-64.5942,0.0031751587454508933
-64.5553,0.02068554321510286
-64.5164,0.016416890070985138
-64.4775,0.005674084230276791
-64.4386,0.0032560758624023945
-64.3997,-0.007254884771667106
-64.3608,0.013562350846962022
-64.3219,-0.0038219539381957853
-64.2829,0.008079807191473137
-64.244,-0.032508392315443585
-64.2051,0.01497513942298262
-64.1662,-0.0004988151498018334
-64.1273,-0.009449954085541303
-64.0884,0.02365760034758101
-64.0495,-0.015501045910637364
-64.0106,0.0032575039173773483
-63.9716,-0.000888857031285098
-63.9327,-0.007834099450279035
-63.8938,-0.013392075957183848
-63.8549,-0.003412786543301752
-63.816,0.020835026273505468
-63.7771,0.0022515410540366633
-63.7382,0.03659453847758139
-63.6992,-0.002000884055220138
-63.6603,-0.009889109034801231
-63.6214,0.02161394467760348
-63.5825,0.025038883347252114
-63.5436,0.015652004338834506
-63.5047,0.021788303807241977
-63.4658,0.01643639560535369
-63.4269,-0.009314142456819543
-63.388,0.0010319353814776996
-63.349,-0.01214277590304514
-63.3101,-0.02196658520281256
-63.2712,0.00281670954896859
-63.2323,-0.016603045456567732
-63.1934,0.0008306681482160385
-63.1545,-0.0047923017180537455
-63.1156,0.05244997160309939
-63.0767,-0.011632136541947322
-63.0377,0.0005524895513186225
-62.9988,-0.016102122360407915
-62.9599,0.03340798379450924
-62.921,-0.008615193964741797
-62.8821,0.0016621628250732305
-62.8432,0.010532715421138466
-62.8043,-0.026628588162595022
-62.7654,-0.014296898705899983
-62.7264,0.03094839955742767
-62.6875,-0.0071225651240955125
-62.6486,-0.023989604539058546
-62.6097,-0.049092070819348944
-62.5708,-0.009717340704974799
-62.5319,0.020093802185516794
-62.493,-0.010658409861236022
-62.4541,0.029167251641084222
-62.4151,0.06016463204353044
-62.3762,-0.0413163311463442
-62.3373,-0.011667760820221284
-62.2984,-0.003611235643379079
-62.2595,0.012056006439781827
-62.2206,-0.012488159822774599
-62.1817,-0.02801881022927083
-62.1428,0.021449865180502153
-62.1039,-0.04711024053189622
-62.0649,0.022401128860355092
-62.026,-0.008885592682548155
-61.9871,-0.0008229330932633448
-61.9482,0.027771844916992996
-61.9093,0.030919298573873828
-61.8704,0.01871459098510065
-61.8315,-0.00535678901853761
-61.7925,-0.016707706793183518
-61.7536,-0.005240223315822842
-61.7147,-0.017479329820813537
-61.6758,0.016916269215849745
-61.6369,0.002339294681273092
-61.598,0.0025868463081047816
-61.5591,-0.007342271047301355
-61.5202,-0.005770195906726049
-61.4812,-0.0035046810335649576
-61.4423,0.03827001734564593
-61.4034,0.008684191748960186
-61.3645,-0.0034633059403258656
-61.3256,0.013870839189870298
-61.2867,0.057657712800138976
-61.2478,-0.019205562398574422
-61.2089,0.007007920391593141
-61.17,-0.006648537344392601
-61.131,0.0059890460961431104
-61.0921,-0.025553587386334446
-61.0532,0.0464906676710949
-61.0143,0.04494078299843554
-60.9754,0.010841517417358658
-60.9365,-0.010035991684904606
-60.8976,0.011712475305718815
-60.8586,0.03200826811712666
-60.8197,0.008398928669441464
-60.7808,0.012032279537469727
-60.7419,-0.00809573526574898
-60.703,-0.040410298734275235
-60.6641,-0.0139565050693053
-60.6252,0.0004346428380243763
-60.5863,-0.009703102746181974
-60.5473,0.027571594144050287
-60.5084,-0.00975359379979109
-60.4695,-0.015295081311484904
-60.4306,-0.00014683725543612264
-60.3917,0.0026838306392536694
-60.3528,-0.00228312619442304
-60.3139,0.04034387951620845
-60.275,-0.009632270396803953
-60.2361,0.008615873090893319
-60.1971,0.0172580974469733
-60.1582,0.005130007965629515
-60.1193,-0.012321721032654446
-60.0804,-0.002120654329191501
-60.0415,0.024980044620396852
-60.0026,0.012211052476880946
-59.9637,-0.05357977278485461
-59.9247,0.030768059650012634
-59.8858,-0.01109962693252848
-59.8469,0.018377121016820274
-59.808,0.0010031891964477526
-59.7691,0.04054442757668669
-59.7302,-0.02537263312158146
-59.6913,0.01719505451095924
-59.6524,-0.01860339162811314
-59.6134,-0.01689442483025117
-59.5745,-0.01320178806803936
-59.5356,-0.02740280968808219
-59.4967,-0.005289483224515413
-59.4578,0.012510424496378427
-59.4189,0.01850919890395701
-59.38,0.008845642769222152
-59.3411,0.02982225654721565
-59.3022,0.005568680471814476
-59.2632,0.04158286433678107
-59.2243,0.005490619646924417
-59.1854,-0.0031187239601209835
-59.1465,0.00495574097610104
-59.1076,0.01124621541323609
-59.0687,0.001357523553741049
-59.0298,0.013482185288401918
-58.9909,-0.022136008129937497
-58.9519,-0.005160675928013625
-58.913,0.028165290968083845
-58.8741,0.0017830821808169812
-58.8352,0.022961344081196097
-58.7963,-0.027792589733139472
-58.7574,-0.029178728131513555
-58.7185,0.005343621955547483
-58.6796,-0.022218776752043402
-58.6406,0.029997552754221016
-58.6017,0.006973361778204054
-58.5628,0.02968575704237108
-58.5239,0.0016538391723399434
-58.485,-0.040359435271780916
-58.4461,-0.017385865241015753
-58.4072,-0.01003259203611964
-58.3683,0.0023762050499196354
-58.3293,-0.005726991548715868
-58.2904,0.03174287913426997
-58.2515,0.008989479284345318
-58.2126,0.013579487770178708
-58.1737,0.002044395651227362
-58.1348,-0.03069995303701947
-58.0959,-0.015551837390198333
-58.057,-0.00699691260752965
-58.018,0.001131753993642709
-57.9791,-0.014304786042302555
-57.9402,-0.013326387017632235
-57.9013,0.015560179428876478
-57.8624,-0.006985174255891562
-57.8235,-0.0383078308558549
-57.7846,-0.0010681918466469431
-57.7457,-0.013701920170015302
-57.7067,-0.021885267818167114
-57.6678,-0.012766484003922662
-57.6289,0.014325642363621716
-57.59,-0.003285374571600108
-57.5511,0.011503752727729487
-57.5122,-0.01155701675636423
-57.4733,-0.015904314286483104
-57.4344,-0.0006136839508927711
-57.3954,-0.036353447895430074
-57.3565,0.016434151015428257
-57.3176,-0.017421307299619427
-57.2787,-0.0005594374277105227
-57.2398,0.006856880328220013
-57.2009,-0.04758268329554391
-57.162,0.00019655549626650289
-57.1231,-0.01678827613769721
-57.0842,-0.021065999552263542
-57.0452,-0.028008988818258806
-57.0063,-0.01111330793789074
-56.9674,0.012972877795744749
-56.9285,0.012384919363347152
-56.8896,-0.009692111160284126
-56.8507,0.02126452708349299
-56.8118,-0.019596674509595707
-56.7728,0.0011731121671181002
-56.7339,0.0008350419151208904
-56.695,-0.008188994858807929
-56.6561,0.01754270433011149
-56.6172,0.023079218017467464
-56.5783,0.014115239298091675
-56.5394,0.040765339266237516
-56.5005,0.0072613347219832
-56.4615,-0.0039946243964240884
-56.4226,0.006334633649695141
-56.3837,0.003097798303957955
-56.3448,0.0037125469230428693
-56.3059,-0.03079549389567756
-56.267,-0.023326570241571386
-56.2281,-0.00792291893261986
-56.1892,-0.01884475314354269
-56.1503,0.015318210772751679
-56.1113,-0.01154433582372166
-56.0724,-0.00599758446683402
-56.0335,-0.005720415219535951
-55.9946,0.024744700090662913
-55.9557,-0.044026174983649496
-55.9168,-0.008454409573197595
-55.8779,-0.007019478700401403
-55.8389,0.008319706484599499
-55.8,-0.022016243062965478
-55.7611,-0.005363062629597397
-55.7222,-0.015046036173671725
-55.6833,0.0060513721707305
-55.6444,0.036333402108189874
-55.6055,-0.04532966654585079
-55.5666,-0.014084739094873532
-55.5276,0.03772791875726109
-55.4887,0.004055033718208644
-55.4498,-0.00887391103927133
-55.4109,-0.017380103588886316
-55.372,-0.0015234233335399885
-55.3331,0.016786722482610855
-55.2942,0.0006997845932429766
-55.2553,-0.00834614288492509
-55.2164,-0.00598570368138528
-55.1774,-0.008354742895433304
-55.1385,0.022562631918324326
-55.0996,-0.0004167608341821571
-55.0607,0.004982881370906649
-55.0218,0.030667332400010988
-54.9829,0.04300079314093913
-54.944,0.019850182942778762
-54.9051,-0.010822418482221145
-54.8661,0.01443128360923692
-54.8272,-0.029294340906815618
-54.7883,0.03028242761073424
-54.7494,-0.02783213386019491
-54.7105,-0.034698045036183
-54.6716,0.008597686628746317
-54.6327,0.024498918020057187
-54.5938,-0.030813979104477064
-54.5548,-0.018735951259630988
-54.5159,-0.0008248906195476493
-54.477,-0.005217060998566328
-54.4381,-0.0005681860775065065
-54.3992,-0.0385399583483127
-54.3603,-7.920320886698677e-05
-54.3214,-0.0400608857301348
-54.2825,-0.03337651615764135
-54.2435,-0.04956952558904746
-54.2046,-0.01997933550228705
-54.1657,-0.015599911893485637
-54.1268,-0.0071878662848815274
-54.0879,-0.016983858122164745
-54.049,-0.036052417571189835
-54.0101,0.029820640963443064
-53.9712,-0.0034617263643281944
-53.9322,-0.004722177206564369
-53.8933,-0.027985178962461103
-53.8544,-0.00858651021888666
-53.8155,0.010475545912742424
-53.7766,-0.02145892028158714
-53.7377,-0.02726135827587469
-53.6988,-0.004066890156865108
-53.6599,-0.012529086302938353
-53.6209,-0.00782664922241079
-53.582,-0.0159945029008954
-53.5431,0.009524025064246476
-53.5042,-0.0056862679734245
-53.4653,0.0008300656022509722
-53.4264,-0.006605321026725298
-53.3875,-0.01322436759521871
-53.3486,-0.0022641546074657296
-53.3096,-0.004082890697880463
-53.2707,-0.019665003851156857
-53.2318,0.01123429837436
-53.1929,0.017318759831805877
-53.154,-0.02136033390015401
-53.1151,0.039117167594941354
-53.0762,-0.019453498251241125
-53.0373,0.014589678700697623
-52.9983,0.03320561360514124
-52.9594,0.00813103232737884
-52.9205,-0.001103174723690899
-52.8816,0.004965914885640324
-52.8427,-0.00018072742886233312
-52.8038,-0.025573947511937076
-52.7649,0.023375554978508583
-52.726,0.004963268890676553
-52.687,0.018030257135010965
-52.6481,0.007043327927165319
-52.6092,-0.03162005206765744
-52.5703,0.025490091866599087
-52.5314,-0.0020498761828288926
-52.4925,0.012835082001363053
-52.4536,-0.016305050800782095
-52.4147,0.010646774950450487
-52.3757,0.025709083908931875
-52.3368,0.010291042627284426
-52.2979,-0.041468423256067435
-52.259,-0.024622101057964474
-52.2201,0.023249683055716026
-52.1812,-0.0091639327662306
-52.1423,-0.03305277786755817
-52.1034,0.012675642624592552
-52.0644,-0.01880738312364997
-52.0255,0.042529543308549266
-51.9866,0.009188057255601265
-51.9477,-0.0055354596110919725
-51.9088,-0.04431964858884829
-51.8699,-0.01998530806905264
-51.831,0.024639987700033575
-51.7921,-0.00845975802786408
-51.7531,-0.023428811053649592
-51.7142,-0.006576312134353545
-51.6753,0.007526485008337773
-51.6364,0.024258746412929907
-51.5975,0.0063135864164278535
-51.5586,-0.01942189620681789
-51.5197,-0.011866018836182494
-51.4808,-0.02749293858824639
-51.4418,-0.015247226461589696
-51.4029,0.045480465996730356
-51.364,-0.010961725879232113
-51.3251,0.002101463853530926
-51.2862,-0.004233209022512245
-51.2473,0.00828204577547962
-51.2084,0.04585926680517982
-51.1695,-0.026365799194900803
-51.1305,0.02164619405922332
-51.0916,0.017773230788231814
-51.0527,-0.017298725393984242
-51.0138,-0.00021213665168103046
-50.9749,0.06016400861523074
-50.936,-0.024828171815286147
-50.8971,-0.012681409644817678
-50.8582,0.00732298813070068
-50.8193,0.015567247730143358
-50.7803,0.010262681497465093
-50.7414,-0.02192478857262068
-50.7025,-0.034302670561383454
-50.6636,-0.0008988332750398181
-50.6247,-0.006721415169022654
-50.5858,0.005850165667242006
-50.5469,-0.017202862326873708
-50.5079,-0.026842588809763486
-50.469,0.014387266156862082
-50.4301,-0.03105999159654796
-50.3912,0.005850258613293646
-50.3523,0.025805600966152746
-50.3134,0.004322080931507859
-50.2745,-0.007447635165754769
-50.2356,-0.003035494000657694
-50.1966,0.0015114978966963375
-50.1577,-0.02980926389598978
-50.1188,-0.012750330832713286
-50.0799,-0.007199364044578212
-50.041,-0.005028911311823922
-50.0021,-0.007513263666445235
-49.9632,-0.005491090222394298
-49.9243,0.020252519343128994
-49.8854,0.02230584160679917
-49.8464,-0.01056803968566147
-49.8075,-0.0018528011240912206
-49.7686,-0.004936277097893491
-49.7297,-0.011512275985380148
-49.6908,0.011253298633530437
-49.6519,-0.033208390480494135
-49.613,-0.011650461965714941
-49.5741,0.006446184304080206
-49.5351,0.04458347177913887
-49.4962,0.014917721505898426
-49.4573,0.005754741799599894
-49.4184,0.009385353721858091
-49.3795,-0.004763029936231341
-49.3406,-0.018212822373735112
-49.3017,-0.021777397598971324
-49.2628,0.017688857654033233
-49.2238,0.0072169009084054265
-49.1849,-0.0256990807273789
-49.146,0.012282009936446243
-49.1071,0.0013126690436306666
-49.0682,0.020359266828187037
-49.0293,-0.0030112916918236597
-48.9904,0.0032665986492825313
-48.9515,0.018334270894782616
-48.9125,-0.0033843109309405245
-48.8736,-0.001944764652898584
-48.8347,-0.009957003259535769
-48.7958,-0.004719282871598406
-48.7569,0.009022216472055165
-48.718,0.009498253745066564
-48.6791,-0.016937664700057628
-48.6402,-0.01322021035469223
-48.6012,-0.018981033461920947
-48.5623,0.02783277705496259
-48.5234,0.035031269381844914
-48.4845,0.006181534439499899
-48.4456,0.018315028610375084
-48.4067,-0.0147018515729157
-48.3678,0.017904537196292817
-48.3289,0.016343903596009665
-48.2899,-0.004058885464734962
-48.251,0.02594507510692841
-48.2121,0.01681296965639144
-48.1732,-0.027371809400528677
-48.1343,0.006654046007842671
-48.0954,-0.005524191781548483
-48.0565,-0.03135772208930737
-48.0176,-0.03573367510347458
-47.9786,0.022317125386911538
-47.9397,0.0193817644600985
-47.9008,0.02305993801961029
-47.8619,0.009861322509408398
-47.823,-0.021484091773828567
-47.7841,0.008163976173707694
-47.7452,-0.007216132860884209
-47.7063,0.01416598001766922
-47.6673,0.009376344060046468
-47.6284,-0.0034510387197834603
-47.5895,-0.010539041589838132
-47.5506,-0.04039289756062088
-47.5117,-0.0005021194127692204
-47.4728,0.0007486723937685069
-47.4339,0.021558369162122365
-47.395,-0.020926438393425954
-47.356,0.027678891133110818
-47.3171,-0.0008715741373443433
-47.2782,0.003108147012282469
-47.2393,0.02370133624697808
-47.2004,-0.013441090683858506
-47.1615,-0.01719345857549164
-47.1226,-0.027526342252900744
-47.0837,-0.0010321812953388958
-47.0447,-0.018002039706229843
-47.0058,-0.022323270094790584
-46.9669,0.01784935872658282
-46.928,0.002732635538114982
-46.8891,-0.026848465674215366
-46.8502,0.010006689955958475
-46.8113,-0.004643269510108374
-46.7724,-0.02279080357805192
-46.7334,0.0019247945312983478
-46.6945,0.0026830108679011568
-46.6556,0.012932704220500876
-46.6167,-0.012031962146356765
-46.5778,0.03773778596434524
-46.5389,-0.01874405490793316
-46.5,-0.0008913113608526955
-46.4611,-0.01586895842678347
-46.4221,0.01092926456097078
-46.3832,-0.006242498019460881
-46.3443,0.00016942072785901588
-46.3054,0.027796230044202445
-46.2665,-0.011551545553695928
-46.2276,0.037588282010690886
-46.1887,0.014847018937655679
-46.1498,-0.0034192935017712963
-46.1108,-0.05545477295621633
-46.0719,0.0021181339037804076
-46.033,0.03399095378142877
-45.9941,0.018491366623152677
-45.9552,0.018504743979808173
-45.9163,0.00595909121483244
-45.8774,-0.018253943452299037
-45.8385,-0.05790637222773679
-45.7996,0.04698861844279911
-45.7606,0.020503567549326196
-45.7217,0.02106620306777926
-45.6828,0.040040510175559305
-45.6439,0.01799040827777412
-45.605,0.026789050584002667
-45.5661,0.008788352791845986
-45.5272,0.02054955499424175
-45.4883,0.009136067792180125
-45.4493,0.027038628054563286
-45.4104,0.002062455222813654
-45.3715,-0.0223182646215761
-45.3326,0.0008467872276165401
-45.2937,0.04358803169247831
-45.2548,0.0032968852551042913
-45.2159,-0.006777435292341946
-45.1769,-0.022616262700045974
-45.138,0.004260884034104396
-45.0991,0.005498377932156349
-45.0602,-0.021918608522228104
-45.0213,0.013858433444580768
-44.9824,-0.017845163109681386
-44.9435,-0.0010105910178610377
-44.9046,0.024668732575148428
-44.8657,-0.007584637506238161
-44.8267,0.015757635230863775
-44.7878,-0.004369536294044909
-44.7489,0.02333939136560724
-44.71,0.0350566814250765
-44.6711,0.0028936478279159602
-44.6322,-1.0923669734838257e-05
-44.5933,-0.017611078264070372
-44.5544,-0.02459859205846996
-44.5154,0.021180561897141605
-44.4765,0.025075969542510103
-44.4376,-0.048998574031297606
-44.3987,-0.011531578760825289
-44.3598,-0.00830165582236516
-44.3209,0.00835555014042762
-44.282,0.0028430706616240694
-44.2431,0.005806067763825393
-44.2041,0.02997581732871022
-44.1652,0.012534994981327058
-44.1263,-0.018851761513947567
-44.0874,0.01392179983772833
-44.0485,-0.009305282430272588
-44.0096,-0.028870638157916077
-43.9707,-0.022776025272307484
-43.9318,-0.03682691381166951
-43.8928,0.0049877174242248185
-43.8539,0.011599025864494364
-43.815,-0.005143779039858843
-43.7761,0.01395319789593427
-43.7372,-0.02024621772234339
-43.6983,0.013644221004944265
-43.6594,-0.0006432723839924093
-43.6205,0.017534534067843714
-43.5815,-0.026075137829452023
-43.5426,-0.004407199754752663
-43.5037,0.013302794204553757
-43.4648,0.010425937402543217
-43.4259,0.015431664398501065
-43.387,-0.006048148993864905
-43.3481,-0.02411718430410414
-43.3092,0.018044141184865983
-43.2702,-0.015361858689608607
-43.2313,0.007454704203250102
-43.1924,0.009999858270432725
-43.1535,0.015662713906595425
-43.1146,1.2080375629330842e-05
-43.0757,0.006128324944082287
-43.0368,-0.008860256903296693
-42.9979,-0.012385051184171658
-42.9589,0.020310097678918435
-42.92,-0.015403081658985646
-42.8811,-0.04602552697091997
-42.8422,-0.039523172555027124
-42.8033,0.022088176894148836
-42.7644,0.011725722874444315
-42.7255,0.04241568974423224
-42.6866,-0.010511516162362941
-42.6476,0.007817169808045652
-42.6087,7.849512517322556e-05
-42.5698,-0.004574956145331786
-42.5309,0.008690754088685675
-42.492,-0.0033918896062587267
-42.4531,0.00620730860768488
-42.4142,-0.0052134246016666145
-42.3753,0.033980213466274535
-42.3363,0.01482251254837911
-42.2974,0.0032058359944978384
-42.2585,0.006498268391416722
-42.2196,0.03482076658389007
-42.1807,-0.007059240349849111
-42.1418,-0.021198223127124043
-42.1029,0.02672542124714099
-42.064,-0.008838181506559944
-42.025,-0.011857286253554221
-41.9861,-0.020152394700638617
-41.9472,0.008367696140508103
-41.9083,0.030304128614347947
-41.8694,-0.037225595257870316
-41.8305,0.0038748082860868413
-41.7916,0.033684001638009935
-41.7527,0.018160633931519322
-41.7137,0.006941514338791803
-41.6748,-0.018541162920027325
-41.6359,0.03672878446240958
-41.597,0.017132637982934504
-41.5581,-0.0006994660973622599
-41.5192,-0.0011051360844259177
-41.4803,0.05147304864493108
-41.4414,-0.016260319425030454
-41.4025,-0.012100638313239816
-41.3635,0.00939266592862183
-41.3246,0.004067891589722983
-41.2857,0.001307421583777722
-41.2468,-0.011367778286235468
-41.2079,-0.010985926398866286
-41.169,0.004988215830578006
-41.1301,-0.002772343362648543
-41.0911,-0.008754161450295285
-41.0522,0.0018804593034670216
-41.0133,-0.0013983511199914048
-40.9744,0.012226254379844946
-40.9355,0.0047758208015831645
-40.8966,0.007829977749933584
-40.8577,0.01738765879600254
-40.8188,-0.010167976700605201
-40.7799,-0.024230072053118765
-40.7409,0.027651042660833798
-40.702,0.006828041178512873
-40.6631,0.002076116160857863
-40.6242,0.006792218786932048
-40.5853,0.006327599043287573
-40.5464,0.038678792511504904
-40.5075,0.020247204695836546
-40.4686,0.0015548823681031392
-40.4296,-0.022642130063525077
-40.3907,-0.033684051936348214
-40.3518,-0.016252256506606198
-40.3129,0.05104879624928242
-40.274,-0.0321228024109439
-40.2351,0.019098621388679973
-40.1962,0.015174840936441399
-40.1572,0.012151780835910824
-40.1183,-0.011182920928877982
-40.0794,-0.007964299722270186
-40.0405,0.009004729107354146
-40.0016,-0.0056260296407961135
-39.9627,-0.011622046669453847
-39.9238,0.01496036700471248
-39.8849,0.022145603366723568
-39.846,-0.008714451403958145
-39.807,0.008055604578066086
-39.7681,0.014464870904627572
-39.7292,-0.015763167825496947
-39.6903,-0.0018037464030980803
-39.6514,-0.015191658906733923
-39.6125,0.023060048839446574
-39.5736,0.02138030232012389
-39.5347,-0.012208733224359438
-39.4957,0.07650878280457216
-39.4568,0.01677733215248636
-39.4179,-0.01911654934204796
-39.379,-0.01578422519457085
-39.3401,0.009856041204438403
-39.3012,-0.016919743165439982
-39.2623,-0.0029340743802974516
-39.2234,-0.019170461092853416
-39.1844,-0.02838396660702866
-39.1455,0.014083663413881885
-39.1066,0.028975102280742855
-39.0677,0.015687335119398824
-39.0288,0.005365833079843384
-38.9899,-0.02703883176034772
-38.951,-0.012957900081874568
-38.9121,0.004170306492235762
-38.8731,0.009297002100898151
-38.8342,-0.01445827173701651
-38.7953,-0.014368937724384828
-38.7564,0.0030831890091498086
-38.7175,0.0029236326281095867
-38.6786,-0.016554286862469823
-38.6397,0.013661275676119588
-38.6008,-0.004500614555552537
-38.5618,0.028199737745902474
-38.5229,-0.017761690009210677
-38.484,-0.0055380276106291116
-38.4451,0.02535948130763751
-38.4062,0.034193208386707155
-38.3673,0.021708736190329477
-38.3284,-0.0025435833924204246
-38.2895,0.008414130536418065
-38.2505,-0.01655666113419836
-38.2116,-0.001371987046212669
-38.1727,0.006465448989788616
-38.1338,-0.008539654756029283
-38.0949,-0.02441245676767882
-38.056,0.006776830020717596
-38.0171,-0.007764837369164239
-37.9782,0.003769125460060139
-37.9392,0.006775474627863353
-37.9003,-0.02014379697714402
-37.8614,-0.011614848728300204
-37.8225,-0.042531792608044294
-37.7836,0.0001978984546097528
-37.7447,0.009070916396474565
-37.7058,0.03227899750157107
-37.6669,-0.010069107675463321
-37.6279,0.022493601451473135
-37.589,-0.014827046178478968
-37.5501,-0.01460216226017325
-37.5112,0.01881760038173769
-37.4723,0.00105562876068384
-37.4334,-0.028477840873590076
-37.3945,-0.018904235482151904
-37.3556,-0.008264844321078286
-37.3167,0.013787334975801898
-37.2777,-0.01947217473978797
-37.2388,-0.017872665324019328
-37.1999,0.05447380644888797
-37.161,0.015714508521396282
-37.1221,-0.0010270539770903964
-37.0832,0.008112903381023126
-37.0443,-0.006838181902789776
-37.0053,-0.02157573106022181
-36.9664,0.01840675683962264
-36.9275,-0.0022543091748028193
-36.8886,-0.02104922143951352
-36.8497,-0.011691698776339129
-36.8108,0.016657411763936182
-36.7719,0.014464392477345593
-36.733,0.00970200427317969
-36.694,0.02490836653424553
-36.6551,0.025579711176909808
-36.6162,-0.0066796144656473665
-36.5773,0.002022887702890875
-36.5384,0.00023747101837761275
-36.4995,0.0021050315663323125
-36.4606,-0.013908244367545506
-36.4217,0.03565567740614412
-36.3828,0.012008830685660256
-36.3438,0.012266506758566085
-36.3049,0.010912474513905326
-36.266,0.005557165911262342
-36.2271,0.023571917429819737
-36.1882,0.002559630657048403
-36.1493,-0.00021841666612456428
-36.1104,0.005622978156262143
-36.0714,-0.004537324465374397
-36.0325,-0.0038514177464766576
-35.9936,0.010875875200535429
-35.9547,-0.013353108214113178
-35.9158,0.02448388534410986
-35.8769,-0.049556395739643565
-35.838,-0.002398400566744038
-35.7991,0.007622456574179351
-35.7602,0.002918288791052784
-35.7212,-0.02744974964935732
-35.6823,-0.03624535334994525
-35.6434,0.010889195338170912
-35.6045,-0.0018863654924764725
-35.5656,0.026121740904788752
-35.5267,-0.012686897987585766
-35.4878,-0.0009494391354078827
-35.4489,0.002071346237714684
-35.4099,0.011322135529966517
-35.371,0.017941950198897345
-35.3321,-0.024480427556773723
-35.2932,0.01143818875570891
-35.2543,-0.010535723078375386
-35.2154,0.023718654471423406
-35.1765,-0.047031689982784675
-35.1376,-0.03824086656871469
-35.0986,-0.018953996657511733
-35.0597,0.030358192746935235
-35.0208,-0.010511891779440929
-34.9819,0.04014648570915065
-34.943,-0.019167292406872986
-34.9041,-0.002995475896135356
-34.8652,0.012899296409756917
-34.8263,-0.023097204959047764
-34.7873,0.005344174361083327
-34.7484,0.012297723283141871
-34.7095,0.008217801492131038
-34.6706,0.0006236970423636936
-34.6317,-0.02895592757204896
-34.5928,0.005920257348856946
-34.5539,0.00017396696887804638
-34.515,0.002117498863507124
-34.476,0.006302018959914424
-34.4371,-0.030109823529452052
-34.3982,0.04845715588959412
-34.3593,-0.006098548364518754
-34.3204,-0.0072892732528168445
-34.2815,-0.014484474249707209
-34.2426,0.007134520373449235
-34.2037,0.03431697848839298
-34.1647,0.020365297108836816
-34.1258,-0.01107665187781684
-34.0869,-0.00705492853562174
-34.048,0.0007010115170026113
-34.0091,-0.011570913907261865
-33.9702,0.012591615557390667
-33.9313,-0.007631171270716196
-33.8924,0.018046216132512338
-33.8534,-0.005582113704779911
-33.8145,-0.010445583465009614
-33.7756,-0.04869698549524923
-33.7367,-0.003287803088607549
-33.6978,-0.0233166879408921
-33.6589,0.04166701400040226
-33.62,0.02532413128442736
-33.5811,-0.0034317662606479053
-33.5421,-0.005640988619406611
-33.5032,0.03597419328920632
-33.4643,0.005571151009610278
-33.4254,0.006409573636380122
-33.3865,0.05883099059235723
-33.3476,0.0003189584543650207
-33.3087,0.01385072346858308
-33.2698,-0.00667302610260057
-33.2308,0.016651052422108237
-33.1919,0.010753978913117121
-33.153,-0.007791814899747871
-33.1141,0.023999757961281683
-33.0752,0.059262864871324414
-33.0363,-0.02919945060961135
-32.9974,0.011564197543800891
-32.9585,-0.05135953625148943
-32.9195,-0.020002071824012025
-32.8806,0.008413790054167035
-32.8417,0.007000636803902822
-32.8028,-0.04182270061410983
-32.7639,-0.020119594929932975
-32.725,-0.05442198500298659
-32.6861,-0.013464777323217375
-32.6472,0.04354547705564572
-32.6082,-0.017373514970262745
-32.5693,0.022915609431925856
-32.5304,-0.009603528175295242
-32.4915,0.01133896571216484
-32.4526,-0.001552462015073706
-32.4137,0.013109865214915525
-32.3748,-0.04530696351793161
-32.3359,0.011070754464606328
-32.297,0.031814745860261215
-32.258,-0.022695783115991762
-32.2191,0.013192689671537212
-32.1802,0.010954672811890106
-32.1413,0.018677131670340484
-32.1024,0.001084360960388604
-32.0635,0.016709805895663437
-32.0246,0.00761353230482454
-31.9856,-0.015742797507983762
-31.9467,0.022702394471759896
-31.9078,0.0008289821825109907
-31.8689,-0.014364210896347214
-31.83,0.008448042760366762
-31.7911,-0.0007004745476855297
-31.7522,-0.0001555294500102944
-31.7133,0.042542151742250275
-31.6743,-0.014363463504236056
-31.6354,0.00035177099387503295
-31.5965,-0.012904472293264507
-31.5576,-0.012436875629272473
-31.5187,-0.017262988235688767
-31.4798,-0.00032612296297769225
-31.4409,-0.013486856987217244
-31.402,0.011238477730829642
-31.3631,0.022984384646582097
-31.3241,-0.02358759116148302
-31.2852,-0.0010337833372059148
-31.2463,-0.011688290024302554
-31.2074,-0.008370996368664996
-31.1685,-0.013259985844218284
-31.1296,-0.04440863084465848
-31.0907,-0.02570873338832065
-31.0518,0.03105552440271611
-31.0128,-0.012559954896142634
-30.9739,0.03639993196815469
-30.935,0.032838824816152544
-30.8961,-0.008303471574256278
-30.8572,-0.018842772867390774
-30.8183,0.012998034053759423
-30.7794,0.006158029389807695
-30.7404,-0.009745170674994943
-30.7015,-0.000510490945788325
-30.6626,0.021352554356251535
-30.6237,0.005577231219471903
-30.5848,0.025831791195323816
-30.5459,0.015726013198815284
-30.507,0.019511637569132788
-30.4681,0.005738323888862006
-30.4292,0.005421087841570717
-30.3902,0.0013068242021535641
-30.3513,0.007136604910748547
-30.3124,-0.01539879407017277
-30.2735,0.00939295727793751
-30.2346,0.0368947595081989
-30.1957,0.019572251631501756
-30.1568,0.0033010264665987816
-30.1179,0.0002101687260821902
-30.0789,0.024819908914659527
-30.04,-0.034021296008493025
-30.0011,0.01633360628151708
-29.9622,0.0211128709253294
-29.9233,-0.03982113729992278
-29.8844,0.033077149816127874
-29.8455,0.02935563518884176
-29.8066,-0.023834606732380487
-29.7676,0.04133700675155005
-29.7287,0.03423640772561982
-29.6898,0.012523140151883648
-29.6509,-0.002591531517290693
-29.612,-0.0049766880832949134
-29.5731,0.01897636653165021
-29.5342,0.018113343778762815
-29.4953,0.022982641714407913
-29.4563,-0.0009497084969926507
-29.4174,-0.013792566526220764
-29.3785,0.03635194514611185
-29.3396,-0.016125608521910893
-29.3007,0.0039755893079612215
-29.2618,0.000631774616784481
-29.2229,-0.03347985004477515
-29.184,0.015962799744667387
-29.145,0.011790927816406845
-29.1061,0.036919507768845505
-29.0672,0.02571446086054704
-29.0283,0.003569476816589425
-28.9894,0.015126986818701324
-28.9505,0.007878504636693626
-28.9116,-0.05878276915148857
-28.8727,-0.019226552106693207
-28.8337,-0.006875733159538025
-28.7948,-0.0005701242639675854
-28.7559,-0.00995704914091191
-28.717,0.011605785064157595
-28.6781,0.0010597086851080798
-28.6392,0.014681572787707771
-28.6003,-0.02140804557940345
-28.5614,-0.009310082035347202
-28.5224,0.006544434295136112
-28.4835,-4.385652155216094e-06
-28.4446,0.031677488603938805
-28.4057,0.03755328409026128
-28.3668,0.019555587672460087
-28.3279,0.02292266576466862
-28.289,0.009857016156498354
-28.2501,-0.013020659519128388
-28.2111,-0.033564900388305084
-28.1722,-0.038365388719956775
-28.1333,0.0013529683863057209
-28.0944,0.003223628280269509
-28.0555,0.0008967637459589388
-28.0166,-0.002410358869393327
-27.9777,-0.01435359897891436
-27.9388,0.004966798118198171
-27.8998,-0.006232618903304574
-27.8609,-0.013197030156041092
-27.822,0.002088494997537158
-27.7831,-0.007460961925168036
-27.7442,-0.008882957567899013
-27.7053,0.0006055698793147233
-27.6664,0.007178866369389243
-27.6275,-0.028883990541822308
-27.5885,0.0044735825070202455
-27.5496,0.0009558594451614193
-27.5107,-0.0030694478341775355
-27.4718,0.006460784846428696
-27.4329,-0.0007466611279350922
-27.394,-0.009470811275285249
-27.3551,-0.020370040094756278
-27.3162,0.012497614910028293
-27.2773,-0.02157876398220193
-27.2383,0.002962012416482848
-27.1994,-0.020859723348722662
-27.1605,-0.0009763230097795776
-27.1216,-0.005360361209866511
-27.0827,0.0017132595356334967
-27.0438,-0.01879756088108322
-27.0049,-0.03218411794275332
-26.966,0.007101529585567835
-26.927,-0.024158443365162527
-26.8881,0.00436761881146757
-26.8492,-0.003013526118058843
-26.8103,-0.0030170928078284954
-26.7714,-0.01718165773913987
-26.7325,-0.022821758854978
-26.6936,-0.0005234316094847782
-26.6546,-0.022769791481581467
-26.6157,0.015659659864933125
-26.5768,0.012911539419336192
-26.5379,-0.009060221076173904
-26.499,-0.018285676758697855
-26.4601,0.0444999258698298
-26.4212,0.01152968172864819
-26.3823,0.020255878350701077
-26.3434,-0.004837799829485225
-26.3044,0.009687876110089835
-26.2655,-0.0018888537569034186
-26.2266,-0.0176036014459608
-26.1877,0.012607020544665962
-26.1488,-0.03507414291613701
-26.1099,-0.0008017456384886478
-26.071,0.039821807754085774
-26.0321,0.009955004233672468
-25.9931,-0.016288967018406462
-25.9542,-0.017472988660022226
-25.9153,0.012555119178563692
-25.8764,-0.020728316837612788
-25.8375,0.008796789206107842
-25.7986,0.006100258258150011
-25.7597,0.03261268131345289
-25.7207,0.02549588287183957
-25.6818,0.023594025661449018
-25.6429,-0.014524002345324725
-25.604,-0.013468800542820382
-25.5651,0.00851546053207725
-25.5262,0.0022742310509696953
-25.4873,-0.021845797411062618
-25.4484,0.009141747447937231
-25.4095,0.001331118254741706
-25.3705,-0.011716761372475298
-25.3316,0.007961048425426921
-25.2927,-0.038408013374718095
-25.2538,-0.004982106743523016
-25.2149,-0.018190456817019654
-25.176,0.04031464202371312
-25.1371,-0.009226319558172482
-25.0982,0.0006872595004128721
-25.0592,0.029833684312506367
-25.0203,0.0073855974516488475
-24.9814,0.025041561218353083
-24.9425,0.03851654941533618
-24.9036,-0.008578069436822747
-24.8647,0.007418404515906656
-24.8258,-0.017565167740331154
-24.7869,0.007673488650572971
-24.7479,-0.0415561806582943
-24.709,0.004487818454276663
-24.6701,0.005418289403955962
-24.6312,0.01269222030685454
-24.5923,0.0037766070444399434
-24.5534,0.03252777362235146
-24.5145,0.027063333567075035
-24.4756,0.008446368335439759
-24.4366,-0.025043796786268835
-24.3977,0.04536502315712501
-24.3588,0.004305300559127914
-24.3199,-0.00408737163763034
-24.281,-0.016039787234507146
-24.2421,0.010840499611598645
-24.2032,-0.003902354908055505
-24.1643,-0.0164833856185903
-24.1253,0.02940564409773864
-24.0864,0.010852717138979041
-24.0475,0.0056800071235294245
-24.0086,0.022681372711929618
-23.9697,-0.005481114807893225
-23.9308,0.018398110311868603
-23.8919,0.010816584041378086
-23.853,0.009056621584731812
-23.814,-0.017614931270163735
-23.7751,-0.016117043686049416
-23.7362,0.020924543127922586
-23.6973,-0.006208343089336113
-23.6584,-0.0015259483233775017
-23.6195,4.586678774469791e-05
-23.5806,-0.022126798443446928
-23.5417,0.0008631486117382904
-23.5027,0.011063203974136782
-23.4638,-0.03849553172929636
-23.4249,0.019882271496209775
-23.386,-0.01818169216853571
-23.3471,0.018678579643037298
-23.3082,-0.01159752506747279
-23.2693,0.017421806397433116
-23.2304,0.0006436656732009098
-23.1914,0.003500247002212188
-23.1525,0.0021757650183439805
-23.1136,-0.014547673791292962
-23.0747,0.006461766586403383
-23.0358,0.01842303685822607
-22.9969,-0.031031426185490905
-22.958,-0.035008295758932564
-22.9191,-0.01705306252602319
-22.8801,0.025506642432480475
-22.8412,-0.004890361664002149
-22.8023,-0.0040716224016579625
-22.7634,-0.0005365735587897812
-22.7245,0.0067415422954845185
-22.6856,0.022983208957840708
-22.6467,-0.009195141408194772
-22.6078,-0.0009275286357689292
-22.5688,0.020468975294719645
-22.5299,0.014559893306513536
-22.491,0.018328648641677544
-22.4521,0.03223491955950016
-22.4132,-0.008137089846392038
-22.3743,0.019403134021095666
-22.3354,0.025559131596341586
-22.2965,-0.00010221913072169277
-22.2575,0.03554113263656011
-22.2186,-0.02255250278970787
-22.1797,-3.303995056737688e-05
-22.1408,0.0020023626260823896
-22.1019,-0.01712005728530512
-22.063,-0.018446365330094364
-22.0241,0.018039409811698846
-21.9852,-0.011374825460795029
-21.9463,-0.007345134081522616
-21.9073,-0.005184857479290964
-21.8684,-0.022127014076670365
-21.8295,0.020623845822949554
-21.7906,-0.008055367103743228
-21.7517,0.02141829995085653
-21.7128,-0.0008709189354456481
-21.6739,0.023282953427049394
-21.6349,-0.017722733588424782
-21.596,-0.018208963423416488
-21.5571,-0.00610506031912338
-21.5182,0.0103178358559034
-21.4793,-0.02547917414912303
-21.4404,-0.008350634256438743
-21.4015,0.008908342998317728
-21.3626,-0.02539014311468353
-21.3237,-0.010086754833873966
-21.2847,-0.009038011974505197
-21.2458,0.026978139600169947
-21.2069,-0.015010520816766649
-21.168,0.009618361612280557
-21.1291,-0.00015099726893892662
-21.0902,-0.0016649426947886107
-21.0513,-0.0007852514339015009
-21.0124,0.024913798901214645
-20.9734,-0.013133518464178156
-20.9345,-0.009902181454483806
-20.8956,0.024923309645250302
-20.8567,-0.00021673781349157862
-20.8178,0.008043444257575237
-20.7789,-0.0356206742554974
-20.74,0.015312306975000196
-20.701,-0.004928116161442063
-20.6621,-0.007267204904967567
-20.6232,0.01760243300796871
-20.5843,0.020479842591622388
-20.5454,-0.023346805730991006
-20.5065,0.028237731699303346
-20.4676,0.04076399861365603
-20.4287,0.023280764313929145
-20.3898,-0.01193846351907136
-20.3508,-0.0339050512479339
-20.3119,-0.0223128561480926
-20.273,-0.023461892845418483
-20.2341,0.022564696608918966
-20.1952,-0.0049495103774736815
-20.1563,-0.0708180792754373
-20.1174,-0.01502649807618078
-20.0785,0.04918220478616616
-20.0395,-0.010877176450353007
-20.0006,0.0029312650554105986
-19.9617,-0.01772899994554912
-19.9228,-0.031237571433954513
-19.8839,-0.01841191918812744
-19.845,-0.016583246083948296
-19.8061,0.01635097201841324
-19.7672,-0.01963086383345727
-19.7282,0.01503917169928887
-19.6893,0.03105674202993302
-19.6504,0.014668965179925138
-19.6115,0.004301472428738046
-19.5726,0.0396839987553271
-19.5337,-0.010194112845137117
-19.4948,-0.0061163541162212445
-19.4559,0.00011407439765543509
-19.4169,-0.0026568371546506313
-19.378,0.039784473195777395
-19.3391,0.02512862570760019
-19.3002,-0.010428732067595009
-19.2613,-0.017305626293638264
-19.2224,0.03718182793977266
-19.1835,-0.02994566275937494
-19.1446,0.0019066109587563673
-19.1056,-0.0064041740117110725
-19.0667,0.02698784045285757
-19.0278,0.017557269005956555
-18.9889,-0.015737706433985157
-18.95,-0.013358921593856779
-18.9111,0.029569635053637817
-18.8722,-0.027942568566101694
-18.8333,0.024891688243405433
-18.7943,-0.024195746845509163
-18.7554,-0.005994023985548628
-18.7165,-0.018887635880640727
-18.6776,0.0017531364257383688
-18.6387,0.023029111093568234
-18.5998,0.016299046716561922
-18.5609,-0.004092630445444593
-18.522,-0.04439142185155157
-18.483,0.02127549640655573
-18.4441,0.00942231248100597
-18.4052,-0.02352694151615231
-18.3663,0.009557110685259149
-18.3274,0.007647025797529563
-18.2885,0.010839208025876762
-18.2496,-0.010760493099697312
-18.2107,-0.011250717211295686
-18.1717,0.017509317375624292
-18.1328,-0.012333076427854875
-18.0939,-0.013763662076687732
-18.055,-0.010515731837666605
-18.0161,-0.02563381208030673
-17.9772,-0.0006875109240579574
-17.9383,0.0003471884134431287
-17.8994,0.010755598942326028
-17.8605,0.030729033615734216
-17.8215,-0.014454090066901822
-17.7826,-0.007696345613606698
-17.7437,0.011950414382021973
-17.7048,0.006241120841192042
-17.6659,0.011076927077420631
-17.627,0.01931898942767859
-17.5881,0.007522435694445271
-17.5491,-0.02283571054155304
-17.5102,0.015624870718583705
-17.4713,-0.011602578009049664
-17.4324,-0.05675526491065433
-17.3935,-0.0047451849482210455
-17.3546,0.004268696840748702
-17.3157,0.0396899198145587
-17.2768,-0.006693955351102511
-17.2378,0.019794018840274624
-17.1989,0.01228265230884491
-17.16,0.0018887531831532239
-17.1211,0.013005215245613197
-17.0822,-0.00692274346477364
-17.0433,-0.004702500235139733
-17.0044,0.001709451657689884
-16.9655,-0.006662141674496006
-16.9266,0.029378729167580935
-16.8876,-0.0005112699245101507
-16.8487,-0.023397420606627563
-16.8098,0.011584174085554464
-16.7709,-0.013192582301187278
-16.732,0.02942509764308253
-16.6931,0.0021410442380242
-16.6542,-0.009299996764115706
-16.6152,0.018187062698981144
-16.5763,-0.04716639670033946
-16.5374,0.020057084791359963
-16.4985,0.01216464521961003
-16.4596,0.014157671719338343
-16.4207,-0.022504601988669725
-16.3818,-0.008425938317299448
-16.3429,-0.008908245596331518
-16.304,0.015073696688846693
-16.265,-0.003842218832039737
-16.2261,-0.01596456907414811
-16.1872,0.006016907284274565
-16.1483,-0.03911252789156134
-16.1094,-0.001197477421192878
-16.0705,-0.011131078863637995
-16.0316,0.02029613281590293
-15.9927,0.008009505707947055
-15.9537,-0.04344238952646469
-15.9148,-0.014717585154333515
-15.8759,0.004701071473947425
-15.837,-0.016759926795692232
-15.7981,-0.008449473342376869
-15.7592,0.019157577262711507
-15.7203,0.001788833206355095
-15.6814,-0.005502500501189916
-15.6424,-0.00541902023778006
-15.6035,0.011508751968459859
-15.5646,-0.024400720635489273
-15.5257,-0.0002496996021021762
-15.4868,-0.01110890947796634
-15.4479,-0.015148768747047653
-15.409,-0.011774654779151588
-15.3701,0.03744916926624045
-15.3311,0.020910887006345188
-15.2922,0.007908207794365121
-15.2533,0.020615262222078705
-15.2144,0.0022642866951117216
-15.1755,0.006322701183494791
-15.1366,0.021618063124997235
-15.0977,0.002655106060781882
-15.0588,-0.03079751853636066
-15.0198,-0.010634134508554986
-14.9809,0.006801379545062242
-14.942,0.000876363698954408
-14.9031,-0.013332621748470115
-14.8642,0.009868446532327579
-14.8253,0.027057642707368205
-14.7864,0.0025571219768388675
-14.7475,-0.0014807591206541133
-14.7085,-0.0021671620107941506
-14.6696,-0.004507939910523281
-14.6307,-0.00823311596391641
-14.5918,0.006270807983104344
-14.5529,0.020631703302040245
-14.514,-5.857982413733174e-05
-14.4751,0.0004618448231011882
-14.4362,0.0009326028170785318
-14.3972,0.04153605629662761
-14.3583,0.0011540900624301463
-14.3194,-0.01828321855972087
-14.2805,0.0010916197973742225
-14.2416,0.029941795727640247
-14.2027,-0.049276179664856944
-14.1638,0.03160789554922078
-14.1249,-0.01601511513618734
-14.0859,0.007534173631066591
-14.047,-0.00913246428712358
-14.0081,0.009463098067110721
-13.9692,0.04450960121604092
-13.9303,0.015043915984649225
-13.8914,-0.02753039076000586
-13.8525,-0.022242528535303566
-13.8136,-0.029997524592767548
-13.7746,0.0007335983347218199
-13.7357,-0.029696354553139827
-13.6968,0.012918549426909943
-13.6579,-0.006567869243653482
-13.619,0.004442863512271963
-13.5801,0.0048409965444544045
-13.5412,-0.031810154063798654
-13.5023,0.011711301072403719
-13.4633,-0.023117919406738043
-13.4244,0.017800314596598185
-13.3855,-0.012454997206365783
-13.3466,-0.0013870904480482377
-13.3077,0.009543621231254707
-13.2688,-0.024814814246935792
-13.2299,-0.0013204424129265166
-13.191,-0.04305366942140777
-13.152,-0.02004535633724339
-13.1131,0.026185896824253537
-13.0742,-0.02294626884528636
-13.0353,0.01747071793222608
-12.9964,0.019645203281381193
-12.9575,-0.027126324647789198
-12.9186,0.002257983881729978
-12.8797,-0.004261653747356775
-12.8408,-0.06136203501435031
-12.8018,0.02439564727665835
-12.7629,-0.012935542290139518
-12.724,-0.017159552702309296
-12.6851,0.007471500127092701
-12.6462,0.023973826712873618
-12.6073,-0.007963922554990854
-12.5684,-0.003816950094725595
-12.5294,0.004441558315248114
-12.4905,0.012520211552816844
-12.4516,-0.019047969934789407
-12.4127,-0.004013142612191382
-12.3738,-0.01794538076078005
-12.3349,0.006175835222032277
-12.296,0.005696143802349165
-12.2571,-0.005362246816800766
-12.2181,-0.010929469543758851
-12.1792,-0.006446617074602069
-12.1403,0.016133398235622987
-12.1014,-0.01329029174029837
-12.0625,-0.031720978463241595
-12.0236,0.01297083493498759
-11.9847,-0.016226639591179613
-11.9458,-0.0051338452321239274
-11.9069,0.019788345909680507
-11.8679,-0.023644740692659788
-11.829,0.01451228866758357
-11.7901,-0.012977410775174218
-11.7512,0.0292201913971639
-11.7123,-0.0065601709877806235
-11.6734,-0.028085508317645256
-11.6345,-0.01219636567561063
-11.5956,-0.012745774489432048
-11.5566,-0.0052286755261089415
-11.5177,-0.019363077177101166
-11.4788,-0.029988017919678176
-11.4399,0.011944472527868191
-11.401,0.005693101372227557
-11.3621,-0.014280091893175927
-11.3232,0.023703831401767912
-11.2843,0.03883626079064496
-11.2453,0.04106351769861762
-11.2064,0.017461271004707193
-11.1675,0.01581354726467246
-11.1286,0.005516787644463984
-11.0897,0.00856469606041812
-11.0508,-0.001541223033000078
-11.0119,-0.019278409991822964
-10.973,-0.0222847660787784
-10.934,-0.0023126013000754203
-10.8951,0.021372306921402684
-10.8562,0.005272061636363552
-10.8173,0.0538271063386448
-10.7784,0.004820086997968623
-10.7395,0.02247688765666317
-10.7006,-0.020656629402856827
-10.6617,0.0222198673696622
-10.6227,-0.00037375201367861703
-10.5838,-0.011009811858047995
-10.5449,0.01358577675238983
-10.506,-0.012870687590226733
-10.4671,0.0314434023190125
-10.4282,-0.0009142295113862359
-10.3893,0.02031870830363845
-10.3504,0.011960493647536936
-10.3114,-0.003816753728689148
-10.2725,-0.0009124996126705772
-10.2336,0.005910794968301626
-10.1947,0.009882623496214766
-10.1558,-0.020309366329567615
-10.1169,-0.016105610041691365
-10.078,0.007699610151945868
-10.0391,-0.01108662334965185
-10.0001,0.02773001520986719
-9.96124,-0.040242673556827493
-9.92232,0.007550904055286327
-9.88341,0.00894040520270683
-9.8445,0.004932840164769045
-9.80558,0.024350316933150765
-9.76667,0.000830611101103395
-9.72776,-0.014837006240064522
-9.68884,-0.005736311977169805
-9.64993,0.024618717239414167
-9.61102,-0.006832541105577012
-9.57211,-0.019704203310018736
-9.5332,0.003482027054353208
-9.49429,-0.011620885287114226
-9.45537,0.004059669043754492
-9.41646,-0.010126837411523457
-9.37755,0.0011692266930978436
-9.33863,-0.03071842549968469
-9.29972,0.010466745159069488
-9.26081,-0.004137788144597426
-9.22189,0.02703676513260697
-9.18298,-0.03214523082450673
-9.14407,0.02307992440938065
-9.10516,-0.0033571355790424397
-9.06625,0.023539391765271426
-9.02734,-0.02886367600152126
-8.98842,-0.016553860977900153
-8.94951,0.005965252178345591
-8.9106,0.01690318398853205
-8.87168,0.02370082843376994
-8.83277,-0.0003547041740281302
-8.79386,-0.011976415894791863
-8.75494,-0.0233123690136545
-8.71603,-0.011852268962117976
-8.67712,0.023696914444353446
-8.63821,-0.004476271832207059
-8.5993,-0.012491824411125486
-8.56039,-0.0027322635964684367
-8.52147,0.0016838497916030959
-8.48256,0.03119557407051798
-8.44365,-0.00675238220697702
-8.40474,0.005849574703313846
-8.36582,0.009884899220992003
-8.32691,-0.020104484419598122
-8.288,-0.01128754230184758
-8.24908,-0.004582347189154565
-8.21017,-0.03583900903510978
-8.17126,-0.014736847897926064
-8.13235,0.008397290432230028
-8.09344,-0.020030425313943542
-8.05453,0.0004048848584409098
-8.01561,-0.02369134634643803
-7.9767,0.001407341472122986
-7.93779,-0.012009632166109105
-7.89887,-0.023648284780671516
-7.85996,-0.010404113262839083
-7.82105,0.005373313361336845
-7.78214,0.026196962578278082
-7.74323,-0.0014815497944187517
-7.70432,-0.0018060892293544645
-7.6654,-0.00675101146307014
-7.62649,-0.0024957172026260866
-7.58758,-0.03243443890822087
-7.54866,-0.002561798862706228
-7.50975,-0.016149651692393366
-7.47084,-0.009047744023336366
-7.43192,0.01704919484699798
-7.39301,-0.02116119137608899
-7.3541,0.011628491526571786
-7.31519,0.0028802222837861578
-7.27628,0.01607220810887652
-7.23737,-0.011554203981544072
-7.19845,-0.021791695164101767
-7.15954,-0.03808904647566517
-7.12063,-0.02827747923075707
-7.08171,-0.016685611318538338
-7.0428,-0.022279357576414537
-7.00389,-0.018946341993465027
-6.96497,0.027396968514584757
-6.92606,0.014258236609732761
-6.88715,-0.028091787117798018
-6.84824,0.0035738822883119043
-6.80933,0.011145776718208917
-6.77042,0.011520025230937517
-6.7315,0.011141024878437515
-6.69259,0.030188817664861086
-6.65368,-0.0097900525434979
-6.61477,-0.028161547993939932
-6.57585,-0.014025112651229415
-6.53694,-0.005156472393890126
-6.49803,0.05889699678848488
-6.45911,-0.010037308800668016
-6.4202,-0.019483622428309217
-6.38129,-0.012958672562179108
-6.34238,-0.025915723662318924
-6.30347,0.012169088762984021
-6.26456,0.002074311255655938
-6.22564,-0.022243208574419346
-6.18673,0.007486819706503205
-6.14782,-0.013215377060819836
-6.1089,-0.011207111730310415
-6.06999,-0.01472085650474624
-6.03108,0.010718184747316915
-5.99216,-0.002855222203704698
-5.95325,-0.009345657578102604
-5.91434,0.002239759156720521
-5.87543,-0.04823462663030442
-5.83652,0.025642160257447654
-5.79761,-0.004193483949904286
-5.75869,0.004883746540441122
-5.71978,-0.0008856800259671756
-5.68087,0.001294872773157935
-5.64195,-0.01337360019257941
-5.60304,0.007704477484018576
-5.56413,0.01226265470845053
-5.52522,-0.009011939175152691
-5.48631,0.010808492546833387
-5.4474,0.012627219953234856
-5.40848,0.04677830135061322
-5.36957,0.041155416852311846
-5.33066,-0.0038061555753173965
-5.29174,0.004267719027130724
-5.25283,-0.010349340691822195
-5.21392,0.0011879792386423685
-5.175,-0.010183803553098841
-5.13609,0.04042682063218438
-5.09718,0.004084702481126549
-5.05827,0.001347048195710577
-5.01936,0.0040028464057858875
-4.98045,0.0012360152360073049
-4.94154,0.004363808273266372
-4.90262,0.008139024094786505
-4.86371,0.023804978691126074
-4.8248,0.009255877837443121
-4.78588,-0.013891357883500549
-4.74697,0.006335965196771581
-4.70806,-0.007486941016322396
-4.66914,0.0038549041045461622
-4.63023,-0.02112063141582026
-4.59132,0.010467842704545911
-4.55241,0.00506038298143271
-4.5135,0.004247350375523063
-4.47459,-0.0380569571363486
-4.43567,-0.014294380129842766
-4.39676,-0.009311440443514504
-4.35785,0.015108997149505038
-4.31893,0.005580603309836801
-4.28002,-0.00807714581499951
-4.24111,0.015678659818910985
-4.20219,0.025564143971097616
-4.16328,-0.012957271086927229
-4.12437,-0.006668589313673525
-4.08546,-0.01933801442407437
-4.04655,0.013111096459160058
-4.00764,-0.01979585074063318
-3.96872,0.011982641470272951
-3.92981,-0.006133444302178915
-3.8909,0.012753712410680452
-3.85198,0.043845749171044585
-3.81307,-0.029240970496529215
-3.77416,-0.03380083208589959
-3.73524,-0.016368226564619656
-3.69633,-0.011009628512986964
-3.65742,0.04036600684705329
-3.61851,0.04257343981809728
-3.5796,-0.009002231701783514
-3.54069,-0.008087906465049767
-3.50177,0.006232800514232885
-3.46286,-0.0007728098701323101
-3.42395,-0.0008157150842972331
-3.38503,0.01963190811807727
-3.34612,-0.045286294615816985
-3.30721,-0.0220096016000091
-3.2683,-0.02499905379106218
-3.22939,-0.047186042780748186
-3.19048,-0.0017759360655857197
-3.15157,-0.054230643405140805
-3.11265,-0.03738603940073839
-3.07374,0.005073636838689329
-3.03483,0.013851012845212875
-2.99591,0.008731426249131721
-2.957,-0.002910867990023315
-2.91809,0.010408094283023491
-2.87917,-0.01786671325100266
-2.84026,0.011656108108182933
-2.80135,-0.007941328547039127
-2.76244,0.02415700981063317
-2.72353,-0.02526339997627962
-2.68462,-0.008261737802811727
-2.6457,0.018346173515603484
-2.60679,-0.0017758095622996267
-2.56788,0.022919376389873194
-2.52896,-0.000959487823084971
-2.49005,0.05881765878422338
-2.45114,0.016712514504629888
-2.41222,0.004975211865670635
-2.37331,-0.014578170944805591
-2.3344,0.017357224341929274
-2.29549,0.03408671814727373
-2.25658,-0.004403016708455758
-2.21767,0.004322075294289468
-2.17875,0.0039125055489827795
-2.13984,0.019935915273869724
-2.10093,0.0422856020396278
-2.06201,-0.018159786409420724
-2.0231,0.0421302163178673
-1.98419,-0.013610542514535
-1.94527,0.003116629614111078
-1.90636,-0.008983803590828232
-1.86745,0.019846672120498482
-1.82854,0.01773704827519964
-1.78963,-0.007202014310447373
-1.75072,0.007329133139757136
-1.7118,0.009967429411637231
-1.67289,0.02124541152420935
-1.63398,-0.05353393524963884
-1.59506,0.035825948150460724
-1.55615,0.034022023519919425
-1.51724,0.008129184764212411
-1.47833,-0.010796115456742732
-1.43941,0.02192204346341968
-1.40051,-0.020927490852516308
-1.3616,-0.030419965878239332
-1.32268,0.018212514656659864
-1.28377,0.017712565238557746
-1.24486,0.005107698192833684
-1.20594,0.009507129864819183
-1.16703,-0.008530797768264507
-1.12812,0.028064928917027457
-1.0892,0.007629311306009627
-1.05029,-0.0187383056253453
-1.01138,0.028785932249258267
-0.972466,0.02130385184596018
-0.933556,0.02333501998236877
-0.894646,-0.00195894430708296
-0.855728,-0.008120190360606079
-0.816818,0.024582095493696395
-0.777908,-0.0015527740406096416
-0.738991,-0.04246930239175525
-0.700081,0.00010995034958031884
-0.661171,0.017667731347109777
-0.622253,0.012494749090175759
-0.583344,-0.010917900130140906
-0.544434,-0.036778318033938426
-0.505516,-0.0025796252078490386
-0.466606,-0.019829111217122327
-0.427696,0.00036523942621555217
-0.388779,0.008210993213953315
-0.349869,0.026846447301515402
-0.310959,-0.011120000186027382
-0.272041,0.039145486796368936
-0.233131,-0.007610309443862089
-0.194221,0.02943767161208418
-0.155304,-0.047910803157263565
-0.116394,-0.014981539265095049
-0.0774841,0.00017079021146563025
-0.0385666,0.017949263491441575
0.000343323,0.03358489112119268
0.0392532,0.023229090169002292
0.0781708,-0.003989179500803009
0.117081,0.006710000080260451
0.155991,0.0065621069720959236
0.194901,0.03136068451493555
0.233818,-0.014090750508875868
0.272728,-0.028094922393180555
0.311638,-0.003269949565282488
0.350555,0.012633336049769534
0.389465,0.010035039727855109
0.428375,0.03822190982503388
0.467293,-0.004996212438201723
0.506203,0.0026314248789621065
0.545113,-0.011562378221602434
0.58403,0.02274861030210032
0.62294,0.002709916603005089
0.66185,-0.02612975916608412
0.700768,-0.007933935604370737
0.739677,0.008352572255704922
0.778587,0.010076656752622355
0.817505,0.030401052164517755
0.856415,-0.0037852014654608766
0.895325,0.04505158159642032
0.934242,0.002568802750553158
0.973152,-0.007620588106619773
1.01206,0.012628808033355398
1.05098,-0.004835718934614909
1.08989,0.003193719098223847
1.1288,-0.0005503639072746355
1.16772,0.025917733735974294
1.20663,0.0011248701536548521
1.24554,0.025239968980435845
1.28445,0.010558396494338677
1.32336,-0.00839806984820334
1.36227,-0.04633705364195235
1.40119,0.024354864513770058
1.4401,0.006501409755083908
1.47901,0.03665293531650406
1.51793,0.022038158142113545
1.55684,0.019921390336631116
1.59575,0.01183361350095416
1.63467,0.017465559573839443
1.67358,-0.01318325775917519
1.71249,-0.01029823867260836
1.7514,0.016916049734009495
1.79031,0.03082013063416003
1.82922,0.018109922917914155
1.86813,0.0013144469460161404
1.90705,-0.012285965108950102
1.94596,-0.005465156063864258
1.98487,-0.023671625110063377
2.02379,-0.010845027072218929
2.0627,0.019405332713915122
2.10161,-0.00464547676054334
2.14053,-0.028567077132095
2.17944,0.01345262170637753
2.21835,-0.001899526812386386
2.25726,-0.00303467384046967
2.29617,0.010600233444527981
2.33508,-0.0016805248406927932
2.374,0.0300305067529965
2.41291,-0.049254856951333734
2.45182,-0.009784217543810585
2.49074,0.0002522823451983451
2.52965,-0.0032791450610575945
2.56856,-0.008868754623998552
2.60748,0.002408354827624727
2.64639,0.02756518705550165
2.6853,-0.022446994087178776
2.72421,-0.0031717018577995153
2.76312,0.017700379876245176
2.80203,-0.039619336623696114
2.84095,-0.01222544943501304
2.87986,0.011417766501341842
2.91877,-0.006073819887007358
2.95769,0.007688393740756871
2.9966,-0.03372066046849932
3.03551,0.02118455961624114
3.07442,0.013166865570022062
3.11333,0.0002296877224717362
3.15224,-0.03035712487990639
3.19116,-0.003665017447612466
3.23007,0.004884821257272798
3.26898,-0.010001174432926373
3.3079,0.027246645078717033
3.34681,0.00851717577405217
3.38572,-0.0008586015618827844
3.42464,-0.005643397399180886
3.46355,-0.01804893651578643
3.50246,0.026778826099727808
3.54137,-0.003302962226362144
3.58028,-0.027813597626077706
3.61919,0.01641656603006138
3.6581,-0.03410854434589633
3.69702,0.013779910960009125
3.73593,0.02129445655254623
3.77484,0.010796950843933999
3.81376,0.013111859500489187
3.85267,0.0588581229172476
3.89158,0.027325762551098594
3.9305,-0.01608744839469163
3.96941,-0.003523431900577308
4.00832,-0.011816689015398943
4.04723,-0.003619367579875906
4.08614,0.007621923535696925
4.12505,-0.023078803836828615
4.16397,-0.00492669598886959
4.20288,-0.023595967100479502
4.24179,0.008764411611769775
4.28071,-0.004542905960535701
4.31962,0.005036494428588506
4.35853,0.0002734838275760998
4.39745,0.0034311359458466585
4.43636,-0.019815194721023954
4.47527,-0.015144270735317166
4.51418,0.001068948878380984
4.55309,-0.0003112320987135996
4.592,0.027095114889670473
4.63092,-0.00508094663193126
4.66983,-0.019007588953385578
4.70874,-0.009334898708738942
4.74766,0.020461868919900858
4.78657,0.0054776863408602765
4.82548,0.03216966425092881
4.8644,-0.020488738223835005
4.90331,-0.01180985575155339
4.94221,0.018959001694271373
4.98113,-0.02557886459004198
5.02004,0.009348608520903804
5.05895,0.012761850550969834
5.09787,-0.04551993853223894
5.13678,0.014087826379557503
5.17569,0.0114988246676432
5.21461,-0.03654511934055307
5.25352,-0.013654782534623051
5.29243,0.00738789079472516
5.33134,-0.008824979391915212
5.37025,-0.023146277109874637
5.40916,0.004627823452599832
5.44807,-0.013950569629041149
5.48699,0.011799001125847466
5.5259,0.03683256084389644
5.56481,-0.0496033469984303
5.60373,0.003924276869016051
5.64264,0.01612642742965001
5.68155,0.02871948802927145
5.72047,-0.0272597359751561
5.75938,0.01799737573974077
5.79829,-0.0015017074900601445
5.8372,-0.01525007990539166
5.87611,0.024452271324812966
5.91502,0.0098390300784667
5.95394,-0.00728791886559498
5.99285,0.002770145681453917
6.03176,0.017106736915105537
6.07068,0.012987828861979543
6.10959,-0.018500384612198804
6.1485,-0.01170507277174826
6.18742,-0.017648238307428787
6.22633,-0.01388429553404242
6.26524,0.04030827055573073
6.30415,0.011743939302884856
6.34306,0.003455281262515781
6.38197,-0.010077069581225232
6.42089,-0.02693718092724513
6.4598,-0.024698861187632003
6.49871,-0.01529788924332558
6.53763,0.013244430099063332
6.57654,-0.014659150896457758
6.61545,-0.02810513461732545
6.65437,-0.0261414019266844
6.69328,-0.015531925620684301
6.73219,-0.022711647845665244
6.7711,0.016260937485436302
6.81001,0.015223205249864475
6.84892,0.0049949439352877266
6.88784,0.0035727994839555494
6.92675,-0.0010256942576562598
6.96566,-0.0013915350398023218
7.00457,0.009560073201356253
7.04349,-0.034037698248778406
7.0824,-0.023135724623942325
7.12131,-0.03242587812505576
7.16022,0.015975356797133234
7.19913,-0.023460817988296453
7.23804,-0.009397033688883566
7.27696,0.002137555544152854
7.31587,-0.0007975679408958845
7.35478,-0.012990801300194975
7.3937,0.019503771021605058
7.43261,0.0037024657508024673
7.47152,-0.010516319538984069
7.51044,0.007199823021098888
7.54935,-0.011706608211566842
7.58826,0.039676492632456324
7.62717,0.015664655825347845
7.66608,-0.005485102504889247
7.70499,0.030201849958042006
7.74391,-0.029470336540200433
7.78282,0.015152271209297869
7.82173,-0.0008861704063372239
7.86065,-0.023623273453100554
7.89956,-0.013334912982580785
7.93847,0.01369957102638255
7.97739,-0.010432797841600632
8.0163,0.016389844242443084
8.05521,-0.019608354578531103
8.09412,-0.022979947089341403
8.13303,-0.012004266488508568
8.17194,0.006253403337043092
8.21086,0.0015393067024144277
8.24977,-0.005036295934293545
8.28868,0.0011770965836848217
8.3276,0.02305131018806862
8.36651,0.02637906151497252
8.40542,-0.011470963746247642
8.44434,0.0281634177652686
8.48325,-0.0014116284585427028
8.52216,-0.0024695047561653365
8.56107,-0.006947888299640424
8.59998,-0.015379725317893334
8.63889,0.043329505610496755
8.67781,0.024859564425945335
8.71672,-0.00687347856149844
8.75563,-0.0031944222177097484
8.79454,-0.001918514957551895
8.83346,0.006489772716379749
8.87237,0.0049857400918185205
8.91128,-0.015544729677435008
8.9502,0.04062572088095788
8.98911,0.03884607593672967
9.02802,-0.009587862544826613
9.06693,-0.010489829390161822
9.10584,-0.02329225490923262
9.14476,0.006527583846804818
9.18367,-0.009201469296059275
9.22258,-0.006076511491971738
9.26149,-0.01026563890748891
9.3004,-0.010167888436175512
9.33932,0.023145777591434755
9.37823,-0.008214580798774518
9.41714,0.025776041495599103
9.45605,0.006233531539591464
9.49497,-0.015137119414661405
9.53388,-0.007000742454450379
9.57279,-0.026545057110049154
9.61171,0.007755581569737173
9.65062,-0.047435042039589176
9.68953,-0.009423161824299621
9.72844,0.00675891271033736
9.76735,0.02429285815408579
9.80627,0.0009927232207852452
9.84518,-0.010520831012981083
9.88409,-0.008230731492872368
9.923,-0.002705076373548351
9.96192,-0.01447622810712557
10.0008,-0.04261683808150009
10.0397,-0.0251499081103288
10.0787,0.0021274373447300304
10.1176,-0.0026962509476550086
10.1565,-0.007061182606965889
10.1954,0.026473717443170543
10.2343,-0.03304411988780683
10.2732,0.007323652273568291
10.3121,-0.02993326506487841
10.351,-0.03779064408360065
10.39,0.02030921671077441
10.4289,-0.024808230210115544
10.4678,0.0009678306296272525
10.5067,0.0074452393012365125
10.5456,-0.04483566568627562
10.5845,-0.030195914926083627
10.6234,-0.01182401944123734
10.6623,-0.005437159834745361
10.7013,-0.002943104950624102
10.7402,-0.011828494322715011
10.7791,0.0026629762511420057
10.818,-0.017372068592647356
10.8569,-0.01753346574001091
10.8958,0.017972911596458217
10.9347,0.022397377801280326
10.9736,-0.029399352485176125
11.0126,-0.014341339581797119
11.0515,0.005146929406869286
11.0904,0.052279565136606004
11.1293,-0.007332768334956832
11.1682,-0.0011083282895545362
11.2071,-0.0017167774458483913
11.246,0.007260896699303359
11.2849,-0.032809377652500755
11.3238,-0.007312373949713501
11.3628,0.02529686262886147
11.4017,0.0023496789496868877
11.4406,0.010463893081186514
11.4795,-0.02181386775063841
11.5184,-0.0017350201126492184
11.5573,-0.0020011131547675465
11.5962,0.03777005537004069
11.6352,-0.017204575301001848
11.6741,0.00455453933994481
11.713,-0.004065125876879671
11.7519,-0.03266547387298269
11.7908,0.010609567466185537
11.8297,-0.02406358832744617
11.8686,0.03762533378884396
11.9075,-0.0399131028099744
11.9464,0.018738746688437197
11.9854,0.014393968366528636
12.0243,0.01324412792663429
12.0632,0.01516260977620679
12.1021,0.025729461564454874
12.141,0.009673903532974062
12.1799,-0.002447684572099128
12.2188,-0.012304138661334575
12.2577,0.022093461784499748
12.2967,0.02305065168567059
12.3356,-0.014909197523900297
12.3745,-0.011805198856925287
12.4134,0.008526425883890352
12.4523,-0.011749700271268112
12.4912,-0.006484713651558957
12.5301,-0.021522223127302176
12.569,-0.03284216026551783
12.608,0.015837217419257733
12.6469,-0.0031165658949407014
12.6858,0.02211006386226001
12.7247,-0.019115166806118855
12.7636,-0.006417079509038043
12.8025,0.02182920675668677
12.8414,-0.023219011675907522
12.8803,-0.019053544723223605
12.9193,-0.0018777256846549519
12.9582,-0.013740771815510977
12.9971,0.00017169584692272762
13.036,-0.010468199311122667
13.0749,0.009226315013237162
13.1138,-0.029165213372760117
13.1527,0.008367180086801103
13.1916,0.014816852542351053
13.2306,0.015283716528476685
13.2695,0.0031063307207903827
13.3084,0.014960477185640513
13.3473,-0.026919642110660263
13.3862,-0.016478072488593135
13.4251,-0.006182746302462291
13.464,-0.012862011701150446
13.5029,0.023624849682532895
13.5419,0.01894257448496278
13.5808,-0.013459476661029663
13.6197,-0.019216666087272828
13.6586,-0.0005775784597997567
13.6975,-0.003712940118651119
13.7364,0.018279740096686106
13.7753,-0.017207970692074866
13.8142,0.0031667786289733407
13.8532,-0.041129043293135506
13.8921,0.02393602293980824
13.931,-0.008649280746331322
13.9699,0.0018098909004261518
14.0088,0.03539962709038409
14.0477,0.004732044815272973
14.0866,0.02151882632561767
14.1255,-0.003162489093556227
14.1645,0.01561878122028857
14.2034,0.00015442988094975692
14.2423,-0.014717835957478102
14.2812,0.01791219839525997
14.3201,-0.003517819287845038
14.359,-0.013206547485272311
14.3979,0.022749708488441853
14.4368,-0.008564898096579761
14.4758,-0.011713903599082077
14.5147,0.0019567515441307227
14.5536,0.0007244618612942347
14.5925,-0.0034638645105108173
14.6314,0.0015594355207528025
14.6703,-0.010232311438508468
14.7092,0.0067418932436145475
14.7481,0.027428456325201654
14.7871,0.009178244688798373
14.826,0.008254278431641365
14.8649,-0.0026631107059928456
14.9038,-0.001381161349032694
14.9427,-0.021041677044071085
14.9816,0.009541878253994357
15.0205,-0.031162017394604655
15.0594,0.007355251319113494
15.0984,-0.0012600960080168932
15.1373,0.013361521847706975
15.1762,-0.021095709290116647
15.2151,-0.0029725488912548366
15.254,0.012275887861994806
15.2929,0.021242891337026358
15.3318,-0.008834959666636694
15.3707,-0.012475442859994364
15.4097,0.004059245457141007
15.4486,-0.029020171332575947
15.4875,0.00844496980731085
15.5264,-0.004002715877695056
15.5653,0.00144584135355421
15.6042,-0.036801155508035574
15.6431,-0.025399687610549813
15.682,0.02100461358801448
15.721,0.028615463304314182
15.7599,0.014676709496923162
15.7988,-0.018916475757937028
15.8377,-0.02541171665110813
15.8766,-0.042017182596454476
15.9155,0.01300068725592742
15.9544,-0.008976002115158881
15.9933,-0.03811992085091695
16.0322,0.007688397136157023
16.0712,-0.003497038713451117
16.1101,-0.019728859222781423
16.149,-0.014671792295902033
16.1879,0.008022739831078363
16.2268,0.031540788752136825
16.2657,0.021463158991815494
16.3046,-0.022959234132181056
16.3435,-0.025091191788476075
16.3825,0.0014655453877247815
16.4214,0.010374395750199434
16.4603,0.019239152146022655
16.4992,-0.017711611043139272
16.5381,0.02501472249004506
16.577,0.020530416218039145
16.6159,-0.005812566744934165
16.6549,-0.017601373555820452
16.6938,-0.02585001582451995
16.7327,0.01826237329518887
16.7716,-0.001134228678137006
16.8105,0.003114208165480102
16.8494,-0.03887262064392122
16.8883,-0.00860403972174073
16.9272,0.03351965569087802
16.9661,0.017730003161106133
17.0051,0.004298265637514974
17.044,0.0009329234653341245
17.0829,0.021369838407684614
17.1218,0.026358130553031774
17.1607,-0.01438269566483511
17.1996,0.018110588389483324
17.2385,-0.01772683257115921
17.2774,-0.017671955343574797
17.3164,-0.004896004260580786
17.3553,-0.006606211322495314
17.3942,0.015421874517599344
17.4331,0.01226119115266693
17.472,0.0058209338444509245
17.5109,-0.013309628920030202
17.5498,-0.004285459300423755
17.5887,-0.03155258429342798
17.6277,-0.011842104275413226
17.6666,-0.0037007164395338674
17.7055,0.023197139967189064
17.7444,0.018030606719165967
17.7833,0.010749042629216454
17.8222,-0.015658265417640257
17.8611,-0.02047089418168368
17.9,-0.04677233906308191
17.939,-0.007567889121901775
17.9779,0.014674285786001752
18.0168,-0.0033535417444274015
18.0557,0.03870042441158378
18.0946,0.008129080761282112
18.1335,-0.01902259038705984
18.1724,-0.001641503657929956
18.2113,-0.00296039687979781
18.2503,0.024962962336582926
18.2892,-0.004264599103273385
18.3281,-0.026127665563158868
18.367,-0.007538073497045472
18.4059,0.0019366820340968299
18.4448,0.005253602208646596
18.4837,0.016144797875385947
18.5226,0.004687068914048027
18.5616,-0.030447244505046503
18.6005,-0.008912910494816052
18.6394,-0.007860251155251078
18.6783,-0.004774471914590855
18.7172,-0.019321389628173705
18.7561,0.005544306298115365
18.795,0.018005541495206834
18.8339,0.01090465719034284
18.8729,-0.009450376944658629
18.9118,-0.02166859499418912
18.9507,-0.0026821319834608656
18.9896,-0.013925894459014125
19.0285,-0.012563834725446175
19.0674,0.0077373590184071014
19.1063,-0.012857905890099625
19.1452,0.0016648716324600549
19.1842,-0.035669245961334514
19.2231,0.01966725096727653
19.262,0.0007335279258823286
19.3009,0.011747094424909812
19.3398,0.013835894250166767
19.3787,-0.024988114065016498
19.4176,0.0009847155963173464
19.4565,0.045732049767930466
19.4955,0.004911761664233932
19.5344,-0.0009295198916227376
19.5733,0.0052922748907206305
19.6122,-0.010091263437197167
19.6511,-0.0253191497840293
19.69,0.04037483452653119
19.7289,0.016039986656648422
19.7678,0.0006712186763836845
19.8068,-0.024623680866222922
19.8457,0.003045844978468079
19.8846,-0.008185250784618094
19.9235,0.0012982690929869665
19.9624,0.000673735562798659
20.0013,0.005070147619437935
20.0402,-0.019962992729407263
20.0791,0.000564535841282405
20.1181,-0.01599808761620565
20.157,-0.04467370032356107
20.1959,0.025377863815182585
20.2348,0.021203411673569053
20.2737,-0.015693318806268623
20.3126,0.002503790869356173
20.3515,-0.020370426759071483
20.3904,-0.006770800108020846
20.4294,0.007023291700528935
20.4683,0.002863573274610861
20.5072,0.0022371665660708383
20.5461,-0.002074325484738731
20.585,0.014711590448770774
20.6239,0.01611076432292651
20.6628,-0.01592165068135587
20.7017,0.015852139428862988
20.7407,-0.00461833579596044
20.7796,-0.00041364943042133864
20.8185,-0.010116865460863947
20.8574,-0.008171055337010328
20.8963,-0.007515854607599383
20.9352,0.01755873525956192
20.9741,0.008345722197558936
21.013,0.004235296732733188
21.0519,0.025477949503341327
21.0909,0.001833880933477557
21.1298,-0.017215250869277603
21.1687,0.002299884821557458
21.2076,0.025827087147635083
21.2465,0.02398889410748057
21.2854,0.0015605267085569141
21.3243,0.011598525932666633
21.3632,-0.014120654929023303
21.4022,-0.02246559514225158
21.4411,-0.015072355228527514
21.48,0.016700414472322112
21.5189,0.002633610298790408
21.5578,0.01788112203584951
21.5967,-0.002923091723856021
21.6356,0.06312207898883435
21.6745,0.028892040300605146
21.7135,0.04244175074545145
21.7524,-0.02649070541651806
21.7913,-0.016482175273046632
21.8302,-0.0355367271182984
21.8691,0.010126249636528459
21.908,-0.031774909703000245
21.9469,-0.015731590294766992
21.9858,-0.0070907669880358555
22.0248,-4.731352878754348e-05
22.0637,0.009525195862512176
22.1026,0.02133186374330211
22.1415,-0.009531185325814387
22.1804,0.013156564645159513
22.2193,0.0014563124729756439
22.2582,0.006126215478983729
22.2971,-0.01713617247499308
22.3361,0.03693579003117535
22.375,-0.024384950965587
22.4139,0.006609025665772171
22.4528,0.029188414408562197
22.4917,-0.01573938625242926
22.5306,0.017136554426757152
22.5695,0.03273804274608466
22.6084,-0.0027386357802755045
22.6474,0.014958742845150235
22.6863,0.013404211239711066
22.7252,0.003285736763516332
22.7641,-0.008286699225978236
22.803,0.0035935863627635854
22.8419,-0.0006592832254945532
22.8808,-0.010322780206204456
22.9197,-0.011901652659879296
22.9587,0.02558352553581302
22.9976,-0.0264742431905793
23.0365,-0.005609727679895877
23.0754,-0.011409624260368794
23.1143,-0.018705293089092724
23.1532,0.01076512090256996
23.1921,-0.014565005627242198
23.231,0.005609195342225152
23.27,0.032075007603881316
23.3089,-0.0034282726031289006
23.3478,-0.02450765877990224
23.3867,0.0016816841601737507
23.4256,-0.02532704339167006
23.4645,0.00892721008943711
23.5034,0.02124329575982493
23.5423,0.025929743876750996
23.5813,-0.015327484660410434
23.6202,-0.006923899873122249
23.6591,-0.00426028427363734
23.698,-0.054178637990752204
23.7369,0.020757017881481925
23.7758,-0.020162014646530224
23.8147,-0.016848888211499245
23.8536,0.001472093595265636
23.8926,-0.0015548513593542004
23.9315,-0.03625200362979393
23.9704,-0.01301318603022467
24.0093,0.011105265458016308
24.0482,0.0065102115138611204
24.0871,-0.0004394787756675676
24.126,-0.0023250547735565877
24.1649,-0.012324889374777647
24.2039,-0.030283275992080857
24.2428,0.01581431302297443
24.2817,0.006182807965355978
24.3206,-0.00892916765004588
24.3595,0.02580240539800818
24.3984,0.0038097500666674253
24.4373,0.02554660640325176
24.4762,-0.0250925242068051
24.5152,0.02143115173069777
24.5541,0.015988662728307967
24.593,-0.0019062470046790833
24.6319,0.013617700258590631
24.6708,0.016942441078693873
24.7097,0.019031980741770264
24.7486,-0.004163020413010861
24.7875,0.031974410553483684
24.8265,-0.0032943116049027397
24.8654,-0.005903870712429355
24.9043,0.02421480307259682
24.9432,-0.008142580657550583
24.9821,-0.043121000729858965
25.021,0.008864602038364602
25.0599,-0.008594569311474348
25.0988,-0.0005192520789775706
25.1378,-0.02485026445569065
25.1767,0.007166225200843718
25.2156,0.011610422902952888
25.2545,-0.006803712391411621
25.2934,-0.01482657158082482
25.3323,-0.006032145454216381
25.3712,-0.003466522927049654
25.4101,0.0018291627946575954
25.4491,0.005693493530196679
25.488,0.00455383139699473
25.5269,0.00625767110091154
25.5658,0.01272126120840499
25.6047,0.0009350200126536203
25.6436,0.008071907393204538
25.6825,-0.010398365972808618
25.7214,-0.0007989137232180931
25.7603,0.01326111398338213
25.7993,0.04046880951890626
25.8382,0.01612628490917306
25.8771,0.0005737650650196324
25.916,0.01115330200574002
25.9549,-0.007453418138971915
25.9938,-0.006654344444442552
26.0327,0.01242942289175284
26.0716,-0.004405784395011558
26.1106,0.016100255031452473
26.1495,-0.0038744723770878283
26.1884,0.004821258672831427
26.2273,-0.020960335694788296
26.2662,-0.022520321838571132
26.3051,-0.03142743703916474
26.344,-0.01344852977428039
26.3829,0.006242387195356846
26.4219,-0.02408739349972661
26.4608,0.010867657249750156
26.4997,-0.006667300777313208
26.5386,0.006741956994711126
26.5775,-0.01769119161279527
26.6164,-0.01596116168818633
26.6553,-0.029604055415236273
26.6942,0.012779226523596634
26.7332,0.005433237348858739
26.7721,0.02147231101756638
26.811,0.010413564348624789
26.8499,-0.013936416500090667
26.8888,0.010031803617066857
26.9277,-0.006815684574166708
26.9666,0.006763279143112011
27.0055,-0.020198808803375753
27.0445,0.029763309086992214
27.0834,0.021053346132771374
27.1223,-0.013404204559125488
27.1612,0.03246269549072074
27.2001,-0.021109123342372797
27.239,-0.026217800564536663
27.2779,-0.017398393305632955
27.3168,-0.024631652687030138
27.3558,0.005092879043062358
27.3947,-0.013582652761132345
27.4336,-0.014728511878906312
27.4725,0.04196273699375146
27.5114,0.021437986975392894
27.5503,0.0012814661519719075
27.5892,0.008858860885431056
27.6281,-0.00870540651889112
27.6671,-0.008720162540612886
27.706,0.01563841038750497
27.7449,-0.026543514394129518
27.7838,0.013584135768233621
27.8227,-0.024798094321379312
27.8616,0.01691813423801419
27.9005,0.020030072946885448
27.9394,-0.01802165879060559
27.9784,-0.03138683779110641
28.0173,0.023109383143779978
28.0562,-0.0037732801305265205
28.0951,-0.018760139870549634
28.134,0.00012474930803600334
28.1729,-0.03140004619148728
28.2118,-0.01936562945054437
28.2507,-0.0025724779340513104
28.2897,0.027697512004070723
28.3286,0.01380185146199128
28.3675,0.029226027157519305
28.4064,0.008108149554741312
28.4453,0.017308603586898893
28.4842,-0.000847901822473613
28.5231,0.054543906881745124
28.562,-0.018204472674943104
28.601,-0.037528311714046386
28.6399,-0.013894553582165096
28.6788,0.01998434055492824
28.7177,-0.028790386708624636
28.7566,0.0035507391767902784
28.7955,0.00451877528197025
28.8344,-0.0028163863274831176
28.8733,0.024254683070796552
28.9123,0.014640231136695853
28.9512,-0.00612154380938523
28.9901,-0.01917160796974473
29.029,0.026224282019355383
29.0679,-0.013032512044002693
29.1068,0.0248203539204029
29.1457,0.02640916457949961
29.1846,-0.020135469133568937
29.2236,0.015783414460973866
29.2625,-0.008259960261317189
29.3014,-0.007125662007962947
29.3403,0.0164433737602781
29.3792,-0.021638122584225192
29.4181,-0.00185806458369026
29.457,0.01372576425824527
29.4959,0.002117797747182369
29.5349,-0.015252285138487094
29.5738,0.003033316719988361
29.6127,-0.007584665404071184
29.6516,-0.004322558172021796
29.6905,-0.000623289115684681
29.7294,-0.01757336068577125
29.7683,0.03340090494402834
29.8072,0.027172813722869442
29.8461,-0.01802466456984311
29.8851,-0.03653249414329993
29.924,0.005546090408906323
29.9629,0.03512451931322262
30.0018,-0.028616377301937224
30.0407,0.01048214521610073
30.0796,0.03161528638590789
30.1185,0.0031944306531223304
30.1575,0.0012543709244871217
30.1964,0.014620720580177514
30.2353,0.005433643219933143
30.2742,0.02415455207167028
30.3131,-0.028821453723592183
30.352,-0.008233797981962632
30.3909,0.02860212716270554
30.4298,0.020845264692214822
30.4688,-0.00876728752462121
30.5077,-0.011263824306002255
30.5466,0.011687078530239075
30.5855,-0.020101299319274003
30.6244,0.004219611767792021
30.6633,0.01224527222027232
30.7022,-0.018199543731139897
30.7411,0.012501394779940429
30.78,0.001096763964325731
30.819,-0.0058152121398226475
30.8579,-0.034956939401400856
30.8968,0.00834818927091598
30.9357,0.026925596678747395
30.9746,0.013840957247164113
31.0135,-0.031075137528871373
31.0524,0.005890855502861166
31.0913,0.044608815308776785
31.1303,-0.009613065169991853
31.1692,-0.004198888238904453
31.2081,-0.020073971613536818
31.247,-0.009560299119571979
31.2859,-0.013581651569501637
31.3248,-0.026585582528139706
31.3637,-0.0018247294177947265
31.4026,0.027331500915440107
31.4416,0.02719635297188902
31.4805,-0.009553257675975344
31.5194,-0.007043367811248834
31.5583,-0.007134088819452796
31.5972,0.021429855740251136
31.6361,-0.008325044151385274
31.675,0.027097388759833686
31.7139,0.020043686329817914
31.7529,-0.003171566367878992
31.7918,-0.022503231200327406
31.8307,0.025355267293949105
31.8696,0.013560451455045225
31.9085,-0.02759272358269695
31.9474,0.005476730601267053
31.9863,-0.008425102449040019
32.0252,0.002253837384386945
32.0642,-0.01089348852601717
32.1031,-0.0360449187650688
32.142,0.007462327268278044
32.1809,-0.0022537012019407856
32.2198,-0.0010497054774907064
32.2587,0.03574978086566191
32.2976,-0.005999317038630529
32.3365,0.0017890911692003538
32.3755,0.02459872576975616
32.4144,0.021006566357674887
32.4533,-0.014112056620170378
32.4922,-0.006842251974839589
32.5311,0.006833533625730013
32.57,-0.02051185572416775
32.6089,0.00507699432645984
32.6478,0.010232786186879728
32.6868,-0.01664964776061371
32.7257,0.028556470695790738
32.7646,-0.032719453365276666
32.8035,-0.019552338176577415
32.8424,-0.027638014583953527
32.8813,-0.040319511193420005
32.9202,-0.000805325355479565
32.9591,0.039983195011631195
32.9981,0.03443642892158797
33.037,-0.0226933869280353
33.0759,-0.00427311674516965
33.1148,0.007672111156502958
33.1537,0.01119149647380924
33.1926,0.004806538764541892
33.2315,-0.0003774513507547746
33.2704,-0.008400069632808722
33.3094,-0.00821755645802589
33.3483,0.012944633615927518
33.3872,-0.0014101414486598417
33.4261,-0.0023669979860231503
33.465,0.04132050958722985
33.5039,0.041130513907500374
33.5428,0.027300706331095423
33.5817,-0.006697110645820291
33.6207,0.02831790342645793
33.6596,0.002385211289233394
33.6985,-0.025530067832770505
33.7374,-0.01818881666209989
33.7763,-0.001193871943104097
33.8152,-0.04986569981698068
33.8541,0.009546705247653156
33.893,0.009028952420748314
33.932,-0.02170874305285002
33.9709,-0.0029905195483967413
34.0098,0.007743390073088935
34.0487,-0.02967145775123162
34.0876,0.001526639387541896
34.1265,0.024880724767554825
34.1654,0.0055933216349447566
34.2043,-0.02666149298696669
34.2433,0.02249318651228702
34.2822,0.011630711649289405
34.3211,0.002638935015788482
34.36,0.0076170427320501645
34.3989,-0.0030361913351888547
34.4378,-0.012447286943602651
34.4767,-0.0122547300527588
34.5156,-0.02694324281716352
34.5546,-0.0011806677026859197
34.5935,0.013903600118266883
34.6324,-0.021798525737903335
34.6713,-0.028775762422355876
34.7102,0.025931490078055612
34.7491,0.033666183585372524
34.788,-0.03608256125595745
34.8269,0.010132709838020212
34.8658,0.01836417027793226
34.9048,-0.030924695494645785
34.9437,-0.0401523017848924
34.9826,0.0019347174255773267
35.0215,-0.02860060796700436
35.0604,-0.018880813865451956
35.0993,-0.027378446526575884
35.1382,0.029161882038171525
35.1772,0.01135822284903641
35.2161,0.00510280676491324
35.255,0.041696992210565234
35.2939,-0.030349715142326948
35.3328,-0.02044625839527091
35.3717,0.016618054070893236
35.4106,0.003784528654168305
35.4495,-0.020873173249564374
35.4884,-0.03339132732968006
35.5274,0.024183866680181066
35.5663,0.006688130640001347
35.6052,0.02288795982662243
35.6441,-0.024745578328358594
35.683,0.0269644609156426
35.7219,-0.011499459628587163
35.7608,0.012486135169014242
35.7997,0.004337912996292518
35.8387,0.024999785516876642
35.8776,-0.020066905232246433
35.9165,0.01192608813200714
35.9554,-7.814433323655341e-05
35.9943,-0.008155527076986321
36.0332,-0.011699229647801712
36.0721,0.0008935224983066953
36.111,-0.02259399573210103
36.15,0.0031152630059031105
36.1889,-0.021612908331059853
36.2278,0.0018765271516766524
36.2667,-0.004636510476608809
36.3056,0.004889253235127042
36.3445,0.009583461169495308
36.3834,0.0010193591371999208
36.4223,-0.034966441806937185
36.4613,0.009239045455398429
36.5002,-0.024063254194939168
36.5391,0.04896554360487557
36.578,0.006608514221261284
36.6169,-0.0037104502498162637
36.6558,0.04303246716086524
36.6947,-0.022898926821239868
36.7336,0.03517471306631059
36.7726,0.005669845657858301
36.8115,0.01994730264191334
36.8504,0.013820701172403811
36.8893,-0.03545878502147622
36.9282,0.04157101185820912
36.9671,-0.002427575657544716
37.006,-0.0658745766550447
37.0449,-0.037700358149773086
37.0839,0.0087659552645627
37.1228,0.01229728725067641
37.1617,0.011620051451089835
37.2006,0.0017271643794574544
37.2395,-0.025838107749559195
37.2784,0.025431582309897387
37.3173,0.005241855740771404
37.3562,0.009231327455661187
37.3952,-0.009044609171660181
37.4341,-0.024518992136982113
37.473,0.026230589473435394
37.5119,-0.008913270064145388
37.5508,-0.001913275503034527
37.5897,0.03595719953236908
37.6286,-0.009086344314852883
37.6675,0.006952170635590342
37.7065,-0.021809290573161878
37.7454,-0.011866406053909935
37.7843,-0.012549960011187761
37.8232,-0.008974619477661835
37.8621,0.022213703693505008
37.901,-0.015347359515296255
37.9399,-0.01598691304730859
37.9788,-0.004403937627605941
38.0178,0.017003226004785012
38.0567,-0.03936039904594725
38.0956,0.005985568535983075
38.1345,-0.006511582500910041
38.1734,0.018927287554319258
38.2123,0.02152381690462272
38.2512,-0.030823667433129275
38.2901,-0.0015275232531035098
38.3291,0.027134976408545626
38.368,0.036602883016708034
38.4069,0.011454214748523393
38.4458,0.009823414268620226
38.4847,-0.013674972561576924
38.5236,-0.009412712654662272
38.5625,0.027466431452426526
38.6014,0.01174423784487712
38.6404,-0.002832469128755126
38.6793,0.0007729443092062247
38.7182,-0.0008701717304243845
38.7571,0.004666573412574725
38.796,0.006952247791543324
38.8349,-0.007155451208475972
38.8738,-0.005164041903200831
38.9127,-0.009405369393396316
38.9517,-0.01629220412269239
38.9906,-0.010977337678201724
39.0295,0.004002587194629426
39.0684,0.0154280876561079
39.1073,-0.04389142236847118
39.1462,-0.025126788047144407
39.1851,0.03017059335313972
39.224,0.037446299172386024
39.263,0.0011933384741016077
39.3019,-0.01282183589027936
39.3408,-0.01939578324429548
39.3797,-0.016575729579199033
39.4186,0.029030959053861556
39.4575,0.02401147167905806
39.4964,0.009906248709083753
39.5353,-0.0007711966829620906
39.5742,-0.016555391686923507
39.6132,0.028459151802409963
39.6521,-0.01506718649426976
39.691,0.022413269795567393
39.7299,0.021578265260413433
39.7688,0.01548236077716348
39.8077,0.016727236098658463
39.8466,0.01767206551716788
39.8856,0.017278130915267906
39.9245,-0.004405296122124382
39.9634,0.050989520463394784
40.0023,0.018883735250141323
40.0412,0.01394963869213532
40.0801,0.01434082510723017
40.119,0.0009785630031952704
40.1579,-0.027451250022113103
40.1969,-0.016637806313812124
40.2358,-0.003913103181992583
40.2747,0.028658371943920326
40.3136,-0.015616225453079703
40.3525,0.014672666387532054
40.3914,0.005943786870333788
40.4303,-0.04613407045809223
40.4692,0.013113401763502954
40.5081,-0.018724425613788825
40.5471,-0.004119855251825141
40.586,-0.002552187797638005
40.6249,-0.00530246281870592
40.6638,0.003860418264119751
40.7027,0.019786693362603636
40.7416,0.018275055028562148
40.7805,0.030151616609808845
40.8194,-0.0066547522025121
40.8584,-0.004550185061034014
40.8973,-0.009819736349984568
40.9362,-0.029150336731916845
40.9751,-0.03090829588480164
41.014,-0.02291373023032909
41.0529,0.011357459927280256
41.0918,0.04410501932514923
41.1307,-0.001937967287892783
41.1697,-0.002614223560381889
41.2086,-0.00578959592839697
41.2475,0.014942358207684133
41.2864,-0.02994974591762479
41.3253,-0.029104143025622437
41.3642,0.017674807626358098
41.4031,-0.012884124959420786
41.442,0.004306112012264578
41.481,0.015644829336742383
41.5199,-0.029342671059821385
41.5588,0.013720218203422728
41.5977,-0.005744020992193122
41.6366,0.048294193043926154
41.6755,-0.032062396628610434
41.7144,-0.017978806506348383
41.7533,-0.013706042427677033
41.7923,0.02696860408479073
41.8312,0.0012464506213196655
41.8701,0.023045889911899306
41.909,0.0022063334396873364
41.9479,0.02248703715348594
41.9868,0.02737382904013683
42.0257,0.00937396004239334
42.0646,-0.036184830834021
42.1036,-0.028291126292863157
42.1425,-0.006145507818864816
42.1814,0.018706058630974708
42.2203,-0.006023600362989746
42.2592,-0.0173694175186913
42.2981,0.010457066426666425
42.337,0.0077067303423869575
42.3759,0.0016743738831923784
42.4149,0.012547953952065483
42.4538,0.01150203800742985
42.4927,0.009555308933249199
42.5316,0.027920420481508456
42.5705,0.009626347486801424
42.6094,-0.010640747664485768
42.6483,-0.01964397339099651
42.6872,0.002730364946106122
42.7262,-0.0180370884061366
42.7651,-0.03887769404282954
42.804,-0.020548669394328707
42.8429,0.005367833272132601
42.8818,0.005165820920579526
42.9207,0.028069326101927892
42.9596,-0.008258086953618514
42.9985,-0.013562862882288626
43.0375,0.02635416576203845
43.0764,0.005582604297002778
43.1153,0.0038677002115386164
43.1542,-0.016313779310468558
43.1931,0.00010742447772406696
43.232,0.009326593765992316
43.2709,0.013068135168980536
43.3098,0.015542230859746469
43.3488,-0.0032453464129965316
43.3877,0.02586151448832744
43.4266,0.005182623732344842
43.4655,-0.024771568820750746
43.5044,-0.019699796077159215
43.5433,-0.023605537859043325
43.5822,0.005078458943068113
43.6211,-0.012760853725562977
43.66,0.0208767218766125
43.699,-0.0016441975601753298
43.7379,0.002914169323774547
43.7768,-0.030133379702194707
43.8157,0.007945155321760823
43.8546,-0.02330120147249928
43.8935,-0.011406411284717699
43.9324,-0.007975718571001583
43.9714,0.0014467587416025557
44.0103,0.005341556402002509
44.0492,0.012620756440530078
44.0881,0.024813589240145432
44.127,0.010257898358324219
44.1659,-0.0072842111430244365
44.2048,0.03525357833474788
44.2437,0.02683579097492025
44.2827,0.01420136699586737
44.3216,0.028119863643543345
44.3605,-0.005692756032700488
44.3994,0.008748794114731985
44.4383,0.02524810744118354
44.4772,-0.03624229106401198
44.5161,-0.003355998393500729
44.555,0.026914500768281596
44.5939,-0.00020865296360613773
44.6329,-0.00844343729842167
44.6718,-0.009027706238790187
44.7107,-0.009286752492464075
44.7496,0.015833379344024387
44.7885,-0.0237531814891731
44.8274,-0.005620596240784197
44.8663,0.02182454677983635
44.9053,-0.018327900744987496
44.9442,0.023955673098266936
44.9831,0.0007892595796197069
45.022,-0.021538640916717373
45.0609,-0.005961087276489993
45.0998,-0.01431976280288809
45.1387,0.010565458165056663
45.1776,-0.01874263292660356
45.2166,-0.011999529607179982
45.2555,-0.01472120075030666
45.2944,-0.013156444018665274
45.3333,0.0081360198229119
45.3722,-0.03765034811845272
45.4111,0.010591775076945477
45.45,0.02753472064377821
45.4889,-0.007749297965011513
45.5278,0.039181320839862116
45.5668,-0.004392462345018278
45.6057,-0.026930248637571253
45.6446,0.008078945634119105
45.6835,0.024684693692162543
45.7224,-0.025244067232563828
45.7613,-0.009395793150460779
45.8002,0.025119593998422975
45.8391,-0.007456920749910499
45.8781,0.0022010932375520417
45.917,-0.0013661522110390116
45.9559,-0.0014758664609465086
45.9948,0.03569940641121505
46.0337,0.012293026159740065
46.0726,-0.01005258448208685
46.1115,-0.009465194205071685
46.1504,0.0337287875186971
46.1894,0.007375936590390023
46.2283,0.006821377217715575
46.2672,0.0044286231226934696
46.3061,0.006328504859724846
46.345,0.001562980167912919
46.3839,0.051921884268098836
46.4228,-0.0012997371458592184
46.4617,0.0180839527265175
46.5007,-0.04132620506271268
46.5396,0.014764146119155712
46.5785,-0.031521462128352586
46.6174,-0.19126868949977388
46.6563,-0.11539202632727417
46.6952,-0.08374088592376998
46.7341,-0.029213703481022354
46.773,-0.02770587919237562
46.812,-0.03288320642138998
46.8509,-0.02403683776176277
46.8898,0.007561534658315538
46.9287,0.00022986300751065124
46.9676,-0.009248550443531794
47.0065,-0.004442582252100464
47.0454,0.019179788982446773
47.0843,-0.021923829516729984
47.1233,-0.021546853801248496
47.1622,0.005956366293170024
47.2011,0.00590304535645785
47.24,-0.019491809324548404
47.2789,-0.019788908151081357
47.3178,-0.012021197867721295
47.3567,0.0025779416741172293
47.3956,-0.019259819228688236
47.4346,-0.024841015621601927
47.4735,-0.027734017741344093
47.5124,-0.00576485038313562
47.5513,0.03282217727185194
47.5902,-0.014546919344996374
47.6291,0.010182815456933857
47.668,0.02220267083659424
47.7069,-0.021049315008773384
47.7458,0.002225859591890521
47.7848,0.022557588125139378
47.8237,0.01764683437410973
47.8626,-0.018970798926680923
47.9015,-0.011552589102404556
47.9404,-0.021816687324964213
47.9793,-0.00267269599897013
48.0182,-0.023317271345423492
48.0572,0.014330326072229683
48.0961,-0.00189664128530142
48.135,-0.02002277905155854
48.1739,0.005199855403460139
48.2128,-0.018662934442781953
48.2517,-0.009448671804660622
48.2906,-0.02181913461259866
48.3295,0.005545674830502362
48.3685,-0.029355673687879752
48.4074,-0.020936669721222136
48.4463,-0.04402084983800734
48.4852,-0.011561953713759584
48.5241,-0.020404881239681004
48.563,-0.001900694164738757
48.6019,-0.0180045008203671
48.6408,0.00656524602526788
48.6797,-0.004165047976885497
48.7187,0.020709691780953356
48.7576,0.024890611012701805
48.7965,-0.01200909401992277
48.8354,0.009893409261816689
48.8743,0.0001293351843393237
48.9132,0.004472326025463848
48.9521,0.016673394370487964
48.9911,-0.029092277817956022
49.03,0.022975157188639416
49.0689,0.00538766306109918
49.1078,0.007257589702469003
49.1467,-0.025392926199992127
49.1856,0.0017567346388373851
49.2245,0.01613749136662057
49.2634,-0.004443724167134443
49.3024,0.014914720735417447
49.3413,-0.009820068688995544
49.3802,0.0037816249802375503
49.4191,-0.003156683478834941
49.458,0.013291766741572491
49.4969,-0.02095242078559178
49.5358,-0.012332897658124849
49.5747,-0.009200714502679888
49.6136,0.0027408282382972793
49.6526,-0.001679475925601765
49.6915,0.009877957648267217
49.7304,0.00925250336778375
49.7693,0.01487476884551615
49.8082,-0.0385686874149449
49.8471,0.032006186252572164
49.886,0.04296977250019021
49.9249,-0.003102252731767626
49.9639,0.008912653912484438
50.0028,-0.017558195623453256
50.0417,-0.007729173768689298
50.0806,0.01561566546895042
50.1195,-0.026561866783602308
50.1584,-0.04173486968474359
50.1973,-0.01941729419307195
50.2363,0.023968796835135937
50.2752,0.033800785072099694
50.3141,-0.005661760679271304
50.353,-0.021069381970106264
50.3919,-0.001973095619716536
50.4308,0.0019730353068777885
50.4697,-0.00515241113844473
50.5086,-0.013150370506110858
50.5475,-0.0071761058000856465
50.5865,-0.003292611765881818
50.6254,-0.028916201130633746
50.6643,-0.004706111236554067
50.7032,0.005260325887911086
50.7421,0.007813990161973126
50.781,-0.015041455450996118
50.8199,0.000804060250789872
50.8588,0.021806476539913286
50.8978,-0.007038957457753854
50.9367,-0.009068261661511631
50.9756,0.006140208960770943
51.0145,0.003629069343862661
51.0534,-0.02625875618656476
51.0923,0.009718416515359145
51.1312,0.0028425522088735304
51.1701,-0.025471237364265487
51.2091,0.029055516954259224
51.248,-0.005741515411943208
51.2869,0.018257676928182275
51.3258,-0.022363743730185418
51.3647,-0.003763505785688839
51.4036,0.018436824844648432
51.4425,0.0237094044131579
51.4814,-0.0005356605469728461
51.5204,0.005744666932043434
51.5593,0.020743737119231945
51.5982,-0.01971018523881072
51.6371,0.025948807269933857
51.676,-0.001554186632439709
51.7149,0.006396407803934513
51.7538,0.009402805718468701
51.7927,-0.029374285196429366
51.8317,0.024446147148169325
51.8706,-0.035260824094648924
51.9095,-0.01687195395507597
51.9484,-0.005364494006192018
51.9873,-0.033711957716770685
52.0262,0.01981297403833402
52.0651,0.03783732124129688
52.104,-0.004232493174070674
52.143,0.006555398799633443
52.1819,-0.030440111658922783
52.2208,-0.018099065106385863
52.2597,0.013839638047315023
52.2986,0.022394086591914
52.3375,-0.003274268827843943
52.3764,0.025052166469147354
52.4153,-0.029539742891235166
52.4543,0.035741877824114886
52.4932,-0.023518803464447086
52.5321,0.015621494591704366
52.571,-0.03500617534546831
52.6099,-0.0008134560943875747
52.6488,0.003279254547026438
52.6877,0.014020039105566363
52.7266,0.021161793774084323
52.7655,0.028936166427439153
52.8045,-0.0012928466470298995
52.8434,-0.011926224966808447
52.8823,-0.03564341646105335
52.9212,0.005544700731577159
52.9601,0.020893885880644485
52.999,0.013585719737368069
53.0379,0.019395108262445067
53.0769,-0.015450407735133048
53.1158,-0.04631683421609135
53.1547,-0.014963833300815693
53.1936,-0.0025455834617023644
53.2325,0.010132165219934916
53.2714,-0.02263331114231941
53.3103,0.005750574753766161
53.3492,0.007624067438558429
53.3882,-0.03208173090398017
53.4271,-0.00020128361875237314
53.466,0.001985294741664757
53.5049,0.00668221139870131
53.5438,-0.011599817739858185
53.5827,0.015858852028180822
53.6216,-2.649834625692918e-05
53.6605,0.03694526025576201
53.6994,-0.03985680128992722
53.7384,0.02021882915766059
53.7773,-0.013205701052079404
53.8162,-0.02451842484073808
53.8551,0.0207655219663847
53.894,0.015977227271280203
53.9329,-0.01210094214632656
53.9718,-0.03319521095775214
54.0107,-0.012895643433218662
54.0497,-0.00863815677596346
54.0886,0.004828492578411712
54.1275,0.01397521339104979
54.1664,-0.04294311666992075
54.2053,-0.023211977331285834
54.2442,0.01332808805824635
54.2831,0.03612353663130048
54.3221,0.03539340474061601
54.361,0.028076405475498115
54.3999,-0.021353941988616516
54.4388,-0.009851105391871074
54.4777,0.007646263385183974
54.5166,-0.0053536123265435585
54.5555,0.022415247738192597
54.5944,-0.012034870414355728
54.6333,-0.01983250387465574
54.6723,-0.009559915409152967
54.7112,0.030354883643271765
54.7501,0.03135566886017402
54.789,-0.035664434425114376
54.8279,-0.02225627772242812
54.8668,0.04274033978558392
54.9057,-0.004880546721438667
54.9446,0.000978157977499899
54.9836,0.03443063077781736
55.0225,-0.010441122974365372
55.0614,-0.013703431967787293
55.1003,0.003953927364216798
55.1392,-0.006104790355098333
55.1781,0.02108357109985561
55.217,0.01365126947178863
55.256,-0.00520403387465141
55.2949,-0.01818983007233889
55.3338,-0.010543855187881892
55.3727,0.007200807470728314
55.4116,0.014928947309368681
55.4505,0.017255258324240314
55.4894,-0.015574250017767778
55.5283,-0.00024717432313623236
55.5672,0.027305569863841448
55.6062,-0.009427751470618275
55.6451,0.001315697991177471
55.684,0.04069400336205951
55.7229,-0.015141807887825792
55.7618,0.01627856192392836
55.8007,0.027485983831147132
55.8396,-0.016556944049058678
55.8785,-0.020441032951124746
55.9175,0.017634981735615896
55.9564,0.047385022034801966
55.9953,0.0026809782908257303
56.0342,0.011724148450885754
56.0731,-0.008814729011717795
56.112,-0.006870160999745293
56.1509,0.008413033661183095
56.1898,-0.014185718707749036
56.2288,0.00878283341968464
56.2677,-0.00909491112242356
56.3066,-0.0425445879234529
56.3455,0.042972609197273214
56.3844,0.00831828246290669
56.4233,0.0032834245403059546
56.4622,0.004557111558067546
56.5011,-0.014823073845556471
56.5401,0.0071116789386155175
56.579,-0.001690375266246812
56.6179,-0.012376775563990024
56.6568,0.03206897050182257
56.6957,0.01350616141808035
56.7346,0.03354894618718777
56.7735,-0.003838523737364253
56.8124,0.008573015797810526
56.8514,-0.019922545551439665
56.8903,-0.043817489589376396
56.9292,0.03221579997578286
56.9681,0.020050308350197606
57.007,-0.012627031239208185
57.0459,-0.00458348742640521
57.0848,-0.0433795021529482
57.1237,0.021921123004592674
57.1627,0.01570596604724939
57.2016,-0.010995770943918168
57.2405,-0.021620963757767665
57.2794,-0.0049106370326919375
57.3183,-0.007593612260197582
57.3572,0.0012648420472212048
57.3961,-0.005057468833714884
57.435,0.06523949131419618
57.474,-0.050471606005601945
57.5129,0.020358816063851468
57.5518,0.0024040350140414626
57.5907,-0.013552896252269117
57.6296,-0.007555984354620728
57.6685,0.009293904354526381
57.7074,0.01466062388147418
57.7463,0.004192807050740209
57.7853,0.028255957550587026
57.8242,-0.029290026774528306
57.8631,0.039940778704692724
57.902,0.0059356969314210434
57.9409,-0.0004784014038361796
57.9798,-0.049053299130225325
58.0187,-0.011828294129379932
58.0576,0.015611475917434312
58.0965,-0.006622431966978766
58.1355,-0.024769349611206325
58.1744,-0.03095124287451842
58.2133,0.008566355095758704
58.2522,-0.025546171888000575
58.2911,-0.04341096398545901
58.33,0.022548348071805013
58.3689,0.028575849390768755
58.4079,-0.01724782014470174
58.4468,-0.03520075233118337
58.4857,0.010973414332211218
58.5246,-0.02645848884342892
58.5635,-0.003728468087409363
58.6024,-0.014278572998490141
58.6413,0.029008184575634803
58.6802,-0.01363190454086457
58.7191,0.02154596503687102
58.7581,0.0309424453814516
58.797,0.0037562852021489398
58.8359,0.019537090929990224
58.8748,0.03521013003385893
58.9137,0.007431714489250252
58.9526,0.025852858793440285
58.9915,0.0025329470444967537
59.0304,0.0006856469350891414
59.0694,0.007628576430647443
59.1083,0.011037249808206731
59.1472,-0.03576947576861629
59.1861,0.023962491427490365
59.225,-0.027913000329502863
59.2639,-0.02761469469383028
59.3028,0.03975405898778484
59.3418,-0.01593414233205232
59.3807,-0.013842391320094197
59.4196,-0.010285425090430449
59.4585,-0.0008783944733078454
59.4974,0.001062613620719131
59.5363,-0.011203051633281483
59.5752,-0.008462680998173508
59.6141,-0.023411534978975468
59.653,-0.01927013527469547
59.692,0.014994975754210485
59.7309,-0.012482934484686473
59.7698,-0.014074076080151158
59.8087,-0.008571858397805898
59.8476,-0.005578527292662869
59.8865,0.012939312600393174
59.9254,-0.02954236172589427
59.9643,-0.012118142035915934
60.0033,0.02151310777075553
60.0422,0.040350540480038256
60.0811,0.019697867545320182
60.12,-0.04648975156049346
60.1589,-0.011083382640688574
60.1978,0.0021642307057543695
60.2367,0.011120323326208797
60.2757,0.002734122889259322
60.3146,-0.00919820211236106
60.3535,-0.0047112626985004544
60.3924,0.025769222557251097
60.4313,0.024462813234780764
60.4702,-0.013304843122101088
60.5091,-0.026064668366770197
60.548,-0.008918884301883053
60.5869,-0.029729793911728943
60.6259,-0.0015564110873449184
60.6648,0.050791137571132454
60.7037,0.024630716492076113
60.7426,-0.003750145051509851
60.7815,0.0017181209716521794
60.8204,0.043493625745078625
60.8593,-0.02315877120045784
60.8982,0.018892845698325843
60.9372,-0.016676102226385887
60.9761,0.009682751803854563
61.015,0.04324980768924534
61.0539,-0.024249596574699262
61.0928,0.02594737138919286
61.1317,0.017238224689193813
61.1706,0.022890683068355934
61.2095,0.022268324522969042
61.2485,-0.03342908416581905
61.2874,0.0195670678839078
61.3263,-0.019162367390621042
61.3652,0.01814877922078804
61.4041,-0.006925478320041898
61.443,-0.02654334469324458
61.4819,0.014981118324918379
61.5208,-0.027498030030824842
61.5598,0.006047522227732265
61.5987,-0.010912568041062033
61.6376,-0.023810781614055813
61.6765,0.003884521489929618
61.7154,-0.008774776136812094
61.7543,0.02852118688346796
61.7932,-0.0005160256132438536
61.8321,0.0272433756952354
61.8711,-0.014172797093497419
61.91,0.01502335121897969
61.9489,-0.023477277881079985
61.9878,0.009765432924100377
62.0267,-0.044316549294061564
62.0656,0.007822838335707322
62.1045,0.04517914417465123
62.1434,-0.03021098253191918
62.1824,0.001545186492542358
62.2213,-0.03449429942423673
62.2602,-0.027702793707667598
62.2991,0.02772963608010197
62.338,-0.01421155810682389
62.3769,-0.0013519458541222298
62.4158,0.004646336675713112
62.4547,0.00042450109880811087
62.4937,0.002924595715160463
62.5326,0.005488489241573576
62.5715,0.021003113868814247
62.6104,-0.016470561264474385
62.6493,-0.010822222593519186
62.6882,-0.010403356949573296
62.7271,0.003035226988790306
62.766,-0.022569627482922353
62.805,-0.009623978838884708
62.8439,0.0021788887743622804
62.8828,0.007344006141279327
62.9217,-0.015248957766117736
62.9606,0.0031241949665207673
62.9995,0.012897146491802087
63.0384,-0.006793625234981598
63.0773,-0.014615685606182253
63.1162,-0.017968799745579325
63.1552,-0.00781426643323906
63.1941,-0.026334490642257687
63.233,0.014194990287465698
63.2719,0.0020074834313386423
63.3108,-0.004794349707556425
63.3497,0.005825950749775193
63.3886,-0.037542881382160054
63.4276,-0.023892621663570753
63.4665,0.006827490378361244
63.5054,0.028572162742875523
63.5443,-0.001308681009526763
63.5832,0.013594286697175023
63.6221,0.01029155248175971
63.661,0.013346670821265847
63.6999,-0.019177927507738564
63.7388,-0.0009117959774615977
63.7778,0.009954390400696664
63.8167,0.00040186744293343145
63.8556,-0.058640865420466516
63.8945,-0.001247241363211745
63.9334,-0.01842157098129496
63.9723,-0.02864835613058777
64.0112,0.016857080598037158
64.0501,0.038419506383757
64.0891,-0.013855646104660226
64.128,0.014551335068716299
64.1669,0.0034442972942816006
64.2058,-0.011697167739339313
64.2447,0.0041716655350749225
64.2836,-0.007395198128829328
64.3225,-0.006725579834460289
64.3615,-0.03564478172860424
64.4004,0.0023570473279757504
64.4393,0.01653654504551922
64.4782,0.01601178685417656
64.5171,-0.02113406712651341
64.556,0.016360101786768486
64.5949,0.017469026285036854
64.6338,-0.018945627685504427
64.6727,0.013953698024997675
64.7117,-0.01168693213273473
64.7506,-0.0016179826337710517
64.7895,-0.012904065125439486
64.8284,0.007451876149112623
64.8673,-0.014014348099837724
64.9062,-0.01042134351569667
64.9451,-0.03200643524914492
64.984,0.008809632676386858
65.023,0.004146593439235211
65.0619,-0.04889895449792537
65.1008,0.002896978418272505
65.1397,0.004518768005235025
65.1786,0.008302713428460132
65.2175,-0.0004404083752207518
65.2564,0.006079572797311982
65.2953,-0.012117275463209221
65.3343,0.018786859209215127
65.3732,-0.010052182732219413
65.4121,-0.0008090858122098707
65.451,0.005489967833965034
65.4899,-0.015043518506705475
65.5288,0.011973984201501812
65.5677,-0.022436776567014434
65.6066,-0.03046593316398326
65.6456,0.012870708514789657
65.6845,0.02825082392880928
65.7234,0.002240388957512628
65.7623,-0.004213851854542563
65.8012,-0.03715163268713046
65.8401,-0.019281301208537747
65.879,-0.004664052712760195
65.9179,0.02530389784977869
65.9569,-0.010778041307266104
65.9958,0.013687979531571942
66.0347,-0.01489031914359435
66.0736,-0.00045268717492241836
66.1125,-0.00011917535494923017
66.1514,-0.026215686007394788
66.1903,-0.014576643720731775
66.2292,-0.03475207986656204
66.2682,0.006225638421118757
66.3071,0.04490402699859446
66.346,-0.03128122385598759
66.3849,-0.011233071685225405
66.4238,0.0325187229702715
66.4627,-0.011400660021991235
66.5016,-0.003938700792872238
66.5405,0.016026486751952417
66.5795,0.025579140478320973
66.6184,0.04853009602867435
66.6573,0.04938098089342044
66.6962,-0.025717623238097596
66.7351,-0.021793603593489724
66.774,-0.011115425563321887
66.8129,0.01415944797620645
66.8518,0.014751323976490153
66.8908,-0.002056506948469629
66.9297,0.00017411539613308886
66.9686,0.026570041902949426
67.0075,-0.005511181481519685
67.0464,-0.0013887393053983541
67.0853,0.012472171838744106
67.1242,-0.025456440748561803
67.1631,0.005202604898245102
67.202,-0.03337092427636627
67.241,-0.02670823384287751
67.2799,0.030657758243637416
67.3188,0.02242963460644031
67.3577,0.021568583976488597
67.3966,-0.0151479825856526
67.4355,-0.02186093597170484
67.4744,0.010769636436233548
67.5134,0.018970918575666407
67.5523,-0.02389020398546698
67.5912,-0.001458139355489353
67.6301,-0.012111278323494984
67.669,0.00776746591966791
67.7079,-0.021488926378846227
67.7468,-0.0022724008114836675
67.7857,-0.04048951599768332
67.8247,0.021048096443741317
67.8636,0.012436628412241291
67.9025,0.03217998925807923
67.9414,0.016861391591676135
67.9803,0.006837182331909511
68.0192,-0.027060642226027543
68.0581,0.012063661372294712
68.097,-0.0003484659607101738
68.1359,0.002797044932443712
68.1749,-0.021714806095965017
68.2138,0.004692925283945994
68.2527,0.006647918264581385
68.2916,0.021552656197043586
68.3305,-0.020797473391496773
68.3694,0.004547633551473154
68.4083,-0.003703566039372337
68.4473,0.006373149738280024
68.4862,-0.007647920875950477
68.5251,0.03088178534294385
68.564,-0.020715377082381678
68.6029,-0.021698385235665845
68.6418,0.02423426778513667
68.6807,-0.02476458085578908
68.7196,-0.005436123918476084
68.7585,0.01562638725964865
68.7975,0.013556584567455954
68.8364,-0.03804207424627344
68.8753,-0.011951895870138767
68.9142,0.002685363236349197
68.9531,-0.016076780340406334
68.992,0.01704063985433067
69.0309,0.004050553540240556
69.0698,0.011701322349904342
69.1088,-0.0017772201871227387
69.1477,-0.010283575033427785
69.1866,-0.009033412006217453
69.2255,0.003402773582443128
69.2644,-0.038803759877750824
69.3033,0.018710079702036746
69.3422,-0.0022129631233745693
69.3811,0.023727228765975723
69.4201,0.010993480958959974
69.459,0.0028641652094821488
69.4979,-0.03346628184960035
69.5368,0.011732446030382265
69.5757,0.005899226660218427
69.6146,-0.0195059212648702
69.6535,0.012394684207656345
69.6924,-0.0032892065856655536
69.7314,-0.013894735399075934
69.7703,-0.01281670908621919
69.8092,0.03585859351680556
69.8481,-0.027933990914724666
69.887,-0.012064503295895816
69.9259,0.0075092857093301876
69.9648,-0.008382844171329111
70.0037,-0.014634807880579637
70.0427,0.012346431310110274
70.0816,-0.0288704716909352
70.1205,-0.005245358630132151
70.1594,-0.012204510029151438
70.1983,0.0069938957743599685
70.2372,0.005506899814671836
70.2761,-0.023648168774573496
70.315,-0.005503786770546198
70.354,-0.010106287163608724
70.3929,-0.01476016726394961
70.4318,-0.0010176846243431707
70.4707,-0.029588203812365377
70.5096,-0.013032812355595186
70.5485,-0.016077952525260827
70.5874,-0.010506187629172005
70.6263,-0.01857478198237732
70.6653,-0.009635402567042022
70.7042,0.019437392356225137
70.7431,-0.01539268674346999
70.782,-0.02015675033108875
70.8209,-0.003637437296620408
70.8598,0.016050796014310097
70.8987,-0.013939717987787304
70.9376,0.0021483202408083346
70.9766,0.024533609669195586
71.0155,0.013228012075391099
71.0544,0.014800654983818391
71.0933,-0.011972701638905599
71.1322,-0.02708955152143905
71.1711,0.0008092287352890765
71.21,0.020394809860216846
71.2489,0.0058964728926347975
71.2879,-0.012503944750795457
71.3268,0.00870533843614194
71.3657,0.003912419167401298
71.4046,-0.0013674301197229117
71.4435,-0.0357463367713623
71.4824,-0.0029557815656495764
71.5213,-0.0041682746270278815
71.5602,-0.033126061270217
71.5992,0.0050550130664722
71.6381,-0.02594825951815399
71.677,-0.01239855595170015
71.7159,9.28782063366316e-05
71.7548,8.627945721732116e-05
71.7937,-0.035699450285393466
71.8326,-0.007768408102450164
71.8715,0.008254546680505119
71.9105,-0.018648605753836388
71.9494,0.0008516139299228251
71.9883,-0.0016544812255663635
72.0272,0.01984995140455383
72.0661,-0.020374245811686814
72.105,0.0157594320574014
72.1439,-0.009319790672387158
72.1828,0.028098822010439322
72.2217,-0.01912039947328773
72.2607,-0.002416145029834416
72.2996,-0.027713439373784496
72.3385,0.013825609640290292
72.3774,0.006501604193313335
72.4163,-0.02107492451237705
72.4552,0.023582329801591993
72.4941,0.03482265447337077
72.5331,0.007463559607815982
72.572,0.010024646824531164
72.6109,0.015532640807911464
72.6498,0.022206718820655717
72.6887,-0.014843088974247087
72.7276,-0.0030194370252917407
72.7665,-0.028814406309914307
72.8054,0.005705167076619712
72.8444,-0.034158758000439056
72.8833,0.0002460598229039779
72.9222,-0.051417204549546874
72.9611,0.016099774823216798
73.0,-0.01704177089485941
73.0389,0.01826066153612215
73.0778,-0.003319159605151333
73.1167,-0.0004515255811665557
73.1556,-0.013773444454944545
73.1946,0.00369333134062128
73.2335,-0.012574354309061226
73.2724,-0.002629172177995466
73.3113,0.006159924254520378
73.3502,-0.008153808760294546
73.3891,-0.006798571901139496
73.428,-0.03258875327182023
73.4669,-0.007355008321139793
73.5059,0.023917261909995487
73.5448,-0.00105453393047375
73.5837,0.017062366508833495
73.6226,0.020345385933786677
73.6615,0.006339521453417072
73.7004,0.013695155394801192
73.7393,0.0038925800114987487
73.7783,-0.0013387027058822162
73.8172,-0.010686441895373856
73.8561,0.02306118056239185
73.895,0.006349533165028115
73.9339,-0.0004884665167421056
73.9728,-0.0063358000540338095
74.0117,0.025027974774410437
74.0506,-0.00550597861169746
74.0895,0.022551871096418992
74.1285,-0.007628403223948233
74.1674,-0.04280384122062206
74.2063,-0.029365318669971895
74.2452,-0.02997492414158487
74.2841,-0.02861211579843143
74.323,0.01443223294764303
74.3619,0.0486720970123249
74.4008,0.028789080786821693
74.4398,0.017587688944667536
74.4787,-0.000586919806664388
74.5176,0.006909869234474508
74.5565,0.015603556388014143
74.5954,0.005839198192264743
74.6343,0.0003943181818498549
74.6732,0.015620465307903873
74.7121,-0.014467862810273307
74.7511,-0.008284963680003747
74.79,0.018707063348250792
74.8289,-0.01555820542436815
74.8678,0.005956999209351289
74.9067,-0.0005101569232110279
74.9456,0.014475603953371169
74.9845,-0.029326672179155265
75.0234,-0.03162149379418602
75.0624,0.0020034657374478084
75.1013,0.01933752380163276
75.1402,0.0008338051205272795
75.1791,-0.0013101209123484916
75.218,-0.0014155420445025567
75.2569,0.009942577059658581
75.2958,0.017219228655407343
75.3347,-0.02622088799928461
75.3737,0.0006985054741323223
75.4126,0.023954465963668604
75.4515,-0.012997810438795193
75.4904,-0.001216149470384043
75.5293,-0.007167328631385501
75.5682,0.0034603380493690517
75.6071,0.02297778273252833
75.646,0.00886279928922056
75.685,0.015525671629713887
75.7239,-0.037713956172398574
75.7628,-0.0004596011028289073
75.8017,-0.003020142790211678
75.8406,-0.018541699182833802
75.8795,0.02869434534165611
75.9184,-0.015417667999918734
75.9573,-0.00018303145833048397
75.9963,-0.0007214817837884026
76.0352,-0.0008192197426948634
76.0741,0.0063895438203398465
76.113,0.011357973880141297
76.1519,0.0033504038713310187
76.1908,-0.005253303752150407
76.2297,0.01686399321929022
76.2686,-0.016010196425021106
76.3076,0.00105789603497786
76.3465,-0.03178786389513763
76.3854,0.006843381306896404
76.4243,0.019375520876978407
76.4632,-0.016452438148601322
76.5021,-0.0224193138245904
76.541,-0.0006422364194514959
76.5799,-0.007908475719452067
76.6189,0.0028384757362083296
76.6578,-0.03063956750209909
76.6967,-0.05016184261173387
76.7356,0.0007358015147220826
76.7745,-0.021732024932842285
76.8134,0.005113701023199969
76.8523,0.03731157217505149
76.8912,-0.02172567540109961
76.9302,0.002416364268572932
76.9691,0.024676181312816854
77.008,0.004845921518421619
77.0469,-0.008905533222330366
77.0858,-0.0018070669571655894
77.1247,-0.0048096887247203275
77.1636,-0.05028599169593029
77.2025,0.012459574563613513
77.2415,-0.0026509570062282686
77.2804,0.02334870190431559
77.3193,-0.028573286438430975
77.3582,0.02825343376004063
77.3971,-0.014271528164891642
77.436,-0.016824859649941536
77.4749,0.03697225736190129
77.5138,0.0024326895646110585
77.5527,-0.008143019021605802
77.5917,-0.022487746713298246
77.6306,-0.021401551142064674
77.6695,-0.008113405114927988
77.7084,0.014532398748278668
77.7473,0.021577709641393564
77.7862,-0.0016855574161558692
77.8251,0.01597828995942902
77.8641,-0.007918533710818451
77.903,-0.0028647634708248346
77.9419,-0.020712518980769902
77.9808,-0.02436732001610664
78.0197,-0.025990996933946953
78.0586,-0.00588885732725293
78.0975,-0.030539413070421337
78.1364,-0.012156105079785297
78.1753,-0.028492490614749993
78.2143,0.027686726342474596
78.2532,-0.009068384151672729
78.2921,-0.004152821448093914
78.331,0.00016686723747516644
78.3699,0.020255185422016975
78.4088,-0.018857532981285147
78.4477,-0.05029052259097432
78.4866,0.0008792999676080666
78.5256,-0.01344355245432881
78.5645,0.00945939874191386
78.6034,0.01782502897067919
78.6423,-0.01797088739195312
78.6812,-0.015127365478503475
78.7201,-0.01767548423995004
78.759,-0.01783575141124928
78.798,0.015222557491395235
78.8369,0.02670667656468493
78.8758,0.013564995937295005
78.9147,-0.004764902129353752
78.9536,-0.012482827478180192
78.9925,-0.0011160338178126828
79.0314,0.012338067630452833
79.0703,-0.01717368636647742
79.1092,0.02353394914781188
79.1482,0.02681297797514097
79.1871,0.0066127719013921605
79.226,-0.038464648052350676
79.2649,-0.03372242889124218
79.3038,-0.0008438789921428914
79.3427,0.005904547313968031
79.3816,0.00500658514827917
79.4205,-0.00034188422602461177
79.4595,-0.004382877338432792
79.4984,0.008522061782348328
79.5373,0.009077891326362749
79.5762,-0.028401350836191566
79.6151,0.015575583820746622
79.654,0.0165469899321253
79.6929,0.011509518385256164
79.7318,-8.08287641164869e-05
79.7708,-0.024504945105695848
79.8097,0.009936216946755191
79.8486,-0.013448047668782766
79.8875,-0.002574753964230684
79.9264,-0.0004307511039387986
79.9653,0.0009721259681521998
80.0042,-0.050538511279718375
80.0431,-0.025846385210314588
80.0821,0.020968444185151335
80.121,0.010318253105338912
80.1599,0.0506356310974121
80.1988,0.011561187638624397
80.2377,-0.005690271073084492
80.2766,-0.012843757522880073
80.3155,0.001201052484341423
80.3544,0.0398068004187384
80.3934,0.012913469157166284
80.4323,-0.013885023114809514
80.4712,0.0006870261657643349
80.5101,0.010410820215239926
80.549,0.0015116018335294547
80.5879,0.02800009491353265
80.6268,0.04938197202854062
80.6657,-0.025386344462570567
80.7047,0.024615371942298642
80.7436,-0.01744321283983333
80.7825,-0.004189018712662451
80.8214,0.03500695886911319
80.8603,-0.00706597211434615
80.8992,-0.017117021220830624
80.9381,0.021189753262827616
80.977,0.004243640761892421
81.016,-0.004931015019127208
81.0549,-0.011957373153143222
81.0938,-0.029758331153996228
81.1327,-0.030300402717795966
81.1716,0.004908465918203819
81.2105,-0.040899084925735726
81.2494,-0.008231680517306876
81.2883,-0.01250946505491217
81.3273,0.008251387892183704
81.3662,-0.026374294438940335
81.4051,0.0055227602488246395
81.444,-0.016439725137533518
81.4829,0.025066894578506686
81.5218,0.024616106071600547
81.5607,-0.02133822930909344
81.5996,0.024544609434581054
81.6385,0.004739003032041789
81.6775,-0.040242923993561525
81.7164,-0.003832691886465088
81.7553,-0.030151868436042024
81.7942,-0.0057582541393719185
81.8331,-0.03427218162575429
81.872,-0.0005549991486447091
81.9109,-0.012585707800437211
81.9499,0.0013795242553319824
81.9888,-0.010471711002750224
82.0277,0.031198284599874566
82.0666,0.006375123229382534
82.1055,-0.009347092912473265
82.1444,0.0003233399510453377
82.1833,-0.016779753761191382
82.2222,-0.01940969095040429
82.2612,-0.018536126824222877
82.3001,0.016716587378010406
82.339,0.03323697779270315
82.3779,-0.008177112873494872
82.4168,-0.03045942140730132
82.4557,0.002533106602758309
82.4946,0.02118542318057864
82.5335,-0.02552840484963221
82.5724,-0.021799930198126337
82.6114,-0.004561931194123329
82.6503,0.009152398573391573
82.6892,0.01891649746201745
82.7281,-0.05292806847952082
82.767,0.001373008454174672
82.8059,-0.001953417968182069
82.8448,0.007593437017758463
82.8838,0.005010602309464088
82.9227,0.015203961971953794
82.9616,0.008691570791735902
83.0005,-0.027093421621461673
83.0394,-0.004514779665868147
83.0783,-0.0008931153902687599
83.1172,0.004302070817715812
83.1561,0.0034519693278542854
83.195,0.0003946506525590841
83.234,0.041042505505960544
83.2729,0.008008611720687881
83.3118,-0.015624453024112465
83.3507,-0.020140552781112736
83.3896,-0.028184185539966253
83.4285,0.027419126820581972
83.4674,-0.023549584594155747
83.5063,0.020443521965514747
83.5453,-0.01718469266035737
83.5842,-0.009549147535286982
83.6231,-0.026520656614978152
83.662,-0.004583370580854841
83.7009,0.018965535066742215
83.7398,0.010985322606630713
83.7787,0.030585002684357713
83.8176,0.025719970251794504
83.8566,-0.012865509133112657
83.8955,-0.006181062811400473
83.9344,-0.0003882131853453251
83.9733,-0.0013842145506657182
84.0122,-0.016684566890979365
84.0511,0.02355259546049012
84.09,-0.023720118721032486
84.1289,0.04374948823956191
84.1679,-0.009739110884482653
84.2068,-0.0013151739955160864
84.2457,0.026677070308359946
84.2846,-0.027996595911319366
84.3235,0.027581546786434166
84.3624,0.030687278312018194
84.4013,0.026356676219846827
84.4402,0.006627108874004796
84.4792,0.036601570642249406
84.5181,0.02878179364742265
84.557,-0.026087429883149067
84.5959,-0.027661059226886386
84.6348,-0.015866609357095635
84.6737,0.0058932161725644295
84.7126,0.015490539488663064
84.7515,-0.009767548088326852
84.7905,-0.014892915894201005
84.8294,-0.009353610881477029
84.8683,0.0031321575224382316
84.9072,-0.013131033090947855
84.9461,-0.005081862996087832
84.985,-0.020210832424382777
85.0239,-0.005306933566948105
85.0628,0.026673040588173005
85.1018,-0.018305812940360693
85.1407,0.01991967028089755
85.1796,-0.007876820730810254
85.2185,-0.0009040504278400249
85.2574,0.024784513602022884
85.2963,0.015912441806225464
85.3352,-0.012401311316119896
85.3741,-0.03294564816508258
85.4131,0.03799513973078761
85.452,0.008487973802159422
85.4909,0.01589570630935494
85.5298,0.005503755027178857
85.5687,0.04431493742312119
85.6076,-0.02775537222475536
85.6465,-0.01596903682427586
85.6854,-0.035447909438206034
85.7243,0.0032416773070692365
85.7633,0.0025076636078582605
85.8022,0.0094788661804531
85.8411,0.017486445195104245
85.88,0.007846672001771401
85.9189,0.021045114526374743
85.9578,-0.028290965091522874
85.9967,0.03945411757594966
86.0357,-0.0036472064481710914
86.0746,-0.005686455565420029
86.1135,-0.01458566714501926
86.1524,-0.006603453164384675
86.1913,0.012870517444885952
86.2302,-0.038426511564335075
86.2691,-0.006045877431054145
86.308,0.008235957967011848
86.347,0.011822341431824599
86.3859,0.006672457905391814
86.4248,0.011438732159816126
86.4637,0.013693383200410341
86.5026,-0.004453114467612986
86.5415,-0.011798939650516123
86.5804,0.03359228078028404
86.6193,0.005868523832390517
86.6582,-0.03831341201960237
86.6972,-0.004044315599485043
86.7361,0.02618382174148725
86.775,-0.028122623222825105
86.8139,-0.012913042190627189
86.8528,0.010718959397912483
86.8917,0.002766498073882274
86.9306,-0.019128478189369774
86.9696,0.021911213591971755
87.0085,0.004035267550557257
87.0474,-0.0027954755438002986
87.0863,-0.03826954445281795
87.1252,0.007464744609102816
87.1641,0.00034248955707476617
87.203,-0.005247658344679279
87.2419,-0.01516142056992294
87.2809,0.009600021644849589
87.3198,0.020342078571584207
87.3587,0.00923472228860313
87.3976,-0.01750112081132548
87.4365,-0.012573590752552979
87.4754,-0.003097721608153333
87.5143,-0.02065718588672519
87.5532,0.0012985410487666481
87.5921,-0.034182422140769844
87.6311,0.005506244172423172
87.67,0.026510900273551505
87.7089,-0.014330573040102209
87.7478,0.012005776927704551
87.7867,-0.0025214941193010395
87.8256,-0.017586455022556464
87.8645,-0.013201133402998097
87.9035,-0.030589666487335722
87.9424,0.015858439380907807
87.9813,-0.02708741958584066
88.0202,0.009872964210812248
88.0591,0.0008125847671134985
88.098,0.035078358210167714
88.1369,-0.014953828145748638
88.1758,0.026694234474726575
88.2147,-0.01909020623890726
88.2537,-0.00448790067082461
88.2926,-0.008252832044387197
88.3315,0.002826537779607806
88.3704,-0.027236754155433356
88.4093,0.03401950040584352
88.4482,-0.009234266779296582
88.4871,0.013005203639373734
88.526,-0.012658294564122034
88.565,-0.0008078899399998306
88.6039,-0.002200011401934967
88.6428,0.018513778675185923
88.6817,0.012581183502829028
88.7206,-0.031692527481399696
88.7595,-0.004047954882405849
88.7984,0.00986518692201352
88.8373,-0.005989156204695563
88.8763,-0.031200848739446466
88.9152,0.0030486830957694964
88.9541,-0.02936444349986113
88.993,0.038570392590345844
89.0319,0.02279882829670858
89.0708,-0.022852846203065973
89.1097,-0.01883444577822166
89.1486,-0.029588046037470797
89.1876,-0.02021715864545041
89.2265,-0.014188688868644677
89.2654,-0.01199715710432949
89.3043,-0.004374901456385444
89.3432,-0.03313122315540634
89.3821,0.04198754985089732
89.421,0.008185250273865711
89.4599,0.0066419127294853495
89.4989,-0.015317158678475643
89.5378,-0.01977888834789243
89.5767,-0.04396413296979727
89.6156,-0.008276222863736022
89.6545,-0.011860642232962015
89.6934,0.0010103123065293533
89.7323,-0.03891553601388714
89.7712,0.0034016113792371475
89.8102,-0.019964340817692307
89.8491,-0.03892031258176884
89.888,-0.016499492310356627
89.9269,-0.0022186046190747436
89.9658,-0.015193058306272805
90.0047,-0.009167876230915237
90.0436,-0.02836363318099483
90.0825,0.015249569253821193
90.1215,-0.0004386579237482293
90.1604,0.008214020221319077
90.1993,0.012414294643963174
90.2382,-0.018002643478961886
90.2771,0.03985959209342755
90.316,0.014591568257232797
90.3549,0.008225585447602263
90.3938,-0.00888271067342008
90.4328,-0.012042719730743903
90.4717,0.0019905420904286195
90.5106,-0.02806634128913412
90.5495,-0.018531915118426917
90.5884,0.031840712579301156
90.6273,0.017787275759056084
90.6662,-0.013331130012520951
90.7051,-0.02229754681953563
90.744,-0.027261618213865114
90.783,-0.0295846752184136
90.8219,0.006059040799685555
90.8608,0.034466008448308806
90.8997,-0.012160654238248657
90.9386,0.02496432709750203
90.9775,-0.0030594006556676195
91.0164,-0.020568357406993008
91.0554,0.027455370742906705
91.0943,-0.01466829197740373
91.1332,-0.018506243365942844
91.1721,0.012626815181148235
91.211,-0.00036363087349106343
91.2499,0.037351620895961314
91.2888,0.004736911239358019
91.3277,0.0032141752312457514
91.3667,0.003040086108028024
91.4056,0.0047780767312263425
91.4445,-0.01748250806016937
91.4834,-0.0008747932078989277
91.5223,0.02651293795901484
91.5612,0.0028240783098350073
91.6001,-0.02132803881310328
91.639,0.020971100875502025
91.6779,0.009167917898350326
91.7169,-0.00808844048364535
91.7558,0.01854883171994167
91.7947,0.022373264222260818
91.8336,0.0006499911920276932
91.8725,-0.008765149363083745
91.9114,0.021418214508455585
91.9503,-0.002817309598346307
91.9893,0.019688899963995886
92.0282,-0.029231079273331573
92.0671,0.042005995164358385
92.106,0.0014256992679175465
92.1449,-0.02429774659541406
92.1838,0.005272478014726569
92.2227,0.008596494104904082
92.2616,0.014288595646598696
92.3006,-0.021590083738519714
92.3395,-0.00716425406803523
92.3784,-0.005435076690486519
92.4173,-0.012635447775033164
92.4562,-0.015350838778701567
92.4951,-0.0406168192071848
92.534,0.008366387133497803
92.5729,0.044305069913771096
92.6118,-0.004223167579506277
92.6508,0.0310771203618251
92.6897,-0.02239839186735236
92.7286,-0.022655856867992756
92.7675,0.01959219359885675
92.8064,-0.024433516449941226
92.8453,-0.0004577205764637231
92.8842,-0.020854189612000234
92.9231,-0.017799547813934842
92.9621,0.020523272733502195
93.001,0.013666061416167531
93.0399,-0.001053516363830091
93.0788,-0.011782433283864796
93.1177,-0.0355301847108751
93.1566,0.02086266396719224
93.1955,0.03028805609183345
93.2345,-0.057872566036255235
93.2734,-0.008082111359180808
93.3123,-0.005851369908330383
93.3512,-0.006083985680163146
93.3901,0.018563732218258612
93.429,-0.01643510160808688
93.4679,0.004443223399759362
93.5068,0.006867208038119127
93.5457,0.008836122417583737
93.5847,0.0042958359099757
93.6236,0.01947143461799831
93.6625,-0.005064603321333614
93.7014,-0.027773614387013888
93.7403,0.015016568853996838
93.7792,-0.01712951776991843
93.8181,-0.01299555089557243
93.857,-0.015454147596666619
93.896,0.010851773144825596
93.9349,-0.00785047674994255
93.9738,0.01764122177965002
94.0127,-0.00285911037211623
94.0516,0.030555295659216927
94.0905,0.014055369962750046
94.1294,-0.0020141389938979244
94.1684,-0.019573566817963697
94.2073,-0.015441149549205408
94.2462,0.014232732023964188
94.2851,0.008101540179514543
94.324,-0.004839039141766074
94.3629,0.017288461872647095
94.4018,0.01338502973113156
94.4407,0.015095064240008435
94.4796,0.0025224044052129854
94.5186,-0.02646892416162831
94.5575,0.016115703708995878
94.5964,-0.039763296406310725
94.6353,-0.027176985848145825
94.6742,-0.008206256343145256
94.7131,-0.03260437247936922
94.752,0.011361832985051806
94.7909,0.03843155427926293
94.8298,-0.01624202681540015
94.8688,-0.019491075984046535
94.9077,-0.014819752896019441
94.9466,0.014384896248206464
94.9855,-0.000980827055147071
95.0244,0.005146129611508596
95.0633,-0.020971813906975337
95.1022,-0.009095612238426767
95.1412,0.01819771692250938
95.1801,0.011417512155645475
95.219,-0.00041582257284006026
95.2579,0.024879982430225947
95.2968,0.0026702062446682046
95.3357,0.012604911578350546
95.3746,-0.01361923089928957
95.4135,0.032462801997665505
95.4525,-0.0009024368395086841
95.4914,-0.015363694775234273
95.5303,0.0331537930630558
95.5692,-0.02018107571176262
95.6081,0.005084714892399652
95.647,-0.01629146916901097
95.6859,0.02782277573234941
95.7248,0.01893338771047044
95.7637,-0.018933512297236145
95.8027,-0.008250325195671513
95.8416,0.01638120491190998
95.8805,0.013335615872615114
95.9194,-0.03348983625173456
95.9583,0.02128937971989857
95.9972,-0.015449667195444834
96.0361,0.00019106667250611085
96.0751,0.014293475971111348
96.114,0.0019749658420801057
96.1529,-0.0010023378997104353
96.1918,-0.003988617063092843
96.2307,-0.010367901334008233
96.2696,1.2236405399636274e-05
96.3085,-0.03283972670015878
96.3474,-0.0009240972429676794
96.3864,0.0244998158100037
96.4253,-0.008024674245163382
96.4642,0.020402927038577313
96.5031,-0.005779906934004882
96.542,-0.0003305047019170164
96.5809,-0.0169231944668076
96.6198,0.00461369329624416
96.6587,0.027325812768858093
96.6976,0.030926028944951573
96.7366,0.00687648860254655
96.7755,0.0020564305793353208
96.8144,-0.005121424522292413
96.8533,0.010337424446412788
96.8922,0.013011581867997848
96.9311,-0.020609830435576272
96.97,-0.007967033167442825
97.0089,-0.007927357243781208
97.0479,0.019322407050143535
97.0868,0.005955334614807548
97.1257,0.02744704203599474
97.1646,0.0076253190179160595
97.2035,-0.010885162403640682
97.2424,0.02269116706561261
97.2813,-0.03721290441439734
97.3203,-8.612903758647506e-05
97.3592,0.019368172082101974
97.3981,-0.04562703077396958
97.437,0.010568842436504125
97.4759,-0.0038395684207531214
97.5148,0.01841872927240456
97.5537,0.0004923050295309083
97.5926,0.009687452957094823
97.6315,0.009897404777304417
97.6705,0.01534847687782816
97.7094,0.009503559206478343
97.7483,0.021737548198919845
97.7872,0.013234314110739333
97.8261,0.01626210140576402
97.865,0.0205310975153808
97.9039,0.031048180235344572
97.9428,0.0014289448995098656
97.9818,0.004970540940728286
98.0207,-0.002287881549142874
98.0596,-0.01594143686033773
98.0985,-0.0011279799425874225
98.1374,0.002434451261288386
98.1763,0.026994756790333318
98.2152,0.015225186806458721
98.2542,0.007813020379130491
98.2931,-0.011745701162518083
98.332,-0.006793693810485174
98.3709,0.031621263880050016
98.4098,0.03679062186239794
98.4487,0.008368542801459069
98.4876,-0.011085521143471234
98.5265,-0.016231909621396836
98.5654,0.0027676015814248013
98.6044,-0.018090591826834222
98.6433,0.004073275874658505
98.6822,-0.028511310837996247
98.7211,0.031146803079056505
98.76,-0.03958452533530159
98.7989,-0.010372358458523124
98.8378,0.018969848693696303
98.8767,-0.005108851709520785
98.9156,0.006589200750442077
98.9546,0.02218124896809518
98.9935,0.005923929435971051
99.0324,-0.011288103982663163
99.0713,0.01680976311787915
99.1102,-0.025207098249480083
99.1491,-0.006440058186618869
99.188,-0.025321387226937064
99.227,0.004560692313639226
99.2659,-0.023867676830700936
99.3048,-0.03881633222389213
99.3437,0.03721782403242319
99.3826,-0.015139997009159554
99.4215,-0.006314439240091637
99.4604,0.0038470121872951975
99.4993,0.02221023026320786
99.5383,0.0013979893844967128
99.5772,-0.017710579985502996
99.6161,-0.008093307906070374
99.655,0.05053124917094453
99.6939,-0.011031444383827665
99.7328,-0.008688275289851435
99.7717,0.0038615409769522154
99.8106,-0.010567482485849067
99.8495,-0.002307027758665584
99.8885,0.011552123902873478
99.9274,-0.030864258414733663
99.9663,0.015077489734775
100.005,0.0234792224403515
100.044,-0.0023950987062094998
100.083,-0.028403665985429552
100.122,0.0010552390044029497
100.161,-0.011737700675489614
100.2,-0.03049185392054884
100.239,-0.011349071526167443
100.278,0.02198936067408005
100.316,-0.0038730503355631687
100.355,0.013605409713314184
100.394,0.01616118230249193
100.433,-0.00415735678375936
100.472,-0.0504654892179901
100.511,0.04815201690042521
100.55,0.015006066576747492
100.589,0.010384683095115603
100.628,-0.004919808754414351
100.667,-0.0020067286743191484
100.706,0.0009198998859681032
100.745,-0.017743683536706446
100.783,0.02707151479645804
100.822,-0.0014371186485479296
100.861,-0.008872670673361303
100.9,0.031326123934461096
100.939,0.010896902497959705
100.978,0.004729840363944544
101.017,-0.013348390147925628
101.056,-0.008819683374111912
101.095,-0.01685078516500984
101.134,0.05767818924880376
101.173,-0.029439092957991367
101.211,-0.010320809864483024
101.25,-0.005725976818508766
101.289,0.00026128100239571214
101.328,-0.006152156221398555
101.367,0.04386350872599027
101.406,-0.025064514755368812
101.445,-0.0435615982140018
101.484,0.0034051813215927665
101.523,0.013284801380939846
101.562,0.014723804715726678
101.601,-0.0205651048326302
101.64,0.02422098360053554
101.678,-0.023421632002280528
101.717,0.009180185451203662
101.756,0.01453064506028633
101.795,-0.005627147737755726
101.834,0.009838813233348977
101.873,-0.010082826576192735
101.912,0.01909595081744056
101.951,-0.0036817191967695798
101.99,-0.005288869452044336
102.029,-0.012573273238996414
102.068,0.013213175053151996
102.106,-0.018277243882294097
102.145,0.0027151778676653762
102.184,-0.011687452826135387
102.223,-0.0118798140885556
102.262,-0.006358667902343777
102.301,-0.01258031251700055
102.34,0.008409671774102812
102.379,0.019514238919046724
102.418,-0.01880885892478943
102.457,0.02193973862448753
102.496,0.011497531186853396
102.535,0.00048490861593775787
102.573,0.0212306205443555
102.612,-0.01386542152002238
102.651,0.01673142839376196
102.69,-0.019908936938581895
102.729,-7.791562975614265e-05
102.768,0.01155553182357392
102.807,-0.02682832205643808
102.846,0.03543604198768557
102.885,0.024132679511187062
102.924,-0.04287284525881926
102.963,0.027171689009919214
103.001,-0.0041533870879785105
103.04,0.023399511077374986
103.079,0.012624680561098011
103.118,0.025506812164414784
103.157,-0.036449033399160016
103.196,0.028972637013448096
103.235,0.008720191519749457
103.274,-0.008362652210455958
103.313,-0.004661889632991564
103.352,0.004542047850045874
103.391,0.015082026307684732
103.429,0.018474107770528644
103.468,0.004462000007222055
103.507,0.01454895393584813
103.546,-0.009269612936059574
103.585,-0.021607717958786028
103.624,0.006199933738936781
103.663,0.016117897717382798
103.702,0.036596357459352205
103.741,-0.00778201305256053
103.78,-0.006593767320057086
103.819,0.022533429683505767
103.858,0.00907595464526759
103.896,0.015508989135896144
103.935,-0.004912184321699245
103.974,0.006775327842610758
104.013,0.010338512240803361
104.052,0.010514735952692087
104.091,0.029433556660151353
104.13,-0.01654019969540963
104.169,0.009856690160941988
104.208,-0.006332713531504226
104.247,0.007576288927357029
104.286,-0.006920937353638117
104.324,0.0029951732577449793
104.363,-0.014839197165489487
104.402,0.02071200007952366
104.441,0.02367647720346573
104.48,0.0392151843681093
104.519,0.019236232447898176
104.558,0.010404123795804682
104.597,-0.0018947596429970733
104.636,-0.018227554239747087
104.675,-0.009177475308878975
104.714,0.020276799161111927
104.753,0.02028453111420862
104.791,-0.010962598605678163
104.83,0.0011583728190667799
104.869,-0.012478001206510127
104.908,0.01316644799994475
104.947,-0.016057518767484673
104.986,-0.009634352277397283
105.025,0.015506054497937675
105.064,0.00691808528960377
105.103,-0.0011025893789559059
105.142,0.06600565163325842
105.181,-0.01638259297011939
105.219,0.009172622819636928
105.258,-0.024302459614701066
105.297,-0.023706427192021363
105.336,-0.00807945238957309
105.375,0.011938033668565277
105.414,0.002923558160347661
105.453,-0.015030054624609204
105.492,-0.007612825520462902
105.531,-0.04994225648312884
105.57,-0.01987416542264417
105.609,0.0002920616993146565
105.648,-0.029627882916449806
105.686,-9.572672479507614e-05
105.725,0.005655057335449167
105.764,-0.012861463271414925
105.803,0.01484952906726036
105.842,-0.024742609526791994
105.881,-0.0006963747618255715
105.92,0.018370443570453622
105.959,0.021423545880188154
105.998,0.015019329824555049
106.037,-0.0047870126025475945
106.076,0.007748239957157106
106.114,-0.00828627714001306
106.153,-0.01583616498422955
106.192,0.0002144465697306603
106.231,0.023133681080766015
106.27,-0.015808280989472786
106.309,0.009196760117685363
106.348,-0.010924132742607107
106.387,0.010898059531104218
106.426,-0.012769575659391366
106.465,0.028269871570738903
106.504,-0.0045139326126903264
106.542,-0.024046889908469093
106.581,-0.0016099982464706905
106.62,0.02570917777297463
106.659,0.02092712906998045
106.698,-0.019035009606015046
106.737,0.015735762307023952
106.776,-0.02328408641224876
106.815,-0.0123112239768721
106.854,0.0073761653966004665
106.893,0.03523426916849449
106.932,-0.004254958607024246
106.971,-0.01273592677674902
107.009,-0.03225286680022792
107.048,0.020283754468764997
107.087,0.02511098579476361
107.126,-0.00024316514221538708
107.165,-0.01567598960984008
107.204,-0.0009193618857863241
107.243,-0.026568946711999383
107.282,0.008701170494943289
107.321,0.018071732451786483
107.36,0.01993632116516134
107.399,-0.01577579007545802
107.437,-0.006272115268291998
107.476,0.01637226306672719
107.515,0.04129368183713206
107.554,0.015388366034785664
107.593,0.03414348280817622
107.632,-0.007395643870373593
107.671,-0.007047226915374313
107.71,0.005140519826414275
107.749,0.037089326249792914
107.788,0.00248512039326301
107.827,0.002463327857546862
107.866,0.012917800139930548
107.904,-0.011295631525806068
107.943,-0.018420535945928015
107.982,0.006336758594231542
108.021,-0.020373266002592115
108.06,-0.022011842437914823
108.099,0.007440485054248819
108.138,-0.008918574774479673
108.177,-0.01417390446625371
108.216,0.00431505288829625
108.255,-0.037537672493354886
108.294,-0.01679450301331795
108.332,0.012521641762431375
108.371,0.004257662765275047
108.41,-0.016057489281469235
108.449,-0.014977454836864119
108.488,-0.05286993061505947
108.527,-0.010778047541114073
108.566,0.014570340699632102
108.605,-0.011723595876776113
108.644,-0.038592299305523464
108.683,-0.0112376913018287
108.722,-0.0009252464277876755
108.76,-0.04303634586598093
108.799,0.008851170586955368
108.838,-0.012013266091800716
108.877,-0.011509963348265498
108.916,-0.020981578163279793
108.955,-0.01735370172498696
108.994,-0.04629561295865934
109.033,0.024150800329204615
109.072,9.64419353437886e-05
109.111,-0.006323595115986042
109.15,-0.0010217391599867207
109.189,-0.03186666111739325
109.227,0.01883161658049831
109.266,0.021828770383944474
109.305,-0.01536228119083962
109.344,0.045706561661102665
109.383,-0.04160329982479516
109.422,0.013877290731083632
109.461,0.0206617348575424
109.5,0.006116916637609415
109.539,0.009076884122888505
109.578,0.015150531821024783
109.617,0.01671504443952641
109.655,0.02393871944611672
109.694,0.017761799844745005
109.733,0.02176364900241729
109.772,-0.01982010153099864
109.811,0.043198613560289534
109.85,-0.015317239180422137
109.889,0.01173956011079025
109.928,0.009863769540030622
109.967,-0.014449805995017204
110.006,0.003540988341613099
110.045,0.01707924146109955
110.084,-0.024146483330288952
110.122,-0.009046116037860851
110.161,-0.00059343090969248
110.2,0.026959779886188345
110.239,-0.0394704126944524
110.278,-0.0017522001553585652
110.317,-0.023188668813165808
110.356,-0.014148745462253597
110.395,-0.007062175555402484
110.434,0.06392126818288263
110.473,-0.010038582948581214
110.512,0.026386971535514225
110.55,-0.0017995386556735205
110.589,-0.02233996056969526
110.628,0.013965417213384252
110.667,-0.00041140569300283925
110.706,0.031601485121507955
110.745,0.015060776190569216
110.784,0.0035572212136838616
110.823,0.007176417699985408
110.862,-0.00986158394565744
110.901,0.005007787725015367
110.94,0.019129353495972425
110.979,0.0066785341924338526
111.017,-0.005865727374102269
111.056,0.025257171180504016
111.095,0.029679724706978248
111.134,-0.0023940727580787314
111.173,-0.008214095836263681
111.212,-0.025850938975258562
111.251,0.008574355947089447
111.29,0.0012377267088199313
111.329,-0.0007764800735953542
111.368,0.007149677453250362
111.407,-0.03606189519758148
111.445,0.00608904251247876
111.484,-0.05274560201733656
111.523,0.01917445588245413
111.562,-0.01411407079822554
111.601,0.01858942380127532
111.64,-0.027717663255001145
111.679,-0.001894465846048866
111.718,0.04656608501735916
111.757,-0.0015529051929413038
111.796,0.01408484601501022
111.835,0.007255845203145587
111.873,-0.015311240673324124
111.912,-0.015645969976838075
111.951,0.027218274784173102
111.99,0.0026571919159798724
112.029,0.003875490403699988
112.068,0.027726199475312907
112.107,0.013427298777307056
112.146,-0.006214171101271638
112.185,-0.0012742170549710143
112.224,-0.020429492905010366
112.263,0.013958108781116575
112.302,0.013529974867431814
112.34,-0.014498365091453672
112.379,0.01658089318542189
112.418,-0.014984079957839704
112.457,0.05214894396395868
112.496,0.018805279551364178
112.535,0.0008196092028592734
112.574,-0.016838536003120068
112.613,-0.008879865089907775
112.652,0.010177143206317801
112.691,-0.02344432631441584
112.73,-0.012643221388006005
112.768,-0.00538852906828873
112.807,0.03170965975283224
112.846,0.020245500326558523
112.885,0.06101488891559856
112.924,0.005387594734490379
112.963,0.003963538477575238
113.002,-0.03335676479146556
113.041,-0.006945412860900093
113.08,-0.0010987948784784186
113.119,0.007650791852998405
113.158,0.02552109914199184
113.197,-0.014723702869859003
113.235,-0.010641424987310752
113.274,0.003496022345124596
113.313,-0.05072858991176722
113.352,0.024924518957561835
113.391,-0.023338149805326606
113.43,0.006216203631321341
113.469,0.01224722902869019
113.508,-0.01687100793970453
113.547,0.01415444522134817
113.586,0.00808602447267494
113.625,-0.008317084424875984
113.663,-0.005100678642363068
113.702,-0.0005461632597817455
113.741,0.009883545116768873
113.78,-0.006952059620641133
113.819,0.03626545032783131
113.858,-0.04821104990188807
113.897,-0.04048301839147359
113.936,-0.039206766551821225
113.975,-0.009601201530583692
114.014,0.019622383010472335
114.053,0.002313963329227635
114.091,0.03572991057770762
114.13,-0.031369177814481806
114.169,-0.017822711263088643
114.208,-0.0206876939204647
114.247,-0.009139068807434803
114.286,-0.04012189554486864
114.325,-0.016708389594079165
114.364,-0.01699058478039509
114.403,-0.0174822270654092
114.442,-0.034571801124106
114.481,-0.019902431843118934
114.52,-0.01791978316179154
114.558,0.01363143104576614
114.597,-0.013232993777366898
114.636,0.0023861939816420623
114.675,-0.01563585841569423
114.714,0.011832906143683947
114.753,0.01968415215542522
114.792,0.04880511501964709
114.831,0.010302194148142317
114.87,-0.017519892730668472
114.909,-0.0016485057664196862
114.948,-0.023012750372641614
114.986,0.018078763643670354
115.025,0.011583364138448892
115.064,0.02073280899963753
115.103,-0.00404192333897527
115.142,0.017018283928769782
115.181,0.02800270094957126
115.22,-0.007994572072687951
115.259,0.02022653001555272
115.298,0.016855239246656304
115.337,0.04271530284878324
115.376,0.025054862328194427
115.415,-0.0033659553724995094
115.453,-0.0067478301517950815
115.492,-0.008356779385744084
115.531,-0.0057622191628083925
115.57,0.027299735165133412
115.609,0.0021921702300638055
115.648,-0.06273187395648483
115.687,-0.0061670621052011074
115.726,0.01746992231470893
115.765,0.04555224903194399
115.804,0.03711229969297631
115.843,0.029727885062297718
115.881,-0.009307076642266522
115.92,-0.02379590239920689
115.959,-0.003451398573005815
115.998,0.00748551811034296
116.037,0.022525930906932622
116.076,-0.024830521997202655
116.115,0.023706655655659208
116.154,-0.01657947703233362
116.193,0.011587341813797395
116.232,-0.02052408268870409
116.271,0.017033919076444925
116.309,-0.0013417549195429562
116.348,-0.012026055731661902
116.387,0.026020672361955745
116.426,-0.0015309855519414304
116.465,0.009131704489312421
116.504,0.003538798766582263
116.543,0.0026026243460438975
116.582,-0.010860224518501943
116.621,-0.0006897208096275876
116.66,-0.03642689308524386
116.699,-0.043030127641825094
116.738,-0.0359428109005101
116.776,0.013798135734058461
116.815,0.010547859331768234
116.854,0.0003837720439404217
116.893,0.02802797920384248
116.932,0.008646219648980253
116.971,0.014056451849772231
117.01,-0.02537763243591495
117.049,0.009798585276142142
117.088,-0.0072029746695596395
117.127,0.008118583334122848
117.166,0.020132828888565324
117.204,0.004004566606759457
117.243,0.04132579406001656
117.282,-0.009610225490677748
117.321,0.004860333276989731
117.36,0.01855552926441493
117.399,-0.014156740966862816
117.438,-0.025689589709242358
117.477,0.0009689355587272357
117.516,0.004054986089317819
117.555,0.005539238461379918
117.594,-0.009322425750780917
117.633,-0.012527430623955315
117.671,-0.030610203461134716
117.71,0.007598103250406018
117.749,0.029959637981141124
117.788,0.015273997163326471
117.827,0.014295532754826212
117.866,0.03661726457555589
117.905,-0.015503688204300752
117.944,-0.02632474080783023
117.983,-0.0147924636698787
118.022,-0.01266828279287373
118.061,-0.06404267315540216
118.099,-0.027904961834531734
118.138,0.011869015874410433
118.177,0.020609871583222777
118.216,-0.007090942437626254
118.255,0.02455842335307771
118.294,-0.02142497795613826
118.333,-0.005350916137358533
118.372,0.03718983658968498
118.411,0.025576543220805593
118.45,-0.04688941351641781
118.489,-0.006002632261636135
118.527,-0.019834459193503604
118.566,0.0018099300191848945
118.605,0.019618008027753
118.644,0.004413631362346664
118.683,0.0014452333972435095
118.722,0.029009321632444365
118.761,0.013983468972153034
118.8,0.014237820682424261
118.839,-0.020878864817426693
118.878,-0.0061122655155878185
118.917,0.042386994773809236
118.956,0.01639059775183832
118.994,0.01808091462749176
119.033,-0.015167871928591365
119.072,0.023594123702323694
119.111,-0.028304000166731274
119.15,0.02814530676059178
119.189,0.056744017370382115
119.228,0.013429314664900535
119.267,0.009118165259874213
119.306,0.01729943114011718
119.345,0.004498911190748883
119.384,-0.0323883191013202
119.422,-0.016550989860960937
119.461,-0.0034864370848297402
119.5,-0.0011446343754198778
119.539,0.008827174958181484
119.578,-0.01092355466044649
119.617,-0.003021759594302487
119.656,-0.006363074301432932
119.695,0.016399412800461213
119.734,0.006835869874390646
119.773,0.06661369516082363
119.812,0.01153048350115613
119.851,0.017323057330560804
119.889,0.01544414381498527
119.928,0.019454432764479
119.967,0.005964012272062412
120.006,0.006496582584833184
120.045,0.02373160691610643
120.084,-0.02659095856553262
120.123,0.01388660606315972
120.162,-0.0066083042708872525
120.201,-0.009789301293791682
120.24,-0.0007981988292626073
120.279,-0.018091478182637896
120.317,-0.003577996784929983
120.356,0.025326684047656076
120.395,-0.017871723124672487
120.434,-0.0042339081087055894
120.473,-0.016745533758200946
120.512,0.03737322111938717
120.551,0.003050165388335089
120.59,-0.002322029054403066
120.629,0.012436830016761151
120.668,0.008576948686559182
120.707,-0.00039338540109392327
120.746,0.010882214307903216
120.784,-0.024294555550210015
120.823,-0.009230520855547961
120.862,-0.001712842388883272
120.901,-0.0317279031774712
120.94,-0.036833382099545633
120.979,0.0033571530638233315
121.018,-0.024878337624697044
121.057,0.006132913377015103
121.096,0.0011856913008288469
121.135,0.01450320727304672
121.174,0.00923491548368618
121.212,-0.006822613149578332
121.251,0.013805814296781278
121.29,-0.013207667936257543
121.329,0.006308159177218034
121.368,-0.027363708619141853
121.407,-0.0066211919106866635
121.446,0.02670111810278586
121.485,-0.05522204132583846
121.524,0.027896977259209352
121.563,0.0041896302936421095
121.602,0.04054290146106351
121.641,-0.007657854956410706
121.679,-0.0043045810086116375
121.718,0.03946712386849005
121.757,-0.011865406536980795
121.796,-0.0324979228316419
121.835,-0.0021489277717442862
121.874,0.011261119293550236
121.913,-0.0017501682176947388
121.952,-0.005729253130335888
121.991,-0.019887456947769534
122.03,0.019807731228441913
122.069,0.00644826750637402
122.107,-0.03853018236128174
122.146,-0.034310301582565615
122.185,-0.003635268718488241
122.224,-0.013121122111968374
122.263,-0.02402515178522867
122.302,0.00397910246402863
122.341,0.024640307758810022
122.38,-0.022308048672622406
122.419,0.02804913938019831
122.458,0.016897029317718373
122.497,-0.01725671024246692
122.535,0.013535922476648582
122.574,0.027217915157363527
122.613,0.04306398577927852
122.652,0.002724494078132767
122.691,0.006694124303079857
122.73,0.016581402715583036
122.769,0.023964475077432063
122.808,0.01187943397940129
122.847,-0.0317814858233561
122.886,0.009257231103568924
122.925,-0.009797486281350468
122.964,-0.008538956330383133
123.002,0.004584573272766646
123.041,-0.023961865517353458
123.08,-0.03514297320043912
123.119,-0.0009747648161293546
123.158,-0.05370619794688408
123.197,0.02861500825933969
123.236,0.006422934825604875
123.275,0.006515239297196983
123.314,-0.002114150786645194
123.353,0.0023553440361251303
123.392,-0.02341572984829557
123.43,0.002077200859834906
123.469,0.03117261842515337
123.508,0.0023629737295741624
123.547,0.002116559663770581
123.586,-0.051824244959981836
123.625,0.01585845254414299
123.664,-0.005005164344869044
123.703,-0.012064643054415125
123.742,-0.0060975161722906426
123.781,-0.007515806356536231
123.82,-0.026187211827338068
123.859,-0.003186600779625132
123.897,0.026073925180272066
123.936,0.01007833811670435
123.975,0.013091756275293933
124.014,0.006192448935246089
124.053,0.011595823177933083
124.092,-0.0035561316580297563
124.131,0.032564239565827685
124.17,-0.017652842854880717
124.209,0.010487241097752346
124.248,0.008377836829851437
124.287,-0.01730522938854236
124.325,-0.008346506382976137
124.364,0.010870282959513235
124.403,-0.001689777464910528
124.442,-0.022096196173198426
124.481,-0.02178440370402444
124.52,-0.017269450530470253
124.559,0.003605641939044833
124.598,0.012386423676850115
124.637,0.01498867127788302
124.676,-0.006130424618044182
124.715,-0.02365956816839282
124.753,0.03610472579443449
124.792,0.013090891753429184
124.831,-0.027294233142572087
124.87,-0.03232725500225786
124.909,0.002889063906045984
124.948,-0.04551027907490293
124.987,0.0009214263329849421
125.026,0.02123960924987666
125.065,-0.004114182199384104
125.104,-0.06417775956444163
125.143,0.00347673561275792
125.182,-0.02403573266054353
125.22,-0.004242953535377113
125.259,-0.02096223745199289
125.298,-0.02065685074991059
125.337,0.020910777643974306
125.376,0.019209180117830668
125.415,-0.008431298686995374
125.454,-0.016413479552739738
125.493,0.014220052714806359
125.532,0.025087920346643786
125.571,-0.011036927391817917
125.61,0.013403342574186038
125.648,-0.0032899818790115844
125.687,-0.007783799705894009
125.726,0.02189601922745186
125.765,-0.04858859392422281
125.804,0.02726562601791665
125.843,0.01605032963063331
125.882,0.009671717342424457
125.921,-0.021541622036711484
125.96,0.0002773489660845242
125.999,0.0028651272338428816
126.038,0.03804443158716057
126.077,0.019655179934387926
126.115,-0.004809256481878001
126.154,-0.0011868736647871869
126.193,-0.003919302660035148
126.232,0.017274079216806598
126.271,-0.02122947307339456
126.31,-0.02051423372285484
126.349,-0.004498741435807405
126.388,-0.02617002019918929
126.427,-0.010522296812043842
126.466,0.005059058338064233
126.505,-0.009610232539811747
126.543,-0.011561175663588922
126.582,-0.014364843004550681
126.621,0.04188032886370801
126.66,0.006880817069720324
126.699,0.0011790233231004869
126.738,0.006989454512273088
126.777,-0.005391707656995379
126.816,-0.015483511879998014
126.855,-0.025593178059817
126.894,-0.0020549825776353826
126.933,0.023820671420407398
126.971,0.0036746563953713243
127.01,-0.02762236487048168
127.049,-0.004405821972366915
127.088,-0.008630651649609298
127.127,0.009036039197139484
127.166,0.010840846146360663
127.205,0.010458878855271816
127.244,-0.0527597628878361
127.283,0.004829752950803627
127.322,0.01610751534376736
127.361,0.027959366857198742
127.4,0.003365645818950164
127.438,-0.00961388997876943
127.477,-0.017420174361297877
127.516,-0.030313999979256233
127.555,0.00031541478805091833
127.594,-0.006239623940692196
127.633,0.002532800293458877
127.672,-0.016743602555099137
127.711,0.007815936452914316
127.75,0.02554171088885549
127.789,-0.04475348886633828
127.828,-0.002132157892279135
127.866,0.007331437080966038
127.905,-0.0067600483868066755
127.944,-0.02493190126406873
127.983,0.031526051879099834
128.022,0.0029845069001941966
128.061,-0.010352149877895692
128.1,-0.0074340152246063634
128.139,0.010179613726224016
128.178,-0.009772939401571814
128.217,-0.00403016310498191
128.256,0.028460242604090778
128.295,-0.017542182640078775
128.333,-0.0074054883853321265
128.372,-0.012374374540080354
128.411,-0.009518466411421555
128.45,0.005797033837866956
128.489,-0.0017195640674298996
128.528,0.006743707810601897
128.567,0.07354602844513317
128.606,-0.02073907611080553
128.645,0.011110134162556745
128.684,-0.006476128313342129
128.723,-0.01795841127690083
128.761,-0.02529610727569873
128.8,0.011875766009469655
128.839,0.0028951129905039922
128.878,0.040365588294068125
128.917,0.02347868225477975
128.956,0.022250185712884105
128.995,0.014161188032304865
129.034,0.018390653975897325
129.073,0.0030516138624959595
129.112,-0.02448467109493395
129.151,-0.019873303846833272
129.189,-0.017076238168328883
129.228,-0.007760647511003301
129.267,0.016530295644370988
129.306,-0.007898124783945384
129.345,-0.012854737132138474
129.384,0.04657156207782523
129.423,-0.029557723325084273
129.462,-0.007342473117707448
129.501,0.01614966723566672
129.54,0.03759217709890913
129.579,-0.031496636561387174
129.618,0.03635553641803443
129.656,-0.012977423573814798
129.695,-0.0224622626558013
129.734,0.013148059966366296
129.773,0.019899567642974205
129.812,0.03385954423242747
129.851,-0.004829294873433679
129.89,0.006730821121682173
129.929,-0.006073338262342362
129.968,0.024977987625466123
130.007,0.0047489576764104795
130.046,-0.0056640842479452865
130.084,0.013616602407881095
130.123,-0.0016701747950487915
130.162,0.02343463129480026
130.201,-0.005023939612647606
130.24,-0.009118155463764294
130.279,0.00017117958717481965
130.318,-0.017375342532371132
130.357,-0.013058876517162034
130.396,-0.0019733542540367015
130.435,0.015620180165595576
130.474,-0.03565518509941132
130.513,-0.009992382576756
130.551,-0.03498635809002605
130.59,-0.005956533324374089
130.629,0.020174610742508828
130.668,0.016934002909211286
130.707,-0.03777159776514971
130.746,0.025439563087635664
130.785,-0.014146921638481545
130.824,0.016143084251434358
130.863,0.001392591138420698
130.902,-0.0399210495440651
130.941,-0.008652837431030276
130.979,-0.003939408123732531
131.018,0.009888273790777275
131.057,0.002437883750318921
131.096,0.005451113315982944
131.135,0.033498238452700245
131.174,0.008632959191485892
131.213,-0.000853418398352998
131.252,-0.024823120294368024
131.291,-0.01689870311899299
131.33,0.0008260856057381023
131.369,-0.010192857196045825
131.408,0.01092931426398657
131.446,-0.0043730769151185045
131.485,0.00537421862839926
131.524,-0.031644087259024185
131.563,-0.005694722935623753
131.602,0.00845468212994418
131.641,0.013638971328089115
131.68,0.032168549694439615
131.719,0.011668980877879362
131.758,-0.028645133854937603
131.797,-0.03452410278686917
131.836,0.011277081224754182
131.874,-0.008516748357273033
131.913,0.02215728531875192
131.952,0.010849562864022177
131.991,-0.021012617991353177
132.03,-0.012521536794766929
132.069,0.038089963738916835
132.108,0.027067926398164903
132.147,0.006932004172678769
132.186,-0.0002571762645053933
132.225,-0.025651608917156576
132.264,-0.027333202781946765
132.302,-0.017001848442024917
132.341,0.01252698497582206
132.38,-0.01972456165177913
132.419,0.009501476498257031
132.458,-0.009567896820348185
132.497,0.015926302482658545
132.536,0.0405469661999906
132.575,-0.0023402041215283007
132.614,-0.0010472702654907816
132.653,0.014887974638563556
132.692,-0.014733265911209006
132.731,0.009997972376672402
132.769,0.0007496378679204582
132.808,-0.03180582340730417
132.847,0.0020433226714929673
132.886,-0.0120239259912918
132.925,0.016113145946346656
132.964,-0.03259990231756296
133.003,-0.02324856455119076
133.042,0.051510326008779604
133.081,0.03442521635694422
133.12,-0.03291248300056832
133.159,0.021117740996822766
133.197,0.008155144092920872
133.236,-0.019263247940725755
133.275,-0.009525562180012605
133.314,0.0015737217935659345
133.353,-0.017892057224199363
133.392,0.011649853664700003
133.431,0.007881165688665346
133.47,-0.026973054999979387
133.509,0.01757743903076109
133.548,-0.023570200607917348
133.587,-0.04186676601317197
133.626,0.00020222700773556666
133.664,-0.011664006692337577
133.703,0.02747075136358833
133.742,-0.03321508751057806
133.781,-0.0073494006058478605
133.82,0.001511085856377192
133.859,-0.005978743001024746
133.898,0.009181202936716214
133.937,-0.01388572305010096
133.976,0.028543254967860615
134.015,0.0007616066474948249
134.054,0.017788343987383128
134.092,-0.010184253261117809
134.131,-0.019920229699155228
134.17,-0.0016276846831408916
134.209,-0.01686934218960225
134.248,0.0032887446842173648
134.287,-0.012268721547970879
134.326,0.02329395239811291
134.365,0.040485330794622874
134.404,0.011973285935604854
134.443,0.008940465221026145
134.482,0.03217420606496203
134.521,0.027836549125566157
134.559,0.022043242326730304
134.598,-0.012952881843582498
134.637,-0.009133624038299561
134.676,0.009365544545285
134.715,0.021848968568588513
134.754,0.03021336920701981
134.793,0.025332837597716
134.832,0.003931380060165383
134.871,-0.009747270180663927
134.91,0.0055401313289945055
134.949,0.00350154274563077
134.987,0.002809769973340934
135.026,-0.004017286780822325
135.065,0.002196853254580692
135.104,-0.005018717340025809
135.143,0.007296992603266138
135.182,-0.022283352297484606
135.221,-0.0041684698309901215
135.26,-0.023218014979760896
135.299,-0.005527667157523692
135.338,0.008511198891760361
135.377,0.03600316212853583
135.415,-0.018504217172272158
135.454,-0.0005310342851026911
135.493,-0.022903786096260127
135.532,-0.0007495685034615561
135.571,5.6220240221309045e-05
135.61,-0.028004892238011586
135.649,0.02588758571323399
135.688,-0.026721531312504983
135.727,-0.007015311038216548
135.766,0.00798827823349382
135.805,0.0002131328507452841
135.844,0.008569038805359747
135.882,0.011262896525348738
135.921,-0.01698450914265403
135.96,-0.004467226374571882
135.999,0.036416577157918635
136.038,-0.009127811202549586
136.077,0.00040386082535416937
136.116,-0.010796141421623632
136.155,0.031115340292109255
136.194,0.0020515547170362686
136.233,-0.013736039062512554
136.272,0.009162827499851965
136.31,0.0021826029775435097
136.349,-0.0193628272830325
136.388,-0.002821916479855649
136.427,-0.01571600653681303
136.466,-0.008636396034677684
136.505,-0.013854727387578668
136.544,-0.008698959825793174
136.583,0.002887143353621554
136.622,-0.0017251151321112951
136.661,-0.011158050881915644
136.7,0.029885494815272876
136.739,-0.003287941390801706
136.777,-0.023006166862599074
136.816,0.0034157328424108194
136.855,0.037276124927185905
136.894,-0.011406815832212626
136.933,-0.022585730373751854
136.972,-0.019764705788005953
137.011,0.04289435694340091
137.05,0.03264976032995026
137.089,-0.0013001575309241793
137.128,0.004477733713944415
137.167,-0.013611250567131986
137.205,-0.030786146102484747
137.244,-0.03530273848624206
137.283,-0.022102318810811372
137.322,-0.017437268500624336
137.361,-0.01862674469661346
137.4,-0.027787503757779868
137.439,-0.027506235548717718
137.478,0.0068251679234901386
137.517,0.002882602123468792
137.556,0.0037159757751239354
137.595,-0.001971473933019302
137.633,-0.022126887046823106
137.672,0.014202252578429667
137.711,-0.007170256944525972
137.75,0.021392138911265176
137.789,-0.005520406021103484
137.828,-0.022456509720497578
137.867,-0.011385304333413362
137.906,0.000344270627081793
137.945,0.004151453653751528
137.984,-0.01950863837340433
138.023,-0.01818393970981649
138.062,-0.003313706828912631
138.1,0.01118896160375939
138.139,-0.015852111945289266
138.178,-0.05452208377921543
138.217,-0.03929127805243437
138.256,0.021603506704997985
138.295,-0.010181883993295048
138.334,-0.02235096432994804
138.373,0.01341264116048144
138.412,0.009327597953957314
138.451,0.02562080017426983
138.49,-0.0033411643840854962
138.528,0.014615137467639153
138.567,0.01046609457731698
138.606,0.017654013680120706
138.645,-0.016111237024974207
138.684,0.003249631593153224
138.723,0.015305993194521446
138.762,-0.007052555049854603
138.801,-0.013738535829157308
138.84,0.020480379892186033
138.879,0.03246505077859235
138.918,0.022639779812718662
138.957,0.0436731848798879
138.995,-0.01910983400716675
139.034,-0.008650099155451558
139.073,-0.0022040412774601177
139.112,0.005594789501261721
139.151,0.0163033077652735
139.19,-0.0027596574222067695
139.229,-0.01824621856562924
139.268,-0.048590704732297665
139.307,-0.011617760162164892
139.346,0.004510824035845492
139.385,0.014768670601918889
139.423,0.013612710234752832
139.462,-0.028906424948271826
139.501,-0.02208007528771159
139.54,-0.02045453102974776
139.579,-0.041755859815017386
139.618,0.04448600704251179
139.657,0.02448612132855779
139.696,-0.012516123410551723
139.735,0.040253162185303476
139.774,0.00785597921011711
139.813,0.005453839407206204
139.852,-0.03053900605832181
139.89,0.033883682367907966
139.929,0.00032881233278111814
139.968,-0.015707441009743448
140.007,-0.048201840957971934
140.046,0.004089694991667852
140.085,-0.0019944619183087514
140.124,-0.008661662995305916
140.163,0.03410785850309231
140.202,0.0034892823729283724
140.241,0.024109116179416974
140.28,-0.026077386753538132
140.318,-0.006417584126034364
140.357,0.008859450669840119
140.396,0.01698603166079287
140.435,0.005805516888575842
140.474,0.020876892432128823
140.513,-0.053483767792423045
140.552,0.0056382400775343055
140.591,0.0052896774321853635
140.63,-0.015395247584889877
140.669,-0.018737224630686916
140.708,-0.008378423008905829
140.746,0.03697630683426898
140.785,0.011806530828228187
140.824,-0.003654875367847506
140.863,-0.009018503073670846
140.902,0.011691183794935785
140.941,0.01932990857887176
140.98,-0.004537628062976121
141.019,-0.013396437176184378
141.058,-0.02326550542590066
141.097,-0.0343500695182737
141.136,0.009984030399634473
141.175,-0.01506954692084584
141.213,0.013582470363761338
141.252,-0.04638888395940308
141.291,-0.024178181242011737
141.33,0.0017448841339275738
141.369,-0.04762999582098065
141.408,0.007757093569172691
141.447,0.02089383738629969
141.486,0.016261025579820666
141.525,-0.031235943053559815
141.564,-0.008853027040999
141.603,-0.013155473645948391
141.641,-0.007291950736616818
141.68,0.025829790909930504
141.719,-0.01732638394126517
141.758,-0.006402851023489411
141.797,-0.025730988317498135
141.836,-0.008349932010479302
141.875,0.03917777504097118
141.914,-0.00784194604476008
141.953,-0.013149878997005213
141.992,-0.0014599479778728006
142.031,0.00831735003156303
142.07,0.024328175081223626
142.108,-0.006252212574112401
142.147,0.0010048097016624891
142.186,0.005055602231566674
142.225,-0.02547099167249795
142.264,-0.041278091724103946
142.303,-0.023212080678351305
142.342,0.002574855200011008
142.381,0.0006637815610704353
142.42,-0.007151668168662355
142.459,-0.0010082137179836075
142.498,0.014382805604630514
142.536,-0.003178627752942181
142.575,-0.007547412903580638
142.614,-0.0170115461644229
142.653,0.013555156474350143
142.692,-0.0016511955368928646
142.731,-0.0038025148569399672
142.77,0.013507392683799515
142.809,-0.010123229162507411
142.848,0.005458915286122412
142.887,0.030152635023875593
142.926,-0.019240354823384
142.964,-0.002507315135031872
143.003,0.0004916120618766937
143.042,0.004873320217207591
143.081,-0.009400589530946787
143.12,0.03535084201339553
143.159,-0.02292612592489784
143.198,-0.006981054124602315
143.237,-0.008805241730956495
143.276,-0.03392482124921364
143.315,0.01752221982439995
143.354,-0.01585252649671657
143.393,-0.007029678492800417
143.431,0.047619287608615155
143.47,0.02243804353521198
143.509,0.01060462292118173
143.548,-0.0023492006182625398
143.587,-0.00015775211242260393
143.626,0.007555087122052648
143.665,0.011882108015020017
143.704,0.01365956070934272
143.743,-0.013915766429011734
143.782,0.01770279629438966
143.821,0.002196996679023795
143.859,-0.02457650324263139
143.898,-0.017313651974194662
143.937,0.002377264947914531
143.976,0.01806523653899228
144.015,-0.02729191853864036
144.054,-0.008405560977708991
144.093,-0.028417506779134072
144.132,-0.0247129160921355
144.171,-0.02992393632219636
144.21,-0.04390494509651735
144.249,0.007058212061742517
144.288,0.02827189941894786
144.326,-0.00678827900065279
144.365,0.013759757545735218
144.404,0.012500838918929717
144.443,-0.016411180885568047
144.482,0.029446361503030715
144.521,-0.021120780721585672
144.56,0.019175238814946337
144.599,-0.026879067917971487
144.638,0.020931248772887323
144.677,0.024291731801466907
144.716,-0.0016151860137288258
144.754,0.017930431534460035
144.793,-0.019068775684666188
144.832,-0.0012168104482317894
144.871,-0.005088130468451253
144.91,0.015380681030048908
144.949,0.011171676557227183
144.988,0.030920502144851536
145.027,0.0020827217271802197
145.066,0.03276979945012608
145.105,-0.017545534976807338
145.144,-0.0029391654663265057
145.182,0.0019935287132019338
145.221,0.014239560609910003
145.26,-0.020717782764023626
145.299,0.01180281568608705
145.338,-0.011730959229968061
145.377,0.0175497861311554
145.416,0.01777107144830513
145.455,-0.013014463685558593
145.494,0.017239635679057484
145.533,-0.022820381339736694
145.572,0.001504803850540365
145.611,-0.017810508437811567
145.649,-0.03145677659153231
145.688,-0.0017619338377268343
145.727,0.021121050266052443
145.766,0.007791124696916932
145.805,0.01567771072274113
145.844,0.0023594517005966114
145.883,0.015476302203733874
145.922,-0.007173513791585945
145.961,0.03215705420071202
146.0,0.004660137827529365
146.039,0.00496986374819051
146.077,0.0013980485730017717
146.116,-0.005110639369182441
146.155,0.03009527354295159
146.194,-0.016611846591833075
146.233,0.008150181494908476
146.272,0.0033507005090834775
146.311,-0.005421080416444863
146.35,0.008092569920766176
146.389,-0.018734965796840593
146.428,-0.024034333312146834
146.467,0.021720797606512618
146.506,-0.0056444496717831015
146.544,0.011675397041850248
146.583,0.006197762531151457
146.622,-0.022899751369065174
146.661,-0.0007685476096187274
146.7,0.004202783524629785
146.739,-0.03398569250317782
146.778,0.006746261678008772
146.817,0.008042525217646987
146.856,-0.007959599041473364
146.895,-0.007699616723161673
146.934,0.006292357900003261
146.972,0.01964460439909153
147.011,0.005696678763840997
147.05,0.010059616828194671
147.089,0.009528189309765685
147.128,0.004089243724350339
147.167,0.0032045896326340097
147.206,0.009778686725691186
147.245,0.030967489193854954
147.284,0.00966292296773226
147.323,-0.008626649164142977
147.362,-0.0005961981591314156
147.401,0.018015967712543688
147.439,-0.008418068973158277
147.478,0.025049650900447244
147.517,0.0307807305585514
147.556,-0.02434777163451522
147.595,-0.012450923078059933
147.634,-0.004235713628011441
147.673,0.002792022832445661
147.712,-0.031849139161930204
147.751,0.02591746956569488
147.79,-0.022681688743645036
147.829,-0.014741524388461113
147.867,0.005452307553083369
147.906,-0.00250027783696191
147.945,0.01568641364937732
147.984,0.0007656013534762685
148.023,0.007282883469218446
148.062,0.009165574900889905
148.101,-0.005825840374053237
148.14,-0.018386163018503803
148.179,-0.020220585626863827
148.218,-0.026608484792963474
148.257,-0.01697596126088428
148.295,-0.02745840514145927
148.334,-0.011373329135944472
148.373,-0.011903506147934078
148.412,-0.0030230472988003808
148.451,-0.015266598980187594
148.49,0.0039048104491209872
148.529,0.005426033690855165
148.568,0.02758038192540573
148.607,-0.0037660290689829658
148.646,-0.005657144503409093
148.685,0.001829355004925494
148.724,0.0033345065722312065
148.762,0.028674885795207872
148.801,-0.020314061369952886
148.84,0.0013300364744008699
148.879,-0.03010180632346527
148.918,-0.03363693879749707
148.957,0.016170362651820612
148.996,0.026251357587287093
149.035,0.06652150299044779
149.074,-0.03420699734562452
149.113,0.035960572763880524
149.152,0.014106926205994057
149.19,0.02791558262186766
149.229,0.017148543873771144
149.268,0.008952014637687886
149.307,0.003992454705444183
149.346,0.03409634205402216
149.385,0.00549449494745147
149.424,0.0057061053557670716
149.463,-0.021891596499950438
149.502,-0.05170654697594309
149.541,-0.0048197036718715565
149.58,0.01131384469451752
149.618,-0.012637528283152007
149.657,0.008267576750282389
149.696,0.0009975551296449968
149.735,-0.019332876699869963
149.774,0.023597007462286185
149.813,-0.01088300791553655
149.852,0.010438151106690219
149.891,-0.017644974433478254
149.93,0.036093373782861
149.969,-0.02166375083777283
150.008,0.023217138008858818
150.047,-0.008910679428899898
150.085,-0.025288822726875736
150.124,0.009683260103256592
150.163,0.0265126876214744
150.202,0.017866062815408833
150.241,0.0059216145206419536
150.28,-0.018871532258665787
150.319,0.0058558671996498035
150.358,-0.0100698869114104
150.397,-0.005118652710453007
150.436,-0.0245485173531009
150.475,0.015211492083557208
150.513,0.021080558301204533
150.552,-0.015992210247086795
150.591,-0.00023014228813303568
150.63,-0.007833292512316056
150.669,-0.03450442593956796
150.708,0.014172056137842698
150.747,-0.013200912348971016
150.786,0.02212977509224546
150.825,-0.015208956315683815
150.864,0.011627382675829988
150.903,0.008969307833550703
150.942,0.0442360548311046
150.98,0.010245466842219657
151.019,0.0024037760672965154
151.058,-0.002442626905672698
151.097,-0.009701265341751447
151.136,0.04637380310402138
151.175,0.033945897126036496
151.214,-0.011362528493535293
151.253,0.014595720835596078
151.292,-0.004905955647433551
151.331,-0.012101203954594138
151.37,-0.006784422440897999
151.408,-0.015716757206424868
151.447,0.035223758838215415
151.486,0.012735883248772171
151.525,0.012783845662476177
151.564,0.007780803522888219
151.603,0.004417267354270437
151.642,0.0008858750176103554
151.681,-0.03016156703601297
151.72,-0.001656732479198485
151.759,0.011390244142159237
151.798,-0.0011557783377501027
151.837,-0.004298322680465938
151.875,-0.016115173314548245
151.914,-0.011582648517344724
151.953,0.01874830049768879
151.992,0.0011769652533054303
152.031,-0.0141548789366546
152.07,-0.007994117977882626
152.109,0.010774591295439045
152.148,0.036724580746391844
152.187,0.040394355197150025
152.226,0.0024653698036324707
152.265,-0.0028831734493874363
152.303,0.010586622898188774
152.342,0.031416597719449706
152.381,0.016892631113338972
152.42,-0.027052137559313346
152.459,0.01971020224893868
152.498,-0.01231864311411953
152.537,0.01977422150878079
152.576,-0.00033993933267889445
152.615,-0.033646954864030784
152.654,-0.00277526669789318
152.693,-0.023917227148523287
152.732,0.0008430366185321536
152.77,-0.010566915827310428
152.809,0.008269018932063589
152.848,0.0237979232592531
152.887,-0.02215749603741913
152.926,-0.00939273652502981
152.965,0.0300305262695516
153.004,0.02022860383753867
153.043,-0.027173045789937567
153.082,0.007642581196316552
153.121,0.025789557571091054
153.16,-0.0028652203647985914
153.198,-0.04233483381878693
153.237,-0.0038790433136787245
153.276,-0.04096635972100551
153.315,0.01709969445456063
153.354,-0.009387087800456379
153.393,0.015505302605958355
153.432,0.0034790576256769003
153.471,-0.007772313276195406
153.51,-0.004105752938890076
153.549,-0.0057308093524431275
153.588,-0.03723597028456837
153.626,0.03246340333854911
153.665,0.030171862070199867
153.704,0.006661524180788201
153.743,-0.014183624676222932
153.782,-0.01548659364343092
153.821,-0.01400394705403337
153.86,-0.022549887350375445
153.899,0.007364459835785942
153.938,-0.020168842465675768
153.977,-0.02026283004164061
154.016,-0.008139601880036765
154.055,0.015096011870468789
154.093,0.003276572060013006
154.132,0.03916378347921926
154.171,0.014967445712572258
154.21,0.008723095808618138
154.249,-0.026327083766907844
154.288,-0.026575889197871738
154.327,0.006653978826804291
154.366,0.011910563641377658
154.405,-0.009256214530573428
154.444,0.036254713788212295
154.483,0.004359362165023613
154.521,-0.028958985798966767
154.56,-0.001837426972266281
154.599,0.023823318296076243
154.638,0.01701094430857232
154.677,0.002114465807909514
154.716,0.008827815740459117
154.755,0.01744523697128149
154.794,0.012822796992248486
154.833,0.01013636931587654
154.872,0.02176530984143067
154.911,-0.008640335428797786
154.95,-0.02185799936273895
154.988,-0.010133967097131418
155.027,-0.03302798860439665
155.066,0.026684420633246983
155.105,-0.02293888791570129
155.144,0.032933593353838636
155.183,-0.03371278411096371
155.222,-0.038218106307410946
155.261,-0.012679630694144644
155.3,0.007112003959292925
155.339,0.008433362780974544
155.378,0.0050297931895046215
155.416,0.0021924026010217298
155.455,0.008155550853437221
155.494,-0.037611701058288524
155.533,0.03618123714865956
155.572,0.004668518485539466
155.611,0.02181329346762874
155.65,0.006983462971409259
155.689,-0.013163937963791346
155.728,0.03447641251709059
155.767,0.038232766299603156
155.806,-0.011808649741051423
155.844,0.02523323780475303
155.883,0.005711282458194379
155.922,0.008404577115006324
155.961,-0.010951015330400462
156.0,-0.011243791184948322
156.039,0.016696077013421292
156.078,-0.023314198593366673
156.117,-0.02212088381297632
156.156,-0.04116261783166088
156.195,-0.02189699208421264
156.234,-0.014005623308868178
156.273,-0.0074692713044150925
156.311,-0.017904269463753765
156.35,-0.019767633512070164
156.389,-0.013938493211788909
156.428,-0.021987427790598185
156.467,0.007574253557197402
156.506,-0.030587257490096227
156.545,0.017773295443515642
156.584,0.018573153159661144
156.623,-0.008686527172515963
156.662,0.020558003468798897
156.701,0.02550772575128546
156.739,0.02906637681707336
156.778,-0.0046115615439404475
156.817,0.01268279351146147
156.856,0.008966862206230455
156.895,0.01747896828449486
156.934,0.0021433080601623127
156.973,-0.004664057018151027
157.012,0.009533326784226073
157.051,-0.012178991274178475
157.09,-0.033853567001923844
157.129,0.010626275774560868
157.168,0.018594501380094646
157.206,-0.01328878960822509
157.245,0.05869660916003601
157.284,-0.017557801384876184
157.323,0.04259244014632501
157.362,-0.031173944590923736
157.401,-0.012981274428960675
157.44,-0.009767095564643152
157.479,-0.005197680997781946
157.518,0.0359464479108801
157.557,-0.019074365576185
157.596,0.003509137735456159
157.634,-0.0038755604415131074
157.673,-0.012346443116219501
157.712,-0.03303888441025481
157.751,0.011813174229089842
157.79,0.005283021129762624
157.829,0.010228690982818915
157.868,-0.03061857000344846
157.907,0.017955164816842298
157.946,-0.0067419198331078204
157.985,-0.001413639972324457
158.024,0.03688890280006345
158.062,-0.023514653053124595
158.101,0.027781237856636838
158.14,-0.00454310541699317
158.179,0.017426430808172914
158.218,0.025720676823824694
158.257,-0.0037138580249846394
158.296,-0.007645079298519543
158.335,0.027648174190528316
158.374,0.02652009473745102
158.413,-0.010378491536977645
158.452,-0.02286241978567749
158.491,6.921951146683202e-05
158.529,-9.390821951697596e-05
158.568,-0.03234040876927645
158.607,-0.022009035776292214
158.646,0.009396401718857913
158.685,-0.009434752682366576
158.724,0.0001586598381476001
158.763,0.004673428647931447
158.802,-0.020003065933629296
158.841,0.0026634462944328105
158.88,0.005773124922147801
158.919,0.025772627451582562
158.957,-0.04548370618254323
158.996,0.02729650710584558
159.035,-0.03528571123616435
159.074,0.012376727640152956
159.113,-0.012783139574305373
159.152,-0.0002622711996548392
159.191,0.006460641738720152
159.23,-0.00864639048230718
159.269,0.012249124540388193
159.308,0.005384070261078446
159.347,0.01006088519722601
159.386,-0.026009191177980492
159.424,0.019120009654383274
159.463,-0.007654049252783909
159.502,-0.02018982092891419
159.541,-0.019211900645200067
159.58,0.03695071853756483
159.619,0.0026678300129495923
159.658,0.007725956203147907
159.697,-0.018337744274716784
159.736,0.009301914558439157
159.775,-0.010665596676732675
159.814,0.013503948011162866
159.852,-0.0390042871910731
159.891,-0.0009177726695878061
159.93,0.019012872595846872
159.969,-0.023580076614364183
160.008,-0.013221676632281286
160.047,0.008101110262991347
160.086,0.013802420113403598
160.125,-0.01137569249318611
160.164,-0.016714050915133744
160.203,0.012940350641139197
160.242,-0.008394385747613501
160.281,0.022225156115811922
160.319,0.017190001719504747
160.358,-0.002201660565167597
160.397,-0.015234999125239984
160.436,0.031643122552164296
160.475,0.011379808770879104
160.514,0.010454023259700521
160.553,0.004458926724203822
160.592,-0.014191790845566083
160.631,-0.040618406152458285
160.67,-0.020306297378671873
160.709,0.01840939519849699
160.747,0.005300613933176244
160.786,-0.014727535224842797
160.825,0.018849559841558852
160.864,0.033778458625022725
160.903,-0.022489428909438294
160.942,0.020523923937439497
160.981,-0.04245557090688195
161.02,-0.0018277472999641605
161.059,0.0200005392662677
161.098,0.005261975536094357
161.137,-0.009782967208529095
161.175,-0.007668636273970932
161.214,-0.028497301014477686
161.253,0.03708544689093895
161.292,0.0029604333392171216
161.331,-0.0026970416918003417
161.37,-0.03378908687723172
161.409,0.0024756388643280055
161.448,0.004854275536053429
161.487,-0.031982670528089
161.526,0.010738898897303662
161.565,-0.02883091843557159
161.604,0.03668922742226778
161.642,0.0032559879665059847
161.681,-0.007191873979506295
161.72,-0.011942165091499635
161.759,0.006161870490841276
161.798,0.04012764055051695
161.837,0.011552139304529595
161.876,0.019915788082813576
161.915,0.04469165613818784
161.954,-0.008903061026210373
161.993,0.01587684998676213
162.032,-0.02728026104036779
162.07,0.012911711035923321
162.109,0.0037790171349941833
162.148,-0.0017050275690567735
162.187,-0.012448938062821279
162.226,-0.03371970790663905
162.265,-0.014754449600820542
162.304,0.015180139760385798
162.343,-0.04666003140580691
162.382,-0.016781471262971106
162.421,-0.01259001445715445
162.46,-0.022357201367283606
162.499,0.020862119036305762
162.537,-0.04049629976248685
162.576,0.007991779199998487
162.615,-0.0017544868628209687
162.654,-0.0002064796121415925
162.693,0.007710878871715468
162.732,-0.003112217762091504
162.771,0.015821663625041605
162.81,0.018760746585197725
162.849,-0.006068038296202696
162.888,0.009090500629085787
162.927,0.009750994076846075
162.965,-0.0006242487681488457
163.004,0.022170739000877675
163.043,0.0018290725088405384
163.082,-0.004278091554502945
163.121,-0.03451808474813173
163.16,0.009921669907396083
163.199,-0.025674322161229755
163.238,-0.003468097038550613
163.277,-0.0016053643990310887
163.316,-0.03558931330635509
163.355,-0.025278928927846396
163.393,0.01946254488788937
163.432,-0.007204688017649844
163.471,-0.025649864467717793
163.51,-0.006237101256723799
163.549,-0.004117880193900842
163.588,0.0010803356711305886
163.627,-0.02272793273960542
163.666,0.019340498171507067
163.705,-0.02955863290298418
163.744,-0.012899123408053227
163.783,0.028321310602472366
163.822,-0.013631300486922196
163.86,0.02973063800851651
163.899,-0.012049908854864467
163.938,-0.020297795384123185
163.977,0.007393654050124545
164.016,-0.03217641724931945
164.055,-0.0015424154147160108
164.094,-0.007504380301785362
164.133,0.015919268092871534
164.172,-0.007040581896001947
164.211,-0.0007254777944361588
164.25,-0.010487241876811968
164.288,-0.0019516388359767066
164.327,0.009797736095768877
164.366,-0.01477018699022328
164.405,0.04024030899651478
164.444,0.030877525602800857
164.483,-0.013327810462901555
164.522,0.03766719482090629
164.561,0.04328697299238757
164.6,0.02024348754337027
164.639,-0.042658238758369736
164.678,-0.026349356623704134
164.717,-0.008849554072046836
164.755,0.017789442433764457
164.794,-0.005897143821558871
164.833,0.020029140751701632
164.872,-0.004784680151416111
164.911,0.003639169225804902
164.95,0.009775537717917096
164.989,0.04070265592012853
165.028,-0.018207428349601727
165.067,-0.017009648345587436
165.106,-0.00606367418570646
165.145,0.014861968421182398
165.183,0.03434523016491341
165.222,0.009493253312215568
165.261,0.04479774680281112
165.3,-0.024445207830509998
165.339,-0.014119474285095503
165.378,-0.024008537060793367
165.417,-0.030528950649470327
165.456,0.019723812381760287
165.495,0.009363682378766475
165.534,0.008619863770234942
165.573,0.011238254469119184
165.612,0.007803010556966834
165.65,-0.009235931553889715
165.689,0.006669320574865654
165.728,0.03427361095323464
165.767,-0.028196185510401005
165.806,-0.020499198988553548
165.845,0.016288263639059795
165.884,0.035801879344355345
165.923,-0.014750057984890111
165.962,0.019462740784823806
166.001,0.040552173931179776
166.04,0.0035313835767044523
166.078,0.025442988150168377
166.117,0.0032816705313586077
166.156,0.02380916483253235
166.195,0.05516764224571531
166.234,0.010154091867265121
166.273,0.03740514944620095
166.312,0.0109621062762558
166.351,-0.032789609928397245
166.39,-0.024970002236174026
166.429,-0.01062961311610817
166.468,-0.007739042386445107
166.507,0.009458276160013233
166.545,-0.019169366637420426
166.584,-0.017590448873119578
166.623,-0.004260241135200901
166.662,0.014585548690650124
166.701,-0.024314926979135457
166.74,-0.016003394655427102
166.779,-0.015000576139338594
166.818,0.016765639525096555
166.857,0.02496083247707489
166.896,0.01682290412443627
166.935,0.0027188284446702177
166.973,-0.025541066323674845
167.012,-0.0008096381675967183
167.051,-0.0027437484203218614
167.09,0.022825926620396952
167.129,0.053680461793952396
167.168,0.032941161795422245
167.207,-0.04383954660304714
167.246,0.006281324016537096
167.285,-0.004234604561123992
167.324,0.04500169389422849
167.363,0.02399665545988081
167.401,-0.0356675650344542
167.44,-0.05414865681271751
167.479,-0.0057433041640418975
167.518,0.014076930737857011
167.557,-0.01879963806406205
167.596,-0.03207832918301273
167.635,0.0050280266804392775
167.674,0.007152582145406891
167.713,-0.03304726049805848
167.752,-0.006955810088156099
167.791,0.011522812941135281
167.83,0.0025059481799926606
167.868,-0.024900380790886675
167.907,-0.008373690353701018
167.946,-0.016256106711480183
167.985,0.004683464707750417
168.024,-0.024250905791954047
168.063,0.03483080387714556
168.102,-0.02411712257443021
168.141,0.001819173393566327
168.18,-0.001027204650851903
168.219,-0.01067092751434204
168.258,0.033899513011487414
168.296,-0.001017186295856155
168.335,0.0062765935232616645
168.374,-0.01750162083140552
168.413,-0.004684871095810629
168.452,0.01248957744389471
168.491,0.008276762538248002
168.53,0.0192711967885153
168.569,-0.02918378180488082
168.608,-0.01606271447124982
168.647,-0.05110259260731379
168.686,0.03231812585810064
168.724,7.22196282722104e-05
168.763,0.01736191011292139
168.802,-0.00041703420917817667
168.841,-0.04434454469040813
168.88,-0.009098139191824797
168.919,-0.024971555684999022
168.958,-0.006063260188875964
168.997,-0.04754136647098101
169.036,0.029655623429804195
169.075,0.0067180826806601986
169.114,0.03166344873295372
169.153,0.01272903830907537
169.191,0.007621901529630962
169.23,0.0030006859192771435
169.269,0.009068087498952278
169.308,0.0020272030093448565
169.347,-0.024166584997497693
169.386,0.004273931158164966
169.425,-0.03570591788089901
169.464,-0.008888412161246714
169.503,0.0148722750955901
169.542,0.01476733385854694
169.581,0.020926467644271904
169.619,-0.0030340977239934975
169.658,0.012295468093832107
169.697,0.0020416520974426405
169.736,5.150460770040992e-05
169.775,-0.01010184706456343
169.814,-0.014226039842163711
169.853,0.030097986528130397
169.892,-0.02194420618558029
169.931,-0.008431896207846672
169.97,0.004762862633244178
170.009,0.037800380245989286
170.048,0.005769624510126374
170.086,-0.028745803240204017
170.125,-0.00713038343650717
170.164,0.00907312563459709
170.203,-0.0017596739908907477
170.242,0.0024842340021247952
170.281,0.04065711157281597
170.32,-0.00711976559992126
170.359,-0.03979529189835361
170.398,-0.029713011726413812
170.437,0.0023151917873040955
170.476,0.04931944244529169
170.514,-0.015197342808669882
170.553,0.019223071592317773
170.592,-0.016241510676485237
170.631,0.025915222192635846
170.67,0.018425033009202056
170.709,0.016449378672512557
170.748,0.048832262449180194
170.787,0.005610274927310299
170.826,-0.00733343399237916
170.865,-0.012477445841924117
170.904,0.0011098199388712045
170.943,-0.05053207400201651
170.981,0.043309458709072796
171.02,-0.026823913572143095
171.059,0.007138859636154244
171.098,0.013791826811081634
171.137,-0.02699314173487452
171.176,-0.004954896632341782
171.215,-0.02279406342255582
171.254,0.006096538203504021
171.293,0.011744324247202544
171.332,0.00880086513924128
171.371,0.03840022070038275
171.409,-0.018838459343135126
171.448,-0.01975929031156394
171.487,0.04831723391881271
171.526,0.013461830561830288
171.565,-0.04399777899921628
171.604,-0.019196488990015605
171.643,-0.012388657061530845
171.682,0.01589377505747873
171.721,0.004379112188720016
171.76,-0.03872195948506708
171.799,-0.009157712170121832
171.837,0.02141724059302121
171.876,-0.011471057223552584
171.915,0.0031837482206944984
171.954,0.00909657247105761
171.993,0.012239722770289917
172.032,0.01438817202526824
172.071,0.0008993247133619101
172.11,-0.0007903139799088094
172.149,0.01793422185537865
172.188,-0.00836878094632702
172.227,0.00018009994440634867
172.266,-0.002745851570430502
172.304,-0.018779843781824266
172.343,-0.00451776673212325
172.382,0.0034797807322582575
172.421,0.019217868562581106
172.46,0.005320816136416129
172.499,-0.008682564522316253
172.538,0.004784151099169954
172.577,0.0025064972496960975
172.616,0.006717663161778308
172.655,-0.007704754479869609
172.694,0.024574801924878202
172.732,-0.02764075926297873
172.771,-0.012140351207539136
172.81,0.00566672020540096
172.849,0.012328533360409132
172.888,-0.017341822834133543
172.927,0.007350574806917318
172.966,-0.01004136479570339
173.005,0.019061462210692565
173.044,0.009524178265876508
173.083,-0.017871739120181366
173.122,0.014010949906525445
173.161,0.010294232981750782
173.199,-0.03486781499527027
173.238,-0.007615162800296503
173.277,-0.004179564908164292
173.316,0.03282435280719811
173.355,-0.024274906368214534
173.394,-0.02596141256095413
173.433,0.012345375271679632
173.472,0.00800810754798259
173.511,0.017274692624410108
173.55,0.006003180218046095
173.589,-0.03264822519691102
173.627,0.009963621335670669
173.666,-0.03958999463196919
173.705,-0.03235816994154718
173.744,0.013746986388467273
173.783,0.0022477382049752416
173.822,0.035339091161702606
173.861,0.02844711012197229
173.9,0.010899513757643376
173.939,-0.0025468084113142975
173.978,-0.02758248969757069
174.017,0.019823203607914997
174.055,0.004988936505747153
174.094,-1.4311589973035627e-05
174.133,0.024883237883539296
174.172,-0.012843972643307158
174.211,0.03111745158773309
174.25,-0.025579657489038374
174.289,0.029953881857100302
174.328,0.027814397653522727
174.367,0.009415865242842533
174.406,0.016859097183421358
174.445,-0.018740813589690434
174.484,-0.025658706693797696
174.522,-0.007343472303255332
174.561,-0.0005916985421382977
174.6,-0.004140506525106961
174.639,-0.008335805531248918
174.678,-0.05770176292205928
174.717,-0.0002740829567112311
174.756,0.004543061370998354
174.795,0.0049455216157064125
174.834,0.03246888389584804
174.873,-0.003727201918209245
174.912,-0.008146050693088765
174.95,-0.018960492858541473
174.989,-0.010320214531133551
175.028,-0.019252363142012334
175.067,-0.012167931592137143
175.106,-0.0037495511380349106
175.145,-0.030029126665859787
175.184,0.019796140922322184
175.223,0.018435560632729553
175.262,0.027796201097236344
175.301,0.014239092697361778
175.34,0.010454421013082459
175.379,-0.004518351629075999
175.417,-0.006941088089022458
175.456,0.0014232609247898636
175.495,0.031564094503249
175.534,0.0008461826117228581
175.573,-0.020555009673494003
175.612,0.003645828612004968
175.651,-0.0006261144172463712
175.69,-0.025771103623425565
175.729,-0.037622900476093644
175.768,-0.0012634357847333853
175.807,0.034761051634257224
175.845,-0.054470703947049795
175.884,0.01682862299347126
175.923,0.020401998876325735
175.962,0.004831833898950062
176.001,0.004658741043006278
176.04,-0.0007300487095671443
176.079,-0.015824438492172285
176.118,0.01202612303118146
176.157,0.013470486953074252
176.196,-0.012041294652210462
176.235,-0.017953191534569087
176.273,-0.03278803407485449
176.312,-0.00960427795586308
176.351,0.03705929588614377
176.39,0.0018741531888585357
176.429,-0.00299413629567713
176.468,-0.0037891836014904683
176.507,-0.01199903977692879
176.546,-0.00023224596057295002
176.585,0.017816792891181217
176.624,0.005469659441293571
176.663,0.0063489413339217135
176.702,-0.019177884001385682
176.74,0.018387930291956747
176.779,0.012819651793737367
176.818,-0.03884206486172753
176.857,0.02761703630630697
176.896,-0.0214143749229071
176.935,-0.023448702815884664
176.974,-0.00993277648031666
177.013,-0.019080630553181308
177.052,0.026196973043733123
177.091,0.004083420190341972
177.13,0.005439804825887219
177.168,-0.0007990621063456195
177.207,0.025764528062880005
177.246,0.012685948150772959
177.285,0.015032128206150356
177.324,0.03363810681824694
177.363,-0.006545187100708153
177.402,0.01988808205043946
177.441,-0.02057027770538282
177.48,0.01186609764349259
177.519,0.0020321988537425253
177.558,0.0375988219299218
177.597,-0.01261656289380721
177.635,-0.04659848334570997
177.674,0.016543736859789913
177.713,-0.014787413552026979
177.752,0.022793841661200326
177.791,0.009345742499715985
177.83,0.024767836112240583
177.869,0.008554996693342433
177.908,-0.01326172902528457
177.947,-0.01756100312688679
177.986,0.031085853190075098
178.025,-0.013448879194682763
178.063,-0.02221881665528651
178.102,0.008168741539322713
178.141,0.009608206723859107
178.18,0.0005357841321386482
178.219,0.003526574960863914
178.258,-0.00728694072401808
178.297,0.011098851773093811
178.336,0.002700215686074067
178.375,0.010927043031768335
178.414,-0.03025769353175015
178.453,0.0214935285633988
178.492,-0.0012448918154032212
178.53,-0.02985998977119095
178.569,0.0029801234164686767
178.608,-0.0009404481497583585
178.647,0.0085859117328966
178.686,0.014150274924605563
178.725,0.0026084459474662418
178.764,-0.0033214766116432468
178.803,0.006184293199073728
178.842,0.007504568589081629
178.881,0.00866151816489613
178.92,-0.020023936582938866
178.958,-0.002907062812921187
178.997,0.021588997987450585
179.036,0.0349391837353341
179.075,-0.011419485151172266
179.114,0.02494580339620633
179.153,0.016607159357170446
179.192,0.005067280708410107
179.231,-0.00787462398079685
179.27,-0.0034504703243332935
179.309,-0.019143206480162357
179.348,-0.005783215796454699
179.387,0.011369878412365073
179.425,0.0004392189605228296
179.464,-0.04041653548788678
179.503,0.013086994795086685
179.542,-0.00034530388943096284
179.581,0.006458707994953119
179.62,-0.025796092022198246
179.659,0.003702604469265373
179.698,-0.018518676697653846
179.737,0.0034153721225359357
179.776,0.02137345462392736
179.815,-0.0013012228253322551
179.853,0.029344557392175008
179.892,0.008527192634036458
179.931,0.01713055110459062
179.97,0.031341043733763424
180.009,-0.006040004218917265
180.048,0.02708598530722542
180.087,-7.121176197010144e-05
180.126,0.006772040459430528
180.165,0.0016793423021849215
180.204,0.009951874573231656
180.243,-0.017483571810966138
180.281,0.006948378366928743
180.32,-0.01042663562674757
180.359,0.00300488116018488
180.398,0.024707627070293815
180.437,0.00850514782293407
180.476,0.007037476298092878
180.515,-0.0003754178283483841
180.554,-0.013556158134216532
180.593,0.00800594039508047
180.632,-0.038418523730101885
180.671,-0.016573016322030357
180.71,-0.03168064831327372
180.748,0.03286864935878887
180.787,0.02426940200412537
180.826,0.0020819521784796206
180.865,-0.0004266169606096668
180.904,0.01949764890621278
180.943,-0.011316457092421
180.982,-0.018863460762879328
181.021,-0.038537691370748375
181.06,0.03770642073560452
181.099,0.022265568963594995
181.138,0.0047152425843122545
181.176,-0.002522748712499778
181.215,0.005619523639558727
181.254,-0.03701275029879165
181.293,0.013657202615420989
181.332,-0.010641085805671278
181.371,0.025190015434605043
181.41,-0.033226080684398154
181.449,0.010966288387749126
181.488,-0.00782123210064619
181.527,-0.02875358940381105
181.566,-0.009940435102029624
181.604,-0.02454703451801241
181.643,-0.00904637049060411
181.682,-0.010859167270160104
181.721,-0.0089261072952708
181.76,-0.021194231776002038
181.799,0.04650830481825537
181.838,0.009092008235651233
181.877,0.05268785989553766
181.916,-0.0027180408306235262
181.955,0.006404595002570623
181.994,0.004890079284015738
182.033,0.0064717682849636995
182.071,-0.004445802509028281
182.11,0.012465170316369338
182.149,-0.010074654355916347
182.188,-0.009572880109650333
182.227,0.020032310564325903
182.266,0.010048727730020005
182.305,0.013036081261711338
182.344,-0.038587680937758335
182.383,-0.0056298069101690445
182.422,0.015039833680215279
182.461,-0.007572820549150665
182.499,0.017153168991619765
182.538,0.01496365224205383
182.577,0.03862428439512601
182.616,0.008948363867180086
182.655,0.03749130436746172
182.694,-0.022468906389364836
182.733,0.019212767324821863
182.772,0.005733866643982993
182.811,-0.0025391222086156937
182.85,0.011888138139668457
182.889,-0.00952206389547015
182.928,0.004935892553917583
182.966,-0.006907201066487028
183.005,0.00139958704909849
183.044,0.007891007723807353
183.083,-0.01545418603950583
183.122,0.029223662016068085
183.161,-0.02653297109947694
183.2,0.033269306343824516
183.239,-0.012247728859280558
183.278,0.031100536189988346
183.317,-0.04313836936831687
183.356,-0.014623071973818057
183.394,-0.005932433160435239
183.433,0.0022967957602841207
183.472,0.0055358584759909145
183.511,0.02217735898621061
183.55,0.0050547310548339185
183.589,0.008472119267451795
183.628,0.002229297372079605
183.667,0.004284590470975818
183.706,0.023743235752273162
183.745,-0.02858478403633172
183.784,-0.0053982984474047705
183.823,-0.03166552753966096
183.861,-0.010436210355521221
183.9,-0.0017833229378869686
183.939,0.009282926464973935
183.978,-0.006672218643260031
184.017,-0.010139023363069901
184.056,-0.0322209184708104
184.095,-0.01738405332892502
184.134,-0.00715012616009799
184.173,-0.004440622179135444
184.212,0.0024247363018707717
184.251,-0.00045867186967553614
184.289,0.009958404730845033
184.328,0.021428057831452196
184.367,0.009715427007521812
184.406,-0.014199746592711907
184.445,-0.005065674316501843
184.484,-0.004662772032506089
184.523,0.002827668928135395
184.562,-0.02024415943676859
184.601,-0.024604157305961907
184.64,-0.01799442776786905
184.679,0.0034820464571168313
184.717,0.004338209146582669
184.756,0.00574206886549411
184.795,0.010661884084298655
184.834,0.01760199130183542
184.873,0.0027473694833630253
184.912,-0.0045767605790155794
184.951,0.004555796849132712
184.99,-0.02054070189594869
185.029,0.0057785745282819155
185.068,-0.011160935191061575
185.107,-0.019194031218938014
185.146,0.02562267981684017
185.184,-0.007461740063259416
185.223,0.025246075895530868
185.262,-0.027575498394273378
185.301,-0.015973145415021796
185.34,0.03037024741187402
185.379,-0.0034900144065429994
185.418,-0.015276568491648684
185.457,0.01851923384064645
185.496,0.03427446113426024
185.535,0.014120156606749798
185.574,0.006797511759656019
185.612,0.002246455547176186
185.651,0.04505968630600596
185.69,-0.03245505870035234
185.729,-0.0049994046608714884
185.768,0.011039340091457675
185.807,-0.010751567881832203
185.846,-0.0439396443965019
185.885,0.020209497019347787
185.924,-0.01296213823914406
185.963,-0.011215489257493104
186.002,-0.038855962400069124
186.041,0.0011458693503883042
186.079,0.009401362314811293
186.118,-0.0013032052909563753
186.157,-0.01332276684082662
186.196,0.0002559936149312547
186.235,0.005594837740335756
186.274,0.037333046871446805
186.313,-0.01860450464668879
186.352,-0.026415172339579438
186.391,0.006063313586640615
186.43,-0.011636388608598548
186.469,0.01692929480517792
186.507,-0.0057500538628822056
186.546,-0.019213136137852645
186.585,-0.023700815681132158
186.624,-0.012166936019251631
186.663,0.02352045878631722
186.702,0.020112567846211363
186.741,0.01855444867613743
186.78,-0.007042437980643265
186.819,0.018874523932703426
186.858,0.024445983008124055
186.897,0.007032626900816054
186.936,-0.002749029931404645
186.974,0.03949881235340813
187.013,0.00643348281304128
187.052,0.035991437342333454
187.091,-0.010871724661076767
187.13,-0.003975053764176929
187.169,0.013616987419982062
187.208,0.032324869141495724
187.247,-0.002449665986822974
187.286,-0.00858267195124878
187.325,0.026144510213885794
187.364,-0.006771877240485988
187.402,0.08359930295241046
187.441,0.008500831995605706
187.48,-0.02285108572690217
187.519,0.012817611128658798
187.558,-0.010820665561632269
187.597,-0.01183046747454735
187.636,0.03163218141035716
187.675,-0.009541862544153472
187.714,0.0357494718868177
187.753,0.0011671545429808774
187.792,0.008301287560168708
187.83,-0.01981861399759064
187.869,0.014400109355731643
187.908,0.042017486846396654
187.947,0.030140421353651137
187.986,-0.0012327124958248052
188.025,0.015429640260284023
188.064,-0.010917059181023906
188.103,0.01541400509822367
188.142,0.0022270156349639553
188.181,0.03682208195335179
188.22,0.009459281335758756
188.259,-0.029094485827264736
188.297,-0.03104088116096733
188.336,0.002375973620287627
188.375,-0.010724171505579423
188.414,-0.027001683213012433
188.453,-0.014246644925485871
188.492,-0.015742051800350543
188.531,-0.023334281509155837
188.57,0.017287650105296457
188.609,0.009177420146124453
188.648,-0.0011054128097927008
188.687,-0.005459736815936832
188.725,0.018734319011231293
188.764,0.009166159135274278
188.803,0.002673841983993099
188.842,-0.036672257173295184
188.881,-0.03130546375504058
188.92,0.027202213518047996
188.959,0.014911276055428628
188.998,0.022991964178255553
189.037,-0.01279136350752382
189.076,0.011396457588208049
189.115,-0.02087641197950296
189.154,0.008090741146091786
189.192,0.00322394173463297
189.231,0.0014217228452051396
189.27,0.040588777466695626
189.309,0.00547479436393714
189.348,-0.021435243527653157
189.387,-0.018128348582055205
189.426,-0.017742111254951627
189.465,0.009136713759272122
189.504,-0.01933195218263101
189.543,-0.00991673879217542
189.582,-0.015239146552507526
189.62,-0.023039580514433246
189.659,0.009713923059747982
189.698,0.020504998657170932
189.737,-0.00476904278115317
189.776,-0.03455481647768546
189.815,-0.02438717005121725
189.854,0.02018012867584792
189.893,0.018227610067257576
189.932,-0.018918072022684987
189.971,0.0018674334101550076
190.01,0.014429077814620895
190.048,-0.02086706268982401
190.087,-0.019895390142261396
190.126,-0.000927587801972508
190.165,0.012185299397800092
190.204,0.005509571443047771
190.243,-0.02269156501849383
190.282,0.028953677287122004
190.321,-0.001672430933663053
190.36,0.009525419365679478
190.399,-0.026652250569067327
190.438,0.0072438143648731615
190.477,-0.016624999952155696
190.515,-0.018827360033619126
190.554,0.0013365911863474564
190.593,-0.025656067987863546
190.632,-0.02175477637084457
190.671,0.019966365171427233
190.71,-0.03008198871471901
190.749,-0.014952085480665156
190.788,-0.011683438908438256
190.827,0.02727059189510741
190.866,-0.003349250410530724
190.905,-0.007447005492623853
190.943,0.016506752124576
190.982,0.007962197093386488
191.021,0.006064442083708538
191.06,0.0013781982933118823
191.099,0.007932098918451263
191.138,0.028468883030449574
191.177,0.003826642729232101
191.216,-0.005043326881827605
191.255,-0.024716286516529542
191.294,0.030336855389319274
191.333,0.009206859108992075
191.372,-0.0538653291462666
191.41,-0.020140123015561652
191.449,-0.010347837159165513
191.488,-0.026646342011488952
191.527,0.009904712644833483
191.566,-0.020697949521623932
191.605,-0.018401665727270495
191.644,-0.013205109083610798
191.683,-0.0387517626508911
191.722,-0.0024928877784225582
191.761,0.004074496207052608
191.8,-0.006544001651080291
191.838,-0.038999831420106955
191.877,-0.042668002575607746
191.916,-0.0004824940899423192
191.955,-0.0009098991940994661
191.994,0.006945402876841567
192.033,-0.01585177946518123
192.072,0.004017785756299485
192.111,0.02022604644502268
192.15,0.025042029920880778
192.189,-0.020472627221673333
192.228,-0.0036269404406597708
192.266,-0.014748302867507439
192.305,-0.03264550784000167
192.344,-0.012149653986040974
192.383,-0.012608716249300536
192.422,0.0017513626763918343
192.461,0.026036471621578555
192.5,-0.03274833655122258
192.539,-0.01916886768236479
192.578,0.03884590381398139
192.617,0.021153664487609185
192.656,-0.010685627187966083
192.695,0.011899802410772622
192.733,-0.034860605301503686
192.772,-0.015829208367269875
192.811,0.0030317345293116435
192.85,0.010770110368528646
192.889,-0.007515811276365381
192.928,-0.0032078309050527186
192.967,0.015968257744991724
193.006,0.045423385271643094
193.045,0.010279449343993049
193.084,0.025833986683376702
193.123,0.023178347893935015
193.161,0.0026364086811959202
193.2,-0.031906482187120444
193.239,-0.014538847209061087
193.278,0.03140114822507583
193.317,-0.016588595251594774
193.356,0.022870135321059228
193.395,0.0002587181506497637
193.434,0.018324464414975143
193.473,0.012980492460205538
193.512,0.006541992631043214
193.551,-0.013798215348041766
193.59,0.010618900868477827
193.628,0.034329398692411674
193.667,0.019917149562290352
193.706,-0.05560980605209789
193.745,0.0068284579479527575
193.784,0.03400855185305133
193.823,-0.013984011263653867
193.862,-0.012953314794956925
193.901,0.014424657821883676
193.94,0.004212502540007683
193.979,0.006117356988293336
194.018,-0.003150798784392502
194.056,-0.007556177052719975
194.095,-0.014777111760352643
194.134,0.004516153089345336
194.173,0.0042195880788147904
194.212,-0.037807989662570686
194.251,-0.042874333311969645
194.29,-0.023458966198195368
194.329,-0.036543013681729124
194.368,0.03654096019722818
194.407,-0.01997071296352577
194.446,-0.004545011602837257
194.484,-0.007254585110282397
194.523,0.013065991980416039
194.562,-0.007940464557891545
194.601,0.016952107845924082
194.64,-0.005791779552172766
194.679,0.008673309795882031
194.718,0.0044189233526788435
194.757,-0.04288250763233245
194.796,-0.0023598288578875817
194.835,-0.010568657550898928
194.874,-0.020640143398333418
194.913,0.00759197334385318
194.951,0.0022488659012111435
194.99,-0.0028614159993669303
195.029,-0.0352455700753701
195.068,-0.039948929862332776
195.107,0.03219617059619441
195.146,-0.004781315087318568
195.185,-0.006442163933737428
195.224,0.001828223663776267
195.263,0.03456589659990205
195.302,-0.016084560091053156
195.341,-0.014926537805029068
195.379,-0.01820407622461628
195.418,0.009189612499758092
195.457,-0.0007031426073413945
195.496,-0.01688640869068778
195.535,0.009082745170573607
195.574,0.02079429128780415
195.613,-0.0025274353071931812
195.652,-0.0022606485047050283
195.691,0.0038740381773889132
195.73,0.00424229407491882
195.769,0.00623789096736619
195.808,0.022244142498428633
195.846,0.029244303876161656
195.885,-0.04713554204498685
195.924,-0.02614881272775791
195.963,0.023666711843653376
196.002,0.013274317396788518
196.041,0.003044191214993314
196.08,-0.037437921086966704
196.119,0.004474761831504867
196.158,-0.018757992426861072
196.197,0.007878097878753204
196.236,-0.0060221106665718956
196.274,-0.021233237389667065
196.313,-0.04265849689292454
196.352,0.019089463289600615
196.391,0.011456698132706625
196.43,-0.03755403468230661
196.469,0.007385119879150897
196.508,-0.005548814900098859
196.547,-0.04599107091448065
196.586,0.008329879989275781
196.625,0.002512642962303321
196.664,0.03472617607212012
196.703,0.000472548504954191
196.741,-0.01789686772787637
196.78,-0.005034690896745488
196.819,-0.018302684577703225
196.858,0.005929009749137581
196.897,0.003324708642788098
196.936,0.019357747759045845
196.975,0.04369429159914769
197.014,-0.002132421482947346
197.053,0.003143390408806146
197.092,-0.01099292848443045
197.131,-0.03303300423007434
197.169,-0.0030429586999136896
197.208,0.003504075459743793
197.247,0.02395192135565668
197.286,-0.010390264080312283
197.325,-0.011585122799572451
197.364,0.008557751103825402
197.403,0.01568500567179455
197.442,0.006379977283653899
197.481,-0.0011185625594673475
197.52,0.009049814867715616
197.559,0.025450910955071723
197.598,-0.01459070661168431
197.636,-0.012412566522936385
197.675,0.014994860739326628
197.714,0.025624088452807118
197.753,0.013624010727174448
197.792,-0.016089232275841015
197.831,-0.012367564438111291
197.87,0.002025909353256595
197.909,0.021146069113260925
197.948,0.030362088547904738
197.987,0.023335804349396572
198.026,-0.0003439354260718168
198.064,0.006410940141729252
198.103,0.0006708426937331946
198.142,-0.054061307899689034
198.181,0.0142563277924998
198.22,-0.01717063678324602
198.259,-0.0015541379372928116
198.298,0.01448703442388473
198.337,-0.012058428345579747
198.376,0.011899033788710937
198.415,0.02826967797317012
198.454,-0.004018426324866179
198.492,0.007422159646364973
198.531,0.02668358454218339
198.57,0.023379839572789954
198.609,0.008582187923800078
198.648,0.030150711144293643
198.687,0.04909559000345329
198.726,-0.012504751828064358
198.765,0.018015431309718388
198.804,0.0016468940503765487
198.843,-0.006557045328545925
198.882,0.00644753346186928
198.921,0.02585941883202949
198.959,0.025404775997807647
198.998,0.0018979848774972321
199.037,0.01885176799640725
199.076,0.0003736993944264185
199.115,-0.0063571006907829145
199.154,-0.011014795171755387
199.193,0.008704173398295935
199.232,-0.005684982692546774
199.271,-0.01697148939540774
199.31,0.011277276827743607
199.349,0.006992340150728416
199.387,0.005311762939424314
199.426,0.015627489224214888
199.465,0.003698231580082058
199.504,0.012169945452047777
199.543,0.006812377043633014
199.582,-0.022906490992102246
199.621,-0.0037260279304381534
199.66,0.01923759712263738
199.699,0.002401144470298185
199.738,-0.0004053853272851641
199.777,0.030274904200589876
199.816,0.013093482241200497
199.854,0.009148452834353756
199.893,-0.050230636758227955
199.932,0.01586229588183826
199.971,0.020601576962603948
200.01,-0.00881724212651059
200.049,0.006147535759684743
200.088,-0.0032553684281137283
200.127,-0.02251475027843848
200.166,0.02025711161401164
200.205,-0.01814525035193648
200.244,0.00727522439992587
200.282,0.0009324141871465911
200.321,0.004778140964366677
200.36,-0.025940652481693492
200.399,0.01641061239415944
200.438,-0.04196852646712941
200.477,-0.041981573478402916
200.516,0.014932463173657366
200.555,-0.02489242117694347
200.594,0.005570380059736495
200.633,-0.0024649100353334383
200.672,0.027143642422237577
200.71,0.011896916125543566
200.749,-0.009016831087703597
200.788,0.007692782350675434
200.827,0.0007793744876476772
200.866,-0.01858135145272376
200.905,-0.005004690226517298
200.944,0.007767467961587618
200.983,-0.015075591649135045
201.022,-0.01865859745705993
201.061,0.012555297929831143
201.1,-0.022737384216103357
201.139,-0.008261633080824917
201.177,0.005933756577036898
201.216,-0.026860040619405633
201.255,-0.011729838625459815
201.294,-0.01162363631265453
201.333,0.015500939426202719
201.372,0.002262403614183504
201.411,0.010191382041827011
201.45,0.007855081522090778
201.489,0.0032238611188606745
201.528,0.0018881517304073087
201.567,-0.002788695547822202
201.605,0.03199895215659688
201.644,-0.0035832306216543493
201.683,-0.0043545024011048625
201.722,-0.029940045746699007
201.761,-0.017232385653546844
201.8,0.023485178413797225
201.839,-0.020918555366978057
201.878,-0.019405217114377246
201.917,0.007878996113877358
201.956,0.013085097448267385
201.995,0.0037081829089272
202.034,0.001021456675068511
202.072,0.03333879761959001
202.111,-0.005606156707793426
202.15,-0.04157943694929389
202.189,-0.005833842960287362
202.228,0.029779182286144085
202.267,-0.018645018982103658
202.306,0.0349467152096072
202.345,0.011532671403197478
202.384,0.02785904915595784
202.423,-0.02549332161904234
202.462,0.0009613832533374119
202.5,0.00567278415093937
202.539,-0.010045034896480204
202.578,0.003177277355471308
202.617,-0.0035182491884785203
202.656,-0.0017650364698131
202.695,0.006326507637891377
202.734,0.0031358646604791873
202.773,0.014357418457073255
202.812,-0.016063461342710045
202.851,-0.015662993469254524
202.89,-0.0233290442543429
202.928,-0.017344978381712582
202.967,0.018376210697117652
203.006,-0.005584556950593338
203.045,-0.0030749216262610027
203.084,-0.010486895382585449
203.123,0.03070467398179428
203.162,0.033592657468331184
203.201,0.0037954581407540727
203.24,0.007438323599896933
203.279,-0.029070882801894897
203.318,0.006817049992194941
203.357,0.030303739136159864
203.395,0.00672445488397066
203.434,-0.010919063630666576
203.473,-0.00014839134974543866
203.512,-0.00608831596351772
203.551,0.004454513422164671
203.59,0.023071544630943373
203.629,-0.013348094403661338
203.668,0.0088011483196323
203.707,0.009124887315210354
203.746,-0.004672796795825777
203.785,0.011211027600597242
203.823,-0.0037953695775417434
203.862,0.029924889292295666
203.901,-0.009259969350827398
203.94,-0.0010944141964614913
203.979,-0.01354139860385642
204.018,0.007211199594328714
204.057,0.014224224160733798
204.096,-0.04040475847383852
204.135,0.007717357191715885
204.174,-0.002608516633387463
204.213,-0.0050964264314193935
204.252,0.036604837244971516
204.29,0.008360645455739765
204.329,0.02592424225348761
204.368,-0.02772785737133248
204.407,0.002947345363780824
204.446,-0.022894680532505263
204.485,-0.0010898592188678673
204.524,-0.014526919033612761
204.563,-0.003719431212630805
204.602,-0.03138074066644812
204.641,-0.00015146781795910905
204.68,-0.021260733837752028
204.718,-0.0385755546196364
204.757,0.009351053870418367
204.796,0.004179335095481795
204.835,-0.005309898039450964
204.874,0.006188991675212228
204.913,0.0009250401590633216
204.952,-0.0024873091351999372
204.991,-0.010203093852235891
205.03,0.018883052773800646
205.069,0.025468616091114477
205.108,-0.012988618595969968
205.146,0.014458910596778654
205.185,-0.018755980019099183
205.224,0.02112280159788199
205.263,-0.014385935960292483
205.302,-0.004768723667942044
205.341,0.025730475606864738
205.38,0.031073154225725593
205.419,0.040641128383072656
205.458,0.020632305566181702
205.497,-0.03226650273286459
205.536,0.0001748729643884137
205.575,0.04849185557177222
205.613,0.0017352919493568405
205.652,-0.03226393533579527
205.691,0.013303467451249532
205.73,0.004811801345888462
205.769,0.0039958004566113155
205.808,-0.009405948093517639
205.847,-0.04443941474180664
205.886,0.006942098222174595
205.925,-0.03319325653618831
205.964,-0.030906877965447013
206.003,0.022632423154237045
206.041,-0.01959545530791647
206.08,0.04246647549665798
206.119,0.01554089452862032
206.158,0.005077023441129933
206.197,0.012426552147617669
206.236,-0.018281011510553946
206.275,0.015253596258548534
206.314,0.010928238763131317
206.353,0.0005513442130624189
206.392,-0.005465324002718362
206.431,0.0016679061432422326
206.47,0.00956971940586198
206.508,0.00976435507623453
206.547,-0.012680427225072016
206.586,0.006752681835608191
206.625,0.009658289381159226
206.664,0.029561334304555403
206.703,-0.0031046896017997263
206.742,0.0030183003265544916
206.781,-0.02217070445859396
206.82,0.006737265522971112
206.859,0.005599038576483872
206.898,-0.005747828254296705
206.936,-0.0012059123326513934
206.975,0.015142675670355848
207.014,-0.021356926528768166
207.053,0.0014173730074895398
207.092,-0.04660912403888751
207.131,-0.01564759626031395
207.17,0.03189514152248997
207.209,0.011942897360156931
207.248,0.02683782730619353
207.287,-0.0017273363097565116
207.326,-0.019313099075554393
207.365,-0.02162010998622382
207.403,0.005865907445358297
207.442,0.0047820679639265125
207.481,0.043358730463672744
207.52,-0.027071562099900727
207.559,0.010742041594932857
207.598,-0.000932610352897302
207.637,0.0562615327437715
207.676,0.013121692384840141
207.715,-0.010859002736870783
207.754,-0.027125967495825628
207.793,0.028481177470458717
207.831,0.01207904932050402
207.87,-0.019492428056876447
207.909,0.012858458608924692
207.948,-0.016461905507897515
207.987,-0.0040755169090422125
208.026,-0.011652396203254606
208.065,-0.022797344008517264
208.104,0.011010437966573559
208.143,-0.006573261880574551
208.182,0.011075101341200058
208.221,0.037297502683467924
208.259,-0.013591164750270647
208.298,-0.0045102257456247265
208.337,-0.011770406235282076
208.376,-0.010845376961326841
208.415,0.009746972464746985
208.454,-0.0035866217325430947
208.493,-0.025807064473383688
208.532,-0.0010581547058382441
208.571,0.027910349243863937
208.61,-0.001161958870334422
208.649,-0.010044339617567403
208.688,-0.011816262783980576
208.726,0.027467648857826404
208.765,0.002025188531233636
208.804,-0.01965556703108575
208.843,-0.017383005322917727
208.882,0.021417045864235443
208.921,0.019768405462997483
208.96,-0.006223846723448624
208.999,-0.0013271784077567544
209.038,-0.0172674813490585
209.077,0.0010092430140889305
209.116,0.0022900025299576942
209.154,0.00469254666884693
209.193,-0.025690190889923015
209.232,0.0052614513381971815
209.271,-0.028339323486643322
209.31,0.014519156914393982
209.349,0.0438437339307815
209.388,-0.007112639089217937
209.427,-0.016813004232262615
209.466,0.014706049416859872
209.505,-0.021155748151278377
209.544,-0.002711012783645923
209.583,0.010773158047256922
209.621,-0.008029494799923646
209.66,0.03001136835216834
209.699,0.013780747186023143
209.738,0.0229768247687073
209.777,0.008237924271913645
209.816,-0.025029473477051888
209.855,0.046520635092250004
209.894,0.02336552560650202
209.933,-0.013054070441354624
209.972,0.035690546906576
210.011,-0.009698240110697106
210.049,-0.04213541533340941
210.088,-0.003849762981694687
210.127,0.0073378981789115625
210.166,-0.022761393437970394
210.205,-0.00836396608630512
210.244,-0.008582123509924905
210.283,-0.0061117004408071905
210.322,-0.003423344771115858
210.361,-0.00985221561353224
210.4,0.01512865865525155
210.439,0.006374952341880272
210.477,-0.01846197116691432
210.516,0.0004030522846239071
210.555,-0.0258280080710148
210.594,0.025417869242398264
210.633,0.012007553839030878
210.672,-0.01892619282449273
210.711,-0.001994163354418841
210.75,-0.026679839547781768
210.789,0.017597090870680534
210.828,0.007619342997968342
210.867,0.011876901970487031
210.906,-0.014075771497452302
210.944,-0.005256750758994614
210.983,0.02108134258505688
211.022,-0.010603511903634535
211.061,0.019691795751499583
211.1,0.009650327705396918
211.139,0.031027080456099396
211.178,0.02260807569648776
211.217,0.011675517604682217
211.256,0.0064309190747391005
211.295,-0.012343937155018034
211.334,-0.004703371424196277
211.372,-0.026148229682497838
211.411,0.003956618313578618
211.45,0.028520334811608837
211.489,0.0015015788465386312
211.528,-0.008393659138480954
211.567,-0.022871035073449446
211.606,0.005015434662411864
211.645,0.053260186865898826
211.684,0.013925817255089071
211.723,0.004874816723280096
211.762,0.0009027514856621488
211.801,0.010919341333528022
211.839,0.02690814842461912
211.878,0.05198535263806181
211.917,-0.01788405365418694
211.956,0.008814390556034508
211.995,0.01684590012606245
212.034,0.0076208420773703715
212.073,-0.02194888115002496
212.112,-0.02358725822229366
212.151,0.004949073960510973
212.19,-0.03523359323808645
212.229,-0.0226657369060504
212.267,-0.0146064448197962
212.306,-0.0008722158775638063
212.345,-0.032104106303830905
212.384,0.004492642633501384
212.423,0.036844287267042794
212.462,-0.0074744933023187165
212.501,-0.02321074155546133
212.54,-0.006872530263049917
212.579,-0.017973416306512318
212.618,-0.0022915214826413443
212.657,-0.013215766334503635
212.696,0.009127328341618057
212.734,0.0014898622787756569
212.773,-0.011308341113400134
212.812,0.015835689267231737
212.851,-0.0011355615151068905
212.89,0.012789641312182146
212.929,-0.028139041663710625
212.968,-0.007896906695750718
213.007,0.0017672171662756492
213.046,-0.026428953266391105
213.085,0.006264217423448996
213.124,0.0025340761593283505
213.162,-0.026603113322843826
213.201,-0.009400656315388467
213.24,-0.017176129762565148
213.279,0.004859774578041829
213.318,-0.03869416883044935
213.357,0.011442335713292184
213.396,0.0051552166325942545
213.435,0.007209820789002966
213.474,0.012695454276036102
213.513,0.006103218897384638
213.552,-0.020619764259131475
213.59,-0.02073807906234327
213.629,0.010458065929660473
213.668,-0.025654935104132394
213.707,0.021546339380836534
213.746,0.0042189154528694
213.785,-0.02216841073795381
213.824,-0.00751852206990211
213.863,-0.027240856401668595
213.902,0.016483748766151975
213.941,0.005107179928373155
213.98,0.001272910998265429
214.019,0.0036961188031794387
214.057,-0.020143418901535665
214.096,-0.02715585452612491
214.135,-0.03988295411101975
214.174,-0.00980426021206135
214.213,0.0010082528935738896
214.252,0.019635802984063103
214.291,-0.001602917575637068
214.33,-0.009777122750520562
214.369,0.010668667354382808
214.408,0.029254550754092425
214.447,0.012237848179395626
214.485,0.03192248184374073
214.524,0.004695337568003072
214.563,-0.015617743060857113
214.602,0.02867953985322842
214.641,-0.019036186122934055
214.68,0.003942316203867701
214.719,-0.02137389003902987
214.758,0.03767312010526699
214.797,0.021327326099241865
214.836,0.008539176188223845
214.875,-0.021663596701348355
214.914,0.016938407081220387
214.952,0.0002678469638551055
214.991,-0.006068925686426644
215.03,0.008945131393583074
215.069,0.030789620035816177
215.108,0.024434653907164317
215.147,-0.0027575621574667604
215.186,0.012049489105603467
215.225,-0.014794930595817806
215.264,0.014295077672388044
215.303,-0.0053931875079052186
215.342,0.016473371666000873
215.38,-0.007992660434195152
215.419,-0.017973915022522057
215.458,-0.0005860525425157087
215.497,-0.0013097618912786477
215.536,-0.013926070226606843
215.575,0.014181316841873603
215.614,0.017488145589351467
215.653,0.009162289186725837
215.692,-0.023873229103477
215.731,0.005808014161228484
215.77,-0.04228739597553004
215.809,-0.004591440819813117
215.847,-0.008630282904851998
215.886,-0.02666776135086827
215.925,0.024952904535841106
215.964,-0.02441585186587441
216.003,-0.027431750159387903
216.042,-0.02873468460200473
216.081,0.013364500543434452
216.12,-0.016579916442302167
216.159,-0.01882244587401933
216.198,-0.003271626987477721
216.237,-0.006735253298867419
216.275,-0.013104923987734655
216.314,0.008098275351310353
216.353,0.0022358108278809075
216.392,-0.014010144379050314
216.431,-0.0005154026544805252
216.47,0.004501512078503686
216.509,-0.04935650695313416
216.548,-0.010311770715374861
216.587,0.025900833518746186
216.626,0.007873042260182306
216.665,0.012810960742990136
216.703,0.009260030670209453
216.742,0.00908486991387744
216.781,0.012599149834335154
216.82,0.005189051649263733
216.859,0.04111105001130752
216.898,0.00980724660389417
216.937,0.006128595832829013
216.976,0.017154198731179994
217.015,-0.03246517773760134
217.054,-0.01836036714236959
217.093,-0.019511644033310415
217.132,0.031206891810831222
217.17,0.004226719520533304
217.209,0.024900371189086282
217.248,-0.03445283715985341
217.287,-0.005792070753699667
217.326,-0.00871071185976652
217.365,0.004213483363637255
217.404,-0.019513336382682815
217.443,-0.012942339297142886
217.482,0.03270010642203062
217.521,0.008268274637539024
217.56,-0.019967990160053677
217.598,0.041322619973952965
217.637,0.014301229849480734
217.676,0.00299694572240762
217.715,-0.01635234829597737
217.754,0.002994925208054812
217.793,-0.006086981406717925
217.832,-0.0034186261598654457
217.871,0.01557232513946808
217.91,-0.05698464616114688
217.949,-0.029814353349491705
217.988,0.013966885269335283
218.027,-0.03605827463765381
218.065,-0.0028039975917771905
218.104,0.026968071353006544
218.143,0.005920592285348735
218.182,-0.002284573664271433
218.221,-0.007371465481713486
218.26,0.019518971584023506
218.299,-0.009969632909050638
218.338,-0.0006992230475945365
218.377,0.0023332731145691487
218.416,-0.0534391865636645
218.455,0.04071013998844833
218.493,0.0036783926495426097
218.532,-0.020917834083217086
218.571,0.0034318936175038
218.61,0.005676574779436254
218.649,0.02069070266520194
218.688,0.0020715145246295464
218.727,-0.004188227474536103
218.766,-0.01588547194935421
218.805,-0.016783299032987795
218.844,0.01292464889994425
218.883,-0.010409914647796312
218.921,-0.010193891646676206
218.96,-0.02623536487386348
218.999,0.007319482250554874
219.038,0.032555797997296354
219.077,0.0022107743866861284
219.116,0.0027412014928255863
219.155,-0.048486866270252366
219.194,-6.888076145968578e-05
219.233,0.0013816533219007093
219.272,-0.00015212201374252554
219.311,-0.010043551478369994
219.35,0.026194443319740295
219.388,0.0073933855266152294
219.427,0.01454987266256263
219.466,0.004259313057323375
219.505,0.01428098276149424
219.544,-0.031018498535400008
219.583,0.021826326282894604
219.622,-0.00048295267685583704
219.661,-0.002890834146351576
219.7,-0.011201104046509962
219.739,0.011657837445857716
219.778,0.009926094994898374
219.816,-0.02552084528880102
219.855,-0.007997336781102211
219.894,-0.0027210655906461517
219.933,0.008122793757561721
219.972,0.014997758674563202
220.011,-0.003958701893683532
220.05,0.03117582552225971
220.089,0.010158010161433502
220.128,-0.03446428569726255
220.167,0.030400691410745324
220.206,0.00015803830542821082
220.245,-0.02703929049308094
220.283,0.022616929098304286
220.322,-0.01444369484991043
220.361,-0.021762507871172874
220.4,-0.004379372360761718
220.439,-0.026145741236066104
220.478,0.010303757770262842
220.517,0.007576306390197515
220.556,-0.007618488400178001
220.595,-0.009412218084578408
220.634,0.00965566857609456
220.673,0.003080870743585997
220.711,-0.012000236192730933
220.75,0.006085904641072547
220.789,-0.021270591139962818
220.828,-0.031233160682127104
220.867,0.026268027797329535
220.906,0.005437342767618232
220.945,-0.013495673854110043
220.984,-0.016249060858243396
221.023,-0.0028081437244518313
221.062,0.021082809423864028
221.101,-0.014071859865960958
221.139,0.014035148014153906
221.178,0.006557018509187036
221.217,0.025966436372719878
221.256,-0.007135489458611904
221.295,0.0030480440415587527
221.334,0.009493848397466505
221.373,-0.017883725154624233
221.412,0.004181706665755414
221.451,0.0030047051251455206
221.49,-3.6528277615860937e-05
221.529,-0.0017426601165435908
221.568,-0.005773708076276179
221.606,0.017903244081782885
221.645,0.014983039240858018
221.684,-0.04466701268773924
221.723,0.0036824452815536314
221.762,-0.009108465825191158
221.801,-0.02156673595530377
221.84,-0.0237624528446084
221.879,0.006055134316456454
221.918,0.016378596010509
221.957,0.03990909008587393
221.996,-0.018003924514922102
222.034,-0.004898203601717504
222.073,0.010755266139694214
222.112,-0.014658981165114118
222.151,0.002261715420760801
222.19,0.014208156530725994
222.229,0.0033756660751900584
222.268,-0.007274650288488223
222.307,0.00702408929017034
222.346,-0.010374245974244042
222.385,0.013644561145565698
222.424,0.031059157359606904
222.463,-0.012641518562464368
222.501,-0.03471398930011807
222.54,-0.000978349488318049
222.579,-0.005095603364020248
222.618,0.03452496945677088
222.657,-0.011610224400172732
222.696,0.006437250014217914
222.735,-0.037968360940625
222.774,-0.009646396809019868
222.813,-0.015532181003214785
222.852,0.0028855685787335
222.891,0.02723835465871098
222.929,-0.00633114515414343
222.968,-0.03229766503074876
223.007,0.0013001501163764882
223.046,0.006659608917285543
223.085,-0.013087788999562339
223.124,-0.017097043372207958
223.163,-0.024758394427796725
223.202,-0.0057834573538495596
223.241,-3.701610077130012e-05
223.28,0.011869413828567519
223.319,-0.03829558825606975
223.357,0.019517685489060875
223.396,0.042985081064672255
223.435,-0.02657025965349451
223.474,-0.004817389630429675
223.513,-0.006669384384522204
223.552,0.00019369512911845098
223.591,0.040442253134334034
223.63,-0.013236251324943311
223.669,0.0063862053718293085
223.708,-0.009787141520988613
223.747,0.0013592040558856443
223.786,0.011738612536392067
223.824,-0.0017680918899259414
223.863,-0.03145721967646327
223.902,-0.04155862588205992
223.941,-0.009684491216392976
223.98,0.004784030478753441
224.019,-0.004061781998896258
224.058,-0.025306559817156304
224.097,0.003807709048261495
224.136,-0.009178232305204516
224.175,-0.00567375276768757
224.214,0.000371590663817133
224.253,0.018337371906772204
224.291,-0.0010527084367970428
224.33,0.011682951630373618
224.369,0.0032068719838717714
224.408,0.006685409093197736
224.447,-0.005944617158313306
224.486,-0.005114000749421662
224.525,-0.019836328191859955
224.564,0.0342701727313192
224.603,-0.0021190212136202643
224.642,-0.020460366486501663
224.681,0.0026241535103003547
224.719,0.004669017480962853
224.758,0.002096516688878827
224.797,-0.0068136388305168475
224.836,-0.011995899942945226
224.875,0.04151455904257979
224.914,0.011327446823813578
224.953,0.008791499500681251
224.992,-0.03693422700060554
225.031,0.015695481085969555
225.07,0.010159281840613071
225.109,-0.024880546492641042
225.147,-0.007078524077804953
225.186,-0.06299078992674466
225.225,0.011580394639254084
225.264,-0.025601735496181263
225.303,-0.027123907534306546
225.342,0.011177797297065683
225.381,0.008718397984082587
225.42,-0.02731788956029661
225.459,-0.02841807992259513
225.498,-0.01276846005913718
225.537,-0.00506579268301975
225.576,-0.01361687916619108
225.614,-0.012054998368569965
225.653,-0.03221574753427314
225.692,-0.022908159535331808
225.731,0.01752548836786303
225.77,-0.001538582161784396
225.809,-0.013809212670672278
225.848,-0.031412806347146306
225.887,0.0007817114558349558
225.926,0.000370499250263082
225.965,-0.012097859541066087
226.004,0.0077818634659440125
226.042,0.03191489617398198
226.081,-0.01025135879048815
226.12,0.016286202417336113
226.159,0.015985702293751153
226.198,0.024986221316798393
226.237,0.014712424676557478
226.276,0.0016232892710075315
226.315,0.0184615757760766
226.354,0.024183127877980506
226.393,0.0034476364622885907
226.432,0.020527142417178693
226.47,-0.019479220295409685
226.509,0.026864864168993384
226.548,-0.016475026918788327
226.587,-0.00048136363005019285
226.626,-0.006080895223852259
226.665,-0.008606315502955438
226.704,0.008505254333990526
226.743,0.020997706847848734
226.782,-0.0032017639574735413
226.821,0.03759051379842187
226.86,0.005732275471779367
226.899,0.02011002077693147
226.937,0.060626396579983005
226.976,0.011575749199721387
227.015,0.016977862866428776
227.054,0.05445476027891773
227.093,-0.005591852818053775
227.132,-0.0020230886844479837
227.171,0.019961319717298472
227.21,0.032241003096412126
227.249,0.04463136268611924
227.288,0.012799250805586058
227.327,-0.01663208935266976
227.365,0.02352117796514086
227.404,-0.056080499070515
227.443,0.026907622802694785
227.482,0.0010411221789473294
227.521,0.0050800861122859255
227.56,-0.01522983734317532
227.599,0.020379939020116748
227.638,0.00987036774336418
227.677,-0.0005223989363635817
227.716,0.04239412549619054
227.755,-0.03444678221427863
227.794,-0.031649345117174814
227.832,-0.01926150856734457
227.871,-0.011998197997929661
227.91,0.004900235100968264
227.949,-0.026392015622081003
227.988,0.03876153193464496
228.027,0.004913398815409863
228.066,-0.030422934764060265
228.105,-0.004455883379929082
228.144,0.0009269141836536704
228.183,-0.023400843077479326
228.222,0.031803981640885326
228.26,-0.016324821314148412
228.299,0.005645322302015055
228.338,0.017865585949453474
228.377,-0.002287325442052242
228.416,-0.01821276659486949
228.455,0.02203196192185855
228.494,0.0011913850910951936
228.533,-0.009849424284267182
228.572,-0.02649643914962451
228.611,-0.04244855565800705
228.65,-0.0021320487558097456
228.689,-0.0166562076951859
228.727,0.006338507863704435
228.766,0.004948227577206183
228.805,-0.026540415401967877
228.844,0.012802363911900478
228.883,-0.017447621049958378
228.922,0.02315274478923619
228.961,0.01858873760201476
229.0,-0.016520584830182806
229.039,0.014270150444076434
229.078,0.028449644954317614
229.117,-0.005634564328748195
229.155,-0.021944337066906884
229.194,0.007817708374032313
229.233,-0.026160372142297404
229.272,-0.0049272046328945815
229.311,-0.0042869886528917114
229.35,-0.009625377145947573
229.389,0.023947166938060805
229.428,0.006290825493724039
229.467,0.018613024869614393
229.506,-0.02097859688474738
229.545,-0.0024987990036502913
229.583,-0.020776832607630295
229.622,-0.00837451347433574
229.661,0.009667733538927517
229.7,0.002881267548924428
229.739,-0.008535443196789824
229.778,0.007630382794799824
229.817,-0.017232795370830334
229.856,-0.04732125845726907
229.895,0.007228765349928998
229.934,-0.007203828134523636
229.973,-0.020543406175059918
230.012,-0.0033527063543500064
230.05,0.010563936835457957
230.089,-0.005341866142369216
230.128,0.0007343809220944422
230.167,0.042477084094530534
230.206,-0.0016167205044528643
230.245,-0.03433880614646679
230.284,0.007665887998207386
230.323,-0.019748900337813236
230.362,-0.010679495628983958
230.401,0.014641777748805436
230.44,-0.004793015894581483
230.478,-0.0033047529752546047
230.517,-0.0043883173907041904
230.556,-0.008788202668590995
230.595,-0.01559905168044896
230.634,-0.013522980389617861
230.673,-0.001672227842603174
230.712,0.01193384329255019
230.751,-0.008097934660413487
230.79,0.002264172295330867
230.829,0.016253756202928276
230.868,0.012131918072999598
230.906,0.03099971068495956
230.945,-0.010523180991258624
230.984,0.02438167539006894
231.023,0.034127510994852235
231.062,-0.04435941513002764
231.101,-0.01540959020199897
231.14,-0.009285377468545594
231.179,-0.022201880068570285
231.218,-0.013676025480056211
231.257,0.01705368810290385
231.296,0.01242652235146151
231.335,0.0002674572562726905
231.373,0.02752688193400216
231.412,-0.033286427416949184
231.451,-0.007517628324523655
231.49,0.007515118108332634
231.529,0.017737676435124923
231.568,0.016825421602945298
231.607,0.020345735011275602
231.646,0.016080420679673385
231.685,0.0149234615797034
231.724,-0.010564631073028847
231.763,0.008472263617697836
231.802,0.030373325994568712
231.84,-0.013086669121824412
231.879,0.02031168689385192
231.918,0.021741373809149124
231.957,-0.0034220884933022335
231.996,-0.0017096379391776783
232.035,0.02184563125626872
232.074,-0.023332931735128293
232.113,0.01757545112236222
232.152,0.05678716017407117
232.191,0.004117861843964527
232.23,0.024197688807299677
232.268,0.00842083772889907
232.307,-0.019452117354599893
232.346,-0.010043418487221133
232.385,0.022116065435243894
232.424,0.0097364580731852
232.463,-0.0013948025810360098
232.502,-0.00045078983780108897
232.541,0.004924746191598243
232.58,0.022279732827210245
232.619,0.010576949199343913
232.658,-0.006827162277933298
232.696,-0.00204485300998622
232.735,0.006339647349289748
232.774,0.03136682949765429
232.813,0.016093515247594403
232.852,0.01576965498149401
232.891,-0.009956020621804635
232.93,-0.010392718399077102
232.969,0.0178104246218782
233.008,-0.018985359269961092
233.047,-0.0033068587965341886
233.086,0.0019938341304439238
233.125,-0.010943630984906288
233.163,0.01343488859160531
233.202,-0.003239625128254719
233.241,-0.014896965098177279
233.28,-0.01569133675338437
233.319,0.028234986126279095
233.358,-0.010780631294038893
233.397,0.022840585626873487
233.436,0.007941696387590468
233.475,0.034446908441085416
233.514,-0.01285872476132226
233.553,-0.007142805657176411
233.591,-0.01079731539834768
233.63,0.04417227537413184
233.669,0.03086945610818523
233.708,0.053082105036312624
233.747,0.0402332405116439
233.786,0.012691680348873339
233.825,0.0063059575485558145
233.864,-0.01331084538379776
233.903,-0.028901984044997685
233.942,-0.01433057503683458
233.981,-0.013572848061078785
234.02,-0.0007292186637726829
234.058,-0.003771742400878232
234.097,0.028509485884061152
234.136,-0.008313757406968401
234.175,0.023880587199129954
234.214,0.0028772824041965934
234.253,0.008870012602339843
234.292,0.001912151741806728
234.331,0.020480354638394024
234.37,-0.02374423319042307
234.409,0.014420521294719234
234.448,0.011987249138262284
234.486,0.004538312372094198
234.525,-0.0076082142827050385
234.564,-0.0002944539534747827
234.603,-0.03261863686209256
234.642,-0.006278214771066407
234.681,-0.01244225350703625
234.72,-0.028473083847854214
234.759,0.0008462240287759186
234.798,-0.0013588933124175796
234.837,-0.00992719314460704
234.876,-0.008033360926296038
234.914,-0.014243367328174987
234.953,-0.027698817769096676
234.992,-0.003515885115794647
235.031,-0.005926876179263515
235.07,0.011547904744988742
235.109,-0.027122207810153807
235.148,0.002852760677146275
235.187,0.002957022432496169
235.226,-0.0011022967107383258
235.265,0.022553556682825698
235.304,-0.002867180836359645
235.343,0.00011618422159885545
235.381,0.016235469297333133
235.42,0.06650092876758834
235.459,-0.01347517477978713
235.498,-0.020061212857141783
235.537,0.013188149918579785
235.576,0.011999409286971767
235.615,-0.0006497610505359708
235.654,-0.010172614852009546
235.693,0.031757180839748565
235.732,0.009092556683067831
235.771,-0.017675566954775977
235.809,0.006201115798010307
235.848,-0.003803775985578928
235.887,-0.01979586590809732
235.926,-0.005607899793308961
235.965,-0.006440935324526135
236.004,0.024860678928872296
236.043,-0.023195160403878357
236.082,0.012741062565289113
236.121,-0.03622097876329759
236.16,-0.00230925205991126
236.199,-0.0006939574258400215
236.237,0.014964587929295718
236.276,0.003494783233168487
236.315,-0.009757837379263879
236.354,-0.005408096652210807
236.393,-0.002290957367876556
236.432,0.010513752433485735
236.471,-0.037245813777336975
236.51,0.014795175666529414
236.549,-0.01633543713383858
236.588,0.024376680983510448
236.627,0.030979621088641236
236.666,-0.02606009796287862
236.704,-0.00035293552709641683
236.743,-0.022505659262562868
236.782,0.01329827428855074
236.821,-0.032297202884808
236.86,-0.004616965319597761
236.899,-0.004630948787442952
236.938,0.005573753190317872
236.977,0.004919900572035756
237.016,0.009655087791227958
237.055,-0.00022869685716756655
237.094,0.009547308683574611
237.133,-0.044259359956550025
237.171,-0.009711075003743831
237.21,-0.00031629744965418774
237.249,-0.0057661890247400855
237.288,0.024007170589472108
237.327,0.015549637108340567
237.366,-0.012480360667860358
237.405,-0.040513268405381005
237.444,0.02220042637739643
237.483,-0.016685581417672665
237.522,-0.004862816887705844
237.561,-0.0179354676488692
237.599,0.031349966471781496
237.638,-0.015761965936657078
237.677,0.0006471964125338413
237.716,-0.004392508822358651
237.755,-0.01674920052898628
237.794,-0.001881264431940117
237.833,-0.004660493665817933
237.872,0.0023668071802658754
237.911,0.017562719253981344
237.95,-0.014904151509875759
237.989,-0.033819437857507274
238.027,0.014944971357679693
238.066,-0.045796775208993154
238.105,-5.5841883644647955e-05
238.144,0.017903323430953598
238.183,0.00525520315698543
238.222,-0.0022436793544762267
238.261,0.0038997647555331946
238.3,0.0467430893395218
238.339,0.0011494569625874716
238.378,0.009846990862751223
238.417,-0.025399315362561622
238.456,-0.008035236833790106
238.494,0.019676218310065444
238.533,0.01880346675866015
238.572,0.021130969429369765
238.611,-0.006065404725843728
238.65,-0.0011954573132508198
238.689,-0.014028733939726923
238.728,-0.03762194561927079
238.767,-0.009467854058227351
238.806,0.01125065808796735
238.845,-0.04626365707899749
238.884,0.008925302737326682
238.922,0.03155845335321561
238.961,-0.005789900615062832
239.0,-0.03098419719455684
239.039,-0.007261177370913913
239.078,-0.005719584732339108
239.117,-0.0037092700550074844
239.156,-0.005902902559393183
239.195,0.0031639100889826162
239.234,0.00056973613066349
239.273,0.005378740179435282
239.312,-0.011325599818731009
239.35,0.01353036047440858
239.389,0.00968744247481836
239.428,-0.022513782945805846
239.467,0.012721532428354224
239.506,-0.010524583369410331
239.545,-0.009127058937467434
239.584,-0.002770347708520195
239.623,-0.003554385600053991
239.662,-0.0016485338805212835
239.701,-0.030132715485384688
239.74,-0.03972825459182435
239.779,0.055807554579439686
239.817,0.026582471623067913
239.856,-0.01600487190160339
239.895,0.025550139016816183
239.934,-0.02019725377535473
239.973,0.028804322791442613
240.012,0.004558849943209125
240.051,-0.0028923301110030126
240.09,0.0010539062113490306
240.129,0.008803465581320218
240.168,0.012449971983345548
240.207,-0.009224294986587302
240.245,0.022895927663177114
240.284,-0.03361122325767792
240.323,0.033845586226355966
240.362,-0.007959189994094618
240.401,0.013146118823622875
240.44,0.031155978769802136
240.479,0.01233174643683753
240.518,-0.0326660495879786
240.557,0.016758475629953452
240.596,0.007539984236299056
240.635,0.009851778385052598
240.674,0.008701798291946554
240.712,0.006550651562914389
240.751,0.004751619740097499
240.79,0.02377436751221083
240.829,-0.03253558450689805
240.868,-0.034431787347526936
240.907,-0.0036905076722924994
240.946,-0.001553006871136728
240.985,-0.019575028723781574
241.024,0.005617539501100537
241.063,0.01649331150886403
241.102,0.015239846238259483
241.14,0.01597559930201941
241.179,-0.005098613118308673
241.218,-0.006269948744872794
241.257,0.01816974883951592
241.296,-0.01630082427239609
241.335,0.006100553439247467
241.374,-0.002816808919070936
241.413,-0.019875639650109973
241.452,0.012540762929837482
241.491,-0.015084934832200065
241.53,0.02016404487898773
241.569,0.026174816808368976
241.607,0.02092176547634577
241.646,0.02984457993293401
241.685,-0.0004972345761603261
241.724,-0.012729910084629356
241.763,0.011905615218756865
241.802,-0.0018497229581140918
241.841,-0.004197987344787624
241.88,-0.01574664449728133
241.919,0.024939171933059997
241.958,-0.009650009601308438
241.997,-0.024780130395822178
242.035,-0.004284139117929497
242.074,0.011994524284982879
242.113,-0.005171543403105394
242.152,0.00454838320573756
242.191,-0.03915233353926516
242.23,-0.011900597966226981
242.269,-0.034951043668445744
242.308,0.027226458786528362
242.347,-0.05949795165746331
242.386,0.013799344028206808
242.425,0.020505405496123515
242.464,-0.008649841253665993
242.502,-0.016284353140383314
242.541,0.012141861410247144
242.58,-0.004722409612058257
242.619,0.0082430191368516
242.658,-0.021587829497956963
242.697,-0.016044163369240413
242.736,-0.04380090183912913
242.775,-0.014194955815371424
242.814,-0.010820544843584662
242.853,-0.03426547741259254
242.892,-0.020557638213056145
242.93,0.003886697348117884
242.969,-0.029488987644425483
243.008,0.0025689452612125594
243.047,0.008629904049835364
243.086,0.00445773861365574
243.125,-0.0006220802027899655
243.164,0.01094627250976983
243.203,0.0055177502489442325
243.242,0.024647933341730155
243.281,0.03749403653945176
243.32,0.011572930509321894
243.358,0.004223940792448203
243.397,-0.011887749837468955
243.436,-0.0181442593665592
243.475,0.011455409711489171
243.514,0.017339307708036197
243.553,-0.01177720212419488
243.592,-0.004390605442245534
243.631,-0.0019508790445504388
243.67,0.008290971070449111
243.709,-0.009371861600857075
243.748,-0.017402535653993294
243.786,0.00686041560853422
243.825,0.03233203139262626
243.864,0.007298659727185468
243.903,-0.0069301774905908015
243.942,-0.0030836224279883247
243.981,-0.003980942678157609
244.02,0.025061336399523147
244.059,0.003520467488373393
244.098,0.008997918534131092
244.137,-0.024526547452079772
244.176,-0.016786787776380624
244.215,0.015035711147754236
244.253,0.0324773123092458
244.292,-0.017733012426590034
244.331,0.01023074949110562
244.37,0.008097447768795233
244.409,0.011479207580764025
244.448,-0.016447582721769837
244.487,0.04493747784065921
244.526,0.01511627345054694
244.565,-0.007372277816839562
244.604,0.021948326009379182
244.643,0.020916003926278327
244.682,-0.009750977356344698
244.72,-0.007958240830217393
244.759,0.0006089714441046162
244.798,0.027384721850622667
244.837,-0.03633256920621744
244.876,0.015247188971203704
244.915,-0.003014984063511792
244.954,-0.013107207711994516
244.993,0.02853691956094086
245.032,0.026430853495003667
245.071,0.04595570440828647
245.11,-0.005287157922313775
245.148,-0.0188471487498421
245.187,0.031589259257672336
245.226,-0.018647193287472157
245.265,-0.02112087306590506
245.304,-0.020464768577531454
245.343,-0.02633956442015236
245.382,0.031445866827178585
245.421,0.008458574124876182
245.46,0.007404855010490277
245.499,-0.017002595119777288
245.538,0.007869532052891487
245.576,0.00447730875312619
245.615,-0.01504978215333106
245.654,-0.008646055153262685
245.693,-0.0010724996680241865
245.732,0.010963853427281366
245.771,-0.005691305228219697
245.81,0.009050488620956879
245.849,-0.004380912241877102
245.888,-0.013423056484787626
245.927,0.00288274287051521
245.966,0.0034261244120093754
246.005,0.018879575359644414
246.043,-0.008215291034705793
246.082,-0.016113288201937966
246.121,-0.01689290548771354
246.16,-0.03289497835508125
246.199,-0.011703742932651626
246.238,0.005692811808755608
246.277,-0.0074250864893422135
246.316,-0.024238671325032914
246.355,-0.02439696641376025
246.394,0.02145468206619762
246.433,0.014310109568881341
246.471,0.008502228744914547
246.51,-0.001095522308443125
246.549,0.010319643858056898
246.588,-0.004323284355352879
246.627,0.03549522594953903
246.666,-0.039220159779439726
246.705,0.03158363431514159
246.744,-0.007338407012680738
246.783,0.006810141509924983
246.822,-0.0073406489146195545
246.861,-0.041673271198961734
246.9,0.0034554294298832526
246.938,-0.011122224859976307
246.977,0.0026542440592062944
247.016,0.007465830198043064
247.055,0.014967366765653804
247.094,-0.004937732396868365
247.133,0.01538121770324763
247.172,-0.014586213130489762
247.211,-0.0021362680701859918
247.25,0.023091156480588466
247.289,-0.028951024677400412
247.328,-0.06321880778092154
247.366,0.03195574064605557
247.405,0.01870183360406448
247.444,-0.03400776018617418
247.483,0.012760247029681437
247.522,-0.02739464778581064
247.561,0.0014290347847224854
247.6,0.005804281109222972
247.639,-0.03111797881747242
247.678,0.014535326061596139
247.717,0.014352015786843638
247.756,0.02593419844945749
247.794,0.02290757288215039
247.833,0.014512282969657293
247.872,0.012042217238045733
247.911,-0.013531329430059295
247.95,-0.013444483419006012
247.989,1.0194531425779078e-05
248.028,0.01633887088317488
248.067,0.021172792198064665
248.106,-0.0037471716461433624
248.145,-0.02925104787211712
248.184,0.01310837348990442
248.223,0.03663856814609121
248.261,0.03551838028398141
248.3,0.012648201790945036
248.339,0.0077518299853226984
248.378,0.0107148578345592
248.417,0.018802273239723246
248.456,0.019716635539204146
248.495,0.019845796547597834
248.534,0.015657003172856104
248.573,0.041700222315906935
248.612,0.032686366968458495
248.651,-0.0016548506317775819
248.689,0.023121223716591102
248.728,-0.01662698432980708
248.767,0.030658594085674423
248.806,-0.03126024909941395
248.845,0.01839238075106249
248.884,0.004215421817880618
248.923,0.013817598525095289
248.962,-0.012784611778052433
249.001,0.008556647121258691
249.04,-0.02336903984561368
249.079,-0.007405428662773286
249.117,-0.029914024256431315
249.156,-4.2266013034569414e-05
249.195,-0.019975312254141737
249.234,0.0017546228761480278
249.273,-0.04332779036502609
249.312,-0.00426829111650748
249.351,-0.0005633874272718033
249.39,-0.009505769876047043
249.429,-0.008235024088286571
249.468,0.011435483379645792
249.507,-0.011976731372647901
249.546,0.042483963778697106
249.584,0.005727886581198093
249.623,-0.031296233834988835
249.662,-0.007952320714280816
249.701,-0.021303120416109822
249.74,-0.002175511988517175
249.779,-0.010519427457059404
249.818,0.030248515165302296
249.857,-0.006814927536496188
249.896,-0.004037814472109765
249.935,0.015366274556532448
249.974,0.007831711158838687
250.013,0.024243818437105633
250.051,-0.03682819302772685
250.09,-0.02841728966001992
250.129,-0.012447665882699525
250.168,-0.02703931563230519
250.207,-0.018326430378679003
250.246,0.05145903887344795
250.285,0.02261673380151855
250.324,0.0016352715173175419
250.363,-0.004212790797951428
250.402,-0.002154837949482154
250.441,0.027191852215295742
250.479,0.009164356061104661
250.518,0.02527028328755701
250.557,0.01140815916498107
250.596,-0.03383845938880485
250.635,0.00967307371256827
250.674,-0.009490982837490324
250.713,0.001377782022042186
250.752,-0.019632996824715077
250.791,-0.049207010430477816
250.83,-0.028284364526216587
250.869,-0.010221227461336748
250.907,0.025593810784946942
250.946,-0.010415280429322618
250.985,-0.00759560211645655
251.024,0.02489852450585991
251.063,-0.01598383902927558
251.102,-0.032231129870075204
251.141,-0.03446380370179279
251.18,0.005281496876887522
251.219,0.029204693523800465
251.258,0.027812584185723632
251.297,0.008931559440669755
251.336,-0.006675882282931823
251.374,0.007435482968252865
251.413,0.0007837298268428064
251.452,0.001352817340122079
251.491,-0.0010854505412988998
251.53,-0.04059641192726346
251.569,-0.015198984030341499
251.608,0.0008866068644354922
251.647,0.0050375964263769816
251.686,0.0038025972128195463
251.725,-0.00018736374484873593
251.764,-0.03188659634026318
251.802,-0.030118890040083123
251.841,-0.020440465598611877
251.88,-0.0057190239380439725
251.919,0.009929071042892937
251.958,-0.00834220653114293
251.997,0.002967471379328267
252.036,0.0031691916939621204
252.075,0.03507163261413869
252.114,0.029749816387594608
252.153,0.0208755066946616
252.192,-0.028123269861988244
252.23,-0.00637753548222257
252.269,0.04442734480509583
252.308,0.003334045841656417
252.347,0.018857783287759063
252.386,0.0062778236762786495
252.425,-0.0060999870537021585
252.464,-0.02653627730919429
252.503,0.014145105186094468
252.542,0.022155834775074712
252.581,0.0013272244320705132
252.62,-0.04738136514333309
252.659,0.02182029278193955
252.697,-0.01542694677663726
252.736,0.006332348286148764
252.775,-0.023737180436094275
252.814,-0.01396389672097018
252.853,0.008228561377338382
252.892,0.003752681319781504
252.931,-0.05283215009531933
252.97,-0.03076598946025607
253.009,-0.011191206745643747
253.048,-0.04087735477580219
253.087,-0.0028206686492359793
253.125,-0.029089963681741687
253.164,-0.03375617726219299
253.203,-0.013051861726596978
253.242,-0.011834656643074062
253.281,0.012922533736293708
253.32,-0.014212498836385192
253.359,0.003961038010314367
253.398,-0.014115940221262623
253.437,0.0020940983693206084
253.476,-0.015918667798656902
253.515,0.013678351721233276
253.554,-0.025216996251415665
253.592,-0.01564373556184299
253.631,-0.0046996553780195415
253.67,-0.008353376695938053
253.709,-0.0016415047396309587
253.748,0.002744189585228738
253.787,-0.009726435821654354
253.826,0.0120137314727283
253.865,0.012717437929020244
253.904,-0.028155388258235405
253.943,-0.016793745941190902
253.982,0.005570101369844304
254.02,0.006550475164728409
254.059,-0.023373881383724288
254.098,0.017141121090632042
254.137,-0.004158835187125584
254.176,0.03976008747193971
254.215,0.023398201269470616
254.254,-0.0022693363464302927
254.293,0.008633493755441767
254.332,-0.02560576180917168
254.371,0.02420241689577854
254.41,0.015294710128803828
254.449,0.007919298055284628
254.487,0.003369611299591404
254.526,0.0111183485820174
254.565,-0.015822519148256733
254.604,0.0029576035575748765
254.643,-0.03212554831224926
254.682,-0.051440926213368904
254.721,-0.025900658155234492
254.76,-0.02577791494891487
254.799,0.013709970217400783
254.838,0.003214829819264811
254.877,-0.010233143072956362
254.915,0.014791883967416146
254.954,0.007024910061716724
254.993,-0.011380734952931707
255.032,0.00258268504127512
255.071,-0.011588546600255625
255.11,0.03537879437299313
255.149,0.013256543055131015
255.188,-0.01631728878732339
255.227,0.005627955914372278
255.266,0.0013436775459887559
255.305,0.027244530324448558
255.344,0.007997198261993457
255.382,0.03156151582376865
255.421,-0.004981783951450868
255.46,-0.02243363329272058
255.499,-0.005213844659143577
255.538,0.003877978513775064
255.577,-0.026268406500813073
255.616,-0.003038500005224999
255.655,0.01625691522202419
255.694,0.019091436877450338
255.733,0.007722540220431397
255.772,0.006168657407159167
255.81,-0.01854825577553889
255.849,-0.013937524147294213
255.888,2.5665146896744137e-06
255.927,0.011919451545420257
255.966,0.00640131593327296
256.005,-0.01800675468798983
256.044,0.021493392191868244
256.083,-0.013845786528276323
256.122,0.019395331272790334
256.161,-0.025355504819475915
256.2,0.0013788120045665694
256.238,0.016427008721176823
256.277,0.010906661286301304
256.316,-0.01635279270411791
256.355,0.01601098724934666
256.394,0.038818007002825894
256.433,-0.014868657966977929
256.472,-0.018333327898497648
256.511,0.020269218960601198
256.55,-0.012117262916723591
256.589,0.016824852406359357
256.628,-0.006064448477846662
256.667,0.0200048200688141
256.705,0.02430186819113489
256.744,-0.002610132242074072
256.783,-0.0324327787782833
256.822,0.029326890478147696
256.861,0.022781282849430266
256.9,-0.0025235217520432262
256.939,0.01840244389556332
256.978,0.007354052557831876
257.017,-0.0031380353703826533
257.056,-0.011854110905281157
257.095,-0.0006732705978239571
257.133,-0.0005564460933324116
257.172,0.04080727721815042
257.211,-0.001217423628791178
257.25,0.009893055732231558
257.289,0.03210941336717672
257.328,-0.005113197229195577
257.367,-0.019253866127218577
257.406,-0.008952976376784941
257.445,-0.043393602853291594
257.484,0.011852678373161831
257.523,-0.005774817600615699
257.562,0.008103195762489933
257.6,-0.006912207609459653
257.639,0.009265926417867701
257.678,0.01478534799248692
257.717,-0.0086946750207382
257.756,-0.037655217267710844
257.795,-0.014924287222895252
257.834,0.030582632535788933
257.873,-0.009073530221472186
257.912,-0.025940958431935824
257.951,-0.013143047656845624
257.99,-0.007979074332875747
258.028,-0.007532687205899941
258.067,-0.023687306577877043
258.106,-0.010778590314949075
258.145,-0.028590461522160347
258.184,-0.00834112906959623
258.223,0.008656278128958923
258.262,-0.010884385446830689
258.301,-0.012564422015600976
258.34,0.00828278370015315
258.379,0.022193979186876704
258.418,-0.006521905045463263
258.456,0.01619973766232216
258.495,0.01985284959319315
258.534,-0.009196159561542402
258.573,0.00902910809584093
258.612,0.011146187778397118
258.651,-0.045876047907608304
258.69,-0.035153707383147124
258.729,0.0058451449517847795
258.768,-0.03334407386170229
258.807,-0.032757369529162
258.846,-0.02654100802618163
258.885,0.023521620511765078
258.923,0.017525528357884936
258.962,-0.01898176696292688
259.001,-0.02180081822113803
259.04,0.010309383412372307
259.079,-0.01374419423392648
259.118,-0.02731641989423483
259.157,0.0034210102699014835
259.196,0.06817115150374892
259.235,0.0154679572739884
259.274,-0.0007430286282987409
259.313,0.02306514574462011
259.351,0.02550679258131073
259.39,0.005963316302277546
259.429,-0.017063806273340185
259.468,0.0035368469628148116
259.507,0.0340666664686641
259.546,0.01689502129304813
259.585,0.024005280471532876
259.624,0.022934293667346707
259.663,0.035778734394846384
259.702,-0.009728280540195202
259.741,-0.015717918417463592
259.78,0.014292835145678102
259.818,-0.015751827214378462
259.857,-0.017446983548562695
259.896,-0.015040100718570681
259.935,-0.009665789604932556
259.974,0.02509803148577981
260.013,-0.045295832060800116
260.052,0.010128630355223944
260.091,0.006874643181154135
260.13,0.01530923394843271
260.169,0.009340650240177429
260.208,0.0006234549266596673
260.246,0.003959463274431791
260.285,-0.03154165683563129
260.324,-0.028471559748446885
260.363,-0.010235297270588369
260.402,-0.024462321799493814
260.441,-0.04750766485295013
260.48,-0.041195635962779746
260.519,0.01239870104495952
260.558,-0.028621553486013075
260.597,0.004008957662884732
260.636,0.03196082224508513
260.674,0.026577305046712234
260.713,-0.014032015307604201
260.752,-0.011827588217622621
260.791,0.011763460939548756
260.83,-0.03633147139876666
260.869,0.008098923281718351
260.908,0.017132999451455674
260.947,0.015416861289313053
260.986,-0.006967130199915305
261.025,0.019755675808230948
261.064,-0.013853619945751358
261.103,-0.024126059502835872
261.141,-0.045380956185597794
261.18,0.0008536524397994177
261.219,0.0034971559126288354
261.258,-0.009146738227654633
261.297,-0.014616024578712231
261.336,-0.00786194574735614
261.375,-0.026514146800014838
261.414,0.027343158818182736
261.453,0.017514683574106127
261.492,0.012217757702593476
261.531,-0.01287209514980653
261.569,0.005119734652748389
261.608,-0.009586046385813257
261.647,-0.020010583659134887
261.686,0.018524152579880916
261.725,0.005313954015698433
261.764,0.005246023124251327
261.803,0.005097050812790388
261.842,0.03676275183473448
261.881,0.022513961703094356
261.92,-0.006537819640676774
261.959,-0.013614357951708681
261.997,-0.0034789547276886136
262.036,-0.01992424698034185
262.075,0.010686101802254001
262.114,0.015413688161218787
262.153,-0.014254349778045442
262.192,0.014686041477122552
262.231,-0.011894064057322691
262.27,0.002980196076181379
262.309,-0.0032795283288788906
262.348,0.013457142447789155
262.387,0.00879301261381284
262.426,0.009519396536342926
262.464,-0.015019304529371174
262.503,0.025291728205012173
262.542,-0.022281383313922206
262.581,0.002249788989384426
262.62,-0.000508082099088765
262.659,0.0025336685953569263
262.698,-0.024593975829124468
262.737,-0.0025742492787279537
262.776,0.02572163512431653
262.815,0.029730237856105034
262.854,-0.0045605828820860055
262.893,-0.033378947903868736
262.931,0.025770743724838993
262.97,-8.782108778767261e-05
263.009,0.0008848689311789833
263.048,-0.009244487032872362
263.087,-0.034317641954967
263.126,0.03487302450470357
263.165,0.03462730118777728
263.204,0.005825452193458321
263.243,0.010097310246813068
263.282,-0.013986710547307952
263.321,0.01581845949190074
263.359,0.006737686609171557
263.398,0.03090869088439219
263.437,-0.00014468522369355064
263.476,0.022736616594091985
263.515,-0.0019377540158802345
263.554,-0.02137179980086873
263.593,0.003728411866598869
263.632,0.005457594875774097
263.671,-0.009508922265418008
263.71,-0.009207105044860098
263.749,-0.012976085636610735
263.787,0.008158736050412153
263.826,-0.022127126573086
263.865,0.021776699836413865
263.904,0.015465290371692668
263.943,-0.03427128387686517
263.982,-0.015501883502343702
264.021,0.0073223830512973214
264.06,0.009472694344815905
264.099,-0.0026861771524476323
264.138,0.03415063869266742
264.177,-0.006765746499734486
264.216,-0.00213180891183941
264.254,-0.020119552922502303
264.293,-0.009779068465393092
264.332,0.010693917751159687
264.371,-0.013589791478107252
264.41,-0.012169547414381912
264.449,-0.023662074647993376
264.488,-0.010432523802487756
264.527,-0.011312747027613824
264.566,-0.012256707326890173
264.605,0.0198247459741364
264.644,0.010362525244691289
264.682,-0.0059101637707401865
264.721,0.04265557741542136
264.76,-0.0024147006959710773
264.799,0.015921795095054293
264.838,-0.003786357189401209
264.877,-0.013057164979971224
264.916,0.007435487437681857
264.955,0.035099379541805725
264.994,-0.015228759309156938
265.033,-0.015821678451018173
265.072,0.005158625547673253
265.111,-0.015607381969659278
265.149,-0.017660728987326946
265.188,0.013823112511292344
265.227,-0.01403571381537352
265.266,-0.011782312551863905
265.305,-0.001409062711772529
265.344,0.03483403740739224
265.383,-0.009477407021135687
265.422,-0.0024327942954663153
265.461,0.03194366474730271
265.5,0.017707550298530675
265.539,0.03362033361493487
265.577,-0.0008625603626027339
265.616,-0.013469664612229051
265.655,-0.0002751301194031004
265.694,-0.0001523292039601258
265.733,-0.0289397287779712
265.772,0.03362132499070916
265.811,0.008235188062690229
265.85,-0.004674091701609305
265.889,-0.014934541311355812
265.928,0.014194080246128142
265.967,0.00802425394512507
266.005,-0.031433895265488156
266.044,-0.0030909583166438956
266.083,-0.014632315565006524
266.122,-0.027878323832745286
266.161,-0.011201411982342745
266.2,-0.014311356501567169
266.239,0.005604872577060005
266.278,-0.008340016351603963
266.317,-0.018408833933890832
266.356,-0.0058378428916780346
266.395,-0.024719451774135773
266.434,0.010726055879492534
266.472,-0.027029028839210167
266.511,-0.01723699422421473
266.55,-0.014019531035551803
266.589,-0.03314813343190028
266.628,0.024489411991454896
266.667,-0.012574788841491717
266.706,-0.005261952435616942
266.745,-0.0212891377338395
266.784,-0.03074280251019081
266.823,0.029389375974692288
266.862,0.008343517696791902
266.9,-0.005194745258825043
266.939,0.0024774452721666937
266.978,0.012496945574381971
267.017,-0.006274799336232493
267.056,-0.0038671526845042523
267.095,-0.013872839656149587
267.134,-0.04963297870919422
267.173,-0.026396130538683095
267.212,0.026925827106371297
267.251,0.009690113760098963
267.29,0.015392874662989588
267.328,0.012203501695195887
267.367,-0.01561668811194147
267.406,0.011930417499334569
267.445,-0.047103053144273044
267.484,0.01954215318304974
267.523,0.011443886144668042
267.562,0.018892707447399574
267.601,-0.01807784944625313
267.64,-0.015111807716717777
267.679,-0.010702010660731441
267.718,0.011301840999432202
267.757,-0.0022045664175587582
267.795,-0.013515257529054855
267.834,0.023223651930115437
267.873,-0.01627680908534043
267.912,0.0159843407534111
267.951,0.015526003577292722
267.99,0.014457094440945291
268.029,0.033795759447219374
268.068,0.01712069349664299
268.107,0.009494124548799754
268.146,-0.02025552104211838
268.185,0.001016806514674732
268.224,0.03891094390252653
268.262,0.02854087996908073
268.301,0.01347552453334792
268.34,-0.012562128157631058
268.379,-0.030110233951054412
268.418,0.004611244103177618
268.457,-0.021642111088734664
268.496,-0.008787827370736148
268.535,0.0026133949550681355
268.574,0.019223310893222503
268.613,0.012808831850431933
268.652,-0.0409900471988303
268.69,-0.0006482500844472265
268.729,-0.017781480118772064
268.768,0.008630395307390983
268.807,0.02314834048439947
268.846,-0.006814574391861436
268.885,0.010604028295800585
268.924,0.003089387393100272
268.963,0.017479499292268566
269.002,-0.02477312171934511
269.041,0.012338925711045296
269.08,-0.006314474842527325
269.118,-0.05850084342980421
269.157,-0.025619787608862153
269.196,0.0034709503584984883
269.235,0.016814094487472325
269.274,-0.0052058887107623904
269.313,-0.007780004002451609
269.352,-0.010615563957061059
269.391,0.02509208760199121
269.43,-0.015403023651614183
269.469,0.0013588614274221197
269.508,-0.006916339060794025
269.547,0.0060792937935785635
269.585,0.01887440644945888
269.624,-0.03824597850238537
269.663,0.0026891768058455666
269.702,-0.00514070266161716
269.741,-0.00906408217539812
269.78,0.04327031609958946
269.819,0.01383456842804325
269.858,-0.006082945640311983
269.897,0.008381116610917436
269.936,0.007285393110774266
269.975,-0.0014406201410269107
270.013,-0.006120806725558765
270.052,0.03172262449076024
270.091,0.032219471860369574
270.13,0.002623745086127201
270.169,0.0018772461505057406
270.208,-0.016736304704795188
270.247,0.009957355748349325
270.286,0.028619984157948565
270.325,-0.01097185144114552
270.364,-0.008256197281564806
270.403,0.008938802294616209
270.441,-0.05256342526062528
270.48,-0.033761402903779915
270.519,0.003139471909747939
270.558,-0.04329086799969704
270.597,-0.021924075472027856
270.636,0.03233311715310087
270.675,-0.015801056665579627
270.714,-0.00784822170269514
270.753,-0.01548312149937435
270.792,-0.0340705275750688
270.831,-0.018128392259865886
270.87,0.02256965552657362
270.908,0.028833875535551633
270.947,-0.02174823848243116
270.986,0.003339660031552931
271.025,0.004862314034063311
271.064,0.0040572722673752615
271.103,0.014000999071417709
271.142,0.005800637738914743
271.181,-0.02482788991083153
271.22,-0.0020707552861301466
271.259,-0.005939856771830497
271.298,-0.026004058863845513
271.336,0.0019113117589480708
271.375,-0.007341786568687177
271.414,-0.017373701503019513
271.453,0.009345025545666543
271.492,0.0028202366403068894
271.531,0.017646013187013726
271.57,-0.007756969164145938
271.609,-0.009853111489175274
271.648,0.019669383677721197
271.687,-0.012754858994843677
271.726,-0.009370750241302211
271.765,0.01680513248027525
271.803,0.004694694222940603
271.842,0.012859341413342964
271.881,-0.023937782928916917
271.92,-0.02144469955320589
271.959,0.03918209983795664
271.998,0.02249027322359222
272.037,0.04149888398939748
272.076,0.004549170841553686
272.115,0.01652747575111369
272.154,0.00807884000750303
272.193,0.00527586714769544
272.231,-0.01474630817971548
272.27,-0.025528959411375198
272.309,-0.026068227676576742
272.348,0.033240453133194466
272.387,-0.034605767299991215
272.426,0.01864559782649401
272.465,0.022674667564147752
272.504,0.014387316647034736
272.543,0.015329323708918312
272.582,-0.0023187849864430895
272.621,-0.00019359132324214302
272.66,-0.012220640952778063
272.698,0.00401247459323677
272.737,0.020676582501072675
272.776,-0.025978778199098575
272.815,0.010388342694546812
272.854,0.05926733861370555
272.893,-0.009038764379767597
272.932,0.016276694280219675
272.971,-0.02296406228965752
273.01,0.028370228154050152
273.049,0.0399537289130567
273.088,-0.016194645956283178
273.126,-0.03540617713054915
273.165,0.012942550669100123
273.204,0.028375660472920387
273.243,0.010312758547855315
273.282,-0.025090662717702064
273.321,0.005181790875632146
273.36,-0.006257395626329834
273.399,0.009743007308690658
273.438,-0.02008397360250583
273.477,0.022268257325203537
273.516,-0.05667341517518123
273.555,-0.0038870856860467656
273.593,-0.010856207157669242
273.632,0.015454641552724711
273.671,-0.008761776773886459
273.71,0.017810414501034537
273.749,-0.007058062169137167
273.788,0.004956048346100338
273.827,0.014569649236938213
273.866,-0.010133100621217202
273.905,0.01679889958251314
273.944,-0.05852860284514635
273.983,0.02567445784799141
274.021,0.006295983284654081
274.06,-0.039008515725760216
274.099,0.015375951454926724
274.138,-0.009760342532083473
274.177,-0.011180215817094727
274.216,-0.004375181803044855
274.255,0.03752252075530893
274.294,0.02800363112227956
274.333,0.02584852435157476
274.372,-0.028007372478136127
274.411,0.040728534601366724
274.449,-0.01282041814812098
274.488,-0.014130561142583088
274.527,0.00991888713981417
274.566,-0.006116144200341055
274.605,-0.0004542826029874077
274.644,-0.0022485759654716003
274.683,0.034758861457041684
274.722,0.008467823469851015
274.761,0.003678870865162222
274.8,0.009558013397892626
274.839,-0.031179803684751803
274.878,-0.01664247911577578
274.916,-0.03385236652964077
274.955,-0.0020323663480444395
274.994,0.0316803710590627
275.033,-0.017816217642833556
275.072,0.04871915205797044
275.111,0.02815979803931668
275.15,0.015891819034899987
275.189,0.016354591048550287
275.228,0.04672124750826399
275.267,0.018952106832845622
275.306,-0.013696958083831388
275.344,-0.000818199394469578
275.383,0.0020184577831614528
275.422,0.007926769642289846
275.461,0.04453785000174257
275.5,0.01821419142960438
275.539,0.007596120131507284
275.578,-0.015486345945134584
275.617,-0.01441460787926779
275.656,0.011876692139521238
275.695,-0.004488711962717471
275.734,-0.015980831040926353
275.773,0.006909533737080522
275.811,-0.018516558319007184
275.85,0.002466290856441767
275.889,0.0063731355083008045
275.928,-0.015513581205875171
275.967,0.01687525070432097
276.006,-0.005580521815270711
276.045,0.038309132594739725
276.084,-0.01438440975262753
276.123,0.025511258871659614
276.162,-0.013967015646906554
276.201,0.03720276489470725
276.239,0.02644860569592406
276.278,0.03717069185719334
276.317,-0.006191961195196356
276.356,-0.0053977263799722145
276.395,-0.005011822480925842
276.434,-0.0016054436760011628
276.473,-0.018609072659197548
276.512,-0.01842991474420118
276.551,0.012014258654377143
276.59,0.03327465966681112
276.629,0.006995330820557446
276.667,-0.05222929556619578
276.706,-0.011561314398726619
276.745,0.004291833769494817
276.784,0.012473983900298354
276.823,0.007783806838081222
276.862,0.011589537186379527
276.901,0.014975940763037822
276.94,0.012056315716526702
276.979,0.017592575782875916
277.018,0.035693826839041404
277.057,-0.016130912838085903
277.096,0.016348944800389956
277.134,0.008347288919065486
277.173,0.00723078679169327
277.212,-0.015555654002294934
277.251,-0.003169593565383923
277.29,-0.006596047538876847
277.329,-0.020532513587884306
277.368,0.0018405395250196677
277.407,-0.016395179268592006
277.446,-0.0024885207550538017
277.485,-0.006523682517608211
277.524,-0.005271667790576402
277.562,-0.026377083468548147
277.601,0.02675485408945018
277.64,-0.0180834985430202
277.679,0.005365442570394622
277.718,0.02833714927244447
277.757,-0.014154526330578626
277.796,-0.004969534623335729
277.835,0.03977330540766782
277.874,-0.029734417882434888
277.913,-0.03397777020486822
277.952,-0.00035893738595355485
277.991,-0.05953758695805603
278.029,0.01433244302790287
278.068,-0.00375489142904409
278.107,0.0025532045517538335
278.146,-0.027203546595667462
278.185,-0.004158446979637065
278.224,-0.02941661953780945
278.263,0.010148725880975738
278.302,0.008105616571825468
278.341,-0.028323639376605203
278.38,0.005120130588993148
278.419,-0.0010267569030353854
278.457,0.002069418990904296
278.496,0.015424145998664868
278.535,-0.02119650466272953
278.574,-0.007041398792416221
278.613,-0.009835271900871061
278.652,0.031365596563845924
278.691,0.03368823608677436
278.73,-0.012848555859962042
278.769,0.0074529862163214364
278.808,0.018081542503316058
278.847,-0.01595669934168116
278.885,0.028724513158625304
278.924,-0.020604243759172674
278.963,0.012555424945634188
279.002,-0.015756636188219642
279.041,0.02372403373523067
279.08,0.012810941990521447
279.119,-0.0009420027738344678
279.158,-0.009507647363767132
279.197,0.03557077032574951
279.236,0.0025887885993447213
279.275,0.010761632866059221
279.314,0.007224315352294063
279.352,-0.010740874992969808
279.391,-0.0033570151684530246
279.43,-0.015979484209513565
279.469,0.01678703815591354
279.508,0.02266086626005344
279.547,-0.02392252434703658
279.586,-0.010996599295129857
279.625,0.025289663563188264
279.664,-0.04544643637713062
279.703,-0.016431968577234314
279.742,-0.017562957206995588
279.78,0.009648176174786548
279.819,0.004645571758543446
279.858,-0.007161346309968803
279.897,-0.013366171496008
279.936,0.02407702257181272
279.975,-0.0011429920926090808
280.014,0.001555873418339803
280.053,-0.028980619686165433
280.092,0.029852393080526986
280.131,0.01921331264594082
280.17,0.0034883581508924457
280.208,0.022501817251432327
280.247,0.031588007364292674
280.286,-0.03542937083500585
280.325,-0.004168820207904681
280.364,-0.02884405539366911
280.403,-0.037163584721405574
280.442,0.01973416278440989
280.481,-0.0033380789520199815
280.52,-0.04105606885845252
280.559,-0.026344865943116958
280.598,-0.023905124846906645
280.637,0.03600939023766953
280.675,-0.007365488761721491
280.714,-0.010077910290299268
280.753,0.011920249004315249
280.792,0.016247241075671815
280.831,-0.00942026973118916
280.87,-0.007740976512893098
280.909,-0.0014323954342586676
280.948,0.008646684952434317
280.987,-0.009455920253974764
281.026,-0.0045955026635639135
281.065,-0.0007435004993106085
281.104,0.013346985601065519
281.142,0.031153970972995302
281.181,-0.011531154480261867
281.22,0.0013731908603836448
281.259,0.004657009203229648
281.298,0.02531591071326438
281.337,-0.00557335081099036
281.376,0.01833692665570368
281.415,-0.007676692587259632
281.454,-0.002722025684340209
281.493,0.028521195739046174
281.532,-0.03645792610685077
281.57,0.008412593780726467
281.609,-0.01121549465220106
281.648,-0.004551239919973202
281.687,0.006497446053192763
281.726,0.031169676227409487
281.765,-0.031037056239670353
281.804,0.00670984449964957
281.843,0.015152201453420815
281.882,-0.018264612117385618
281.921,0.027510623329580017
281.96,0.002781109787735594
281.998,0.001997121662847617
282.037,0.006951085116455143
282.076,0.01413231344551905
282.115,-0.01766478309120351
282.154,-0.007885840165565101
282.193,-0.008788604753939496
282.232,-0.025820225071323234
282.271,0.01642202463349604
282.31,-0.01171862390261419
282.349,-0.014890600319490674
282.388,-0.003141555639747053
282.427,0.01190899157617126
282.465,-0.003087436831962334
282.504,0.010393657347792582
282.543,-0.009487414001624946
282.582,-0.011699810588200282
282.621,0.011718919952928099
282.66,0.008036991013430035
282.699,0.04233229098859262
282.738,0.02688707905503833
282.777,0.004807631292231674
282.816,0.01818125842773978
282.855,0.000634522811405339
282.893,0.0024099694671089683
282.932,0.009918776809892924
282.971,0.005952471697263819
283.01,-0.004978834245043818
283.049,-0.0019864914668640972
283.088,0.019069536016310847
283.127,-0.02091443033584236
283.166,0.025010493353178898
283.205,-0.03405188740592738
283.244,0.007277119651690229
283.283,-0.019266630120073944
283.322,-0.027951933255963783
283.36,0.006649955153480133
283.399,0.003843417176615442
283.438,-0.0486044421793777
283.477,0.022574301775048686
283.516,-0.035801290704738184
283.555,-0.014774844088637284
283.594,0.017330044165205203
283.633,-0.02377383754559871
283.672,-0.005883985496261149
283.711,-0.008995022300542273
283.75,-0.0032980363147635016
283.788,-0.01772134603434931
283.827,-0.028882912938180953
283.866,0.02646775230385549
283.905,0.0150818179566356
283.944,-0.03571440311130613
283.983,0.028567812526702548
284.022,0.03764651854202142
284.061,0.012051578537687405
284.1,-0.01661118735995348
284.139,0.03479638898925335
284.178,-0.0031045280222703987
284.216,0.024518888025579985
284.255,-0.01844676235309612
284.294,-0.0053757878738437785
284.333,0.015991148513259022
284.372,0.0404636257439152
284.411,-0.02669594232336942
284.45,-0.03187466609481536
284.489,-0.04585258418524794
284.528,-0.007767931826125821
284.567,0.01319301607566744
284.606,-0.0016818289749426975
284.645,-0.00016858382159697267
284.683,-0.020036698444351103
284.722,0.016875155277228642
284.761,-0.01924106991795159
284.8,-0.001244225695163948
284.839,-0.020752474172263443
284.878,-0.019477078822771887
284.917,0.021126911431642616
284.956,-0.0019430358777768296
284.995,-0.02085490127411195
285.034,-0.018724225372365098
285.073,-0.0019089421360728564
285.111,0.008137745504675581
285.15,-0.004091243710970714
285.189,-0.03070001898183721
285.228,-0.022299326190334597
285.267,-0.03778493249639248
285.306,-0.012987267029904897
285.345,-0.032461196238590256
285.384,-0.029488455918431702
285.423,0.019571824789565373
285.462,0.016472746761180806
285.501,-0.0064987286489416995
285.54,-0.015942750735362277
285.578,-0.011240983929777596
285.617,0.023517755612659064
285.656,-0.023072414966573092
285.695,-0.024763629372220493
285.734,-0.03829427854559783
285.773,-0.009323919328935252
285.812,0.00896995000033416
285.851,-0.02341030490348515
285.89,0.02333709159651841
285.929,0.01118156662906004
285.968,0.01397953206257695
286.006,-0.020945827760923075
286.045,0.0163967756640569
286.084,-0.045884184082038176
286.123,-0.026069430688053487
286.162,-0.004941532542859821
286.201,-0.01983744157408038
286.24,0.011819359617181582
286.279,-0.0076521290269973615
286.318,0.013838704211721353
286.357,0.004465204211635298
286.396,0.006879750472829314
286.435,-0.020435759126065267
286.473,-0.017912993190535943
286.512,0.0030144684638502596
286.551,-0.01075899427373156
286.59,0.027215325426403616
286.629,0.023901612161321282
286.668,0.0080780725144666
286.707,0.008427537123529276
286.746,0.004274817374545658
286.785,-0.030875136111897388
286.824,-0.02461256044037461
286.863,0.0063168992319234275
286.901,-0.026084297220996804
286.94,-0.012983969814773665
286.979,-0.003308186471853462
287.018,-0.011663906505363805
287.057,-0.02904970054932464
287.096,0.010319162365397004
287.135,0.026233690882487053
287.174,-0.0036878538747217374
287.213,0.014643732378946301
287.252,-0.019005507999237673
287.291,0.024539566517840207
287.329,0.010086974281450412
287.368,-0.017460074951444183
287.407,-0.0031868648215882386
287.446,0.028701288699892656
287.485,-0.0028559357404205014
287.524,-0.004791208775336894
287.563,-0.010865780345626052
287.602,0.01003233232187826
287.641,0.042391028205260355
287.68,0.04768023819128859
287.719,0.005553398087457576
287.758,-0.0003131663461146167
287.796,0.013109045900382664
287.835,-0.031788468700957556
287.874,-0.004939257576488852
287.913,-0.027315130858610065
287.952,0.0040271155890876445
287.991,0.04067969589347167
288.03,-0.00356680875515282
288.069,-0.008872343155017101
288.108,0.022363022110881543
288.147,0.0014939066916002841
288.186,0.0017198564727127896
288.224,0.015217779138954822
288.263,-0.014815133188012208
288.302,0.0061729544723552725
288.341,-0.001691722651987658
288.38,0.007044174672611826
288.419,0.0270879262980731
288.458,0.018071586956804546
288.497,0.015827434116992372
288.536,-0.02366586630944013
288.575,-0.02962886691067411
288.614,-0.0071208249141316345
288.653,0.006214859551961734
288.691,-0.002013510353121037
288.73,-0.00426278551912106
288.769,0.02097013851596726
288.808,-0.015174811170328546
288.847,-0.018242681653513233
288.886,-0.02548798506793644
288.925,0.012154801772555741
288.964,-0.012973163121038328
289.003,-0.01156537179376207
289.042,-0.022556560325576763
289.081,0.019199362757822518
289.119,0.025831574726825526
289.158,0.004232288884007036
289.197,-0.004209127820624069
289.236,0.002720255372434939
289.275,0.001218898912793703
289.314,0.02252492004735008
289.353,0.03822496952439399
289.392,0.003462102497844484
289.431,0.025568972933553473
289.47,0.001776396203877647
289.509,0.015349189384156543
289.547,-0.012567037205396354
289.586,-0.02278916165984446
289.625,0.013486569376892781
289.664,0.0009499739465885313
289.703,-0.014001981747922353
289.742,0.028075636006181258
289.781,-0.007968723272308714
289.82,-0.04839079036468859
289.859,0.002704925670003723
289.898,0.008689585511581492
289.937,-0.010276613825408096
289.976,-0.0025591707020170655
290.014,-0.03142951125644499
290.053,-0.013127160377159093
290.092,0.03459286322518334
290.131,0.02686884243413687
290.17,-0.006219441540166253
290.209,-0.0347304196928917
290.248,0.02011576638645053
290.287,-0.034409758783508514
290.326,0.007809631596309827
290.365,-0.001704744528989036
290.404,-0.027603962587886423
290.442,-0.015525780364917183
290.481,-0.012511434331332227
290.52,-0.0165575639475523
290.559,0.013421380017085127
290.598,-0.0013309473423630345
290.637,0.017807914855301407
290.676,0.013814796311284851
290.715,0.003197351196787074
290.754,0.013894217718064697
290.793,0.02974944157238331
290.832,0.01827658329608937
290.871,-0.007754190625856929
290.909,0.03592862792538795
290.948,0.007193852013253538
290.987,-0.025248471485622512
291.026,0.004719539403795563
291.065,-0.02816507823260516
291.104,-0.019361042114991275
291.143,-0.02797283108273707
291.182,0.021235290843970373
291.221,0.014541555275703416
291.26,0.027225225750580253
291.299,0.009742799538308821
291.337,-0.027360168356464404
291.376,0.0017416510086508878
291.415,0.037284317806444825
291.454,-0.019422502641030084
291.493,0.009950856282314917
291.532,0.002844040007957588
291.571,-0.04616281133413319
291.61,-0.020335868173701272
291.649,-0.027770941693459276
291.688,-0.0040455559444486046
291.727,0.029915260895579603
291.766,-0.009449976275069659
291.804,-0.00958634236927016
291.843,0.0017748246932273708
291.882,0.012931008683002442
291.921,0.0027182723163731784
291.96,-0.051473886248505726
291.999,0.0053167887217605205
292.038,-0.028001231103593618
292.077,0.019693915718074283
292.116,-0.03182558279258278
292.155,-0.008879256189210186
292.194,-0.014629150269766657
292.232,-0.0023761189682707288
292.271,0.04145980044328486
292.31,-0.024692532135154148
292.349,-0.0013506433162839733
292.388,-0.015385437420064428
292.427,-0.018598264716752355
292.466,0.02168045524292373
292.505,0.025395822100943027
292.544,0.05172594021340399
292.583,0.006777260721281746
292.622,-0.019241285471825385
292.66,0.0031289417731533717
292.699,0.004512239063495533
292.738,0.00837204951418418
292.777,-0.0047323956545930294
292.816,0.019296148228800068
292.855,0.0036169497999218995
292.894,0.03244059423036977
292.933,-0.021644709484161244
292.972,-0.023843182835269892
293.011,0.006994460781623659
293.05,0.038162225795078615
293.089,-0.02321034063327601
293.127,0.008779007712127975
293.166,0.034166669899633226
293.205,-0.00048082081388659556
293.244,-0.01763591407134537
293.283,-0.0334563127993811
293.322,-0.0051762869660453206
293.361,-0.020697909190554756
293.4,0.004901939180665716
293.439,-0.0037594418595409346
293.478,-0.00027216953356453896
293.517,0.0021437940611927497
293.555,-0.009828459198958323
293.594,-0.02057538498366058
293.633,0.02550799667229496
293.672,0.0057548970625609965
293.711,-0.0007892599477971381
293.75,-0.017862258939407856
293.789,-0.007484929401115678
293.828,-0.012416684825181296
293.867,-0.004693429010680343
293.906,-0.03385972406007977
293.945,0.024108735203022376
293.984,0.014249403886881788
294.022,0.023783748399831307
294.061,0.010622225547514042
294.1,0.002001957590530786
294.139,0.0025094113013972782
294.178,-0.014236938747466447
294.217,0.004561672600577649
294.256,0.00010092430276967268
294.295,0.004014857431711472
294.334,0.0037160379229623343
294.373,-0.004372920485957301
294.412,0.017083287618813094
294.45,-0.025454319645727645
294.489,0.009908808029059224
294.528,-0.006489853035903558
294.567,0.020253338049019808
294.606,-0.02110937554410038
294.645,0.004585697830563439
294.684,-0.03017833190374368
294.723,0.037749110619222176
294.762,0.038368558893322996
294.801,-0.00465500715559581
294.84,-0.038007708586260125
294.878,-0.013467314668491305
294.917,-0.02859944986121837
294.956,0.03584147081568142
294.995,0.01238218684765027
295.034,0.03154373528097969
295.073,-0.017876665525869542
295.112,-0.00014707478240163618
295.151,-0.0513319426075946
295.19,0.04512639988619833
295.229,-0.023599832662113917
295.268,-0.03233103424528398
295.307,0.025013554811661644
295.345,-0.019693867552613757
295.384,0.013797918837931182
295.423,-0.02044270966381804
295.462,0.026646892130802898
295.501,0.0002636544394955016
295.54,0.01849956383387895
295.579,0.03128758297599783
295.618,0.037767467206167776
295.657,0.002943937673883153
295.696,-0.004582319542894783
295.735,0.021061452822084277
295.773,-0.0038841799020783952
295.812,0.03358691075462374
295.851,-0.002729895602529908
295.89,0.01658969839601153
295.929,0.011409405506642573
295.968,-0.02703600819643128
296.007,0.0015251811182455978
296.046,-0.01916003437413009
296.085,-0.004888929886187528
296.124,0.020568547201840603
296.163,-0.011087164452590625
296.202,-0.005047299062858855
296.24,0.0059857455002894945
296.279,-0.006583113527072929
296.318,0.026089494237073147
296.357,-0.012835487175325
296.396,0.03196267252208648
296.435,0.02546727534330834
296.474,-0.01801009325227156
296.513,0.011755245932997881
296.552,0.0008197236076664637
296.591,-0.020557240561521705
296.63,0.013759416740793291
296.668,0.0013869732263418746
296.707,0.02953502113174568
296.746,0.014004705474215881
296.785,0.017846454285823803
296.824,-0.00026930326841108007
296.863,-0.054427863596545445
296.902,0.02089674425693342
296.941,0.0017238600396061801
296.98,0.0025149912575154303
297.019,0.004140839214493007
297.058,-0.01638322430300513
297.096,-0.003914737728634547
297.135,0.013262336221803016
297.174,-0.0184200270265096
297.213,0.014962115574612536
297.252,0.04347530051143392
297.291,0.008221279994474166
297.33,-0.01555927004676848
297.369,-0.008547346711266992
297.408,0.019271468382158485
297.447,-0.033012254985169694
297.486,0.004633500361882087
297.525,0.03171459498055507
297.563,0.00805927887439781
297.602,-0.042307356225572294
297.641,0.006963940849941961
297.68,0.009707408550110371
297.719,0.0020445534042292726
297.758,0.023695103889346994
297.797,0.0003793243894071475
297.836,-0.0025754069459375077
297.875,-0.0008925566014925338
297.914,-0.009578051570178254
297.953,-0.006995660933891257
297.991,-0.02832972681314929
298.03,0.0019384050415184899
298.069,-0.04239062799810319
298.108,-0.008410100279994998
298.147,-0.01001399714368876
298.186,0.005732166968121434
298.225,-0.031198992530024512
298.264,0.024838589392124
298.303,0.03705714440397127
298.342,-0.011975937771756047
298.381,0.008812402098841607
298.42,0.005338796982919928
298.458,-0.006922174782605627
298.497,-0.0029531957570587174
298.536,0.0015445016157078677
298.575,0.005433544563564537
298.614,-0.0067982975873069704
298.653,-0.01080895535467714
298.692,-0.04715763017210028
298.731,-0.034859866280235144
298.77,0.00842192066443986
298.809,0.015878332482523447
298.848,0.002321889544156892
298.886,-0.009181468885862097
298.925,0.024425818339748447
298.964,0.031984353034043754
299.003,0.0514338572674745
299.042,0.015725712196760524
299.081,0.01363958776513198
299.12,0.0004261036121729952
299.159,0.010851531210374497
299.198,-0.03668945036913299
299.237,0.030661647174727153
299.276,-0.014657568818657402
299.315,-0.005814331097323411
299.353,-0.02098917137779481
299.392,0.02036456214942058
299.431,0.013736966355762
299.47,0.018333326304976732
299.509,-0.01663905006425284
299.548,0.02698657815438929
299.587,-0.016746850288946805
299.626,0.0010797571521493324
299.665,0.0008061073878522299
299.704,-0.007274645635546763
299.743,0.005648020395854723
299.781,-0.0035141567016359542
299.82,-0.0020514535328623627
299.859,0.0330675210684479
299.898,-0.010948385914345661
299.937,-0.022626078722588715
299.976,-0.0028929439271752084
300.015,-0.031149923300897227
300.054,-0.0024827562866703195
300.093,0.02688845112834206
300.132,0.0005006363176320826
300.171,-0.008658157962146605
300.209,-0.027145182019274797
300.248,-0.021254761192180335
300.287,-0.004860993513265724
300.326,0.005868433531740025
300.365,0.012917704105951996
300.404,-0.0028147801747523005
300.443,-0.0040952716345570616
300.482,-0.008309559186036397
300.521,0.02738647493791571
300.56,0.01242702149048405
300.599,-0.00027114443167959665
300.638,-0.00012516771325581403
300.676,0.004514778439635393
300.715,-0.007770069267030072
300.754,0.015578887273221573
300.793,-0.03562352535364015
300.832,0.027253294983080423
300.871,-0.0035080648344343757
300.91,0.03672503625619787
300.949,-0.02064288629686754
300.988,0.0198640976124226
301.027,0.01592357695244375
301.066,0.007814397221169559
301.104,0.051069295648826625
301.143,0.006901357093269438
301.182,0.02260518322945952
301.221,0.0002833365572971619
301.26,0.038494978010187676
301.299,-0.022042612549751154
301.338,-0.0048032153152985976
301.377,-0.0133743219176287
301.416,-0.010891360465819363
301.455,0.05570631436290381
301.494,-0.008319242811145891
301.533,-0.016405290601613706
301.571,-0.005589269262814272
301.61,-0.004401937706192276
301.649,-0.010053865042859036
301.688,0.06638878530823145
301.727,0.0324302792418166
301.766,-0.019665246099222256
301.805,0.005246278946004871
301.844,-0.014124060180665816
301.883,-0.011447456355476919
301.922,0.046022265959399754
301.961,0.06661638588947455
301.999,0.03138460723375943
302.038,-0.008638210712431614
302.077,0.011786106975132063
302.116,-0.03167833027984151
302.155,-0.01474566376668147
302.194,0.007908558124158546
302.233,-0.02788897812929838
302.272,0.006233855492491809
302.311,0.014991636515971853
302.35,0.006200912957224748
302.389,0.021434806511160868
302.427,0.03598766535215236
302.466,0.03783688592410637
302.505,-0.010921171307156087
302.544,0.0004222880140227225
302.583,-0.029685703766914207
302.622,0.0014427807648499497
302.661,0.00823102201775565
302.7,0.0027997537650896933
302.739,0.006994818733411653
302.778,-0.017962425778537506
302.817,-0.007728840815379797
302.856,0.03569310486933766
302.894,-0.011266669210141328
302.933,0.03772340848455549
302.972,-0.02335978702467884
303.011,-0.014043017423569469
303.05,-0.010202784459743913
303.089,-0.01280495685182326
303.128,0.02706099739661342
303.167,0.032200335781660164
303.206,0.006406774188889731
303.245,-0.021011900999104185
303.284,-0.01690686955850014
303.322,0.016041209449930413
303.361,-0.0026115900338976
303.4,0.00044062766168976057
303.439,-0.0002316695191422113
303.478,-0.002261994756115401
303.517,0.03639567999592504
303.556,0.01437264275858132
303.595,0.005199677079205287
303.634,0.0016059073444253027
303.673,-0.02039041821019541
303.712,0.011523835413811688
303.751,0.010028451427013606
303.789,0.00088444997508276
303.828,0.001195149461485077
303.867,-0.011360565607387487
303.906,-0.033661406026559114
303.945,0.03917621079051553
303.984,-0.013947044458633668
304.023,-0.030664898359983674
304.062,0.027448054422004993
304.101,-0.014067740637563731
304.14,-0.013153723119263105
304.179,0.02127387247002043
304.217,-0.013051154184737334
304.256,-0.01965861767427096
304.295,0.01283218687638045
304.334,0.014443625923983865
304.373,0.008577503464853484
304.412,-0.01584113902932794
304.451,-0.021265828735367052
304.49,-0.033185144274377125
304.529,-0.028695487833963588
304.568,-0.007912947088039335
304.607,0.003982636741397868
304.646,-0.012687510685951005
304.684,0.00873252404299149
304.723,0.01720884867399414
304.762,0.034414834984215076
304.801,0.011665599342035746
304.84,0.002572595412154783
304.879,-0.010445934181132
304.918,0.022977949198865543
304.957,-0.0013511780662121258
304.996,0.012664788000566807
305.035,-0.000334344362483004
305.074,-0.031284823077601887
305.112,0.003673354193494129
305.151,0.001833284665367159
305.19,-0.020402323582123696
305.229,0.004695750001396714
305.268,0.014092601353756578
305.307,-0.0016055548204987839
305.346,-0.007290769232027324
305.385,0.0305589558806944
305.424,-0.020099936738093453
305.463,-0.012572613096324273
305.502,0.006298044053345053
305.54,-0.028602431051776483
305.579,-0.00805929761850502
305.618,0.024134153887679515
305.657,-0.026077550199072635
305.696,0.04435142066881789
305.735,0.005826586912313509
305.774,0.002561045970417418
305.813,-0.007731207468048484
305.852,0.01149442106797743
305.891,-0.012353673634373341
305.93,-0.004206860237978843
305.969,-0.037238676313761
306.007,-0.0048457868514811256
306.046,-0.055679731855623665
306.085,-0.020759467281091917
306.124,-0.012418769417796186
306.163,0.01257478800310852
306.202,-0.02493601170202192
306.241,-0.0019857731000891016
306.28,0.013101901306132332
306.319,0.024799442707138252
306.358,0.019052539624463516
306.397,0.020473898446294887
306.435,-0.013193394211472908
306.474,-0.024875749572058698
306.513,0.008536910591288947
306.552,0.022659804083901697
306.591,0.0159044335811404
306.63,-0.00454669524975555
306.669,0.008012350422241134
306.708,-0.010646808342178318
306.747,0.019054420266573974
306.786,0.012281572694133538
306.825,-0.01460102781891119
306.864,0.006947665179607762
306.902,-0.008593618315820114
306.941,-0.001897948735131837
306.98,0.007273338568966156
307.019,0.0017775760980092057
307.058,0.005345303262984314
307.097,-0.028903991990488702
307.136,0.017650404599237123
307.175,-0.007133011686516972
307.214,0.0020651250628915393
307.253,-0.004951708646117867
307.292,-0.012115496743628577
307.33,0.014835988660811225
307.369,-0.007721149652634054
307.408,-0.007042806648327706
307.447,-0.014458910574752532
307.486,-0.02365180812097228
307.525,0.008012011205617252
307.564,-0.044525592813473173
307.603,0.006545155572639068
307.642,0.03335745242582257
307.681,0.013324385920707473
307.72,-0.029975006116905404
307.758,0.0026084365734624386
307.797,0.02632785064464885
307.836,0.0033437777287766953
307.875,-0.05109074355503445
307.914,-0.0018391746256702045
307.953,-0.0018493769884822125
307.992,-0.010237998292418766
308.031,0.0171142163335866
308.07,0.018763605985928064
308.109,0.0007327349569871288
308.148,0.017857532665380843
308.187,0.014109695883813608
308.225,-0.011767082971547212
308.264,0.009252329988915564
308.303,-0.01363375901638213
308.342,0.019359688663231647
308.381,-0.002385649486541754
308.42,-0.033255995299962364
308.459,0.01212193507631783
308.498,-0.036153545767577455
308.537,0.01152162251487474
308.576,0.02854942927550315
308.615,-0.0018813687113918964
308.653,-0.016105417769641694
308.692,0.030910912560270058
308.731,0.016916152912573167
308.77,0.007110753682855003
308.809,0.008336310287257634
308.848,-0.041927959013195806
308.887,0.00696274088310689
308.926,0.03555550713585631
308.965,0.02087084297584554
309.004,0.016790223874919755
309.043,-0.022032812540591862
309.082,0.03985717979572641
309.12,0.016372908723345174
309.159,0.005021148239859701
309.198,-0.0036413705075628248
309.237,-0.0069071696842841115
309.276,0.011287017169769504
309.315,-0.00020161357229012827
309.354,0.023514795531169516
309.393,0.02545726288822774
309.432,0.023100966331515402
309.471,-0.031040128305154666
309.51,-0.03579639332323137
309.548,0.01598666600710018
309.587,-0.028940986909791064
309.626,0.005992559379184249
309.665,0.018360652457818743
309.704,-0.025940840452100086
309.743,-0.0384226455278942
309.782,-0.0033587970213585245
309.821,0.009513380072478539
309.86,0.0058127054218491195
309.899,0.009459568697536353
309.938,-0.004160184209404193
309.977,-0.011493947403852988
310.015,0.01594896253111236
310.054,-0.010868241148720294
310.093,0.042133560186098915
310.132,0.008209925118373906
310.171,-0.026657221932628143
310.21,-0.012194313851379505
310.249,-0.02542427080488461
310.288,-0.0014672206895076974
310.327,-0.010527236442427921
310.366,0.009762218337640745
310.405,-0.016912921585477782
310.443,0.027874699686700706
310.482,0.022430389471856424
310.521,-0.03214393919036836
310.56,0.014035697143108683
310.599,0.029666771846699896
310.638,0.0070257520047329325
310.677,-0.03934655056907631
310.716,0.01187209609114024
310.755,0.014734624572688005
310.794,0.010351402815934697
310.833,0.0011723884120480393
310.871,0.010767992411789915
310.91,-0.00396156922264379
310.949,0.009281555558037408
310.988,-0.00577786945289498
311.027,-0.005885809356660154
311.066,0.03510089101232421
311.105,-7.804664988290272e-06
311.144,0.023679280689109045
311.183,-0.02257634289359478
311.222,-0.010059909319574059
311.261,-0.030663224892448254
311.299,0.030727048206924217
311.338,0.005400551810000424
311.377,-0.02851479782506845
311.416,-0.01151369609794986
311.455,-0.01712877661037581
311.494,-0.06017290578488165
311.533,-0.0028168312373813677
311.572,-0.02872580476925783
311.611,-0.027936940279473996
311.65,-0.015627899097398812
311.689,-0.005651334929312381
311.728,-0.0069333327635508375
311.766,0.045667075654144906
311.805,-0.007128794938536166
311.844,0.0029274343599033845
311.883,-0.01138938123441743
311.922,-0.012712910371673616
311.961,0.0038644810928685066
312.0,-0.008219121083338107
312.039,-0.012996860702269665
312.078,-0.01155452949603114
312.117,0.004481632112462693
312.156,0.02362556773400843
312.195,0.0010564473517058548
312.233,-0.01035188280871424
312.272,-0.024395314660002835
312.311,0.009005570319222438
312.35,-0.00875047193813757
312.389,-0.00519018408581636
312.428,-0.024496426331957432
312.467,-0.02333235349703949
312.506,0.02502837067069691
312.545,0.0040138340575725856
312.584,-0.0047612538786859036
312.623,-0.0022942795359261396
312.661,0.016456910423156258
312.7,-0.020031588788850363
312.739,-0.003097562031254
312.778,-0.013460547413014582
312.817,0.0031605650916810904
312.856,-0.007555977863908052
312.895,0.022916742105808047
312.934,0.05080511791992593
312.973,-0.03699513307886833
313.012,0.010173204393631112
313.051,-0.03168529249154025
313.089,0.004486098732091084
313.128,-0.018840596294025045
313.167,0.02967504335286674
313.206,0.01648643641576565
313.245,0.010651705685854742
313.284,0.00022860769819863219
313.323,-0.007189676714215484
313.362,-0.0012802054066103422
313.401,-0.022971494999134333
313.44,-0.018180376757677648
313.479,0.004178006213697268
313.518,0.005193929224507283
313.556,0.022173620931772088
313.595,-0.020162592992017933
313.634,-0.014480639174797192
313.673,0.03009718188799902
313.712,0.03977479262573582
313.751,-0.014252937679747293
313.79,0.008819751331746404
313.829,-0.043854196783268094
313.868,0.026145950429249366
313.907,0.014588219451501301
313.946,-0.028138703157474673
313.984,0.009197940658075108
314.023,-0.03026320951906747
314.062,-0.0184243578383456
314.101,0.008650799026619282
314.14,-0.004647187516323243
314.179,0.029524035844016513
314.218,-0.018026503095104018
314.257,0.024640446926335133
314.296,-0.03637759134642853
314.335,-0.00503163498365008
314.374,-0.010647833186145688
314.413,0.012541762302894825
314.451,-0.007369401716434846
314.49,-0.03381355333187343
314.529,0.01035652818100654
314.568,0.004278443327137411
314.607,0.025031159155074905
314.646,0.006643577812066129
314.685,-0.005360565553343567
314.724,-0.016484500747211726
314.763,-0.012888272547448176
314.802,0.01512884810353464
314.841,0.002559654805303502
314.879,-0.005817876218485245
314.918,0.01733139726059103
314.957,-0.0004955327924730177
314.996,0.0036101936338952664
315.035,-0.026482814164374965
315.074,-0.006267971209072853
315.113,0.030277561280829965
315.152,0.008748216840029396
315.191,0.010587154502726608
315.23,-0.007992896134411297
315.269,-0.005542104116840712
315.307,-0.0030217751024325546
315.346,0.007578381890519622
315.385,0.0014128083816050616
315.424,-0.007390255476143447
315.463,0.004354146180011004
315.502,0.00028914911084171845
315.541,-0.0386815398406525
315.58,0.0609070115004977
315.619,-0.034227332366228685
315.658,0.031582853495809596
315.697,-0.0005023051850340556
315.736,0.019735158346886297
315.774,-0.0009208778890434904
315.813,-0.00814415716125861
315.852,-0.025174933453905958
315.891,0.003532649834976977
315.93,0.00681565196898968
315.969,-0.0061071709523127125
316.008,0.012576642661650324
316.047,0.023268929591583408
316.086,0.03743977519336765
316.125,0.004375606156220367
316.164,-0.004600656409459914
316.202,0.02590619502147941
316.241,0.007142600926978688
316.28,0.021880919988092565
316.319,0.010606504851649715
316.358,0.0007029559866291463
316.397,0.016506258202667084
316.436,-0.01981759531951037
316.475,-0.013586422191103197
316.514,0.022630289875107304
316.553,0.06139707422509902
316.592,-0.002708398248241973
316.631,0.008782976418909674
316.669,0.005645953566939546
316.708,-0.039443941597611366
316.747,-0.010438516542014383
316.786,0.011229280990613547
316.825,0.015144375352999291
316.864,-0.021623366088274237
316.903,-0.02269067145026131
316.942,-0.030538132581274427
316.981,0.009133068653968873
317.02,0.024134915796169207
317.059,0.009976965168995105
317.097,-0.03597834656833665
317.136,0.0067604562380633604
317.175,0.03789958921633874
317.214,0.020266578151279156
317.253,0.004879171046568143
317.292,0.036524338338750496
317.331,0.051307747502883395
317.37,0.009645909603589298
317.409,0.007105325122913371
317.448,0.0042358803370943585
317.487,-0.007242879047397545
317.526,-0.025382707472759516
317.564,0.0016037664581054923
317.603,-0.027065320666163628
317.642,-0.017661179560241533
317.681,-0.0007216786077124983
317.72,0.015975948479798496
317.759,-0.0016420257976022291
317.798,-0.028120639464561246
317.837,0.011467609582363343
317.876,-0.000496027028013395
317.915,0.039048539541963447
317.954,0.010068422865970077
317.992,-0.0036615902197238343
318.031,-0.01301590635717986
318.07,-0.016864107293196366
318.109,0.006536906406540863
318.148,0.012933293021751509
318.187,0.011223787204072865
318.226,0.0010645240395479776
318.265,0.005726994340830044
318.304,0.0033581116332851105
318.343,0.00513469969017495
318.382,0.008528984262053878
318.42,-0.014952056871956842
318.459,-0.04107749154573603
318.498,-0.02352916698946524
318.537,0.03960304021419528
318.576,-0.03418222028764193
318.615,0.04234326849858422
318.654,-0.008034470454229593
318.693,0.01987773470917688
318.732,-0.026670705263674068
318.771,0.027256534103441407
318.81,-0.024388372132061766
318.849,0.009287238653784228
318.887,0.003729150828972329
318.926,-0.021933267479258743
318.965,0.018719461249175454
319.004,0.009359748571108661
319.043,0.003973572610800185
319.082,0.019037798872472863
319.121,0.012449157980858709
319.16,0.003246384604600057
319.199,-0.021994606540407483
319.238,-0.009025171771196841
319.277,-0.009286554480866327
319.315,0.003743841965211302
319.354,0.012078542240692953
319.393,-0.03974499531913868
319.432,-0.03307186826552433
319.471,0.002497353370490764
319.51,0.004130664988575032
319.549,-0.018872199569653192
319.588,-0.02269069079492137
319.627,0.03551096399492523
319.666,-0.015288037309796467
319.705,-0.04501027234319929
319.744,-0.001987731048788884
319.782,-0.01203196634833767
319.821,0.005999627093632753
319.86,0.021220368905972765
319.899,-0.01231409261426085
319.938,-0.015922662718398897
319.977,-0.016524902288122326
320.016,0.028067379789462242
320.055,-0.022996922339577654
320.094,0.0069724517630098525
320.133,-0.002611504203998315
320.172,-0.01249716452336047
320.21,-0.02453738532936288
320.249,-0.004401006943304283
320.288,-0.006415160117481563
320.327,-0.001737918011496315
320.366,-0.027971220624011583
320.405,0.007561907759665761
320.444,-0.028098924325662765
320.483,-0.008009553386968444
320.522,-0.009032281563835683
320.561,-0.014133037403054091
320.6,0.014506386332602584
320.638,-0.02428360615217602
320.677,0.0070886573371217
320.716,0.010938217728851984
320.755,-0.014607930843618883
320.794,-0.0243323114146425
320.833,0.020922566052300626
320.872,-0.003878977569716757
320.911,0.04546937685294121
320.95,-0.004967496187616039
320.989,-0.005523565744192414
321.028,0.010239257730184475
321.067,0.00034941968181236363
321.105,-0.011937857719600896
321.144,0.0035487934189679556
321.183,-0.008774331693084721
321.222,0.015235319292308303
321.261,0.0027538991300226036
321.3,-0.0044977178615488965
321.339,-0.03254403686354808
321.378,0.01892365024286749
321.417,-0.006346609743776635
321.456,-0.02140634473396904
321.495,-0.002275842225182589
321.533,-0.012864996639337578
321.572,-0.007326084029027029
321.611,-0.025104018788766808
321.65,0.002098702171440834
321.689,-0.0019013249980850654
321.728,-0.005431693844733648
321.767,-0.023504450856659316
321.806,0.026110792272906524
321.845,-0.025637588590693032
321.884,0.015044584367480155
321.923,0.0024867595479498438
321.962,-0.017995700843419185
322.0,-0.031433462254556774
322.039,-0.03816962775306141
322.078,-0.03485432805526686
322.117,-0.04213782884970368
322.156,0.005889316944076309
322.195,-0.05478952766183305
322.234,-0.008030497495578324
322.273,0.003748699384675107
322.312,-0.006149405373760498
322.351,0.012532431355756464
322.39,-0.019640931145785877
322.428,-0.03872568453558586
322.467,0.03245147094527698
322.506,-0.021662613787769548
322.545,0.01917129207214405
322.584,0.007511079013635307
322.623,0.02778419675779509
322.662,0.0073499652068379825
322.701,0.048315968501354736
322.74,0.01224058727642712
322.779,-0.016857226833927954
322.818,-0.016423734323233463
322.857,0.016562021431849178
322.895,-0.011407960492218478
322.934,0.010017099145578148
322.973,0.015110181299369446
323.012,0.03485177709723565
323.051,-0.009502360866287649
323.09,0.03292034337682617
323.129,0.017940802025664816
323.168,-0.01374889910371402
323.207,-0.00020359888239543681
323.246,-0.030677591127505
323.285,-0.02966134535651714
323.323,-0.014853789472326056
323.362,-0.014326280039057131
323.401,-0.0025957973960989006
323.44,-0.009883643575800601
323.479,0.001219586999274104
323.518,-0.002008351827857172
323.557,0.039082372020029385
323.596,-0.014204612534390986
323.635,-0.0023437905763408666
323.674,0.026500092145263193
323.713,0.005847686039830005
323.751,-0.019738835023224967
323.79,0.014439844505485576
323.829,-0.013072604054846565
323.868,0.0021385941592956927
323.907,-0.0469203836078794
323.946,0.02791183464271093
323.985,-0.02505569995366812
324.024,-0.029478219400266452
324.063,-0.01920829313066455
324.102,-0.0003036478564734761
324.141,-0.01791690159459865
324.18,0.02574117879135825
324.218,-0.011334410487955922
324.257,0.014561824104265583
324.296,0.02342746191248413
324.335,-0.0388127770299006
324.374,-0.011607730998666906
324.413,-0.01614312870850831
324.452,0.006680130312597629
324.491,0.01496628895486743
324.53,0.017773218552749045
324.569,0.012881722188300096
324.608,-0.036802814639089146
324.646,-0.013386044876215359
324.685,0.012340114619942048
324.724,0.003911923323815347
324.763,0.0015151912873491808
324.802,0.021002821198763448
324.841,-0.01902970004422058
324.88,0.0023301445824210447
324.919,-0.004704548370146018
324.958,0.005383817952762754
324.997,0.01961228726204661
325.036,0.019958125434542603
325.075,0.0006659409994386085
325.113,0.031499603609545915
325.152,0.009642396283763536
325.191,-0.025343987256903885
325.23,-0.013138452885397695
325.269,0.009911533961531795
325.308,0.01498349884788994
325.347,-0.045055192493327734
325.386,0.013689628009918858
325.425,-0.0051609648772232425
325.464,0.010160345142112115
325.503,0.04575399438702109
325.541,0.014002828222679143
325.58,0.0030508421076516526
325.619,-0.01438192729116853
325.658,0.011274115917990195
325.697,0.017645081955974005
325.736,0.016960107402769098
325.775,0.017855008457370185
325.814,0.03893798482149374
325.853,-0.004774858096900464
325.892,0.03023828551238518
325.931,-0.0004152930445347515
325.969,-0.057907116237158426
326.008,-0.013315738519236066
326.047,0.005437236137209075
326.086,0.012486155312046119
326.125,-0.025713938339535863
326.164,-0.04459341549784544
326.203,0.016442389051246124
326.242,-0.01295412115232867
326.281,-0.016875862039991772
326.32,0.008172408772152242
326.359,0.025282185539431012
326.398,0.016969832156654326
326.436,-0.007113320712496521
326.475,-0.001898912038193281
326.514,-0.008638249295331347
326.553,-0.01969415758775709
326.592,0.029990953683730698
326.631,-0.0018247604115710478
326.67,-0.005789412873082522
326.709,-0.01645501657574209
326.748,-0.012019774291481329
326.787,-0.0020194806251528606
326.826,0.010467874198109246
326.865,0.04063871506620657
326.903,0.01430575796732423
326.942,0.003794314016800221
326.981,-0.004323314572098514
327.02,0.02837564304740688
327.059,0.022230654670227622
327.098,-0.007375209066088517
327.137,-0.026375651798621964
327.176,-0.026498983781404573
327.215,0.003493225568907323
327.254,-0.014427330534656302
327.293,-0.017255520968591072
327.331,-0.006182854443612525
327.37,0.017145380877679323
327.409,-0.009560556376699014
327.448,0.017784599293529463
327.487,-0.0008147168978293866
327.526,0.012625916624332054
327.565,-0.004033332466376605
327.604,0.013351541807990383
327.643,-0.008194965064030642
327.682,-0.014562694082180722
327.721,0.0020727195799790294
327.759,0.0031966033230733555
327.798,-0.006921824062347217
327.837,-0.02912048510559357
327.876,-0.008050611313197417
327.915,-0.005060040640613447
327.954,0.01860944239235202
327.993,-0.0006132351700546082
328.032,0.012115536233130438
328.071,0.01893596290789735
328.11,-0.02675096538484845
328.149,0.01978515698359009
328.188,0.028433676676601807
328.226,0.007265455464901172
328.265,-0.01099229515978338
328.304,-0.0024938270083802293
328.343,0.00583260312271709
328.382,-0.0031311972012862833
328.421,0.023401297342257227
328.46,-0.02503788514002182
328.499,0.027153830277534728
328.538,-0.020669432708637515
328.577,0.013803256807533746
328.616,-0.025812070213817605
328.654,-0.0224580895963421
328.693,0.0034326092176580137
328.732,0.022362849127777494
328.771,0.01718913137797765
328.81,0.015069326580254942
328.849,0.030516282152287688
328.888,-0.0313063123995768
328.927,-0.02194734900745987
328.966,-0.001472902502359572
329.005,0.04175423264708161
329.044,0.0013542449224540004
329.082,-0.02591252867033269
329.121,-0.0021264936780668077
329.16,0.015948387622163572
329.199,-0.014629794785004632
329.238,-0.0033718588730925012
329.277,0.0019321692340138323
329.316,0.014758582438515518
329.355,-0.057027792748267955
329.394,-0.04198140523540808
329.433,0.0012246598613826964
329.472,0.030542022039662657
329.511,0.005549608504626144
329.549,0.010848301129293043
329.588,-0.024906521096522184
329.627,0.029930194483619943
329.666,0.0020043636942332693
329.705,0.03308996825473547
329.744,-0.007364006764101161
329.783,-0.0057935852888797955
329.822,-0.016795151153397875
329.861,0.00202059894764843
329.9,0.023224226994150037
329.939,-0.018716629091901266
329.977,0.01950889104824857
330.016,0.018943379730735604
330.055,0.022989766617790817
330.094,-0.022395241444059168
330.133,-0.01289681790722222
330.172,0.007410610919181746
330.211,-0.019022922535568684
330.25,-0.002061920345020559
330.289,-0.02500775117787278
330.328,0.008345699128787912
330.367,-0.010353799612825683
330.406,0.005790002202085195
330.444,-0.026288736653653777
330.483,0.004153741429539346
330.522,0.0019448699349785478
330.561,0.025554257213209544
330.6,0.016445820012217865
330.639,-0.018062862631507644
330.678,0.009472616505189355
330.717,0.012304976442044617
330.756,-0.005083564626731619
330.795,-0.0033530648833841204
330.834,0.012106673889059788
330.872,0.013335099442245627
330.911,-0.021084231713142772
330.95,0.0037611015083168753
330.989,-0.004164200313754649
331.028,0.052695171305475616
331.067,-0.01858414152543679
331.106,0.021629646128544323
331.145,0.021535297896851567
331.184,-0.0034930064254182257
331.223,0.002168758808119578
331.262,0.02333910075721026
331.301,-0.015392544421633111
331.339,-0.012703905367173366
331.378,0.01003812432720555
331.417,-0.004964711846636161
331.456,-0.014588685010015355
331.495,0.00855485556888837
331.534,0.026299074508171028
331.573,-0.005305250531462579
331.612,0.01949037769755665
331.651,-0.014693837158059669
331.69,-0.012427974586012854
331.729,0.004242017931719182
331.767,-0.005263672896697823
331.806,0.011252967441051623
331.845,-0.01704364438930415
331.884,-0.016898374555314257
331.923,0.005022422311425329
331.962,0.007021012204848436
332.001,-0.01723765269711305
332.04,-0.0030736034367291327
332.079,0.011093388091736926
332.118,-0.0007475651983778592
332.157,0.02505883775727904
332.195,0.009106008680479633
332.234,0.003469986901830561
332.273,0.0015179178060857257
332.312,-0.006506845778789794
332.351,-0.0025557865493688616
332.39,0.007110039784331282
332.429,-0.004913843409030383
332.468,-0.04531258794187113
332.507,0.003971826904320151
332.546,-0.009333423209658555
332.585,-0.027854366325335778
332.624,0.012609732423297663
332.662,-0.026090643306376025
332.701,-0.011197501124597352
332.74,0.0007276456317262467
332.779,0.030841488401027246
332.818,0.025296516334545913
332.857,0.003594317352794582
332.896,-0.0017900913248701704
332.935,0.00018141669550177965
332.974,0.010268343564456281
333.013,0.00014806307171346018
333.052,-0.002684939039956201
333.09,-0.01972624599787721
333.129,0.012049206965214328
333.168,-0.012260020544704969
333.207,-0.010382454930410097
333.246,0.012495677053828721
333.285,-0.009760930551495964
333.324,0.011455231205446371
333.363,-0.019410659378716937
333.402,-0.014832681480657346
333.441,0.0278622927310043
333.48,-0.027585406769085042
333.518,0.016554758229819954
333.557,-0.015477799399169528
333.596,0.035799752455778024
333.635,-0.0017579101916827527
333.674,0.0002271810961970485
333.713,0.002317480546669689
333.752,0.01051366851955743
333.791,-0.005620534092686941
333.83,0.04587683939604692
333.869,-0.010648627714350795
333.908,0.0056563405447538455
333.947,-0.014140796165671498
333.985,-0.0033732920403673258
334.024,-0.006106125079930516
334.063,-0.024445405041562108
334.102,0.034835888911291336
334.141,-0.04415731553354021
334.18,-0.0022592000792783958
334.219,0.008264357044582235
334.258,-0.008657784327239718
334.297,-0.049916145871113815
334.336,-0.0268685019055777
334.375,-0.013754004215840606
334.413,0.005872260221980708
334.452,-0.01572660821087401
334.491,0.014959088062436664
334.53,-0.0022599588617900103
334.569,0.014716906112383488
334.608,-0.00479437356028266
334.647,-0.017685503483511007
334.686,-0.0030510173404638603
334.725,0.024183409708741763
334.764,-0.01968050463750475
334.803,-0.04235953830018156
334.842,0.032801348273402336
334.88,-0.009833357224403582
334.919,-0.0038776511967611614
334.958,-0.013484692246890133
334.997,0.042584755855985666
335.036,-0.006615509701733403
335.075,-0.008205343387958247
335.114,0.024967166954913418
335.153,-0.0017438723263983715
335.192,0.017331397116970577
335.231,0.007937825750818178
335.27,0.011043571481424728
335.308,-0.01993637078912733
335.347,-0.026941859975038823
335.386,-0.006056439262125838
335.425,-0.014234953940569797
335.464,0.025381471651839457
335.503,-0.02756533458437435
335.542,-0.014855293619715926
335.581,0.00686446703958945
335.62,-0.014153059243057192
335.659,-0.00930842618249608
335.698,-0.03081188455995119
335.737,-0.02184570956264871
335.775,0.02830271823760066
335.814,-0.030643074629594876
335.853,0.016131396514278182
335.892,0.036534659407173
335.931,-0.025588323986953578
335.97,-0.017925426035793376
336.009,-0.006370925615124558
336.048,-0.011184770260893232
336.087,-0.019682551971985523
336.126,-0.00945893965249356
336.165,0.0017856826696360968
336.203,-0.012824096831131532
336.242,-0.03731048468023701
336.281,0.009928418144982356
336.32,0.002072582266402828
336.359,-0.03503226533744923
336.398,-0.023770940467682
336.437,0.011867793073158637
336.476,-0.042295919353134995
336.515,0.01416508951449819
336.554,0.0022549660519883895
336.593,0.028972544824646933
336.632,0.015327163741119644
336.67,0.0017556020170524638
336.709,-0.014691728328940449
336.748,0.0010021273320821172
336.787,0.015296814781956092
336.826,0.009063764511588211
336.865,-0.0039901859306433075
336.904,-0.025535486487925325
336.943,0.0017814860549541628
336.982,-0.010433101234272005
337.021,-0.02795251506476771
337.06,0.01223711764294426
337.098,-0.014562471880322678
337.137,-0.0005395165096824103
337.176,-0.00811529363500627
337.215,-0.017749791741786557
337.254,-0.006633469332480111
337.293,-0.023053363594534835
337.332,-0.008449379743478763
337.371,0.005173192841276486
337.41,0.015621029693446814
337.449,-0.0071304658183681145
337.488,-0.013594369679083243
337.526,-0.002701818489267947
337.565,-0.014154633690299429
337.604,-0.031138520201318177
337.643,-0.019881021737021127
337.682,-0.03160279346552816
337.721,-0.004563585616635474
337.76,-0.009448238335469329
337.799,-0.015419920260240878
337.838,-0.004489365847007434
337.877,-0.00994331002621706
337.916,-0.00679533348992158
337.955,0.0016139321984582368
337.993,0.00011172102778711328
338.032,-0.008359013896962933
338.071,0.04751176524499822
338.11,0.020499355149870446
338.149,-0.030043586461798305
338.188,0.008873142256538177
338.227,0.0050216031894249336
338.266,-0.014911428623038667
338.305,0.00394604561023029
338.344,-0.004144807645829711
338.383,0.00832086869602833
338.421,0.000357958543637028
338.46,-0.05125202430020822
338.499,0.016697980275569943
338.538,-0.015987557778517715
338.577,-0.00607743131328062
338.616,0.015597255690182152
338.655,-0.015143878211728072
338.694,0.020471127935158744
338.733,0.001930048425667595
338.772,-0.012233313470490944
338.811,-0.017435516154152474
338.849,-0.0040333285773890525
338.888,0.03098978246363074
338.927,0.014290823955520376
338.966,0.023768234544420633
339.005,-0.02757013820152513
339.044,0.031012517416378733
339.083,-0.021030468479280633
339.122,-0.01867714997658636
339.161,0.015197486337780763
339.2,0.014035735137050084
339.239,-0.008016783842030716
339.278,-0.0073948065116860775
339.316,-0.0021693536529886386
339.355,-0.01043982400282169
339.394,-0.012486332356908495
339.433,0.010336379361543762
339.472,-0.014825945934629492
339.511,0.020238434583419337
339.55,-0.0007687021280212525
339.589,0.01827175576579663
339.628,0.001009670224945481
339.667,0.017004893522692067
339.706,-0.0027503110616191448
339.744,-0.005216039461421507
339.783,-0.023249819419530717
339.822,-0.006049473750613847
339.861,-0.024409740089990924
339.9,0.035495261657225496
339.939,-0.015957659065504115
339.978,-0.021387646336936197
340.017,-0.0056887001585331325
340.056,-0.01940638750446872
340.095,-0.0321230498191773
340.134,0.009122433766674445
340.173,0.0024681078937360767
340.211,-0.0062736540997518405
340.25,-0.01566118862283417
340.289,-0.014429006006238882
340.328,-0.03262874678458017
340.367,-0.030659527248517074
340.406,0.003252713679824446
340.445,0.013241496709440345
340.484,-0.0013600110752863617
340.523,-0.005616866912513009
340.562,-0.0035483410793136563
340.601,-0.004648986423184332
340.639,-0.022560018579531767
340.678,0.010953969508960064
340.717,-0.008882039377803018
340.756,-0.021277607274185508
340.795,0.014451017813666762
340.834,0.009454508126443037
340.873,0.03951832682888591
340.912,-0.004966854659576204
340.951,0.012278147747872847
340.99,-0.024692223045271862
341.029,-0.004209408503544081
341.068,0.009570768927907343
341.106,0.01390821874719523
341.145,0.009061096018612696
341.184,0.025534395188911263
341.223,0.004613103652348082
341.262,0.016698108932491122
341.301,-0.025680296615584065
341.34,-0.01884375152270563
341.379,-0.006431615026376784
341.418,0.0077055646807857895
341.457,0.011914418807870867
341.496,0.011035072218640014
341.534,-0.011012589759157207
341.573,-0.01710932789301742
341.612,-0.025360547457112304
341.651,-0.0006589799136364064
341.69,0.009963364945764294
341.729,-0.00728454992847408
341.768,-0.03591455547091832
341.807,-0.020340166162097682
341.846,0.0026133328528875326
341.885,0.0003319363851528069
341.924,0.012028699420721389
341.962,0.022368778298384445
342.001,-0.017392496921502805
342.04,-0.010515542138062581
342.079,-0.00015495697539319106
342.118,0.015267249942370279
342.157,0.026939856781992073
342.196,0.007110100384272233
342.235,0.03791183433353365
342.274,0.016714580961431608
342.313,0.011476135860871008
342.352,0.010373183929549067
342.391,-0.002779369895621049
342.429,0.02314619449730977
342.468,0.0011027643579663128
342.507,-0.01958185052209583
342.546,0.013165398280005333
342.585,-0.01060219555575301
342.624,-0.015298292316440662
342.663,-0.012464296200458257
342.702,-0.026185570970504616
342.741,0.01022294589778094
342.78,-0.00255584652961311
342.819,-0.021426953260180487
342.857,-0.004799093043390777
342.896,-0.00962394710880755
342.935,0.022562663042361993
342.974,0.004994808049850713
343.013,-0.01737116140021491
343.052,0.0057868964206237525
343.091,-0.05174499201669141
343.13,0.012207884709280914
343.169,0.01808119976114416
343.208,0.008121811254663741
343.247,-0.004319107524063728
343.286,-0.007735263344473702
343.324,0.029507508577157233
343.363,0.0005418789083576538
343.402,0.03858306234311888
343.441,-0.020508944966464784
343.48,0.005185918128173819
343.519,-0.01079624280320006
343.558,0.0011201672335440418
343.597,0.010647736018311225
343.636,-0.015791554878287872
343.675,-0.013572069150912816
343.714,-0.014466286423816387
343.752,-0.025114569110073252
343.791,-0.013874239701750932
343.83,0.003069748615999273
343.869,-0.024930583246633643
343.908,0.011781463521587245
343.947,0.015745793869770257
343.986,0.03417333453169976
344.025,-0.0057939551897711
344.064,0.004795402540080859
344.103,-0.007723049399589021
344.142,0.015380237462275933
344.181,-0.002319347018848313
344.219,0.014867763218683482
344.258,0.0008234114373675775
344.297,0.028469526658712205
344.336,0.018653872569016863
344.375,0.016872086072240475
344.414,0.025891359045933773
344.453,-0.023018016920388053
344.492,0.006391648627033014
344.531,-0.00424870726314136
344.57,0.008543925033452885
344.609,0.037275134733982224
344.647,0.005908212391852555
344.686,-0.015682539767272442
344.725,0.01651224437393451
344.764,-0.01044616528412665
344.803,0.026151514439926637
344.842,0.0065683395696397575
344.881,-0.008855924575126555
344.92,0.0038040848544225233
344.959,0.01128826412353796
344.998,0.014421809454896205
345.037,-0.006302935890657443
345.075,0.027625917947569988
345.114,-0.0049201061995823225
345.153,-0.03629510297290564
345.192,0.024433206587466925
345.231,0.008532247852013277
345.27,-0.0074593033570486906
345.309,0.004731358905221789
345.348,0.002767379313890119
345.387,-0.004650908599646037
345.426,0.012191423663058493
345.465,0.012891565704613578
345.504,0.00583441661892021
345.542,0.013607697894212501
345.581,0.029841261147359455
345.62,-0.003457059610919881
345.659,0.023996981646586233
345.698,0.0001828903623145402
345.737,-0.0008620756922985851
345.776,-0.014041402451929866
345.815,-0.000384843591048515
345.854,-0.026625131598779404
345.893,-0.00021765779226977193
345.932,-0.018513095063222858
345.97,0.0034275703063385444
346.009,-0.0032075837082168033
346.048,-0.013158215666304937
346.087,0.011849942036742065
346.126,0.034129147290199544
346.165,0.03221572510725126
346.204,-0.012479729391897372
346.243,-0.007837319634395634
346.282,-0.02182770882755267
346.321,-0.012307677826165403
346.36,0.01879887219792266
346.398,-0.02370629070462295
346.437,0.0016055167766716439
346.476,0.032732672086214706
346.515,-0.013847393799823193
346.554,-0.019815717965938638
346.593,-0.024142670744797416
346.632,-0.02661622732869468
346.671,-0.02075627851727993
346.71,0.005472864916519694
346.749,0.003091216939698379
346.788,-0.005949435831600477
346.827,-0.011690246179560455
346.865,-0.0017054046876889251
346.904,-0.03799725735928971
346.943,0.00752416268498996
346.982,-0.006131659579389765
347.021,-0.009176620803132382
347.06,-0.027103640147121348
347.099,-0.015911451840396
347.138,-0.006623626412247946
347.177,0.007372318078936996
347.216,0.012896204739264023
347.255,-0.038784008198988494
347.293,0.006415320770453355
347.332,0.024791225660600994
347.371,0.01246976229197425
347.41,0.005022793744616753
347.449,-0.008695897381117857
347.488,0.008392566520517546
347.527,-0.0248500848169489
347.566,-0.02089356238261682
347.605,-0.01130364604357098
347.644,-0.04000770142615454
347.683,2.7259211643910694e-05
347.722,0.0384541570329353
347.76,0.018390229276713143
347.799,0.023827267229616172
347.838,-0.006440760836509202
347.877,0.017127836803818047
347.916,0.009021719372985952
347.955,0.017022940526989626
347.994,0.0030802601263280986
348.033,0.011152306183509942
348.072,-0.007023889917259033
348.111,0.0032230790446687303
348.15,0.0016617677653535156
348.188,0.01125674436849731
348.227,-0.030628354271868153
348.266,0.012497763228071387
348.305,0.023142447263992477
348.344,-0.022534549454826296
348.383,0.001658858517181147
348.422,-0.002891555823533834
348.461,0.021541375266448153
348.5,-0.05059482218037385
348.539,0.005415885937494305
348.578,0.007855484302698331
348.617,-0.003065028850049371
348.655,-0.021945615082247204
348.694,-0.004526831548719247
348.733,0.008144442316213972
348.772,-0.012633950618671804
348.811,0.015460769042302825
348.85,0.024051702454063403
348.889,-0.046984627542742824
348.928,0.012417878224151017
348.967,0.03906148423975545
349.006,-0.00882627700883748
349.045,-0.014182401266779956
349.083,-0.01983116421856257
349.122,0.022923381964742286
349.161,-0.004234222681742395
349.2,0.021324610633309905
349.239,-0.03359791450067692
349.278,0.023979405257123637
349.317,-0.01619066223036761
349.356,-0.028954254707308003
349.395,0.003637174568493131
349.434,-0.011827413857205551
349.473,0.01154712083417279
349.512,-0.0023050630903268896
349.55,-0.01932725220258474
349.589,-0.039277582755134904
349.628,0.010242059589256801
349.667,0.01802159224331342
349.706,-0.001804927299493865
349.745,-0.029967029594982007
349.784,-0.017352717145427618
349.823,0.018685959786029875
349.862,0.01324467547130566
349.901,-0.025412387065375956
349.94,-0.013922271276317065
349.978,-0.01017218078821298
350.017,-0.04623401397554164
350.056,0.028445822618523055
350.095,-0.0008313224016260386
350.134,-0.022324231336920547
350.173,0.03400416411470173
350.212,0.03237140056460485
350.251,0.013956553215773599
350.29,0.010953200972687224
350.329,-0.002930060003613375
350.368,-0.005431516489810574
350.406,0.057521416008740014
350.445,-0.025582040998337885
350.484,-0.030806120829536147
350.523,0.0320710736130661
350.562,0.0072444106859255895
350.601,0.002446551987932702
350.64,0.017548998207024373
350.679,-0.017696341722816457
350.718,0.04415374246942806
350.757,-0.011237734076446461
350.796,-0.015421249905567638
350.835,-0.006315116618210059
350.873,-0.02527647058365559
350.912,0.008159738229721356
350.951,-0.005105189084849922
350.99,-0.03588714628462711
351.029,-0.008316086149554092
351.068,0.002010591428021192
351.107,0.01772969521756458
351.146,-0.0127284540114618
351.185,0.016539745343439105
351.224,0.005772664788468922
351.263,0.0032421923887807147
351.301,0.006682591069305452
351.34,-0.006472095168359772
351.379,0.00982045638251139
351.418,-0.042071704281391974
351.457,-0.008289525543097231
351.496,0.000929924152223109
351.535,0.01828173078192325
351.574,0.005009818999708362
351.613,0.007556221180235209
351.652,0.01409586255636916
351.691,-0.010980262526073443
351.729,-0.02288674018963551
351.768,-0.014584620406821501
351.807,-0.015995386651532172
351.846,0.031315720869617564
351.885,-0.021829100636586555
351.924,0.012958744023485128
351.963,-0.005461621054464575
352.002,0.0025305423616169293
352.041,-0.029990007475726572
352.08,0.016929064625303546
352.119,0.026486288179516915
352.158,-0.028494449115157635
352.196,-0.020839738083812454
352.235,0.0018216837329586007
352.274,-0.010002452341542333
352.313,-0.017662571125622747
352.352,0.011236137277279422
352.391,-0.013943126833290773
352.43,0.017769476548185215
352.469,0.011791411341493927
352.508,0.000524601882016881
352.547,0.020995274665412476
352.586,0.0030299771100814705
352.624,0.004936508201329718
352.663,-0.008397170966470698
352.702,-0.013194497427189273
352.741,-0.02934003116100604
352.78,-0.01443491145570176
352.819,-0.013679926739145365
352.858,-0.013644329897666584
352.897,0.040446036775643276
352.936,0.021983262656509732
352.975,-0.0013482922500842576
353.014,-0.039014669019037246
353.053,0.03750181346403449
353.091,-0.012490299796444036
353.13,-0.02878090078413232
353.169,-0.004336880420364939
353.208,-0.012280713760909518
353.247,0.00987867494511264
353.286,0.006936848041210178
353.325,-0.03130540825306403
353.364,0.005665687167211594
353.403,0.005041409864941295
353.442,-0.026452414414637682
353.481,-0.01931540586759656
353.519,0.028505962251199928
353.558,-0.03183244642816909
353.597,-0.002950312802564175
353.636,0.005703303147898008
353.675,0.002535520087437124
353.714,0.012707533975293504
353.753,-0.012344091620711681
353.792,0.00023217065944952956
353.831,-0.005229213824847362
353.87,0.03322891317608581
353.909,-0.00246618344688671
353.948,0.021312720389803683
353.986,0.012711182299177521
354.025,-0.023805209259246132
354.064,-0.03184568879653117
354.103,0.041517077608369014
354.142,0.027263619942763898
354.181,-0.004986295280664965
354.22,0.025952051946184142
354.259,-0.004390084963023364
354.298,-0.02657166062269664
354.337,0.010653556370142158
354.376,0.025464383629732745
354.414,0.021603080915650424
354.453,-0.0019601823693803453
354.492,-0.0018258796432426352
354.531,0.013532678853268707
354.57,0.032823987468135675
354.609,-0.006840715199745074
354.648,-0.006454391604214812
354.687,-0.001338798457225246
354.726,0.0024894441559280556
354.765,0.03826760474555304
354.804,0.05238042837153764
354.842,-0.010768160324361665
354.881,0.012459125039866919
354.92,0.031229994097190718
354.959,-0.007391525345213298
354.998,0.010188291235882673
355.037,0.019139520844172683
355.076,-0.012252465138118196
355.115,-0.01536550113536722
355.154,0.00638110166729593
355.193,-0.005782235675124363
355.232,-0.006432216878508465
355.271,-0.025627298866343327
355.309,-0.0064476172712322035
355.348,0.0040629213174328905
355.387,-0.024557219338277553
355.426,0.004214045656579474
355.465,0.005428306270712181
355.504,0.012859525569450544
355.543,0.03202472895194486
355.582,-0.03183106190983501
355.621,-0.013706439053514138
355.66,-0.016173786823362724
355.699,-0.003163322226315397
355.737,0.0006631537195653462
355.776,0.026818653859396545
355.815,0.025368418131846794
355.854,-0.003432400313775435
355.893,-0.0013712149427251713
355.932,0.03194996799535577
355.971,0.01423536741633253
356.01,-0.024571582545222827
356.049,0.04015081623634156
356.088,-0.0011373800918399544
356.127,0.041570824377031336
356.166,0.005424591628754718
356.204,0.008499197954665843
356.243,0.016889536014989617
356.282,-0.0029902442085683115
356.321,0.01601066038368689
356.36,-0.008078138300274297
356.399,-0.017246605591631728
356.438,0.026371878072567724
356.477,0.00873353561617357
356.516,-0.004199555538609715
356.555,-0.008272531727984823
356.594,-0.01642510199665469
356.632,0.007202122629188618
356.671,-0.014337635513619981
356.71,-0.005920401212188929
356.749,-0.008915847984759438
356.788,0.019558491050549534
356.827,0.002951617955394596
356.866,0.012138957896526806
356.905,0.01177916296478192
356.944,0.017009310599117457
356.983,-0.0173904394145616
357.022,0.011261435629236488
357.061,-0.0322845247523435
357.099,0.0011919984328193824
357.138,0.010668557181259548
357.177,-0.00037846318147858465
357.216,0.0009490236295801808
357.255,-0.012903757786501494
357.294,0.00648674722875074
357.333,-0.024570317939655965
357.372,0.0029947974048191803
357.411,-0.04916340815028961
357.45,0.010767734264688722
357.489,-0.011621016380698956
357.527,-0.00922494808459973
357.566,-0.025352243748805816
357.605,0.004396179740899633
357.644,-0.0161209797864412
357.683,0.0006935960925718108
357.722,-0.03424496854173678
357.761,-0.029362911810361422
357.8,-0.005657333060127092
357.839,0.006325867379016772
357.878,0.009965928960377847
357.917,-0.0047842277573539
357.955,-0.007459883026766383
357.994,-0.016643111760104495
358.033,0.04066315918862697
358.072,0.015747368179785247
358.111,0.023124830823489543
358.15,0.008699227216490787
358.189,0.03085373338985732
358.228,-0.028334502642531206
358.267,0.04892036965656549
358.306,0.011174796075476388
358.345,0.0059965237683098395
358.384,0.02429040939130502
358.422,0.01463571578896991
358.461,-0.006872939749187789
358.5,-0.005156589942494105
358.539,-0.0059990432656008685
358.578,-0.027896861433148328
358.617,-0.02143715569097667
358.656,0.0012919771338336626
358.695,0.024688760108416
358.734,0.03936361113359212
358.773,-0.03023926136623474
358.812,0.0044413269457719996
358.85,0.009146838433702537
358.889,-0.010275108815494736
358.928,-0.005288709797282236
358.967,-0.033773561978494016
359.006,-0.006057257206981062
359.045,-0.02770312775607363
359.084,-0.005550798921466959
359.123,0.026985601795822087
359.162,0.009068044808024112
359.201,-0.028798091491637205
359.24,-0.021441135362466127
359.279,-0.008946424427089124
359.317,0.009787459757884906
359.356,-0.0030980538833079354
359.395,0.017473572060040906
359.434,-0.031199568527319838
359.473,-0.017710078847041847
359.512,0.005061106928890813
359.551,0.009168749759070085
359.59,0.025197112628669964
359.629,0.00679161475321524
359.668,0.013694658540746366
359.707,-0.012584818617669805
359.745,-0.0011164642156053593
359.784,-0.012356376878493487
359.823,-0.03234358611163613
359.862,0.012695827922463288
359.901,-0.01141641339369253
359.94,-0.007247035098136087
359.979,-0.011235336201253878
360.018,-0.032565255441879715
360.057,-0.007426585443270109
360.096,0.05213740867051507
360.135,-0.02646427760012556
360.173,0.013439138940389601
360.212,-0.030310847580736093
360.251,-0.005882033899616412
360.29,-0.01694097644514242
360.329,0.011103302810432083
360.368,-0.022144873650518544
360.407,-0.004507895882301539
360.446,0.009532084718042509
360.485,-0.013919069935853696
360.524,0.014205093095806517
360.563,-0.04859704010529579
360.602,-0.014155351078329693
360.64,0.01230350857677584
360.679,0.011577204777623869
360.718,-0.04278981635136396
360.757,-0.001750608561472189
360.796,-0.0067447409737035995
360.835,0.007785187148333332
360.874,0.021226097583446932
360.913,-0.05479104559678609
360.952,-0.02151769978773021
360.991,-0.00610624651273301
361.03,0.07233525815055294
361.068,-0.02272256122912802
361.107,0.03218040982209097
361.146,0.013208009390848891
361.185,0.0012968130435509137
361.224,-0.008449841662968858
361.263,-0.013844727063806888
361.302,0.00691955709778987
361.341,0.006690609604987043
361.38,0.0008336357823620737
361.419,-0.024080054382161042
361.458,-0.015526620038856114
361.497,0.01535843397053546
361.535,0.044686991989270564
361.574,0.048710986570939516
361.613,-0.013271134590276647
361.652,-0.03536079447999269
361.691,0.0016208410983634264
361.73,-0.028042066603233433
361.769,-0.009928893729268555
361.808,-0.011314666598837548
361.847,-0.004508685955337334
361.886,-0.023913349436163266
361.925,-0.030254823756317953
361.963,-0.009601098535433478
362.002,-0.020012865175981116
362.041,-0.014167172160172853
362.08,-0.029195772028501644
362.119,0.016748709446548687
362.158,0.0071149864613402666
362.197,-0.023102631827692434
362.236,0.013731430363390112
362.275,-0.020179177669511883
362.314,0.0009043331971971451
362.353,0.011355957706593848
362.392,-0.020217744007726916
362.43,0.026993624667824782
362.469,-0.007443430605259753
362.508,-0.003760832311219685
362.547,-0.022399164244903708
362.586,0.008121069514288785
362.625,-0.007459636631681151
362.664,-0.007109872077568392
362.703,-0.035736251709531326
362.742,0.014152042724419655
362.781,0.018312908507235586
362.82,0.013460973034131168
362.858,-0.0007817401003651671
362.897,-0.004062033180968015
362.936,-0.02032828963930964
362.975,-0.002186349033154534
363.014,-0.009389998923780635
363.053,0.031419035592354594
363.092,-0.034911173245049214
363.131,-0.012026876807194296
363.17,0.008440967691219744
363.209,0.023135041889991353
363.248,0.017582138391018996
363.286,0.002015356333019126
363.325,0.002457068401542248
363.364,0.01506790051316326
363.403,-0.005844628772081603
363.442,-0.004590569204988711
363.481,-0.017630685877938118
363.52,-0.0438440143467362
363.559,0.03372866517233956
363.598,0.011739265667916596
363.637,-0.015536991143589984
363.676,-0.015763724083518168
363.715,0.008004348071734942
363.753,0.014657009388332167
363.792,-0.00607851253207848
363.831,0.016175343778075186
363.87,-0.050617965704611724
363.909,-0.04182862974427374
363.948,-0.005892487426282653
363.987,0.029201294839846747
364.026,-0.031387285883438816
364.065,0.004475120660432701
364.104,-0.01845038576233008
364.143,0.011913977719587052
364.181,0.048736332234088936
364.22,-0.03465856399958328
364.259,0.025840606304877556
364.298,0.027251585419578055
364.337,0.005412909858636893
364.376,-0.002883053541481952
364.415,0.0044598223730777115
364.454,0.0018034834627566176
364.493,-0.01216506176998208
364.532,0.025958579965530693
364.571,-0.017683718570626446
364.609,-0.00456862075137582
364.648,-0.008499222209250371
364.687,-0.01174534703737627
364.726,-0.03481325417816382
364.765,0.031224397878138944
364.804,0.06620781055734905
364.843,0.0124588230983579
364.882,-0.008962513244385403
364.921,0.014179250727180615
364.96,-0.009204582304523026
364.999,0.011471548299975143
365.038,-0.02898553278100486
365.076,0.01487988772011915
365.115,0.0015492425114291795
365.154,0.0034363192248310775
365.193,-0.03767875801633939
365.232,-0.019146801234328104
365.271,-0.02540323740029158
365.31,-0.002350180279189094
365.349,0.008821942887313307
365.388,0.025137195331086586
365.427,0.03895144651898835
365.466,0.003826463640040496
365.504,0.004385088809769674
365.543,0.0016237544443649117
365.582,0.011139239292398328
365.621,-0.0008740361993219287
365.66,0.04749243587265227
365.699,-0.018228317275118727
365.738,0.0034402163476143807
365.777,0.01727045487357113
365.816,0.018545391709832697
365.855,-0.01970969474116769
365.894,0.011849474060780239
365.933,0.017214534641861415
365.971,-0.030192420859763307
366.01,-0.0029108929592745504
366.049,-0.0194420620290264
366.088,0.03590813224084089
366.127,-0.024744578299069727
366.166,0.01241400213800833
366.205,-0.013157768271359754
366.244,0.01675544067378575
366.283,0.0028329845462107097
366.322,0.006158016328158116
366.361,-0.016851301324796755
366.399,-0.01644055847455767
366.438,0.001949756746481083
366.477,0.03097313143806813
366.516,0.0038844117830189855
366.555,0.034530215013215314
366.594,0.01752723965467915
366.633,-0.022966793433045092
366.672,0.009985644162783629
366.711,-0.015865226450938272
366.75,0.019439326290911038
366.789,-0.011299627977194075
366.828,0.013014721245020032
366.866,0.03289248400866162
366.905,0.021382942363503462
366.944,0.04276225595629701
366.983,0.002017933678261338
367.022,0.006863923540099956
367.061,0.028829890355101008
367.1,-0.012580023614126057
367.139,-0.0009895494541904387
367.178,0.015450181155329428
367.217,-0.006837883666856746
367.256,-0.03476523989658411
367.294,-0.0013459387303685938
367.333,0.0053975162889940195
367.372,0.005951199510772348
367.411,-0.04376521692910887
367.45,-0.02286661553532722
367.489,0.010451003403689414
367.528,0.02569851887873425
367.567,0.011187870009741667
367.606,0.03494234490273918
367.645,0.01262363952110775
367.684,-0.004674005056793161
367.723,0.01861655364537273
367.761,-0.01905499756844429
367.8,0.02742375477370149
367.839,0.0031371374233766045
367.878,0.00492789658369133
367.917,0.005569133050670885
367.956,-0.006592996369383025
367.995,0.008714628609394887
368.034,-0.014666367299553756
368.073,-0.01412168260958752
368.112,0.004154247722946242
368.151,-0.0009869408054333853
368.189,0.037817787477269334
368.228,-0.03245636395817766
368.267,-0.036489822356429065
368.306,0.03176419576482089
368.345,-0.008247449068061387
368.384,-0.003204233897846671
368.423,-0.021420692642923456
368.462,-0.03625387286869167
368.501,0.023716522823231626
368.54,-0.01179153504921864
368.579,-0.010098097794751008
368.617,-0.006445790721802441
368.656,-0.019046085137754437
368.695,0.020153379984140823
368.734,0.029508789106523124
368.773,-0.0068359017722455055
368.812,-0.0017046798681670822
368.851,-0.006066723485010684
368.89,0.009070528897778235
368.929,-0.0059186185064995745
368.968,0.02864900045751994
369.007,0.012234060544820718
369.046,0.004767825851399726
369.084,-0.010441843975525097
369.123,-0.027837747040183373
369.162,0.02611049669097175
369.201,0.011646560389819769
369.24,-0.01763027674118317
369.279,0.019030804239321155
369.318,0.01274947207413589
369.357,-0.016859812244662438
369.396,-0.015486853836285251
369.435,-0.011289789348487348
369.474,-0.007810925506799666
369.512,0.010618342414631143
369.551,0.00027411908897652035
369.59,0.0009061371680371289
369.629,0.001768736296612514
369.668,0.005239259943380597
369.707,0.004605452212495002
369.746,0.029021098651143655
369.785,-0.013369897686628381
369.824,-0.021188292082506374
369.863,0.00260493925303078
369.902,-0.039544931774701475
369.94,0.024737401290492338
369.979,-0.011949924423433369
370.018,-0.003267408354701044
370.057,0.032822207833317935
370.096,-0.03841488635463657
370.135,0.017352770999206672
370.174,-0.007209304455942081
370.213,-0.0031497846227042884
370.252,-0.0019470963973445025
370.291,0.018411737829358496
370.33,0.0034564917373844243
370.369,-0.025656901935778118
370.407,-0.006762422016789695
370.446,-0.033885826571296476
370.485,0.060511112782664384
370.524,0.021023378909217447
370.563,0.001267950857058572
370.602,-0.02420450809023885
370.641,-0.014766658520513403
370.68,0.02868350325603897
370.719,0.006491443883020927
370.758,0.019039531718381946
370.797,0.010891521133254636
370.835,0.019104880075268966
370.874,0.00017704391599508723
370.913,0.026453176522220026
370.952,-0.0014093066244897073
370.991,-0.02028753450970667
371.03,0.050827924070589475
371.069,-0.004874461206714921
371.108,0.02786587544123468
371.147,0.003156540997977547
371.186,-0.007023649284573334
371.225,-0.04130631902932519
371.264,0.02480598474444737
371.302,-0.013564167352264542
371.341,0.004356782063081177
371.38,-0.026415202879965575
371.419,0.0067752393617147195
371.458,-0.0005586087076757239
371.497,0.0002354625874416219
371.536,0.02963511364176597
371.575,0.0005833992719474438
371.614,0.021276944049106183
371.653,-0.02628201340472302
371.692,0.0023629032098921956
371.73,0.00975640151775149
371.769,-0.01615711933968114
371.808,0.017528070964647972
371.847,-0.0015179779576879899
371.886,-0.03523441618531971
371.925,-0.021200025746183314
371.964,-0.03252753881037156
372.003,-0.02913180800784424
372.042,-0.004566132999864917
372.081,0.009073486885740344
372.12,0.030459590979156716
372.159,0.021984136684175457
372.197,0.012125592308687587
372.236,-0.029021828172272487
372.275,-0.0066277431696509514
372.314,-0.0030595996817933332
372.353,-0.032928779553996035
372.392,-0.01688602441258958
372.431,0.01611169956188986
372.47,0.024016104676292872
372.509,0.002477973957887099
372.548,0.014035773150216316
372.587,-0.014340366451845353
372.625,0.015451068511429283
372.664,-0.0011602295532618535
372.703,-0.010381244304162467
372.742,0.030432844031498825
372.781,-0.04694742971982645
372.82,-0.0010545397192436474
372.859,0.03969993897049689
372.898,0.02689210389507797
372.937,-0.002500487227285901
372.976,0.03091246212915866
373.015,-0.009142859976147302
373.053,-0.022960499536908627
373.092,-0.015776625108502376
373.131,0.015294456606498107
373.17,0.026972840079592556
373.209,-0.019738445331205
373.248,0.0034551508352402742
373.287,0.018183839226768504
373.326,0.007713879810620445
373.365,-0.04253585613549943
373.404,0.006077837842388098
373.443,0.004617167108350886
373.482,-0.008435546045990457
373.52,-0.005101067495735533
373.559,0.008920151549225935
373.598,-0.017637585404414916
373.637,0.021254125102940755
373.676,0.014484268893301441
373.715,0.0025124459011960807
373.754,-0.002494359167973617
373.793,-0.017612809807821848
373.832,-0.0025505730354947872
373.871,0.054275115728958094
373.91,-0.014176393640959347
373.948,-0.01861143031335226
373.987,0.016787299099989453
374.026,0.0318190938183842
374.065,-0.008235930228130678
374.104,0.015019980965295415
374.143,-0.0012410795392940614
374.182,-0.013573363098434547
374.221,0.005459593192126851
374.26,0.005812647304148122
374.299,-0.010501250725089036
374.338,-0.015447686467023877
374.377,0.004941689118308847
374.415,-0.03785172100766747
374.454,0.043082656335080745
374.493,0.015220373053633838
374.532,0.024882518893043187
374.571,0.015622404221154608
374.61,0.015353141551907605
374.649,0.002316435840970509
374.688,0.016179763170322797
374.727,-0.014975995706243892
374.766,0.028279557719858062
374.805,-0.010079018845214206
374.843,-0.00952006630765993
374.882,-0.05744557433889841
374.921,0.030923928235647147
374.96,0.013476949649020744
374.999,0.02242451238843078
375.038,-0.040905527698951866
375.077,0.022425863110980226
375.116,-0.01707863067588273
375.155,0.006193910799692541
375.194,0.0228124191752002
375.233,0.006753867374163308
375.272,-0.01951409543716634
375.31,0.0025000701587359958
375.349,0.011660382018327876
375.388,0.04736144683674199
375.427,0.003387905720727358
375.466,0.009060300946249827
375.505,-0.021186600360729065
375.544,0.01785178680162512
375.583,0.0019599365406240948
375.622,-0.03804981856494395
375.661,0.007118335186216209
375.7,-0.02639884047331066
375.738,-0.024990388486170245
375.777,-0.053526760198702825
375.816,0.006290145439686808
375.855,-0.025576015790880525
375.894,-0.008963910554996114
375.933,0.018887817079436278
375.972,-0.028355397835267943
376.011,0.0032647210158139386
376.05,-0.00790738780857158
376.089,-0.02232085665203651
376.128,-0.016003334451081954
376.167,0.02650522839295067
376.205,0.012798908045880793
376.244,-0.0020060649213669967
376.283,0.008654502956212387
376.322,0.04913451743429195
376.361,0.03700460823745591
376.4,-0.0008223439842054018
376.439,-0.009738777413926645
376.478,-0.03170905912601556
376.517,-0.011601169644087517
376.556,0.014029737179159008
376.595,-0.005585860788013049
376.633,0.0015515714501449021
376.672,-0.004462206093460803
376.711,-0.0016259920351763507
376.75,-0.007480686595796476
376.789,0.012929790367010023
376.828,0.020103406288702656
376.867,-0.016239787587444897
376.906,-0.03299628917282349
376.945,-0.024569068995953628
376.984,-0.005722166490364961
377.023,-0.004389970580718638
377.061,0.007644620716201039
377.1,-0.008025115954810404
377.139,0.007289177208433021
377.178,0.0035678826190507157
377.217,-0.030785624749533055
377.256,0.024249197841911735
377.295,0.012291941328410216
377.334,0.0013670815874499368
377.373,0.026494304388566182
377.412,0.010876780368123423
377.451,0.010727037028865327
377.49,0.007651766923797389
377.528,-0.029970176379226
377.567,0.017478360308494756
377.606,0.01691480561930887
377.645,0.007610576274358259
377.684,-0.005867130404878722
377.723,0.008718244030164746
377.762,0.008588720077381012
377.801,-0.015531890247352373
377.84,0.03456213461604256
377.879,0.008503451724161292
377.918,-0.011746287371011035
377.956,-0.011137157729426257
377.995,0.000487895295042836
378.034,-0.004318317294960367
378.073,-0.029012816941467866
378.112,0.025989041424025167
378.151,-0.007890294805492915
378.19,0.00349392257985759
378.229,0.041545192508452775
378.268,-0.02541896972316777
378.307,-0.0006475344207722347
378.346,0.007580061386790902
378.384,0.019288797939149123
378.423,-0.014737048600712545
378.462,0.013661619712359477
378.501,0.0100643865637676
378.54,0.015544471000406929
378.579,-0.01518070444896552
378.618,-0.04234730020850058
378.657,-0.00371598389237251
378.696,0.023940199328509257
378.735,-0.0180295956570683
378.774,-0.026835240444793428
378.813,0.023299537195435677
378.851,0.03031512042436183
378.89,0.005507237295139582
378.929,0.031002760239171645
378.968,-0.0061061603261610125
379.007,0.024754547416231402
379.046,0.007022397249161715
379.085,0.0066608334709760166
379.124,-0.02246736645849243
379.163,0.0039644133158703515
379.202,0.0062064119407447245
379.241,-0.02587981563088506
379.279,-0.015817173968618342
379.318,0.0006277267790395259
379.357,0.014162300215774856
379.396,-0.010184559052862986
379.435,0.010881037469515522
379.474,-0.007463456773839925
379.513,-0.008202990854367676
379.552,0.0333508337687827
379.591,-0.02812353842610475
379.63,-0.01565964363782698
379.669,0.0012295343884223642
379.708,-0.007432038102583425
379.746,0.034156308358647386
379.785,-0.012343532542235764
379.824,0.031046004841314926
379.863,-0.0190254662104686
379.902,0.016351197861589017
379.941,0.020910916275856957
379.98,0.017428493728738115
380.019,-0.0009949761077030442
380.058,0.0036642646876700047
380.097,0.031220734005532963
380.136,0.022584263490544956
380.174,0.018014401835017107
380.213,0.016727701727630197
380.252,0.006498492340698977
380.291,-0.008348712060747504
380.33,0.033373271646979515
380.369,0.006845431090268896
380.408,-0.01944136250036845
380.447,0.05329744975133117
380.486,-0.01040852700735257
380.525,-0.018701331861243082
380.564,3.6435289687540475e-05
380.603,-0.0019825184603664055
380.641,-0.000782776839092619
380.68,0.008231531492047053
380.719,-0.008236337303991394
380.758,0.020796833629865858
380.797,-0.004297109464571233
380.836,-0.017300483906873946
380.875,0.0076972867966952005
380.914,0.009109526196510152
380.953,-0.01898637684409922
380.992,-0.011487911738164332
381.031,0.016587598200245794
381.069,-0.007255922314462275
381.108,0.016938840483773775
381.147,0.007532840270115639
381.186,0.053919118558815746
381.225,0.012019024560462594
381.264,0.017597647832537134
381.303,-0.01138254008970006
381.342,-0.026988638034907912
381.381,0.010819351542834602
381.42,0.015075511992401817
381.459,-0.00398244586408858
381.497,0.011915709414512178
381.536,0.005957521728405526
381.575,0.023702463755916607
381.614,-0.014389417388741034
381.653,-0.02155658680551666
381.692,0.03518182623172223
381.731,-0.019162740801496887
381.77,-0.004943946469904965
381.809,0.013518536219756764
381.848,0.002826153803734136
381.887,-0.001360023675842665
381.926,0.013896631011551235
381.964,-0.0031477030068908078
382.003,-0.05368439789133059
382.042,-0.0056356482690106515
382.081,-0.030176119581726366
382.12,-0.032909257710024634
382.159,0.010883989621029794
382.198,0.011347069622152425
382.237,0.036433576554043154
382.276,0.020943098887390536
382.315,-0.0031850025826657725
382.354,0.02938011999866145
382.392,-0.007063811041405094
382.431,-0.008788366300393636
382.47,0.008766271395897014
382.509,-0.0060362603856781135
382.548,-0.007843389730641472
382.587,-0.008651363457650166
382.626,0.01286106660367818
382.665,-0.01841258454004365
382.704,0.052080021205794115
382.743,-0.029982715908666843
382.782,-0.01420891923482902
382.82,0.01022655258242816
382.859,-0.004564534781564408
382.898,0.013470109366306895
382.937,-0.027162003802682775
382.976,-0.004278226109715976
383.015,-0.0010675190906412366
383.054,-0.014280086131656001
383.093,-0.03301132057379111
383.132,0.006701246975804796
383.171,-0.0031615426503262
383.21,0.02377525219586362
383.249,0.017595755665344402
383.287,-0.0368714948774327
383.326,0.0434751547355883
383.365,-0.004630945851053088
383.404,-0.014648615828392168
383.443,-5.547478157669639e-05
383.482,0.04282214238521043
383.521,-0.017841964045711943
383.56,0.005387120163513386
383.599,-0.008143542142566504
383.638,-0.014452541534186802
383.677,0.001629142793552937
383.715,-0.019586851490120405
383.754,0.016785599240155064
383.793,-0.024184950280573388
383.832,0.028359839164948556
383.871,-0.03134178231535716
383.91,0.03824245793301663
383.949,-0.03643358356117306
383.988,0.019853841469150472
384.027,0.0009026941032303087
384.066,0.02430297867473886
384.105,0.03200492727535744
384.144,0.016731018721692
384.182,0.035627000828149354
384.221,0.013055470535600779
384.26,0.021282402552289626
384.299,-0.036493867540904355
384.338,-0.001914859001349363
384.377,-0.02619734399442726
384.416,0.01625162523245377
384.455,0.010704850287025261
384.494,-0.011421701916221383
384.533,-0.026301705482401024
384.572,-0.03194804589396983
384.61,-0.009744061321740405
384.649,0.004350375235428448
384.688,0.00025071011443763766
384.727,0.008858570648000722
384.766,-0.016859915318572304
384.805,0.0064147922915573675
384.844,-0.011001667212363028
384.883,-0.028671443447593672
384.922,0.0074002330554078614
384.961,-0.013452403026166682
385.0,-0.003214418167574145
385.039,-0.03075464725560241
385.077,-0.030560898243253747
385.116,0.01852674918428199
385.155,0.023667296920963494
385.194,0.0023979112846045708
385.233,-0.002640129457493877
385.272,0.021823052214795143
385.311,-0.011323926895722168
385.35,-0.024929775079238853
385.389,-0.02791449474272595
385.428,0.05337908051342262
385.467,0.027607711825925033
385.505,0.013898539828367872
385.544,0.02810914213807931
385.583,0.009762034654021727
385.622,-0.009938621676757894
385.661,0.03045115155349417
385.7,0.013755644359836765
385.739,0.024210972365674058
385.778,0.013732310454884144
385.817,-0.009728362146122441
385.856,0.01124721168635794
385.895,-0.01932954658383351
385.934,0.00022974140425198984
385.972,0.027590085845141967
386.011,-0.012892295110797973
386.05,0.0013676826573585897
386.089,-0.00972623491855901
386.128,-0.016936466572057503
386.167,-0.012994067885377731
386.206,-0.0033704436692991746
386.245,-0.0022482880880375557
386.284,0.005411264984962543
386.323,0.034567227259501274
386.362,-0.01891640218748941
386.4,-0.00023381363093940167
386.439,-0.007381661537400903
386.478,0.0034582773501615587
386.517,-0.011468168095674598
386.556,0.03977315244774071
386.595,0.025752817162056768
386.634,0.004353830516400431
386.673,0.007005584130741989
386.712,0.0059326168679259255
386.751,0.00910657866138384
386.79,0.030565666836404624
386.828,-0.012099707768337204
386.867,-0.016105961055485733
386.906,-0.00497391569381933
386.945,0.01617500226347721
386.984,-0.008966458101342412
387.023,-0.023788950569464853
387.062,0.02803451854017311
387.101,-0.0015705911258600685
387.14,-0.0269528309754151
387.179,-0.024575298869230818
387.218,0.0077534196522741385
387.257,-0.0023647273218421498
387.295,0.0035202197932001937
387.334,-0.02362552971375584
387.373,0.0399989471605285
387.412,0.008818248013432742
387.451,0.01012570758870379
387.49,-0.008486400700399983
387.529,-0.012073423056603836
387.568,-0.01577609009723047
387.607,0.01129266497466325
387.646,0.016396965674854016
387.685,-0.01056330432975558
387.723,-0.02739396224611139
387.762,-0.040454863985800366
387.801,0.02887599064197834
387.84,-0.009559346521278418
387.879,0.0024278003834634354
387.918,-0.004089688924930567
387.957,0.00026163838853780416
387.996,-0.000227975928453205
388.035,0.02943789500049597
388.074,-0.02783127929560302
388.113,-0.019532422677595772
388.152,0.032175983063707655
388.19,-0.008743956822971409
388.229,0.019502532292053443
388.268,0.019628691315127778
388.307,0.019568704994406317
388.346,0.0012651977141685626
388.385,0.007829137438713211
388.424,-0.002922160083625235
388.463,-0.023150149390691797
388.502,0.0013196579460068181
388.541,-0.0024805803729840777
388.58,0.04036063942944346
388.618,0.010651794912536925
388.657,0.008897405704134779
388.696,0.002374915245482238
388.735,0.0054150526231769094
388.774,0.031128921268556115
388.813,-0.010268396592427238
388.852,0.021060548279901788
388.891,-0.04441837220164156
388.93,0.017026630366555086
388.969,0.01607171491395478
389.008,0.026066801183221085
389.046,0.025815436624244924
389.085,-0.013003901911409209
389.124,0.0019520453944684062
389.163,0.010152787410908852
389.202,0.007536823013929557
389.241,-0.009458787964008765
389.28,0.018978851957846425
389.319,0.01768545606879809
389.358,0.01787893585535801
389.397,0.008028370999417533
389.436,0.020155209239812195
389.475,0.02295719851245069
389.513,-0.010063934368178675
389.552,0.005279722037273407
389.591,-0.014604789810165721
389.63,0.0052801385053429205
389.669,-0.001310118515971296
389.708,-0.00969114470602274
389.747,0.020399333549323266
389.786,-0.009052141476915047
389.825,-0.009670574884317157
389.864,-0.01279716353779069
389.903,0.0014231536580457645
389.941,-0.011276942914161816
389.98,-0.0017363095706900864
390.019,0.005602602599968337
390.058,0.020298916491701482
390.097,-0.027343127009925226
390.136,0.009465848200421467
390.175,-0.00679227926430386
390.214,0.021601968702198424
390.253,-0.04698567249959899
390.292,-0.012233660240748723
390.331,-0.0054533617196250985
390.37,0.025621757403789674
390.408,0.02886034949936632
390.447,-0.003593352038530112
390.486,0.0025690445188719605
390.525,-0.005171852228872602
390.564,0.0005422498944505617
390.603,-0.01577283994203192
390.642,-0.02689792181781945
390.681,0.011088313467043632
390.72,-0.01615316737631842
390.759,-0.04045105870333561
390.798,0.012017223783392402
390.836,0.013642636861607785
390.875,-0.004773631699633571
390.914,-0.020351584507562023
390.953,0.0011505128891182298
390.992,0.002067814639107551
391.031,-0.0057016873623447475
391.07,0.055023693123265646
391.109,0.010574998673523264
391.148,-0.02550393789517739
391.187,-0.007582384826317425
391.226,0.018033111794264804
391.264,0.013384605492784035
391.303,0.0034768414111245507
391.342,1.965646359878767e-05
391.381,0.012318415996459019
391.42,-0.019205488979922695
391.459,-0.01000117400678003
391.498,-0.006723052298431427
391.537,0.023627800841685902
391.576,-0.04395473258295106
391.615,-0.018640011986975423
391.654,0.040844066112197965
391.693,-0.012262104390035264
391.731,-0.020348697936373304
391.77,-0.031152252425322463
391.809,0.0035639448821396507
391.848,-0.013469339560868867
391.887,-0.0024441693049049177
391.926,0.021101578226956207
391.965,-0.023172819145638693
392.004,-0.008399438074463675
392.043,0.009909205045300643
392.082,-0.0009700550112475435
392.121,-0.020067061483046586
392.159,-0.02174161300201405
392.198,-0.028441706136982776
392.237,0.01426876322793882
392.276,-0.018666384366165058
392.315,-0.01013397208997827
392.354,-0.018160895020576957
392.393,0.010852165140694736
392.432,-0.03515600575090471
392.471,0.014918790998789386
392.51,-0.024439580496124068
392.549,-0.004333726270781116
392.588,0.03240292663066434
392.626,-0.027198859020759164
392.665,0.012592627242537444
392.704,0.051868396599146896
392.743,-0.02940427995584785
392.782,-0.00790872172563014
392.821,-0.013665129965870023
392.86,0.02569561455882189
392.899,-0.00915926164332779
392.938,0.0005425754524746511
392.977,-0.005077000467947729
393.016,0.004235566299398839
393.054,0.00020981154440142483
393.093,0.003884708850822052
393.132,-0.009487443813304438
393.171,0.04024005591007472
393.21,-0.03707494091392968
393.249,-0.007879533957616288
393.288,-0.025941871203009986
393.327,-0.019497895781241885
393.366,-0.006712165029123904
393.405,-0.029305190485386275
393.444,0.01916324445391769
393.483,-0.019943742344508117
393.521,0.016899885201566812
393.56,0.007783815425691305
393.599,-0.01689236225544694
393.638,-0.0036300532691289963
393.677,0.03235689710765136
393.716,0.007646741443486119
393.755,0.007255646575975818
393.794,0.01140814469948773
393.833,0.014564465957558875
393.872,-0.03127900776161088
393.911,0.002143994098944501
393.949,0.0002591015061516374
393.988,-0.023848433055062665
394.027,-0.04460947279527261
394.066,0.019336475573609457
394.105,0.0002346148357393156
394.144,0.0002837522715565645
394.183,-0.011247615097601322
394.222,0.007091989770720567
394.261,0.014268468002448943
394.3,0.0023994526378019188
394.339,0.031239947711513595
394.378,-0.006247263833583566
394.416,0.028960540725097753
394.455,-0.012047369898667205
394.494,0.014342120422427397
394.533,-0.011339352826131164
394.572,0.004284640210599727
394.611,-0.01130828380776979
394.65,0.0006889091721132348
394.689,-0.0106636778638894
394.728,0.02699343960755782
394.767,0.005599089445072137
394.806,0.0327025273399328
394.844,0.009995244905872544
394.883,-0.012051368733144498
394.922,-0.019046982991877102
394.961,0.0033877701972633662
395.0,-0.018940742897297927
395.039,-0.028829830097386943
395.078,0.006101370120062038
395.117,-0.007144238180882603
395.156,0.0460385795573843
395.195,-0.042137385147572017
395.234,0.0018652042667206387
395.272,0.008665508661603594
395.311,0.002695233703909249
395.35,0.004781821983183469
395.389,0.007382914527885431
395.428,0.009435294927093007
395.467,0.016957851953332964
395.506,-0.0025210770681645053
395.545,-0.00714832841980645
395.584,-0.030443329654488198
395.623,-0.027270796634008703
395.662,-0.004199823418680072
395.701,-0.042627056105167246
395.739,-0.018490310037862376
395.778,0.018867291059922082
395.817,-0.021800067747715896
395.856,-0.011261191097455766
395.895,-0.008378604805712467
395.934,-0.020134975279975362
395.973,0.01168934734142488
396.012,0.004220465032181102
396.051,-0.025480255523896923
396.09,-0.036791820186102935
396.129,-0.023856703551598125
396.167,0.024785221545431613
396.206,0.012975691912133077
396.245,-0.012715819241355975
396.284,0.01865584171989681
396.323,-0.009393801335498792
396.362,0.010614203471236518
396.401,0.004472854369956296
396.44,-0.03682072757125533
396.479,-0.011097546981376183
396.518,0.024429345288314537
396.557,-0.0051152012445637475
396.595,-0.022103546500730605
396.634,0.019740686432972634
396.673,-0.003716076242224845
396.712,0.016047531945445843
396.751,0.010888898967440386
396.79,-0.033811181630234784
396.829,-0.01868141754064271
396.868,-0.02346802245035216
396.907,-0.018507447834078285
396.946,0.026304372444102678
396.985,-0.012941150779546877
397.024,0.013471548058038012
397.062,0.0030051691144690707
397.101,-0.018491761785343657
397.14,-0.005121822469066115
397.179,-0.007319155973619419
397.218,0.03623001909011252
397.257,0.0101674313536879
397.296,0.052534058290649305
397.335,-0.033731634775409164
397.374,-0.02943221422994355
397.413,0.04754978362869744
397.452,0.008271899034542516
397.49,0.008688913014246687
397.529,-0.015393711640393763
397.568,-0.009355865860124577
397.607,0.04340978344034111
397.646,0.006278401101856555
397.685,-0.02333229404547923
397.724,-0.025942891947663894
397.763,0.051609714014966994
397.802,0.009798242019077145
397.841,0.008930866195657396
397.88,-0.016511835439103124
397.919,0.009393042161521153
397.957,0.02039008648436113
397.996,-0.025258135661148186
398.035,0.007014922185281235
398.074,0.022334491965730306
398.113,0.007378687955649352
398.152,-0.019389674502546576
398.191,0.03498760485401867
398.23,0.011342191340953767
398.269,-0.03654437466696362
398.308,0.008109034268481866
398.347,-0.02547943041081082
398.385,0.008620014974837926
398.424,-0.015645320474306005
398.463,-0.01761844341007485
398.502,-0.021026719595128716
398.541,0.012240819743294655
398.58,0.023676686460867853
398.619,-0.01034694448445763
398.658,0.01111748443713418
398.697,0.012408326713807174
398.736,0.014250524606792568
398.775,0.04749861611045722
398.814,-0.003733248801010894
398.852,-0.031366908886670986
398.891,-0.011945527256420844
398.93,-0.023136456441103292
398.969,0.0334006620672769
399.008,0.05670037825447695
399.047,-0.0063893636059527345
399.086,-0.015294766558006895
399.125,-0.002610179489576317
399.164,0.028641391159825925
399.203,-0.019384052730463536
399.242,-0.0072078074768244516
399.28,-0.024911117861107782
399.319,0.0046039499130811805
399.358,0.04087405247849392
399.397,-0.002276241718277534
399.436,-0.002711648942040324
399.475,-0.0033042209177133915
399.514,-0.01545488224862991
399.553,0.02882930555562892
399.592,0.0307785669511177
399.631,0.02684767342807602
399.67,-0.013334515654220887
399.708,0.03099057226432817
399.747,0.0019944084290132893
399.786,-0.014533946489796262
399.825,-0.004669306826795871
399.864,-0.025342344209613225
399.903,-0.006678039852786366
399.942,-0.013801558478479312
399.981,0.012941931027295673
400.02,0.006837394019278355
400.059,0.010177595812332046
400.098,0.02584096530095389
400.137,0.05115501473912747
400.175,-0.010992304843012064
400.214,0.0006441370246573742
400.253,0.006063666973269851
400.292,0.009438972061538237
400.331,0.02556402046213088
400.37,0.006088985596054646
400.409,-0.005706578736718915
400.448,0.006669839801086016
400.487,-0.02039746763213785
400.526,-0.010001215396934946
400.565,0.011588162212916303
400.603,0.012401781861178844
400.642,0.0020151184073236177
400.681,0.03560163945322189
400.72,0.025970055958674864
400.759,0.04067868920504546
400.798,-0.015665565862312533
400.837,-0.011975155262512763
400.876,-0.011736400248848195
400.915,-0.004950103268210677
400.954,0.01824751757589072
400.993,-0.0007846003799594834
401.032,-0.0015111399958517228
401.07,0.021446918756895948
401.109,-0.007110017135296111
401.148,0.012063711039481173
401.187,0.008456428847487514
401.226,0.027402499403524752
401.265,-0.020464229144965
401.304,-0.012781888642398053
401.343,0.01584759008889204
401.382,-0.026878977854775814
401.421,0.0005281771347691302
401.46,-0.028581773718240992
401.498,0.019042794557711348
401.537,-0.002692567635031203
401.576,0.017467774850898017
401.615,-0.03780208231311527
401.654,-0.014761551608700331
401.693,0.02636487525388902
401.732,0.012153748696803137
401.771,-0.027576197750207254
401.81,-0.00497089286574723
401.849,-0.03800257391835778
401.888,-0.004707968302336475
401.926,-0.045131946593809376
401.965,-0.028652569461554245
402.004,-0.02724202641286056
402.043,-0.0003944771287679649
402.082,0.005749150069094421
402.121,0.0024350049472956726
402.16,-0.021616024208024505
402.199,-0.024088513185233494
402.238,-0.003721462141846916
402.277,-0.011033894880969324
402.316,0.0375319512310029
402.355,-0.014759275140267055
402.393,0.0059596335072646285
402.432,0.016152568358971345
402.471,-0.004635913117057952
402.51,-0.02749255494591777
402.549,0.016586103655422554
402.588,-0.012593609512693367
402.627,0.036264756539696415
402.666,-0.008696697303643645
402.705,-0.007613986019131562
402.744,-0.010462413110272373
402.783,-0.02380614570806513
402.821,0.003352110861447523
402.86,0.019063479651147134
402.899,0.006580181105686677
402.938,-0.029356857459397333
402.977,-0.023532878479911222
403.016,0.010037871318224489
403.055,-0.016754293344699703
403.094,-0.013337695859434966
403.133,-0.02199909075544114
403.172,0.024551908935849028
403.211,-0.02586957717305613
403.25,0.0006273225650823351
403.288,0.022301290204701073
403.327,-0.012120292798025468
403.366,-0.008886313596062735
403.405,0.0021285366975466926
403.444,0.016011115322290177
403.483,-0.0339921760376996
403.522,0.0004919968307975437
403.561,0.005233519127261367
403.6,0.024911357939928862
403.639,-0.017543137850710756
403.678,0.045279516318837774
403.716,0.008299312715534087
403.755,0.004932705514402232
403.794,-0.02178586596540414
403.833,0.014292400623670603
403.872,0.0012248422412425427
403.911,-0.0145248496940371
403.95,-0.013596163326819531
403.989,0.03176819061216488
404.028,-0.013592050937195664
404.067,0.012076340243446178
404.106,-0.004234908465712938
404.145,0.0192645901252565
404.183,-0.003808753235520403
404.222,-0.014683701958758672
404.261,0.0024561052558900176
404.3,0.028678843733795804
404.339,0.0082732782743626
404.378,0.022406515829122085
404.417,-0.02565881926592785
404.456,0.01667278781357244
404.495,0.0019262510060485422
404.534,-0.016707746281373535
404.573,0.0008661167350217049
404.611,0.0011004159061278572
404.65,0.04215745932696992
404.689,0.027860133727160254
404.728,-0.010995171686973726
404.767,0.013085397124336083
404.806,0.03400845851324717
404.845,-0.008251309451986561
404.884,-0.003935643930794482
404.923,-0.02530357753207566
404.962,-0.015623629083570274
405.001,0.020945313090503636
405.039,-0.0005603309206487044
405.078,-0.03973120537051518
405.117,0.0018848894721120923
405.156,-0.005892528934195441
405.195,0.0019852276712542683
405.234,-0.00829392757266819
405.273,-0.04343585315622867
405.312,-0.0008216949744016162
405.351,-0.0340889033984912
405.39,-0.012581504969780624
405.429,-0.010305968605120118
405.468,0.0016608037527069408
405.506,0.002557701580288857
405.545,-0.02409585804202002
405.584,-0.042059261273024014
405.623,0.01972669932187859
405.662,-0.00013276068094675905
405.701,0.010198387503052507
405.74,0.02787307581145783
405.779,0.02652576874783517
405.818,0.008713225441228545
405.857,-0.0018265701403999812
405.896,0.0205681889962411
405.934,-0.021218515887256754
405.973,0.0113504518533058
406.012,-0.05437513606087205
406.051,-0.0028738308066340486
406.09,-0.016627687149430147
406.129,-0.02237313032989034
406.168,0.014805374067628569
406.207,-0.005137874867105964
406.246,0.006946958684119936
406.285,0.011401597829525977
406.324,-0.012506331139099165
406.363,0.011340935325151569
406.401,0.006983961179716654
406.44,0.022183970077879464
406.479,0.0064488859159745485
406.518,-0.0008179005011613123
406.557,-0.019194478355553588
406.596,-0.04473264959634644
406.635,-0.011264692473040596
406.674,-0.03944890235555412
406.713,0.0017924249151372172
406.752,0.0022818663159088586
406.791,-0.03657559494122577
406.829,-0.03044943835136359
406.868,0.0061423709850017385
406.907,0.007835921504704501
406.946,-0.019568448676708126
406.985,-0.005469727428184074
407.024,-0.004705847109845902
407.063,-0.0016371422776819584
407.102,0.02385080332450335
407.141,-0.03514540684323788
407.18,-0.01708521426201336
407.219,0.01670089905796547
407.258,-0.023979133271488956
407.296,-0.01697276263296888
407.335,-0.006320399896706092
407.374,0.017923621509001765
407.413,-0.006604199650603745
407.452,0.020021297335967796
407.491,-0.05209205092046506
407.53,-0.0315303248309535
407.569,0.022965135111577266
407.608,-0.01553592155226084
407.647,0.009676377117109874
407.686,-0.029338782565097234
407.724,-0.009422562219237408
407.763,0.025609359445775526
407.802,-0.010542771857730025
407.841,0.04349272877512923
407.88,-0.019392046306083623
407.919,0.013263244102811307
407.958,-0.0009594544508385325
407.997,-0.045644242771306534
408.036,-0.006632666987113506
408.075,-0.007726728373285594
408.114,0.0062163263805402585
408.152,-0.0076151855282761026
408.191,-0.03370306908184383
408.23,0.003218035823017382
408.269,-0.030346726439334816
408.308,-0.003750258068093047
408.347,0.019208804512672904
408.386,-0.028786385524176537
408.425,0.034242903857792856
408.464,-0.0031121062767720947
408.503,-0.004587298327645361
408.542,-3.954208223159593e-05
408.581,0.04915090606376724
408.619,-0.014129638879107289
408.658,-0.003010677312544025
408.697,-0.027725521712463452
408.736,-0.017664549686167142
408.775,-0.003558595578235235
408.814,-0.02581118501762595
408.853,0.008979788660753373
408.892,0.037951721108482786
408.931,-0.016833864754646256
408.97,-0.0031768199627603124
409.009,-0.007008929608443217
409.047,0.014902455105700117
409.086,-0.022078488926988472
409.125,-0.02715856617017509
409.164,-0.021037061977902418
409.203,0.006812605219472445
409.242,-0.005278495780949546
409.281,-0.023811607768920884
409.32,-0.006519015100646971
409.359,-0.013231961625181178
409.398,-0.014280714820495491
409.437,0.012027640458486047
409.475,-0.01926037465036704
409.514,-0.02467495207287804
409.553,0.020348307114059758
409.592,-0.0024544952127053803
409.631,-0.028757976071053015
409.67,0.027861229689788557
409.709,-0.001075876244899483
409.748,0.03491911195935516
409.787,-0.02271062877372834
409.826,0.008633709428817846
409.865,0.023939484006904835
409.904,0.0033643766757532056
409.942,-0.02913384336106177
409.981,-0.03861818746346904
410.02,0.012943891507964779
410.059,-0.0016066803240488412
410.098,0.024104591557365385
410.137,0.020975186134683656
410.176,0.00532657292248588
410.215,-0.0029591593300039142
410.254,-0.016999568852006364
410.293,-0.003226976614117025
410.332,0.02703311263173691
410.37,-0.015545681998918894
410.409,0.02058006517554897
410.448,0.004775461221157665
410.487,-0.00468763894877937
410.526,0.012076131397976824
410.565,-0.0011194115769422577
410.604,-0.015381475838411325
410.643,-9.024376080156264e-05
410.682,0.004983083472509346
410.721,0.0018156529875555287
410.76,-0.0008573018436494944
410.799,-0.01597810679731182
410.837,-0.00855877949490585
410.876,0.01816532644539641
410.915,-0.03624134493469952
410.954,0.014998417490689017
410.993,0.028616698557767443
411.032,-0.027982806278552937
411.071,0.03707521958401836
411.11,0.027694901016785352
411.149,-0.005100357191250808
411.188,-0.005899746028955814
411.227,-0.006482563600282218
411.265,0.003559637057911377
411.304,0.022883099506698368
411.343,0.004238506984082777
411.382,-0.007442601247343929
411.421,0.0016748747556214368
411.46,-0.019597246739596823
411.499,0.004937985197949336
411.538,0.009894917344865656
411.577,-0.020550603173210395
411.616,-0.0028969438153703046
411.655,-0.025100429243405796
411.694,0.016627500041373186
411.732,0.010195529166513924
411.771,0.022101533738477296
411.81,0.02347538606791582
411.849,0.014756663067371348
411.888,0.003302853723869282
411.927,0.01922582912055149
411.966,-0.03939273527928098
412.005,0.019078062724441496
412.044,-0.003036579247678283
412.083,-0.015222401177470687
412.122,-0.03292319318613188
412.16,0.0010964306357491922
412.199,0.02378043234191634
412.238,-0.04432593443352452
412.277,0.007845249631696846
412.316,0.014926895261473455
412.355,0.019304310692232967
412.394,-0.006388515616322227
412.433,0.010381548144468365
412.472,0.04330237245415446
412.511,-0.016873013347141513
412.55,-0.005452183984755112
412.589,0.03385265757639123
412.627,0.010441552842690128
412.666,0.0015496940332291255
412.705,0.009210757395267636
412.744,0.020663360924501564
412.783,0.024255975677967362
412.822,-0.025313090241793495
412.861,0.0022895183288098734
412.9,-0.02715668857109335
412.939,-0.00433894268730587
412.978,-0.04502732248715867
413.017,-0.010953621502413238
413.055,-0.0064147053339781435
413.094,-0.021477330203890678
413.133,0.011790094961500979
413.172,-0.007807726115106569
413.211,-0.023358924895718787
413.25,0.0068431131123200305
413.289,-0.011126978743876912
413.328,-0.013242864937218206
413.367,-0.0010520887097902369
413.406,-0.01169898587875755
413.445,-0.0063142719424218886
413.483,-0.015683795082874055
413.522,0.020986230572445592
413.561,-0.008327286299361763
413.6,0.004285055209399868
413.639,-0.009126003687302115
413.678,-0.023396975019326062
413.717,0.009226900702597726
413.756,0.012396552053457126
413.795,-0.03910245301558733
413.834,-0.005752544394946443
413.873,0.00018074671880309286
413.912,0.00044955884574506087
413.95,0.005068885326776639
413.989,-0.03838379056187818
414.028,-0.025016095711041412
414.067,-0.01265195298421507
414.106,-0.012692242732551526
414.145,0.0024927543320298704
414.184,0.05185597388593259
414.223,0.027864117441032774
414.262,-0.004895120638815148
414.301,-0.03256302496035212
414.34,-0.007710404710342007
414.378,-0.01193797907630925
414.417,-0.017202454091709785
414.456,-0.009770723586621276
414.495,0.010342009435846358
414.534,0.0008157645827633567
414.573,-0.02659333597950525
414.612,-0.01828775693130116
414.651,0.039716041304761945
414.69,0.006007615851638282
414.729,0.025081712319038156
414.768,-0.01896682336203301
414.806,0.015456579609169515
414.845,0.0005264865630388669
414.884,0.01839900446797898
414.923,0.008228842194860487
414.962,-0.010319983762284756
415.001,0.033603648794417046
415.04,0.002279881648168565
415.079,-0.07012096726806967
415.118,0.051289458175543756
415.157,-0.06071568735772672
415.196,0.0204390972261282
415.235,-0.0021745434468724532
415.273,0.008297702146968192
415.312,0.03603054827317034
415.351,0.001388949345417564
415.39,0.00029576790596497356
415.429,-0.01261971834272763
415.468,0.0006374363885346991
415.507,0.012434862241723353
415.546,0.011969479492841743
415.585,-0.01074025713336345
415.624,-0.0008161767987179998
415.663,-0.019287684296765306
415.701,-0.014054519448478284
415.74,0.012065188470285943
415.779,0.019517027765360104
415.818,0.027975205731008874
415.857,-0.022985758980568486
415.896,-0.016796330692479763
415.935,0.0009517274255885048
415.974,0.032834909105048944
416.013,-0.01926961575316178
416.052,-0.002397191434974486
416.091,0.004821778433152306
416.13,-0.019393082746242758
416.168,0.04745720790740055
416.207,0.021737635342259934
416.246,-0.02566062738472308
416.285,0.02541023503342851
416.324,-0.006422785927893898
416.363,0.018374717800086565
416.402,-0.0178278505247368
416.441,-0.005018133677985614
416.48,0.012363369046234376
416.519,0.03302138023379333
416.558,-0.016195865254352383
416.596,-0.0071990270288528925
416.635,0.009493633509628315
416.674,0.0003615727498317172
416.713,0.002499647500233706
416.752,0.035259239991171476
416.791,0.00865085606460804
416.83,-0.002254158529443148
416.869,-0.0046473400602651295
416.908,-0.012591673113054716
416.947,0.026588532865923463
416.986,0.00450523421987741
417.025,0.02512983846653346
417.063,0.019916320056325782
417.102,-0.01993286490781756
417.141,-0.0036911122022373144
417.18,0.014257970732386197
417.219,0.009091352597218652
417.258,-0.0126458762871204
417.297,0.009944109976315204
417.336,-0.010083808560758838
417.375,-0.02493608189826113
417.414,0.013801329025051004
417.453,0.00024895261333559
417.491,-0.02824795243140248
417.53,-0.01597024902325496
417.569,-0.00904488400414372
417.608,0.020972306588853427
417.647,0.034781928192933076
417.686,-0.025047873036632164
417.725,-0.01869699786446723
417.764,0.010158308003198557
417.803,-0.012142875488414048
417.842,-0.018249599175372666
417.881,-0.016800049392303108
417.919,-0.009041166235443897
417.958,-0.02432065775654082
417.997,0.015354965257113521
418.036,-0.0028582747100745444
418.075,-0.01593314059148447
418.114,0.023274960822335145
418.153,0.004269894835622722
418.192,-0.022756738197355714
418.231,-0.03274586108305113
418.27,0.001963821425906061
418.309,0.0036853765096094143
418.348,-0.019719854970024372
418.386,0.022141234437804882
418.425,0.00048187486928153236
418.464,0.004340241714094244
418.503,0.01762021049799942
418.542,0.021541129861423692
418.581,-0.03696185075968306
418.62,-0.021840666832590776
418.659,0.00548040156737028
418.698,0.01475104250165514
418.737,0.01642583233030616
418.776,-0.004176707476810859
418.814,0.03040259501075755
418.853,0.0038983478098097955
418.892,-0.009577996723715053
418.931,0.0018609273148041542
418.97,0.0008948333175445664
419.009,-0.00836116777758002
419.048,-0.009440899013946999
419.087,0.030646627563671723
419.126,-0.020418159178947282
419.165,0.021887671368197695
419.204,0.003988152799502199
419.243,-0.011969407618451982
419.281,0.019173612632325643
419.32,0.01700363237213477
419.359,-0.0035819804851372847
419.398,-0.01731923039940026
419.437,0.021530658717574154
419.476,0.010865565151754707
419.515,-0.00958808178797677
419.554,-0.012817087138970553
419.593,-0.00047267731366621834
419.632,0.02099660558903859
419.671,0.013704842073818745
419.709,0.03595271917531734
419.748,0.0140409144616832
419.787,-0.010546058227703263
419.826,0.03645163247820369
419.865,0.006261975193643324
419.904,0.011710988588054505
419.943,0.010647039695828264
419.982,0.02819949538266476
420.021,0.012358480647545581
420.06,-0.002173797773666667
420.099,0.023994025698709245
420.138,-0.00301677284962358
420.176,0.021836478064008655
420.215,0.00837658284961742
420.254,-0.018851478013670108
420.293,0.0009719309595035315
420.332,-0.020748770888277295
420.371,0.015336965918102796
420.41,0.0022341896541171347
420.449,0.023397588525730748
420.488,0.007806504624480591
420.527,0.01042674889575541
420.566,-0.002126699753725196
420.604,-0.02445631730140962
420.643,0.0043623775445987625
420.682,0.011782386748374524
420.721,-0.030768970777713144
420.76,-0.026195835524094702
420.799,0.006031207423879702
420.838,0.008333063457448438
420.877,0.007981555239245715
420.916,0.009423239011027342
420.955,0.016613931681382667
420.994,0.0026113486641432355
421.032,0.01572435855285059
421.071,0.012177724177324729
421.11,-0.013222512567209741
421.149,-0.027173955984086447
421.188,-0.021711638417101754
421.227,0.007464117352181082
421.266,-0.028148282235940937
421.305,0.03784794535388333
421.344,-0.031859203703827874
421.383,-0.020002452503335284
421.422,0.009770762754305372
421.461,0.015507051377796427
421.499,0.0099514542297784
421.538,-0.02442611029950582
421.577,-0.01819709537161429
421.616,0.01044805354088216
421.655,0.03641223509599527
421.694,-0.0017843392725287593
421.733,-0.03307761810349208
421.772,0.02926358238620047
421.811,-0.030740803164654468
421.85,-0.006267566702391137
421.889,0.006211341318336991
421.927,-0.029225656057250814
421.966,-0.021624108836701093
422.005,0.046542706366071086
422.044,0.011809480150898076
422.083,0.00629330776543903
422.122,0.006703892392871506
422.161,0.010414015072954553
422.2,0.002968142340593052
422.239,0.02757775005111921
422.278,-0.011057470542889924
422.317,0.014051013675677512
422.355,0.03801868746357061
422.394,0.03285030855105533
422.433,-0.001809738918673478
422.472,0.030571639892938575
422.511,-0.019638904755302906
422.55,0.021735889254320795
422.589,0.027522370142581992
422.628,0.008632620798587853
422.667,-0.011202431106735265
422.706,0.02544013484126545
422.745,-0.027744621838303105
422.784,-0.010386884173650891
422.822,-0.012262751671871842
422.861,-0.012467114472563767
422.9,-0.005336317238561422
422.939,-0.005470382763383149
422.978,0.010905180935335703
423.017,-0.005224939549397213
423.056,0.006711359816595043
423.095,0.007591149492689151
423.134,0.010061999779918125
423.173,0.004578839524326778
423.212,-0.005141551974451646
423.25,0.020104283083466033
423.289,0.022092226554394294
423.328,-0.03591995165728782
423.367,-0.04299381221929251
423.406,0.0022711341804927485
423.445,0.011156485241948852
423.484,0.003361549960470803
423.523,0.019389346957765827
423.562,-0.010881007385894698
423.601,0.030080072206614024
423.64,-0.014142992185010462
423.679,-0.004498575084779627
423.717,0.008613933156008748
423.756,0.002509172415781937
423.795,-0.01330732623895612
423.834,0.016021388935616394
423.873,-0.020789736846960886
423.912,0.021718290437522568
423.951,-0.012934033486508543
423.99,0.014319705429826215
424.029,0.0015396984621290502
424.068,0.0012438892624659118
424.107,0.003352949882101869
424.145,0.0016104028962636656
424.184,-0.008388597918023988
424.223,-0.022678314095785992
424.262,0.01697947655113392
424.301,-0.01761176532606794
424.34,-0.00626097706730721
424.379,-0.02417568906493248
424.418,-0.008799396872676585
424.457,0.013116199195491746
424.496,0.012753538947143
424.535,0.020610988851663216
424.574,0.02307935616598345
424.612,0.0018634188260345363
424.651,-0.02728494184369413
424.69,0.0007474476651248667
424.729,0.012104404114179198
424.768,0.005088489929585867
424.807,-0.0011839332494599899
424.846,-0.014290165254417647
424.885,0.017291947980955232
424.924,-0.04791450573931317
424.963,0.0003397237511824861
425.002,0.035052436892059155
425.04,0.03970652035691134
425.079,0.04345877139416486
425.118,-0.023791689745681455
425.157,-0.004816210569157158
425.196,0.0008133578674232311
425.235,0.04070664236480554
425.274,0.00900318376726396
425.313,-0.0021145988864429586
425.352,0.0047582501522652745
425.391,0.007080807369873434
425.43,0.02152668700610913
425.469,-0.015090704008708725
425.507,0.006476172784101096
425.546,-0.016943043185830644
425.585,0.005165627848253903
425.624,-0.025704661123017714
425.663,0.012066493445627246
425.702,0.017549799639776563
425.741,0.006023377152383874
425.78,0.012177114889002456
425.819,-0.011783729170357556
425.858,0.011681871450673483
425.897,0.018076121791422622
425.935,-0.057001304482793044
425.974,-0.015435271876883
426.013,0.025711001690343245
426.052,-0.03082380179005608
426.091,-0.014235357570541538
426.13,-0.006153348024762122
426.169,0.0009735465669088571
426.208,7.254591057363063e-05
426.247,-0.051939035507976
426.286,0.010614978611618305
426.325,-0.007438418821485827
426.363,-0.003977232089280032
426.402,-0.005724167482337887
426.441,0.01518300084310002
426.48,0.014130612409988806
426.519,0.0362493366115493
426.558,0.009548065315164868
426.597,-6.66622023100345e-05
426.636,-0.016708127909640297
426.675,-0.020442658262054398
426.714,-0.006441929070118329
426.753,-0.0005577858460410756
426.792,0.012602742134802104
426.83,-0.0028398621994250254
426.869,-0.013063583596066273
426.908,-0.016476297983531493
426.947,0.003877186245053642
426.986,-0.03236278314184562
427.025,-0.023293929209379574
427.064,-0.004532963973709126
427.103,-0.022436059484967838
427.142,-0.007137573462131229
427.181,0.021339018934894885
427.22,-0.011322067451557854
427.258,0.009333295092983593
427.297,-0.007138775225912164
427.336,0.01185881905604547
427.375,0.012408717044924286
427.414,0.002072222461912232
427.453,0.019106818302658833
427.492,0.008792369691681363
427.531,-0.005730771221221232
427.57,0.01182236080780441
427.609,-0.0015349692516313015
427.648,0.01385963588386889
427.686,-0.014728578404480023
427.725,0.013673648012712966
427.764,0.0028887457008351883
427.803,0.003328338309845971
427.842,-0.01118705132092795
427.881,-0.016970281611409486
427.92,-0.011996458885970916
427.959,-0.002585053202627551
427.998,-0.011447603226645021
428.037,-0.014792874669661532
428.076,0.0230184934804796
428.115,0.01901711597544823
428.153,0.0047420495499845665
428.192,0.0058458827864805215
428.231,-0.0213163842237355
428.27,0.018535628072722857
428.309,-0.05360050371961744
428.348,-0.026664795426776647
428.387,-0.0485218202788477
428.426,0.015038820507427338
428.465,0.006267400537494241
428.504,0.007760456067512721
428.543,0.0034364240848985543
428.581,0.03424766338132988
428.62,-0.0182635248901737
428.659,-0.02706523557068367
428.698,-0.017850584859105952
428.737,-0.005310086461279457
428.776,0.013256174241829316
428.815,0.004323986212072233
428.854,-0.013744421089076697
428.893,0.0019816965757163147
428.932,0.017837715984086813
428.971,-0.02314827534604629
429.01,0.023779410473669757
429.048,-0.011241222900011828
429.087,-0.008079141597684827
429.126,0.019014605739471398
429.165,-0.03270761054570528
429.204,-0.01210010165362242
429.243,-0.024912373934380783
429.282,0.018923694098148657
429.321,0.00019337175508628442
429.36,-0.02448875662222235
429.399,0.0019253961806775593
429.438,0.0066749896500331515
429.476,-0.015025789349554229
429.515,-0.03446802330204588
429.554,-0.01505054849903565
429.593,-0.0034816681704121877
429.632,-0.02511917207697601
429.671,0.017115329495660532
429.71,-0.01675505601773423
429.749,0.01158311603096759
429.788,0.010936181836422369
429.827,-0.033125200000643465
429.866,-0.011939714138965624
429.905,0.00023079637702208469
429.943,0.005668294214437552
429.982,0.00169198376526298
430.021,0.01589468607540731
430.06,-0.03816471016368209
430.099,0.03066353979504849
430.138,0.0009475024688547257
430.177,-0.02961612833189322
430.216,0.014006587924221403
430.255,-0.005137820734598448
430.294,0.010359167045902574
430.333,-0.020129358209602172
430.371,-0.0139667039989323
430.41,0.01569354207301659
430.449,0.010000647519607749
430.488,-0.02015423963382025
430.527,-0.001880361090224182
430.566,0.013504288702370689
430.605,-0.004165627982099515
430.644,-0.008985682172309103
430.683,0.008911901483355578
430.722,-0.0031709706041927795
430.761,0.016355650965441084
430.799,0.022146339108956487
430.838,-0.01863193867755711
430.877,-0.0016942501503690267
430.916,0.023833071050990744
430.955,-0.012063371043090942
430.994,0.011132258352872433
431.033,0.008166151750164134
431.072,-0.04247953335629078
431.111,-0.01969821540848117
431.15,0.005037841410481743
431.189,0.018116787852819782
431.228,-0.009775526453993513
431.266,-0.03938659934256883
431.305,0.0033526231161086417
431.344,-0.027757915345756685
431.383,-0.02477469141252617
431.422,0.022409678594570662
431.461,0.014579228484337165
431.5,-0.0027639764137361474
431.539,-0.005022111932163003
431.578,-0.028812390308569403
431.617,-0.033067150726076605
431.656,-0.024328703445007278
431.694,-0.03307835056498964
431.733,0.0030557972255230974
431.772,0.002566084536114975
431.811,-0.0122328439064376
431.85,-0.01579031796867765
431.889,0.04729233029556267
431.928,-0.03195357158162655
431.967,0.03410038007483695
432.006,-0.0014860707600977338
432.045,0.006053005191084607
432.084,-0.01860820030011862
432.123,0.0005562731510608725
432.161,-0.01170158450255472
432.2,0.007922048756185737
432.239,0.024803218668403647
432.278,-0.020697506321950155
432.317,-0.01083464303526072
432.356,-0.03245273271125486
432.395,0.06811716040994739
432.434,-0.02864997271126277
432.473,-0.010607684977062038
432.512,-0.002723018426491468
432.551,0.0016325124574143087
432.589,-0.0014987296817016054
432.628,0.007501797985346787
432.667,0.034608841459750364
432.706,-0.007297058687398354
432.745,0.02376038418619443
432.784,-0.0076535867558377435
432.823,0.005936692120524726
432.862,0.00992381487469237
432.901,0.006889202756558065
432.94,-0.0022729251207617793
432.979,-0.012380916491540862
433.017,-0.013959774457526372
433.056,-0.006405319163899003
433.095,0.01082884834597435
433.134,-0.0016114127636767846
433.173,-0.012425540546817744
433.212,-0.026594233124625194
433.251,-0.006858606131699984
433.29,-0.0005522063175323259
433.329,0.007806132078515975
433.368,0.0013079711676637284
433.407,0.034585463601933666
433.446,-0.05109792530835771
433.484,-0.001266902472454796
433.523,0.013646281382168508
433.562,0.0003349230558121795
433.601,0.011704058087411023
433.64,-0.03806977399125309
433.679,0.003032614338485299
433.718,0.029665624253270663
433.757,-0.025200369918393715
433.796,0.022154102427258543
433.835,-0.0392078575727923
433.874,0.006893580751000846
433.912,-0.013369744534780017
433.951,-0.03233477616822217
433.99,-0.014484174516954674
434.029,-0.011323860143736281
434.068,-0.0305502285825327
434.107,0.012722897462706174
434.146,0.003251057499396255
434.185,-0.05094500157245002
434.224,-0.008925151858302883
434.263,-0.02537785203587198
434.302,0.02164017891928864
434.341,0.0036418873101323893
434.379,-0.03333760954535067
434.418,-0.005966410086213036
434.457,0.022108896835512787
434.496,-0.003966391452091732
434.535,0.02499241739039291
434.574,0.003979962519679924
434.613,0.002399010942573168
434.652,-0.016207898037205116
434.691,-0.016011362621104565
434.73,-0.018338181704530325
434.769,-0.012586596925333517
434.807,0.004452616995201806
434.846,-0.0065438607411731275
434.885,-0.006009621109661464
434.924,-0.000592715470486331
434.963,-0.0024152354621171336
435.002,0.03700400152299179
435.041,0.011464769184354252
435.08,0.029908153075030176
435.119,0.045720346801125016
435.158,-0.010019037029707032
435.197,-0.011622885724558805
435.236,-0.010721381000971026
435.274,-0.02398627164830587
435.313,0.02619120647523622
435.352,-0.013504064654444793
435.391,0.018837961618623004
435.43,0.03878483290173202
435.469,-0.012684755826418493
435.508,0.01450702668385212
435.547,-7.45890965377239e-05
435.586,0.0201961482327501
435.625,0.021360780663367728
435.664,-0.010656282467126025
435.702,-0.010071740486276131
435.741,-0.05201563968628395
435.78,0.012953037410412566
435.819,-0.01169050963733114
435.858,-0.0122212783964784
435.897,-0.010897218217689575
435.936,0.005004252996801951
435.975,-0.022356024219274143
436.014,0.0059519803299899355
436.053,0.02409336628996899
436.092,0.013417458416916698
436.13,-0.001583827853041913
436.169,0.019314128313629435
436.208,-0.030205586097063614
436.247,-0.020071482974680335
436.286,0.002727468038095069
436.325,0.007888685281577382
436.364,0.0199602240557287
436.403,0.00818593934375532
436.442,0.010518560327384716
436.481,0.01715049651517107
436.52,0.003436169407217308
436.559,-0.025855896879400837
436.597,-0.017352030031136192
436.636,-0.021282018212612334
436.675,0.019709232620256152
436.714,-0.019869305777179196
436.753,0.029393642047748497
436.792,-0.019539309661330634
436.831,0.021951826902330437
436.87,-0.015346106793503796
436.909,0.0045047867606216475
436.948,-0.004289297796087882
436.987,0.02527631923333524
437.025,0.011882791623844239
437.064,0.008404352580115883
437.103,0.005353861753715854
437.142,-0.020871020307991435
437.181,0.04369471923939944
437.22,-0.0015164898272681518
437.259,0.020927327931273543
437.298,-0.01569037655937338
437.337,0.004728607593546778
437.376,-0.004786191433414928
437.415,-0.033230606107955904
437.454,-0.009697306467421143
437.492,-0.0049867671545556005
437.531,-0.033870269606663526
437.57,0.016841527448515706
437.609,-0.006910527260428453
437.648,0.01381938756427378
437.687,0.029060516787185756
437.726,-0.006331831614187919
437.765,0.02115177572430773
437.804,0.017185285971417934
437.843,0.018398636766798347
437.882,-0.021395646262206455
437.92,-0.041733746579623324
437.959,-0.0032275225296194135
437.998,-0.013592880013141543
438.037,0.006649845409362835
438.076,-0.0034391023726737606
438.115,-0.008891905836220737
438.154,-0.032151928776588456
438.193,0.016700216064909772
438.232,-0.014467669558440002
438.271,0.03640966936195933
438.31,-0.0024922261001400223
438.349,-0.012976382634078184
438.387,-0.023068830711808402
438.426,-0.010393913839187958
438.465,0.00403860835422842
438.504,-0.010428650794046916
438.543,0.009134703506571716
438.582,0.024999138418846746
438.621,0.03699023218728385
438.66,-0.008829869845031224
438.699,-0.009637016082912987
438.738,-0.019085969085424016
438.777,-0.009425661527598177
438.815,-0.011660352174829478
438.854,0.005990459891804265
438.893,0.02147151887648592
438.932,-0.012972250922719624
438.971,-0.028213996748428723
439.01,-0.011927745431487714
439.049,0.015325943386473516
439.088,0.011404168216212903
439.127,-0.04953417742056938
439.166,-0.03950642680698296
439.205,0.017618207806512593
439.243,-0.014871267141758113
439.282,-0.016673805296969338
439.321,0.016695720142188095
439.36,-0.0024088695287800685
439.399,0.017431891371980784
439.438,0.0019408590835811833
439.477,-0.021482334485009587
439.516,0.016833631563889832
439.555,-0.007339268435945489
439.594,0.013963879253139947
439.633,0.00593239042104927
439.672,0.005050801059616658
439.71,0.015110329222995772
439.749,0.030015719592615772
439.788,0.027213652504140505
439.827,-0.01024977792788875
439.866,-0.014312591618250343
439.905,0.01853112557233347
439.944,0.027680537419982033
439.983,0.02520690217139477
440.022,-0.02623845934320808
440.061,0.015045987810312033
440.1,-0.0011925652817624836
440.138,-0.01174146433406211
440.177,0.004330182670140937
440.216,-0.019925877944472543
440.255,0.01127671751483568
440.294,-0.0159639744346875
440.333,-0.0033603572626132545
440.372,-0.00893662620940002
440.411,0.010904369811120725
440.45,0.029061054531128082
440.489,-0.01420726608957508
440.528,-0.026210466965936124
440.566,0.0017021952680832345
440.605,-0.01490317679572099
440.644,-0.0055596711927318725
440.683,0.008514588137278789
440.722,-0.0357191794865822
440.761,-0.0021133744391941007
440.8,-0.026903203812570383
440.839,-0.009636306811698112
440.878,0.012816776038307581
440.917,0.002680519792260987
440.956,-0.005676452477300999
440.995,0.009436389187011542
441.033,0.017495055474999733
441.072,0.009872420298969484
441.111,-0.0098563151569582
441.15,-0.01611570816531578
441.189,0.015352359027353109
441.228,-0.029158234633881525
441.267,-0.000955163817796421
441.306,-0.014777513959798426
441.345,-0.04164328882388877
441.384,-0.0009802174839228005
441.423,0.00424578567761997
441.461,-0.012155753993265867
441.5,-0.0015663682174085897
441.539,0.008476717152518853
441.578,-0.0340796197962239
441.617,-0.017185592257978003
441.656,-0.0213241463840046
441.695,-0.012254099440396956
441.734,-0.010171299847278183
441.773,-0.03903020929453435
441.812,-0.023079857379770318
441.851,0.007183413205911518
441.89,0.014541580343142242
441.928,-0.001657056677084945
441.967,-0.019187914985044068
442.006,0.01003231137399666
442.045,-0.010146499860695286
442.084,-0.005573909565726202
442.123,0.03543583288589243
442.162,-0.0064632897676358695
442.201,0.02531072457419163
442.24,0.0023240319652727604
442.279,0.011942279388261296
442.318,0.004867957148667029
442.356,-0.02737011285258025
442.395,-0.011593689401020367
442.434,-0.006588529253801307
442.473,0.0014147233189959613
442.512,0.007652070332971016
442.551,0.01147481882871331
442.59,-0.01207853108150364
442.629,0.0044903659659718655
442.668,0.010043923480076352
442.707,0.018165121132339947
442.746,0.007074167662212221
442.785,0.010796608888987258
442.823,0.008983426423903944
442.862,-0.03808720325005331
442.901,0.010239326539199189
442.94,0.007269873199452846
442.979,0.03240545146153357
443.018,-0.012802685106599102
443.057,8.738690203625478e-05
443.096,0.001401210732642759
443.135,0.009486314804708847
443.174,-0.0051430927599860525
443.213,-0.023769994955442568
443.251,0.003153327652138458
443.29,0.008078524962043617
443.329,0.005293578466709304
443.368,-0.001969333245206264
443.407,-0.00782709933283056
443.446,0.01879031710163896
443.485,-0.021294793534674308
443.524,-0.017044809779114708
443.563,-0.025359674168319496
443.602,-0.002977378833658632
443.641,-0.014637638615456972
443.68,-0.01527909679918417
443.718,0.0019058976746140193
443.757,0.025889022772652683
443.796,0.012681765182516503
443.835,-0.03173220861256737
443.874,-0.0019167016522611512
443.913,-0.003828321089093412
443.952,-0.01371164998439103
443.991,-0.01405288046076305
444.03,0.0058457617992631675
444.069,-0.003015484691798182
444.108,0.001447672810202103
444.146,0.015581453034203269
444.185,0.022599383226348326
444.224,-0.03866222411607645
444.263,0.03731098133844668
444.302,0.0195783492037197
444.341,0.013540654994829834
444.38,-0.020837779275616662
444.419,-0.007802470901257646
444.458,-0.052188091006160044
444.497,-0.04096689991824293
444.536,-0.031973203180534475
444.574,-0.03468534810705469
444.613,0.004971111069955495
444.652,-0.01008217385188235
444.691,-0.003045724470992179
444.73,-0.004358252587492976
444.769,0.03821857923628964
444.808,-0.0032971679674449845
444.847,-0.0052152910184012115
444.886,-0.0036651252528766276
444.925,-0.021575459116548335
444.964,-0.011403641207169503
445.003,0.005081957136879813
445.041,-0.022815360746586456
445.08,-0.02259001074350641
445.119,0.01046246233565238
445.158,-0.016086470450160997
445.197,0.03631730718122271
445.236,-0.014670453703863095
445.275,0.00873509036620073
445.314,0.013061204925526485
445.353,-0.010143991033928287
445.392,-0.034113626553222906
445.431,-0.02076877988135303
445.469,0.031193381566635703
445.508,-0.02707890509332308
445.547,0.0006994421524310884
445.586,-0.0257466682215097
445.625,-0.03734027462118259
445.664,0.008639515635432384
445.703,0.010034164372586711
445.742,0.03224439724541937
445.781,-0.0019216683612013879
445.82,0.014081055452246421
445.859,-0.0013207776612576077
445.897,-0.0022636510855381818
445.936,-0.00027171293086922124
445.975,0.01948921373421885
446.014,-0.02976958004897839
446.053,0.04635132753822168
446.092,0.015738882467230177
446.131,-0.0037413014267198754
446.17,-0.007017433106717113
446.209,0.015848202717318863
446.248,0.02401067075359905
446.287,0.015943885075213656
446.326,-0.031193704756072443
446.364,-0.03211555443461598
446.403,0.023135138759852288
446.442,-0.001036038483427414
446.481,0.03590563792234455
446.52,-0.030630795947169807
446.559,0.02029069950579033
446.598,-0.002472734680685309
446.637,0.009319180591517356
446.676,0.0037671995031362485
446.715,-0.01468858325200267
446.754,0.010405141498464159
446.792,-0.01411009264559774
446.831,-0.02115223581009606
446.87,-0.0001617216161273595
446.909,0.021972302201772643
446.948,-0.013780473258384968
446.987,0.005429064605465803
447.026,-0.023808733017776057
447.065,-0.01470768766920547
447.104,0.010231989104623921
447.143,0.00333516260936724
447.182,0.0042639154287415874
447.221,0.02144217596720148
447.259,0.026422572101419156
447.298,0.03896441120066496
447.337,-0.0372616763481779
447.376,-0.006012679747112302
447.415,0.04986437523453664
447.454,0.0032351718884598563
447.493,0.04461279970760967
447.532,0.03586658243024106
447.571,-0.024679577923288423
447.61,-0.02672070700101766
447.649,0.018340755519238448
447.687,-0.0005632344854521534
447.726,0.005451120636690433
447.765,-0.00955189142699093
447.804,0.011130150780214558
447.843,-0.005368815154003354
447.882,0.0006339055536653121
447.921,-0.009422961822260937
447.96,-0.010971469864069527
447.999,0.0034458670103362293
448.038,-0.004447913734342576
448.077,0.018250869420275408
448.116,0.026057905893857796
448.154,-0.009198823153903836
448.193,0.004244712542971415
448.232,0.00396571283824347
448.271,0.015169127498978923
448.31,0.004438321242665464
448.349,0.005071955162532116
448.388,-0.01958931284909678
448.427,-0.01974951851070164
448.466,-0.03113742582330681
448.505,0.006362401917312167
448.544,0.009198004260186955
448.582,-0.014317214443814993
448.621,0.002722347739787169
448.66,-0.03765173671754619
448.699,-0.0002420561670723457
448.738,-0.02913973993250158
448.777,0.010870345408163815
448.816,-0.019192562493082557
448.855,0.0049978631156198374
448.894,-0.018237688117756275
448.933,0.013229187530563754
448.972,-0.008681899919134104
449.01,0.0455348326225787
449.049,-0.03219583798549766
449.088,-0.003814292734618613
449.127,-0.00974060453363336
449.166,0.01702518190822904
449.205,-0.0384308351665422
449.244,-0.0019589830500510684
449.283,-0.03680760980635352
449.322,-0.0321888713138147
449.361,0.026754477099779468
449.4,-0.009100422846740758
449.439,-0.017933700774264823
449.477,-0.016907155106067967
449.516,-0.004341447712758077
449.555,-0.007094429980946159
449.594,-0.005194990399347243
449.633,0.03333570074824315
449.672,0.021659103520811705
449.711,0.005718175181570192
449.75,0.035212951639245114
449.789,-0.024623944479158676
449.828,-0.008136522649495746
449.867,0.0005244522584042918
449.905,-0.02957744463816396
449.944,-0.0420045923292282
449.983,0.013104126031281518
450.022,0.058894576932346336
450.061,0.00446229086479258
450.1,-0.01027540667587915
450.139,-0.006551477039405183
450.178,0.000577444696625789
450.217,-0.012643312036094978
450.256,-0.009384391465802663
450.295,0.017342636148742006
450.334,-0.03919767452937491
450.372,-0.03393393223113357
450.411,-0.03029148563334698
450.45,0.00866141206264568
450.489,-0.009292259345334794
450.528,0.0006999690519514795
450.567,0.008067456699648399
450.606,0.005498923329023433
450.645,-0.01184805195538324
450.684,0.034438424915866864
450.723,0.0028255739224273563
450.762,0.012032953050758834
450.8,-0.005520619519972067
450.839,0.0007710893564193857
450.878,-0.024509629578828067
450.917,-0.029432722085490658
450.956,-0.012772190119545916
450.995,-0.023463156817686667
451.034,0.0051795151510917814
451.073,-0.010211639017377074
451.112,-0.0020501672181226097
451.151,-0.009185796970297509
451.19,0.018630314723310712
451.229,0.020374072720445932
451.267,0.02805384381602153
451.306,0.021837155625138913
451.345,-0.025902214316849758
451.384,-0.01859170512669127
451.423,0.017145715586620168
451.462,0.008380497166839572
451.501,-0.030598208826646323
451.54,0.015984153844263473
451.579,-0.017529238504433012
451.618,-0.01664498530441816
451.657,-0.012188302249957773
451.695,0.025790924016174308
451.734,0.026063168804887665
451.773,0.005593766777804646
451.812,0.0032379953517243853
451.851,0.009029908815784122
451.89,0.01306014492909125
451.929,0.004322007371204498
451.968,0.01296576378213729
452.007,0.015882158949268716
452.046,-0.018153695800935683
452.085,-0.017922392827655415
452.123,0.0163113803338491
452.162,0.009233691685412047
452.201,0.0015697360865551731
452.24,-0.004519330551739722
452.279,-0.00684397559175203
452.318,0.01054277197348218
452.357,-0.00831634267499861
452.396,-0.019037121208787495
452.435,-0.0009059080170145005
452.474,-0.008504531899469574
452.513,-0.008037639533568074
452.552,0.013839777871183331
452.59,0.03054441785758382
452.629,-0.020348207411894782
452.668,0.0049025426461296595
452.707,0.011469123235133966
452.746,-0.0012312619566178136
452.785,0.025888165969514508
452.824,0.01589639626465557
452.863,0.03873673787939325
452.902,0.01839568928861038
452.941,0.015499647661079405
452.98,-0.005378263647880329
453.018,-0.04339998043905714
453.057,-0.02338260376159881
453.096,-0.021353655751292527
453.135,0.014559365461768588
453.174,-0.007968769750553356
453.213,-0.005359047168434291
453.252,-0.015620122083113063
453.291,-0.013688037147421075
453.33,0.018048251885674174
453.369,-0.03590494389086927
453.408,0.040086918038904594
453.447,0.026625972216064477
453.485,9.630041272711042e-05
453.524,0.005458600564047848
453.563,-0.002007373129688003
453.602,-0.01981069233734823
453.641,-0.0330848428714528
453.68,-0.004437811456547936
453.719,-0.0025079823859594165
453.758,-0.012288082981961757
453.797,0.007293499208680235
453.836,0.0012240053336117739
453.875,-0.006892618219782681
453.913,0.005475274685498625
453.952,-0.015921238117278476
453.991,0.04812583868337847
454.03,0.028376682565208613
454.069,0.0017884439261560102
454.108,-0.001037570349676914
454.147,0.015329449407295272
454.186,-0.01800154420647374
454.225,0.005139706953314895
454.264,0.03662923839880219
454.303,-0.014937968820537155
454.341,-0.03675971439158386
454.38,-0.0034227721018653123
454.419,-0.020105058020053218
454.458,0.007951108586105093
454.497,-0.004500616227314742
454.536,-0.022938045634223473
454.575,-0.019410377237495516
454.614,0.008278433004177393
454.653,0.0097778571745075
454.692,0.018079580750590102
454.731,0.015579489457265496
454.77,0.0056404513956861135
454.808,0.041586011329532616
454.847,-0.031126507189255366
454.886,-0.02133481600128344
454.925,0.0007577947972841198
454.964,-0.02964252132848575
455.003,-0.02514994829541421
455.042,-0.017710300585931246
455.081,-0.0015556539788332234
455.12,0.005540860332897147
455.159,-0.020114857180366104
455.198,-0.007418752875105785
455.236,0.029342892425033455
455.275,0.02456536022915736
455.314,0.02906108675003346
455.353,-0.007950862345043386
455.392,-0.008124474486374779
455.431,-0.008118771512029483
455.47,-0.0102343055861297
455.509,0.014781318352750202
455.548,-0.013326758041181871
455.587,0.00204323153206672
455.626,0.026974583367785677
455.665,0.005022720343653544
455.703,0.013277422544396646
455.742,0.03156207674236303
455.781,0.007171548464726686
455.82,0.025701840501978178
455.859,0.014448289026057555
455.898,-0.00404148766401783
455.937,-0.006133164181290246
455.976,0.06222677753136843
456.015,-0.007179431025903013
456.054,0.007351577866412347
456.093,-0.018190379114957304
456.131,0.02418784415657687
456.17,0.00027902917248193333
456.209,-0.012315714663642858
456.248,0.006565193403171412
456.287,0.007747357216080995
456.326,-0.05410183406302341
456.365,0.02487548582691424
456.404,-0.007568917970800863
456.443,-0.012786912840262336
456.482,-0.021816687891685508
456.521,-0.007459267075197606
456.56,-0.005932104466868085
456.598,-0.019408918846655042
456.637,0.009923339848701022
456.676,0.017145701258095475
456.715,-0.046179429152372956
456.754,0.01886377701808131
456.793,-0.006970287659471605
456.832,0.006264365717126918
456.871,0.028068601785880845
456.91,0.005173969900739227
456.949,0.020604605866848504
456.988,-0.009002385536027228
457.026,0.011725421614559663
457.065,-0.02173621324024279
457.104,0.020826576696016494
457.143,0.018274075540873312
457.182,-0.026232059259027433
457.221,-0.006718514379821402
457.26,0.006651797197754949
457.299,-0.013760291583557235
457.338,0.00029971011982094127
457.377,0.007915022372607553
457.416,-0.017435870256642956
457.454,-0.018158692518134175
457.493,0.005754658112454833
457.532,-0.001519128065710259
457.571,-0.019341008668946957
457.61,-0.0007492053375435202
457.649,-0.041236184046297454
457.688,-0.011323657588638326
457.727,0.01018593689426657
457.766,-0.020004733895362482
457.805,0.02285640039890157
457.844,0.013135600676055592
457.883,-0.011412007821055604
457.921,0.014502728154157417
457.96,0.0025886627212578063
457.999,0.007543283163318582
458.038,0.020539979105668356
458.077,-0.026285889353545693
458.116,-0.030768511940431287
458.155,0.007013692785546095
458.194,0.00963913832386538
458.233,-0.007584900374805622
458.272,0.013931524605698513
458.311,-0.020912993106724762
458.349,-0.024515467251018944
458.388,0.01625404537205197
458.427,0.05258577595413998
458.466,-0.025891287271611354
458.505,0.019533865205767983
458.544,0.0124818000491939
458.583,0.021104730084048923
458.622,0.020064753886916566
458.661,-0.016173756899696367
458.7,0.005147299085180548
458.739,-0.006057871497082867
458.777,0.01507384548206411
458.816,0.011134656632545294
458.855,-0.01266009306364994
458.894,0.011420617157650154
458.933,0.005108707210606883
458.972,0.011021860013659191
459.011,-0.025232488127336312
459.05,0.008554280800486997
459.089,-0.00039731821987197026
459.128,0.017276250938695593
459.167,-0.009075432204677535
459.206,-0.006493856896124997
459.244,-0.016298936569518925
459.283,-0.019693255911610908
459.322,-0.02140582453119921
459.361,0.014939019068730859
459.4,0.056355846221131226
459.439,-0.002275241972553149
459.478,0.00660841774895529
459.517,0.015666125447229607
459.556,0.0054357787362449474
459.595,0.03032858792040164
459.634,0.016313708224335668
459.672,0.022391701331218
459.711,-0.007939525839161153
459.75,-0.02682517260952114
459.789,-0.007267295907575922
459.828,-0.011318004708399923
459.867,0.012029899459996326
459.906,0.0004981693916621815
459.945,0.010052213557848893
459.984,0.038509775401154314
460.023,0.04115263594357119
460.062,0.025090505448125196
460.101,-0.000495771449650924
460.139,-0.016009185861924565
460.178,-0.006358892787304707
460.217,0.027151048531558385
460.256,-0.008838336618662956
460.295,-0.006640233245972672
460.334,0.0025128881162381784
460.373,-0.015851786353786104
460.412,0.005021300798635806
460.451,0.03005505542121107
460.49,-0.018551839471028217
460.529,-0.002794019874372349
460.567,0.005498281506155546
460.606,0.012106100573096489
460.645,-0.011503136915765228
460.684,-0.005249097579572158
460.723,0.004544263247884931
460.762,0.005692490496055198
460.801,0.005103235481859411
460.84,-0.02000042594041483
460.879,-0.008841454759623602
460.918,0.03174004845014105
460.957,0.01208059588248584
460.996,-0.00023814422799103147
461.034,0.014033444067926563
461.073,0.03460058727023117
461.112,-0.0057343727303012905
461.151,0.010664552119979635
461.19,0.012196237134959157
461.229,0.008719249300781216
461.268,0.00551350731513469
461.307,-0.01206012319257143
461.346,-0.017750845577358974
461.385,-0.01851752780701578
461.424,0.007479031182759992
461.462,0.04526948131259323
461.501,0.014673175427502447
461.54,0.030998311008767612
461.579,-0.0013235417525715113
461.618,-0.023094887393665314
461.657,0.00424665882711555
461.696,0.005016036214731053
461.735,0.009568990768933403
461.774,-0.02194499077579538
461.813,0.030282748280535836
461.852,0.019392112233392274
461.891,-0.00843975756085457
461.929,0.00018874742248464922
461.968,0.01460517002602505
462.007,-0.010139165534725436
462.046,0.037311599102241376
462.085,-0.015890009562513144
462.124,-0.01840524595563419
462.163,0.025348836097030793
462.202,-0.014719911607199628
462.241,0.007312282212276047
462.28,0.006322918939552555
462.319,-0.04905059345489102
462.357,0.017565719656937255
462.396,-0.007389980213009165
462.435,-0.00012059580453132115
462.474,0.006489006467988586
462.513,0.003563743525513502
462.552,-0.007775103685372162
462.591,-0.013925945280947764
462.63,-0.021331126417585992
462.669,0.0009863242379840058
462.708,0.042285905031786725
462.747,0.023574272382212432
462.785,0.00237754345692471
462.824,0.018040531300050445
462.863,-0.022954232031184442
462.902,-0.007633316716720566
462.941,-0.017238179393826717
462.98,-0.006248083715357993
463.019,-0.023026851667938084
463.058,-0.0065344897553935195
463.097,0.009504249959287541
463.136,-0.029991684522358356
463.175,0.045708170483758095
463.214,0.010319270373417308
463.252,0.0029631574670512945
463.291,0.02638677597861907
463.33,0.003011330155284887
463.369,-0.005978884350614671
463.408,-0.012218443195887102
463.447,0.01995194438825225
463.486,0.009559587213074181
463.525,0.017294701148764476
463.564,-0.009047582702689207
463.603,-0.006841213101061785
463.642,0.029343145512599044
463.68,-0.022340253693746086
463.719,0.002197241711831387
463.758,-0.0053676756383374165
463.797,-0.01706632602630632
463.836,0.0019284646559901502
463.875,0.021136351953185705
463.914,0.011593988900826123
463.953,-0.0019256264716773427
463.992,0.0005829063426521057
464.031,0.017471460677161404
464.07,-0.014597299481226273
464.109,-0.005043721523017975
464.147,-0.013437550164854466
464.186,0.01755135722072408
464.225,-0.009578343610211173
464.264,0.0005051006941223174
464.303,0.0028914789755290857
464.342,0.005267442388374631
464.381,-0.0035624893604394186
464.42,-0.021898485693626225
464.459,0.012355723396776847
464.498,-0.01921891135419354
464.537,-0.015360755321178412
464.575,-0.00654371873623413
464.614,-0.014810090976358199
464.653,0.0038816673061668194
464.692,-0.009094838722311753
464.731,0.026992426960614345
464.77,-0.0017082267077785708
464.809,0.010089889040139504
464.848,0.010576009185751682
464.887,0.012546785880616912
464.926,0.02254351099710357
464.965,0.01874443747128836
465.003,0.040020194791300215
465.042,-0.020578512989093085
465.081,0.01601462186817427
465.12,0.006697021580619538
465.159,-0.04314608267257429
465.198,-0.004966302981807801
465.237,0.035379654999859976
465.276,-0.0004427081180486455
465.315,0.0089486228861732
465.354,0.016314200341143503
465.393,-0.004242320386131173
465.432,0.01864952628511253
465.47,0.014373342979865766
465.509,-0.016363670043495773
465.548,0.023394076272903366
465.587,0.023051968600197578
465.626,0.0010700441564019322
465.665,0.012600684766137776
465.704,-0.02171109457207221
465.743,0.014967275540507195
465.782,-0.015400575509339081
465.821,0.01925707876559763
465.86,0.013056634906426987
465.898,-0.022568378671229256
465.937,-0.031145282855276478
465.976,-0.03298646600784734
466.015,-0.015074760668041325
466.054,-0.010812072785061641
466.093,0.04190375700211618
466.132,0.037528288350198905
466.171,-0.016525955949966573
466.21,0.01448985680997723
466.249,0.0021210364952776806
466.288,-0.011251989386715847
466.327,0.022737705661916987
466.365,-0.0026396078009389996
466.404,-0.025147517217392088
466.443,0.00787144529063905
466.482,-0.018151237542475822
466.521,-0.005414780281564544
466.56,-0.0008504931389009237
466.599,0.005392339397814119
466.638,0.021332848228538058
466.677,-0.01543211303824657
466.716,0.012638947073566702
466.755,-0.010604289406792861
466.793,-0.030039513195079217
466.832,0.0018212688108089408
466.871,-0.013205832972008578
466.91,0.013954823232717732
466.949,-0.003414274323454542
466.988,0.010435551567873444
467.027,-0.001251802375006955
467.066,-0.0017391183228979371
467.105,0.0032168804283488894
467.144,-0.0049667316572497115
467.183,-0.007188624298869961
467.221,-0.012963518411546521
467.26,-0.011068500586113028
467.299,-0.005314636967684847
467.338,-0.015372267449312789
467.377,0.01751216523125873
467.416,-0.022166131110101826
467.455,-0.014240709528182578
467.494,-0.017165393136381064
467.533,-0.01564341027888599
467.572,0.00028102949739086756
467.611,-0.040474667984452595
467.65,0.005082016983010003
467.688,0.002007083875037838
467.727,-0.046663929718426464
467.766,-0.005033280187307948
467.805,-0.008606949429680197
467.844,0.014224495367142041
467.883,-0.02394975220416208
467.922,-0.012347787228140474
467.961,-0.01692097638683912
468.0,0.03458621733910498
468.039,0.0021751775114304452
468.078,0.0062862919976575185
468.116,0.00026528604299740424
468.155,-0.017052134379991372
468.194,0.011588147702013033
468.233,-0.0009342148195811339
468.272,0.01113945378274993
468.311,-0.018902702139602868
468.35,-0.03455192240468828
468.389,-0.0023767614864267867
468.428,-0.026360873959530087
468.467,0.005878782879305806
468.506,-0.01343623083243298
468.545,0.038894009932611454
468.583,-0.011416318900397035
468.622,-0.029876317227258524
468.661,0.03502675742119144
468.7,0.026596340672462786
468.739,0.018709898027643015
468.778,-0.019860857323000476
468.817,0.006389378296249794
468.856,-0.003740144821401578
468.895,-0.021312018734285898
468.934,-0.01242360657081666
468.973,-0.015770927310801444
469.011,0.011686795041881418
469.05,-0.0061602862401323195
469.089,0.012019368725056837
469.128,-0.01930844319899869
469.167,0.0037846274449852306
469.206,-0.008089716359385653
469.245,-0.004888662173671831
469.284,-0.0018259568042818721
469.323,-0.010844469063583738
469.362,0.016503864118668637
469.401,0.0490175971092025
469.44,-0.016032553690945108
469.478,-0.00618394753466004
469.517,-0.04110157055522358
469.556,-0.012016768969116359
469.595,-0.0016839830128034165
469.634,0.04460389071770558
469.673,0.010301895116523078
469.712,0.016338460192176857
469.751,-0.0028892136505537444
469.79,-0.002708679908318489
469.829,0.02068246067677848
469.868,0.005171149496303866
469.906,0.005795406777220121
469.945,0.0294640883697355
469.984,-0.06897827633241274
470.023,-0.003217496405137967
470.062,0.00128907141978926
470.101,-0.0016294472190319861
470.14,-0.021498634317120388
470.179,-0.009126396540259634
470.218,-0.02354066934162262
470.257,0.009509635263265696
470.296,-0.002509656373897334
470.335,0.007028091470992578
470.373,0.024703558072943006
470.412,-0.002489445826959036
470.451,-0.04430812158088814
470.49,-0.03755342348004494
470.529,-0.011635391087904779
470.568,0.008201222719166014
470.607,0.018916848248989558
470.646,0.013256876162188798
470.685,-0.021352002745164914
470.724,0.0064691726210493765
470.763,-0.009561572169142092
470.801,0.0031456918865589902
470.84,-0.01799286733693841
470.879,0.032130781040414724
470.918,-0.010325777619417723
470.957,-0.02044510224805875
470.996,-0.020735410849409695
471.035,0.010785398720980423
471.074,0.004259566991017791
471.113,0.017426672324066344
471.152,0.02472476446205977
471.191,-0.016318877515950733
471.229,0.016217438791555024
471.268,-0.029058719488901527
471.307,-0.001778892976692193
471.346,0.01546746457200064
471.385,0.010964171292714061
471.424,0.01173160040904414
471.463,-0.013608614071001153
471.502,0.0009660401863562824
471.541,0.005200103604503145
471.58,-0.01565191169661999
471.619,-0.007285338085815637
471.658,0.021731912320051932
471.696,0.02398609555829643
471.735,-0.03669852756222004
471.774,-0.012107348075916166
471.813,-0.01745924246032203
471.852,0.015058393188213942
471.891,-0.026204340632993775
471.93,-0.010067096322395823
471.969,-0.012421569451330872
472.008,0.012692780596276926
472.047,0.007256696868614355
472.086,-0.03838303314081558
472.124,0.002048299685593075
472.163,-0.017497841879177335
472.202,0.01727830617496315
472.241,0.02862778410838328
472.28,-0.027535792963241677
472.319,0.0075088994831234105
472.358,0.016004871593199348
472.397,-0.01168952380583243
472.436,0.01589359615275134
472.475,0.020529152335548327
472.514,-0.00963470740858827
472.552,-0.010831406844392422
472.591,0.0070289985381128284
472.63,0.0016598917068324
472.669,-0.015736950843053276
472.708,-0.015901113835107825
472.747,0.008781719343628471
472.786,0.013845549619146396
472.825,-0.002323446592732571
472.864,-0.0020284342643412025
472.903,-0.0030003842325904088
472.942,-0.018088033833114938
472.981,0.00455048221160745
473.019,-0.01877889106713605
473.058,-0.03213816132423065
473.097,-0.0014241028400661937
473.136,0.018065393690643687
473.175,0.009251264384216546
473.214,0.016195897309764538
473.253,-0.0058637275961304115
473.292,-0.01984140714161376
473.331,-0.025715725271597434
473.37,-0.0465662041026758
473.409,0.025074655120062957
473.447,0.006317880433927576
473.486,-0.06932477265631723
473.525,-0.0005114960502187252
473.564,-0.012602134514734846
473.603,0.0075975000908938715
473.642,0.029131318883365478
473.681,-0.007734908184675395
473.72,0.047524207961664566
473.759,0.0004321884724257114
473.798,0.032030742985111396
473.837,-0.025207615441086868
473.876,-0.01007884582083026
473.914,-0.017711946245198375
473.953,-0.011302499496109543
473.992,-0.008842789598537432
474.031,0.048537499403281496
474.07,0.019921443393215027
474.109,0.0024254827562281357
474.148,0.012442046341320229
474.187,0.0009379359164648098
474.226,-0.004776489063877598
474.265,0.012019312875253
474.304,-0.0015888967753821632
474.342,-0.003340727443684673
474.381,-0.022942957558243854
474.42,0.00716457573329167
474.459,0.02910017381625471
474.498,0.004134213269819823
474.537,0.01433450466804418
474.576,0.017011013645910414
474.615,-0.005664888059570409
474.654,-0.026866052566529984
474.693,0.008483584122376226
474.732,-0.009556522715613306
474.771,0.002377323332510086
474.809,0.001385103139302261
474.848,0.014213596667911702
474.887,0.00856905244833156
474.926,-0.007180495647231751
474.965,-0.03537137145354349
475.004,0.015696176591818607
475.043,-0.024676670970405063
475.082,0.03244697354535251
475.121,-0.027399826505431664
475.16,0.01690248578652877
475.199,-0.0051009560898813925
475.237,0.022793508948307263
475.276,0.012570457329245029
475.315,0.019774286328482805
475.354,0.0037223137047862377
475.393,0.00875592039517425
475.432,0.005080621751109624
475.471,0.02661350693426689
475.51,-0.01820289273569707
475.549,0.005369273394769158
475.588,-0.013706352840086332
475.627,-0.017436400779157903
475.666,-0.0061819297685641655
475.704,-0.040032107532427634
475.743,-0.008296684583053425
475.782,-0.004365237865735654
475.821,-0.018626214509471606
475.86,-0.013225209816790573
475.899,-0.01910809791948514
475.938,-0.03470779552671402
475.977,0.02944293164660228
476.016,0.0037625880561625693
476.055,0.014561434451320375
476.094,0.02611365812859244
476.132,-0.026295060210075535
476.171,-0.002692783566803399
476.21,-0.02060530020987327
476.249,-0.022982972293055456
476.288,-0.0011845328077552885
476.327,-0.02166929122203784
476.366,-0.035238561103705164
476.405,-0.005331022475899077
476.444,0.015087282620255034
476.483,0.024107767902879038
476.522,-0.005117174661011852
476.56,-0.010669715031123898
476.599,0.030437795066585775
476.638,0.0340980304519824
476.677,0.014037112918985064
476.716,-0.01915689014423843
476.755,0.015980428283065673
476.794,-0.03238250291290969
476.833,-0.017954195006709958
476.872,-0.044124965507087444
476.911,0.0001409467093285953
476.95,-0.0436028680102594
476.989,-0.002636509156316184
477.027,0.005571869505447528
477.066,-0.02694071469154021
477.105,-0.0029792523888426004
477.144,-0.01691079996883165
477.183,0.014557870649233572
477.222,0.01053008436222481
477.261,-0.017410569825613613
477.3,-0.0162259027525973
477.339,-0.01712621580794277
477.378,0.0074411815955739875
477.417,0.012898301853523886
477.455,-0.00043387646404123223
477.494,-0.0030543171780479314
477.533,-0.01957189851546995
477.572,0.029677978147927313
477.611,-0.009332769268754136
477.65,-0.011956550401809563
477.689,-0.030804240444086337
477.728,-0.023019133580786347
477.767,-0.031152549227806497
477.806,0.017404658325007243
477.845,-0.020993313093743783
477.883,-0.015755519887021723
477.922,-0.0008958735014718035
477.961,-0.011266455322534827
478.0,0.013200783548004604
478.039,0.020941923575897265
478.078,0.025437854515661038
478.117,-0.005292767436978409
478.156,0.021626095038662294
478.195,0.022873867324376837
478.234,0.03455475656897514
478.273,0.009528348853464853
478.312,-0.007412453173515094
478.35,0.011550441859274917
478.389,-0.01839725703268226
478.428,0.0018088483740351779
478.467,0.003511086842542285
478.506,-0.02629085957941754
478.545,0.0359481888806544
478.584,-0.010052008019028611
478.623,0.017097987732453763
478.662,0.008169074340092956
478.701,0.0071252338664271955
478.74,0.0163204419922975
478.778,0.03390837669004346
478.817,0.013819123409181623
478.856,0.004611930730235553
478.895,0.03170111170924196
478.934,-0.0262393852899032
478.973,0.014341595904502914
479.012,-0.006481064872507211
479.051,0.016585524239481633
479.09,-0.03175800878171448
479.129,-0.026598513840054547
479.168,-0.004738668533117215
479.207,0.006434604807075926
479.245,0.006470472670765608
479.284,-0.010314375009083242
479.323,0.044598264811684066
479.362,0.0012165309036532364
479.401,-0.07090260074741093
479.44,0.04001203122820988
479.479,0.019401298739244326
479.518,-0.01646752203549119
479.557,-0.021631026570384286
479.596,-0.010543623857293481
479.635,-0.005875270263490069
479.673,-0.04039430782154302
479.712,0.00031384296172494094
479.751,-0.004626109686480881
479.79,-0.015155168636156152
479.829,-0.016428892619329484
479.868,-0.03915815942846759
479.907,-0.0171526712730302
479.946,0.03233591931618585
479.985,0.01582089390430088
480.024,-0.02637809827943582
480.063,-0.0031457919223563183
480.102,-0.009486865954307014
480.14,-0.002939765800266187
480.179,0.016855570459283292
480.218,0.007860776670127733
480.257,0.03497383134145984
480.296,0.021137097590123645
480.335,-0.013501674457854142
480.374,-0.006126388097951081
480.413,-0.005974056050415705
480.452,-0.015279602480697131
480.491,-0.02556223651298915
480.53,0.011274334464975867
480.568,-0.017163457280211895
480.607,0.0025291452918840517
480.646,0.022608871768349928
480.685,0.011985297595548321
480.724,-0.019201514916031243
480.763,0.003199329080146765
480.802,-0.014603624255670921
480.841,-0.03128846164308499
480.88,0.020622423243889312
480.919,0.025340745799477704
480.958,0.020165449682500152
480.996,-0.011219130387397216
481.035,0.03532016196804068
481.074,-0.03561905733484086
481.113,-0.028595024664695073
481.152,0.025425728119349185
481.191,0.014869575949686843
481.23,-0.003175628699900436
481.269,0.0025252796588999035
481.308,-0.0176016555390795
481.347,0.00791872475610935
481.386,0.0029020368215606765
481.425,-0.020614403621013376
481.463,-0.005560648172797961
481.502,-0.008641043765077164
481.541,-0.03380221646889764
481.58,0.003971183664400579
481.619,0.012987916811609039
481.658,0.0008483395565924601
481.697,0.004694419766182458
481.736,-0.004889912581269341
481.775,-0.017544973322651366
481.814,-0.008471833378740906
481.853,0.021194262279465966
481.891,-0.0004819764233953052
481.93,0.00509293661547284
481.969,0.005883641333255156
482.008,-0.022522654365325044
482.047,0.03730153726610105
482.086,-0.0006979338655062981
482.125,-0.02524127371030435
482.164,0.009354475383792988
482.203,-0.014598704710038615
482.242,0.02172206468414855
482.281,-0.0021447957854024416
482.32,-0.019481669192839002
482.358,-0.01064112400901259
482.397,-0.015137570413906143
482.436,-0.017946516950104904
482.475,0.026292607557439555
482.514,-0.015345368280284256
482.553,-0.028323781760032633
482.592,-0.0030247748199344372
482.631,-0.016135901746077742
482.67,-0.0309917071354453
482.709,0.01148465137235637
482.748,-0.013355716196317808
482.786,-0.012549322566879207
482.825,-0.000328209103082182
482.864,0.024985352016001876
482.903,-0.0046877633737478705
482.942,0.0055216574641582744
482.981,0.028950512174295943
483.02,-0.018019167078806603
483.059,0.040979229277364054
483.098,-0.01742420012722641
483.137,0.03086210270952343
483.176,-0.01422803959657947
483.214,0.031178500412540368
483.253,-0.01585750874810903
483.292,-0.007082884272537647
483.331,0.01963941569641927
483.37,-0.006570756649724596
483.409,0.027014474898099425
483.448,-0.022660049078342653
483.487,0.006351998219922494
483.526,-0.025026332453391247
483.565,0.04403137763471555
483.604,0.011317865139502316
483.643,-0.0168579902241626
483.681,0.009049339516024092
483.72,0.008638134803352845
483.759,0.011275742370254378
483.798,0.0200347382464519
483.837,-0.024401356989901223
483.876,0.036796970058479234
483.915,-0.012256523717384636
483.954,0.010352605028180492
483.993,0.010789717319726439
484.032,0.017862116834089368
484.071,0.005426425149004186
484.109,0.009596247699049517
484.148,-0.005178623097691922
484.187,-0.027736960968322566
484.226,0.010569649087986611
484.265,-0.017058974608766903
484.304,-0.00029644992552211387
484.343,0.009644393908023088
484.382,-0.02466168745060928
484.421,-0.0135984365673392
484.46,-0.011518678827928909
484.499,-0.004615760620485562
484.537,-0.04924096170626601
484.576,0.023635657454288365
484.615,-0.005053552469474369
484.654,0.00641899073423919
484.693,-0.019199452282900546
484.732,-0.00020638674248998554
484.771,-0.02050860600236564
484.81,-0.010539509353951846
484.849,-0.012165456453054103
484.888,-0.027402123410969106
484.927,0.015817929831017
484.966,0.007180671996021941
485.004,-0.0046486343701781455
485.043,0.04472048140564621
485.082,0.007313943769986819
485.121,-0.0029883256473447473
485.16,0.00857671748152034
485.199,0.0032877096422485757
485.238,-0.010240496694196726
485.277,0.008142364116340997
485.316,0.016935529026655283
485.355,-0.0017339424519327087
485.394,-0.017486237709642104
485.432,-0.0112793628882409
485.471,0.004986896840701415
485.51,0.0431918979117163
485.549,0.020854068744965454
485.588,0.014913902291847862
485.627,-0.03499844865029415
485.666,-0.00605082231161554
485.705,-0.02375708360664883
485.744,0.009064721519031173
485.783,0.027920746251022376
485.822,-0.03379808554860635
485.861,-0.008875286909219413
485.899,-0.0011592311124256991
485.938,-0.006339378088275514
485.977,-0.008586952300303607
486.016,0.0174017733740399
486.055,-0.012586755995638755
486.094,-0.0013565443419509791
486.133,-0.012787584238727594
486.172,0.035787525686326004
486.211,0.006924318918454457
486.25,-0.01543468926255811
486.289,0.01099331798506985
486.328,-0.0004902891194963465
486.366,-0.007655654434563034
486.405,-0.013699631906797415
486.444,-0.01609680473385627
486.483,0.010911691578818564
486.522,0.02289548266352413
486.561,-0.025631034407688366
486.6,-0.031618372314907814
486.639,-0.015122591437222267
486.678,0.035532550178865724
486.717,-0.022035307506061457
486.755,0.025549699523584962
486.794,0.014568719013782263
486.833,-0.019316926093467936
486.872,-0.017451012224052008
486.911,0.002089335895224448
486.95,0.010738407428537726
486.989,0.022520931986156435
487.028,-0.011308509415842865
487.067,0.025571500814633927
487.106,0.009917814270148127
487.145,-0.005965304661791051
487.184,-0.005153459982644812
487.222,0.007012326984841659
487.261,-0.008227730679090762
487.3,0.0167278100196609
487.339,0.018955400191827395
487.378,-0.03420194735344849
487.417,0.003419576069067066
487.456,-0.02036090967857908
487.495,0.004221017944546465
487.534,-0.008230186270790899
487.573,0.004379337717837219
487.612,-0.013113358226901487
487.651,-0.01872901284799088
487.689,-0.022027416216719664
487.728,0.011221830833427643
487.767,0.04526754265965295
487.806,-0.014340470510790761
487.845,-0.044903492583246926
487.884,0.01838320881472141
487.923,-0.015405453734530209
487.962,0.010829872055155072
488.001,0.013454158891568918
488.04,-0.007281176482922348
488.079,-0.000298532331369639
488.117,-0.0414443722224415
488.156,-0.03129499386748041
488.195,-0.028706389725493935
488.234,-0.023066721928941443
488.273,0.03952878807882701
488.312,-0.01544554091228261
488.351,0.04172433671231427
488.39,0.006398028559700924
488.429,-0.004068505160010448
488.468,-0.03109641712826742
488.507,0.015442932025615051
488.546,-0.024119588619072405
488.584,0.0101037046689312
488.623,0.0033630214257549564
488.662,0.005248889830560351
488.701,0.03018902303702811
488.74,-0.018766044702393625
488.779,-0.015438680646163057
488.818,-0.008645531947925124
488.857,0.0224708799930962
488.896,0.027673548279474026
488.935,0.028255921544458176
488.974,0.003984467671641163
489.012,0.009357683139217256
489.051,-0.02413377304828984
489.09,0.005250197942771718
489.129,-0.006022568560849812
489.168,0.010521528795324371
489.207,0.0026554193772141653
489.246,-0.009629771922268547
489.285,0.02507142793239897
489.324,0.03553711196632854
489.363,0.022363562873740934
489.402,-0.03149055225347964
489.44,-0.0013660157965220947
489.479,-0.005086821001570273
489.518,-0.0033648998562791008
489.557,-0.0195118372585463
489.596,0.029291547117829043
489.635,0.028130272777955406
489.674,0.003345265954672303
489.713,-0.01761240831487556
489.752,-0.017552703773126194
489.791,0.011190879400121402
489.83,0.013172856493492143
489.869,-0.0009489753427735649
489.907,-0.004608532061755155
489.946,-0.03267938838582044
489.985,0.011802433526524648
490.024,0.023262597231462963
490.063,-0.0015654234686214201
490.102,-0.003697174120545446
490.141,0.01001950810262588
490.18,-0.002413336124783134
490.219,-0.017877641346285347
490.258,0.005518782184356502
490.297,0.013204234391952733
490.335,0.03390298357816294
490.374,0.027193805549009582
490.413,0.004775035163364144
490.452,0.017627995205058977
490.491,0.019350570094729323
490.53,-0.003194463860840324
490.569,0.00820530214120616
490.608,-0.021015354366764237
490.647,-0.020092602738158515
490.686,-0.0009373839417659083
490.725,0.01136806700836698
490.763,-0.007514427593278312
490.802,-0.021334603041035623
490.841,0.001398377188010047
490.88,0.007160058482971678
490.919,0.006683543893208532
490.958,0.01418904048683381
490.997,-0.019361548630603853
491.036,0.032992909332400434
491.075,-0.006802294239711958
491.114,0.02196672319165472
491.153,-0.03203740481262971
491.192,-0.02860232083830455
491.23,0.0038032774899273525
491.269,-0.02293735884679518
491.308,-0.027784946445222225
491.347,-0.02974409585377294
491.386,-0.04927500755199142
491.425,0.0005168624773222222
491.464,0.009737071375639256
491.503,0.01077680194287065
491.542,0.02071126026166995
491.581,0.01994065158255659
491.62,0.018351140681433953
491.658,0.0008472712232261738
491.697,-0.013523637245439823
491.736,0.014754115966462244
491.775,0.0011813055838982194
491.814,0.01275139907405002
491.853,0.004859474483657913
491.892,0.011974265715934193
491.931,0.0059543581069406
491.97,0.02889202791659915
492.009,0.010295538918447818
492.048,-0.0376411192282618
492.087,-0.006042958905457011
492.125,-0.0034758782169647382
492.164,-0.007468825008423256
492.203,-0.016935888262284128
492.242,0.0380851425636932
492.281,-0.009670412641659775
492.32,-0.01568439627601136
492.359,-0.007067408722924266
492.398,0.003911678289278317
492.437,-0.009139741742776984
492.476,0.00460840249156971
492.515,-0.009472581017421815
492.553,-0.027038069147527176
492.592,-0.02637279500491687
492.631,-0.038409555215863325
492.67,-0.0013091922228658823
492.709,0.013869243570709894
492.748,-0.0016650073125060155
492.787,-0.017174049628564444
492.826,-0.01717611114329785
492.865,0.016781173527247027
492.904,0.015106579606867543
492.943,0.03376579885267031
492.982,0.029331622060160482
493.02,-0.011919388536977297
493.059,-0.03124652781342554
493.098,-0.030632946007570598
493.137,-0.021118088988985553
493.176,0.009460163282260573
493.215,0.01092394302703938
493.254,0.003888721328186781
493.293,0.015583837862639997
493.332,0.004556316204152424
493.371,0.00037383040113148167
493.41,0.0069251746008831445
493.448,-0.007609248756840811
493.487,0.03515777258735747
493.526,-0.017262617373915053
493.565,0.0005089043456658407
493.604,-0.01845875213065885
493.643,0.01289087811900007
493.682,0.0007399838539004612
493.721,0.03602887118136032
493.76,0.01642293821935751
493.799,0.005203696202112478
493.838,-0.008916012125553823
493.876,-0.022400629947124946
493.915,-0.0017357314841996811
493.954,0.017506651622472908
493.993,0.016259612480330556
494.032,0.0017534889373620344
494.071,0.016822047832202924
494.11,-0.002177555638952784
494.149,0.02279449799814213
494.188,-0.018820178304628954
494.227,-0.004677300589767045
494.266,-0.014989561853547377
494.305,-0.015888786924786284
494.343,-0.013443071421364763
494.382,-0.01205785824701315
494.421,0.007276846620699173
494.46,0.014706752375490849
494.499,0.009393583445793425
494.538,0.0070427647457212365
494.577,0.018682342217809136
494.616,0.023577194208285888
494.655,-0.025521045639053875
494.694,-0.01316776085049104
494.733,-0.0036223418084505767
494.771,0.007354757767973362
494.81,0.012631104040341639
494.849,-0.026397671760607283
494.888,0.018692038736427146
494.927,-0.0152988489307111
494.966,-0.014227426877955902
495.005,-0.01936870819088396
495.044,-0.006644167634889862
495.083,0.0036219146740275477
495.122,-0.009497816849868983
495.161,0.03220047943787148
495.2,0.006628500681809428
495.238,-0.006009554730961509
495.277,-0.01791620600214817
495.316,0.03930339839210702
495.355,0.006871240974238956
495.394,0.009128123052438033
495.433,0.009306926211210887
495.472,-0.012725722483491493
495.511,-0.001775797588951758
495.55,-0.004468365733220065
495.589,-0.025261367949021132
495.628,-0.004560453644935328
495.667,-0.015341665080069069
495.705,-0.01579123945316248
495.744,0.02945725388135016
495.783,-0.02257993430000361
495.822,-0.01702817679370025
495.861,0.023546176899686275
495.9,-0.027664661506379376
495.939,-0.005845570831495752
495.978,4.018747435610855e-05
496.017,-0.024883049711665394
496.056,-0.03527123626787982
496.094,0.01712489175377383
496.133,0.0013808821481633266
496.172,0.02888924445612461
496.211,-0.0194703818588467
496.25,-0.012614516258025198
496.289,0.008121881571019299
496.328,-0.009480415571210956
496.367,-0.0060500636938066
496.406,0.046431870448688836
496.445,0.004592678027973459
496.484,-0.0055768079974486285
496.523,0.0010874435253253865
496.561,-0.0014402797537734456
496.6,0.016396518847006505
496.639,-0.008371777591732603
496.678,-0.03244932831462561
496.717,0.015682556637089118
496.756,0.03763803464822154
496.795,0.0416318944577379
496.834,0.03665518163504765
496.873,-0.009588429013370278
496.912,-0.013033521319838143
496.951,0.011016836034035634
496.99,0.018427231168050583
497.028,-0.003188754930945275
497.067,0.0016708404786011525
497.106,-0.006462618364459852
497.145,0.027383162686913147
497.184,-0.03963093446332169
497.223,-0.01964830260647365
497.262,-0.010805828163611067
497.301,0.014526074936495223
497.34,-0.038482935652797146
497.379,-0.01167599201792334
497.417,-0.029472514554999274
497.456,0.014228238342257286
497.495,-0.00039604698534889725
497.534,-0.010115806487268003
497.573,-0.020145338995551633
497.612,-0.027310778695068032
497.651,-0.015879914445637563
497.69,-0.021325180176895806
497.729,-0.004235822892068058
497.768,0.0016654243145780463
497.807,0.006419139035512334
497.846,-0.009779587170589061
497.884,0.012907052740097727
497.923,-0.00797582044499682
497.962,-0.013752182834105316
498.001,-0.0010894076709257808
498.04,0.01579220835993062
498.079,0.013343095103912307
498.118,-0.020198061296767794
498.157,0.023188254399517563
498.196,0.013416429794449472
498.235,0.03450841451823053
498.274,-0.038868528066896266
498.312,0.006264297431364384
498.351,0.028753834466971426
498.39,-0.021391692198699026
498.429,-0.015802686835775848
498.468,0.03071768362778295
498.507,0.018733100861026787
498.546,0.003732996216049953
498.585,-0.010221878881288811
498.624,-0.02209762991008828
498.663,-0.016648992996355718
498.702,-0.017097941536980646
498.741,0.05272566947114596
498.779,0.04954111890740176
498.818,0.011311012068868524
498.857,0.005585898998641285
498.896,-0.018042115284272395
498.935,0.002547282551615783
498.974,0.02340655222343825
499.013,-0.028091847953262514
499.052,-0.016114795228064194
499.091,0.039239040140763265
499.13,0.011589637159770811
499.169,0.0015979477099270188
499.208,-0.026419141479744494
499.246,0.022835628735358753
499.285,0.045916821713006595
499.324,-0.0035358609928090113
499.363,0.000980210658146343
499.402,0.0061045202332942
499.441,-0.052602011726363945
499.48,0.0018372308276040847
499.519,0.008502858703035562
499.558,4.416964826817974e-05
499.597,-0.0035364677295757377
499.635,0.004762979058533649
499.674,0.004331348837200478
499.713,0.0007799352972537327
499.752,0.02143400889497557
499.791,-0.017037765661885314
499.83,-0.039617561767768414
499.869,0.03131838403276339
499.908,0.01862768020875515
499.947,-0.014065465160512151
499.986,0.020525463824746893
500.025,-0.0015681602633466326
500.064,0.004744828686666699
500.102,-0.009980521095576131
500.141,-0.004624888408389672
500.18,0.014054035290815912
500.219,-0.00015584593742635155
500.258,0.041135054062831855
500.297,-0.01842008362704317
500.336,0.032129168505747145
500.375,-0.026894106874335955
500.414,-0.01701849773696895
500.453,-0.009075610546046017
500.492,-0.014253226255268522
500.531,-0.011130645691368112
500.569,0.03168341871398824
500.608,0.010991229207844932
500.647,-0.021213468780427697
500.686,0.014364228286306265
500.725,0.008268271667471625
500.764,0.016046847201355595
500.803,0.003905613947913461
500.842,0.019671310769161104
500.881,0.005585364371274647
500.92,0.0037423020726691653
500.959,-0.039376616023051224
500.997,-0.015914572670351353
501.036,-0.014720533267669362
501.075,-0.01364033836766453
501.114,-0.016643320671197094
501.153,0.01302401630107542
501.192,0.00894850734567991
501.231,0.017823748000110693
501.27,-0.0022720659122739007
501.309,0.0010235460082575272
501.348,0.020475018637181496
501.387,-0.031773152970235564
501.426,-0.008388382265705888
501.464,0.0021411501266828514
501.503,0.004685739619663275
501.542,-0.008103142283381423
501.581,0.0011473372819493567
501.62,0.02459061934455969
501.659,-0.011813923952949468
501.698,0.009764270828463883
501.737,0.05460696726385796
501.776,-0.02706300641176993
501.815,-0.037404526021987086
501.854,-0.008134322430050061
501.892,0.018261877196662404
501.931,-0.019311230617304886
501.97,0.04137840697625354
502.009,6.42143516320845e-05
502.048,-0.032057907608345405
502.087,0.000990591942106803
502.126,-0.019126334960995483
502.165,-0.0025413021288470967
502.204,-0.01740530534726133
502.243,-0.005137679378721087
502.282,-0.008141304069623788
502.32,-0.022181577950184637
502.359,0.0013317695967272336
502.398,0.00820184947961181
502.437,-0.03505465062114887
502.476,-0.010304286659503944
502.515,-0.014928171893805353
502.554,0.02112402762968637
502.593,0.0029842588586104007
502.632,-0.004647409209538303
502.671,-0.016268642314348294
502.71,-0.02090586197091343
502.749,-0.027887403025889736
502.787,0.011799249512790927
502.826,0.002488551936708055
502.865,-0.04229993487861615
502.904,-0.0033580920427594974
502.943,-0.03721597664475292
502.982,-0.02841234275195402
503.021,0.012921258098491593
503.06,-0.026828630317329214
503.099,-0.04881162950738033
503.138,0.021425770593223106
503.177,-0.002861002525067239
503.215,0.006158903801254393
503.254,0.018498242356798873
503.293,-0.004319847078635645
503.332,-0.04240346970735366
503.371,-0.03206409151036911
503.41,0.004090903198263599
503.449,-0.03882933879664831
503.488,-0.024319307065942018
503.527,0.030655617004981914
503.566,0.028221840098891428
503.605,-0.04846997370251323
503.643,-0.018112170511094927
503.682,0.02645684224990177
503.721,0.03779096176817462
503.76,-0.01761642894239833
503.799,-0.028191051654707276
503.838,-0.015618403945729638
503.877,0.01221991809352113
503.916,0.024973774979060184
503.955,-0.02738948240006912
503.994,-0.01941845548472811
504.033,-0.004341021986613619
504.072,0.013510703487474273
504.11,-0.0012056442317645464
504.149,-0.007046077288957565
504.188,-0.022376039045489123
504.227,0.016347957791680055
504.266,-0.00567308554415967
504.305,0.00563862593354122
504.344,-0.027407067195473415
504.383,-0.020406943740585402
504.422,0.0030186246183616337
504.461,-0.013961217097721062
504.5,0.02114152293211599
504.538,-0.00830707036108955
504.577,-0.004595702338664003
504.616,0.0017008125421813579
504.655,0.015054166054116021
504.694,-0.009234072923628362
504.733,-0.004626690120945208
504.772,-0.03363052535651602
504.811,0.010081757232025932
504.85,-0.02034062153806039
504.889,6.800410130250413e-05
504.928,-0.03079442753033419
504.967,-0.008518725203475429
505.005,-0.015555557003916684
505.044,0.0009496826920424137
505.083,0.011571641760138857
505.122,0.0016141144617544886
505.161,0.007076518871804048
505.2,-0.02132649969831273
505.239,0.00261447478381228
505.278,-0.034046889839338526
505.317,-0.03710514770782737
505.356,0.014672442255390805
505.395,-0.0019390305392777245
505.433,0.00565107300197306
505.472,0.0129193212387049
505.511,0.0409743669895317
505.55,0.024952560552463605
505.589,0.005576312419340118
505.628,0.026641406400251845
505.667,0.023806876774208088
505.706,-0.03702628321469972
505.745,0.01986166679380659
505.784,0.022972049572493394
505.823,-0.037698385260017356
505.862,-0.04090822743811557
505.9,-0.0007366754865917452
505.939,-0.011888833893345715
505.978,0.014952371876617162
506.017,-0.0058159278519033485
506.056,-0.017399960992622185
506.095,-0.005900768101402611
506.134,0.008295945137126151
506.173,0.014216405916508041
506.212,0.03831625758459859
506.251,-0.001014608061686361
506.29,-0.0027651374860360794
506.328,-0.024956385664167455
506.367,0.0032785588095755255
506.406,-0.0012800145376799209
506.445,0.018163286401951032
506.484,0.004424203520543879
506.523,0.016073126236991274
506.562,-0.02430005901539124
506.601,0.008121750244500014
506.64,-0.010038739490385674
506.679,-0.03416688319458548
506.718,-0.01678618734028149
506.756,-0.01983072785328033
506.795,0.014536606846664957
506.834,0.025962753351572675
506.873,0.026945478075910814
506.912,0.006531271543145054
506.951,0.04722318084164574
506.99,0.00959309981350537
507.029,-0.013822691673432967
507.068,0.027064882061686894
507.107,0.02810976693002836
507.146,-0.004183768633232344
507.185,-0.03893837548840104
507.223,0.002373545866405422
507.262,-0.019621387964455207
507.301,-0.014640189304576492
507.34,0.0051017657811467595
507.379,0.00035306917958853547
507.418,-0.00013507551105404903
507.457,-0.022476643146396885
507.496,-0.02493750826984685
507.535,0.006764418620811475
507.574,0.042685703952343106
507.613,-0.02341478527842824
507.651,0.0034926396084800277
507.69,-0.008238916650987301
507.729,-0.020991586353003217
507.768,0.012725956358295046
507.807,-0.017603327843337804
507.846,-0.00048766641496731766
507.885,-0.02445014972711436
507.924,0.02244589995895612
507.963,0.0014813216573387345
508.002,-0.034571211411309116
508.041,-0.00011194082462674844
508.08,-0.027310651127783143
508.118,-0.016876044798148027
508.157,-0.006671412563772622
508.196,0.02072292471211658
508.235,-0.027274890507584124
508.274,0.021181844125316027
508.313,0.0028352800717004007
508.352,0.0005751271922938448
508.391,0.013192182203985603
508.43,-0.006413235524682053
508.469,-0.020506436773581112
508.508,0.0413371230538066
508.547,-0.017402916731247987
508.585,-0.001073407799451061
508.624,0.022171628864602475
508.663,0.01853036301437205
508.702,0.022123436615512
508.741,0.031310842990630715
508.78,0.030918090038330785
508.819,0.0038058702139619587
508.858,0.007861991776329236
508.897,-0.03203595281695242
508.936,-0.001210485870862089
508.974,0.027839852550514334
509.013,0.01971367428149943
509.052,0.013085558634683532
509.091,0.0293144072276897
509.13,-0.023026474770620545
509.169,0.016115937434828136
509.208,0.012465287940767041
509.247,0.03459497892171562
509.286,0.00980348179556335
509.325,0.03612398739503862
509.364,-0.015820222342645837
509.403,-0.012927820900575801
509.441,-0.025758917103157933
509.48,-0.00860021170359175
509.519,-0.018660671789810464
509.558,0.002476007886155006
509.597,0.0081385110351945
509.636,0.0007239477733485492
509.675,-0.00600660736645447
509.714,0.022259911601389824
509.753,-0.0038744331770636515
509.792,-0.033889774371721956
509.831,-0.008939093544481257
509.87,-0.02554748119274116
509.908,0.029944871239905333
509.947,-0.004745631136845707
509.986,-0.03107134585284278
510.025,0.02858849021861375
510.064,-0.01551055324176518
510.103,0.005768029018280869
510.142,0.004620611443620858
510.181,0.015301316115285919
510.22,0.020715715312518174
510.259,0.01633593829448236
510.297,0.005107299592327972
510.336,0.012896094229303635
510.375,0.0017185587889510662
510.414,0.009391923267003386
510.453,-0.016826187415168874
510.492,-0.027909578413605682
510.531,-0.004293883883034846
510.57,-0.014058468480403574
510.609,0.021781624201949408
510.648,-0.0011880337749951087
510.687,0.03092501000135639
510.726,0.03559520253759356
510.764,-0.006030956172337938
510.803,-0.02438616070822241
510.842,-0.03822932987866689
510.881,0.010171416000018982
510.92,-0.02103479679959272
510.959,-0.021003066303239275
510.998,-0.03516358309781566
511.037,0.02533196235398054
511.076,-0.0019284798708277782
511.115,-0.02635226194793579
511.154,-0.005587855188379898
511.193,-0.005686996377420758
511.231,-0.009853546365910642
511.27,-0.0013323325034200187
511.309,0.023314569024032963
511.348,0.01897133551014727
511.387,-0.012849002439369346
511.426,-0.009224578048255497
511.465,0.026715312635813025
511.504,-0.0040666656713404005
511.543,-0.0066303184475462115
511.582,-0.03618113049778019
511.621,-0.006230923322108882
511.659,0.01789844398846266
511.698,0.01807859682816791
511.737,-0.00954337334340488
511.776,0.029966123405046806
511.815,0.005790671973587683
511.854,0.022352701695920504
511.893,0.008843894099501603
511.932,-0.018386991078688866
511.971,-0.014726788751019586
512.01,-0.010652893824875146
512.049,-0.01234999191230149
512.088,-0.01875640390819607
512.126,0.06206224292181026
512.165,0.004702377385410458
512.204,-0.020051558334118834
512.243,0.005256230265066056
512.282,0.001423548469729561
512.321,-0.02345687298274724
512.36,0.04052871945014394
512.399,0.002603467334512384
512.438,-0.020856064426189654
512.477,-0.029396813143537863
512.516,-0.020550701517975008
512.554,0.022360020094221316
512.593,-0.013206215601407365
512.632,0.02375292662358988
512.671,-0.009097435722089105
512.71,-0.020458373269195165
512.749,0.04525237642067406
512.788,0.005865350711998559
512.827,-0.04364228087596298
512.866,0.03495375074509974
512.905,0.004201195929023642
512.944,0.008241293282185454
512.982,0.01768687439222174
513.021,-0.029786328549702003
513.06,0.004136830090851806
513.099,-0.007932948433593054
513.138,0.008897627502994956
513.177,0.016984179683827955
513.216,0.007544443759146579
513.255,-0.032249989531042564
513.294,-0.0026064539381160465
513.333,0.04814231185545695
513.372,0.007220514494012622
513.411,0.0023579199905926517
513.449,0.021705235355775936
513.488,0.008437225651879644
513.527,-0.057126668434650835
513.566,-0.01645133237189736
513.605,0.014525614008999172
513.644,-0.013058995962404323
513.683,-0.004252622326337805
513.722,-0.0006486516288211966
513.761,-0.007715019329272354
513.8,-0.015695960825179045
513.839,-0.02411466318859073
513.877,0.011981053408411279
513.916,-0.029453636117235248
513.955,-0.019847548302359984
513.994,0.006767387228647824
514.033,-0.008941695342557829
514.072,-0.019986009093289268
514.111,0.004724235144230258
514.15,0.007712676748768324
514.189,0.005438206149032655
514.228,0.05448219131745992
514.267,0.025153524170002127
514.306,0.03376857519572817
514.344,0.0008034756966620645
514.383,-0.0008061524453791963
514.422,0.015215647421636322
514.461,0.023495338263400372
514.5,0.019497943643427273
514.539,-0.01252769979131696
514.578,-0.010401666577451547
514.617,-0.007409288069759961
514.656,0.00278489470003096
514.695,0.04596098106803459
514.734,-0.03248891259656046
514.772,0.01012139697776093
514.811,0.006710654227998634
514.85,-0.015452599508649294
514.889,0.01062672061759559
514.928,-0.004902749436198073
514.967,0.02574099220578739
515.006,0.0002499604730865682
515.045,-0.020482422672458006
515.084,0.003524380853427478
515.123,-0.03304696067407002
515.162,0.01796206416306537
515.201,-0.00674464328720319
515.239,-0.012673026140382548
515.278,0.06265784347841073
515.317,0.0306605396043918
515.356,0.011075842313192545
515.395,-0.030479680302725676
515.434,0.005159667513574283
515.473,0.003545349851097772
515.512,0.02784079779782363
515.551,0.02036116825424005
515.59,-0.004292677301192857
515.629,-0.02588806655529283
515.667,-0.012746945447462587
515.706,0.006378314571335477
515.745,-0.0036551568205219894
515.784,0.00045191470816952615
515.823,0.002659757392437883
515.862,0.021819014512406965
515.901,-0.024111835622303658
515.94,-0.02303335755009821
515.979,0.01159226420614632
516.018,0.005754303956930884
516.057,-0.013104344729394405
516.095,0.035380264421310696
516.134,0.013650171016756163
516.173,0.008446121133597367
516.212,-0.0034458611078847035
516.251,-0.0011323229301243068
516.29,0.009746600038711977
516.329,0.008574052714416452
516.368,-0.010954763035942172
516.407,-0.0027476132177650502
516.446,-0.015408525940381487
516.485,-0.0044987064818588175
516.523,-0.005023801913374061
516.562,-0.04006763895694018
516.601,0.01992870429287594
516.64,-0.023997688032238
516.679,0.023500178745539987
516.718,-0.018020395221460164
516.757,0.02088686998589239
516.796,-0.00875018449639045
516.835,-0.02758420143476116
516.874,0.012660338423398544
516.913,0.000474147939279284
516.952,0.038108671624402186
516.99,0.018676977859513125
517.029,-0.014687617926452415
517.068,0.009850044152814721
517.107,0.01044849035138446
517.146,0.04250751537775789
517.185,-0.005871513005783081
517.224,0.010196163855245454
517.263,-0.011085659758904888
517.302,0.02461293330806803
517.341,0.0191952878644089
517.38,0.017624941197148046
517.418,0.042244163347768704
517.457,0.023855844156785544
517.496,0.004940685812184428
517.535,-0.02631647096994099
517.574,0.008176988034821968
517.613,-0.030336573465099707
517.652,0.0389590398497143
517.691,-0.0075783431013051366
517.73,0.003081716082420159
517.769,-0.03349448295867523
517.808,-0.020971761438082468
517.847,-0.009821869162878964
517.885,-0.005698849132687025
517.924,0.02380141332107897
517.963,-0.028240425918384413
518.002,0.00045285604978514797
518.041,0.03861592579412143
518.08,0.0074100433573068445
518.119,0.03992277239011267
518.158,-0.008158923997680903
518.197,-0.013722987020536004
518.236,0.0014284634066594787
518.275,0.03960218743755109
518.313,0.02089414588331867
518.352,-0.007838356664483213
518.391,-0.01654005306420662
518.43,-0.014014070236487697
518.469,0.00048167727562222623
518.508,-0.012847531378446679
518.547,0.01636988031101305
518.586,-0.04056390063622198
518.625,0.0031217346832097116
518.664,-0.04417355166960904
518.703,-0.04299871397928493
518.742,-0.012723139221670851
518.78,0.038513636944074
518.819,0.008542132191193402
518.858,0.011285334883483879
518.897,-0.011399778826563655
518.936,0.013306978360139504
518.975,0.0022643395397037008
519.014,0.0026055139636680163
519.053,-0.003545245239633186
519.092,-0.004500717828014276
519.131,-0.03580461441101143
519.17,-0.007309963908034204
519.208,-0.02253951989435092
519.247,-0.012420383919548045
519.286,0.015111422168536885
519.325,0.01966515386260964
519.364,0.011237965066014769
519.403,0.029371933020410877
519.442,-0.0002811126393497468
519.481,0.022498164100079158
519.52,-0.015021530037849526
519.559,-0.0070607693026537716
519.598,-0.026695298201943357
519.636,0.002045603772827854
519.675,-0.02618037113976113
519.714,-0.007452886771901263
519.753,0.015135213140473013
519.792,-0.008869536793540083
519.831,-0.015732988065561736
519.87,-0.01187914424944939
519.909,-0.012193803185533418
519.948,0.018289132498745475
519.987,0.004054556266754373
520.026,-0.010523803297348087
520.065,-0.016563769798528395
520.103,0.02367132534125719
520.142,-0.007808181574330219
520.181,-0.0277377955350042
520.22,0.004925794547748337
520.259,-0.026980215509423224
520.298,-0.009333930462354322
520.337,0.042710695418782016
520.376,-0.009606342769239096
520.415,0.0032942645795332585
520.454,-0.018957515167148643
520.493,-0.016294325660586174
520.531,0.02704909243048488
520.57,-0.025583928076325965
520.609,0.0005109418911028365
520.648,-0.009425304065551986
520.687,-0.012865437432809514
520.726,0.0013923343299985973
520.765,0.018033554875876254
520.804,0.022612824802841668
520.843,-0.01599924324410667
520.882,0.051862185712810885
520.921,-0.027408382964743884
520.96,-0.00271266715071513
520.998,0.0052819353182078504
521.037,0.0038200863856748374
521.076,-0.014661000691352866
521.115,0.0010331487591432225
521.154,0.016021217827131496
521.193,0.001750670379925585
521.232,-0.034071798614120706
521.271,0.0067970147359768494
521.31,0.0020909095597328384
521.349,0.03153031481143504
521.388,0.019122173500314872
521.427,0.034411671946950856
521.465,0.002642941648604097
521.504,0.001175788199409493
521.543,-0.011312970681515589
521.582,0.033919531632848034
521.621,0.0028454072160824352
521.66,0.008236122527201
521.699,0.002342350275229161
521.738,-0.014073460975235999
521.777,0.003915345551423194
521.816,0.002573302236643267
521.854,-0.004707457603272189
521.893,0.011700449467312366
521.932,-0.01892296411473414
521.971,0.011217834299653635
522.01,-0.03353451574692965
522.049,-0.009569346940147008
522.088,0.00022256742327525156
522.127,0.04620819380405233
522.166,0.05367499821144929
522.205,-0.004273045758674371
522.244,0.023320311439541073
522.283,-0.021423697124195708
522.321,-0.015944365471012266
522.36,-0.018397702723349115
522.399,-0.008173370895600465
522.438,0.010287319187140237
522.477,-0.003308517368671532
522.516,-0.04451178678617601
522.555,-0.021909250092752963
522.594,-0.006544374627289883
522.633,0.008591528916822817
522.672,0.0372330279116025
522.711,0.008260181737501392
522.75,-0.007975506606298133
522.788,0.009406783726025198
522.827,-0.018324327366756987
522.866,-0.007558493533189
522.905,-0.0015011530387970332
522.944,0.00464941348423669
522.983,0.008928161484282264
523.022,-0.013014603595286993
523.061,0.027553547274329813
523.1,-0.004463431347030744
523.139,-0.0124685738359228
523.177,0.008646432034038686
523.216,0.013663583760998337
523.255,-0.009723575468235103
523.294,0.024499330919332415
523.333,0.0065885075543165115
523.372,-0.010066114776252702
523.411,0.035359035809570435
523.45,0.004406892804513462
523.489,0.036659518671179975
523.528,-0.025028796174785747
523.567,-0.042680120641496434
523.606,-0.011371563928346744
523.644,-0.0021299768297920346
523.683,-0.0016921868272085812
523.722,0.0024807881900584163
523.761,-0.028955251000018722
523.8,0.04727430428649741
523.839,-0.005537541703007753
523.878,-0.03771899467295994
523.917,0.005194476249422624
523.956,-0.04855854729834276
523.995,0.06672480210420144
524.034,0.0017280585483540637
524.073,-0.023123966188187524
524.111,0.011156913729928622
524.15,0.02161442483372214
524.189,0.02035669239899869
524.228,-0.03192871319907151
524.267,0.0274179850133161
524.306,-0.009272677892056966
524.345,-0.023862549803769287
524.384,0.00635042273741868
524.423,0.0006974773541305011
524.462,-0.01711236916920099
524.501,0.008740455111786297
524.539,-0.008294936877203353
524.578,-0.006780585578682725
524.617,-0.006273551211775803
524.656,0.02694873678527221
524.695,-0.007931527228868501
524.734,-0.019726564881946136
524.773,0.023171087540570037
524.812,-0.0276462056358543
524.851,0.006148461064414372
524.89,-0.02999251832574471
524.929,-0.01525056005978644
524.968,-0.014074908263631596
525.006,0.02881449014515143
525.045,-0.017638109300906705
525.084,0.006688381811132134
525.123,-0.011483276871764227
525.162,0.021883989782736046
525.201,-0.025480473504933848
525.24,-0.007055839828352966
525.279,0.0007753059164736613
525.318,0.002247787307685746
525.357,-0.04830316407982453
525.396,-0.006191826548775963
525.434,-0.05377369334963334
525.473,-0.0014338108218134031
525.512,-0.00944934968463847
525.551,-0.0022330862416170775
525.59,0.02770097522572783
525.629,0.026254671695351554
525.668,0.0144990589938272
525.707,0.03311572328622339
525.746,-0.02136529003756939
525.785,-0.009664977490938632
525.824,-0.030175008377704454
525.862,-0.022398508189080263
525.901,0.028658227119485805
525.94,-0.007686762882927575
525.979,-0.0044741121902840165
526.018,-0.0018862796710851187
526.057,0.00628872548994098
526.096,0.014929021731956952
526.135,-0.011622150355533791
526.174,-0.013219724862719665
526.213,-0.021037861585333464
526.252,0.049355990050326176
526.291,-0.0020892735934897304
526.329,-0.005040224043984783
526.368,-0.00010390874977333694
526.407,-0.003835855212991445
526.446,-0.0458971171266907
526.485,-0.037659840038643505
526.524,0.0019791359608004964
526.563,-0.0060745630205272984
526.602,0.021243900446819477
526.641,-0.03645935389690341
526.68,0.0023384619366906686
526.719,0.00629977342985866
526.757,-0.029648869425660716
526.796,-0.025521355752514813
526.835,0.013626023238833298
526.874,-0.002090693234933244
526.913,0.006618940226328446
526.952,0.01065958390658125
526.991,-0.015942153109066555
527.03,0.0407392472061746
527.069,0.052675361047892236
527.108,0.012650890101569955
527.147,0.01967627197359501
527.186,0.018005971228446375
527.224,-0.005123250407667967
527.263,0.01573852967781004
527.302,0.018330800324826875
527.341,0.013096277271096022
527.38,0.015838432189733326
527.419,-0.024256068103852585
527.458,0.0014936790607617424
527.497,0.022632981309991695
527.536,0.017013972759838264
527.575,-0.017146674446470802
527.614,0.0059650640109203375
527.652,-0.007681246489211603
527.691,-0.007487043061801922
527.73,-0.01027607638076778
527.769,-0.042787942626589755
527.808,0.0042426308603674655
527.847,0.014383644842280474
527.886,-0.014799695954973293
527.925,-0.03895294882689562
527.964,0.002482746608360497
528.003,0.02521026740719725
528.042,-0.014672717323147368
528.08,0.005804942975088228
528.119,0.005544598207550381
528.158,0.0014303721843092858
528.197,-0.005370348110708243
528.236,0.01831724383785506
528.275,-0.0027143470944042923
528.314,-0.0175241064968327
528.353,0.017434140850066525
528.392,-0.019890988377067514
528.431,-0.014390215165717837
528.47,0.001959169461538929
528.509,-0.023819181057412306
528.547,0.005121162516542949
528.586,0.008300405738227427
528.625,-0.020970841053842643
528.664,0.0025717529398763313
528.703,0.021326033451022366
528.742,-0.027323579010839216
528.781,0.021498600644797694
528.82,0.0313407182731857
528.859,0.01672622696235964
528.898,-0.003766752971253646
528.937,-0.008718372189131626
528.975,0.0017155813702802191
529.014,-0.026762463648760164
529.053,0.00778145318045941
529.092,0.002554955390295382
529.131,0.02378210260504542
529.17,0.02612603807080088
529.209,-0.005513352650909412
529.248,-0.003379052066562291
529.287,-0.03536013366024577
529.326,0.007716753139691539
529.365,-0.015691570958229432
529.404,0.020296899991162708
529.442,0.017167542137138808
529.481,-0.038047249825322635
529.52,-0.0016985891529447332
529.559,0.01864178713105775
529.598,0.031842314604712194
529.637,-0.0022815714487732456
529.676,0.002914407961033411
529.715,-0.020069024605341903
529.754,-0.002883128568736988
529.793,0.031625865837538986
529.832,0.03301771278782414
529.87,0.014721328296885702
529.909,0.022114926528722295
529.948,-0.015855980536613558
529.987,0.016725418960961424
530.026,-0.015948004351400386
530.065,0.027612038472733618
530.104,-0.020325537222859496
530.143,0.02459856996002671
530.182,0.00472976068516824
530.221,0.01921320711808857
530.26,0.007129710398536968
530.298,0.004357106487829058
530.337,0.036634292831610474
530.376,-0.023921239512677373
530.415,0.010791486314378738
530.454,-0.012683481486548803
530.493,0.01956870449591956
530.532,0.025604915301622136
530.571,-0.014166061413389636
530.61,0.0017794203403321673
530.649,0.007953191500104975
530.688,-0.01881579492155535
530.727,-0.006345801683900899
530.765,-0.016915809599790173
530.804,0.023579680148744835
530.843,0.025203425709895987
530.882,-0.009538397934131313
530.921,0.0032151488861017624
530.96,-0.01722285536041119
530.999,0.016052650637440533
531.038,-0.0005402387785642098
531.077,-0.014748579434068864
531.116,0.01925078482158263
531.155,-0.023132402507166056
531.193,-0.006649027401974915
531.232,-0.019915147208398425
531.271,0.009580679932019323
531.31,0.031034232113593543
531.349,0.028187579971894115
531.388,-0.02448371518396774
531.427,-0.0030347935952538055
531.466,-0.016868659244356293
531.505,0.008352017487357102
531.544,-0.004726586764385889
531.583,0.008061325381813915
531.622,0.007485152730144159
531.66,-0.021261671229810715
531.699,0.007969773520083254
531.738,0.010763502821885528
531.777,-0.016861341785298356
531.816,-0.0279698693790775
531.855,0.013469664581082095
531.894,-0.022173506291936904
531.933,-0.0020523961771887903
531.972,-0.00674161161346622
532.011,0.028722870929242483
532.05,-0.02277519694370742
532.089,0.010624882496295278
532.127,0.013538468346708448
532.166,-0.0027663834267738375
532.205,0.03144160329531109
532.244,0.01158689245363152
532.283,0.04516375622448534
532.322,-0.00445335877478965
532.361,-0.03161493324416641
532.4,-0.008701575734935425
532.439,0.015984490262472364
532.478,-0.00347584391810856
532.516,-0.06311299318725165
532.555,0.008470051853844755
532.594,0.002822496429078435
532.633,-0.030756880840800617
532.672,0.029209523520674407
532.711,0.02590541863498602
532.75,-0.02560273847507311
532.789,-0.04666893218528144
532.828,-0.026090648876624184
532.867,-0.028157563549381804
532.906,0.0007672750798594277
532.945,-0.009463555870765597
532.983,-0.010822089332693593
533.022,-0.001430286744894805
533.061,0.005735110251038278
533.1,0.02762351877362207
533.139,0.02636033910480478
533.178,-0.014164431851422446
533.217,0.016161276518478953
533.256,-0.007851695757720897
533.295,0.002981239560225251
533.334,0.009269100733516937
533.373,0.013964370115877915
533.411,-0.01657077750520467
533.45,-0.014454940774025399
533.489,-0.004794637198986696
533.528,0.014196987429941294
533.567,-0.02006228360944481
533.606,-0.0020605207231750005
533.645,0.02063295352192647
533.684,0.0006978399656591
533.723,0.0026378539228966375
533.762,-0.03761408071421274
533.801,-0.01593986948450868
533.84,-0.02010931819218522
533.878,-0.022288499318236957
533.917,-0.006387276644135525
533.956,0.016562936813741463
533.995,0.007289760617424319
534.034,-0.02191760809280629
534.073,0.0620771248602201
534.112,0.008895890781955337
534.151,-0.010440472571950108
534.19,0.002416988381877958
534.229,-0.03566421751838353
534.268,0.027117608622775652
534.306,-0.02339742151964821
534.345,0.03166907263330997
534.384,-0.00967168866673861
534.423,-0.01481961545783403
534.462,-0.03087739713461236
534.501,0.0033732311109870975
534.54,0.007894984732756032
534.579,0.04094168139687081
534.618,0.019221507090817224
534.657,0.020811162680007978
534.696,-0.02170016787982864
534.734,0.020358413665571406
534.773,0.010041633578298034
534.812,-0.004896208528163608
534.851,-0.0175576806964443
534.89,-0.0211772389034889
534.929,0.03798071234977031
534.968,-0.007373297864970392
535.007,0.0258740106838056
535.046,0.016286430410793237
535.085,0.015379737933064436
535.124,0.009648977442117204
535.163,-0.010747588317146685
535.201,-0.015639278522494107
535.24,0.010677885440554983
535.279,-0.027602828749279162
535.318,0.03517546587488706
535.357,-0.0063106155444589435
535.396,-0.004279083177522257
535.435,0.010336578391735966
535.474,-0.02585146385466286
535.513,0.015612981115468945
535.552,0.006946454749098092
535.591,0.033062663476881624
535.63,0.022115431579032473
535.668,-0.028075912050685325
535.707,-0.025636187598881928
535.746,-0.021801272791341177
535.785,-0.008781474504281123
535.824,-0.024680009731219033
535.863,0.04961961520671466
535.902,0.020016689328744765
535.941,-0.009844468380218255
535.98,-0.005371903761172914
536.019,-0.004470491763688718
536.057,0.02959902308891422
536.096,0.004389288090189036
536.135,0.035324100665867275
536.174,0.029197673349274127
536.213,0.003949020584210058
536.252,-0.0071604699285893365
536.291,0.003522132541048051
536.33,0.0009745713359462053
536.369,-0.026125291252117794
536.408,0.004353230535165387
536.447,-0.032176741755020666
536.486,0.0029744104055776884
536.524,-0.019294429754420847
536.563,-0.04330121035927688
536.602,-0.033925178899385046
536.641,-0.011344739526801106
536.68,0.006900638163206538
536.719,-0.012310099556316324
536.758,0.010317301540197013
536.797,0.01316510549797123
536.836,-0.0037675148840383907
536.875,-0.00782554389967325
536.914,-0.017127176226193575
536.953,0.011433454594058704
536.991,-0.02205393882244901
537.03,-0.03555324959999055
537.069,-0.00132006133024834
537.108,-0.014092624707484208
537.147,-0.003184775648075473
537.186,-0.0017993911405913554
537.225,-0.008364761726516911
537.264,-0.015830740489843453
537.303,-0.010778420235604099
537.342,-0.005691386890373475
537.381,0.03668599141802096
537.419,-0.0066998037799550665
537.458,0.0041376084839313335
537.497,0.00015139784705780514
537.536,0.025616063235597127
537.575,0.0022105961730221426
537.614,0.02215647318164445
537.653,0.028122936744943088
537.692,-0.016571268698597947
537.731,0.013085899432404827
537.77,0.00680595553803279
537.809,0.006102471806099121
537.848,0.02749182665248498
537.886,0.032316524976461966
537.925,0.020210171680732428
537.964,-0.026956993397817347
538.003,0.008275512373968777
538.042,0.0023826626400927035
538.081,0.030276868085855592
538.12,-0.006993601539819212
538.159,-0.02712404482897411
538.198,0.025677561415327115
538.237,-0.015752805558344532
538.276,0.007571761834780657
538.314,-0.0016775645163743535
538.353,-0.019883969304932737
538.392,0.003694434900039224
538.431,-0.028323551634018607
538.47,-0.011971057368102271
538.509,-0.014101239268310303
538.548,0.031132722229158544
538.587,0.017880225569806705
538.626,0.021688110854880573
538.665,0.009775899739668336
538.704,0.006887817012641489
538.742,0.023455873546747184
538.781,-0.025616030904588926
538.82,0.004972286301503559
538.859,-0.014949349061510029
538.898,-0.007014860679676165
538.937,0.013703611421406152
538.976,-0.02029665470354813
539.015,-0.030034914282685624
539.054,0.006102678475515478
539.093,-0.008299926212275476
539.132,-0.025563927966969234
539.171,0.00980120343075739
539.209,-0.005442492978729764
539.248,0.011818242234369879
539.287,0.007184129080668011
539.326,0.012824716129925503
539.365,-0.007455591132250342
539.404,-0.001112760535298003
539.443,0.024738233913026052
539.482,-0.004894569514397047
539.521,0.012475110057552957
539.56,-0.01443496092258775
539.599,-0.004674028725120951
539.637,-0.009084993391710757
539.676,-0.039724318357238705
539.715,0.033157588712642995
539.754,0.020145056182397512
539.793,-0.002310175927384855
539.832,-0.017620406236671958
539.871,-0.01302778993315157
539.91,-0.029525659117797705
539.949,0.019848733311602126
539.988,-0.028250203088823492
540.027,0.00271899638659648
540.066,0.04197861069369699
540.104,3.735945113022068e-05
540.143,0.006343920583664109
540.182,0.014966508207236016
540.221,-0.041733917383060794
540.26,-0.022248278808035652
540.299,0.007220873797880268
540.338,0.013747041245839092
540.377,-0.004212777389539659
540.416,-0.019079237510008198
540.455,-0.046560806944498045
540.494,-0.00683992387800418
540.532,-0.005997183062882695
540.571,0.04199858022744285
540.61,0.002600649895548608
540.649,-0.0183082142577186
540.688,0.0036191388329554507
540.727,-0.0012244609119122177
540.766,0.029330893862014935
540.805,0.005814304310420279
540.844,0.04242145811705573
540.883,-0.004841801806100087
540.922,-0.006724036731316037
540.96,0.0037059520542458944
540.999,0.003388658447913649
541.038,-0.0030227458204045684
541.077,0.015510516064746866
541.116,0.031238247280897143
541.155,-0.019482516703084533
541.194,0.0014431281964782435
541.233,0.018154405697097177
541.272,-0.007218247780868823
541.311,-0.0024465716528302445
541.35,0.000801435499384202
541.389,0.032674007037849825
541.427,-0.0393559086219484
541.466,0.0038298698614145136
541.505,0.02096321078209229
541.544,-0.02901540179492748
541.583,0.027701620551852817
541.622,-0.021001319109840055
541.661,0.001282864451744455
541.7,-0.017420100289921848
541.739,-0.027581575155175262
541.778,0.019224174700176903
541.817,-0.010289222597101355
541.855,-0.011969001293479761
541.894,0.01383457184621193
541.933,0.010541017016347827
541.972,-0.044137759095281455
542.011,-0.03364059261612429
542.05,-0.01799151586152108
542.089,0.020579397931215097
542.128,0.025331624984961283
542.167,0.004384638614134999
542.206,0.004066875964219764
542.245,-0.028477795716860543
542.284,-0.011955125032423424
542.322,0.025039344788048118
542.361,-0.05591023806487314
542.4,0.002106124238839464
542.439,0.00028660178732400204
542.478,-0.011964903293252664
542.517,-0.022078519926780418
542.556,-0.007724683048206791
542.595,-0.01952338007100594
542.634,-0.02021183317513564
542.673,-0.026428686541266976
542.712,0.022137527022908103
542.75,-0.005929381054626873
542.789,-0.00990443705236014
542.828,-0.007263774978314647
542.867,0.04217608269547239
542.906,0.0009343512579877734
542.945,0.01824651033981923
542.984,0.017126179656255184
543.023,0.010296336728091033
543.062,-0.020758513747579248
543.101,-0.015481023748315066
543.14,0.008790706101949153
543.178,-0.006211320892275733
543.217,-0.03369586625619834
543.256,0.01647659799639457
543.295,0.0030018823461101813
543.334,0.04075297996674271
543.373,-0.024329862954452292
543.412,0.01522682890177475
543.451,-0.016723190471164752
543.49,0.014664490285466018
543.529,0.01196570727639897
543.568,-0.031220578039627064
543.607,-0.0029268105376203286
543.645,-0.015178952969568473
543.684,-0.005218200265672243
543.723,0.01860151888062592
543.762,0.004661719455517671
543.801,-0.0019011838667991974
543.84,0.021098774184399066
543.879,0.014619026414744999
543.918,-0.006101081394257719
543.957,-0.00406270072205739
543.996,-0.052217191516813644
544.035,0.0035522547057336394
544.073,-0.014879757792649077
544.112,0.006428596996880007
544.151,-0.013730946390273792
544.19,0.0496476955198909
544.229,-0.021836045562396433
544.268,-0.009014495684444465
544.307,-0.002494248444255274
544.346,-0.01554210259422335
544.385,-0.03581910347706359
544.424,0.028221234015762844
544.463,0.015846923612630105
544.502,0.02277617406018786
544.54,-0.015393404677442277
544.579,-0.0019127953623587933
544.618,-0.018942779108309098
544.657,0.033792322354125305
544.696,0.017059191766819973
544.735,-0.009237504515980637
544.774,0.024252980096188183
544.813,0.007220781468428204
544.852,-0.029172396741286494
544.891,-0.012619511296842658
544.93,-0.006086669130499384
544.969,-0.03624405943578926
545.007,-0.015125810838458736
545.046,-0.00188186260591608
545.085,0.029924691240920363
545.124,0.013824720331254509
545.163,0.007840647743589522
545.202,0.019691024281336008
545.241,-0.010233444951003232
545.28,-0.03262310361062106
545.319,0.02421239657125549
545.358,0.018865109853540563
545.396,-0.004284886186831038
545.435,-0.00813249736331038
545.474,0.021994008197059378
545.513,-0.0031679013255297697
545.552,-0.0019315787852662632
545.591,-0.0021690053865530932
545.63,-0.0016722320594749311
545.669,0.03771142146875249
545.708,0.0067896337406995215
545.747,-0.02131761234486053
545.786,-0.014501416052328363
545.825,0.017981869170642595
545.863,0.025763240966431532
545.902,0.02621803379413609
545.941,0.005827254625652755
545.98,-0.010574891720801402
546.019,-0.02411631111708515
546.058,-0.012617714126191937
546.097,-0.015362397032894534
546.136,0.011894961280057566
546.175,0.011328419173467628
546.214,0.023443923322888655
546.253,-0.00944886573346573
546.292,0.01897033955340411
546.33,-0.03396212699082998
546.369,-0.03234732054045257
546.408,0.019605319707874005
546.447,0.012781345867123477
546.486,0.014668463872146334
546.525,0.005911609463701347
546.564,-0.026616125001467063
546.603,-0.003785744337961105
546.642,-0.017134361546351666
546.681,0.01635882316623747
546.719,-0.027235981112031262
546.758,-0.002368424529346643
546.797,-0.04518445453759572
546.836,0.05026922186265448
546.875,-0.022423887526826496
546.914,-0.03366943813437
546.953,0.01464516914574706
546.992,0.019171423317532087
547.031,0.03127734637417462
547.07,-0.00579672755367533
547.109,-0.0043617979278797285
547.148,-0.008527245559140353
547.186,0.007910502666462291
547.225,-0.021446534064950513
547.264,-0.002099301099546482
547.303,-0.010344389933342107
547.342,-0.03317237370685347
547.381,0.021716564095549028
547.42,0.014515787936913667
547.459,0.010483650066781302
547.498,0.03660006728649341
547.537,0.004946385813562103
547.576,0.015141852088182958
547.615,-0.03238142150749605
547.653,-0.006790704226777132
547.692,0.009427045109036778
547.731,-0.007687555147434629
547.77,-0.004512933261049245
547.809,-0.031518458863806206
547.848,0.01792812993451453
547.887,0.038437776780335636
547.926,-0.009228755280754293
547.965,-0.057668129618006776
548.004,-0.02799570156705635
548.043,-0.005395341199532267
548.081,-0.028466976097632817
548.12,0.01655664952812798
548.159,0.0008472557202343922
548.198,0.02866089840028461
548.237,-0.007267498485861318
548.276,0.010371898478370913
548.315,0.019872118270061502
548.354,0.007999029246925726
548.393,-0.020351220488668418
548.432,0.012160963208263351
548.471,0.0045214060577184086
548.51,0.004316482927106362
548.548,-0.03138275958635598
548.587,0.009321235896195518
548.626,-0.004046620375179966
548.665,-0.010578854707766743
548.704,-0.012986874006654072
548.743,0.022356080966268392
548.782,0.01545614613337805
548.821,-0.017592018017797143
548.86,0.007500936119439021
548.899,0.024241244555612818
548.938,-0.002913267265911657
548.976,-0.03221144266443576
549.015,0.02136468508794889
549.054,0.014675109193274702
549.093,0.0009788835907891774
549.132,-0.01321468899234215
549.171,0.008297325532107519
549.21,-0.015856135940501503
549.249,0.00045517548983901
549.288,0.014515791897608519
549.327,0.035676771814213484
549.366,0.029769453952874964
549.404,0.019177882747221722
549.443,-0.02004803024124811
549.482,-0.0034606852522113033
549.521,-0.0032762751599684876
549.56,0.015122023770998614
549.599,0.0036476134403473992
549.638,0.0006794015022378455
549.677,0.030203069935964517
549.716,-0.013548003165099024
549.755,0.037563365238517665
549.794,0.04622513971711584
549.833,-0.017694082649555673
549.871,-0.014833413518224035
549.91,-0.05094207297962822
549.949,-0.01865216931278154
549.988,0.018899160356462445
550.027,0.007861584559695161
550.066,-0.02511286349059849
550.105,0.048020641243243185
550.144,-0.021947926026682205
550.183,-0.014459509869797306
550.222,-0.02778408159245864
550.261,-0.00953758516458013
550.299,0.017610770416698975
550.338,-0.00433147681341659
550.377,-0.005581671045585285
550.416,0.009400276548792087
550.455,-0.010464186629724832
550.494,-0.028359203574523626
550.533,-0.008974758313349849
550.572,0.005888831572724676
550.611,-0.012837159651515466
550.65,0.03084828122100277
550.689,0.043166674011644486
550.728,0.0037995174354240333
550.766,0.035722858512470784
550.805,0.012029067869533016
550.844,0.005454220595139517
550.883,0.010101370556805527
550.922,-0.005806788626784693
550.961,-0.005456093710443889
551.0,-0.004332274872021984
551.039,-0.014577794473010969
551.078,-0.0033199501029251757
551.117,0.022603807992886173
551.156,-0.02402959144281826
551.194,-0.008994733003532283
551.233,-0.01891557962620245
551.272,0.010342807308761179
551.311,-0.010065125555342821
551.35,-0.008345960388262477
551.389,-0.021068470868807174
551.428,0.008653075541464227
551.467,-0.005031911401146434
551.506,0.021639899257244435
551.545,0.010308282612488166
551.584,-0.020575522535669195
551.622,0.010007420619460375
551.661,-0.020170105846933555
551.7,-0.004632438362255082
551.739,-0.022707548589082818
551.778,0.0016403926793718913
551.817,-0.00644624094261563
551.856,0.025898879207578364
551.895,0.025660789388247687
551.934,-0.014728979947284502
551.973,0.02900051674623197
552.012,0.006603543273552433
552.051,-0.009735488456667432
552.089,0.009724846993333354
552.128,-0.0068230454181695405
552.167,0.00914711073896878
552.206,-0.009138916000935624
552.245,-0.010306419382310654
552.284,0.0010113322899799894
552.323,0.016480489992070035
552.362,0.020280411689262395
552.401,0.009526342718170759
552.44,0.01543390620217102
552.479,-0.02712468081012939
552.517,-0.017482690882338454
552.556,-0.0324126974674902
552.595,0.010526358427297908
552.634,-0.004525881101041838
552.673,-0.013447302346530096
552.712,0.009032198289954309
552.751,-0.01862729988431744
552.79,-0.01191683042191875
552.829,-0.014046394457340863
552.868,-0.03714627584455245
552.907,0.020316906798376996
552.946,-0.008511436423194772
552.984,0.007586949518963439
553.023,0.006943025531268505
553.062,0.002780934428216907
553.101,-0.01681482751489171
553.14,-0.00743051197848095
553.179,0.0036491921397849127
553.218,-0.0038996714000082656
553.257,0.01164264946164835
553.296,0.024525782358835554
553.335,-0.019784612840037068
553.374,-0.014526185653703812
553.412,0.007327201037674371
553.451,0.005596499291529713
553.49,-0.019083803831771887
553.529,0.00838103302835112
553.568,-0.005731872760824475
553.607,0.02499822691478729
553.646,0.015009367451138997
553.685,0.02236503123374372
553.724,-0.012768203258046137
553.763,0.020376323963344347
553.802,-0.023042898878998172
553.84,0.017903437462500376
553.879,0.02726103496866418
553.918,0.03440451899855476
553.957,0.002531816852417169
553.996,-0.023458249277153977
554.035,-0.00041341414658052633
554.074,-0.01628066610778758
554.113,-0.020550035575380564
554.152,-0.013001174049975599
554.191,-0.027391603006731467
554.23,-0.004534294874817501
554.269,-0.01774400904832806
554.307,-0.0031000406988252126
554.346,-0.011625655692564272
554.385,3.9711717165699656e-05
554.424,0.00017221782767724695
554.463,-0.026427409280303033
554.502,-0.03032255907773824
554.541,0.0010102141016591123
554.58,0.0140574725550312
554.619,0.0050344136852961165
554.658,0.016740343568528354
554.697,0.00973135179684346
554.735,0.0007919721725054753
554.774,-0.007304915998974653
554.813,0.04598509593326939
554.852,0.007881531177296317
554.891,0.008932966014490167
554.93,-0.005003411386198418
554.969,-0.030432236141432503
555.008,-0.02300471707601741
555.047,0.010662782671656688
555.086,-0.011420905692294047
555.125,0.004540311646491567
555.164,0.031324509526610506
555.202,0.022331788724335284
555.241,-0.012842736607287589
555.28,-0.0004220952332729417
555.319,0.023462176957529675
555.358,-0.004196925141949215
555.397,-0.018358857333706294
555.436,-0.01899124157104597
555.475,-0.0007799765679997383
555.514,0.029124010703321268
555.553,-0.0010536356434375678
555.592,-0.0005398192045063988
555.63,-9.574103244914568e-05
555.669,0.007349460886853865
555.708,-0.025116926022976726
555.747,-0.023179286172267607
555.786,-0.0004601922505364144
555.825,0.021578535493919245
555.864,-0.05179560784975058
555.903,-0.021241876773041325
555.942,-0.0022258293958505064
555.981,-2.7356616982814747e-06
556.02,-0.020526577599954254
556.058,-0.023785254565286063
556.097,-0.008272491583339682
556.136,-0.002864922096887157
556.175,-0.01670380127391983
556.214,0.02238429779095486
556.253,-0.0025912079250316558
556.292,0.019898702010056564
556.331,-0.002071612160031815
556.37,-0.0011632760604518757
556.409,0.007438933495014622
556.448,-0.014134958677069698
556.487,-0.018553527987068927
556.525,0.03989796172291864
556.564,-0.03411669581496783
556.603,-0.017302951453887643
556.642,-0.006096133748485377
556.681,0.013222697552101507
556.72,-0.002729139136357027
556.759,-0.033287468141176904
556.798,0.011149384550618775
556.837,-0.010694666249944779
556.876,-0.018814388257918563
556.915,0.013119379026603253
556.953,-0.005764070806113072
556.992,-0.025786204276846646
557.031,0.003014815471185983
557.07,-0.02186301070221324
557.109,0.0036663844271957605
557.148,-0.021118559963545985
557.187,-0.018860356523375896
557.226,-0.0251252480779545
557.265,-0.03630835771789828
557.304,-0.009498701092501487
557.343,0.015532702779155978
557.382,-0.010887144710170476
557.42,-0.034974810380123
557.459,0.00524842598036683
557.498,0.010908118550663272
557.537,0.0006223177055790924
557.576,0.014925008285409339
557.615,-0.00745631951370848
557.654,0.0023657826452019044
557.693,0.029857674640262757
557.732,0.015244816317036138
557.771,-0.004251326163234031
557.81,0.00812164456739932
557.849,-0.024037658826535722
557.887,-0.016612176825806083
557.926,0.017615805544676316
557.965,-0.0005105665439927567
558.004,0.028883947076739025
558.043,0.003811776843256909
558.082,-0.010259212730676821
558.121,0.023944440162882843
558.16,-0.03530889218486134
558.199,0.02559693230093913
558.238,0.023278196914485176
558.276,-0.006770748067314502
558.315,-0.025741109189531684
558.354,-0.020552533139861776
558.393,0.006636358399158553
558.432,-0.011688491292768676
558.471,0.009018748417970261
558.51,-0.010175080992156405
558.549,-0.02529487409869331
558.588,-0.016977534756530646
558.627,0.013530885503260724
558.666,-0.01924084366548228
558.705,0.0005951388965342065
558.743,-0.0020484298726144755
558.782,0.010171874872087983
558.821,-0.007867254426437492
558.86,-0.008416166731724635
558.899,0.01973887747691091
558.938,-0.004285915799844563
558.977,0.01884244761077378
559.016,0.024635629154695356
559.055,-0.023482636945349633
559.094,-0.019023758022714485
559.133,-0.03529739431119396
559.172,-0.0008093435442867432
559.21,-0.030158849980656738
559.249,-0.009720783592324922
559.288,0.0022692633012783986
559.327,-0.006467033674009086
559.366,0.006246261689558432
559.405,0.01169598946526
559.444,0.02600152867516317
559.483,-0.03947022216142824
559.522,-0.03723326325036929
559.561,0.020141643112046973
559.599,-0.0020439592666115563
559.638,0.00549032181928712
559.677,0.004037639636520638
559.716,0.012088161800312532
559.755,-0.014372860726534152
559.794,-0.009864237135133251
559.833,-0.015428114560066765
559.872,0.0283582963526921
559.911,-0.03143700194390834
559.95,0.020930140541447352
559.989,-0.016972294958109896
560.028,0.02193326917942105
560.066,-0.016282798169535748
560.105,0.027636574394115706
560.144,0.003339772291750767
560.183,-0.027934265628062956
560.222,-0.011400415807312912
560.261,-0.03331450583105161
560.3,-0.016987072428396623
560.339,0.002416419150922982
560.378,-0.003164258158979783
560.417,0.050672743936003704
560.456,0.013442484568344503
560.495,0.04099986077016836
560.533,-0.029498151628675216
560.572,0.038619540210642754
560.611,-0.036672767976376926
560.65,-0.0074334618167010685
560.689,-0.011307603985746146
560.728,8.078287401815012e-05
560.767,-0.01621792216988604
560.806,0.002509872971236289
560.845,0.02123630876569712
560.884,-0.01407510710164135
560.923,-0.007643393207326682
560.961,0.013400176433301093
561.0,0.014574384050965221
561.039,-0.0131567070390875
561.078,-0.027401906379188597
561.117,0.009241857630856793
561.156,-0.007545731105510701
561.195,0.032790256378352436
561.234,0.008206671881433963
561.273,-0.009082763976562904
561.312,-0.03409016456312342
561.351,0.01909769851051795
561.39,-0.011794615516312104
561.428,0.020826623078463453
561.467,-0.015815885730335405
561.506,-0.029231343192848327
561.545,-0.007464286206508479
561.584,-0.0045480216649199
561.623,0.0246300588655764
561.662,-0.0019976526524928626
561.701,-0.002266867176377651
561.74,0.017359040353162124
561.779,-0.0051013139224463915
561.818,0.03837466312342065
561.856,-0.011541146911635485
561.895,0.0385248393555793
561.934,-0.01907301690835946
561.973,-0.030001000117347937
562.012,0.004610012812358798
562.051,-0.004055124612119693
562.09,0.014354808034033398
562.129,0.029671504997858707
562.168,0.008546486366300534
562.207,0.006258452166862141
562.246,0.03613404930945896
562.284,0.015337588801850328
562.323,-0.01400952651968479
562.362,0.02787808129332698
562.401,0.004548125257654246
562.44,-0.004610189230693672
562.479,-0.01344148815781114
562.518,-0.028959324792205424
562.557,0.003369523326032617
562.596,0.02876845271761161
562.635,-0.023528804439816368
562.674,-0.02308099555999846
562.713,-0.0013142103930594805
562.751,0.0026468024838945496
562.79,0.0016738226343061251
562.829,0.01019101203593505
562.868,0.017957413362860622
562.907,0.03134002099352514
562.946,-0.003185456071986961
562.985,0.015890444759596122
563.024,-0.01489997807979302
563.063,-0.021280925137789477
563.102,0.052455751324164926
563.141,-0.0035174964200830744
563.179,-0.007806489195835133
563.218,0.04268875584921182
563.257,-0.011315583561803772
563.296,0.027981816188746025
563.335,0.012409500875092985
563.374,-0.022682399416661333
563.413,-0.0008807391533353047
563.452,0.025560068198101468
563.491,0.011752767382043115
563.53,-0.029818656111754403
563.569,0.021851951963518215
563.608,-0.011167029636698661
563.646,0.00863711888076484
563.685,-0.031854783480537045
563.724,-0.00632415466614992
563.763,-0.004216259120226416
563.802,0.023659305859021512
563.841,0.010129192963670017
563.88,0.011099155453346705
563.919,-0.014329159883414393
563.958,0.003311292148263015
563.997,-0.008461381193734699
564.036,-0.05301908976257173
564.074,-0.00851998329086384
564.113,-0.021310000315813968
564.152,-0.02612166326949885
564.191,0.020186829127544634
564.23,-0.02126209248643152
564.269,0.027954215019665433
564.308,-0.025426743764280092
564.347,-0.026452229596730638
564.386,0.007678634579763265
564.425,-0.044239442202853085
564.464,0.00598966376483024
564.503,-0.006577937695965522
564.541,0.03496599793991591
564.58,-0.01210599513007362
564.619,-0.01794604163814385
564.658,-0.010223897715110909
564.697,0.02954521197745521
564.736,0.04832673910087672
564.775,0.004278619568710985
564.814,-0.04080330578508739
564.853,0.028971776307151018
564.892,-0.01986108759281676
564.931,0.005934487301344526
564.969,-0.041836897288073244
565.008,-0.0017677342267817392
565.047,0.005646732898410244
565.086,-0.02807150528776954
565.125,-0.002249531252489936
565.164,0.014531343868957847
565.203,0.029611980179852476
565.242,-0.01102293447570655
565.281,-0.034623173169272915
565.32,0.012589884720931435
565.359,-0.022018502125049105
565.397,0.005770392787800557
565.436,0.026950395194672547
565.475,-0.02812665694605715
565.514,-0.005510941603068155
565.553,0.01413684439390001
565.592,-0.012687690607872611
565.631,0.020910623673623757
565.67,-0.003052206261836781
565.709,0.01372476666471965
565.748,0.015032543002980611
565.787,0.02466667867266838
565.826,-0.007113766773677777
565.864,-0.009043088803988276
565.903,0.01635836701926014
565.942,-0.0290701015519282
565.981,0.025485489901239042
566.02,0.031955898231035965
566.059,0.009188536970509906
566.098,0.020195828881671356
566.137,-0.0662267931380379
566.176,-0.015690390922298465
566.215,0.02658052530502341
566.254,-0.0007449275005531472
566.292,0.00976784352506116
566.331,0.015971365379961897
566.37,-0.000740081547664632
566.409,-0.009821024675742496
566.448,0.0059497032687878945
566.487,0.026735780968933698
566.526,-0.014729916016085552
566.565,0.014255657633224297
566.604,0.015187380439162167
566.643,-0.025209324069219843
566.682,-0.029097935544074312
566.72,0.0020852620467233327
566.759,-0.02810216019137791
566.798,-0.00442047332235853
566.837,-0.0010595040649566375
566.876,0.00839990960939726
566.915,0.010872396765120695
566.954,-0.007153263622349663
566.993,-0.021656320415234756
567.032,-0.028223577625484365
567.071,-0.03031011199833681
567.11,-0.010743517209650623
567.149,0.005984956112826357
567.187,-0.03474787269989464
567.226,0.007329419808020451
567.265,0.004262062502139989
567.304,0.019287559743277616
567.343,0.023731015889677506
567.382,-0.0027786599368572916
567.421,-0.010757296599352453
567.46,0.0017446228338818745
567.499,-0.0062572230942639475
567.538,0.013368554169190656
567.577,-0.04286165495761754
567.615,0.0012790599159434157
567.654,-0.026666108861634334
567.693,-0.04511480909914876
567.732,-0.01334047507325195
567.771,-0.0010618366478844336
567.81,0.009391550768702486
567.849,0.023671777197186793
567.888,0.017969637416891202
567.927,-0.041558086578016476
567.966,-0.014025295767846453
568.005,0.010416872803938344
568.044,0.0017749759860819694
568.082,-0.003807105861395731
568.121,-0.01426313449218267
568.16,-0.03865434771833544
568.199,-0.007869747027169412
568.238,0.010207553289619566
568.277,0.033154664961418556
568.316,-0.02568537437364117
568.355,-0.003722300905268811
568.394,0.009768295914893033
568.433,-0.00805452491827696
568.472,-0.018202917077289334
568.51,-0.000416445079448251
568.549,0.007908617895311061
568.588,0.015429686009136554
568.627,0.003711851802015356
568.666,0.028362211382159355
568.705,0.014080855955597306
568.744,0.010082379239138855
568.783,-0.013464754491588207
568.822,-0.007460081871498747
568.861,0.00028965919103047643
568.9,-0.023172899354569506
568.938,0.023566812852978306
568.977,-0.006262950362223113
569.016,0.020676420426982894
569.055,-0.013428298162786309
569.094,-0.028479512576084463
569.133,-0.005047981780810474
569.172,0.030072097324436466
569.211,0.03169918700959618
569.25,0.031096530687935376
569.289,0.04228275168104599
569.328,0.015532342472325468
569.367,0.029188971001791592
569.405,-0.007322137483324495
569.444,0.010990833679386048
569.483,-0.036757012484184434
569.522,0.03789379311739135
569.561,-0.03166178240031694
569.6,0.022117986053782995
569.639,-0.005829725501498265
569.678,-0.012388683448109745
569.717,-0.006420628248867321
569.756,0.010227467700176327
569.795,0.008730783103863193
569.833,0.008780269615871996
569.872,-0.042474019307160105
569.911,-0.05269308938395915
569.95,-0.001664087156833147
569.989,-0.02213811426136828
570.028,-0.018752469863146538
570.067,-0.0276662546559136
570.106,-0.009807745261495717
570.145,0.017500715100868414
570.184,0.0006927244761816649
570.223,-0.0013083916115482035
570.262,-0.03401730284947868
570.3,0.007466813469570186
570.339,-0.018343215321356108
570.378,-0.026734794452494038
570.417,0.017558256880712674
570.456,0.05414453701493557
570.495,0.009804568258654812
570.534,-0.02226062066304514
570.573,0.027856004903139674
570.612,0.0028968712140172315
570.651,0.011443437886038061
570.69,-0.03475463082017591
570.729,0.06289104369394367
570.767,-0.013798728079025099
570.806,0.027671236053729557
570.845,0.013778756220486658
570.884,-0.0012775924377749245
570.923,0.02328476950729557
570.962,0.03932935130852144
571.001,-0.026771208894468112
571.04,0.006739303622611105
571.079,0.0035362370309889686
571.118,0.029499328361159857
571.156,0.01931046584518118
571.195,0.007434597661490047
571.234,0.0032232980991391434
571.273,0.028466948970577305
571.312,0.026389601588273748
571.351,0.002185675585231195
571.39,-0.027473598856332174
571.429,-0.0010737913658723543
571.468,0.014539616488213218
571.507,-0.026106483865648053
571.546,0.001920906669663826
571.585,0.029102727201418755
571.623,-0.0014280911065598437
571.662,0.03298530930467341
571.701,-0.0005009909012982838
571.74,0.016669695429778142
571.779,-0.023978423235147518
571.818,-0.0271640940685186
571.857,2.799813266414139e-05
571.896,0.017042728329867113
571.935,0.0034947308862008117
571.974,-0.0028586836882252614
572.013,0.02358005682050257
572.052,0.0018066980984995894
572.09,-0.008545829148138118
572.129,-0.0327221798879551
572.168,0.018682149722924497
572.207,-0.0002191532165561321
572.246,0.03183696723340024
572.285,0.006175850705127566
572.324,0.03933653822644127
572.363,0.027755554285302256
572.402,0.017474905601725047
572.441,0.015199414218674854
572.479,-0.00914556614167643
572.518,0.003174615408213399
572.557,0.017778009916251336
572.596,0.0545822031559654
572.635,0.0015038567102196544
572.674,0.018718548498051327
572.713,-0.008343553126588509
572.752,0.0019079272004283217
572.791,-0.005793910863765678
572.83,0.03207692802236896
572.869,0.005660012633446475
572.908,-0.0059662052703836075
572.946,0.029468648515643684
572.985,-0.0025463256821504875
573.024,-0.0033889172212531894
573.063,0.0015509252811096788
573.102,0.05348348275312658
573.141,-0.008503184533989974
573.18,0.0010943312110395752
573.219,-0.01277471437677283
573.258,-0.008657590834987272
573.297,-0.016991682337152727
573.336,0.03300029669882817
573.375,-0.010497549002851488
573.413,0.006939005526746778
573.452,-0.0014996911086894906
573.491,-0.01824607194022225
573.53,-0.013404147349620366
573.569,-0.01169094459477616
573.608,-0.02130726179382769
573.647,-0.0029827331164817847
573.686,0.0072588718776581875
573.725,0.02381893385825011
573.764,0.010192147901888122
573.803,-0.021408739277909265
573.841,-0.0063854736976761955
573.88,0.011277948221998133
573.919,-0.015980213489102196
573.958,-0.011927891122440044
573.997,-0.007301380321775914
574.036,-0.022715228560453826
574.075,0.00012106892660689386
574.114,-0.011606137865413941
574.153,-0.017556083910681416
574.192,0.010685376160504525
574.231,0.009123006301843532
574.27,-0.006794322508497257
574.308,-0.06083195955745356
574.347,0.013813614051359738
574.386,0.04588160630802684
574.425,-0.0202460337734788
574.464,0.0001137310656299682
574.503,0.00047479091428630216
574.542,-0.012962197173613766
574.581,0.02147585140580829
574.62,-0.04290201546555818
574.659,0.008522150199469404
574.698,0.02915096253540513
574.736,-0.0014195605275000055
574.775,-0.013139560213957496
574.814,0.004869476985453084
574.853,-0.0136408198904805
574.892,0.0065748342384840015
574.931,0.049160655803278185
574.97,0.04105531403685618
575.009,-0.01875579905853088
575.048,-0.002839110765163676
575.087,-0.00048714944569713727
575.126,-0.02855840922970323
575.164,-0.008143504003887091
575.203,-0.01813284901516681
575.242,0.011534802607089271
575.281,0.0011458964856449752
575.32,-0.01661533709509077
575.359,-0.028051750701529727
575.398,-0.021741621582202678
575.437,-0.028663958435911185
575.476,0.006646944495452098
575.515,0.006278256217944754
575.554,-0.0047813497526363
575.593,-0.019278599353206066
575.631,-0.013419366129782982
575.67,0.016134101635567662
575.709,0.014931038375559959
575.748,-0.0004344257576207409
575.787,0.01355573979788937
575.826,-0.03228611706188631
575.865,0.005681596296074547
575.904,-0.007644680654346318
575.943,-0.02064974432026976
575.982,-0.012430415296661758
576.021,0.012867569666350238
576.059,0.0051640989821388214
576.098,0.013808613655281764
576.137,-0.011270242571266203
576.176,0.02324971128043976
576.215,0.005658059929896854
576.254,0.013593550242687581
576.293,0.013937440218178006
576.332,0.008607994134401244
576.371,-0.0008243329809636407
576.41,-0.000772946123093473
576.449,0.0143800758427933
576.488,0.0012849105033446266
576.526,0.030971926769695693
576.565,-0.0032611381141671386
576.604,-0.0034615072241162403
576.643,-0.024375184595409154
576.682,-0.043856168365513044
576.721,-0.011633812754763856
576.76,-0.006045986894239106
576.799,-0.0009814995848548968
576.838,0.022135865558085378
576.877,-0.002093247022348659
576.916,0.02335651975331382
576.954,-0.042858891716965275
576.993,0.006895029772751434
577.032,-0.03684412288028958
577.071,0.005523154077537474
577.11,0.008374305628053956
577.149,0.02230217084431509
577.188,-0.012079530452282498
577.227,-0.01788458384842851
577.266,0.012782043015331205
577.305,0.021036829841753098
577.344,0.02331876298352597
577.383,-0.015944146648124234
577.421,-0.042409717050604506
577.46,-0.022061100352221114
577.499,-0.009496667908030016
577.538,-0.0179637827787646
577.577,-0.019401032916222825
577.616,0.001372776358787395
577.655,-0.006830649331022851
577.694,-0.04667979410960131
577.733,0.016509026032312857
577.772,-0.009697584278685325
577.811,0.02265487161377666
577.849,-0.03838711376427348
577.888,-0.019182202148633323
577.927,0.004433743440893813
577.966,-0.0054040740731009515
578.005,0.0067182431756557595
578.044,0.019199703099249437
578.083,0.044158508941871545
578.122,0.03562434865122076
578.161,0.00026303687543286283
578.2,-0.0006995244100184098
578.239,0.0017870426193174723
578.277,0.008462825372384242
578.316,-0.035000358135746576
578.355,0.027721771939799307
578.394,-0.004891474503680458
578.433,0.03164384043135138
578.472,0.000842150594125215
578.511,-0.02219673739279543
578.55,-0.0032932808930340495
578.589,0.03483081044821282
578.628,0.010530164086284047
578.667,0.007314898452382453
578.706,0.008590448413368621
578.744,-0.0004958390296956987
578.783,-0.046325486497227834
578.822,0.018002760352545544
578.861,-0.01838834450299497
578.9,-0.005884928863467501
578.939,0.02550966646803862
578.978,0.006980417266981979
579.017,-0.018188919420203307
579.056,0.032582233665429505
579.095,0.039954333081276744
579.134,0.0019463319225924277
579.172,-0.023545589205540295
579.211,-0.003670684058082646
579.25,-0.036920559228792234
579.289,-0.014540656049940412
579.328,0.022791065230541654
579.367,0.03749210717851305
579.406,-0.0055344053839807405
579.445,0.02643958854258703
579.484,-0.03397904053045065
579.523,0.004783327438917514
579.562,0.014537636489055168
579.6,0.011415653120502148
579.639,-0.017159289360022444
579.678,-0.0015935108822870336
579.717,-0.035451830752292995
579.756,0.017828994553881844
579.795,0.015006578987101232
579.834,-0.0011723214834264664
579.873,0.03681622925881683
579.912,-0.001393952484909533
579.951,0.004143233177672415
579.99,0.012278864981573781
580.029,0.0310968240435158
580.067,-0.01336963039739186
580.106,0.028045381024019607
580.145,-0.007113616222421914
580.184,-0.002236811606436768
580.223,0.01017155819906618
580.262,-0.0070733642274953806
580.301,-0.008395573549990008
580.34,0.010842494087276245
580.379,-0.008931210353863323
580.418,0.002400312596262215
580.457,0.035097503472249665
580.495,-0.014620404141959588
580.534,0.028131731846139426
580.573,-0.003820454233327521
580.612,0.03720102440258708
580.651,0.03923391618638665
580.69,-0.016652393593326827
580.729,0.0182019320231525
580.768,-0.011707473970668722
580.807,-0.0233014429130836
580.846,0.005688491319072224
580.885,0.01680501915842303
580.924,0.013843256786014752
580.962,0.017628542945047405
581.001,-0.009760419002905099
581.04,0.002402023138870878
581.079,0.0023079546122585608
581.118,0.00024621755117896875
581.157,-0.004154718210768504
581.196,0.014354000843880475
581.235,0.00861601768069143
581.274,0.01579167796830188
581.313,-0.031988298410622854
581.352,-0.019018426769138327
581.391,0.0020316158008157675
581.429,-0.026398687474846114
581.468,-0.03580049438681114
581.507,-0.005246953417873525
581.546,-0.012841847838287412
581.585,0.01406606967708716
581.624,0.023843058465125334
581.663,0.0032886597684862236
581.702,0.005382746265614444
581.741,-0.001407906269522593
581.78,-0.014811015002371131
581.818,0.027845152719272515
581.857,-0.012688227832166329
581.896,-0.0040094365722973405
581.935,0.015594696261036038
581.974,0.014776248260076189
582.013,-0.010616684915827155
582.052,0.02160442739270973
582.091,0.01528661555135899
582.13,0.012822611738009386
582.169,-0.023307482975060932
582.208,-0.002627075259817599
582.247,-0.019389751952072903
582.285,0.0052495996591635525
582.324,-0.011305665338384289
582.363,0.006120904589607626
582.402,-0.032941892630444204
582.441,0.012573279240937865
582.48,-0.0018726867714660236
582.519,0.0007581391195007128
582.558,-0.004224485069821107
582.597,0.03831546327115197
582.636,0.03465154275402129
582.675,-0.017309578702407645
582.714,0.0035551121387239672
582.752,-0.001629243647742913
582.791,0.016498425885743937
582.83,0.011928587271760483
582.869,-0.03384368335495053
582.908,0.023647463087629435
582.947,-0.014431423378141543
582.986,0.011029080515469207
583.025,0.005082584152229846
583.064,-0.02166770589790786
583.103,0.00746815396187331
583.142,0.012242203626556203
583.18,-0.007850653303527896
583.219,-0.005367880628125564
583.258,0.027069208363004107
583.297,-0.028334482079584736
583.336,-0.018133400238357224
583.375,0.01971656085724379
583.414,0.009513091818038374
583.453,0.03485873186189045
583.492,-0.012532006591543002
583.531,-0.019657748269981762
583.57,0.03080854451716869
583.609,0.02152543070673225
583.647,0.01089843606007037
583.686,-0.009470288642684151
583.725,0.01898011131447146
583.764,0.005129643202896973
583.803,0.014651268830794153
583.842,-0.026016867038634595
583.881,0.015661797519034314
583.92,-0.04716372031740296
583.959,0.02217286827234283
583.998,0.0010793049802719037
584.036,0.04180896121007803
584.075,-0.0052756479085146095
584.114,0.013093861742459285
584.153,0.025405529968444772
584.192,-0.03299745979786903
584.231,0.02779505225743365
584.27,-0.03573907982089885
584.309,0.0010870293792899109
584.348,0.021059885148357684
584.387,-0.036818437839433296
584.426,-0.033931883485079674
584.465,-0.006554421346837981
584.503,-0.03219512677685126
584.542,-0.01809394574389036
584.581,0.003217442612266938
584.62,0.031226906925013533
584.659,0.008434386925372569
584.698,0.016341891277306633
584.737,-0.038927922837329924
584.776,0.009199288148046283
584.815,-0.011746035845875694
584.854,0.00020857799262104324
584.893,-0.01917746968721105
584.932,-0.01684622367530131
584.97,0.03419506980400736
585.009,-0.002156832739478129
585.048,-0.009167046926998466
585.087,-0.011698959997624806
585.126,0.004743120811824219
585.165,-0.04222101405065286
585.204,0.006840240875978213
585.243,-0.00564153279259768
585.282,-0.01492057689961179
585.321,-0.00801638719592131
585.36,0.005983186936757449
585.398,0.008643751540104123
585.437,-0.0065472096873080594
585.476,0.0008869886587987223
585.515,-0.025929370840738958
585.554,-0.010520060172413581
585.593,-0.012678388450750401
585.632,0.00898327788171184
585.671,0.026057564861921883
585.71,0.002470387559065576
585.749,0.0032239010557250205
585.788,-0.007314438221498461
585.826,0.02137628662833628
585.865,0.014517039009602764
585.904,0.03498774839597896
585.943,0.02489534986962479
585.982,-0.026762069979356887
586.021,0.005055041478627899
586.06,-0.014018867255935614
586.099,-0.00332514253822388
586.138,0.00580926907671644
586.177,0.007705517213751151
586.216,0.0057394267022317525
586.255,0.008192181359563094
586.293,-0.005285968221768282
586.332,-0.013019092978304489
586.371,0.01877311057785891
586.41,0.0015898808869209574
586.449,-0.009948766744339092
586.488,-0.0169907619961601
586.527,0.010399235942901767
586.566,0.008539598816664856
586.605,-0.021199808791070494
586.644,0.015608148016373979
586.683,0.0044552953989092075
586.721,0.01501375472619503
586.76,0.0019970578889533866
586.799,-0.023218165567583236
586.838,-0.007115919488486833
586.877,0.014247674194216587
586.916,-0.0029698397500281535
586.955,-0.02721901534017317
586.994,-0.037432009509048514
587.033,-0.001219259238359644
587.072,0.0028272800086955197
587.111,0.008722545781312544
587.15,-0.006533530018315556
587.188,0.03826883319061285
587.227,-0.005092065654065715
587.266,-0.01870722816645128
587.305,-0.027705869889530377
587.344,-0.01358425870301284
587.383,-0.03322618834544907
587.422,-0.014610333366994362
587.461,0.018749597679679063
587.5,-0.0026412001668861523
587.539,0.03485959259385688
587.578,0.04111475950284665
587.616,0.013458773719133201
587.655,-0.029458476099016577
587.694,-0.0008325560140150599
587.733,0.0002930259251474627
587.772,0.008199361076911575
587.811,-0.05064438620538429
587.85,-0.0317658602068686
587.889,0.02309584119706292
587.928,-0.030754867021380597
587.967,0.01729587875514562
588.006,-0.012272885288314578
588.044,0.001963821731459893
588.083,-0.019970348578003002
588.122,-0.01781389766013404
588.161,-0.015329758278359026
588.2,0.022563331676317452
588.239,0.036052660394815694
588.278,-0.031049449902270546
588.317,-0.0295750203706229
588.356,0.022198850834594306
588.395,0.025913681319622746
588.434,0.023358897372554484
588.473,0.004921078733335009
588.511,-0.010486422184986716
588.55,0.022306710962260348
588.589,0.015383100325333562
588.628,0.030069466628778806
588.667,-0.022050805413878192
588.706,0.024385673312543883
588.745,-0.008856559375571336
588.784,0.018532669623074625
588.823,-0.037542589172740976
588.862,0.015446808465433233
588.901,0.015828871951450253
588.939,7.46759688486317e-05
588.978,-0.008624948045022765
589.017,0.032567837597193366
589.056,0.03136538940738008
589.095,0.030852748041099762
589.134,0.017704726848360133
589.173,-0.010359937809550834
589.212,-0.021768702641653908
589.251,-0.013402622650175753
589.29,0.01837144067709381
589.329,-0.029646861008922224
589.367,-0.00039817141649647284
589.406,-0.031633557070669976
589.445,0.02809741163536737
589.484,-0.04228601258576884
589.523,0.013207067908873073
589.562,0.0032614312913765197
589.601,0.005719183034881575
589.64,0.0004903112378123577
589.679,-0.012595602848935227
589.718,-0.018879539650055552
589.757,0.034822451865505075
589.796,-0.0016328721327138395
589.834,0.003008605209555485
589.873,0.04594510089321199
589.912,0.04815889246943865
589.951,-0.007741949106568672
589.99,-0.027354932807422974
590.029,0.012588589490486631
590.068,7.066622625067839e-06
590.107,-0.009675937642234156
590.146,0.01918740639962671
590.185,0.0008111477095103536
590.224,-0.005460202103349383
590.263,0.01628812957163624
590.301,0.004028897261348035
590.34,-0.014951052136020025
590.379,-0.03898382339792851
590.418,0.018209962910808994
590.457,-0.010599911683759901
590.496,-0.01457974237649429
590.535,-0.00863983705182564
590.574,0.005700503752526322
590.613,0.014891947928673923
590.652,-0.004921478997529604
590.691,-0.01070415282447435
590.729,0.016231926054554126
590.768,0.006336905997874648
590.807,0.009831927660546096
590.846,0.006321904852324334
590.885,0.00028932196858371274
590.924,0.029250896761753273
590.963,0.004408265011288496
591.002,0.009562161706006291
591.041,0.017596024296547785
591.08,0.011759111627615637
591.119,-0.0035225242009473134
591.157,0.010197952541021725
591.196,0.02196693757839094
591.235,-0.009972549384664676
591.274,-0.002895714701169498
591.313,0.02178003415360551
591.352,-0.008111563968374754
591.391,0.010823271707856848
591.43,-0.008577183725110514
591.469,-0.011505811245576373
591.508,-0.03776804157418497
591.547,0.0010257776566769787
591.586,0.011908955937371023
591.624,0.005108866508738926
591.663,0.009612868776254894
591.702,0.02555270695836638
591.741,-0.017202278130255766
591.78,-0.007775718693362493
591.819,0.02160983532821877
591.858,-0.007580028957625399
591.897,0.016139089684914707
591.936,-0.0028805536901711
591.975,-0.03388271762808007
592.014,-0.012129170234074532
592.052,0.00016852123473563418
592.091,0.0018564945581143978
592.13,-0.004208239775365766
592.169,0.03950284896694386
592.208,-0.019778627270732842
592.247,-0.01811300752146017
592.286,-0.02609835705742894
592.325,-0.04168010202052401
592.364,0.012352857752314966
592.403,0.019682160187878134
592.442,0.0013570513924624182
592.481,0.007029492546213931
592.519,0.0021226238426255827
592.558,-0.021986568298660834
592.597,-0.02573056562337308
592.636,0.0031653861478153833
592.675,0.0026463153653956285
592.714,-0.00456252674436881
592.753,0.0004013528239807159
592.792,0.004930506438410358
592.831,0.001519948813164699
592.87,-0.04098052774073284
592.909,0.003030189758600702
592.947,0.041018323325078196
592.986,0.017854745900815185
593.025,0.033128452730095174
593.064,0.011287862734308969
593.103,-0.020544117138093426
593.142,0.0366042263448077
593.181,-0.0026769910508204465
593.22,-0.009238122667582976
593.259,-0.036544214464003355
593.298,-0.04820365258243346
593.337,0.012456406956052692
593.375,-0.0143313987092829
593.414,0.020884462381302142
593.453,-0.02517368399116918
593.492,0.0020262218657508616
593.531,0.015922479514979434
593.57,-0.047468674073382205
593.609,0.0009614170791238871
593.648,-0.029605599978297682
593.687,-0.00010418604928486832
593.726,-0.021708424619359696
593.765,0.010586384286238908
593.804,0.006272966706255353
593.842,0.03551449533733674
593.881,0.04695003798401075
593.92,-0.016794817949008774
593.959,0.02869343335331374
593.998,-0.004405668198687193
594.037,0.015442839848510513
594.076,-0.004014336348184478
594.115,-0.02280830120039097
594.154,0.009692017217127157
594.193,0.0007978024787555099
594.232,0.03097026467537188
594.27,0.004210277204173024
594.309,0.015304418418924921
594.348,-0.0018500856364923471
594.387,0.000579692421415829
594.426,0.01505050715811615
594.465,0.02986340692995747
594.504,-0.011528843338258005
594.543,0.007832648693936824
594.582,0.007320956352090918
594.621,0.0069127907310402815
594.66,0.020004627971430107
594.698,-0.0019551483350062245
594.737,-0.03288370387305505
594.776,0.02682732982293912
594.815,-0.010880969709335931
594.854,-0.016647835425784623
594.893,0.02155357296471522
594.932,-0.023698956816079312
594.971,-0.003199488339798326
595.01,-0.011743273882098407
595.049,0.0012657456667188628
595.088,-0.014041238483253391
595.127,-0.029875833445855732
595.165,0.0040121232112221876
595.204,0.006968529487267153
595.243,-0.04151481772480346
595.282,0.015698100223090206
595.321,0.006798914851126752
595.36,-0.0036218662921060577
595.399,-0.015356320562252685
595.438,0.020039775683567487
595.477,-0.011399627020856232
595.516,-0.02104862565626045
595.555,0.00989137985828321
595.594,-0.038974374762606324
595.632,0.024172035661138964
595.671,-0.0053827055832973494
595.71,0.008785553874973475
595.749,-0.04563379433738933
595.788,0.006092859739449093
595.827,-0.01111455962867463
595.866,-0.029408694094528134
595.905,0.05263064481272493
595.944,0.01821683993102647
595.983,-0.0025815626065391543
596.022,-0.021626661719854254
596.06,-0.005454947013549143
596.099,-0.010036948065188685
596.138,-0.017786868183755182
596.177,-0.02927548513649264
596.216,-0.01038830504431157
596.255,0.03361362202299909
596.294,0.014639591168257676
596.333,-0.011620333486784838
596.372,-0.0024760189774934134
596.411,-0.03312971264221194
596.45,0.002590166717893031
596.488,0.017614868313131894
596.527,0.004019081991792755
596.566,-0.021238869427312776
596.605,-0.008884185521087723
596.644,-0.022699067912561086
596.683,-0.019074608930092423
596.722,-0.03270791766156504
596.761,0.001860120499866749
596.8,0.023545306064159957
596.839,-0.0009438091140160244
596.878,0.00817590350966705
596.917,-0.011269994245709146
596.955,0.00775193933564611
596.994,0.009479625971255711
597.033,0.011861991444911544
597.072,-0.019368803425460296
597.111,0.004688555137139968
597.15,-0.007699082402968101
597.189,0.03039807638721251
597.228,0.02418198059564869
597.267,0.015887675436470083
597.306,-0.011137663927069118
597.345,-0.008140438356718079
597.383,-0.012474157085880141
597.422,-0.026242135407706202
597.461,-0.005318640860279514
597.5,0.007962177962377933
597.539,-0.01999133012111317
597.578,0.0052635824432648234
597.617,0.001673492037764579
597.656,-0.01754403559290067
597.695,0.02742719052507603
597.734,-0.03306104047203659
597.773,-0.0025695466579576465
597.812,0.010750096610099671
597.85,0.02106709747499116
597.889,0.0016986017660566028
597.928,0.010307553715753507
597.967,-0.010717621232427223
598.006,-0.004393239536364172
598.045,-0.006628241844396926
598.084,0.021664427724202434
598.123,0.049483319848463686
598.162,-0.03911972615618109
598.201,-0.0037948518745959054
598.24,0.008762952234085915
598.278,0.018900670634894583
598.317,-0.0021107436187883556
598.356,-0.014215932582224866
598.395,0.04080525815084041
598.434,-0.03314670302504752
598.473,0.05324413983994872
598.512,-0.03935197599950079
598.551,-0.013693256893825544
598.59,0.01628915598369378
598.629,0.007266548263183454
598.668,-0.018590900035569728
598.706,-0.002309385596495007
598.745,-0.006383660148711674
598.784,0.0038506121241691665
598.823,-0.01632639258721644
598.862,0.038069514055899964
598.901,-0.02157137116997436
598.94,-0.029946833095025084
598.979,0.0239656746509482
599.018,0.001120591033950005
599.057,-0.0008461753894742271
599.096,0.0045357669162334035
599.135,0.0026414672531757675
599.173,0.012775351506991496
599.212,-0.025479002787277116
599.251,0.006413981531128917
599.29,0.020549247677931905
599.329,-0.03349330468852959
599.368,0.03489606037777971
599.407,-0.002970588653722208
599.446,0.015416500315851374
599.485,-0.00558512212914202
599.524,0.009157404237103244
599.563,-0.03402366752230134
599.602,0.01670224749129024
599.64,-0.02776139042608077
599.679,-0.006479553695234791
599.718,-0.0004981757916183707
599.757,0.01958631918246763
599.796,0.003245801681549528
599.835,0.007216638405827467
599.874,0.019190329948235878
599.913,0.004250329771110662
599.952,0.01659841399957459
599.991,-0.006019939584674394
600.03,-0.00042054975292327504
600.068,0.007876140727476949
600.107,-0.005219463931113697
600.146,0.007889957978519128
600.185,0.002817681293479201
600.224,0.029390741016149816
600.263,-0.001520680945843823
600.302,0.024734935226371525
600.341,-0.004930414995778709
600.38,-0.0023483235658374483
600.419,0.02411882182057499
600.458,-0.025721207157305914
600.496,-0.029041424454893758
600.535,-0.008699942424498609
600.574,0.00585165340094348
600.613,-0.0014238325204394098
600.652,-0.013913066160674559
600.691,0.026694132404183866
600.73,0.005964409247297013
600.769,0.015458360003604656
600.808,-0.01409746907105603
600.847,0.012721918510089268
600.886,-0.0070493592882681965
600.924,0.010935294709035866
600.963,-0.014150171383904066
601.002,0.0037185035527220224
601.041,0.015186703234805915
601.08,-0.005342566138141359
601.119,-0.011718963383437593
601.158,0.025730525088272962
601.197,0.008500859606646222
601.236,-0.008084077373633432
601.275,0.017464217765521813
601.314,-0.014896988239208918
601.353,-0.0035376100579177297
601.391,0.0004210698069895373
601.43,0.019514679327339905
601.469,-0.024549172629704217
601.508,0.020145667039341744
601.547,-0.016737409739913972
601.586,0.022930090248694756
601.625,0.010985501082433456
601.664,0.02335386676374333
601.703,-0.0004891140377727022
601.742,0.03227483406313929
601.781,0.009899476502317497
601.819,0.008715512424003155
601.858,-0.005460977737997109
601.897,-0.005680863293169329
601.936,-0.002435480143468654
601.975,-0.03624286882366543
602.014,0.03464251267119755
602.053,-0.031033211644087216
602.092,0.029285051014908824
602.131,0.003871989740834827
602.17,0.01067939534088392
602.209,-0.018990249230628777
602.247,0.006897548908020317
602.286,0.01561506919405425
602.325,0.0006746308973421072
602.364,-0.03518233619497724
602.403,-0.02653001194075432
602.442,-0.019524850231284325
602.481,-0.03975382751344206
602.52,0.011956133169215056
602.559,-0.002807746215135402
602.598,-0.018948496794202817
602.637,-0.031888516634704926
602.676,-0.0017130353418094608
602.714,-0.004360208464388185
602.753,0.008830367529856217
602.792,-0.02624777612216562
602.831,-0.037854654603527604
602.87,-0.019626473750169255
602.909,-0.0043048641343439754
602.948,-0.01667832031792551
602.987,0.004223247666436199
603.026,0.029034894424366388
603.065,0.01885214012757979
603.104,0.023877698564644133
603.143,-0.005591355698663939
603.181,0.028234915903693664
603.22,-0.0014698770363681841
603.259,-0.016386959532476517
603.298,0.03559148968623095
603.337,-0.029778320455324928
603.376,0.01855592557280321
603.415,0.006573943280843635
603.454,0.003195602423573852
603.493,0.03711326842280637
603.532,0.0018430311399407944
603.571,0.015579150938103649
603.609,0.004943228703218004
603.648,0.0045184651238962086
603.687,0.01649604936050697
603.726,-0.03123254428820591
603.765,-0.0018673595027501378
603.804,-0.022046111437385277
603.843,-0.005454888238097382
603.882,0.013354130788939204
603.921,-0.022469866507531383
603.96,0.012862523589251204
603.999,-0.003721587495433664
604.037,0.0037316653793701806
604.076,-0.012039884795147577
604.115,-0.014642964007801186
604.154,0.00019315328389999872
604.193,0.008240389141828744
604.232,-0.043525906403292076
604.271,-0.017477922082858137
604.31,0.004295286286897588
604.349,0.07297700462419046
604.388,0.02522683393092727
604.427,0.03296429996456151
604.466,0.006299471394045221
604.504,-0.01092462459963925
604.543,0.008156439361112211
604.582,0.023450762147205557
604.621,-0.016123582154197298
604.66,0.02160641476346084
604.699,-0.006357103991286549
604.738,0.002269232979332504
604.777,0.019565560893711007
604.816,-0.014317908191683638
604.855,-0.015286239202664767
604.894,-0.014401287328465582
604.932,-0.024950354432431675
604.971,-0.007069463421341283
605.01,-0.03681970156432618
605.049,0.01277958758168272
605.088,0.023346747526798436
605.127,0.0009502620922930078
605.166,0.02451213965192894
605.205,0.01015893936628509
605.244,-0.003332546614752564
605.283,-0.021169908511124387
605.322,-0.03011168516766948
605.361,-0.01158349245232128
605.399,0.028378827246666634
605.438,0.005400461058586112
605.477,0.00036574279738910316
605.516,0.013342290453227773
605.555,0.020257417561317277
605.594,-0.015091160042057463
605.633,0.030069943113137293
605.672,0.013947033694261483
605.711,-0.02860912951475815
605.75,-0.0027957604873798123
605.789,0.013214724879115508
605.827,0.006286596152127471
605.866,-0.02714219778459823
605.905,-0.004240080620348712
605.944,0.004123975810282242
605.983,0.005358835997692681
606.022,0.030632429999800145
606.061,0.02592925946429463
606.1,0.007458153868919508
606.139,0.012250189761079791
606.178,0.004343023902812322
606.217,-0.03293101214856816
606.255,-0.017542274924036302
606.294,0.00532357388823187
606.333,0.010671409126436406
606.372,-0.017667531402728552
606.411,0.020012818652197964
606.45,0.010555034382544836
606.489,0.017599093941023165
606.528,0.006720915581555604
606.567,-0.034853510581784194
606.606,0.00836679445364738
606.645,0.00859773929944866
606.684,-0.016598420051109106
606.722,-0.02073567457803721
606.761,-0.03946727099956658
606.8,-0.01918998612866596
606.839,0.007429661118388118
606.878,0.018438127618186587
606.917,0.01786364609124028
606.956,-0.006329038965398859
606.995,-0.006878291318099314
607.034,0.021993795314121926
607.073,-0.029265625103373008
607.112,-0.049264819771986955
607.15,-0.022101779357013688
607.189,-0.021290561897204935
607.228,0.010274080030308398
607.267,0.011276382604187736
607.306,-0.03979070043378245
607.345,0.005289889955275047
607.384,0.012528045206607217
607.423,0.00898324880875584
607.462,-0.021926225514034007
607.501,-0.00839112808503961
607.54,-0.001712504669736374
607.578,-0.018307365845651714
607.617,0.037166239447911184
607.656,0.021655482068220603
607.695,-0.019227016928057405
607.734,-0.021604241798852654
607.773,-0.0001157172963005982
607.812,-0.022444722249237013
607.851,0.014979533223495387
607.89,-0.00198130999419272
607.929,-0.01860656197306782
607.968,0.0341886455745964
608.007,0.004881884791183547
608.045,0.014089952726382186
608.084,-0.013715388438845363
608.123,-0.02866653243872868
608.162,0.03645567039456493
608.201,0.008574781127162347
608.24,0.02763009398715882
608.279,0.0005371122872549232
608.318,-0.02143987955205969
608.357,0.022572180754487206
608.396,-0.0074857270615039575
608.435,0.02445915982037749
608.474,-0.043990685834398954
608.512,-0.028158064533364946
608.551,0.04972187410335295
608.59,0.007993135310832398
608.629,0.02642257841252032
608.668,-0.012375025836329023
608.707,-0.0125611114701243
608.746,0.025684238895393095
608.785,-0.001859912948677437
608.824,0.007775446067961537
608.863,-0.030358028095788393
608.902,0.014515902030752769
608.94,-0.0003991514166444217
608.979,-0.003412908833079666
609.018,-0.0028263364811658698
609.057,-0.007586233471441449
609.096,0.002937963750229944
609.135,0.04128249752323013
609.174,-0.024285544224446
609.213,-0.0031367761720512977
609.252,0.01811171234250205
609.291,-0.02932446146033736
609.33,-0.0016739776380655953
609.368,0.011303123603233005
609.407,-0.0006266019936952763
609.446,-0.024271741389494856
609.485,0.004813526185105511
609.524,0.017600703805007563
609.563,0.002827240184094037
609.602,0.02568859636987608
609.641,-0.013778309743008891
609.68,-0.02423222588067678
609.719,0.03545650109091505
609.758,0.003231215789097571
609.797,-0.026286203998565193
609.835,0.01910508909851852
609.874,-0.007983043083150045
609.913,-0.013085770915616832
609.952,-0.008596130342564422
609.991,-0.011726162689283925
610.03,-0.0004982090534347786
610.069,-0.007816028179137348
610.108,0.01172006113549587
610.147,-0.001405066966596836
610.186,0.004107335231878942
610.225,0.0054768817862396145
610.263,0.002623415894129994
610.302,0.006968141641360355
610.341,-0.004455270659391129
610.38,0.052176080500527855
610.419,0.007642009201480624
610.458,0.0028857987157302227
610.497,0.004222676472348684
610.536,0.027992137887055155
610.575,0.029383436518569964
610.614,-0.008254828331055623
610.653,-0.028664993457868562
610.692,0.0009469087009269712
610.73,0.00048658195842029314
610.769,-0.023025359269034873
610.808,-0.024050290782337447
610.847,0.003924014517196377
610.886,-0.020961261374974824
610.925,-0.005711204065771049
610.964,-0.0046181416176302925
611.003,0.0038373140878383517
611.042,-0.0026628643175308593
611.081,0.03875977747868378
611.12,-0.008707381365377874
611.158,-0.010184000896590141
611.197,0.01330620544163073
611.236,-0.017740511433084152
611.275,-0.028103580044331798
611.314,0.023280653141364946
611.353,-0.028545857001149703
611.392,0.017732599048072745
611.431,0.019605064162801174
611.47,-0.007279365299103693
611.509,-0.03565370880800973
611.548,-0.04334646307703552
611.586,0.019436993339956927
611.625,0.030605399291751427
611.664,0.01066159848647714
611.703,0.01934295589970056
611.742,0.00040591542643132576
611.781,0.02678609330189999
611.82,0.019838313420883033
611.859,-0.006670321570428777
611.898,-0.009279522762904035
611.937,0.013228486203767362
611.976,-0.0069546204851382385
612.015,0.019394888761405056
612.053,0.016113547671129793
612.092,0.00878903696423983
612.131,0.014807787533753607
612.17,0.004520834490281041
612.209,-0.005378704169629268
612.248,-0.00365729424823601
612.287,0.004892726202388476
612.326,-0.008836562547943842
612.365,-0.012859801168977752
612.404,-0.03867417683300667
612.443,-0.0033344221488574325
612.482,-0.028261236297264486
612.52,-0.040167744071278044
612.559,0.011450258170345388
612.598,0.014744885426151709
612.637,0.0014465692884856165
612.676,-0.005099426678335105
612.715,-0.01242829123774127
612.754,-0.02985187140146144
612.793,0.0026241202962949198
612.832,-0.009359625798107854
612.871,0.001907387494712592
612.91,-0.00265492417590629
612.948,0.03765333268005056
612.987,-0.03341430213673678
613.026,0.03156781061976129
613.065,0.011761365201878511
613.104,0.04426388930368502
613.143,0.011372339984156972
613.182,0.00996983980177112
613.221,-0.036681302578336045
613.26,0.0272731847600867
613.299,0.02344851144197669
613.338,0.019276814370716336
613.376,-0.020412206093237052
613.415,-0.01788652271686378
613.454,-0.02064552124921401
613.493,0.0064691478426274675
613.532,-0.017322478858778433
613.571,0.006046068859020955
613.61,-0.03405064056948598
613.649,-0.044546534326436876
613.688,-0.0053406779285227034
613.727,-0.017890702586959694
613.766,-0.008605643809859434
613.805,-0.01232559644227912
613.843,0.005376006317594884
613.882,0.04839668043023726
613.921,-0.013943290895203738
613.96,0.006624095747220301
613.999,0.0021127453725496683
614.038,0.007628498210351686
614.077,-0.002336871623617903
614.116,0.00893210837074284
614.155,0.01998147900179955
614.194,-0.003536265789961259
614.233,0.010782599633794632
614.271,-0.02446622497586922
614.31,-0.03313838893447172
614.349,0.01054536959156226
614.388,0.006226227736610695
614.427,0.008835119063599187
614.466,-0.016081398048641365
614.505,-0.0011301723619279126
614.544,0.014112306758804037
614.583,0.011417847824359006
614.622,0.03365754291295505
614.661,0.017089782502374615
614.699,0.009027025014035866
614.738,0.005782173846778456
614.777,0.0002680506783600354
614.816,0.0035308047885109634
614.855,-0.014533504015368738
614.894,-0.00983234815935172
614.933,-0.026562910530133838
614.972,-0.01447829108038495
615.011,0.033268660672829305
615.05,-0.007767792943089897
615.089,-0.03450416624769994
615.128,-0.03717407381015238
615.166,-0.02086494348051728
615.205,-0.010672886119885518
615.244,-0.04002071227464467
615.283,-0.024824103000494747
615.322,0.008428967824551908
615.361,0.009159049750095873
615.4,-0.019691477800983577
615.439,0.02163278697937822
615.478,0.0021623514208002122
615.517,-0.03648770553979959
615.556,-0.02780175710747096
615.594,0.002213265297184726
615.633,-0.029432747010442274
615.672,-0.04947744479532586
615.711,0.03037474556535807
615.75,0.006665571932168171
615.789,0.018761212339482358
615.828,0.012393887085850219
615.867,0.0013704902598309246
615.906,-0.003915026705865018
615.945,0.004588896510404284
615.984,-0.0007156326942563825
616.023,0.016271989352781548
616.061,-0.012607764693188191
616.1,0.0017179894595111566
616.139,0.01409637725545582
616.178,-0.04093735007939415
616.217,-0.009625314456233823
616.256,-0.005024051089073814
616.295,0.037356745796844476
616.334,0.017285106692170454
616.373,0.016677409065060475
616.412,-0.022267917950466884
616.451,0.03492531697738179
616.489,0.011609070117320297
616.528,-0.012269068236547534
616.567,0.002531414074669397
616.606,-0.017160714934179505
616.645,0.00416270334350261
616.684,0.030010344739304154
616.723,-0.03212050789472029
616.762,-0.0072462201376495925
616.801,-0.018450982713881976
616.84,0.0007853373450218007
616.879,-0.005959140014203783
616.917,0.008888982446137728
616.956,0.008068264387142038
616.995,0.002053733623668251
617.034,-0.009675155580747285
617.073,-0.003978117624786635
617.112,0.013342333293252793
617.151,-0.013482858852325696
617.19,0.019616974561230457
617.229,-0.006473233841249282
617.268,0.023716034544729918
617.307,0.011175220744481485
617.346,0.005361838184679236
617.384,-0.017161469456589737
617.423,0.014230544742605957
617.462,-0.009051341555836156
617.501,-0.012847663894603194
617.54,0.003137248134045325
617.579,0.027490444857567
617.618,0.009896727915081744
617.657,-0.0034440598747750312
617.696,0.027812334881875525
617.735,-0.021094722474658618
617.774,-0.011462873209124948
617.812,0.030816943246538907
617.851,0.00015061561539584132
617.89,-0.004247382404868728
617.929,0.00879984117736763
617.968,0.00385427798843435
618.007,-0.007879712909834835
618.046,0.011926203267717315
618.085,0.014003735898928931
618.124,0.01392744868189519
618.163,0.002533033781731508
618.202,0.0010278900980275373
618.241,-0.030883631309369053
618.279,0.012963013322608543
618.318,0.004037372767649996
618.357,-0.0030304612534726855
618.396,-0.008394369178040314
618.435,-0.006361688320558182
618.474,0.023641924114742127
618.513,0.01970674185162192
618.552,0.024884623111703363
618.591,0.013203590496016385
618.63,-0.004755012057412569
618.669,-0.019212504845095155
618.707,-0.01753958126405538
618.746,0.005542717917471069
618.785,-0.014831115454582489
618.824,0.027294360413819312
618.863,0.024344028150385208
618.902,-0.023525541616684315
618.941,-0.02717359895091643
618.98,-0.04631146784083143
619.019,0.008136259848802766
619.058,-0.03295687534969734
619.097,0.010675441940619987
619.135,-0.015908298277498588
619.174,0.0011392328700537602
619.213,-0.007816926156190599
619.252,-0.014359606866122452
619.291,-0.04218637267845929
619.33,-0.011043175734064273
619.369,-0.024230789874313135
619.408,-0.010413951881161343
619.447,-0.0157179466209627
619.486,0.014507157170840737
619.525,-0.025173409532635166
619.564,-0.02845287427045225
619.602,-0.0007748485721740528
619.641,-0.029100117299234913
619.68,0.015527688751634714
619.719,-0.005692286519730937
619.758,0.014780380636058698
619.797,0.0188749217818897
619.836,0.0009237981989662376
619.875,-0.016933141246688384
619.914,0.01957382939422856
619.953,0.04734812165151865
619.992,-0.018247596936832956
620.03,0.024963276673469103
620.069,-0.023435581846765658
620.108,0.011822168137899196
620.147,-0.02719087128067041
620.186,0.014900581174832579
620.225,0.01790493546100253
620.264,-0.01956347187300911
620.303,0.00283098859251173
620.342,0.0034249283350767145
620.381,-0.023795583715391505
620.42,0.029891781557554117
620.458,0.024407387762625084
620.497,0.011370281105954885
620.536,0.04405553648924946
620.575,0.031410760391870164
620.614,-0.0035982931607137954
620.653,0.012375466402797209
620.692,0.01264793140843005
620.731,-0.015328897845883746
620.77,-0.015490180577152915
620.809,-0.003468858611275703
620.848,0.04183711998006578
620.887,-0.010976259385627825
620.925,0.016010566550186504
620.964,0.002659215248607986
621.003,-0.02264709446717955
621.042,-0.006640342124918224
621.081,-0.020008856269063766
621.12,-0.012161134281742307
621.159,0.022153462356570994
621.198,0.02644861207134158
621.237,-0.011085035312341826
621.276,0.01468753544901722
621.315,-0.013014071375298577
621.354,-0.005102208093566747
621.392,0.007002954707713979
621.431,-0.014619750702112827
621.47,-0.004559296145748964
621.509,-0.0006819400873169842
621.548,0.009711665826115727
621.587,0.036254823487995566
621.626,0.0028903318388802746
621.665,0.012197899289618036
621.704,0.002701610773387526
621.743,-0.012817994150052265
621.782,-0.02372561065718999
621.82,0.015461294573498709
621.859,-0.005240809278266562
621.898,-0.004227721621097723
621.937,-0.015200821383941828
621.976,0.010063144891676375
622.015,-0.014102679602492181
622.054,0.006867030560447488
622.093,0.006017808867826908
622.132,-0.04040580063710179
622.171,-0.020640761709259763
622.21,0.0007749273861027163
622.248,-0.02322677879376964
622.287,-0.0023823033314305667
622.326,0.01376376650948219
622.365,-0.004160048300147507
622.404,-0.024261120670027718
622.443,-0.0031779982288105925
622.482,-0.003164405816121494
622.521,-0.01818670951230721
622.56,-0.005913065746373092
622.599,0.005912507626301883
622.638,-0.0032321486971388837
622.677,0.027783275858370943
622.715,0.0016144330059358056
622.754,0.011686657132392876
622.793,0.02215043435945327
622.832,-0.004560222832165671
622.871,0.03271790137267354
622.91,0.021303784314374387
622.949,-0.017193347092387068
622.988,-0.014512853959962612
623.027,-0.022909200215627548
623.066,0.0005880796756999318
623.105,-0.01934102725685841
623.143,0.006904908554890415
623.182,-0.02099287391086484
623.221,0.01085057535948109
623.26,0.0009214494383707724
623.299,0.0224198700611374
623.338,0.005949626385584373
623.377,0.007518430883034924
623.416,-0.004685171903873839
623.455,0.022723745576813444
623.494,-0.01752911122441514
623.533,0.019128525814273354
623.572,-0.03242489243554475
623.61,-0.006126954342752828
623.649,-0.008183531649942542
623.688,0.0326012870371012
623.727,0.01976015328476359
623.766,-0.010706035916938108
623.805,0.019460478336122508
623.844,0.0025909037349075986
623.883,-0.006637700342983767
623.922,-0.0037006662633471206
623.961,0.05037518303296405
624.0,-0.02843121600861445
624.038,-0.016407605321985604
624.077,-0.021668415225530615
624.116,0.0034437573071537148
624.155,-0.014487188278772701
624.194,0.028229425799049423
624.233,-0.012749376249684662
624.272,-0.0012626227317812239
624.311,-0.01298884644419299
624.35,-0.027958198608888703
624.389,0.021091538431844782
624.428,0.023574137711823814
624.466,0.018311332874558738
624.505,-0.008159793490687982
624.544,-0.007213346215499773
624.583,0.03357553256487872
624.622,0.006351387268333088
624.661,0.04203782632447833
624.7,-0.026329091934580284
624.739,-0.0019170009672670654
624.778,0.02387210661652209
624.817,0.006075035603371189
624.856,-0.019418073871226915
624.895,0.0037037483182782256
624.933,0.044211434738740965
624.972,0.04585343383556274
625.011,-0.02225862615731738
625.05,0.027788788945105922
625.089,-0.014532583333986715
625.128,0.027528687106175034
625.167,0.016865154131993836
625.206,-0.02243160937102841
625.245,0.02105130301820821
625.284,0.011685660814080361
625.323,0.00019307625658996838
625.362,-0.009532462096074926
625.4,0.02206251061030262
625.439,0.017348480382906234
625.478,-0.027226788483575733
625.517,0.0008525190648218032
625.556,0.03576149350209308
625.595,-0.0016176966209997586
625.634,-0.0009050422520249799
625.673,0.010842435070634458
625.712,-0.02357856195778273
625.751,0.033380813176928564
625.789,-0.031564421516922785
625.828,-0.011014726336106024
625.867,-0.004569087112514801
625.906,-0.023295213888550374
625.945,-0.015855828987031577
625.984,0.015270650246614781
626.023,0.0016190789014640748
626.062,-0.010366953634385856
626.101,0.010125312123929269
626.14,-0.002375139587670828
626.179,0.016981061266229957
626.218,-0.041025766565676525
626.256,0.0137154384938286
626.295,-0.01583167669268335
626.334,0.016142214708905818
626.373,-0.01433490692684472
626.412,-0.008713435768847581
626.451,-0.039501482215080694
626.49,-0.02120904624855
626.529,-0.01784165090741109
626.568,-0.023922731555727245
626.607,0.028794089589748446
626.646,-0.008985374528088265
626.685,0.020143375359093843
626.723,-0.00811644239106376
626.762,0.01088583026872814
626.801,0.023761180619242955
626.84,0.014892922606890513
626.879,0.003997051558840057
626.918,-0.000629870459006681
626.957,-0.004009666618193719
626.996,-0.02861583458925563
627.035,-0.019691960735909942
627.074,0.021054168455645304
627.113,-0.017437418751442627
627.151,0.020763486244670212
627.19,0.01174224300100182
627.229,0.024984092901275998
627.268,0.0074687792894265895
627.307,-0.016161207637118938
627.346,-0.04548678143041118
627.385,0.01943329030376535
627.424,0.0005967048539200154
627.463,-0.009779604147891391
627.502,-0.024246051092716082
627.541,-0.021345887637487397
627.579,-0.02980203760615607
627.618,0.000608881633038981
627.657,-0.019266725324743703
627.696,0.01561862287061145
627.735,0.029209925422070432
627.774,-0.009422250828556
627.813,-0.03244446990856424
627.852,0.002958060463004116
627.891,-0.019566870730064703
627.93,-0.02880411360009156
627.969,-0.003199039035653027
628.008,-0.024599321320935816
628.046,-0.023738965720880297
628.085,0.010504292503321133
628.124,0.015031434234004042
628.163,0.0035660643466170136
628.202,0.017449086902312873
628.241,-0.011514543760052388
628.28,-0.0062222467233541265
628.319,-0.011663649064277108
628.358,0.02531625289615321
628.397,0.00627555537003008
628.436,-0.007191769050637927
628.474,-0.0010631724176309839
628.513,-0.016075963868328602
628.552,-0.0025967812438947874
628.591,0.010310570493603696
628.63,-0.015484317953602045
628.669,0.011017628603705929
628.708,0.0030034607384792278
628.747,-0.01729882360801513
628.786,-0.02193987873445631
628.825,-0.03148062771405345
628.864,0.009606286127693972
628.903,0.021753693799076334
628.941,-0.006931732619140678
628.98,-0.01482240890622105
629.019,-0.0031759594207281527
629.058,-0.030271747354742085
629.097,0.00493816937547774
629.136,-0.009772530241991852
629.175,-0.011294949652598186
629.214,-0.0285174469556234
629.253,-0.023598348397450362
629.292,0.020560247771446882
629.331,0.025480590761347278
629.369,0.007309994234969103
629.408,-0.01531731316490268
629.447,-0.011403673075907377
629.486,-0.0305808677703879
629.525,0.01773151221965049
629.564,-0.01316613954816703
629.603,-0.01980884845303995
629.642,-0.01548884178746451
629.681,0.021562708536868383
629.72,-0.003103889999540655
629.759,-0.0016195072183620186
629.797,0.0006940916612022798
629.836,-0.010234696917877324
629.875,0.00724872643429556
629.914,-0.00143184503123567
629.953,0.00971470067253177
629.992,0.006575644558104208
630.031,0.005845696295052227
630.07,-0.0013698165504958532
630.109,-0.024931844361368416
630.148,-0.010167726398810447
630.187,-0.013392473950753783
630.226,-0.008535425086592292
630.264,0.0001886437094407419
630.303,0.026226896040816017
630.342,0.01531955866509113
630.381,0.008423544401696549
630.42,0.0022608693493400486
630.459,0.014187358531610846
630.498,-0.010720528800857701
630.537,0.023298633913048223
630.576,-0.014795723973854999
630.615,0.004593605295479318
630.654,0.032539600551001836
630.693,0.009154464912759838
630.731,-0.0032575404846164058
630.77,-0.0007867202018382443
630.809,0.003631359838628708
630.848,0.015152779475305677
630.887,0.03422533924944153
630.926,0.029942176916407954
630.965,-0.005143567362392866
631.004,0.019428603523055428
631.043,-0.03209615687430869
631.082,-0.007087882487011023
631.121,0.012567503219364397
631.159,-0.002421532595745306
631.198,-0.033303948052140334
631.237,0.0350576505237499
631.276,0.007637695086959671
631.315,-0.006654432968327776
631.354,-0.007134231417483433
631.393,-0.004439422414078523
631.432,0.03425702474553739
631.471,-0.020683915378750754
631.51,0.01868151285520309
631.549,0.008158594558958296
631.587,0.02026997164820184
631.626,0.038714536095549534
631.665,-0.008180679087386311
631.704,-0.003843710128301088
631.743,0.005105225254535488
631.782,-0.005611945243988572
631.821,-0.013112390459157047
631.86,-0.01796231486487093
631.899,-0.007876661764793935
631.938,0.007334062390229686
631.977,-0.021609863950494065
632.016,-0.019249092516688212
632.054,-0.0012124923327196929
632.093,-0.0025591612120364933
632.132,-0.03565401215867672
632.171,-0.012014723783788662
632.21,0.006593251754565859
632.249,-0.03965168951849401
632.288,0.024179632156114607
632.327,0.015615524160399564
632.366,0.00427566062267418
632.405,0.005728261298219187
632.444,-0.024252657150031727
632.482,0.042040613883474846
632.521,0.003398072648004404
632.56,0.009215419978393737
632.599,0.02476723674374039
632.638,0.010854253035854347
632.677,-0.028842691873972835
632.716,0.023938651559448465
632.755,0.007073637849112056
632.794,-0.018600105185341928
632.833,0.013361867368167977
632.872,-0.019779013885638203
632.91,0.016252805155377234
632.949,-0.015175228905797295
632.988,0.019690491947541224
633.027,-0.027538740089759733
633.066,-0.011936073413327197
633.105,0.005642742917800276
633.144,-0.026066664290432313
633.183,0.0028896133597957575
633.222,-0.025203237911203158
633.261,0.03598646684718321
633.3,0.017418642283697022
633.339,0.016883005405243498
633.377,-0.005023603410347358
633.416,-0.017182287676591648
633.455,0.017222730366643558
633.494,-0.021307943432052997
633.533,0.009596770522205495
633.572,0.02510233785711795
633.611,-0.0120920930935737
633.65,0.008289606540188593
633.689,-0.036848809782442926
633.728,-0.001051195781470081
633.767,0.01810672424658812
633.805,-0.00529185224416708
633.844,-0.02049248154252078
633.883,-0.01657680400014403
633.922,0.013153150344057337
633.961,-0.02582425035557413
634.0,0.014900852399908696
634.039,-0.0010230100682237092
634.078,0.013008992641660083
634.117,0.004846136816181358
634.156,-0.007372315423379513
634.195,-0.011730420325088177
634.234,-0.020963732045632007
634.272,0.010354862611872049
634.311,-0.019521212436331925
634.35,0.024712954760067622
634.389,-0.01280700917319063
634.428,-0.023829267122493163
634.467,-0.029933169693356416
634.506,0.012475846184857203
634.545,-0.01118252601774124
634.584,0.016546448285457968
634.623,-0.013458972781388433
634.662,0.010625347555225765
634.7,-0.002496691652389184
634.739,-0.0025827475605159356
634.778,-0.0255516806328029
634.817,-0.01735677591974207
634.856,0.03218012237369566
634.895,0.004941630171796524
634.934,0.039025102924129036
634.973,-0.0014184478807524343
635.012,0.03577094106361156
635.051,-0.020072131719573585
635.09,0.022274639484171244
635.128,0.008836208408976023
635.167,0.0044539142029257255
635.206,0.024413320901011643
635.245,-0.024535225434111053
635.284,-0.007026793020577723
635.323,-0.008788131591683129
635.362,0.018123148136109875
635.401,0.00046098560325222304
635.44,0.009391376576549756
635.479,0.0033042170188009295
635.518,-0.013078040888191523
635.557,-0.019314207994945376
635.595,-0.021351220884277253
635.634,-0.0014890877263783178
635.673,-0.011864734284158502
635.712,-0.011711165380859548
635.751,-0.027466298338532123
635.79,-0.029856838300724074
635.829,-0.014955448333496192
635.868,-0.0005443995938491011
635.907,-0.02782973891001045
635.946,-0.00541042213715973
635.985,0.01465016952682986
636.023,-0.006609033038824947
636.062,-0.002536183839078063
636.101,0.02564144808520044
636.14,0.01333910537413706
636.179,0.019363872265616398
636.218,-0.0034987410178711417
636.257,0.015823602065446054
636.296,-0.0008480009468865221
636.335,-0.020932272311577814
636.374,0.012425416481480584
636.413,-0.01755423561790322
636.452,0.02829684622914643
636.49,0.029517088780665415
636.529,0.0029659748116385174
636.568,0.00591905523954063
636.607,-0.005429690098400368
636.646,-0.007401411081148149
636.685,0.003248652726201248
636.724,-0.0033295231541541626
636.763,0.002423545618203054
636.802,0.011673896800378792
636.841,-0.012754871589880859
636.88,0.0029386467601055207
636.918,-0.03367567851018155
636.957,-0.0032457110649486763
636.996,-0.004403371940303385
637.035,0.009862827029353129
637.074,-0.008845460787646541
637.113,0.020820385586554684
637.152,0.03779312260827779
637.191,-0.01665115367082158
637.23,-0.007590324839838933
637.269,-0.008845644541543301
637.308,-0.0031901771450679167
637.346,0.00828745320718457
637.385,-0.023959412054770007
637.424,-0.01970306136301506
637.463,0.010541479904183181
637.502,0.01892091305853611
637.541,0.025277536862461862
637.58,0.00788223577508838
637.619,-0.009009936114300872
637.658,-0.009964103057775599
637.697,-0.01651366667526507
637.736,0.0005214728060048686
637.775,0.031760560245822946
637.813,0.014446778035285122
637.852,-0.011718577841800226
637.891,-0.012809307988392672
637.93,-0.008918455993009791
637.969,-0.011500183585738379
638.008,0.007839791225969669
638.047,-0.011774197794187485
638.086,0.007993366956440179
638.125,0.0038575990591641204
638.164,-0.010799281621328729
638.203,-0.008284463380653393
638.242,0.017617764750962883
638.28,-0.022536296251088526
638.319,-0.006495456366565272
638.358,0.009740607251061874
638.397,0.03168140300275787
638.436,0.023153253038915828
638.475,-0.0044461776055592026
638.514,0.029555556295885445
638.553,0.006676830602318887
638.592,-0.016892434661624038
638.631,0.001670047362518615
638.669,-0.03200250415389468
638.708,0.0360584645365612
638.747,-0.025930532333503502
638.786,-0.0011400872018239938
638.825,-0.005050860874922481
638.864,0.0005761605073586109
638.903,-0.02072070827782147
638.942,0.013257887658099555
638.981,-0.006092319536957538
639.02,0.010068170493799013
639.059,-0.03306512198816598
639.098,-0.009019512539733328
639.136,-0.01317431970087856
639.175,-0.03447157841465943
639.214,0.02070341935040089
639.253,-0.010516601773094924
639.292,0.0006802620014855769
639.331,-0.023132411640476365
639.37,0.012578254396860326
639.409,0.025541466203715755
639.448,-0.020900848941652193
639.487,0.009106130929472498
639.526,0.020981541855815723
639.565,0.016197110769916125
639.603,0.019998940971262345
639.642,-0.021676976494247498
639.681,0.03548757103188604
639.72,0.00542815609456199
639.759,-0.006989621152570588
639.798,0.011740298897783663
639.837,0.011137427622978861
639.876,-0.003638954865705625
639.915,0.0138654796601561
639.954,0.019315922604727066
639.993,0.0025150871253572446
640.031,-0.02853798255728652
640.07,-0.010343019433293306
640.109,0.010911604593523513
640.148,0.012530917448942847
640.187,-0.010029140934086144
640.226,0.012194624141139043
640.265,0.004093679127943806
640.304,-0.01615326899781673
640.343,-0.03095727742733563
640.382,-0.0046919930038323305
640.421,-0.016206369623102967
640.459,0.03196125534917296
640.498,-0.009527378251200367
640.537,0.02213493540353945
640.576,-0.016942127976991305
640.615,-0.0028344591185288925
640.654,3.5520345789711594e-05
640.693,-0.0028009910564683275
640.732,-0.008186435386689499
640.771,0.00032085850969081585
640.81,0.010047879043709816
640.849,-0.007137925319577219
640.888,0.011481694780956859
640.926,0.001695648557280164
640.965,0.005283035453485161
641.004,0.015328629810298205
641.043,-0.04539504658739118
641.082,0.03968677931254138
641.121,-0.014093453454116979
641.16,-0.0049741404054783585
641.199,-0.029953040485311493
641.238,-0.0046257894917472175
641.277,0.030384857367599428
641.316,-0.007826086987528461
641.354,-0.038065374193025206
641.393,-0.006726892249235973
641.432,-0.038886815200869354
641.471,-0.030206180728734364
641.51,-0.03747752048116871
641.549,-0.008746992898947429
641.588,-0.008714036934573144
641.627,-0.03891674084103886
641.666,0.03303002360323276
641.705,-0.0041170167661984565
641.744,-0.011948900117390394
641.783,-0.02474980135733954
641.821,0.011951688991798234
641.86,-0.01778080038407032
641.899,-0.009809293740187762
641.938,0.043280164134523985
641.977,-0.01775118665887388
642.016,0.0026256033090858695
642.055,-0.015720185596972237
642.094,0.024277179617592723
642.133,-0.008768968099903393
642.172,-0.020612900774378926
642.211,0.020783906490640085
642.249,0.01147305270242014
642.288,-0.0023750350266590736
642.327,-0.009249830149239508
642.366,0.01040683572085583
642.405,-0.03663728160296127
642.444,-0.005935039308359261
642.483,-0.020818750887555235
642.522,-0.017253408141658447
642.561,-0.03386323528285744
642.6,-0.01440840679356191
642.639,0.013898872125486312
642.677,0.013212522467811955
642.716,0.013631100354106656
642.755,0.025283707190412553
642.794,-0.029005962332056177
642.833,0.0022953725981053404
642.872,0.00389800179771292
642.911,0.008405645667252205
642.95,0.007746923711665932
642.989,-9.896156086833252e-06
643.028,0.004730659907654387
643.067,0.02064680388198801
643.106,0.04541309010840461
643.144,-0.009548484741301731
643.183,0.0005605867521200972
643.222,-0.038288297583693294
643.261,-0.0035793128998356724
643.3,0.003331693511983024
643.339,0.023107688981666916
643.378,-0.002561299965720393
643.417,0.020236052067745407
643.456,-0.007200002250507817
643.495,0.027812902514527584
643.534,0.00273489537312972
643.573,-0.006253789927553426
643.611,-0.011262430856310141
643.65,0.006699783380607792
643.689,0.003820284405934993
643.728,2.0123734241545965e-05
643.767,-0.008319029813368729
643.806,0.00027342332084203866
643.845,0.02138840302562232
643.884,0.0020478001190230924
643.923,0.01884954231760573
643.962,-0.0035951694544351875
644.001,0.048536099977692496
644.039,-0.025421406725160772
644.078,0.03818283352888253
644.117,0.009249599683786733
644.156,0.02948754673142115
644.195,-0.019236041515301786
644.234,-0.0025825086651320977
644.273,0.006782640898540849
644.312,-0.015063577727845327
644.351,-0.002695173163688505
644.39,-0.027747199132289624
644.429,-0.018350362190990958
644.467,0.0016987286129582242
644.506,-0.02053373828312855
644.545,0.027380111671763654
644.584,0.020650244626772982
644.623,-0.016670560378247035
644.662,0.0335881002764329
644.701,0.041316765379800925
644.74,-0.005825326184792328
644.779,0.0024354930159180867
644.818,-0.03187075445679968
644.857,0.009506699060198052
644.896,0.0008688950769170888
644.934,-0.018608134414411285
644.973,0.004513474573728235
645.012,0.008522590497412566
645.051,-0.009983153142243427
645.09,-0.011212161837587846
645.129,0.039439751928267805
645.168,0.0423706203335963
645.207,-0.0032343721731166344
645.246,0.0029367471125510526
645.285,0.0243746646319498
645.324,0.01556322535932516
645.362,0.007555522276265592
645.401,0.009649723510517197
645.44,-0.027516033871293935
645.479,0.008062924671677952
645.518,-0.0029675886420330645
645.557,-0.03466399729188748
645.596,0.0012807391015025125
645.635,-0.029343342553695258
645.674,-0.0009571509215306629
645.713,0.02489937252144639
645.752,0.008674922830168576
645.79,0.015193982940311665
645.829,-0.05347145712004206
645.868,0.018987270449933365
645.907,0.020929892885137573
645.946,-0.04871811053251883
645.985,0.020546514944091328
646.024,0.026618639942569983
646.063,-0.013410236637260282
646.102,0.011994392603786638
646.141,0.0001775480334691333
646.18,0.02485222977303382
646.219,-0.020133533703124925
646.257,-0.005495823699557737
646.296,-0.03372241039535882
646.335,0.008564660150298203
646.374,0.018832251568751283
646.413,-0.004314456801762443
646.452,0.0008601029383475075
646.491,0.01245319283593397
646.53,-0.0003585752279900798
646.569,0.013071486776194071
646.608,0.03774187788042678
646.647,0.010573649737974252
646.685,0.006651938673151185
646.724,-0.011338116641103547
646.763,-0.0014404702637360418
646.802,-4.3277971232371856e-05
646.841,0.006444175668491826
646.88,-0.018672211872114992
646.919,-0.0058527416303642025
646.958,-0.03317803599194342
646.997,0.007530832045937552
647.036,0.007219020896421485
647.075,-0.01837706166858938
647.114,0.010095726187532614
647.152,0.009904619263328281
647.191,-0.014104975228541218
647.23,0.02450624303228973
647.269,-0.013877246944287346
647.308,-0.029159143963231795
647.347,-0.026005608598187777
647.386,-0.0212781815778093
647.425,0.026329296368126497
647.464,-0.011452703108065102
647.503,-0.0166559539959958
647.542,-0.024101374931285578
647.58,-0.02345304559127513
647.619,-0.012055345766595036
647.658,0.04368345273218473
647.697,0.02389457765774693
647.736,-0.005727945442435321
647.775,0.024889427138116565
647.814,-0.01191564057495276
647.853,-0.0225662533763226
647.892,0.025860352123387834
647.931,0.01455709586722702
647.97,-0.015612749482616324
648.008,-0.0053098339071677506
648.047,-0.017474275575346504
648.086,0.01591255792481852
648.125,0.015959716308186486
648.164,-0.005270658593376777
648.203,-0.003949747811545479
648.242,0.011905950876983845
648.281,0.014498036752474321
648.32,-0.01871793993248035
648.359,0.017633927238611513
648.398,0.012427539473085144
648.437,0.015584114896472882
648.475,-0.003233619837935185
648.514,0.0019114708120291915
648.553,0.03403250696566118
648.592,0.01765629526145447
648.631,0.03113681952125296
648.67,-0.002336961507605321
648.709,0.01613875755203359
648.748,-0.021028913891014717
648.787,0.022110545922818414
648.826,-0.004589304273828207
648.865,0.02621090292719918
648.904,0.010342007446098646
648.942,-0.012258131818863066
648.981,-0.01415400960678559
649.02,0.009615825959740323
649.059,0.02426085630726494
649.098,0.018543082371344468
649.137,0.02266340805683168
649.176,0.00035838250548239116
649.215,0.015942896267086403
649.254,-0.009900852891587628
649.293,-0.021856158416040748
649.332,-0.0411028014892428
649.37,-0.009168844549231003
649.409,-0.0020644836328319923
649.448,0.01706234282915767
649.487,-0.012723828843120068
649.526,0.006739012447871909
649.565,0.01773101855895893
649.604,0.01120775741644451
649.643,0.06385838977170906
649.682,-0.00030528439613901944
649.721,0.01872655640444813
649.76,0.04339751607328993
649.798,0.011870677262440888
649.837,0.03410939977794519
649.876,-0.049953086230465585
649.915,-0.007212549561056074
649.954,0.010591199523161775
649.993,0.01618946452333429
650.032,0.008092473983735306
650.071,-0.010243065542563625
650.11,-0.001655215283064412
650.149,0.006681867793230356
650.188,0.014306953048097072
650.227,0.04198992618641671
650.265,-0.022282427304589188
650.304,0.011361178089993639
650.343,0.032359127530241255
650.382,0.011657490725076306
650.421,-0.007681287104006451
650.46,-0.004667276941310222
650.499,-0.006287906652190997
650.538,-0.002631519528527591
650.577,0.036780946547491644
650.616,-0.02599914576921395
650.655,-0.026908744819695986
650.693,0.012965400769402073
650.732,-0.005918378466756571
650.771,0.0028035023282890143
650.81,-0.01176231460651547
650.849,-0.005687715613264471
650.888,0.023197369988290556
650.927,0.0031759443284493987
650.966,-0.0049669960135683205
651.005,0.02977002791138906
651.044,0.029514838947509805
651.083,-0.0023316307437468336
651.121,-0.005030052147799678
651.16,0.04019806310415342
651.199,-0.019364425642422058
651.238,-0.0037212305645619136
651.277,0.013660080021755864
651.316,0.01618588436658546
651.355,-0.01284006178571533
651.394,-0.04775678171749289
651.433,-0.009700213533961208
651.472,-0.001941547158505962
651.511,-0.002288696413546722
651.549,0.012633307626913979
651.588,0.0260745958782973
651.627,0.04708729445811154
651.666,0.0025596625319765877
651.705,0.022037412472720713
651.744,-0.02783900543027612
651.783,0.009124144553340785
651.822,-0.039065437644172925
651.861,-0.045141081191365964
651.9,-0.0073652749533879664
651.939,-0.01583506983054582
651.978,-0.016406242613265343
652.016,-0.001716879183748677
652.055,0.04537798888654445
652.094,-0.01035001846555265
652.133,0.006352547131390669
652.172,0.015007642684580106
652.211,-0.004518776624623841
652.25,-0.03808973315764747
652.289,-0.04852402211337305
652.328,0.01657230504740796
652.367,-0.0038743020621708293
652.406,0.008839805212160365
652.445,-0.013333535305145316
652.483,0.0036639488522323418
652.522,-0.020066642718982827
652.561,-0.010247420061392584
652.6,0.020194927695838374
652.639,0.03516444583668043
652.678,-0.0032383843478541808
652.717,-0.006286697527845821
652.756,-0.004037364886399216
652.795,-0.017223067291397023
652.834,0.00832984998460392
652.873,0.020019145657982563
652.911,-0.010592327727680094
652.95,-0.013164219215929848
652.989,0.007026837003154104
653.028,-0.01982493614857866
653.067,-0.016169812873560386
653.106,-0.03401483983888726
653.145,0.003912579995948195
653.184,-0.02666602263874513
653.223,-0.016008437770075355
653.262,0.0074880618943344406
653.301,-0.009869184505952824
653.339,-0.003234315258132947
653.378,0.006420167522280237
653.417,0.04529895457169147
653.456,0.008120025560550342
653.495,-0.0036295987753944227
653.534,-0.008633539934086356
653.573,0.01954240864448301
653.612,0.019202956810402794
653.651,-0.007491995307906556
653.69,-0.010685462451714417
653.729,-0.013448033345316671
653.768,0.007679138249971407
653.806,0.016185911163785278
653.845,-0.018448070809194677
653.884,0.006271863484635459
653.923,0.029576371769305027
653.962,0.007900906451661829
654.001,-0.020646686041870546
654.04,0.03434521512671031
654.079,0.002936998813908273
654.118,-0.008469793363004591
654.157,-0.005189743521226097
654.196,-0.016994517744348177
654.234,-0.0019053167558943313
654.273,0.010306532732004768
654.312,0.023560977037532925
654.351,-0.04159935471549084
654.39,0.006738397609523433
654.429,-0.01046432749138472
654.468,-0.029947049660721786
654.507,-0.03522641981044661
654.546,0.0035027922171344023
654.585,0.03589219247559004
654.624,-0.0023702402269442585
654.663,-0.008238696956099426
654.701,-0.013348221929681573
654.74,0.011866379915441429
654.779,-0.03114042775531423
654.818,0.04117410259790083
654.857,0.003528148698320777
654.896,-0.03466474733545055
654.935,-0.044286448156696336
654.974,0.027794502092027773
655.013,0.00805463992804014
655.052,-0.014431929763320816
655.091,0.018638269881335375
655.129,-0.014099924411477251
655.168,-0.020048055411036627
655.207,0.008210859010483063
655.246,0.004894453972384747
655.285,-0.011455416466392254
655.324,-0.011640566011204776
655.363,-0.006386613243392869
655.402,0.0031334550422169416
655.441,-0.03390057203280966
655.48,0.0209567278036208
655.519,0.018772150029947886
655.557,-0.011200959463809118
655.596,0.006703310261659312
655.635,0.03976563331646566
655.674,-0.026230466893470094
655.713,0.009918690225608885
655.752,-0.00781095079845527
655.791,0.0046813251233323765
655.83,0.0031038715291933517
655.869,-0.03702259746471086
655.908,-0.01803132140014015
655.947,0.03483897740366436
655.986,-0.027478539846721814
656.024,-0.0349461418337857
656.063,-0.005172185775549253
656.102,0.006033705038911464
656.141,0.01660518629203068
656.18,0.012340111895757446
656.219,0.024981935210890233
656.258,0.013383858098027949
656.297,0.021604098069919996
656.336,-0.0031780126857805092
656.375,0.020098519431635996
656.414,0.004046770278585407
656.453,-0.004262608946144076
656.491,-0.02407887484725793
656.53,0.01528056074179132
656.569,0.027422712262032106
656.608,-0.014389089481661206
656.647,0.02542077418323508
656.686,-0.0012332184659522832
656.725,0.006186728792213618
656.764,-0.0005700565209990165
656.803,0.04055491758248934
656.842,0.011194429666080464
656.881,-0.00048138600965038324
656.919,0.019123414150618124
656.958,0.005094118358109822
656.997,0.03166461812990823
657.036,-0.0057789115416075724
657.075,-0.004953552329449537
657.114,0.014411017250763861
657.153,0.0011775392631320457
657.192,-0.016346182252533776
657.231,0.019840910118972575
657.27,-0.021391164664129984
657.309,-0.00463585984093969
657.347,-0.010003265856260463
657.386,0.01088035338260577
657.425,-0.010679949168834897
657.464,-0.028167602929696743
657.503,0.004361215137116742
657.542,-0.02029642145336412
657.581,0.010119455549299557
657.62,0.030141857776861528
657.659,0.03327048437882811
657.698,0.03838348702435698
657.737,0.021540396324531332
657.776,-0.0037644420966887557
657.814,0.026968351908640276
657.853,0.014429935312504565
657.892,-0.029199346056387583
657.931,3.233564238881888e-05
657.97,0.04294438693634036
658.009,-0.027125881183060082
658.048,0.006932165479919931
658.087,-0.022717940455337843
658.126,-0.022564651923818214
658.165,0.041600142291044
658.204,-0.029136275546790377
658.242,-0.0003974900218780362
658.281,-0.024991941231964618
658.32,-0.0015691191887841727
658.359,0.03498734429815134
658.398,0.017317538195321322
658.437,-0.04086363010616943
658.476,-0.01337191527936483
658.515,0.0045668778157935686
658.554,-0.01939793285585942
658.593,0.02366882309113841
658.632,-0.0076396261279480975
658.67,-0.018729464986905447
658.709,0.0009167726206284598
658.748,0.010013995695850519
658.787,0.034073571691739725
658.826,-0.03662129078012131
658.865,-0.009872445702396669
658.904,-0.020724939663634295
658.943,0.021938461004649537
658.982,0.02323950243853903
659.021,0.022940157774544757
659.06,0.012761106834176804
659.099,0.001136382971738386
659.137,0.022856875692135115
659.176,0.018096380237847223
659.215,0.024926553332527107
659.254,0.030887571957560617
659.293,-0.009554418825376802
659.332,-0.022015958541048364
659.371,-0.0184340988138542
659.41,0.00870275430501281
659.449,0.022800177251759597
659.488,0.0029646167704378383
659.527,0.023017221930604827
659.565,-0.023857424643912356
659.604,0.030969730318395623
659.643,-0.01040442158980321
659.682,0.023707224839636075
659.721,-0.03258270628956353
659.76,-0.009119876390111073
659.799,-0.010594364220212414
659.838,-0.01563922815468217
659.877,0.018897019263299727
659.916,-0.020221000049119642
659.955,-0.017903657161247283
659.994,-0.00577837259078179
660.032,0.006161796078721181
660.071,-0.020602072840304908
660.11,0.03084547382539729
660.149,0.0122766815050417
660.188,2.4700618848370014e-05
660.227,0.03722087720648129
660.266,0.02254951677529562
660.305,0.00953768348964575
660.344,-0.007422728903046922
660.383,0.012188533538991471
660.422,0.01753283409890537
660.46,-0.014987603900659788
660.499,-0.0010332775824817412
660.538,-0.0039047890871648943
660.577,-0.015578133176327376
660.616,0.008331068870578365
660.655,-0.006226731273796733
660.694,0.014364650700114678
660.733,0.006283987963884489
660.772,0.0004019029097010367
660.811,0.00741748530255754
660.85,0.01810608626913722
660.888,0.02457969237934131
660.927,-0.01632124433824087
660.966,0.02597412935463209
661.005,0.01635903143924949
661.044,0.029885203231573235
661.083,0.020555823934877992
661.122,-0.0011695240684854893
661.161,0.011372290290930866
661.2,0.024350197463857793
661.239,-0.001236650904045622
661.278,-0.006291520008926666
661.317,-0.040301146139058275
661.355,0.03647411041270516
661.394,0.013581110013885712
661.433,0.013520671754645767
661.472,0.01840212182580394
661.511,-0.012363438860243013
661.55,0.043413439991360714
661.589,-0.018490281435059323
661.628,0.013935294235737233
661.667,-0.004524023000877786
661.706,0.008650274601697098
661.745,-0.006547178459686109
661.784,0.004009737738092173
661.822,0.04767325458910042
661.861,-0.023298401284448347
661.9,-0.008032074828366499
661.939,0.005663105183002024
661.978,-0.007623876066918887
662.017,-0.027964131915481274
662.056,-0.010820987587377522
662.095,-0.021180406009453985
662.134,0.0318691334202592
662.173,0.0082787492231097
662.212,-0.012794625830977617
662.25,-0.02840172114896268
662.289,-0.005040700246953068
662.328,0.017501945483612974
662.367,-0.037352911193621316
662.406,-0.008075347285416751
662.445,-0.018349805925700263
662.484,0.014443711400711937
662.523,-0.0523270368266949
662.562,-0.017888430433368897
662.601,-0.025898557514132926
662.64,-0.030136620766782564
662.678,-0.008350610608394472
662.717,0.0073898601203089935
662.756,0.018634110572205338
662.795,0.018667956543428635
662.834,0.006738431602995611
662.873,0.006098907537455769
662.912,-0.0052981606692753605
662.951,-0.04176004151017797
662.99,0.00521242577309804
663.029,-0.024486389685677273
663.068,0.0023853111955315
663.107,-0.009961691365776987
663.145,0.003549017571956495
663.184,0.01583331636800147
663.223,0.02576651145377906
663.262,0.013552687076033597
663.301,0.013495723233729717
663.34,-0.0012681196821148445
663.379,0.01358248613482487
663.418,0.007733548265951187
663.457,-0.01664934769198411
663.496,-0.003479122021224603
663.535,0.01152094130489201
663.573,0.03533338723052139
663.612,-0.01715296394744381
663.651,-0.0007710179345803122
663.69,-0.01010584444691594
663.729,-0.002157009571606125
663.768,-0.004240765503082183
663.807,0.03135337387586007
663.846,0.01406691820260976
663.885,-0.013345757957219904
663.924,0.004818503511191465
663.963,-0.010164088839913703
664.001,0.0018223433074590258
664.04,-0.023377471763322374
664.079,0.021354611582633812
664.118,-0.007098289679912414
664.157,-0.006653880623115626
664.196,0.01555588100982749
664.235,0.010505721406210394
664.274,-0.0385453003601733
664.313,-0.005287009720836974
664.352,0.0615301741742303
664.391,-0.025435133581771185
664.43,0.030808003017425235
664.468,0.003030982965080069
664.507,-0.01915092861098859
664.546,-0.02347994121900809
664.585,-0.009536690043726101
664.624,-0.02376960943200409
664.663,0.0015108640046622487
664.702,-0.0264178056073593
664.741,-0.004906102609165044
664.78,0.03187806215962432
664.819,0.015408013367708015
664.858,0.007556619104260772
664.896,0.0075961514062609665
664.935,0.005598586463929628
664.974,0.03795677053732093
665.013,-0.042205602865555886
665.052,-0.0022383702264952504
665.091,-0.01013804322819601
665.13,-0.010735655421875896
665.169,-0.008208105965264894
665.208,0.003009611364311545
665.247,0.005553063497911754
665.286,0.014328844479592023
665.325,2.895332356214666e-05
665.363,0.021906217104409584
665.402,0.004586762980215073
665.441,-0.007310017206693162
665.48,-0.00658197696095569
665.519,-0.012299687077661046
665.558,-0.007580711081804358
665.597,0.0016633286834302867
665.636,0.02436156999047526
665.675,0.030983141129496877
665.714,-0.032542007235821784
665.753,-0.019777165106081768
665.791,-0.01662890963972558
665.83,-0.004455892473615489
665.869,-0.0027637265597013263
665.908,0.010017969955456946
665.947,0.007525772231455517
665.986,-0.01308289327077699
666.025,0.026810566933662756
666.064,-0.004925247509461824
666.103,0.013910831493321263
666.142,-0.016072568596183685
666.181,0.0107606509282124
666.219,0.025306559958140303
666.258,-0.0018589384266685938
666.297,-0.015713841941739387
666.336,0.000394683104336432
666.375,0.017460892020708163
666.414,0.0042276341121896535
666.453,-0.023929105979298957
666.492,0.0010440345427212357
666.531,-0.011495506077258424
666.57,0.013810734518101343
666.609,0.0361369655454167
666.648,-0.019959909860336
666.686,0.029476496256229494
666.725,-0.011924657065303384
666.764,-0.0013789403988079072
666.803,0.005162403484497266
666.842,0.021186711397385205
666.881,0.02378077735027771
666.92,0.015139514687871884
666.959,0.04840818455699474
666.998,-0.019553382757103666
667.037,0.00031714907771336967
667.076,0.025547100921539237
667.115,0.021293458022175797
667.153,0.03161964460329353
667.192,-0.0005500872391570452
667.231,-0.0400316914978127
667.27,-0.0008449574269987275
667.309,0.03077344750427851
667.348,-0.014438726271850149
667.387,0.013054002215968134
667.426,-0.015524574168377306
667.465,-0.008694154556369155
667.504,-0.04450300071346573
667.543,-0.02254333072458252
667.581,0.005188006607370963
667.62,0.019415137641788534
667.659,0.01569528106302681
667.698,-0.027458318573582014
667.737,0.029452886298899347
667.776,0.03763722569169857
667.815,-0.0031739461908426034
667.854,-0.01666807571765054
667.893,-0.011777144709540596
667.932,-0.02380067239371783
667.971,0.004086703751310603
668.009,-0.01537063785199278
668.048,-0.015153402238321954
668.087,-0.013992459054467467
668.126,-0.013427542764038075
668.165,-0.02569597807015455
668.204,0.028015947660589964
668.243,-0.019788863971794413
668.282,-0.01819455727959003
668.321,0.02337396291364175
668.36,0.007184793002990056
668.399,0.03346130325681565
668.438,-0.028645730312065534
668.476,0.0009517259725593061
668.515,-0.021568225855634414
668.554,-0.03169382208863458
668.593,-0.05211899930419497
668.632,-0.016866535628007676
668.671,-0.029609866373639722
668.71,-0.006599318206605201
668.749,0.012191505963146568
668.788,0.003842408051417501
668.827,-0.007227037073631169
668.866,0.03476340087691661
668.904,0.006484260347037781
668.943,-0.03421154725216083
668.982,-0.020367733601867867
669.021,0.0140813711609247
669.06,0.028571987929952372
669.099,0.012399764003098718
669.138,-0.003512141964120207
669.177,-0.028773453634577586
669.216,0.002621541627202826
669.255,0.0018931410685818044
669.294,-0.022765804733715627
669.333,0.01822789963793605
669.371,0.03550415877072918
669.41,-0.02726038223654038
669.449,-0.04045894871604623
669.488,0.006241899011358427
669.527,0.01698736370985084
669.566,0.021234441159586188
669.605,-0.011361253146232547
669.644,0.016145125987327008
669.683,-0.013656151289877943
669.722,-0.020181422286800005
669.76,-0.03351577606368465
669.799,0.006520921862057429
669.838,-0.014006835352162293
669.877,0.03892807331281059
669.916,-0.010833111994092863
669.955,0.012455832108670874
669.994,0.015118634984853517
670.033,-0.019731085305114436
670.072,-0.0164258001748095
670.111,-0.036400914925201554
670.15,0.030949572136581213
670.189,0.00969215703398091
670.227,0.04309937383902862
670.266,-0.0070223870619273675
670.305,0.004475926346468737
670.344,0.0004646921503307025
670.383,0.020860349725360498
670.422,0.0027201356557909773
670.461,-0.0062874666918104494
670.5,-0.01793529404482996
670.539,0.019059923924431586
670.578,-0.01065384915977909
670.617,0.0026815298290875666
670.656,0.022808715862058175
670.694,0.011146877337732227
670.733,-0.009299074754496867
670.772,-0.002739895582133547
670.811,0.0002524014535717112
670.85,-0.017863011222977104
670.889,0.02148114398478615
670.928,-0.01865209975778474
670.967,-0.011760467423345859
671.006,-0.03134345356422756
671.045,0.02621700382703992
671.084,0.02720122652300728
671.122,0.0432579029281476
671.161,0.003441997626367244
671.2,-0.024376354945355085
671.239,-0.006806863333157812
671.278,0.00637725807347219
671.317,0.009475487467135446
671.356,-0.024466273108998224
671.395,0.014477177479450263
671.434,-0.024266834674099513
671.473,-0.031062887480109797
671.512,0.010742174785987225
671.55,0.00598836824337182
671.589,0.006663253320705626
671.628,0.007672755242657518
671.667,0.012196085056479853
671.706,-0.004023722650869134
671.745,0.004446116466483574
671.784,-0.022487815570736657
671.823,0.0036959662828956554
671.862,-0.013151338481372303
671.901,-0.0027642604595967697
671.94,-0.02083062562088473
671.979,-0.003383858543385847
672.017,0.025397253465504976
672.056,-0.034757574263165315
672.095,-0.0036974619090966855
672.134,-0.004725776481615564
672.173,0.005432971535195013
672.212,0.01831561818900613
672.251,-0.03286030674270382
672.29,0.00252383720768155
672.329,0.011001001855376911
672.368,0.007840920577341991
672.407,-0.025739514164939747
672.445,0.03462921441169822
672.484,-0.0030095262526726074
672.523,0.02005817192384537
672.562,-0.015946721264632518
672.601,-0.0025332441645668268
672.64,-0.00030193037200721556
672.679,0.029475166772038857
672.718,-0.0019936143247089653
672.757,-0.015489660538977833
672.796,-0.018729187003227222
672.835,-0.0019709988322987957
672.874,-0.0011230829908358796
672.912,-0.013656283685288591
672.951,-0.0011950385787197378
672.99,-0.0075280355403680825
673.029,-0.0023580756283147616
673.068,-0.006109333088204043
673.107,0.004764150472035288
673.146,0.006682606625222406
673.185,-0.007596113569572594
673.224,0.029004385478531784
673.263,0.03457098917927916
673.302,0.02252743822243233
673.34,-0.016566396179676104
673.379,-0.006355686857668911
673.418,-0.003082708313928953
673.457,-0.002200417926184461
673.496,0.025302606308847828
673.535,0.011455246347993397
673.574,0.011559883683310797
673.613,-0.02030588277764274
673.652,0.001388305765868365
673.691,0.01691522749638004
673.73,-0.02280048587083254
673.768,-0.0009275338789196531
673.807,-0.010523465821618908
673.846,0.03711817843976678
673.885,-0.014216848640949718
673.924,0.016616344084789528
673.963,0.008024994261337537
674.002,0.005070709010871975
674.041,0.008481661740425283
674.08,-0.019341259410233652
674.119,-0.020043514538631013
674.158,0.026128782230097396
674.197,0.011491394922061627
674.235,-0.011315191477764283
674.274,0.02805017101142814
674.313,-0.0012682122261052523
674.352,-0.00695513084135539
674.391,-0.03678940349317532
674.43,-0.01481129407761374
674.469,-0.012105442159362871
674.508,-0.0245602847175556
674.547,0.010930313025691266
674.586,0.03267489641941758
674.625,-0.019655896916896433
674.664,0.0006448493621855674
674.702,0.010702826841168566
674.741,-0.00210032214982255
674.78,0.010389869987280876
674.819,-0.017259341008006877
674.858,-0.026564591135676115
674.897,-0.016336684628515216
674.936,0.016119819035078232
674.975,-0.019794058577810456
675.014,0.03486301506531142
675.053,-0.005859816260261932
675.092,-0.019782173211442603
675.13,0.012113022344423175
675.169,0.009703325359910173
675.208,-0.01920209400889731
675.247,0.018914016645997452
675.286,-0.012891931237827205
675.325,0.007254843263045091
675.364,-0.001318918354067543
675.403,0.05960412081075804
675.442,-0.021280762320212313
675.481,0.019039273510420795
675.52,-0.030075729018781826
675.558,0.02585002563742419
675.597,-0.013216948504989173
675.636,-0.006683102610508319
675.675,0.0005639108117928087
675.714,0.018090208968682183
675.753,-0.0032665802416683644
675.792,-0.026688586104133966
675.831,-0.008768424082075255
675.87,-0.005844213300015365
675.909,0.010615470913159515
675.948,-0.008896311008927326
675.987,0.016334597087477334
676.025,0.02003652678643416
676.064,-0.006469756441012622
676.103,-0.013147659507191848
676.142,-0.023811589314167707
676.181,0.0034438700567035957
676.22,0.0035336142302205033
676.259,-0.000674031544151436
676.298,0.0042349136861370654
676.337,-0.03095948618232336
676.376,0.033080722409726794
676.415,-0.019474449782447452
676.453,0.0059545077209930495
676.492,-0.018989724256707634
676.531,0.012029733600326392
676.57,-0.01785801353759526
676.609,-0.01289533119820082
676.648,0.011421543833515749
676.687,-0.01983541100807452
676.726,0.008649084925848633
676.765,-0.01593736572260949
676.804,-0.01402524351339832
676.843,0.008506381756519464
676.881,-0.01783251692279932
676.92,-0.019380765046842944
676.959,0.019912020176294346
676.998,-0.026799003488322145
677.037,-0.013663387923626681
677.076,0.006613556422833557
677.115,-0.011782324725907132
677.154,-0.00867759579779675
677.193,0.009462580261471657
677.232,0.0024503386063380334
677.271,0.0056309547779929865
677.31,0.01653314128434192
677.348,-0.0033765967236568197
677.387,-0.001463006513930415
677.426,0.0017228248232684104
677.465,-0.00552323042057043
677.504,-0.004491701974501069
677.543,0.020202887421670576
677.582,0.006041570719543319
677.621,0.029175595770131183
677.66,0.03843624922926362
677.699,0.007082076278281733
677.738,0.017009485459177284
677.776,-0.0010509536916296497
677.815,-0.0007215910727889352
677.854,-0.017352820850141913
677.893,-0.0007317350419845025
677.932,0.011618628723319126
677.971,0.015607486812553847
678.01,-0.011569214732397273
678.049,0.005690143061426881
678.088,0.006213701111063754
678.127,0.06324721296810593
678.166,-0.010971033692910949
678.205,0.0005805417769481499
678.243,0.012764363151649569
678.282,0.019361891195683788
678.321,0.03367824231641717
678.36,0.004383645929401797
678.399,0.028706685662120653
678.438,-0.01663593259459866
678.477,-0.027624482034667462
678.516,-0.0271282902728189
678.555,0.0012042254067183046
678.594,-0.02736296546040551
678.633,-0.025246435015930324
678.671,-0.005952470267558753
678.71,-0.011455148252551419
678.749,-0.017819766348628432
678.788,-0.003356142618005665
678.827,-0.012095852741401986
678.866,0.010289185888458584
678.905,-0.003962240144990041
678.944,0.044734832203539965
678.983,-0.00778966545559567
679.022,-0.022936711878100702
679.061,-0.014455701522627049
679.099,-0.00537915847932847
679.138,-0.0048178739832206545
679.177,0.007226211272543559
679.216,-0.00423600441419631
679.255,0.032326391068437266
679.294,-0.016976316769294668
679.333,0.00790561966252892
679.372,0.011877718154608728
679.411,-0.011176982264767345
679.45,-0.008890102052302281
679.489,-0.029635671988481598
679.528,-0.02935433206168472
679.566,-0.016006028993805446
679.605,0.06079931740819848
679.644,0.006872939167087266
679.683,-0.011085781073669969
679.722,0.019170146904505986
679.761,-0.013733815536320882
679.8,-0.012584206314350144
679.839,-0.012691623991244055
679.878,-0.01566147102546657
679.917,0.00030561025251468494
679.956,0.00344431164179113
679.995,-0.009809415193678455
680.033,-0.010919459822131657
680.072,-0.04050844243040096
680.111,-0.0227101181218871
680.15,-0.03163862063709979
680.189,0.006892711455061623
680.228,0.00470890045792233
680.267,0.001656755774279841
680.306,-0.011917089024372161
680.345,-0.0068101979566647566
680.384,0.03416921730251501
680.423,0.0003229502167814355
680.461,0.014116024942295136
680.5,0.034016458537102674
680.539,0.019869842011006132
680.578,0.003167173525984477
680.617,0.015804826525170543
680.656,0.008824239270199341
680.695,-0.010834494587167414
680.734,0.020161133096485387
680.773,-0.019933636137767285
680.812,0.004125358034480648
680.851,0.0007213586227523012
680.889,-0.019004899580936065
680.928,-0.008026795809889022
680.967,-0.04526153930752877
681.006,0.024377561815604736
681.045,-0.00661871608217475
681.084,-0.034176331414331775
681.123,0.013883368295840574
681.162,-0.016219719969031137
681.201,0.025894737691226608
681.24,-0.007835607660009972
681.279,0.005087618874752824
681.318,0.00798922327012339
681.356,-0.010284610352133534
681.395,0.014674477727084781
681.434,-0.000996083679817546
681.473,-0.0038921204659390285
681.512,0.01815576896644372
681.551,0.028629006434687063
681.59,-0.023316389808698712
681.629,0.024922020070875194
681.668,-0.01152774024950097
681.707,-0.01192336006779455
681.746,-0.019280478395923388
681.784,-0.008365577193907988
681.823,0.002405867639105032
681.862,0.001891027492384542
681.901,-0.03098534783447559
681.94,0.0067713552558390355
681.979,0.00392215483479351
682.018,-0.015122649509805963
682.057,-0.00034876199151700864
682.096,-0.005191132350043542
682.135,-0.0041662828064240685
682.174,-0.022744146851062415
682.213,-0.007497262641352665
682.251,-0.00764469398233625
682.29,-0.007583967063696125
682.329,-0.013139250951806285
682.368,-0.0062208199326655765
682.407,-0.01586457404817911
682.446,-0.010453780118743611
682.485,0.027079874137028434
682.524,-0.03297025115185422
682.563,0.003940141634092956
682.602,-0.003477290853015581
682.641,-0.000619536685265875
682.679,0.02808875334212374
682.718,0.006649579325235197
682.757,-0.013772863829135357
682.796,-0.033568949067582
682.835,-0.0239954451726081
682.874,0.038884747308474264
682.913,0.01853209766899388
682.952,-0.01003238170933733
682.991,0.018510085424931023
683.03,-0.006161593580233094
683.069,-0.02489012084542775
683.107,0.01948922108278815
683.146,0.019548279864005036
683.185,-0.003544911169459387
683.224,0.005596592315592454
683.263,0.013118401361041105
683.302,0.018385319042828245
683.341,0.0008780171998237548
683.38,0.009355864633092794
683.419,0.026541206849998222
683.458,0.008843249766343722
683.497,0.001148327103239821
683.536,-0.01995101686360505
683.574,-0.0017797926339402003
683.613,-0.032210567002020324
683.652,-0.03760426954641744
683.691,-0.02711686582042877
683.73,0.005436834704214488
683.769,-0.009808757805434689
683.808,0.01752528393595657
683.847,0.03295583577462241
683.886,-0.02618260876884149
683.925,0.011830134716836901
683.964,0.007219325460251384
684.002,-0.024625125303005327
684.041,-0.021983137679933692
684.08,-0.01757667167423686
684.119,0.0237980126642772
684.158,-0.0034281837106795838
684.197,-0.03424086915894455
684.236,0.03362176872918779
684.275,0.022858882723333994
684.314,0.03623387054996562
684.353,0.022862982186472168
684.392,0.023012522444161104
684.43,-0.014482928621174285
684.469,-0.005290216515246349
684.508,0.015940046234276313
684.547,0.021515728363462144
684.586,0.006853364416728477
684.625,-0.0284278036093951
684.664,-0.017465681878975757
684.703,0.012512356193228638
684.742,0.022549478795058718
684.781,-0.017538753079963082
684.82,0.005735830754915799
684.859,-0.005315252417953333
684.897,-0.021223797088984184
684.936,-0.02520840377301258
684.975,-0.05415897410063382
685.014,-0.007699929133586887
685.053,0.01737603447379816
685.092,-0.01677328841879913
685.131,0.021007974332170602
685.17,0.02481581806198943
685.209,-0.033304333666930815
685.248,0.03422654119465026
685.287,-0.012829360875545108
685.326,-0.006852704666533036
685.364,-0.020249058927383403
685.403,-0.007807557189685774
685.442,0.015245020443370012
685.481,0.01648635844147331
685.52,0.028966858986895147
685.559,-0.02252726138195433
685.598,0.03094900869243627
685.637,0.0011359534377707887
685.676,0.019465750160109027
685.715,-0.02100987361944497
685.754,0.003200827233393518
685.792,-0.00041666070733104347
685.831,-0.008579292874567549
685.87,0.0019084283047026609
685.909,-0.006310017396734758
685.948,0.01939795114579163
685.987,0.04461934212880417
686.026,0.027879205590505732
686.065,-0.007068689163760967
686.104,-0.015654180193178643
686.143,-0.040270172932399734
686.182,0.017595222564606487
686.22,-0.008012227492848176
686.259,0.0219866637744479
686.298,0.011444289525952264
686.337,-0.02412543328479378
686.376,0.00290505515277015
686.415,0.009003979333738227
686.454,0.003669562831278968
686.493,-0.006913409855586721
686.532,-0.020491746724711463
686.571,0.02632895590483252
686.61,0.0032336839426602548
686.648,0.0062240556322570055
686.687,0.007671652062411652
686.726,0.006093648945630716
686.765,0.05963771428187685
686.804,-0.013962814376147561
686.843,-0.008104496210977913
686.882,0.012737196057258503
686.921,-0.02394373643806005
686.96,0.016732456188369122
686.999,0.03692781100948432
687.038,-0.023801328808840554
687.077,0.0424060447239725
687.115,-0.00950224857083732
687.154,0.011333964987422932
687.193,-0.012076340964256922
687.232,-0.0030993122430044828
687.271,-0.0014929630308463846
687.31,0.022465001121330073
687.349,-0.014128052242188101
687.388,0.007506957233411861
687.427,0.009335527473721418
687.466,-0.015572379376763078
687.505,0.023641020307895503
687.544,0.010319293594126127
687.582,-0.015400844435823423
687.621,0.004614712771222426
687.66,-0.010104583708212026
687.699,0.016686716025667354
687.738,-0.011449490235119283
687.777,0.000829184093813447
687.816,-0.028696148347193445
687.855,-0.025873653584611685
687.894,0.01341833310500485
687.933,-0.0007913932219818023
687.972,-0.01649977941000042
688.01,-0.008129768409963021
688.049,0.0075637876846163165
688.088,0.030228424408297552
688.127,0.014155537046233704
688.166,-0.001396011359231274
688.205,0.00692057782300331
688.244,0.013519350936015454
688.283,-0.012905054572742184
688.322,0.021542480619429774
688.361,0.007858366559780061
688.4,0.011786537517446535
688.438,0.020228741149760757
688.477,-0.03177850655339039
688.516,-0.0013140057285879188
688.555,0.018424288832314485
688.594,-0.004732403917128421
688.633,0.010383744583275274
688.672,0.010041660140279804
688.711,-0.034043739844546006
688.75,0.007836890660617013
688.789,-0.008068473674821065
688.828,0.00927287349484772
688.867,0.03443911865727944
688.905,0.001379347946357531
688.944,-0.004766277946542241
688.983,-0.044914591114207925
689.022,0.0006337606834720833
689.061,0.005044519642365175
689.1,-0.022495167688496128
689.139,-0.003974902668442027
689.178,0.0014514074709245754
689.217,0.006225038228587651
689.256,-0.017780180628974546
689.295,0.017729181143205184
689.333,0.030258871155703422
689.372,-0.02962863561116056
689.411,-0.0007827643467490991
689.45,0.012210901414131753
689.489,0.02614836587766831
689.528,0.00220028956654145
689.567,-0.029389242087214263
689.606,0.0005564999165241962
689.645,0.03870768014760381
689.684,-0.014905090098052841
689.723,0.0048482260387896735
689.761,0.022922583944212205
689.8,-0.013514800168663431
689.839,-0.014949627613649714
689.878,0.002212137068778719
689.917,-0.01488068358841221
689.956,-0.03231535214401902
689.995,-0.017282995584937115
690.034,-0.018633674091562632
690.073,-0.004592650090945774
690.112,-0.006434011120973905
690.151,-0.038790036253934235
690.19,-0.023977958408391543
690.228,0.004873473488809801
690.267,0.026631391912295955
690.306,-0.013492825509854941
690.345,-0.033586948715985804
690.384,0.04085864765846097
690.423,0.0022600582639965773
690.462,-0.002131310835120243
690.501,-0.029669839230823968
690.54,-0.022464484078859218
690.579,-0.0132423891167846
690.618,-0.029505666165921728
690.656,0.009443000704127494
690.695,-0.006250137779257073
690.734,0.01971512484159515
690.773,0.012930349564340434
690.812,-0.040950974036300644
690.851,0.01123171369252964
690.89,-0.014177077350764768
690.929,0.013894555636144832
690.968,0.003663716232118192
691.007,-0.023070937814440452
691.046,0.024702449477311424
691.085,0.01350565906353536
691.123,-0.014173632974359328
691.162,-0.010076609472572162
691.201,-0.008673894136333182
691.24,0.012244608141944249
691.279,-0.022254156727625506
691.318,0.0075035822994038125
691.357,0.043238933152262904
691.396,-0.03173020782666616
691.435,-0.00585633269645458
691.474,-0.01099623941488105
691.513,0.03203269903955166
691.551,0.02605561129191411
691.59,0.025592567708398944
691.629,0.006371110251635722
691.668,0.036449303944570126
691.707,0.032152466526894324
691.746,-0.04970172994063594
691.785,-0.01985204320722111
691.824,-0.04310544045892002
691.863,0.008481959757754258
691.902,-0.013287025735770047
691.941,-0.014221285897219374
691.979,-0.009868260406765602
692.018,0.02344809508176135
692.057,0.027400230251740005
692.096,-0.007747694223875595
692.135,0.014657791224365214
692.174,0.009974029485056171
692.213,0.010480117966810611
692.252,0.007574697347822547
692.291,0.0038257073900573955
692.33,-0.05714931455010179
692.369,0.03936948553507025
692.408,0.003923647196435529
692.446,0.033501440693799144
692.485,-0.013354011000664263
692.524,-0.010365624988349639
692.563,-0.0035718439294499006
692.602,-0.008392724847550945
692.641,0.01024871531531491
692.68,-0.0061996356913595506
692.719,-0.05228129828895181
692.758,-0.0038015335538118308
692.797,-0.035866333894842596
692.836,0.013429428331311414
692.875,0.005188009032737386
692.913,0.013610736537656034
692.952,0.00627696488044311
692.991,-0.01857408285642748
693.03,0.013146316697814707
693.069,0.02743341777170706
693.108,0.0324391461702344
693.147,-0.0029564265343154945
693.186,0.006889689564676478
693.225,-0.013835286122930028
693.264,-0.02503414748834337
693.303,0.004057096611000034
693.341,0.04520259029258812
693.38,0.015587561967215549
693.419,0.0006400212219163856
693.458,-0.014868164763457162
693.497,-0.0013234350192967129
693.536,-0.00470940316173503
693.575,0.02365119969764129
693.614,0.008879204083211618
693.653,0.029498704614018212
693.692,-0.021426216316232517
693.731,-0.011923956865999908
693.769,-0.0077374330089482685
693.808,-0.0013243662107301872
693.847,0.0014479723876373966
693.886,-0.0210925151213664
693.925,0.013398329908902357
693.964,0.007669814933279402
694.003,0.018772659582483354
694.042,-0.027035833031386434
694.081,-0.02516941085425182
694.12,-0.029157995381878982
694.159,-0.046132883148588225
694.198,-0.021440604260765148
694.236,0.01391132046351692
694.275,0.02459243539643515
694.314,-0.0022147391834611754
694.353,-0.0026829857835205494
694.392,0.00842786294131558
694.431,-0.015313406288644686
694.47,0.015142830693149414
694.509,0.025850833529722263
694.548,-0.04182876347513219
694.587,0.0022880011581022154
694.626,0.01523651977257753
694.664,0.08241680498203
694.703,-0.016040239017463445
694.742,-0.04541642382357272
694.781,-0.006732674924990193
694.82,-0.008279597855130178
694.859,-0.04249028715627852
694.898,0.006709057866033828
694.937,0.00674889325000239
694.976,-0.0057691491628936616
695.015,-0.007028567651574184
695.054,0.018411324492568742
695.093,0.010878305430832867
695.131,-0.03919690126500708
695.17,-0.01258054994724114
695.209,-0.037935043557194244
695.248,0.0007179377686169462
695.287,0.01850484585409468
695.326,0.020459025693408787
695.365,0.0157124821681451
695.404,0.015092416536479704
695.443,0.0028719967060755287
695.482,0.03402688172782481
695.521,0.006241716258373536
695.559,0.012321212641653883
695.598,0.0051336959332722865
695.637,-0.0030859198703379305
695.676,0.033988277713748585
695.715,0.021147801643789682
695.754,0.0067984160669930585
695.793,0.011604999143203641
695.832,0.0038560290265465084
695.871,0.034645916070088774
695.91,0.02915039418417497
695.949,0.008878201440062208
695.987,-0.035991212619924995
696.026,-0.015980090658707962
696.065,0.022813232373181204
696.104,0.014002452862635701
696.143,-0.023721464350526494
696.182,0.0033829993047494716
696.221,-0.004362165336789896
696.26,-0.001757726910956674
696.299,-0.021970989839655314
696.338,-0.014635620004625347
696.377,0.041848706496812646
696.416,0.004674825704305021
696.454,0.01676447898345592
696.493,-0.023454123186346036
696.532,-0.02108581679498188
696.571,-0.032014086615201054
696.61,0.018158904535775164
696.649,0.015517031109504668
696.688,-0.03310704717737715
696.727,-0.016214666132958983
696.766,-0.01035496561166311
696.805,0.01836187434832145
696.844,-0.01762478471575377
696.882,0.011153749201502455
696.921,-0.011254533851414464
696.96,-0.004199424833020883
696.999,0.023909442203618292
697.038,-0.053738490576205604
697.077,0.003590012283527207
697.116,0.005473294737712069
697.155,0.0016345689548814667
697.194,-0.01032831334199905
697.233,-0.01724105853846907
697.272,-0.00733651786171248
697.31,-0.05225421633654347
697.349,-0.01021128717401535
697.388,-0.023023917036950666
697.427,-0.008717401877512205
697.466,-0.022383401535721947
697.505,-0.012585581425796126
697.544,0.011248885862297723
697.583,0.0037375302766291603
697.622,-0.0029524890861830416
697.661,-0.06071711618483813
697.7,-0.01744510631672225
697.739,0.014952438947601173
697.777,-0.015969617994995054
697.816,-0.006930591327829135
697.855,0.022534638263506563
697.894,0.03954038457404402
697.933,0.019241713588649532
697.972,0.021563442232974954
698.011,0.020255500515475276
698.05,0.01926833573045587
698.089,-0.0034892680099984476
698.128,0.02745192474116674
698.167,0.045701765193462605
698.206,-0.03265236398726978
698.244,-0.01630058491434707
698.283,-0.0008360282761082482
698.322,0.0030636376457807432
698.361,-0.004306035213077146
698.4,0.0019781966204233175
698.439,0.04271103154800738
698.478,-0.01850988234160669
698.517,0.019700478133852076
698.556,-0.0344152036635095
698.595,-5.93508876475992e-05
698.634,0.002512094219155714
698.672,-0.03480681662029168
698.711,0.022898999662535367
698.75,-0.032298208896260255
698.789,-0.005248771944092601
698.828,-0.004878273696044277
698.867,0.001132040549402389
698.906,0.016898004124864575
698.945,0.009217317024783556
698.984,-0.02333984151821619
699.023,0.026846906834597246
699.062,-0.0006813212472932288
699.1,-0.011187166810557515
699.139,0.02105225777605535
699.178,0.0022232369914918135
699.217,-0.014781823894632388
699.256,0.0032020088941609273
699.295,0.007483084369039922
699.334,-0.011147646437287119
699.373,0.008260693227104942
699.412,-0.00027079509922298996
699.451,0.008351011018532356
699.49,-0.03093756285723582
699.529,-0.012366632362651668
699.567,-0.023650480963422572
699.606,0.02238346240558417
699.645,0.005295239480178706
699.684,-0.016289071767964805
699.723,0.0010893715582691206
699.762,-0.007204792300150951
699.801,0.003801029891231947
699.84,-0.03173029079497191
699.879,-0.03413392498639597
699.918,-0.010145460759398333
699.957,0.012125967765299341
699.995,0.036345912201669814
700.034,0.003750015386532791
700.073,0.0024181395126404164
700.112,-0.0036411145808004954
700.151,-0.010290629071607498
700.19,0.013209984863279782
700.229,-0.031933365266688864
700.268,-0.003174184477713833
700.307,-0.022024567525397908
700.346,0.014039195580686309
700.385,-0.019633728686246802
700.424,-0.004335184159493001
700.462,-0.010005911418967872
700.501,-0.020899982160536
700.54,-0.012998890522685264
700.579,0.016556902862332846
700.618,-0.004423137726068213
700.657,0.029166841989655502
700.696,-0.0037912904704604216
700.735,-0.011103633319579254
700.774,-0.007283413080346536
700.813,-0.010723512633926097
700.852,0.028430008376220277
700.89,0.0186519128073041
700.929,-0.003566788584326814
700.968,0.00443247530729742
701.007,-0.02380040616339316
701.046,-0.02610718390924529
701.085,-0.021861106507239762
701.124,-0.006011250081290489
701.163,0.002774839098113357
701.202,-0.011008684959029623
701.241,0.025866860017092708
701.28,-0.02809888209664382
701.318,0.013953387022937663
701.357,0.014586412257833886
701.396,0.005591703126795477
701.435,-0.0030180267141727314
701.474,0.009682068306477302
701.513,-0.013992635892789693
701.552,0.022533347052900297
701.591,0.018176141769447828
701.63,0.011549913536291468
701.669,0.02250970039597641
701.708,0.01793571440997428
701.747,0.01201994724565822
701.785,-0.027120631646338763
701.824,0.009262863138150593
701.863,-0.03999026916866567
701.902,0.021203013458853375
701.941,0.025378568441758967
701.98,0.02195212292448854
702.019,-0.04239772266409041
702.058,-0.026089403042454953
702.097,-0.0024929321549406035
702.136,-0.009701454005100288
702.175,0.04589007920706195
702.213,0.008850996875699294
702.252,-0.040287164193635226
702.291,-0.008444156210123462
702.33,0.018406337855774193
702.369,0.011030374124771434
702.408,0.014866014764967196
702.447,-0.01678783292845238
702.486,0.022055442114840562
702.525,-0.008352798688274671
702.564,0.03217021042551378
702.603,0.03412201583144078
702.641,0.0035069611647860505
702.68,-0.01921624570255201
702.719,0.03019188659725756
702.758,-0.02251779822734716
702.797,0.009891523388237344
702.836,0.030706886131054604
702.875,-0.014695669375192622
702.914,-0.004904005939824628
702.953,0.014358986274170751
702.992,-0.04280564535584245
703.031,0.0067618500805943175
703.07,-0.01721473684114916
703.108,0.03248660834917159
703.147,0.006393571409197361
703.186,-0.03235645763532369
703.225,0.04281451604166297
703.264,0.00970167681609288
703.303,-0.0022853034029498703
703.342,0.007670336385125682
703.381,0.0023569501026915567
703.42,-0.03153555335098151
703.459,0.0041176514904370486
703.498,-0.02982119101446252
703.536,0.00021173891954864063
703.575,0.01980646456909423
703.614,-0.02102368208082956
703.653,-0.007860275802314699
703.692,-0.008929793201041602
703.731,-0.032326052313709344
703.77,-0.016416135267219904
703.809,0.012923320677049502
703.848,0.03920172796910578
703.887,-0.02756727184478486
703.926,0.014204454065063609
703.965,-0.005955995915276463
704.003,-0.015397535470113466
704.042,-0.00963994624484934
704.081,0.001953942533876365
704.12,0.04588624733113596
704.159,0.004946767358171932
704.198,-0.02634659322907286
704.237,0.0021198240559898197
704.276,-0.01298449718880416
704.315,-0.006833422165119429
704.354,-0.001872441433857376
704.393,0.0033646854982701505
704.431,0.029172862612242632
704.47,0.01663062934743636
704.509,-0.005992261790630639
704.548,0.013520508646379149
704.587,-0.02183259027609614
704.626,-0.0015113636874128427
704.665,-0.007214331890916019
704.704,-0.0023318284998857233
704.743,-0.0063729125633806795
704.782,-0.0033876388954345734
704.821,0.018271055179738156
704.859,-0.01231909216842038
704.898,0.024751892286569883
704.937,0.016561662192141332
704.976,0.028853841136436294
705.015,0.0073534131690290395
705.054,-0.005300767985197723
705.093,0.0011544594424883299
705.132,-0.012325665843314865
705.171,-0.019505210451180977
705.21,-0.01136468533016033
705.249,-0.0017555870612449894
705.288,-0.023606048507237912
705.326,-0.015600469891224794
705.365,0.008990121500355658
705.404,0.0031967441826336353
705.443,0.017707034391992105
705.482,0.020376578244727085
705.521,0.031049861551950608
705.56,-0.005187736853064239
705.599,0.00946511736170903
705.638,-0.020460681334301924
705.677,-0.019293620720304636
705.716,-0.0310569700096291
705.755,-0.024556329271684347
705.793,0.06166364531548223
705.832,0.013498874854541716
705.871,0.006394946792932681
705.91,0.011045695856826847
705.949,0.012424798918773497
705.988,-0.0009755785886284138
706.027,0.046530587342091104
706.066,-0.006174024183869581
706.105,-0.0034577776635030173
706.144,-0.04945789608969933
706.183,0.0029640396118330577
706.221,-0.017959647786395666
706.26,0.011551442669651236
706.299,0.028576903646760157
706.338,-0.0312487398052725
706.377,0.0026750713908426493
706.416,-0.02818635694051676
706.455,-0.004054610350309807
706.494,-0.02933956068966237
706.533,-0.00517761249307694
706.572,0.016134421163275733
706.611,0.011026477563997557
706.649,-0.004332795930920151
706.688,0.0060696247439912445
706.727,0.026050355280411677
706.766,-0.028760526216094512
706.805,0.029534194251183317
706.844,0.015353162074210652
706.883,0.0024160477732606683
706.922,-0.04842685134893926
706.961,0.027269970294612193
707.0,-0.008239599157659651
707.039,0.02785035935448506
707.078,0.024719420795807273
707.116,0.013376792014689453
707.155,-0.004316740511706401
707.194,-0.034321810499736705
707.233,0.013188605004889872
707.272,-0.03075941796109842
707.311,-0.008947239102171867
707.35,0.023800123723238226
707.389,0.0029226375127659777
707.428,-0.01914050811039252
707.467,-0.011265839847363186
707.506,-0.018415395167625945
707.544,0.018739652790580017
707.583,0.007443646527667313
707.622,0.001677845072078835
707.661,0.039213497492979525
707.7,-0.01269939825303513
707.739,0.025646700860637705
707.778,0.00900957865212419
707.817,-0.019556701527595248
707.856,-0.029899242060466846
707.895,0.01602419970017262
707.934,0.012590071623445671
707.972,-0.01788465005898248
708.011,-0.03729027775168507
708.05,0.03658141404948648
708.089,0.017991332103238052
708.128,0.029629947233315624
708.167,-0.01782016101718322
708.206,0.007393884030049787
708.245,0.014078762856429181
708.284,0.009105939846603059
708.323,-0.007634553379656328
708.362,0.011844960809444598
708.401,-0.004159907433531602
708.439,-0.01812608094025621
708.478,0.0012821252996001627
708.517,0.016106713068048964
708.556,0.017317772735929264
708.595,-0.001128975432578401
708.634,0.018853777116984924
708.673,0.0034200429808315036
708.712,-0.011653382276464059
708.751,0.02309755795306456
708.79,-0.017104392874027912
708.829,-0.007671210551847025
708.867,0.001361044070679863
708.906,0.01743512519814008
708.945,-0.003403096361605596
708.984,-0.0465774951487445
709.023,0.010596094891217028
709.062,0.019546172270582373
709.101,0.025109807831521076
709.14,-0.0019775720723372602
709.179,-0.010767382031012624
709.218,0.0057726072858076535
709.257,0.00561030283648058
709.296,-0.021936584269145496
709.334,0.02294382964024157
709.373,0.017228052449161795
709.412,-0.008300140051154781
709.451,0.014108777228606824
709.49,-0.0015097571219248648
709.529,-0.009310404611050661
709.568,0.034065203767803975
709.607,-0.03763641653756104
709.646,0.021284783216470822
709.685,0.017575517971108873
709.724,0.03869055905061098
709.762,-0.016224824090634443
709.801,-0.03463888296121235
709.84,0.0184934348886346
709.879,-0.010994840232890872
709.918,-0.016558623256713846
709.957,-0.02421157931921906
709.996,-0.005520771158308496
710.035,0.04373280171975618
710.074,-0.0027061564418316393
710.113,0.0003494874680837756
710.152,0.003293039532033735
710.19,-0.016009866405989788
710.229,-0.04867967754922683
710.268,-0.028459385677501333
710.307,0.0017978724681359014
710.346,-0.019139000185763994
710.385,-0.0035447582392265867
710.424,-0.018299602104794054
710.463,-0.04522832469820254
710.502,-0.025964729189883642
